Frequency_Hz,Magnitude_dB
10000000.0,-59.29042666892214
14998333.3333,-68.79343198827742
19996666.6667,-63.904847563685585
24995000.0,-67.03330671031053
29993333.3333,-66.6430478490766
34991666.6667,-64.0515231187037
39990000.0,-67.16040344406684
44988333.3333,-70.70782015287503
49986666.6667,-70.01181893579273
54985000.0,-63.97858968278924
59983333.3333,-68.53446033863906
64981666.6667,-66.42399724425474
69980000.0,-66.1204501763014
74978333.3333,-67.33760230656426
79976666.6667,-73.43086371361787
84975000.0,-71.35008774400586
89973333.3333,-67.63557854451466
94971666.6667,-63.15364596751263
99970000.0,-67.4696228501779
104968333.333,-66.70936233605147
109966666.667,-65.64925115472457
114965000.0,-66.6042565767469
119963333.333,-66.6759858798783
124961666.667,-66.24275725035164
129960000.0,-69.07503624959236
134958333.333,-63.974402069901245
139956666.667,-66.3256152039176
144955000.0,-64.36238199089522
149953333.333,-66.24013626721938
154951666.667,-70.44492465723536
159950000.0,-67.37708104660238
164948333.333,-65.43850355689727
169946666.667,-69.06968744119573
174945000.0,-67.03293165056921
179943333.333,-65.01065164661604
184941666.667,-67.0301897501832
189940000.0,-66.72354653715522
194938333.333,-66.81663384664823
199936666.667,-68.97471395449887
204935000.0,-67.65084491189415
209933333.333,-66.03429167023566
214931666.667,-66.64751192291868
219930000.0,-68.85471070150734
224928333.333,-67.29916497055117
229926666.667,-66.22191671643401
234925000.0,-66.81614883080547
239923333.333,-68.94441159880999
244921666.667,-65.53404065947967
249920000.0,-69.10953884551637
254918333.333,-71.17517958971949
259916666.667,-65.46332321518994
264915000.0,-68.96403918177285
269913333.333,-69.14792956929996
274911666.667,-67.65241583877058
279910000.0,-66.65077357870292
284908333.333,-65.22202558572963
289906666.667,-68.76090901036889
294905000.0,-69.10419352467973
299903333.333,-65.39356323917795
304901666.667,-66.86283725426777
309900000.0,-68.47913352154934
314898333.333,-66.88529827099985
319896666.667,-65.09713814089783
324895000.0,-64.17381023312822
329893333.333,-67.77008485321504
334891666.667,-65.1832106447032
339890000.0,-66.35073715492935
344888333.333,-65.72031190604697
349886666.667,-67.84253235161125
354885000.0,-67.16938222971777
359883333.333,-68.61424625823699
364881666.667,-66.54034056204634
369880000.0,-64.99348978511891
374878333.333,-66.34276551649515
379876666.667,-67.30928118616548
384875000.0,-67.80343566265546
389873333.333,-66.85739146415317
394871666.667,-67.37279315371674
399870000.0,-67.73049625227362
404868333.333,-65.54187107954716
409866666.667,-67.39727366625739
414865000.0,-65.84532144934809
419863333.333,-65.1720635009171
424861666.667,-68.17114093357532
429860000.0,-66.80980155935765
434858333.333,-68.20145234074369
439856666.667,-65.86202042436966
444855000.0,-67.33717012942543
449853333.333,-67.11409112965937
454851666.667,-66.36765856818572
459850000.0,-67.08794370191276
464848333.333,-66.08401654381474
469846666.667,-67.42723238358553
474845000.0,-67.2023368846525
479843333.333,-67.44315587433948
484841666.667,-65.48978341092764
489840000.0,-68.13025915989866
494838333.333,-66.56101662395585
499836666.667,-65.5563356856093
504835000.0,-69.79695938257308
509833333.333,-64.95657506811453
514831666.667,-66.25691476775381
519830000.0,-66.0194403978658
524828333.333,-66.54718638705275
529826666.667,-67.84096317096295
534825000.0,-66.83409680874658
539823333.333,-65.5872242483232
544821666.667,-67.17852862939782
549820000.0,-67.33496638876551
554818333.333,-65.94368675401284
559816666.667,-65.0277081389323
564815000.0,-66.89419935275285
569813333.333,-68.46811096605325
574811666.667,-67.56346724229499
579810000.0,-66.22161225222312
584808333.333,-66.18289422082708
589806666.667,-64.17758855287141
594805000.0,-67.01365369449506
599803333.333,-66.94193510034545
604801666.667,-66.92173854786266
609800000.0,-66.5749400517569
614798333.333,-65.680488119298
619796666.667,-65.90820763533856
624795000.0,-66.17384757737882
629793333.333,-65.80641507524598
634791666.667,-66.71286638209357
639790000.0,-66.85698339302473
644788333.333,-66.5979774368324
649786666.667,-66.96963119539214
654785000.0,-67.74569503920456
659783333.333,-66.06744419609157
664781666.667,-65.31048070074795
669780000.0,-64.64596253785102
674778333.333,-65.70183876313325
679776666.667,-66.87248947524932
684775000.0,-66.71620083874855
689773333.333,-65.74480348434453
694771666.667,-66.10362085497486
699770000.0,-66.56852488041108
704768333.333,-66.01679343365652
709766666.667,-68.59110096384917
714765000.0,-66.38474072045891
719763333.333,-68.37336121236484
724761666.667,-66.11160384154509
729760000.0,-66.58465571238334
734758333.333,-66.5077034168156
739756666.667,-66.99567819699764
744755000.0,-67.49796628303753
749753333.333,-65.51108705133605
754751666.667,-65.70561374783533
759750000.0,-65.48196423143098
764748333.333,-66.69089837803615
769746666.667,-66.96723855086708
774745000.0,-65.87604223955351
779743333.333,-65.83463946407873
784741666.667,-66.12725515925337
789740000.0,-64.95173405481762
794738333.333,-66.2151277458941
799736666.667,-66.3200596645557
804735000.0,-66.83225121831549
809733333.333,-66.63462782137205
814731666.667,-67.35508832893377
819730000.0,-66.74229019129919
824728333.333,-65.13364647213666
829726666.667,-67.03457558234113
834725000.0,-66.07229720016778
839723333.333,-66.73800292048568
844721666.667,-66.47487481862065
849720000.0,-67.13077073856908
854718333.333,-66.43834092056971
859716666.667,-66.61237830114517
864715000.0,-67.0517947588234
869713333.333,-65.67671192174068
874711666.667,-66.79859114153902
879710000.0,-66.29830656508881
884708333.333,-67.0774943516825
889706666.667,-66.49839802058924
894705000.0,-66.63002855493963
899703333.333,-67.0138892023146
904701666.667,-66.02626133019307
909700000.0,-66.7157116828303
914698333.333,-66.08498982988132
919696666.667,-66.43315419143326
924695000.0,-66.3031222670659
929693333.333,-66.04826006943406
934691666.667,-66.88178005333798
939690000.0,-65.68372677690677
944688333.333,-65.83579434917225
949686666.667,-66.41244666591626
954685000.0,-65.37831922808454
959683333.333,-65.61593127604601
964681666.667,-65.35510752951913
969680000.0,-65.30710904459465
974678333.333,-66.2476406871085
979676666.667,-66.09500920614389
984675000.0,-67.09648438863293
989673333.333,-65.98705641300585
994671666.667,-66.57121806327551
999670000.0,-66.45322192995862
1004668333.33,-66.28250531101857
1009666666.67,-65.57766958234292
1014665000.0,-66.41187924554745
1019663333.33,-65.75379879010687
1024661666.67,-66.72898989786633
1029660000.0,-67.62726015598798
1034658333.33,-65.75563089412763
1039656666.67,-67.11160867992137
1044655000.0,-66.77197668128531
1049653333.33,-66.687832305652
1054651666.67,-67.61548750102195
1059650000.0,-66.37016187023187
1064648333.33,-66.39777104521309
1069646666.67,-66.32091639194218
1074645000.0,-66.53221082288599
1079643333.33,-66.84038586194137
1084641666.67,-66.76557489860744
1089640000.0,-66.20198593210692
1094638333.33,-66.63638062004355
1099636666.67,-66.40326693118658
1104635000.0,-66.068752326714
1109633333.33,-66.78220863957775
1114631666.67,-67.97984463826013
1119630000.0,-66.81711565166137
1124628333.33,-66.22881629807276
1129626666.67,-66.74679553782336
1134625000.0,-66.73748634068279
1139623333.33,-66.70671134724272
1144621666.67,-67.46141318247157
1149620000.0,-67.92049900323512
1154618333.33,-65.52143197324357
1159616666.67,-66.52803458404867
1164615000.0,-66.86445193928351
1169613333.33,-66.82116812874008
1174611666.67,-66.31240619018061
1179610000.0,-67.40294734582312
1184608333.33,-66.31075084770646
1189606666.67,-68.00708212043715
1194605000.0,-66.66842013220422
1199603333.33,-66.79678003606068
1204601666.67,-67.21938068469493
1209600000.0,-66.69347087141593
1214598333.33,-65.85920369953504
1219596666.67,-66.67972957851634
1224595000.0,-65.93202366424407
1229593333.33,-66.960470809198
1234591666.67,-65.71200809421215
1239590000.0,-67.10377264057085
1244588333.33,-65.22324901935644
1249586666.67,-65.77821808386851
1254585000.0,-65.69289151926161
1259583333.33,-66.55183674101647
1264581666.67,-66.73012121655506
1269580000.0,-66.98032877896692
1274578333.33,-66.69072203978996
1279576666.67,-66.44195366622765
1284575000.0,-66.6579107118673
1289573333.33,-66.60551142787338
1294571666.67,-65.53235272992652
1299570000.0,-67.3421474380067
1304568333.33,-67.23655645977367
1309566666.67,-65.9157308761167
1314565000.0,-67.7621250888322
1319563333.33,-66.86733366917122
1324561666.67,-66.00092660042955
1329560000.0,-66.09882874097272
1334558333.33,-67.21108645820668
1339556666.67,-67.22857162623123
1344555000.0,-66.56192118543122
1349553333.33,-65.61173269698088
1354551666.67,-66.41197973117488
1359550000.0,-65.73722050085055
1364548333.33,-66.64115136621085
1369546666.67,-66.64591944659078
1374545000.0,-66.22518932141749
1379543333.33,-65.4959183663574
1384541666.67,-66.87695092788597
1389540000.0,-66.53800294206854
1394538333.33,-67.01487391404434
1399536666.67,-66.89534070821551
1404535000.0,-68.04206176158594
1409533333.33,-67.03035532811548
1414531666.67,-68.27250402120431
1419530000.0,-66.60328285559903
1424528333.33,-66.11608254398016
1429526666.67,-67.0299925428223
1434525000.0,-66.89942394765407
1439523333.33,-65.93802632110983
1444521666.67,-67.09663029814762
1449520000.0,-67.07193040797097
1454518333.33,-66.63823279185922
1459516666.67,-67.2111252073549
1464515000.0,-66.35479580126432
1469513333.33,-67.05729011949957
1474511666.67,-66.70451223034534
1479510000.0,-65.38654756027067
1484508333.33,-67.17157884476286
1489506666.67,-67.18829355583033
1494505000.0,-65.70793123312163
1499503333.33,-66.39824880400928
1504501666.67,-67.17279348610874
1509500000.0,-66.05852127999975
1514498333.33,-68.45289587646933
1519496666.67,-66.41996290629885
1524495000.0,-66.06575897319787
1529493333.33,-65.70447940887883
1534491666.67,-66.98666567456917
1539490000.0,-66.13408469822835
1544488333.33,-66.48322301381127
1549486666.67,-66.5493085521904
1554485000.0,-66.26144802569335
1559483333.33,-66.56313000951317
1564481666.67,-67.56809288389177
1569480000.0,-66.76873097361872
1574478333.33,-67.26014217161209
1579476666.67,-66.57361417555262
1584475000.0,-67.05837661537322
1589473333.33,-68.53554639819413
1594471666.67,-66.15144114476075
1599470000.0,-68.26000210574433
1604468333.33,-65.67390942098297
1609466666.67,-67.40140808985464
1614465000.0,-68.06273509707509
1619463333.33,-66.41697214650205
1624461666.67,-66.66026495754907
1629460000.0,-66.90152911142219
1634458333.33,-67.16537244521163
1639456666.67,-67.15098787996243
1644455000.0,-66.3776603238339
1649453333.33,-66.22576070166608
1654451666.67,-69.28227951955604
1659450000.0,-68.29565972720134
1664448333.33,-65.91525919511366
1669446666.67,-67.12368172780953
1674445000.0,-67.96293274696643
1679443333.33,-66.80717280436886
1684441666.67,-67.15075158782001
1689440000.0,-66.40602537501465
1694438333.33,-66.1237538855299
1699436666.67,-67.22989129421015
1704435000.0,-66.16671619255698
1709433333.33,-67.63741721112713
1714431666.67,-66.70900957233071
1719430000.0,-67.06731498632051
1724428333.33,-66.45265688444043
1729426666.67,-67.67070938006196
1734425000.0,-67.762792743883
1739423333.33,-67.62717646529941
1744421666.67,-66.86560094911096
1749420000.0,-66.86227365409673
1754418333.33,-65.80280908609024
1759416666.67,-66.07538931089287
1764415000.0,-66.31383585786118
1769413333.33,-66.28631775383454
1774411666.67,-66.3802305006246
1779410000.0,-66.6035757415655
1784408333.33,-67.65015302789402
1789406666.67,-66.68274741368688
1794405000.0,-68.31226936012543
1799403333.33,-67.42333368285261
1804401666.67,-67.77057321003602
1809400000.0,-66.74423760226102
1814398333.33,-67.51365317212345
1819396666.67,-66.20387079418565
1824395000.0,-67.53342291374362
1829393333.33,-68.50054235999893
1834391666.67,-67.41781549732148
1839390000.0,-67.32528118902302
1844388333.33,-67.28016805128598
1849386666.67,-67.07482704053818
1854385000.0,-67.31748598164825
1859383333.33,-66.65213321245164
1864381666.67,-66.29919343900286
1869380000.0,-66.40046129769769
1874378333.33,-66.99400730947526
1879376666.67,-67.79355069527864
1884375000.0,-68.08522814199827
1889373333.33,-68.15461378950329
1894371666.67,-67.5078523236465
1899370000.0,-68.1091321959285
1904368333.33,-67.64525787056078
1909366666.67,-66.11773819118217
1914365000.0,-68.12076173542397
1919363333.33,-68.23627699574415
1924361666.67,-66.49943573420119
1929360000.0,-68.16403809938018
1934358333.33,-68.05639985369952
1939356666.67,-68.12680847733097
1944355000.0,-66.95460857524766
1949353333.33,-67.21391255788203
1954351666.67,-66.41310176002372
1959350000.0,-67.95754242210927
1964348333.33,-67.51916466900946
1969346666.67,-66.2398542934379
1974345000.0,-67.39719132607934
1979343333.33,-66.74386745809014
1984341666.67,-66.68326490800567
1989340000.0,-66.09699367506695
1994338333.33,-67.71546861446976
1999336666.67,-68.06197772707588
2004335000.0,-67.50960529313977
2009333333.33,-66.81881759320504
2014331666.67,-66.58922262132944
2019330000.0,-67.71029610320866
2024328333.33,-67.3322026800723
2029326666.67,-67.11985977536925
2034325000.0,-67.54642738989843
2039323333.33,-67.26285122948444
2044321666.67,-67.58929701913199
2049320000.0,-67.70377428895634
2054318333.33,-67.59468568053228
2059316666.67,-68.26196670257447
2064315000.0,-67.44029221186403
2069313333.33,-67.28413110492964
2074311666.67,-67.05334390673389
2079310000.0,-67.28197789457
2084308333.33,-66.78224026244543
2089306666.67,-66.4107081567521
2094305000.0,-66.66361388278867
2099303333.33,-67.33823712569944
2104301666.67,-66.78672488044216
2109300000.0,-67.17709078510097
2114298333.33,-66.68537351473832
2119296666.67,-67.5355264418444
2124295000.0,-67.62417790330065
2129293333.33,-66.10528381281921
2134291666.67,-66.88908989011651
2139290000.0,-67.46293896603527
2144288333.33,-67.13196048086527
2149286666.67,-66.71566610482617
2154285000.0,-67.9409883297655
2159283333.33,-70.02176912209251
2164281666.67,-66.69428500655184
2169280000.0,-67.40424385300592
2174278333.33,-67.78844023594914
2179276666.67,-67.01551899881801
2184275000.0,-68.59645202922972
2189273333.33,-68.63913895721635
2194271666.67,-67.59026118516117
2199270000.0,-67.21905094928383
2204268333.33,-67.8376968031993
2209266666.67,-68.34331606991726
2214265000.0,-66.29269861791494
2219263333.33,-65.70764874406186
2224261666.67,-66.69955133620599
2229260000.0,-67.97874614004567
2234258333.33,-66.93347161679942
2239256666.67,-66.620138793216
2244255000.0,-68.24691421333134
2249253333.33,-68.59598727086362
2254251666.67,-68.58908570153089
2259250000.0,-68.0213926700714
2264248333.33,-66.54618794391887
2269246666.67,-66.88840808926061
2274245000.0,-66.35369691259983
2279243333.33,-66.68466653724826
2284241666.67,-67.56322573211324
2289240000.0,-67.50207652187211
2294238333.33,-67.45177905181419
2299236666.67,-68.23910034026878
2304235000.0,-66.3579635565754
2309233333.33,-67.31090568225218
2314231666.67,-67.54777809887233
2319230000.0,-67.45046754512694
2324228333.33,-66.67327489052735
2329226666.67,-66.13191401328721
2334225000.0,-67.35834037887219
2339223333.33,-67.36198911312434
2344221666.67,-69.70206580010762
2349220000.0,-67.64095511637979
2354218333.33,-67.214191722359
2359216666.67,-67.010677346732
2364215000.0,-67.66574534860612
2369213333.33,-66.42470364533469
2374211666.67,-66.8246731704548
2379210000.0,-67.18212564956866
2384208333.33,-67.42006528040048
2389206666.67,-66.09485711951143
2394205000.0,-66.5026627634137
2399203333.33,-67.19842937577897
2404201666.67,-69.5922077317458
2409200000.0,-66.7178594531285
2414198333.33,-67.79946415201067
2419196666.67,-66.62050433460325
2424195000.0,-67.734589180055
2429193333.33,-67.16632249172812
2434191666.67,-66.95572500352745
2439190000.0,-67.7225839692726
2444188333.33,-68.10793918586343
2449186666.67,-66.11482322962239
2454185000.0,-68.1090267227926
2459183333.33,-65.05475172805222
2464181666.67,-66.58877269931676
2469180000.0,-67.90690399872146
2474178333.33,-67.71519409541244
2479176666.67,-65.90901411830826
2484175000.0,-67.78504048859651
2489173333.33,-68.06101772948678
2494171666.67,-66.26153102007889
2499170000.0,-65.44306553385454
2504168333.33,-65.60034544286862
2509166666.67,-65.86679541880117
2514165000.0,-66.43201330320332
2519163333.33,-68.59848517175234
2524161666.67,-67.12228100184183
2529160000.0,-68.92373195051908
2534158333.33,-67.22407023009278
2539156666.67,-67.06308000089561
2544155000.0,-67.25747349506432
2549153333.33,-67.64218667754552
2554151666.67,-65.98314609468068
2559150000.0,-67.75721415865141
2564148333.33,-67.76441142333098
2569146666.67,-68.22181845098257
2574145000.0,-67.4256027653152
2579143333.33,-66.6388339627668
2584141666.67,-67.39381487910413
2589140000.0,-66.87604714648086
2594138333.33,-68.29435804897807
2599136666.67,-66.60521348796155
2604135000.0,-66.87215203084249
2609133333.33,-66.83492795814556
2614131666.67,-66.22349696396816
2619130000.0,-66.81463524540644
2624128333.33,-66.80561380793233
2629126666.67,-67.88273895123619
2634125000.0,-68.21026270466342
2639123333.33,-66.57625005854497
2644121666.67,-67.8033989624584
2649120000.0,-66.97171469552897
2654118333.33,-67.4267185714338
2659116666.67,-66.82118876159115
2664115000.0,-68.29245927016791
2669113333.33,-68.71269084712222
2674111666.67,-68.10256914984869
2679110000.0,-67.51904837706135
2684108333.33,-67.75142310178202
2689106666.67,-67.15189077236485
2694105000.0,-67.59059716572438
2699103333.33,-68.14327058706213
2704101666.67,-66.09765448151846
2709100000.0,-66.76610608990586
2714098333.33,-67.1066855139276
2719096666.67,-67.01932025970491
2724095000.0,-66.8074926387483
2729093333.33,-68.1048718357969
2734091666.67,-68.92201718536141
2739090000.0,-68.08412979809856
2744088333.33,-66.5277210578234
2749086666.67,-67.00384243409718
2754085000.0,-66.98834355943252
2759083333.33,-68.48098845499632
2764081666.67,-67.06996328240541
2769080000.0,-67.81249646961679
2774078333.33,-67.26128248873026
2779076666.67,-66.07534392303126
2784075000.0,-66.72950082185095
2789073333.33,-66.861769075868
2794071666.67,-66.5284672810407
2799070000.0,-66.15432105361255
2804068333.33,-66.15483379891897
2809066666.67,-67.918865454235
2814065000.0,-67.36273025059707
2819063333.33,-67.48899953111524
2824061666.67,-66.84874146338787
2829060000.0,-67.13863124585772
2834058333.33,-66.92670371919979
2839056666.67,-67.19979389870325
2844055000.0,-66.15834143240366
2849053333.33,-66.82628640062775
2854051666.67,-66.06728473686498
2859050000.0,-67.9876234707549
2864048333.33,-66.32725285247352
2869046666.67,-66.21354111096534
2874045000.0,-67.09336618175729
2879043333.33,-67.0960249633101
2884041666.67,-65.70322646640291
2889040000.0,-66.48254066888201
2894038333.33,-66.38024804043012
2899036666.67,-66.83837637586996
2904035000.0,-67.62119386837597
2909033333.33,-67.18391067816054
2914031666.67,-67.64147244066491
2919030000.0,-66.46095142450649
2924028333.33,-67.38923601144879
2929026666.67,-67.47124760295637
2934025000.0,-67.1211262973357
2939023333.33,-67.81382667331978
2944021666.67,-68.75023956824393
2949020000.0,-68.60186866433088
2954018333.33,-67.69864057442118
2959016666.67,-67.61597138778389
2964015000.0,-66.72323139389016
2969013333.33,-68.41480230840992
2974011666.67,-67.79837065224619
2979010000.0,-66.6318159366311
2984008333.33,-68.79032735921228
2989006666.67,-67.54757699601268
2994005000.0,-67.34402696774995
2999003333.33,-67.76277091021586
3004001666.67,-67.33019829762054
3009000000.0,-67.99193050536248
3013998333.33,-67.26058379820478
3018996666.67,-67.33377997465337
3023995000.0,-68.44809684989039
3028993333.33,-66.58370977607827
3033991666.67,-67.3128552677135
3038990000.0,-67.70338407245576
3043988333.33,-68.95565753473275
3048986666.67,-67.27927781343682
3053985000.0,-66.77541094921972
3058983333.33,-68.66064733274033
3063981666.67,-66.98274716675016
3068980000.0,-67.30502571720848
3073978333.33,-66.81993692148501
3078976666.67,-66.89947102409005
3083975000.0,-67.76142934127176
3088973333.33,-67.09283089023374
3093971666.67,-67.0030240754308
3098970000.0,-66.97617121790684
3103968333.33,-67.19220080295356
3108966666.67,-66.24175026572979
3113965000.0,-66.84213063257775
3118963333.33,-67.0827651419348
3123961666.67,-66.96143304257853
3128960000.0,-66.30950374155287
3133958333.33,-66.65792358334049
3138956666.67,-66.67278852413637
3143955000.0,-66.92506300600611
3148953333.33,-66.62368051685692
3153951666.67,-67.00267958827497
3158950000.0,-66.58615772411666
3163948333.33,-66.2386698819519
3168946666.67,-68.37445936525022
3173945000.0,-67.30676679648971
3178943333.33,-68.0003703721472
3183941666.67,-66.8302334971778
3188940000.0,-65.77359339484303
3193938333.33,-66.36207722823264
3198936666.67,-66.41980600829557
3203935000.0,-66.77762882554036
3208933333.33,-68.47465589880451
3213931666.67,-65.93377848517648
3218930000.0,-67.6943754326523
3223928333.33,-67.70885102735906
3228926666.67,-68.32109414869531
3233925000.0,-66.78398645896175
3238923333.33,-66.68257609559296
3243921666.67,-67.65048428579264
3248920000.0,-66.08946772187154
3253918333.33,-66.78898399874664
3258916666.67,-67.97727844912701
3263915000.0,-67.49134917490713
3268913333.33,-66.54608803682662
3273911666.67,-66.26853670109318
3278910000.0,-67.83468573021791
3283908333.33,-68.77273720360036
3288906666.67,-66.11176708970035
3293905000.0,-67.32949970696447
3298903333.33,-66.41464920071674
3303901666.67,-67.5154594057773
3308900000.0,-67.52100104929058
3313898333.33,-67.75538974872924
3318896666.67,-67.33905072338749
3323895000.0,-68.44419202570394
3328893333.33,-66.93896733824141
3333891666.67,-67.41271927806208
3338890000.0,-66.55926727425896
3343888333.33,-66.48141436211843
3348886666.67,-66.6402716176545
3353885000.0,-67.79202511559642
3358883333.33,-67.50611472411413
3363881666.67,-67.91786697520229
3368880000.0,-67.43845895832044
3373878333.33,-66.80435132372517
3378876666.67,-66.60345217330593
3383875000.0,-66.15910992516046
3388873333.33,-66.37815634043835
3393871666.67,-66.83030644058051
3398870000.0,-67.43066160233217
3403868333.33,-67.76681930940788
3408866666.67,-67.98030121435623
3413865000.0,-67.2385478056306
3418863333.33,-67.16692908650487
3423861666.67,-66.87009102482267
3428860000.0,-67.11837544779948
3433858333.33,-67.14122327257614
3438856666.67,-67.88986340386012
3443855000.0,-67.64132278960038
3448853333.33,-66.36769362440607
3453851666.67,-65.8948660686695
3458850000.0,-66.63875111966553
3463848333.33,-67.06794192810219
3468846666.67,-66.54965509556733
3473845000.0,-67.36574990487577
3478843333.33,-66.94238212162534
3483841666.67,-66.68005384606414
3488840000.0,-66.32080664163813
3493838333.33,-66.98346859558094
3498836666.67,-66.85800514146837
3503835000.0,-67.77073245751598
3508833333.33,-67.03309633294664
3513831666.67,-67.69027220588467
3518830000.0,-68.19687176396485
3523828333.33,-66.67892290815415
3528826666.67,-68.4258861944242
3533825000.0,-66.45432747102357
3538823333.33,-67.49918594610095
3543821666.67,-66.94808071862005
3548820000.0,-67.55451287836298
3553818333.33,-66.78989273885205
3558816666.67,-66.25398757153734
3563815000.0,-67.84699527361013
3568813333.33,-67.74706264869278
3573811666.67,-67.29453231850368
3578810000.0,-67.5697153622815
3583808333.33,-67.49606795329127
3588806666.67,-67.42421088657564
3593805000.0,-67.24708019054147
3598803333.33,-67.44325666161944
3603801666.67,-66.77222813402184
3608800000.0,-67.10352251413943
3613798333.33,-67.51931951411686
3618796666.67,-65.74116258837714
3623795000.0,-68.36711427003307
3628793333.33,-66.3291300335423
3633791666.67,-67.1303407138345
3638790000.0,-66.33059165349283
3643788333.33,-66.14562532406353
3648786666.67,-66.65523297244383
3653785000.0,-66.46007108043464
3658783333.33,-68.20915262283228
3663781666.67,-67.61398745466569
3668780000.0,-66.86696373280799
3673778333.33,-67.79996363112824
3678776666.67,-66.66680297671616
3683775000.0,-67.48423508658
3688773333.33,-67.46371257529103
3693771666.67,-69.03177848560705
3698770000.0,-67.75470652581708
3703768333.33,-67.1985811104622
3708766666.67,-67.23177856494918
3713765000.0,-68.11367288949388
3718763333.33,-67.39616386558659
3723761666.67,-68.23356384789702
3728760000.0,-68.10243505178377
3733758333.33,-68.85881873719153
3738756666.67,-68.5577517078918
3743755000.0,-66.26305516627058
3748753333.33,-66.5828064986784
3753751666.67,-67.82955189794613
3758750000.0,-69.60192283705815
3763748333.33,-67.37383864138985
3768746666.67,-68.35117914264907
3773745000.0,-67.10758417255444
3778743333.33,-67.53858039771123
3783741666.67,-67.88434892781765
3788740000.0,-68.08169760770087
3793738333.33,-68.656038737857
3798736666.67,-68.66902571461848
3803735000.0,-67.64207881098375
3808733333.33,-68.04705522224396
3813731666.67,-69.01258040167512
3818730000.0,-67.90238029746833
3823728333.33,-67.6789264208051
3828726666.67,-67.38540170756758
3833725000.0,-66.71072269154483
3838723333.33,-68.15726346189099
3843721666.67,-67.38544209259977
3848720000.0,-65.74820659514734
3853718333.33,-68.13101196714788
3858716666.67,-65.6593793912154
3863715000.0,-67.49581182267042
3868713333.33,-68.42658480639187
3873711666.67,-67.00053674474798
3878710000.0,-66.43892593608547
3883708333.33,-66.83910166471576
3888706666.67,-66.01740695123746
3893705000.0,-66.88011719090726
3898703333.33,-66.14863396511535
3903701666.67,-67.24252276559213
3908700000.0,-69.6927461542015
3913698333.33,-67.33076733660755
3918696666.67,-67.28397273644137
3923695000.0,-68.72744167957765
3928693333.33,-66.37920623962135
3933691666.67,-67.25594563239919
3938690000.0,-68.13478205099653
3943688333.33,-68.27742683015465
3948686666.67,-67.67544570522912
3953685000.0,-66.66160701318753
3958683333.33,-67.50012061732313
3963681666.67,-68.27807331137015
3968680000.0,-68.68786064846647
3973678333.33,-67.75965782781736
3978676666.67,-68.45323107745466
3983675000.0,-69.04373834204446
3988673333.33,-68.23354530691668
3993671666.67,-68.4947856897256
3998670000.0,-68.35199712941241
4003668333.33,-68.48959563525158
4008666666.67,-68.52430570063275
4013665000.0,-68.74953881614644
4018663333.33,-68.91887022337716
4023661666.67,-67.74975643462382
4028660000.0,-67.90319896611622
4033658333.33,-68.35234709455167
4038656666.67,-68.69645077116571
4043655000.0,-68.9256418320364
4048653333.33,-68.50885784865557
4053651666.67,-68.60767929274604
4058650000.0,-67.9986036914803
4063648333.33,-67.96003581309166
4068646666.67,-68.87557239109266
4073645000.0,-68.59982834475997
4078643333.33,-68.145304865902
4083641666.67,-67.46840156932153
4088640000.0,-69.17907715705333
4093638333.33,-67.87634506821745
4098636666.67,-68.85847513547412
4103635000.0,-69.02445483302125
4108633333.33,-67.98545844073328
4113631666.67,-68.5830044972746
4118630000.0,-67.20337688685984
4123628333.33,-67.56823864945845
4128626666.67,-67.40122068029667
4133625000.0,-67.43798565365695
4138623333.33,-67.61457167681807
4143621666.67,-68.42797887383438
4148620000.0,-66.79724837340271
4153618333.33,-68.80790719078355
4158616666.67,-67.65911341937327
4163615000.0,-66.67100683527626
4168613333.33,-65.8202323466067
4173611666.67,-68.53837426169133
4178610000.0,-67.91019985073608
4183608333.33,-67.0489549669617
4188606666.67,-66.3870984333175
4193605000.0,-67.34053353442977
4198603333.33,-67.71244013576768
4203601666.67,-67.54334618559608
4208600000.0,-68.03295744036686
4213598333.33,-66.70555380211277
4218596666.67,-67.22175523598659
4223595000.0,-67.85549575393883
4228593333.33,-66.22726895063452
4233591666.67,-67.68756221872829
4238590000.0,-68.79290314892744
4243588333.33,-67.24745150872343
4248586666.67,-68.3742763868872
4253585000.0,-68.46137883127267
4258583333.33,-68.83451467192498
4263581666.67,-67.70496431158858
4268580000.0,-67.6811213130526
4273578333.33,-68.31798962260463
4278576666.67,-67.82068406118742
4283575000.0,-68.10973292512865
4288573333.33,-67.8251743213061
4293571666.67,-67.62595416913828
4298570000.0,-67.24816834200078
4303568333.33,-67.69288513438786
4308566666.67,-66.78384526672497
4313565000.0,-67.03738021910533
4318563333.33,-67.75202040218362
4323561666.67,-68.36082409954878
4328560000.0,-68.1195708438834
4333558333.33,-67.81798107143089
4338556666.67,-68.42527581510078
4343555000.0,-67.3588826343457
4348553333.33,-68.22750809899114
4353551666.67,-67.14988915125838
4358550000.0,-68.00337740342
4363548333.33,-67.10682233579966
4368546666.67,-66.87332916660368
4373545000.0,-69.26890493072491
4378543333.33,-67.61463783945469
4383541666.67,-67.4393882190782
4388540000.0,-67.5135345703028
4393538333.33,-67.49400578995427
4398536666.67,-67.50664762832987
4403535000.0,-68.48492122113925
4408533333.33,-68.92272749711837
4413531666.67,-67.83998527351005
4418530000.0,-67.36497857561594
4423528333.33,-66.76159840576092
4428526666.67,-68.34468266006252
4433525000.0,-68.11757055515889
4438523333.33,-68.37599787318518
4443521666.67,-67.110819845942
4448520000.0,-68.26885902430018
4453518333.33,-68.16392276745279
4458516666.67,-67.9534734337229
4463515000.0,-69.15488022527776
4468513333.33,-68.11161762062285
4473511666.67,-68.66028489996596
4478510000.0,-67.05274474259758
4483508333.33,-67.97526149410601
4488506666.67,-66.82101741164514
4493505000.0,-67.98543167146
4498503333.33,-67.27088021110839
4503501666.67,-67.91643283948731
4508500000.0,-67.26216628469727
4513498333.33,-68.33820744013201
4518496666.67,-69.02336192562979
4523495000.0,-67.42744345100738
4528493333.33,-66.92179164663462
4533491666.67,-68.09463054223147
4538490000.0,-67.15873762649619
4543488333.33,-68.28135064904797
4548486666.67,-66.55976068349665
4553485000.0,-67.9318270053061
4558483333.33,-67.6455493034641
4563481666.67,-67.72099116358292
4568480000.0,-66.69513298679546
4573478333.33,-67.62511202065053
4578476666.67,-68.06909124431117
4583475000.0,-67.00010651677756
4588473333.33,-65.76931463605769
4593471666.67,-67.4648884327877
4598470000.0,-67.19022886744551
4603468333.33,-67.57108036449644
4608466666.67,-67.9251750241011
4613465000.0,-67.94578601750959
4618463333.33,-66.89153033040603
4623461666.67,-68.19514184844233
4628460000.0,-67.02110767174807
4633458333.33,-66.86433301771771
4638456666.67,-67.24569783222839
4643455000.0,-67.63896701800375
4648453333.33,-67.26714725604974
4653451666.67,-67.77827456067992
4658450000.0,-67.87163432668187
4663448333.33,-67.09439538025325
4668446666.67,-68.00616057546824
4673445000.0,-67.47563947375784
4678443333.33,-67.67282674306534
4683441666.67,-67.86474762965868
4688440000.0,-67.54405257909472
4693438333.33,-67.6818228393267
4698436666.67,-67.2252136403282
4703435000.0,-67.74302643084093
4708433333.33,-67.45433912888772
4713431666.67,-67.08540945988845
4718430000.0,-67.39613881366465
4723428333.33,-68.3477589761571
4728426666.67,-67.98610959570192
4733425000.0,-68.09375579726667
4738423333.33,-67.72686897248431
4743421666.67,-67.30354099796119
4748420000.0,-68.88962900176234
4753418333.33,-67.36718042135867
4758416666.67,-67.64459179280365
4763415000.0,-69.05723945827607
4768413333.33,-67.82305607120095
4773411666.67,-66.87248637181553
4778410000.0,-67.93555359332765
4783408333.33,-66.08174157304826
4788406666.67,-67.50762706200618
4793405000.0,-66.85130570797529
4798403333.33,-67.75014446519471
4803401666.67,-67.5943019616287
4808400000.0,-66.39758280259457
4813398333.33,-68.10429451889118
4818396666.67,-67.6942964163678
4823395000.0,-67.72828967170268
4828393333.33,-68.11614978374024
4833391666.67,-65.93470663544964
4838390000.0,-68.53946423656954
4843388333.33,-67.47487335405025
4848386666.67,-67.65501168372319
4853385000.0,-66.74582287547258
4858383333.33,-67.374801867451
4863381666.67,-67.31353427435066
4868380000.0,-67.85410266536678
4873378333.33,-67.62227722897417
4878376666.67,-66.80699160864852
4883375000.0,-66.66018016291207
4888373333.33,-67.41772122248223
4893371666.67,-66.8912956538291
4898370000.0,-67.30151581896655
4903368333.33,-67.13247884415716
4908366666.67,-66.69231082946892
4913365000.0,-66.32041926035829
4918363333.33,-66.36890448439898
4923361666.67,-65.8068516344826
4928360000.0,-66.90793900388765
4933358333.33,-66.33275623308162
4938356666.67,-67.5154631353272
4943355000.0,-66.2100543672577
4948353333.33,-66.26709680591946
4953351666.67,-67.19207190724396
4958350000.0,-66.90168518476965
4963348333.33,-67.38523694031925
4968346666.67,-67.30873835422328
4973345000.0,-67.14045960230015
4978343333.33,-67.32963299017027
4983341666.67,-67.52754720767524
4988340000.0,-67.2508002794367
4993338333.33,-67.24690963805436
4998336666.67,-67.10132835235262
5003335000.0,-68.10795491397913
5008333333.33,-67.1341023353658
5013331666.67,-67.29297834686432
5018330000.0,-66.50567332985413
5023328333.33,-67.57583924360563
5028326666.67,-68.52097400995105
5033325000.0,-66.08716444530324
5038323333.33,-66.80829073708567
5043321666.67,-66.20649069750806
5048320000.0,-67.31039781949359
5053318333.33,-68.02092086858904
5058316666.67,-66.26043786297026
5063315000.0,-67.84771628369896
5068313333.33,-68.03100038508192
5073311666.67,-67.59243037632862
5078310000.0,-68.26856028080289
5083308333.33,-67.2628337913415
5088306666.67,-66.65450767371354
5093305000.0,-67.19541938565139
5098303333.33,-66.98573390257145
5103301666.67,-66.18392125155314
5108300000.0,-66.80606380626755
5113298333.33,-67.14524246974258
5118296666.67,-66.99515241099776
5123295000.0,-67.32013843782924
5128293333.33,-66.54366559533142
5133291666.67,-65.20164036850379
5138290000.0,-65.77472339094436
5143288333.33,-66.85128882686607
5148286666.67,-67.1388000222664
5153285000.0,-66.43978475518777
5158283333.33,-66.43738544618753
5163281666.67,-67.5248352947406
5168280000.0,-66.92176944225463
5173278333.33,-66.53647233168255
5178276666.67,-67.1159598599308
5183275000.0,-67.58683585249558
5188273333.33,-66.64846417742353
5193271666.67,-66.14992596923534
5198270000.0,-66.96948449736965
5203268333.33,-67.32656846145642
5208266666.67,-68.35159471493064
5213265000.0,-67.39577514675817
5218263333.33,-66.73616346816026
5223261666.67,-67.08745902723733
5228260000.0,-66.85321260401834
5233258333.33,-67.00672148473362
5238256666.67,-66.32123018830374
5243255000.0,-66.41715810063731
5248253333.33,-66.91365912477227
5253251666.67,-67.53195896179429
5258250000.0,-68.34642183234376
5263248333.33,-66.97695195505165
5268246666.67,-66.00051521619186
5273245000.0,-66.24861745357416
5278243333.33,-67.34782546126405
5283241666.67,-66.92891413977014
5288240000.0,-67.4407662391589
5293238333.33,-66.64120629267839
5298236666.67,-67.02047971213082
5303235000.0,-67.85824367449753
5308233333.33,-66.15361441483562
5313231666.67,-66.75289369038094
5318230000.0,-66.79470313156907
5323228333.33,-66.62142232455363
5328226666.67,-66.95925243662549
5333225000.0,-66.91557921865568
5338223333.33,-67.41101085370752
5343221666.67,-66.49694778268908
5348220000.0,-66.26786986002665
5353218333.33,-67.26985504027252
5358216666.67,-66.72097279464091
5363215000.0,-67.8535142546813
5368213333.33,-66.7937084205218
5373211666.67,-68.06441199747897
5378210000.0,-65.56996340947225
5383208333.33,-66.14903281287236
5388206666.67,-67.25137348016246
5393205000.0,-67.03123146800957
5398203333.33,-67.56990448211519
5403201666.67,-66.78384555825633
5408200000.0,-66.51525599922051
5413198333.33,-66.66706872949928
5418196666.67,-66.36077821186363
5423195000.0,-66.9881102610106
5428193333.33,-67.68349864250476
5433191666.67,-67.40089495691718
5438190000.0,-67.12479992027126
5443188333.33,-67.38692462713809
5448186666.67,-66.96383407020735
5453185000.0,-67.76739691071273
5458183333.33,-67.58094124302411
5463181666.67,-68.2283984245173
5468180000.0,-67.56695322752387
5473178333.33,-66.24491748016531
5478176666.67,-66.62485915463697
5483175000.0,-67.64956346321947
5488173333.33,-67.15613416720618
5493171666.67,-66.9915314112089
5498170000.0,-66.87895559119038
5503168333.33,-67.49070261217452
5508166666.67,-66.79595710220397
5513165000.0,-67.10743148366801
5518163333.33,-67.54823606049952
5523161666.67,-67.27615803323866
5528160000.0,-67.3789891309527
5533158333.33,-67.3518628465106
5538156666.67,-66.57608626415299
5543155000.0,-66.8636431073609
5548153333.33,-66.76287008448006
5553151666.67,-65.79809772679482
5558150000.0,-67.45181572404499
5563148333.33,-67.74281782956866
5568146666.67,-66.5977310445856
5573145000.0,-68.17489806126632
5578143333.33,-66.28476944459248
5583141666.67,-66.09363185059975
5588140000.0,-67.30328906563939
5593138333.33,-66.32706836744794
5598136666.67,-67.7763383771517
5603135000.0,-67.45888458375435
5608133333.33,-66.24537619434199
5613131666.67,-66.70436363310075
5618130000.0,-66.42500628192127
5623128333.33,-66.78728977859852
5628126666.67,-66.59424467602554
5633125000.0,-66.99540369806331
5638123333.33,-66.55096919447092
5643121666.67,-67.48976687279487
5648120000.0,-66.37782571617771
5653118333.33,-66.92266916460663
5658116666.67,-67.58369244770452
5663115000.0,-67.58546521176383
5668113333.33,-67.35341526724294
5673111666.67,-66.89416755126533
5678110000.0,-66.47655054401285
5683108333.33,-67.62415683174657
5688106666.67,-67.60198436025584
5693105000.0,-67.42548173480118
5698103333.33,-67.28205856898586
5703101666.67,-67.3137456187074
5708100000.0,-66.68078814713097
5713098333.33,-66.36757552192655
5718096666.67,-66.73704240607165
5723095000.0,-65.65896465575227
5728093333.33,-67.3839974441135
5733091666.67,-67.41523222899556
5738090000.0,-67.18335453203012
5743088333.33,-67.40046634653106
5748086666.67,-66.67196275450391
5753085000.0,-66.46522634105304
5758083333.33,-66.72668308656944
5763081666.67,-67.725566548253
5768080000.0,-68.64697310143623
5773078333.33,-66.52325426176938
5778076666.67,-66.70146709725854
5783075000.0,-67.4986464825597
5788073333.33,-66.83944793417447
5793071666.67,-66.47254699602227
5798070000.0,-66.86851092706488
5803068333.33,-67.0249926701398
5808066666.67,-67.9769980265983
5813065000.0,-66.2646649771431
5818063333.33,-66.50942385574618
5823061666.67,-66.25693447103416
5828060000.0,-67.48647098505234
5833058333.33,-67.08992477347032
5838056666.67,-65.87215803783359
5843055000.0,-66.77957517052504
5848053333.33,-66.8574295946062
5853051666.67,-66.70823730089954
5858050000.0,-66.0865418604039
5863048333.33,-66.94909138469038
5868046666.67,-66.07660547576427
5873045000.0,-66.38159494158073
5878043333.33,-67.55542827602893
5883041666.67,-66.33008236621865
5888040000.0,-66.63581029586138
5893038333.33,-66.97977334411928
5898036666.67,-66.97042470061574
5903035000.0,-67.15270746391609
5908033333.33,-66.9301131976414
5913031666.67,-66.40434144132819
5918030000.0,-66.47119980430622
5923028333.33,-65.9239344162223
5928026666.67,-66.6894086112705
5933025000.0,-67.07328723918073
5938023333.33,-67.23372936297812
5943021666.67,-67.50898934096874
5948020000.0,-67.76329890971999
5953018333.33,-67.53734670846227
5958016666.67,-66.51705984329743
5963015000.0,-67.43466852230283
5968013333.33,-67.48212388269542
5973011666.67,-67.41228875568626
5978010000.0,-66.95550395041396
5983008333.33,-66.97997694400578
5988006666.67,-65.15227661165196
5993005000.0,-67.16854694918105
5998003333.33,-66.35857635670338
6003001666.67,-66.1983665812097
6008000000.0,-66.3156316711448
6012998333.33,-66.46438432020447
6017996666.67,-66.82187954648167
6022995000.0,-66.81899265922398
6027993333.33,-65.88124810994715
6032991666.67,-66.99297736981944
6037990000.0,-65.8752092910886
6042988333.33,-66.20909243130936
6047986666.67,-66.5769991036933
6052985000.0,-66.40534469927134
6057983333.33,-66.14375372102286
6062981666.67,-66.92642340014278
6067980000.0,-65.52783862608241
6072978333.33,-65.7408547150279
6077976666.67,-66.21131893353692
6082975000.0,-67.13426565861484
6087973333.33,-66.43659483772892
6092971666.67,-66.39762183219412
6097970000.0,-66.78175665812016
6102968333.33,-65.26184107166462
6107966666.67,-66.90921790106968
6112965000.0,-67.81078973676091
6117963333.33,-66.9697325426037
6122961666.67,-66.32776890764006
6127960000.0,-66.51919434784917
6132958333.33,-67.95856622139593
6137956666.67,-67.81828505432146
6142955000.0,-66.85835825569069
6147953333.33,-67.35563664324148
6152951666.67,-65.81500573935217
6157950000.0,-67.28943867447512
6162948333.33,-67.03733999608373
6167946666.67,-66.47128934328875
6172945000.0,-66.42525605271598
6177943333.33,-66.84946742058456
6182941666.67,-66.42556629129777
6187940000.0,-67.18352255374604
6192938333.33,-67.24300580677071
6197936666.67,-67.34458209636492
6202935000.0,-67.1176900827015
6207933333.33,-66.70891287539422
6212931666.67,-66.4423725550386
6217930000.0,-66.43222601287397
6222928333.33,-67.46998457681114
6227926666.67,-66.95427500979223
6232925000.0,-67.46436025402666
6237923333.33,-66.33824333373207
6242921666.67,-65.92935924509744
6247920000.0,-67.27889664702869
6252918333.33,-66.56016830720962
6257916666.67,-67.34923282427863
6262915000.0,-66.69243206538299
6267913333.33,-67.93388267874779
6272911666.67,-68.27135821473082
6277910000.0,-67.14992269151192
6282908333.33,-67.88057538910446
6287906666.67,-67.42444288304559
6292905000.0,-65.6963136625407
6297903333.33,-65.72138679887598
6302901666.67,-67.0805324568711
6307900000.0,-66.72532933797166
6312898333.33,-67.09399374219517
6317896666.67,-67.09763971527963
6322895000.0,-68.11683663899646
6327893333.33,-66.72338367701539
6332891666.67,-67.02613242599864
6337890000.0,-67.01955661707133
6342888333.33,-67.50344882677645
6347886666.67,-67.16264684873636
6352885000.0,-67.78806772324296
6357883333.33,-66.69047524775758
6362881666.67,-67.05342162110347
6367880000.0,-66.3195096604387
6372878333.33,-67.13361243158263
6377876666.67,-67.39514190311363
6382875000.0,-66.37929061010921
6387873333.33,-66.97912907633183
6392871666.67,-66.70578557765056
6397870000.0,-67.44993680266936
6402868333.33,-67.07605522873233
6407866666.67,-67.72379497852225
6412865000.0,-67.3011560077728
6417863333.33,-67.96997481249151
6422861666.67,-67.09973762111997
6427860000.0,-66.65794480102232
6432858333.33,-67.79086286802516
6437856666.67,-66.80729176268336
6442855000.0,-67.00386445856248
6447853333.33,-67.17415452189121
6452851666.67,-66.48787225694649
6457850000.0,-66.8024686742303
6462848333.33,-66.47754757169373
6467846666.67,-66.55874918277368
6472845000.0,-65.7971645225631
6477843333.33,-66.05162086362758
6482841666.67,-66.14775893059016
6487840000.0,-66.62252065076883
6492838333.33,-66.92140704370603
6497836666.67,-67.33970829063249
6502835000.0,-67.12165234755926
6507833333.33,-66.72252345360076
6512831666.67,-66.23884067598216
6517830000.0,-66.27808305493988
6522828333.33,-66.01128100825301
6527826666.67,-67.68271564640605
6532825000.0,-67.52313775892425
6537823333.33,-67.80381228772941
6542821666.67,-66.74666349212397
6547820000.0,-66.47684765499471
6552818333.33,-66.20378488917228
6557816666.67,-66.94751447290014
6562815000.0,-65.3866033245631
6567813333.33,-66.31596444606446
6572811666.67,-67.67000073177138
6577810000.0,-66.33801787814191
6582808333.33,-66.38014698361818
6587806666.67,-65.77217787335832
6592805000.0,-66.44194760709149
6597803333.33,-67.36895304528176
6602801666.67,-66.42961990443371
6607800000.0,-66.01641438572352
6612798333.33,-67.74335577900608
6617796666.67,-67.24502066561242
6622795000.0,-65.58459811842377
6627793333.33,-66.31487692344311
6632791666.67,-68.03070664819643
6637790000.0,-66.58757940367518
6642788333.33,-68.41104969557433
6647786666.67,-68.4139172051824
6652785000.0,-66.85294772617999
6657783333.33,-66.97229688597274
6662781666.67,-65.70591929239828
6667780000.0,-66.08587225595788
6672778333.33,-67.53443430851608
6677776666.67,-67.15895341808857
6682775000.0,-65.96977093305256
6687773333.33,-66.02169354977451
6692771666.67,-66.93349239540862
6697770000.0,-67.2011202599867
6702768333.33,-66.07863339247386
6707766666.67,-65.60207096131066
6712765000.0,-66.32706363976098
6717763333.33,-67.24902442894079
6722761666.67,-66.8345711672738
6727760000.0,-66.95407340080124
6732758333.33,-66.03277600603033
6737756666.67,-66.70600302317598
6742755000.0,-66.309401503229
6747753333.33,-65.93785238134615
6752751666.67,-65.79179295111297
6757750000.0,-66.30269502962105
6762748333.33,-66.03384894997369
6767746666.67,-66.19269786935956
6772745000.0,-65.75502295449606
6777743333.33,-66.59544818510314
6782741666.67,-65.61121193222502
6787740000.0,-66.74575229983789
6792738333.33,-66.00466126511787
6797736666.67,-66.24867625407586
6802735000.0,-67.08990920454644
6807733333.33,-66.07337823898577
6812731666.67,-65.89306120607083
6817730000.0,-66.57863114902173
6822728333.33,-66.63409189296995
6827726666.67,-67.20054165180531
6832725000.0,-67.06574445063563
6837723333.33,-65.93786998474111
6842721666.67,-66.06308431639948
6847720000.0,-66.28784872359381
6852718333.33,-66.56688893791258
6857716666.67,-66.4400498263183
6862715000.0,-66.03629901616566
6867713333.33,-66.92104959589152
6872711666.67,-66.24830017975076
6877710000.0,-65.51168934264734
6882708333.33,-66.04051168195527
6887706666.67,-65.72886916579371
6892705000.0,-66.53847987665556
6897703333.33,-65.95548897072415
6902701666.67,-67.02933074007831
6907700000.0,-65.7953797159412
6912698333.33,-65.96326903338475
6917696666.67,-66.56544505623229
6922695000.0,-66.9373538626502
6927693333.33,-66.65821305035722
6932691666.67,-66.32166444350455
6937690000.0,-65.13640214123828
6942688333.33,-65.8949134071776
6947686666.67,-66.29355196759825
6952685000.0,-65.92334244270748
6957683333.33,-66.15499308655026
6962681666.67,-66.13377785548329
6967680000.0,-66.71911897617197
6972678333.33,-65.95778990521018
6977676666.67,-66.11704755556151
6982675000.0,-66.89581921561144
6987673333.33,-66.42604047534431
6992671666.67,-65.41772316936738
6997670000.0,-65.80570284417892
7002668333.33,-65.51594896497843
7007666666.67,-66.6572916526543
7012665000.0,-65.84141715919898
7017663333.33,-66.39713883659282
7022661666.67,-65.00700670935456
7027660000.0,-66.35606464675602
7032658333.33,-66.66043584514016
7037656666.67,-66.10215638227393
7042655000.0,-66.4130654006236
7047653333.33,-67.08044920065446
7052651666.67,-65.7174232061127
7057650000.0,-67.06282919544049
7062648333.33,-66.20579070134963
7067646666.67,-65.9688964455225
7072645000.0,-66.19289886373042
7077643333.33,-66.72295892282932
7082641666.67,-66.0689376781992
7087640000.0,-66.43120328666512
7092638333.33,-64.90178603967604
7097636666.67,-66.4616043758413
7102635000.0,-66.98535435207289
7107633333.33,-66.10516071490026
7112631666.67,-66.4747783392878
7117630000.0,-66.62956615734703
7122628333.33,-65.85790103128181
7127626666.67,-66.91098215903315
7132625000.0,-66.30791465194908
7137623333.33,-65.68534037844702
7142621666.67,-65.09466739812416
7147620000.0,-66.7890736042328
7152618333.33,-65.4915559073664
7157616666.67,-66.24134256962827
7162615000.0,-66.61124828992492
7167613333.33,-65.78633987902856
7172611666.67,-65.51368530049474
7177610000.0,-65.10366508699705
7182608333.33,-65.65448341712465
7187606666.67,-65.56085575511939
7192605000.0,-67.09485700294871
7197603333.33,-66.85456234581312
7202601666.67,-65.71799235250106
7207600000.0,-65.98840936019815
7212598333.33,-66.65288859598816
7217596666.67,-66.1658947110464
7222595000.0,-66.39872723266018
7227593333.33,-66.14009577285708
7232591666.67,-65.752831795736
7237590000.0,-66.51322457323025
7242588333.33,-65.6577865604762
7247586666.67,-65.14440666855593
7252585000.0,-66.64469841705355
7257583333.33,-66.31240941621702
7262581666.67,-66.76941814624719
7267580000.0,-65.08036780657432
7272578333.33,-66.48530410926102
7277576666.67,-66.26644848102048
7282575000.0,-65.78262334091977
7287573333.33,-66.51401245278535
7292571666.67,-67.33802261150727
7297570000.0,-66.74648070539087
7302568333.33,-66.03646099482937
7307566666.67,-66.36581140713768
7312565000.0,-66.49311010766195
7317563333.33,-65.53560043298899
7322561666.67,-66.7385779618045
7327560000.0,-65.98828681375493
7332558333.33,-65.3039325804794
7337556666.67,-65.99515298708108
7342555000.0,-66.09175679028937
7347553333.33,-65.69881864641613
7352551666.67,-65.54212785788093
7357550000.0,-66.36764536103006
7362548333.33,-65.17501375631653
7367546666.67,-66.68582637472215
7372545000.0,-67.02255611014127
7377543333.33,-65.621798794669
7382541666.67,-65.89495334371175
7387540000.0,-67.0813618304358
7392538333.33,-65.54759987941493
7397536666.67,-65.90790527611676
7402535000.0,-66.34110692775914
7407533333.33,-66.26276574070042
7412531666.67,-65.3689876431022
7417530000.0,-67.20714093889842
7422528333.33,-65.50944075649069
7427526666.67,-66.09954195570764
7432525000.0,-66.44286950095284
7437523333.33,-65.75380709273819
7442521666.67,-66.65717647880685
7447520000.0,-65.33273632335226
7452518333.33,-66.25450896946373
7457516666.67,-65.5558009052345
7462515000.0,-65.94236779844205
7467513333.33,-65.51688085022255
7472511666.67,-66.61414750667602
7477510000.0,-65.83814727390205
7482508333.33,-64.99304331310431
7487506666.67,-67.05561081324862
7492505000.0,-65.43230437901207
7497503333.33,-66.36457006981155
7502501666.67,-65.95993287749083
7507500000.0,-66.10388592125804
7512498333.33,-65.46303097853914
7517496666.67,-66.45494970117684
7522495000.0,-67.41651052172651
7527493333.33,-65.48245353521436
7532491666.67,-67.07292357370635
7537490000.0,-65.54484561895023
7542488333.33,-66.89071475371472
7547486666.67,-66.21904735987827
7552485000.0,-66.1520973535122
7557483333.33,-65.60035281703699
7562481666.67,-66.10621960772679
7567480000.0,-66.03286546196402
7572478333.33,-66.67015069874962
7577476666.67,-65.48901524596226
7582475000.0,-65.50591767258626
7587473333.33,-64.98840483235523
7592471666.67,-65.13848114519816
7597470000.0,-64.96856908296613
7602468333.33,-65.01546295855735
7607466666.67,-65.8283669804843
7612465000.0,-65.33428536015263
7617463333.33,-65.1347009203232
7622461666.67,-65.43881069936342
7627460000.0,-65.25717944989984
7632458333.33,-64.89423824914613
7637456666.67,-65.69008687838543
7642455000.0,-64.62757664480961
7647453333.33,-65.0740603518709
7652451666.67,-66.03570671605567
7657450000.0,-65.65705654218763
7662448333.33,-64.90829406670417
7667446666.67,-66.11027776732774
7672445000.0,-66.63604045591276
7677443333.33,-64.70590417402386
7682441666.67,-64.47687757977516
7687440000.0,-65.22668851052161
7692438333.33,-65.09654821751118
7697436666.67,-65.42409292520288
7702435000.0,-64.76980032383081
7707433333.33,-64.63443835053245
7712431666.67,-65.41471518646887
7717430000.0,-64.49643236788494
7722428333.33,-65.4285493315724
7727426666.67,-65.85302154422523
7732425000.0,-64.85647147125064
7737423333.33,-64.84621751267369
7742421666.67,-65.27820759678426
7747420000.0,-64.23323668604446
7752418333.33,-65.49559337099697
7757416666.67,-65.64984499464478
7762415000.0,-64.0986477546101
7767413333.33,-67.00200355955246
7772411666.67,-65.20906977920967
7777410000.0,-65.12477381924992
7782408333.33,-65.11571420573833
7787406666.67,-66.17402562192049
7792405000.0,-65.65231394151294
7797403333.33,-65.76671110352339
7802401666.67,-65.43935284933282
7807400000.0,-65.14894129131453
7812398333.33,-65.81745526955257
7817396666.67,-65.75192662018266
7822395000.0,-65.7365250891964
7827393333.33,-65.19042928890931
7832391666.67,-65.61210564210398
7837390000.0,-65.10539279684261
7842388333.33,-65.5421272765947
7847386666.67,-65.79247510710461
7852385000.0,-66.8817467515157
7857383333.33,-66.1109441345321
7862381666.67,-66.97138737812946
7867380000.0,-64.87115121563339
7872378333.33,-65.53774925274399
7877376666.67,-64.89392304387982
7882375000.0,-65.59442613603485
7887373333.33,-64.87135402887296
7892371666.67,-64.85773091002349
7897370000.0,-65.12344330962986
7902368333.33,-65.26143873221343
7907366666.67,-64.78158676047289
7912365000.0,-65.24255229775223
7917363333.33,-65.93896124941023
7922361666.67,-64.81442032946501
7927360000.0,-65.90725583635765
7932358333.33,-64.96429231208165
7937356666.67,-64.66753356967827
7942355000.0,-66.26584923079736
7947353333.33,-65.59831751765333
7952351666.67,-65.3903984724821
7957350000.0,-65.40295386459006
7962348333.33,-64.31708314276194
7967346666.67,-64.33628215256394
7972345000.0,-65.39101273939795
7977343333.33,-64.75201331153262
7982341666.67,-65.2925656793909
7987340000.0,-64.28521810605437
7992338333.33,-64.44704332199608
7997336666.67,-65.17810114801252
8002335000.0,-65.79811986967175
8007333333.33,-64.07958852096606
8012331666.67,-65.54578683425123
8017330000.0,-64.74637419185895
8022328333.33,-64.70778420036274
8027326666.67,-65.94273571584607
8032325000.0,-63.783589645333876
8037323333.33,-65.769378683666
8042321666.67,-64.2685575913031
8047320000.0,-66.09252563384982
8052318333.33,-65.14344206155373
8057316666.67,-64.7725880516778
8062315000.0,-64.80228643342636
8067313333.33,-65.31301390043039
8072311666.67,-65.03652953407683
8077310000.0,-65.54449481372328
8082308333.33,-65.2419645466782
8087306666.67,-66.78177786769537
8092305000.0,-66.0791471409236
8097303333.33,-64.94854367659188
8102301666.67,-65.5127054610182
8107300000.0,-65.43420263757264
8112298333.33,-65.78358766831936
8117296666.67,-65.5859736751635
8122295000.0,-65.96779892554983
8127293333.33,-65.64884265110038
8132291666.67,-65.72529739181698
8137290000.0,-66.88833207004568
8142288333.33,-66.03441907606773
8147286666.67,-65.73642268346637
8152285000.0,-65.70425383269091
8157283333.33,-65.79415333740263
8162281666.67,-66.290954621892
8167280000.0,-66.07143431077102
8172278333.33,-66.1895055778763
8177276666.67,-65.57824770263584
8182275000.0,-65.69717652856994
8187273333.33,-66.5651785118924
8192271666.67,-66.55707338899506
8197270000.0,-65.7925449237805
8202268333.33,-66.01499153965582
8207266666.67,-65.1989666253383
8212265000.0,-64.83591427742904
8217263333.33,-65.39549794162428
8222261666.67,-66.02480121338361
8227260000.0,-66.44096880099046
8232258333.33,-64.98315670510107
8237256666.67,-66.61527595025363
8242255000.0,-65.49866843593313
8247253333.33,-64.96493098836285
8252251666.67,-65.90555919289451
8257250000.0,-66.18719962363241
8262248333.33,-66.38636563800806
8267246666.67,-66.42658263581663
8272245000.0,-67.1070652464566
8277243333.33,-66.24502533193015
8282241666.67,-65.65641024728959
8287240000.0,-66.22570895372935
8292238333.33,-65.61404566117352
8297236666.67,-66.31521200868929
8302235000.0,-65.6508482008314
8307233333.33,-65.30574166292926
8312231666.67,-66.10333510627291
8317230000.0,-66.60056423959016
8322228333.33,-65.27395804181549
8327226666.67,-66.11445770677112
8332225000.0,-66.03341722391217
8337223333.33,-66.1799180465343
8342221666.67,-65.43504833973527
8347220000.0,-66.5484645010657
8352218333.33,-66.57052604284127
8357216666.67,-66.41038055421976
8362215000.0,-65.37801631504834
8367213333.33,-66.62979281817543
8372211666.67,-65.00884885213728
8377210000.0,-65.7331355638765
8382208333.33,-65.19442008697888
8387206666.67,-65.5300688504656
8392205000.0,-65.4869646229994
8397203333.33,-65.40083122542026
8402201666.67,-66.10862111899108
8407200000.0,-65.47326082015682
8412198333.33,-66.3746689039361
8417196666.67,-66.06800498943576
8422195000.0,-66.291555548709
8427193333.33,-65.95080245720574
8432191666.67,-66.1936553100831
8437190000.0,-65.33796534261049
8442188333.33,-65.54043883165849
8447186666.67,-66.95227649875784
8452185000.0,-65.77939149198356
8457183333.33,-66.72472610492113
8462181666.67,-65.63978551564892
8467180000.0,-66.16584701776635
8472178333.33,-66.71560023554801
8477176666.67,-65.68366445567817
8482175000.0,-65.94471056002213
8487173333.33,-67.31738233396878
8492171666.67,-66.75758001704394
8497170000.0,-67.43351867062974
8502168333.33,-66.33259688174488
8507166666.67,-66.41960409477313
8512165000.0,-66.71307455013024
8517163333.33,-67.23339020355606
8522161666.67,-66.38262270410203
8527160000.0,-66.60297239799834
8532158333.33,-67.18078910309069
8537156666.67,-65.73774805659646
8542155000.0,-65.93533547626285
8547153333.33,-66.97722372159228
8552151666.67,-66.68020031548062
8557150000.0,-66.80025559777704
8562148333.33,-65.65782628728138
8567146666.67,-66.14527108317971
8572145000.0,-66.77977164908648
8577143333.33,-66.92137488421272
8582141666.67,-66.38607288231593
8587140000.0,-66.64364864859333
8592138333.33,-66.33035982334846
8597136666.67,-66.15483471500524
8602135000.0,-66.6277658203522
8607133333.33,-66.4101971829266
8612131666.67,-65.95784836930193
8617130000.0,-66.40265739923552
8622128333.33,-66.57707230384926
8627126666.67,-65.45969955984907
8632125000.0,-65.37517617778312
8637123333.33,-66.20257242914326
8642121666.67,-66.05163115164791
8647120000.0,-65.30408066780683
8652118333.33,-65.33469381662894
8657116666.67,-65.20098179835517
8662115000.0,-64.83276435629521
8667113333.33,-65.74098609150101
8672111666.67,-66.65404929051395
8677110000.0,-65.45936431306392
8682108333.33,-65.90372542906672
8687106666.67,-65.42573527821172
8692105000.0,-66.5149621816809
8697103333.33,-66.3541544209153
8702101666.67,-67.1602216544943
8707100000.0,-67.3430331708733
8712098333.33,-65.79446050343185
8717096666.67,-65.76219864308628
8722095000.0,-66.44866036224008
8727093333.33,-65.24889343058517
8732091666.67,-64.55900268184132
8737090000.0,-65.52853150186561
8742088333.33,-65.27687046897685
8747086666.67,-65.28863167528053
8752085000.0,-65.33093836947953
8757083333.33,-66.33723559577531
8762081666.67,-65.46989926562179
8767080000.0,-65.65669752643554
8772078333.33,-65.64074666823342
8777076666.67,-66.10880115532498
8782075000.0,-66.03535229801231
8787073333.33,-66.09713913895806
8792071666.67,-65.71890460516893
8797070000.0,-66.55011080913883
8802068333.33,-65.84286244213503
8807066666.67,-65.75223081345928
8812065000.0,-65.0253771329169
8817063333.33,-65.76660430628719
8822061666.67,-66.62333252039187
8827060000.0,-65.12417955166178
8832058333.33,-66.14438534634617
8837056666.67,-66.09561855015754
8842055000.0,-65.74097800531956
8847053333.33,-65.8476504050775
8852051666.67,-66.21575933684085
8857050000.0,-66.4486412466345
8862048333.33,-66.0517331388039
8867046666.67,-65.53275939847562
8872045000.0,-66.16015946726603
8877043333.33,-65.59699933819682
8882041666.67,-66.22002843248957
8887040000.0,-65.6178705266101
8892038333.33,-66.74552992054878
8897036666.67,-66.95811182113303
8902035000.0,-66.79731319746183
8907033333.33,-66.65221833831667
8912031666.67,-65.70150984577326
8917030000.0,-65.80758477357013
8922028333.33,-65.72072858878694
8927026666.67,-65.98747280689796
8932025000.0,-65.57049021365641
8937023333.33,-65.2563475269
8942021666.67,-65.90421136243602
8947020000.0,-65.99197360802049
8952018333.33,-65.70685369777992
8957016666.67,-65.47640787876782
8962015000.0,-66.22139313442919
8967013333.33,-66.28031479173258
8972011666.67,-65.43473199775613
8977010000.0,-65.24463890983016
8982008333.33,-65.64592275287768
8987006666.67,-66.32101854005936
8992005000.0,-65.1048328401828
8997003333.33,-65.63337457536758
9002001666.67,-65.08150588013575
9007000000.0,-65.39231151113522
9011998333.33,-66.93778212422346
9016996666.67,-66.01575322002661
9021995000.0,-66.36477159183141
9026993333.33,-66.26897722234969
9031991666.67,-65.57249507755793
9036990000.0,-65.89854668774856
9041988333.33,-65.9367001302864
9046986666.67,-65.81834292294833
9051985000.0,-66.26520791761598
9056983333.33,-66.45266977625614
9061981666.67,-65.93003510619798
9066980000.0,-64.3943614174429
9071978333.33,-64.89553344186936
9076976666.67,-65.31101485018654
9081975000.0,-65.02517154797981
9086973333.33,-65.22064189653598
9091971666.67,-65.09769656631
9096970000.0,-65.76552583354007
9101968333.33,-65.49084042801076
9106966666.67,-65.1533999930002
9111965000.0,-66.36151207533723
9116963333.33,-66.2578612131486
9121961666.67,-66.08948445210358
9126960000.0,-66.43517936010429
9131958333.33,-66.13144571568462
9136956666.67,-66.46249685751923
9141955000.0,-66.92324586831117
9146953333.33,-65.86719290663684
9151951666.67,-65.68458438102788
9156950000.0,-66.04849431350584
9161948333.33,-66.25002412140442
9166946666.67,-65.69414196449162
9171945000.0,-64.8562475227486
9176943333.33,-65.93611378879815
9181941666.67,-66.29338208703246
9186940000.0,-66.60898475622383
9191938333.33,-66.39139266512956
9196936666.67,-66.92613335676927
9201935000.0,-65.75266973541878
9206933333.33,-67.04154088096298
9211931666.67,-65.87475686313638
9216930000.0,-66.1310606202779
9221928333.33,-65.88564580292646
9226926666.67,-66.57929743978539
9231925000.0,-66.6312453364485
9236923333.33,-66.22052470481839
9241921666.67,-66.44336754416847
9246920000.0,-66.23164221225912
9251918333.33,-65.89948549218681
9256916666.67,-66.54473264835478
9261915000.0,-65.68604342759366
9266913333.33,-66.59126784251285
9271911666.67,-66.71731386386314
9276910000.0,-66.25215890832612
9281908333.33,-65.7151252635644
9286906666.67,-66.25210480934635
9291905000.0,-65.77813768977464
9296903333.33,-65.12523602006772
9301901666.67,-66.04516052862412
9306900000.0,-65.86069690795446
9311898333.33,-66.08731381309994
9316896666.67,-65.6555721554455
9321895000.0,-65.38764329848942
9326893333.33,-65.55860044569931
9331891666.67,-65.00433585174818
9336890000.0,-65.28613262360076
9341888333.33,-65.28420430840784
9346886666.67,-64.48802518089173
9351885000.0,-64.48044720277447
9356883333.33,-64.9748858319779
9361881666.67,-65.94014661653557
9366880000.0,-65.90959305939582
9371878333.33,-65.7419999993334
9376876666.67,-65.5661173776015
9381875000.0,-65.47977165885983
9386873333.33,-65.28684158616385
9391871666.67,-66.44669133306519
9396870000.0,-65.63241851216019
9401868333.33,-65.3833384161329
9406866666.67,-65.20920046927768
9411865000.0,-65.3665582723501
9416863333.33,-64.60750005641295
9421861666.67,-64.97688724815787
9426860000.0,-65.13656004781261
9431858333.33,-64.80679449441271
9436856666.67,-65.8581123826525
9441855000.0,-65.33970248409902
9446853333.33,-65.99907718806351
9451851666.67,-65.41792471394247
9456850000.0,-65.77595019322428
9461848333.33,-65.84205861827242
9466846666.67,-65.51734890968787
9471845000.0,-66.63766561257488
9476843333.33,-65.95631856076095
9481841666.67,-66.25037742371038
9486840000.0,-65.69897571432196
9491838333.33,-66.33503985077972
9496836666.67,-65.15487104495486
9501835000.0,-65.44822042633835
9506833333.33,-65.40451138266897
9511831666.67,-65.22891123993466
9516830000.0,-64.6263603180909
9521828333.33,-65.4185262009707
9526826666.67,-64.98980081875462
9531825000.0,-66.09865797388915
9536823333.33,-65.61366150783992
9541821666.67,-64.83161321290096
9546820000.0,-65.62965630181121
9551818333.33,-65.46795443115231
9556816666.67,-65.66093795996984
9561815000.0,-65.61028021344657
9566813333.33,-65.52511402505453
9571811666.67,-65.33928601942014
9576810000.0,-65.07258265158374
9581808333.33,-64.60530944422075
9586806666.67,-64.72612526565668
9591805000.0,-65.05824632445564
9596803333.33,-63.50635233053407
9601801666.67,-64.91608263110335
9606800000.0,-64.49908461350222
9611798333.33,-63.91007897891405
9616796666.67,-65.51241316069843
9621795000.0,-64.31805274574116
9626793333.33,-64.23490254737092
9631791666.67,-64.84067387332858
9636790000.0,-65.29367292892914
9641788333.33,-65.5023647809739
9646786666.67,-65.32230574847298
9651785000.0,-64.3688237828056
9656783333.33,-65.06466262052002
9661781666.67,-64.80169184647643
9666780000.0,-64.55784887905031
9671778333.33,-64.79664552865172
9676776666.67,-63.9609099640617
9681775000.0,-63.9354138728
9686773333.33,-64.49843115899752
9691771666.67,-64.20384044311562
9696770000.0,-64.80608369564018
9701768333.33,-64.57149311750283
9706766666.67,-64.48332247976344
9711765000.0,-64.7345326941684
9716763333.33,-64.74309613187987
9721761666.67,-64.85747353596385
9726760000.0,-64.73352617861666
9731758333.33,-64.83467333573316
9736756666.67,-65.15304057672655
9741755000.0,-65.36654433410592
9746753333.33,-64.46757170814176
9751751666.67,-64.6618541542303
9756750000.0,-64.43477332972276
9761748333.33,-65.87980420105295
9766746666.67,-63.58399916263345
9771745000.0,-64.90973510860339
9776743333.33,-64.54153735775061
9781741666.67,-64.65768365944498
9786740000.0,-64.51086096532403
9791738333.33,-64.04448208763269
9796736666.67,-64.62337407044525
9801735000.0,-64.33998169965074
9806733333.33,-65.47875786658268
9811731666.67,-64.8385833239091
9816730000.0,-65.30840734098591
9821728333.33,-65.30283394390128
9826726666.67,-66.04153609821601
9831725000.0,-64.33366293998598
9836723333.33,-64.09114206418954
9841721666.67,-66.48757053516178
9846720000.0,-64.59942596503302
9851718333.33,-64.66536105836029
9856716666.67,-64.80691899302458
9861715000.0,-64.67011926263706
9866713333.33,-64.41533071330153
9871711666.67,-64.32827477627661
9876710000.0,-64.38729040479434
9881708333.33,-64.81140224446236
9886706666.67,-64.91539779520444
9891705000.0,-64.88431481108223
9896703333.33,-64.558859095122
9901701666.67,-65.4999282073808
9906700000.0,-64.46774226885725
9911698333.33,-64.5871964030409
9916696666.67,-64.85248402963866
9921695000.0,-65.69063004449144
9926693333.33,-65.44902963987793
9931691666.67,-64.06887604902194
9936690000.0,-64.40430881977464
9941688333.33,-64.71473444117936
9946686666.67,-64.37849752978056
9951685000.0,-64.11982916672547
9956683333.33,-64.2345704749526
9961681666.67,-64.98650733060148
9966680000.0,-66.03234823604923
9971678333.33,-63.79077171626881
9976676666.67,-65.0757849698883
9981675000.0,-64.77563351873647
9986673333.33,-64.81301439869151
9991671666.67,-64.75934761654005
9996670000.0,-64.63727911434026
10001668333.3,-65.73059842683908
10006666666.7,-64.59629674170358
10011665000.0,-64.1616357596369
10016663333.3,-65.73499410232455
10021661666.7,-64.8714202968422
10026660000.0,-64.9799422488619
10031658333.3,-64.12640501207645
10036656666.7,-64.88355932634552
10041655000.0,-65.07578114861656
10046653333.3,-65.02464364394781
10051651666.7,-63.82515866838861
10056650000.0,-64.58648082443413
10061648333.3,-65.05761521037384
10066646666.7,-65.43284918675074
10071645000.0,-64.71326025721507
10076643333.3,-64.93172940068818
10081641666.7,-65.05845314760622
10086640000.0,-65.34856236779297
10091638333.3,-65.69907536320828
10096636666.7,-64.23258121134461
10101635000.0,-64.08965765946685
10106633333.3,-65.21886236181685
10111631666.7,-64.53450297587412
10116630000.0,-64.29202409446832
10121628333.3,-64.93720566125566
10126626666.7,-64.99817913394156
10131625000.0,-65.06533921547485
10136623333.3,-64.37784010971798
10141621666.7,-64.86406788771822
10146620000.0,-65.91898141552069
10151618333.3,-65.19103580779313
10156616666.7,-64.787769141803
10161615000.0,-65.15448600189923
10166613333.3,-65.49738182458997
10171611666.7,-64.83880112504582
10176610000.0,-65.59986414350286
10181608333.3,-65.24676268038965
10186606666.7,-65.49109957893117
10191605000.0,-65.26373380896335
10196603333.3,-65.2935370592501
10201601666.7,-66.00494581004395
10206600000.0,-64.17225068503808
10211598333.3,-64.20933082826367
10216596666.7,-64.433200419142
10221595000.0,-64.67248741343566
10226593333.3,-63.98814634217576
10231591666.7,-64.76737539308812
10236590000.0,-65.41600085358917
10241588333.3,-65.0666274477105
10246586666.7,-64.48899955037554
10251585000.0,-64.93687574983421
10256583333.3,-65.05269218871206
10261581666.7,-63.94566253759935
10266580000.0,-65.04635215392217
10271578333.3,-64.05030946223086
10276576666.7,-65.02756228329429
10281575000.0,-64.2551346208851
10286573333.3,-64.14403821357237
10291571666.7,-64.4805760642858
10296570000.0,-64.04849623595952
10301568333.3,-64.91478425677226
10306566666.7,-64.07792601211267
10311565000.0,-64.43097425140982
10316563333.3,-64.39656110577573
10321561666.7,-65.0957886488446
10326560000.0,-65.10907006398142
10331558333.3,-64.56826721532326
10336556666.7,-64.83681177630258
10341555000.0,-65.11636331614093
10346553333.3,-64.93363680877916
10351551666.7,-65.45639275384903
10356550000.0,-64.82787992994409
10361548333.3,-64.31862792858743
10366546666.7,-65.7568750826051
10371545000.0,-64.74879681081849
10376543333.3,-64.29665562747421
10381541666.7,-63.882162623887126
10386540000.0,-63.95438011816385
10391538333.3,-64.78839062628744
10396536666.7,-64.63871117011597
10401535000.0,-63.74364696717306
10406533333.3,-64.4770785256082
10411531666.7,-64.50600866141659
10416530000.0,-65.70853891809499
10421528333.3,-64.99686838918956
10426526666.7,-64.19840396023505
10431525000.0,-65.12768079167103
10436523333.3,-64.16926506449121
10441521666.7,-64.59636135147969
10446520000.0,-65.06568978043917
10451518333.3,-64.37216685286967
10456516666.7,-64.36732700931313
10461515000.0,-65.05825184627393
10466513333.3,-63.914325440139486
10471511666.7,-64.83256534173545
10476510000.0,-65.20691285395456
10481508333.3,-65.4048994858111
10486506666.7,-65.29779091606447
10491505000.0,-64.18287074860476
10496503333.3,-64.52342412024063
10501501666.7,-64.36771431992895
10506500000.0,-64.36913593802998
10511498333.3,-65.25230461182078
10516496666.7,-64.87942342141005
10521495000.0,-64.40032881824997
10526493333.3,-65.5843791927879
10531491666.7,-64.47430547174199
10536490000.0,-64.67872144399317
10541488333.3,-63.95905557537506
10546486666.7,-63.626587419336474
10551485000.0,-63.8264517400296
10556483333.3,-64.36751598340831
10561481666.7,-65.09690346060663
10566480000.0,-64.10732135739285
10571478333.3,-63.19512441418357
10576476666.7,-64.17017907053487
10581475000.0,-64.9125912528962
10586473333.3,-65.13976606315647
10591471666.7,-64.79198569461262
10596470000.0,-63.95313752664927
10601468333.3,-64.16066066686274
10606466666.7,-64.42958372160844
10611465000.0,-64.61290366830545
10616463333.3,-63.89272869638498
10621461666.7,-63.78059901032223
10626460000.0,-64.9772821855184
10631458333.3,-64.02420739571903
10636456666.7,-63.92012529452109
10641455000.0,-63.36093582494958
10646453333.3,-63.25358244506649
10651451666.7,-64.92287367568393
10656450000.0,-63.572144135702075
10661448333.3,-64.99299564048984
10666446666.7,-65.163804632629
10671445000.0,-64.18233857705313
10676443333.3,-64.70315038131724
10681441666.7,-64.26476750018014
10686440000.0,-64.4562988048376
10691438333.3,-63.683340588165684
10696436666.7,-64.73915228583085
10701435000.0,-64.1124757366759
10706433333.3,-63.382954136251406
10711431666.7,-63.678893425634406
10716430000.0,-63.4351897610385
10721428333.3,-63.80565959601511
10726426666.7,-64.41327254228334
10731425000.0,-63.9077650177085
10736423333.3,-63.19055017762739
10741421666.7,-64.03539884463952
10746420000.0,-63.664809027381715
10751418333.3,-64.62012838934267
10756416666.7,-63.730346014560205
10761415000.0,-64.02825986669595
10766413333.3,-64.61397137785008
10771411666.7,-64.99406407742927
10776410000.0,-65.52285848011864
10781408333.3,-64.82689517300174
10786406666.7,-64.51684776828063
10791405000.0,-64.37211631937139
10796403333.3,-63.58685075962028
10801401666.7,-65.32312854385628
10806400000.0,-63.635819495190674
10811398333.3,-63.432048728584974
10816396666.7,-64.1180583632059
10821395000.0,-63.806033976574774
10826393333.3,-64.60173143679626
10831391666.7,-64.9989467741413
10836390000.0,-64.71375907775047
10841388333.3,-64.3352231264783
10846386666.7,-64.72129478583145
10851385000.0,-64.90675701256761
10856383333.3,-65.16441074841839
10861381666.7,-65.60964850930095
10866380000.0,-65.39195136839862
10871378333.3,-65.94817822742048
10876376666.7,-64.55532603050146
10881375000.0,-64.82068924830858
10886373333.3,-64.76729494296784
10891371666.7,-64.70598299125663
10896370000.0,-65.17177510857411
10901368333.3,-64.14890702150348
10906366666.7,-65.53062455363266
10911365000.0,-64.08489662753693
10916363333.3,-64.64401273266316
10921361666.7,-65.60962031102275
10926360000.0,-63.99242097599811
10931358333.3,-65.29854355558564
10936356666.7,-64.83111624982793
10941355000.0,-64.53205448551239
10946353333.3,-64.7414123167656
10951351666.7,-65.1445673237816
10956350000.0,-64.22314166449412
10961348333.3,-64.39532002417221
10966346666.7,-63.932625166887185
10971345000.0,-63.786702270471025
10976343333.3,-63.74979062468129
10981341666.7,-63.905214084725486
10986340000.0,-64.04271027494106
10991338333.3,-64.12666681275785
10996336666.7,-64.07792041391863
11001335000.0,-64.93119012352331
11006333333.3,-63.89096783709891
11011331666.7,-63.646314769027356
11016330000.0,-64.42427120251442
11021328333.3,-64.44845527908369
11026326666.7,-64.5254579202093
11031325000.0,-64.51389922141928
11036323333.3,-64.76424270872191
11041321666.7,-63.867567511405085
11046320000.0,-64.9042926622307
11051318333.3,-64.79748943836759
11056316666.7,-64.45521530650106
11061315000.0,-64.96126829616236
11066313333.3,-64.49045623075892
11071311666.7,-64.10456333668344
11076310000.0,-64.16222973311392
11081308333.3,-64.45805839184362
11086306666.7,-64.7311081790755
11091305000.0,-65.41241990005042
11096303333.3,-64.6530988566617
11101301666.7,-64.1023950377911
11106300000.0,-65.53286472493542
11111298333.3,-65.50232920006312
11116296666.7,-64.81409901570083
11121295000.0,-65.43958252444435
11126293333.3,-65.41333921047678
11131291666.7,-64.20575404213979
11136290000.0,-64.72974023420551
11141288333.3,-64.7451628221279
11146286666.7,-65.31420668746202
11151285000.0,-66.05225913400096
11156283333.3,-64.29423199892581
11161281666.7,-64.4844146722779
11166280000.0,-64.4622874790042
11171278333.3,-64.54492078594102
11176276666.7,-64.29837966687552
11181275000.0,-64.18208285748427
11186273333.3,-64.79670377029015
11191271666.7,-65.04375584931728
11196270000.0,-64.25783402458319
11201268333.3,-64.12618379354412
11206266666.7,-65.5012793031568
11211265000.0,-64.28196439746588
11216263333.3,-65.73730927524528
11221261666.7,-64.03442734345477
11226260000.0,-64.322191916488
11231258333.3,-65.19892027481046
11236256666.7,-64.49219203247361
11241255000.0,-64.15028836040322
11246253333.3,-63.6444902463991
11251251666.7,-63.8557426206213
11256250000.0,-64.14287832644602
11261248333.3,-63.99632448618056
11266246666.7,-63.93995361767044
11271245000.0,-64.36118506560541
11276243333.3,-64.3299055771798
11281241666.7,-64.46072169772754
11286240000.0,-64.11926774300238
11291238333.3,-64.1454033666689
11296236666.7,-64.02088815510845
11301235000.0,-63.426196834114414
11306233333.3,-63.975771238401
11311231666.7,-64.19554983296267
11316230000.0,-64.29834703262647
11321228333.3,-63.399884616375644
11326226666.7,-64.14215366304641
11331225000.0,-64.05189201048506
11336223333.3,-63.15925572985265
11341221666.7,-64.61279005271254
11346220000.0,-63.55382718654032
11351218333.3,-63.563831112680695
11356216666.7,-64.36035972223542
11361215000.0,-64.11731642672729
11366213333.3,-64.26383245524981
11371211666.7,-63.131467716357996
11376210000.0,-63.728442289627054
11381208333.3,-63.86389884345603
11386206666.7,-64.4654382014105
11391205000.0,-63.47151747322166
11396203333.3,-63.56875602942823
11401201666.7,-63.744059661858
11406200000.0,-63.30146672910708
11411198333.3,-63.97074514946468
11416196666.7,-63.75251224363063
11421195000.0,-63.087202606915625
11426193333.3,-63.54595406168076
11431191666.7,-64.36331832713279
11436190000.0,-64.77829427561355
11441188333.3,-63.59770929711256
11446186666.7,-64.23017921525015
11451185000.0,-63.26415231816696
11456183333.3,-63.821925224975054
11461181666.7,-64.30767255733542
11466180000.0,-63.28414464890355
11471178333.3,-64.03193581814338
11476176666.7,-63.6069094606157
11481175000.0,-63.656721400608305
11486173333.3,-62.931592823520134
11491171666.7,-63.55319013052423
11496170000.0,-63.239158642559104
11501168333.3,-63.43171111914793
11506166666.7,-63.01579897879685
11511165000.0,-62.83223736810412
11516163333.3,-63.64035480174821
11521161666.7,-63.08218618768279
11526160000.0,-64.10667466888167
11531158333.3,-63.6562437350821
11536156666.7,-63.07097658734584
11541155000.0,-63.35024074351503
11546153333.3,-64.322896145174
11551151666.7,-63.13026545607184
11556150000.0,-64.52551771402979
11561148333.3,-64.33356074631534
11566146666.7,-63.661122107879926
11571145000.0,-62.486390546031494
11576143333.3,-63.28186238827556
11581141666.7,-62.54631710627618
11586140000.0,-63.110199246639326
11591138333.3,-62.15576329170591
11596136666.7,-62.65165136755479
11601135000.0,-62.69183530328091
11606133333.3,-62.12892493293949
11611131666.7,-63.341693885014216
11616130000.0,-62.77212759262541
11621128333.3,-63.294929026930795
11626126666.7,-62.54432418784471
11631125000.0,-63.722387821966365
11636123333.3,-64.21235890188892
11641121666.7,-62.99202072004462
11646120000.0,-62.869456645962714
11651118333.3,-63.108057805853626
11656116666.7,-63.13569776395025
11661115000.0,-62.30148150847132
11666113333.3,-62.41758794381579
11671111666.7,-63.550587152005455
11676110000.0,-62.37149410604283
11681108333.3,-62.76591828034288
11686106666.7,-62.23578917158106
11691105000.0,-62.72765552066183
11696103333.3,-62.69626870362312
11701101666.7,-62.46808762449803
11706100000.0,-63.135292169841144
11711098333.3,-62.756772582772754
11716096666.7,-62.98285141285077
11721095000.0,-64.11205058141283
11726093333.3,-63.27160348569649
11731091666.7,-62.98358903363286
11736090000.0,-62.81218805317128
11741088333.3,-63.59103462139943
11746086666.7,-62.74333903399558
11751085000.0,-62.40962780482135
11756083333.3,-62.38559786813451
11761081666.7,-62.54968933514686
11766080000.0,-62.404240790382
11771078333.3,-62.32599080578956
11776076666.7,-62.49444862230966
11781075000.0,-63.11307348802755
11786073333.3,-62.51371593605099
11791071666.7,-63.38795645532558
11796070000.0,-62.618322812916524
11801068333.3,-63.18825973000618
11806066666.7,-62.84726526994184
11811065000.0,-62.61500127509009
11816063333.3,-62.736426680448886
11821061666.7,-63.62280240225283
11826060000.0,-63.43308430397026
11831058333.3,-64.233110290117
11836056666.7,-62.272066464817215
11841055000.0,-62.4617077377433
11846053333.3,-63.06958483178075
11851051666.7,-63.20549411874492
11856050000.0,-62.463003831145336
11861048333.3,-62.17656080474987
11866046666.7,-62.91549681144248
11871045000.0,-62.48205602426097
11876043333.3,-62.61863789409307
11881041666.7,-62.39474654634755
11886040000.0,-63.60895460320444
11891038333.3,-62.4806791668385
11896036666.7,-63.08560809276565
11901035000.0,-63.17393971651455
11906033333.3,-62.49528798972639
11911031666.7,-62.55829338509015
11916030000.0,-62.8293286874004
11921028333.3,-62.399201260932685
11926026666.7,-62.425896168258106
11931025000.0,-62.643301639384255
11936023333.3,-63.09442728099044
11941021666.7,-62.34763383853985
11946020000.0,-62.15327698584113
11951018333.3,-62.54462027753842
11956016666.7,-62.88625457513664
11961015000.0,-63.21137500723586
11966013333.3,-62.602705716102165
11971011666.7,-62.61552922183672
11976010000.0,-62.98364681136754
11981008333.3,-63.23757273916953
11986006666.7,-62.45487593990673
11991005000.0,-62.62418901928871
11996003333.3,-62.80292633356587
12001001666.7,-62.06678986938125
12006000000.0,-62.20517833618112
12010998333.3,-61.840996667315224
12015996666.7,-61.81965677237016
12020995000.0,-61.856800983704126
12025993333.3,-61.596459295510044
12030991666.7,-62.0304709575711
12035990000.0,-61.813472107780996
12040988333.3,-60.62916168623743
12045986666.7,-61.77164469200585
12050985000.0,-61.890595989186
12055983333.3,-62.344013281544605
12060981666.7,-61.6675088782105
12065980000.0,-61.73488513973794
12070978333.3,-62.266311793902176
12075976666.7,-62.61604389117559
12080975000.0,-61.89122553622889
12085973333.3,-61.54219587782053
12090971666.7,-62.068628907975445
12095970000.0,-61.571492839990256
12100968333.3,-61.09758419532717
12105966666.7,-61.2810668721969
12110965000.0,-60.83858623992211
12115963333.3,-61.68799350189667
12120961666.7,-61.03945202400621
12125960000.0,-61.75560481366378
12130958333.3,-61.01145283328685
12135956666.7,-61.39960201308229
12140955000.0,-61.611429785098764
12145953333.3,-62.017005856005426
12150951666.7,-62.17251371924473
12155950000.0,-61.442318303139096
12160948333.3,-61.95123628069747
12165946666.7,-62.034656892100344
12170945000.0,-62.1073874236447
12175943333.3,-61.49599918791458
12180941666.7,-62.53064434163378
12185940000.0,-61.609032012275634
12190938333.3,-62.031774261981255
12195936666.7,-61.15096921385009
12200935000.0,-60.98582753949938
12205933333.3,-62.15665322027883
12210931666.7,-61.80841807872261
12215930000.0,-61.602038674738
12220928333.3,-61.99354380398064
12225926666.7,-61.74388155975234
12230925000.0,-61.67439078646708
12235923333.3,-62.09454193507558
12240921666.7,-62.32810603974304
12245920000.0,-62.22473122935305
12250918333.3,-61.845873652012095
12255916666.7,-62.107578713555725
12260915000.0,-61.787262021786546
12265913333.3,-61.18578976820998
12270911666.7,-61.48713831303168
12275910000.0,-61.999024718189744
12280908333.3,-61.23224712327045
12285906666.7,-62.341443803514224
12290905000.0,-62.34409278598683
12295903333.3,-61.76714977713783
12300901666.7,-61.4899461751033
12305900000.0,-61.463613768453634
12310898333.3,-61.094751735830116
12315896666.7,-60.46543081030322
12320895000.0,-60.72890211427827
12325893333.3,-60.82619900094568
12330891666.7,-60.481995459489745
12335890000.0,-60.694084272400715
12340888333.3,-60.83100560307046
12345886666.7,-59.93058331227203
12350885000.0,-60.34211686243533
12355883333.3,-60.573769879036796
12360881666.7,-60.05563931437489
12365880000.0,-60.31527444810867
12370878333.3,-60.1408739465773
12375876666.7,-60.3179687480901
12380875000.0,-60.246404607084244
12385873333.3,-60.0920263759436
12390871666.7,-60.254894214430806
12395870000.0,-60.25132011259069
12400868333.3,-61.346863578325575
12405866666.7,-61.10201887064518
12410865000.0,-61.01020505725225
12415863333.3,-60.8253976262247
12420861666.7,-61.984912568929005
12425860000.0,-61.071648886672996
12430858333.3,-61.0744533667367
12435856666.7,-60.89708875249209
12440855000.0,-61.37308083954876
12445853333.3,-61.22477417108061
12450851666.7,-61.27116963479966
12455850000.0,-59.85071415217281
12460848333.3,-60.432611995902484
12465846666.7,-61.21211706473824
12470845000.0,-60.2921784976719
12475843333.3,-61.285662489997314
12480841666.7,-61.3846225752515
12485840000.0,-61.555456853987785
12490838333.3,-62.018397385800135
12495836666.7,-61.91694701518914
12500835000.0,-61.30189534695634
12505833333.3,-61.0297256652757
12510831666.7,-61.72597847168823
12515830000.0,-61.10088004851956
12520828333.3,-61.9760092299225
12525826666.7,-61.04357150833447
12530825000.0,-61.69612565540618
12535823333.3,-61.51493338559027
12540821666.7,-60.954951896809604
12545820000.0,-60.911975393761296
12550818333.3,-61.21395250476775
12555816666.7,-61.517663971939214
12560815000.0,-61.15000300604508
12565813333.3,-61.212410848846105
12570811666.7,-61.501893103019434
12575810000.0,-60.92699218087681
12580808333.3,-61.55842303171144
12585806666.7,-61.071688526882866
12590805000.0,-62.009429717610715
12595803333.3,-60.84519205485157
12600801666.7,-62.09739961231535
12605800000.0,-60.602007146344945
12610798333.3,-61.409889498323544
12615796666.7,-60.83806432866701
12620795000.0,-61.341717220822346
12625793333.3,-60.9335341208605
12630791666.7,-60.668986357981105
12635790000.0,-60.44022886045031
12640788333.3,-60.457072248589725
12645786666.7,-60.89868654748565
12650785000.0,-61.431751177979905
12655783333.3,-61.22088969379712
12660781666.7,-61.06637451375117
12665780000.0,-61.026677707729185
12670778333.3,-61.260720100888726
12675776666.7,-60.95016529012122
12680775000.0,-61.21532011185133
12685773333.3,-61.39975983469628
12690771666.7,-61.12167745471248
12695770000.0,-61.199176284455504
12700768333.3,-61.05584514600619
12705766666.7,-60.741634407619465
12710765000.0,-60.79315320303507
12715763333.3,-61.36540702706605
12720761666.7,-60.754360171965544
12725760000.0,-60.83518563505555
12730758333.3,-60.7842105675369
12735756666.7,-60.64113283231145
12740755000.0,-61.012982640350685
12745753333.3,-61.38220674471022
12750751666.7,-61.321311159126665
12755750000.0,-61.35423540277508
12760748333.3,-60.97789804696578
12765746666.7,-61.503636287134505
12770745000.0,-61.335511893017866
12775743333.3,-60.80407328150073
12780741666.7,-61.52480976173949
12785740000.0,-61.60017253510308
12790738333.3,-61.37736149772415
12795736666.7,-61.51356873958726
12800735000.0,-60.58686094906709
12805733333.3,-61.444797313546715
12810731666.7,-61.052665424383655
12815730000.0,-61.04371771997812
12820728333.3,-61.20221818943472
12825726666.7,-61.45976522791883
12830725000.0,-61.54587995548412
12835723333.3,-61.824521069827696
12840721666.7,-61.44853320042542
12845720000.0,-61.47722094554277
12850718333.3,-61.956692924090355
12855716666.7,-61.33078661312609
12860715000.0,-61.22477784231465
12865713333.3,-61.56609772873924
12870711666.7,-61.01393316681127
12875710000.0,-60.866085466923735
12880708333.3,-61.458313747201395
12885706666.7,-60.8062255507444
12890705000.0,-61.52740182353983
12895703333.3,-61.38445378050164
12900701666.7,-61.13904753908925
12905700000.0,-60.760795541253245
12910698333.3,-61.294369549276546
12915696666.7,-61.41803446895526
12920695000.0,-61.14553057324379
12925693333.3,-61.69860339150935
12930691666.7,-61.25062651644803
12935690000.0,-60.8474964838181
12940688333.3,-60.62421441432701
12945686666.7,-61.22500567748276
12950685000.0,-61.104950339554705
12955683333.3,-60.49061872181398
12960681666.7,-60.958765686103746
12965680000.0,-60.3592236842135
12970678333.3,-60.836591246281664
12975676666.7,-61.103196470720825
12980675000.0,-60.64763899267167
12985673333.3,-61.132205306662755
12990671666.7,-61.19454537462491
12995670000.0,-61.46048328977329
13000668333.3,-61.30421335642339
13005666666.7,-61.58330378925319
13010665000.0,-61.64989714656699
13015663333.3,-60.51762441750567
13020661666.7,-61.57604967623087
13025660000.0,-60.72696636920437
13030658333.3,-62.04290289671487
13035656666.7,-60.808473133569564
13040655000.0,-61.05736517256958
13045653333.3,-60.03475004540442
13050651666.7,-60.53194757802426
13055650000.0,-60.34736160876066
13060648333.3,-60.646930598943634
13065646666.7,-60.1499162656591
13070645000.0,-60.352376408334905
13075643333.3,-59.94986897423409
13080641666.7,-60.4751400945988
13085640000.0,-60.4282084192171
13090638333.3,-60.48329333885054
13095636666.7,-60.30332720819921
13100635000.0,-60.63693991354704
13105633333.3,-60.47750820389297
13110631666.7,-60.69567344573875
13115630000.0,-61.08709605801775
13120628333.3,-61.05865620388806
13125626666.7,-60.869818144407674
13130625000.0,-60.09084873731483
13135623333.3,-60.578411582792796
13140621666.7,-59.6887560133458
13145620000.0,-60.28697006030395
13150618333.3,-60.6520373247531
13155616666.7,-60.04141870000447
13160615000.0,-60.19218183983238
13165613333.3,-60.628702211424226
13170611666.7,-60.261087854933294
13175610000.0,-59.77502010569948
13180608333.3,-60.11364487281236
13185606666.7,-60.020198362822185
13190605000.0,-60.57941164994042
13195603333.3,-60.2951899035019
13200601666.7,-60.10470486323486
13205600000.0,-60.26705387033979
13210598333.3,-60.44469743511114
13215596666.7,-60.371334119384336
13220595000.0,-60.3601535090409
13225593333.3,-60.10751379687349
13230591666.7,-60.62593394012376
13235590000.0,-60.145926041275814
13240588333.3,-60.42857053619318
13245586666.7,-60.143751529379145
13250585000.0,-60.07161393374674
13255583333.3,-60.781032466755605
13260581666.7,-60.92446170450871
13265580000.0,-59.97351717331479
13270578333.3,-60.15504928611581
13275576666.7,-60.84531848769871
13280575000.0,-60.66413902470725
13285573333.3,-60.66768752054898
13290571666.7,-60.32479450500176
13295570000.0,-60.16537442587093
13300568333.3,-61.16085621510126
13305566666.7,-60.236923433552406
13310565000.0,-59.99051718541169
13315563333.3,-59.952806550550676
13320561666.7,-60.21993525609018
13325560000.0,-59.91767280014619
13330558333.3,-60.41581622321146
13335556666.7,-60.741310399140175
13340555000.0,-60.89580433541026
13345553333.3,-60.30723379192529
13350551666.7,-60.49298003586273
13355550000.0,-59.92999820400432
13360548333.3,-60.432477970480775
13365546666.7,-60.319314282241905
13370545000.0,-60.03273164501174
13375543333.3,-59.95833884722492
13380541666.7,-59.96835732388938
13385540000.0,-59.68434438426888
13390538333.3,-59.339265302370166
13395536666.7,-59.85482125238656
13400535000.0,-59.65598308458866
13405533333.3,-59.230367053420935
13410531666.7,-60.19980087839542
13415530000.0,-59.70698647059272
13420528333.3,-60.13898628461103
13425526666.7,-60.67684921559434
13430525000.0,-60.53438230041206
13435523333.3,-59.98863563286097
13440521666.7,-60.552966332151115
13445520000.0,-60.40866472919249
13450518333.3,-59.80036876086033
13455516666.7,-60.507248161586276
13460515000.0,-60.29211629900545
13465513333.3,-60.138917255931645
13470511666.7,-59.900821901477876
13475510000.0,-59.86740532869341
13480508333.3,-59.84415598454946
13485506666.7,-60.6314700440999
13490505000.0,-59.736786542826444
13495503333.3,-59.951772244024426
13500501666.7,-60.25305497330352
13505500000.0,-60.2602281349995
13510498333.3,-59.91768110755381
13515496666.7,-60.619265542314544
13520495000.0,-60.91926397353052
13525493333.3,-60.25532694230673
13530491666.7,-60.42934432795968
13535490000.0,-60.118317356455634
13540488333.3,-60.61081790526454
13545486666.7,-60.122603297591894
13550485000.0,-60.56430974180809
13555483333.3,-60.180558795715406
13560481666.7,-60.466938036127246
13565480000.0,-59.89924831275134
13570478333.3,-60.881483483505725
13575476666.7,-60.438615776853915
13580475000.0,-60.76740294083086
13585473333.3,-60.574411987228565
13590471666.7,-60.4639862951661
13595470000.0,-60.79940822865044
13600468333.3,-60.75423145666672
13605466666.7,-60.80253318124335
13610465000.0,-61.3395436640007
13615463333.3,-60.80955695864694
13620461666.7,-60.79798544245297
13625460000.0,-61.659801588233954
13630458333.3,-61.21877639685025
13635456666.7,-60.848203814331384
13640455000.0,-61.11113970522456
13645453333.3,-60.29828750617029
13650451666.7,-60.263237456535464
13655450000.0,-60.1687529905474
13660448333.3,-60.06196475421398
13665446666.7,-60.13153417187793
13670445000.0,-59.9502530084445
13675443333.3,-59.939743300518145
13680441666.7,-59.871430481165184
13685440000.0,-60.53552546009249
13690438333.3,-59.98443992326954
13695436666.7,-59.49844382412536
13700435000.0,-59.633360044251745
13705433333.3,-59.966708934929535
13710431666.7,-59.714307586130744
13715430000.0,-59.2031598130406
13720428333.3,-59.71860000284353
13725426666.7,-59.18714236209119
13730425000.0,-59.487773873449115
13735423333.3,-59.10060771259219
13740421666.7,-59.665352929237095
13745420000.0,-59.769222829109836
13750418333.3,-59.26532671165834
13755416666.7,-59.9447108383698
13760415000.0,-59.41867489565158
13765413333.3,-59.57903386164616
13770411666.7,-59.88137121839052
13775410000.0,-59.87817521504339
13780408333.3,-59.91968699300523
13785406666.7,-59.697415343169126
13790405000.0,-60.04614974904554
13795403333.3,-59.89828758093422
13800401666.7,-60.09116721217112
13805400000.0,-60.034689174448765
13810398333.3,-59.5828179448325
13815396666.7,-59.945219424902646
13820395000.0,-59.487534710062526
13825393333.3,-59.210739616640346
13830391666.7,-59.14614392496982
13835390000.0,-59.37118459941353
13840388333.3,-59.557204464453676
13845386666.7,-59.97301604431723
13850385000.0,-59.80155937021373
13855383333.3,-60.09973987346116
13860381666.7,-59.97551764291464
13865380000.0,-60.212728423652294
13870378333.3,-60.64636781085231
13875376666.7,-59.50771811137589
13880375000.0,-59.707451078879274
13885373333.3,-59.9898129739847
13890371666.7,-59.78199202183176
13895370000.0,-59.71755207942838
13900368333.3,-60.347187889110174
13905366666.7,-59.95746855969266
13910365000.0,-59.183501129632745
13915363333.3,-59.605652709387414
13920361666.7,-59.494859561474804
13925360000.0,-59.63540489268007
13930358333.3,-59.208351484714186
13935356666.7,-59.9046441208342
13940355000.0,-59.983480431707
13945353333.3,-59.72258275410983
13950351666.7,-59.73801722374919
13955350000.0,-59.857077591757594
13960348333.3,-59.10135561392597
13965346666.7,-59.59173467962248
13970345000.0,-59.15203761159297
13975343333.3,-59.32608402627878
13980341666.7,-58.8448102588016
13985340000.0,-58.85962632623414
13990338333.3,-58.19922068379129
13995336666.7,-58.52223233832546
14000335000.0,-58.355352568546614
14005333333.3,-58.33711305866005
14010331666.7,-58.272550774468286
14015330000.0,-58.14530244009221
14020328333.3,-58.71340731210484
14025326666.7,-58.48313170008727
14030325000.0,-58.74466694299436
14035323333.3,-58.480670113187365
14040321666.7,-58.82935181263611
14045320000.0,-58.38868655998222
14050318333.3,-58.5793220093284
14055316666.7,-58.665677511180256
14060315000.0,-58.67228981482613
14065313333.3,-58.762163706290266
14070311666.7,-58.264586541362775
14075310000.0,-58.418067808893994
14080308333.3,-57.56438088791877
14085306666.7,-58.26277682777021
14090305000.0,-58.74171060449911
14095303333.3,-58.71220478136878
14100301666.7,-58.83036524805304
14105300000.0,-58.50824897780487
14110298333.3,-59.019414607206045
14115296666.7,-58.51742601304862
14120295000.0,-58.41171594574402
14125293333.3,-58.94483466254804
14130291666.7,-59.01321475472873
14135290000.0,-58.8299184375959
14140288333.3,-58.786368594122955
14145286666.7,-59.122696039770204
14150285000.0,-58.92520137961231
14155283333.3,-59.00432066050607
14160281666.7,-58.51317439852
14165280000.0,-58.66736624358887
14170278333.3,-58.26001126636044
14175276666.7,-58.724251078613044
14180275000.0,-58.54728472191765
14185273333.3,-58.62995661760861
14190271666.7,-58.61966609178188
14195270000.0,-58.55463085664358
14200268333.3,-58.60440108178055
14205266666.7,-58.381657972184094
14210265000.0,-58.60363617947675
14215263333.3,-58.44483456629372
14220261666.7,-58.51687020424137
14225260000.0,-58.39733959103239
14230258333.3,-58.237707354784305
14235256666.7,-58.17811348490246
14240255000.0,-58.16070771807028
14245253333.3,-58.03026584032512
14250251666.7,-57.836304339778465
14255250000.0,-58.191066761816366
14260248333.3,-57.89072438433574
14265246666.7,-58.18186124268864
14270245000.0,-58.80599369790807
14275243333.3,-58.63272073630418
14280241666.7,-58.075764652273506
14285240000.0,-58.42417915384012
14290238333.3,-58.50658674787279
14295236666.7,-58.27133245825398
14300235000.0,-58.30418102735945
14305233333.3,-57.869657894827746
14310231666.7,-58.12860489375733
14315230000.0,-58.28364581988449
14320228333.3,-57.84442180738714
14325226666.7,-58.111515242971464
14330225000.0,-58.63933183457799
14335223333.3,-57.56317169625953
14340221666.7,-57.62012120397759
14345220000.0,-58.14816966413255
14350218333.3,-57.830571952348755
14355216666.7,-58.02262204147454
14360215000.0,-58.0887803640212
14365213333.3,-58.38371152837573
14370211666.7,-58.02860541015274
14375210000.0,-57.704916000170535
14380208333.3,-58.67642970278914
14385206666.7,-58.31681811791137
14390205000.0,-58.01763429390356
14395203333.3,-58.03330822648783
14400201666.7,-57.77968373777738
14405200000.0,-57.517110219392904
14410198333.3,-58.51461251991023
14415196666.7,-57.56603983197585
14420195000.0,-57.901089123492646
14425193333.3,-57.50228182093138
14430191666.7,-57.73734263972276
14435190000.0,-57.92087655843176
14440188333.3,-57.35777328175867
14445186666.7,-57.95626514516358
14450185000.0,-57.9579084939601
14455183333.3,-58.40892511585912
14460181666.7,-58.80999518449769
14465180000.0,-58.565987533500426
14470178333.3,-58.43605207375965
14475176666.7,-58.686031951062596
14480175000.0,-58.576346864354505
14485173333.3,-58.66035237486027
14490171666.7,-58.17390095350721
14495170000.0,-58.46460839599224
14500168333.3,-57.7966754616655
14505166666.7,-57.92981594586944
14510165000.0,-58.22145060375721
14515163333.3,-58.45197941000855
14520161666.7,-58.304121772851126
14525160000.0,-58.39693056755166
14530158333.3,-58.17516871961384
14535156666.7,-58.30190827919159
14540155000.0,-58.46698760164426
14545153333.3,-58.6577433363303
14550151666.7,-58.91012234497559
14555150000.0,-58.648204157208674
14560148333.3,-58.96985624557297
14565146666.7,-58.69175939556018
14570145000.0,-59.28186586286911
14575143333.3,-58.496429300839566
14580141666.7,-59.04496135478637
14585140000.0,-58.82111167398076
14590138333.3,-58.575253484136525
14595136666.7,-58.40708539948673
14600135000.0,-58.59631413902899
14605133333.3,-58.03915821352924
14610131666.7,-58.54101281749959
14615130000.0,-58.23088875749061
14620128333.3,-58.13212575665097
14625126666.7,-58.51117432242621
14630125000.0,-58.358719288778495
14635123333.3,-58.49284810804296
14640121666.7,-58.03509276643065
14645120000.0,-58.38820906510471
14650118333.3,-58.03982043894806
14655116666.7,-58.05495722013261
14660115000.0,-58.055353686019785
14665113333.3,-57.98223518742268
14670111666.7,-57.93148569339279
14675110000.0,-58.25026448407168
14680108333.3,-57.88810818462142
14685106666.7,-57.43779244916574
14690105000.0,-58.17006401631716
14695103333.3,-57.35801431046612
14700101666.7,-58.094588428554076
14705100000.0,-58.28855328993776
14710098333.3,-57.97972576900618
14715096666.7,-58.225176045626455
14720095000.0,-57.85477799848434
14725093333.3,-58.097212251102725
14730091666.7,-58.25419352113392
14735090000.0,-57.49692606953319
14740088333.3,-57.675943439615594
14745086666.7,-57.668707960706705
14750085000.0,-57.20444545030132
14755083333.3,-57.42662074900633
14760081666.7,-57.498748689917505
14765080000.0,-56.853021389757146
14770078333.3,-57.03716701249327
14775076666.7,-57.34343133287666
14780075000.0,-57.030923990144125
14785073333.3,-57.21632679630791
14790071666.7,-57.28427552502863
14795070000.0,-57.53720622959867
14800068333.3,-57.30318257382325
14805066666.7,-57.87505855797349
14810065000.0,-57.71311519581535
14815063333.3,-57.8374542086791
14820061666.7,-57.4477005163633
14825060000.0,-57.8560460907252
14830058333.3,-57.467844964707965
14835056666.7,-57.75670972264273
14840055000.0,-57.32972498754052
14845053333.3,-57.03847066431214
14850051666.7,-57.48095594357797
14855050000.0,-57.497522982747356
14860048333.3,-57.4448251336942
14865046666.7,-57.28287387372121
14870045000.0,-57.01765698859462
14875043333.3,-57.740754960007514
14880041666.7,-57.810474252626925
14885040000.0,-58.07885250664153
14890038333.3,-58.4005345649924
14895036666.7,-57.74309660973718
14900035000.0,-58.51168156748806
14905033333.3,-58.3784055539581
14910031666.7,-57.89248254152389
14915030000.0,-58.21605838679115
14920028333.3,-57.93247417540439
14925026666.7,-57.24138143574568
14930025000.0,-57.36247926887022
14935023333.3,-57.20261430237259
14940021666.7,-57.01530948188324
14945020000.0,-56.81854377271661
14950018333.3,-56.74793722358945
14955016666.7,-56.37860981131958
14960015000.0,-56.669217651906436
14965013333.3,-56.92318854393945
14970011666.7,-56.81047451865335
14975010000.0,-56.35344433510464
14980008333.3,-56.6775676199076
14985006666.7,-56.947780934638075
14990005000.0,-56.56573096959879
14995003333.3,-56.99576768056933
15000001666.7,-56.76763841802985
15005000000.0,-56.79366237440749
15009998333.3,-56.978808883841495
15014996666.7,-56.579052041784635
15019995000.0,-56.83045579082596
15024993333.3,-56.248688666096314
15029991666.7,-56.24328331170637
15034990000.0,-56.428123667195166
15039988333.3,-55.795919107975784
15044986666.7,-56.33042170197538
15049985000.0,-56.150008887775364
15054983333.3,-56.05213333699499
15059981666.7,-56.17785823114495
15064980000.0,-56.47735656895161
15069978333.3,-56.28662705145377
15074976666.7,-56.475440086907554
15079975000.0,-55.862823067540205
15084973333.3,-56.11361418305749
15089971666.7,-55.98943318123191
15094970000.0,-55.78861416639856
15099968333.3,-55.579038703770536
15104966666.7,-55.40697026973038
15109965000.0,-55.40841384968069
15114963333.3,-55.17408344574834
15119961666.7,-55.585899889251124
15124960000.0,-55.570124800757974
15129958333.3,-55.78925750340026
15134956666.7,-55.9252004244495
15139955000.0,-56.0957737357683
15144953333.3,-55.825626283368486
15149951666.7,-56.00153465092703
15154950000.0,-55.45300136952634
15159948333.3,-56.488919952579096
15164946666.7,-55.974876626216144
15169945000.0,-56.50307149500556
15174943333.3,-56.736504879805096
15179941666.7,-55.663061656602544
15184940000.0,-56.40147786149392
15189938333.3,-56.45588502965299
15194936666.7,-56.12808661053437
15199935000.0,-56.296014866917034
15204933333.3,-56.1419457596068
15209931666.7,-56.103874632191165
15214930000.0,-56.16851833134389
15219928333.3,-56.561411002874245
15224926666.7,-56.67294098483146
15229925000.0,-56.737099413809176
15234923333.3,-57.223255117851124
15239921666.7,-56.90230393995321
15244920000.0,-57.120378870709345
15249918333.3,-57.62842659926448
15254916666.7,-57.269936242922356
15259915000.0,-56.61555280088553
15264913333.3,-57.013926350938355
15269911666.7,-57.19869574445964
15274910000.0,-56.76769094742771
15279908333.3,-56.5143121725766
15284906666.7,-56.5505640546091
15289905000.0,-56.632216221622954
15294903333.3,-56.00518706286667
15299901666.7,-55.89721203374802
15304900000.0,-56.340685281422196
15309898333.3,-56.40422408267001
15314896666.7,-56.42245857391744
15319895000.0,-55.91197964641967
15324893333.3,-56.606038024906915
15329891666.7,-56.1689028947269
15334890000.0,-56.30814786185273
15339888333.3,-55.973649060822446
15344886666.7,-56.078422550046305
15349885000.0,-55.74167266247827
15354883333.3,-55.851017938494024
15359881666.7,-55.53504699081006
15364880000.0,-55.733863396864855
15369878333.3,-55.16077668551867
15374876666.7,-55.39051555645658
15379875000.0,-55.211809253803644
15384873333.3,-55.12946771694963
15389871666.7,-55.48401545929184
15394870000.0,-55.40985477584309
15399868333.3,-55.65702879251333
15404866666.7,-55.62481143870538
15409865000.0,-55.69472401894831
15414863333.3,-55.802064829201896
15419861666.7,-55.47720329903132
15424860000.0,-55.397578107062806
15429858333.3,-55.413986583992674
15434856666.7,-55.58627841526
15439855000.0,-55.75042379241918
15444853333.3,-55.72099577188666
15449851666.7,-55.83439804536206
15454850000.0,-55.63201828670238
15459848333.3,-55.67590855616647
15464846666.7,-55.91657093642511
15469845000.0,-55.65564344362861
15474843333.3,-55.85064548031825
15479841666.7,-55.819714889044945
15484840000.0,-56.16168443415567
15489838333.3,-56.161117578788236
15494836666.7,-56.28936392217191
15499835000.0,-56.459308824483074
15504833333.3,-56.751250074678794
15509831666.7,-56.45422668803271
15514830000.0,-56.18525899415722
15519828333.3,-56.73326579920749
15524826666.7,-56.776760169584016
15529825000.0,-56.376785089226274
15534823333.3,-56.10210630369365
15539821666.7,-56.44467450461136
15544820000.0,-56.125066983841414
15549818333.3,-56.08224630069431
15554816666.7,-56.04716028405751
15559815000.0,-56.3120545496993
15564813333.3,-56.02286328469049
15569811666.7,-56.3233582329459
15574810000.0,-56.17492904023848
15579808333.3,-56.10443534596256
15584806666.7,-56.03895706517881
15589805000.0,-56.50554421690984
15594803333.3,-56.15771715773271
15599801666.7,-56.177659486018534
15604800000.0,-55.8165834808065
15609798333.3,-55.62854283676063
15614796666.7,-55.23142513016456
15619795000.0,-55.75227345051513
15624793333.3,-55.180892304367745
15629791666.7,-54.997778548867146
15634790000.0,-55.347216630244276
15639788333.3,-54.79287624551982
15644786666.7,-54.86714072501492
15649785000.0,-55.21862372783766
15654783333.3,-54.84493796233794
15659781666.7,-54.881962267992336
15664780000.0,-55.36273305086177
15669778333.3,-55.0588857718008
15674776666.7,-55.166213140493916
15679775000.0,-55.084276106808815
15684773333.3,-54.94954024025333
15689771666.7,-54.910754074754294
15694770000.0,-54.68107171988847
15699768333.3,-54.30521802206127
15704766666.7,-54.30493412857504
15709765000.0,-54.3391413630295
15714763333.3,-54.667658426365236
15719761666.7,-54.82217759734731
15724760000.0,-54.394624718510784
15729758333.3,-54.94329074883997
15734756666.7,-55.15438964553394
15739755000.0,-54.84941802153371
15744753333.3,-55.43202065595557
15749751666.7,-55.439019338790125
15754750000.0,-55.35642202591313
15759748333.3,-56.07101013382186
15764746666.7,-55.759636608803476
15769745000.0,-55.4672181609181
15774743333.3,-55.58425589269203
15779741666.7,-55.619510444256434
15784740000.0,-55.17310068857141
15789738333.3,-54.89757917070573
15794736666.7,-55.02615947353965
15799735000.0,-54.70207312051416
15804733333.3,-54.68794330768824
15809731666.7,-54.56607465063553
15814730000.0,-54.406014065938486
15819728333.3,-54.1848110349228
15824726666.7,-54.66033270426996
15829725000.0,-54.47921556556261
15834723333.3,-54.57466308786447
15839721666.7,-54.676349112507424
15844720000.0,-54.97670916584664
15849718333.3,-54.56675623419679
15854716666.7,-54.15880111200029
15859715000.0,-54.10082055287479
15864713333.3,-53.933977401485436
15869711666.7,-54.01609132881484
15874710000.0,-54.02854618003914
15879708333.3,-53.83041153425565
15884706666.7,-53.66015029309074
15889705000.0,-53.39452976004989
15894703333.3,-53.268574998715756
15899701666.7,-53.60175743751073
15904700000.0,-53.77025591892551
15909698333.3,-53.73899869736492
15914696666.7,-53.61610132877981
15919695000.0,-53.716913774812056
15924693333.3,-53.80530718967235
15929691666.7,-53.98441542485256
15934690000.0,-53.94731965119376
15939688333.3,-54.190265168510656
15944686666.7,-54.251936361001036
15949685000.0,-54.092840172171435
15954683333.3,-54.17024015451507
15959681666.7,-53.82859872377896
15964680000.0,-53.789588241806456
15969678333.3,-53.968732668559525
15974676666.7,-53.55745794739785
15979675000.0,-53.24197630841054
15984673333.3,-53.22334569322254
15989671666.7,-53.118218020138464
15994670000.0,-53.36839290086217
15999668333.3,-53.046197702807866
16004666666.7,-53.60788557039007
16009665000.0,-53.38311213242952
16014663333.3,-53.465905974802055
16019661666.7,-53.42212732824444
16024660000.0,-53.3758222178368
16029658333.3,-53.26705782785362
16034656666.7,-53.19956687993189
16039655000.0,-53.10481166724315
16044653333.3,-53.014903187604254
16049651666.7,-53.04495830061797
16054650000.0,-53.109063910366686
16059648333.3,-52.93590737896959
16064646666.7,-52.83614819283919
16069645000.0,-52.81060520501506
16074643333.3,-52.81407443703892
16079641666.7,-53.230623571907515
16084640000.0,-53.04925351903695
16089638333.3,-53.17382242870774
16094636666.7,-53.071156696532434
16099635000.0,-53.28242378799316
16104633333.3,-53.27322000575059
16109631666.7,-53.18360470560552
16114630000.0,-53.16785640118181
16119628333.3,-52.76544353371783
16124626666.7,-52.66401014205692
16129625000.0,-52.811867769192816
16134623333.3,-52.530830254832324
16139621666.7,-52.19689904270552
16144620000.0,-51.95779161123069
16149618333.3,-52.132853500491535
16154616666.7,-51.80553014581881
16159615000.0,-51.82462680666354
16164613333.3,-51.83985206010117
16169611666.7,-51.80095591750746
16174610000.0,-51.912837075380864
16179608333.3,-51.88294706312106
16184606666.7,-52.17968745413142
16189605000.0,-52.13679654374442
16194603333.3,-52.45867098892329
16199601666.7,-52.47549911810162
16204600000.0,-52.66012716573237
16209598333.3,-52.46000203874742
16214596666.7,-52.49208537266231
16219595000.0,-52.318016187726535
16224593333.3,-52.292375773996824
16229591666.7,-52.09825852931723
16234590000.0,-52.5190383980397
16239588333.3,-52.229489445520365
16244586666.7,-52.00644058412293
16249585000.0,-52.08295165934079
16254583333.3,-52.154423405456704
16259581666.7,-51.82794681852407
16264580000.0,-52.48500274216077
16269578333.3,-52.30328792085675
16274576666.7,-52.26341438174606
16279575000.0,-52.21829184177713
16284573333.3,-52.383638070203354
16289571666.7,-52.4611299529208
16294570000.0,-52.28974995728909
16299568333.3,-52.15345463303382
16304566666.7,-52.484073156829936
16309565000.0,-52.00943641693625
16314563333.3,-51.80687910951441
16319561666.7,-51.66042348520381
16324560000.0,-51.74738858317457
16329558333.3,-51.605184019286895
16334556666.7,-51.70654840782711
16339555000.0,-51.37146459903942
16344553333.3,-51.282673411765806
16349551666.7,-51.28685147142523
16354550000.0,-51.47886228684327
16359548333.3,-51.29761942348875
16364546666.7,-51.305527087022476
16369545000.0,-51.20498151385669
16374543333.3,-51.247682946162534
16379541666.7,-51.39334278815178
16384540000.0,-51.17086837448909
16389538333.3,-51.26771777950551
16394536666.7,-51.02957720010505
16399535000.0,-51.32391472433572
16404533333.3,-50.91065882712616
16409531666.7,-50.8066775431777
16414530000.0,-50.80436473863752
16419528333.3,-50.964269339482165
16424526666.7,-50.832086662666626
16429525000.0,-50.71148195094473
16434523333.3,-50.92831269430805
16439521666.7,-50.81887044831344
16444520000.0,-50.91318482629215
16449518333.3,-51.11732892480965
16454516666.7,-50.84595788824914
16459515000.0,-50.84442532768275
16464513333.3,-50.663735458795706
16469511666.7,-50.72838323106516
16474510000.0,-50.55345289642169
16479508333.3,-50.41568860597429
16484506666.7,-50.285210209519335
16489505000.0,-50.17804997562193
16494503333.3,-50.22250469935897
16499501666.7,-50.10779404069049
16504500000.0,-50.06510139757018
16509498333.3,-50.40586821787288
16514496666.7,-50.144477930340074
16519495000.0,-50.03898731691669
16524493333.3,-50.40888851415518
16529491666.7,-50.51128759113824
16534490000.0,-50.51846167459316
16539488333.3,-50.59057433999698
16544486666.7,-50.59049450917221
16549485000.0,-50.6185314569888
16554483333.3,-50.578012033606186
16559481666.7,-50.59000226800972
16564480000.0,-50.51596786922089
16569478333.3,-50.38978735671486
16574476666.7,-50.499715901907855
16579475000.0,-50.266579253896076
16584473333.3,-49.897186113102315
16589471666.7,-49.96493135767199
16594470000.0,-49.77553998736748
16599468333.3,-49.6914009037292
16604466666.7,-49.6231596668538
16609465000.0,-49.55166002327314
16614463333.3,-49.80016002920916
16619461666.7,-49.542816918397214
16624460000.0,-49.71968656179715
16629458333.3,-49.61581593699863
16634456666.7,-49.5559620357443
16639455000.0,-49.56525278042017
16644453333.3,-49.395015766412925
16649451666.7,-49.270009118342486
16654450000.0,-49.13415128229063
16659448333.3,-49.10092868718454
16664446666.7,-48.830796813842916
16669445000.0,-48.87071656985805
16674443333.3,-48.69123258274161
16679441666.7,-48.679995378588934
16684440000.0,-48.667566812491785
16689438333.3,-48.577958742014566
16694436666.7,-48.56299615797412
16699435000.0,-48.6177131652098
16704433333.3,-48.568915659764265
16709431666.7,-48.59794763015371
16714430000.0,-48.368671596857375
16719428333.3,-48.425065526967416
16724426666.7,-48.333655731262446
16729425000.0,-48.13591280508895
16734423333.3,-48.1647261300727
16739421666.7,-47.92882088862298
16744420000.0,-47.82757623940498
16749418333.3,-47.81660173264504
16754416666.7,-47.70111109605456
16759415000.0,-47.58662414225036
16764413333.3,-47.5229991036651
16769411666.7,-47.554958790903385
16774410000.0,-47.45167905162398
16779408333.3,-47.609953459323975
16784406666.7,-47.40318176850175
16789405000.0,-47.431473969789025
16794403333.3,-47.451659144983694
16799401666.7,-47.32962235708556
16804400000.0,-47.33399232096691
16809398333.3,-47.30252341248111
16814396666.7,-47.15559616949758
16819395000.0,-47.07460891026676
16824393333.3,-47.056849998325674
16829391666.7,-47.08712825338143
16834390000.0,-46.93879922606409
16839388333.3,-46.83097670262864
16844386666.7,-46.81327819789064
16849385000.0,-46.85038702360201
16854383333.3,-46.763449290424475
16859381666.7,-46.95593957534943
16864380000.0,-46.94655227815136
16869378333.3,-46.95529178491809
16874376666.7,-47.09975304233766
16879375000.0,-47.151433109594876
16884373333.3,-47.131942215294124
16889371666.7,-47.04976821994431
16894370000.0,-46.9070938423978
16899368333.3,-46.913600824924735
16904366666.7,-46.72673509272776
16909365000.0,-46.516140474888616
16914363333.3,-46.38431585516575
16919361666.7,-46.19526456222645
16924360000.0,-46.13471712027631
16929358333.3,-45.950257947726925
16934356666.7,-45.7611690607824
16939355000.0,-45.65013922134334
16944353333.3,-45.48395807849137
16949351666.7,-45.44058140712686
16954350000.0,-45.44270366016918
16959348333.3,-45.292265315427656
16964346666.7,-45.368532552425584
16969345000.0,-45.15242539776462
16974343333.3,-45.027820813977655
16979341666.7,-45.03221570457822
16984340000.0,-44.728346849271745
16989338333.3,-44.730731921446896
16994336666.7,-44.635248297135846
16999335000.0,-44.344678244670874
17004333333.3,-44.15900986982158
17009331666.7,-44.09866462485239
17014330000.0,-43.87660727116607
17019328333.3,-43.83707122589058
17024326666.7,-43.857965828221886
17029325000.0,-43.78555894838182
17034323333.3,-43.69001882649772
17039321666.7,-43.7609734420731
17044320000.0,-43.748926336775476
17049318333.3,-43.693561708183395
17054316666.7,-43.882703857728195
17059315000.0,-43.82932470261803
17064313333.3,-43.79262503027409
17069311666.7,-43.73110892515024
17074310000.0,-43.80820699988778
17079308333.3,-43.707410031840496
17084306666.7,-43.58598160465337
17089305000.0,-43.4946252946356
17094303333.3,-43.270497556632506
17099301666.7,-43.187968409024805
17104300000.0,-43.12403262374694
17109298333.3,-43.060558095538894
17114296666.7,-43.170592313730694
17119295000.0,-43.1888924658438
17124293333.3,-43.21021700235227
17129291666.7,-43.42360903020654
17134290000.0,-43.390640722808264
17139288333.3,-43.50217676002885
17144286666.7,-43.61044637862892
17149285000.0,-43.66337424753158
17154283333.3,-43.809835987127855
17159281666.7,-43.74975988660323
17164280000.0,-43.61711207225689
17169278333.3,-43.44772415390288
17174276666.7,-43.351425412014464
17179275000.0,-43.31680820969549
17184273333.3,-43.06661566751784
17189271666.7,-42.95020690340894
17194270000.0,-42.769787456760525
17199268333.3,-42.656983154865706
17204266666.7,-42.599028160269626
17209265000.0,-42.5610734929957
17214263333.3,-42.40413901086609
17219261666.7,-42.53934590802317
17224260000.0,-42.44325216625343
17229258333.3,-42.45974658491257
17234256666.7,-42.53846134790486
17239255000.0,-42.46213605201056
17244253333.3,-42.49815957720577
17249251666.7,-42.451298624308585
17254250000.0,-42.413120128553985
17259248333.3,-42.421295163960906
17264246666.7,-42.20210569721406
17269245000.0,-42.17839874355164
17274243333.3,-42.02722528442122
17279241666.7,-41.89865700439124
17284240000.0,-41.7036235135673
17289238333.3,-41.64829800801006
17294236666.7,-41.48530904109661
17299235000.0,-41.37647630489052
17304233333.3,-41.28062768043293
17309231666.7,-41.26868979156747
17314230000.0,-41.1913968688599
17319228333.3,-41.17771276358213
17324226666.7,-41.080417341247355
17329225000.0,-41.1088226723539
17334223333.3,-41.05074796141503
17339221666.7,-41.03267009578118
17344220000.0,-41.069230390292056
17349218333.3,-41.07775522981931
17354216666.7,-41.10394608636453
17359215000.0,-41.22494901780286
17364213333.3,-41.31024559664905
17369211666.7,-41.349037731298075
17374210000.0,-41.38064108189915
17379208333.3,-41.439235870415914
17384206666.7,-41.533360125098184
17389205000.0,-41.642875710296266
17394203333.3,-41.72298150229711
17399201666.7,-41.85242646662981
17404200000.0,-41.87381966622099
17409198333.3,-42.01723522036449
17414196666.7,-42.052032400895094
17419195000.0,-42.03292285945568
17424193333.3,-42.07555338957036
17429191666.7,-42.09472517175741
17434190000.0,-42.14570028663176
17439188333.3,-42.12979191598579
17444186666.7,-42.08953342535005
17449185000.0,-42.13893002136377
17454183333.3,-42.09009307375187
17459181666.7,-42.13618928252731
17464180000.0,-42.106784725255196
17469178333.3,-42.166298279012736
17474176666.7,-42.11983347634973
17479175000.0,-42.15500666438936
17484173333.3,-42.177767640029415
17489171666.7,-42.175221269490414
17494170000.0,-42.17279958983028
17499168333.3,-42.17625726165607
17504166666.7,-42.0146026286011
17509165000.0,-41.987143286199114
17514163333.3,-41.99047867879074
17519161666.7,-41.923559370250636
17524160000.0,-41.962880063201766
17529158333.3,-41.97179810133572
17534156666.7,-41.88489054661485
17539155000.0,-41.94525490973146
17544153333.3,-42.04896707095739
17549151666.7,-42.00193739925727
17554150000.0,-42.14469403706224
17559148333.3,-42.20153928812941
17564146666.7,-42.47167865009171
17569145000.0,-42.568617654441745
17574143333.3,-42.61056633666299
17579141666.7,-42.78541819679034
17584140000.0,-43.01498266831829
17589138333.3,-43.03575939606062
17594136666.7,-43.22238078095818
17599135000.0,-43.2986691180668
17604133333.3,-43.36555036844398
17609131666.7,-43.33216548969326
17614130000.0,-43.51839506080918
17619128333.3,-43.43832659277901
17624126666.7,-43.592080881459225
17629125000.0,-43.591486281270676
17634123333.3,-43.70275400212692
17639121666.7,-43.62687486826793
17644120000.0,-43.652753809532655
17649118333.3,-43.66730630457785
17654116666.7,-43.707941763819264
17659115000.0,-43.81836330781191
17664113333.3,-43.69106693072663
17669111666.7,-43.85056655390265
17674110000.0,-43.924576701426275
17679108333.3,-43.90715131581297
17684106666.7,-43.91939425347285
17689105000.0,-43.952040714354446
17694103333.3,-43.981531948906
17699101666.7,-43.97316960101755
17704100000.0,-44.05931613109115
17709098333.3,-44.00914818883759
17714096666.7,-44.16631901872777
17719095000.0,-44.301467637127736
17724093333.3,-44.204203004709164
17729091666.7,-44.25123022192259
17734090000.0,-44.29450548015793
17739088333.3,-44.31745505132091
17744086666.7,-44.40403349616871
17749085000.0,-44.46291803075516
17754083333.3,-44.408997155984444
17759081666.7,-44.501680360062494
17764080000.0,-44.43558922282576
17769078333.3,-44.4543211529242
17774076666.7,-44.452624194061386
17779075000.0,-44.53228034936379
17784073333.3,-44.59475459998218
17789071666.7,-44.84219800345446
17794070000.0,-44.8008746169353
17799068333.3,-44.87583506099418
17804066666.7,-44.888594040340124
17809065000.0,-45.0469385928229
17814063333.3,-44.96818134370126
17819061666.7,-45.142366887229116
17824060000.0,-45.290382594947346
17829058333.3,-45.236034187068185
17834056666.7,-45.4821543339455
17839055000.0,-45.36174765913755
17844053333.3,-45.64969706223637
17849051666.7,-45.836010200575885
17854050000.0,-45.735536208667725
17859048333.3,-46.03427276055883
17864046666.7,-46.11056327990895
17869045000.0,-46.17520258095244
17874043333.3,-46.585495945829365
17879041666.7,-46.35584708211069
17884040000.0,-46.6629787924467
17889038333.3,-46.78290650070569
17894036666.7,-46.975421643278914
17899035000.0,-47.01820162251928
17904033333.3,-47.17404426882478
17909031666.7,-47.11764669600179
17914030000.0,-47.34634661478587
17919028333.3,-47.444587366853185
17924026666.7,-47.34044117932525
17929025000.0,-47.513044143166105
17934023333.3,-47.554495739305445
17939021666.7,-47.45326507297613
17944020000.0,-47.472269343166985
17949018333.3,-47.39767843180945
17954016666.7,-47.588681230829266
17959015000.0,-47.61536322949957
17964013333.3,-47.3513859875679
17969011666.7,-47.601061944579016
17974010000.0,-47.52669328785341
17979008333.3,-47.680571916704324
17984006666.7,-47.54355694166471
17989005000.0,-47.65417779815384
17994003333.3,-47.7104907476115
17999001666.7,-47.78302701292794
18004000000.0,-47.81962543780095
18008998333.3,-47.76585493251022
18013996666.7,-47.873683107981115
18018995000.0,-47.79143985677113
18023993333.3,-47.798375358137726
18028991666.7,-47.906853139560475
18033990000.0,-47.84225831727673
18038988333.3,-48.006482799260944
18043986666.7,-48.01893788347193
18048985000.0,-48.073224050169195
18053983333.3,-48.03717318940299
18058981666.7,-48.2486444791915
18063980000.0,-48.18816878106067
18068978333.3,-48.4848767550104
18073976666.7,-48.47185833840613
18078975000.0,-48.73523820026057
18083973333.3,-48.806464708409564
18088971666.7,-48.86764236268978
18093970000.0,-49.19405909637575
18098968333.3,-49.02218099588583
18103966666.7,-49.24689422025192
18108965000.0,-49.4306009547648
18113963333.3,-49.477255267596675
18118961666.7,-49.313160093627374
18123960000.0,-49.44684232938445
18128958333.3,-49.38212740169809
18133956666.7,-49.66670328777742
18138955000.0,-49.74033113250052
18143953333.3,-49.67282276070054
18148951666.7,-49.77928718178801
18153950000.0,-49.85411716295238
18158948333.3,-50.053292065143054
18163946666.7,-49.933553640797214
18168945000.0,-50.02984608946761
18173943333.3,-50.18642222945881
18178941666.7,-50.171869249650186
18183940000.0,-50.33009196842645
18188938333.3,-50.19031558489182
18193936666.7,-50.38122272536734
18198935000.0,-50.38376318143929
18203933333.3,-50.554854228191395
18208931666.7,-50.49146071311071
18213930000.0,-50.50695629358628
18218928333.3,-50.68124904579787
18223926666.7,-50.891940599406105
18228925000.0,-50.61859581911957
18233923333.3,-50.93670483271503
18238921666.7,-51.091355413310104
18243920000.0,-51.09078793020448
18248918333.3,-51.21801237090804
18253916666.7,-51.118383960192524
18258915000.0,-50.966514468564554
18263913333.3,-51.3048071437305
18268911666.7,-51.214010069604214
18273910000.0,-51.183902676200205
18278908333.3,-51.31065154241129
18283906666.7,-51.36162069952421
18288905000.0,-51.424600081117575
18293903333.3,-51.573885148857784
18298901666.7,-51.49841821464057
18303900000.0,-51.544508599507125
18308898333.3,-51.60257796791448
18313896666.7,-51.875131487605785
18318895000.0,-52.07510023603544
18323893333.3,-51.8006292716096
18328891666.7,-51.857706072223394
18333890000.0,-51.882645903297664
18338888333.3,-52.137599615325726
18343886666.7,-52.018032408898726
18348885000.0,-51.93437061306589
18353883333.3,-51.69370749369576
18358881666.7,-52.03154112713975
18363880000.0,-52.0171026291944
18368878333.3,-52.08622271584784
18373876666.7,-51.747834407751455
18378875000.0,-51.76732515318555
18383873333.3,-51.96013583999252
18388871666.7,-51.879935180700656
18393870000.0,-51.854384119182654
18398868333.3,-52.107216336393385
18403866666.7,-51.88411027669127
18408865000.0,-52.01288891435708
18413863333.3,-51.97010335717665
18418861666.7,-51.91536471734297
18423860000.0,-52.073184655946214
18428858333.3,-51.897061214082065
18433856666.7,-52.2117225547365
18438855000.0,-51.98265889093152
18443853333.3,-52.105873557914734
18448851666.7,-52.11767418419367
18453850000.0,-52.116836149566474
18458848333.3,-51.830814451044546
18463846666.7,-52.160080681575245
18468845000.0,-52.28396990306986
18473843333.3,-52.18054281455295
18478841666.7,-52.65072432643095
18483840000.0,-52.48794663509366
18488838333.3,-52.64120767478196
18493836666.7,-52.71811944686298
18498835000.0,-53.11140986320618
18503833333.3,-52.92840509742318
18508831666.7,-53.52663808584191
18513830000.0,-53.19217111295838
18518828333.3,-53.31596044474652
18523826666.7,-53.331432612361525
18528825000.0,-53.573886557889516
18533823333.3,-53.44329060843368
18538821666.7,-53.424558773686925
18543820000.0,-53.35501281231827
18548818333.3,-53.66559372809504
18553816666.7,-53.60132162036629
18558815000.0,-53.576920223997845
18563813333.3,-53.82032165339452
18568811666.7,-53.786072152274954
18573810000.0,-53.864204194747025
18578808333.3,-53.835406520378804
18583806666.7,-53.63167879336939
18588805000.0,-53.82305900410486
18593803333.3,-53.570819979899866
18598801666.7,-53.76538523651885
18603800000.0,-54.09740369158492
18608798333.3,-53.84255086258182
18613796666.7,-53.89680649656985
18618795000.0,-53.844183255314626
18623793333.3,-53.81007906068153
18628791666.7,-53.94897379740673
18633790000.0,-53.95315923355648
18638788333.3,-54.13957153764422
18643786666.7,-54.07311216726147
18648785000.0,-53.76681222973981
18653783333.3,-54.04292399719427
18658781666.7,-53.95449350488815
18663780000.0,-54.007502983607395
18668778333.3,-54.20259944022729
18673776666.7,-54.288879646407445
18678775000.0,-54.14129046931011
18683773333.3,-53.74897075641523
18688771666.7,-54.055674929911945
18693770000.0,-54.28912530137126
18698768333.3,-54.01313699252622
18703766666.7,-53.99627928819384
18708765000.0,-54.15753097413148
18713763333.3,-54.487173299033344
18718761666.7,-53.9834114807843
18723760000.0,-54.379055808314604
18728758333.3,-54.221150563039146
18733756666.7,-54.11736748877456
18738755000.0,-54.53358714644885
18743753333.3,-54.4270853573056
18748751666.7,-54.172754490890505
18753750000.0,-54.246230501104264
18758748333.3,-54.43901520053303
18763746666.7,-54.422798254026866
18768745000.0,-54.377148669290065
18773743333.3,-54.501518673889315
18778741666.7,-54.34996452193138
18783740000.0,-54.411710830602786
18788738333.3,-54.611651066314266
18793736666.7,-54.76431648564302
18798735000.0,-54.76608313365479
18803733333.3,-54.76939188603354
18808731666.7,-55.25740159479568
18813730000.0,-55.34451904804534
18818728333.3,-55.802848544429764
18823726666.7,-55.78788474733106
18828725000.0,-55.511521682552086
18833723333.3,-56.214470024222294
18838721666.7,-56.38847826290451
18843720000.0,-56.220644916512526
18848718333.3,-56.0606487611271
18853716666.7,-56.05570976019643
18858715000.0,-56.56976474757647
18863713333.3,-56.118120684729234
18868711666.7,-56.05705036984312
18873710000.0,-56.228206974540235
18878708333.3,-55.65098689304651
18883706666.7,-55.87574801421164
18888705000.0,-55.72697284283891
18893703333.3,-56.280769542515685
18898701666.7,-55.635928926810905
18903700000.0,-55.848046932038606
18908698333.3,-55.79368641300487
18913696666.7,-55.55973147920933
18918695000.0,-56.0573628587916
18923693333.3,-55.78787458582617
18928691666.7,-55.9274260081724
18933690000.0,-55.87198653468122
18938688333.3,-55.97740849008666
18943686666.7,-55.76537883086405
18948685000.0,-55.9607139776876
18953683333.3,-55.841473605025655
18958681666.7,-56.0626864608667
18963680000.0,-56.521754846930165
18968678333.3,-56.00933566332227
18973676666.7,-56.55580414034994
18978675000.0,-56.53728744881282
18983673333.3,-56.626435730365344
18988671666.7,-56.50196868169761
18993670000.0,-56.367113669877604
18998668333.3,-56.60632989969156
19003666666.7,-56.78690685587764
19008665000.0,-57.105474506253806
19013663333.3,-57.229312602872724
19018661666.7,-57.14798348386141
19023660000.0,-58.16741240228165
19028658333.3,-57.41949671846038
19033656666.7,-57.227644748199324
19038655000.0,-57.29564563597567
19043653333.3,-57.36639949205105
19048651666.7,-57.0955117210708
19053650000.0,-56.954302287462355
19058648333.3,-56.79863209407796
19063646666.7,-57.09824486486541
19068645000.0,-57.378249703148505
19073643333.3,-57.154163264518274
19078641666.7,-56.928129358525325
19083640000.0,-57.18009669416019
19088638333.3,-57.31890795255615
19093636666.7,-57.25061521487591
19098635000.0,-57.25832593489823
19103633333.3,-56.89383526807469
19108631666.7,-56.77531040018758
19113630000.0,-56.4609654896952
19118628333.3,-56.641528883646906
19123626666.7,-56.518483553090164
19128625000.0,-56.923966400381985
19133623333.3,-57.10159726346341
19138621666.7,-56.91015382051691
19143620000.0,-56.88183291501011
19148618333.3,-56.63196551256888
19153616666.7,-57.12032584546779
19158615000.0,-56.84873838316421
19163613333.3,-57.08190703143836
19168611666.7,-57.20718268250963
19173610000.0,-57.63672828263083
19178608333.3,-57.17146118972791
19183606666.7,-57.25842904921815
19188605000.0,-57.384033470103134
19193603333.3,-57.2987329257479
19198601666.7,-56.959844629021106
19203600000.0,-57.62169867164288
19208598333.3,-57.13732475709988
19213596666.7,-57.78877347727351
19218595000.0,-57.08190329534549
19223593333.3,-57.54912752541543
19228591666.7,-57.71104854207847
19233590000.0,-57.91718602945869
19238588333.3,-57.736767109103006
19243586666.7,-57.02336581658855
19248585000.0,-57.76948568576296
19253583333.3,-57.81860821739603
19258581666.7,-58.129591934588944
19263580000.0,-57.854289181480084
19268578333.3,-58.30425298912579
19273576666.7,-58.420205062821076
19278575000.0,-58.414359025373805
19283573333.3,-58.49129876822297
19288571666.7,-58.594479765096246
19293570000.0,-58.218512828416664
19298568333.3,-58.989185821758895
19303566666.7,-58.5433622753263
19308565000.0,-58.76435806906974
19313563333.3,-57.888074178632316
19318561666.7,-58.776267692347005
19323560000.0,-58.67740275339253
19328558333.3,-58.60349675986177
19333556666.7,-58.70293041149214
19338555000.0,-58.69652215081193
19343553333.3,-58.443423734327865
19348551666.7,-58.896958589865164
19353550000.0,-59.253596628268056
19358548333.3,-58.577622202307744
19363546666.7,-58.8808877392362
19368545000.0,-58.38484272171189
19373543333.3,-58.63815218620065
19378541666.7,-58.468277694632
19383540000.0,-58.212611265081726
19388538333.3,-58.26385746047801
19393536666.7,-57.829485823245705
19398535000.0,-57.70131533598903
19403533333.3,-57.46869278755782
19408531666.7,-57.27966807624825
19413530000.0,-57.60103464702614
19418528333.3,-57.477733067441875
19423526666.7,-57.4899103840131
19428525000.0,-57.840870782363226
19433523333.3,-57.91696034054304
19438521666.7,-58.17067135064391
19443520000.0,-57.672667880257464
19448518333.3,-57.90220687175672
19453516666.7,-57.31032900452579
19458515000.0,-57.98814677200567
19463513333.3,-57.19838874540497
19468511666.7,-57.59139933709491
19473510000.0,-57.26235549051333
19478508333.3,-57.042506649529074
19483506666.7,-57.02542457044907
19488505000.0,-57.055346353913905
19493503333.3,-57.423059507818046
19498501666.7,-57.307259435462285
19503500000.0,-57.99134442877288
19508498333.3,-57.66677884395464
19513496666.7,-57.65309159919018
19518495000.0,-58.60194838313649
19523493333.3,-58.80436559493147
19528491666.7,-58.98466558349889
19533490000.0,-59.16545033292682
19538488333.3,-59.48701190747231
19543486666.7,-58.95382517576037
19548485000.0,-59.303208587441596
19553483333.3,-59.91062646907032
19558481666.7,-59.69089310037593
19563480000.0,-59.12076663261966
19568478333.3,-58.85307461360611
19573476666.7,-59.20919982855797
19578475000.0,-59.00699495749579
19583473333.3,-58.99443056912176
19588471666.7,-59.64421011565052
19593470000.0,-59.180435658285056
19598468333.3,-59.30812685706847
19603466666.7,-59.73112111483509
19608465000.0,-59.25191800296134
19613463333.3,-59.38438291724399
19618461666.7,-59.212108051350434
19623460000.0,-59.2210677637615
19628458333.3,-59.49653752835944
19633456666.7,-59.057199069596194
19638455000.0,-58.9724981178751
19643453333.3,-59.63752577013764
19648451666.7,-58.84439268077109
19653450000.0,-59.31944236922025
19658448333.3,-59.14423855378036
19663446666.7,-59.47928161319078
19668445000.0,-59.20929355364177
19673443333.3,-59.366423133598346
19678441666.7,-59.181358376838574
19683440000.0,-59.52928764641917
19688438333.3,-59.56723779600834
19693436666.7,-59.695801186731956
19698435000.0,-59.77948542302919
19703433333.3,-59.95439419655027
19708431666.7,-60.2257842656505
19713430000.0,-59.113683602823144
19718428333.3,-59.8942190510748
19723426666.7,-59.723090078039924
19728425000.0,-59.089919046807466
19733423333.3,-59.20844257038315
19738421666.7,-59.39268765634494
19743420000.0,-60.097819487630815
19748418333.3,-58.68569944750553
19753416666.7,-60.43044550262767
19758415000.0,-59.53772476792609
19763413333.3,-59.72000504658026
19768411666.7,-60.10595606778327
19773410000.0,-60.64394695760158
19778408333.3,-60.295854922571195
19783406666.7,-59.913852555069624
19788405000.0,-60.74193689171536
19793403333.3,-60.00510224909949
19798401666.7,-60.150695809494216
19803400000.0,-60.36142046567397
19808398333.3,-60.34691616655208
19813396666.7,-59.990305268399986
19818395000.0,-60.565135768468615
19823393333.3,-59.66568192563757
19828391666.7,-60.211666147421596
19833390000.0,-60.160337178473505
19838388333.3,-60.452088973154964
19843386666.7,-61.04104134921344
19848385000.0,-60.888260195209504
19853383333.3,-60.710466996403454
19858381666.7,-60.882841419481686
19863380000.0,-61.37477707982014
19868378333.3,-61.0767055960836
19873376666.7,-61.60171151927499
19878375000.0,-60.87911888542874
19883373333.3,-60.994455402074415
19888371666.7,-61.59598678778552
19893370000.0,-62.04358956237061
19898368333.3,-61.23514115915097
19903366666.7,-60.98681528714502
19908365000.0,-61.10265841317685
19913363333.3,-61.68693492925233
19918361666.7,-61.27455265052625
19923360000.0,-61.265040324217914
19928358333.3,-61.19504954440754
19933356666.7,-61.12781517046861
19938355000.0,-60.80134161697194
19943353333.3,-61.86543565150223
19948351666.7,-61.82068926768003
19953350000.0,-60.97908726270998
19958348333.3,-60.92067837899475
19963346666.7,-61.37585127137267
19968345000.0,-61.79427769741612
19973343333.3,-61.80408036043997
19978341666.7,-61.71965470428583
19983340000.0,-61.04213064899114
19988338333.3,-61.79740026501225
19993336666.7,-62.236311881095276
19998335000.0,-61.73205361091968
20003333333.3,-62.407567554982776
20008331666.7,-61.577188078885555
20013330000.0,-61.235129399959945
20018328333.3,-62.53323010886948
20023326666.7,-61.69673912940408
20028325000.0,-62.957096039412555
20033323333.3,-62.22945055395685
20038321666.7,-62.10128100150247
20043320000.0,-62.29860798031189
20048318333.3,-62.63708826871668
20053316666.7,-62.09971996525738
20058315000.0,-62.1258877509642
20063313333.3,-62.6570654962251
20068311666.7,-61.96226287747817
20073310000.0,-61.99450795067954
20078308333.3,-61.672119835139505
20083306666.7,-61.88957388057938
20088305000.0,-61.671275329508994
20093303333.3,-61.77982924550755
20098301666.7,-62.39911099803497
20103300000.0,-62.11696288410192
20108298333.3,-61.51051582403319
20113296666.7,-61.612474612237975
20118295000.0,-62.39525166426152
20123293333.3,-62.25404649767139
20128291666.7,-62.256950594753626
20133290000.0,-62.846200600355886
20138288333.3,-62.80711778207353
20143286666.7,-62.226120697605076
20148285000.0,-63.23223580515822
20153283333.3,-62.79276468173106
20158281666.7,-62.16341918913223
20163280000.0,-62.376079976650225
20168278333.3,-62.78152135545642
20173276666.7,-63.98233407536938
20178275000.0,-62.35303014139503
20183273333.3,-61.8562711292536
20188271666.7,-62.713288325220766
20193270000.0,-63.11758684499229
20198268333.3,-63.180393501290546
20203266666.7,-62.94747687267353
20208265000.0,-64.46852240565153
20213263333.3,-63.52490766335511
20218261666.7,-63.43670613409592
20223260000.0,-63.522442004744484
20228258333.3,-63.4671120829031
20233256666.7,-63.24559031230449
20238255000.0,-63.4928091063854
20243253333.3,-63.20823204746374
20248251666.7,-63.10438634894659
20253250000.0,-63.40946469655072
20258248333.3,-63.259432091307815
20263246666.7,-62.65522477667982
20268245000.0,-62.77876482934472
20273243333.3,-62.88766397035195
20278241666.7,-63.4621381535985
20283240000.0,-63.05713107404319
20288238333.3,-62.67558078943039
20293236666.7,-62.86382525782418
20298235000.0,-63.270501381337844
20303233333.3,-63.19614120267466
20308231666.7,-63.37141259464754
20313230000.0,-63.12026349419331
20318228333.3,-63.453665939384216
20323226666.7,-63.44047567289817
20328225000.0,-63.43922129286187
20333223333.3,-62.32727709685505
20338221666.7,-62.664820084876084
20343220000.0,-62.218914364760565
20348218333.3,-62.4765254595947
20353216666.7,-63.188491278062884
20358215000.0,-63.323012020646374
20363213333.3,-63.70672433409426
20368211666.7,-62.54633864366407
20373210000.0,-62.61982233873424
20378208333.3,-63.67545029216953
20383206666.7,-63.27111385076421
20388205000.0,-63.19367923371128
20393203333.3,-63.25767222987594
20398201666.7,-63.405915333291496
20403200000.0,-64.12989293045975
20408198333.3,-63.36409938430653
20413196666.7,-63.52119247350192
20418195000.0,-63.507527963087256
20423193333.3,-63.53248628198404
20428191666.7,-63.75148310709538
20433190000.0,-63.21482673950736
20438188333.3,-63.50200351244222
20443186666.7,-63.63071737722486
20448185000.0,-64.05502836522304
20453183333.3,-63.755429464893005
20458181666.7,-64.49742726572745
20463180000.0,-64.6108883712792
20468178333.3,-64.57956452588685
20473176666.7,-63.88887466527005
20478175000.0,-64.92818596905533
20483173333.3,-63.991808645962
20488171666.7,-64.6734634621783
20493170000.0,-64.73108669407614
20498168333.3,-64.35917373561463
20503166666.7,-64.01441484021034
20508165000.0,-64.55919289256629
20513163333.3,-64.24126034567206
20518161666.7,-63.658686225917094
20523160000.0,-63.98022153660251
20528158333.3,-63.88073214636116
20533156666.7,-63.466146629810154
20538155000.0,-62.815723652629856
20543153333.3,-63.95232791344681
20548151666.7,-63.80281877012116
20553150000.0,-64.01650131652826
20558148333.3,-64.47474124442512
20563146666.7,-64.89127891564566
20568145000.0,-64.82025294772448
20573143333.3,-64.43581373500169
20578141666.7,-63.39231336400239
20583140000.0,-63.81137591477619
20588138333.3,-64.20125343292015
20593136666.7,-64.04638171828056
20598135000.0,-64.54989800918283
20603133333.3,-65.01786059867459
20608131666.7,-64.26792675742485
20613130000.0,-64.4058591340567
20618128333.3,-64.5983935661813
20623126666.7,-64.18724379910853
20628125000.0,-64.41166082892822
20633123333.3,-64.12656034527583
20638121666.7,-64.82854810806464
20643120000.0,-65.04499576527961
20648118333.3,-65.61987251391851
20653116666.7,-65.36895669929334
20658115000.0,-65.41106834814217
20663113333.3,-66.36807558551233
20668111666.7,-65.16488652171334
20673110000.0,-66.17287003245725
20678108333.3,-65.19216424109112
20683106666.7,-64.60947640707198
20688105000.0,-65.83974400744992
20693103333.3,-65.85740332563834
20698101666.7,-65.43754336195188
20703100000.0,-64.8636857990168
20708098333.3,-67.10847393019695
20713096666.7,-65.52511591120995
20718095000.0,-66.48200588986685
20723093333.3,-66.49658298046553
20728091666.7,-65.98134054959964
20733090000.0,-65.84190226233041
20738088333.3,-66.48721361828825
20743086666.7,-67.0749945237337
20748085000.0,-65.24954000927734
20753083333.3,-65.53296925714123
20758081666.7,-66.25880586928942
20763080000.0,-64.82189164397947
20768078333.3,-64.97498407937437
20773076666.7,-65.11469295741145
20778075000.0,-64.75248461552303
20783073333.3,-64.93095143029342
20788071666.7,-65.18136631834624
20793070000.0,-65.24604857097874
20798068333.3,-66.09269738077424
20803066666.7,-65.26845055182896
20808065000.0,-64.98626538052223
20813063333.3,-66.66109415024776
20818061666.7,-65.5242706765131
20823060000.0,-65.44947279579942
20828058333.3,-65.8946180865966
20833056666.7,-66.1103684686704
20838055000.0,-66.66917264854091
20843053333.3,-65.01107301387387
20848051666.7,-65.0783539457285
20853050000.0,-65.00996000906976
20858048333.3,-65.16738156241631
20863046666.7,-64.9327361621636
20868045000.0,-64.63467998981541
20873043333.3,-64.92010434579325
20878041666.7,-64.94135965753368
20883040000.0,-65.38268287364919
20888038333.3,-65.76313096046972
20893036666.7,-66.6312155551587
20898035000.0,-65.97451658149693
20903033333.3,-66.71187196659771
20908031666.7,-65.7932406799742
20913030000.0,-67.31129521989794
20918028333.3,-66.36335017258934
20923026666.7,-66.44656073154944
20928025000.0,-67.79105862047444
20933023333.3,-66.43442549084062
20938021666.7,-67.34134213356418
20943020000.0,-66.57978392296198
20948018333.3,-67.06127380751536
20953016666.7,-66.70981538243635
20958015000.0,-66.93936938835714
20963013333.3,-67.69668351395809
20968011666.7,-67.66123885509734
20973010000.0,-67.94752243443169
20978008333.3,-66.95867377124053
20983006666.7,-67.95492939419945
20988005000.0,-67.19231305962369
20993003333.3,-67.70902455002071
20998001666.7,-67.46622030255287
21003000000.0,-66.93156367691803
21007998333.3,-67.85061796821782
21012996666.7,-66.79460921741845
21017995000.0,-65.96445744804126
21022993333.3,-66.18178362685194
21027991666.7,-66.59328085675632
21032990000.0,-67.06372194225933
21037988333.3,-65.71014693011709
21042986666.7,-66.98357672515252
21047985000.0,-65.72070229702369
21052983333.3,-66.13203133642136
21057981666.7,-66.66704808429643
21062980000.0,-65.69978708278956
21067978333.3,-67.12121691014472
21072976666.7,-65.80241118457683
21077975000.0,-66.27787057104788
21082973333.3,-65.93879921002636
21087971666.7,-65.87882315132784
21092970000.0,-66.08465726862224
21097968333.3,-65.63370510694917
21102966666.7,-65.50630833928346
21107965000.0,-66.48136960150136
21112963333.3,-65.42634778736692
21117961666.7,-65.14117369035782
21122960000.0,-65.2627516424042
21127958333.3,-64.72534366694246
21132956666.7,-66.19193409723397
21137955000.0,-66.00379571241766
21142953333.3,-66.62976790863573
21147951666.7,-67.3899273273053
21152950000.0,-66.66599597044419
21157948333.3,-67.64280719226002
21162946666.7,-66.97488293057089
21167945000.0,-66.56517203826708
21172943333.3,-67.28473728041321
21177941666.7,-67.90295511596773
21182940000.0,-68.02524614459693
21187938333.3,-66.23227548251899
21192936666.7,-67.99176617279612
21197935000.0,-67.68871030961517
21202933333.3,-67.12063079884078
21207931666.7,-67.11785495812669
21212930000.0,-67.16345599909653
21217928333.3,-68.00289698671658
21222926666.7,-67.92063345677431
21227925000.0,-67.22314860802355
21232923333.3,-67.36994360855299
21237921666.7,-67.18620002518443
21242920000.0,-68.28907135977101
21247918333.3,-67.56937095250015
21252916666.7,-67.45953176938156
21257915000.0,-68.22664272747186
21262913333.3,-67.54265118712294
21267911666.7,-67.73919299666835
21272910000.0,-68.59005404993118
21277908333.3,-67.15071114981666
21282906666.7,-67.0877500968676
21287905000.0,-67.7737774942001
21292903333.3,-65.99644142274995
21297901666.7,-66.81480147870263
21302900000.0,-66.30662255388478
21307898333.3,-66.41911611701396
21312896666.7,-68.14050332923627
21317895000.0,-66.21765000442284
21322893333.3,-66.79130779620436
21327891666.7,-66.8874897955136
21332890000.0,-66.78499077100224
21337888333.3,-66.55271108864868
21342886666.7,-67.02142536043146
21347885000.0,-67.00446828659098
21352883333.3,-67.77497163471506
21357881666.7,-66.56403126663578
21362880000.0,-64.77968362310898
21367878333.3,-66.78644308551546
21372876666.7,-66.38118158957677
21377875000.0,-66.50132513032068
21382873333.3,-66.42359069160958
21387871666.7,-67.42422478557144
21392870000.0,-66.65962820366362
21397868333.3,-66.7407250686911
21402866666.7,-66.5824233218901
21407865000.0,-66.63154375938223
21412863333.3,-67.98268261280884
21417861666.7,-66.7035052995848
21422860000.0,-66.83163819236695
21427858333.3,-66.53796123731678
21432856666.7,-67.38333983542601
21437855000.0,-66.70227121455949
21442853333.3,-66.81263378153201
21447851666.7,-66.55473368539218
21452850000.0,-66.56849931521569
21457848333.3,-66.47772282195558
21462846666.7,-66.73751402672231
21467845000.0,-65.92117102510691
21472843333.3,-66.78681196887072
21477841666.7,-66.46093056169356
21482840000.0,-67.17137914883358
21487838333.3,-67.40345888116605
21492836666.7,-67.22611408510114
21497835000.0,-66.60652191044642
21502833333.3,-66.48849096325048
21507831666.7,-66.96130716409344
21512830000.0,-67.84370087695736
21517828333.3,-67.50245440636094
21522826666.7,-68.47808752290521
21527825000.0,-67.55659398761358
21532823333.3,-67.35108836831579
21537821666.7,-66.78197225491708
21542820000.0,-68.61456352725207
21547818333.3,-67.3040863158584
21552816666.7,-66.82625733227569
21557815000.0,-66.81054779531514
21562813333.3,-65.78765828113131
21567811666.7,-67.25069414672332
21572810000.0,-66.76889839193126
21577808333.3,-68.87262206385341
21582806666.7,-68.41977866127036
21587805000.0,-66.56735387951974
21592803333.3,-65.8411515995467
21597801666.7,-66.98425523383112
21602800000.0,-66.56461375073084
21607798333.3,-66.51949081351647
21612796666.7,-66.94802079518055
21617795000.0,-66.61692860314852
21622793333.3,-66.23289919879336
21627791666.7,-66.74813161474442
21632790000.0,-67.17118177240816
21637788333.3,-67.80144619658394
21642786666.7,-67.08712822408265
21647785000.0,-67.38870999564409
21652783333.3,-68.30531352053889
21657781666.7,-66.49820558502844
21662780000.0,-67.83980661233458
21667778333.3,-68.62010754545972
21672776666.7,-67.37700552986718
21677775000.0,-67.51933909039244
21682773333.3,-67.1252083170217
21687771666.7,-68.80767936159324
21692770000.0,-69.6796165317285
21697768333.3,-68.0263629439076
21702766666.7,-66.43206289975518
21707765000.0,-67.60262977639992
21712763333.3,-68.01570395049706
21717761666.7,-67.37028637845506
21722760000.0,-68.2033837012236
21727758333.3,-66.99036124019551
21732756666.7,-66.43209275294066
21737755000.0,-67.37226284501665
21742753333.3,-67.65678079171323
21747751666.7,-68.68755782668379
21752750000.0,-68.66061904555146
21757748333.3,-68.59457480968382
21762746666.7,-68.45050594873493
21767745000.0,-67.74756095889992
21772743333.3,-67.35042792560075
21777741666.7,-68.58913318838282
21782740000.0,-66.58227629783431
21787738333.3,-67.72600037091439
21792736666.7,-67.59484409143202
21797735000.0,-68.00677128679621
21802733333.3,-66.91270273695541
21807731666.7,-67.28889864048605
21812730000.0,-66.76406870795236
21817728333.3,-68.82806953195114
21822726666.7,-66.52767381034201
21827725000.0,-66.0849643008821
21832723333.3,-67.76213952857951
21837721666.7,-67.39140012086798
21842720000.0,-66.84710246986276
21847718333.3,-67.43936733598177
21852716666.7,-68.2500579411415
21857715000.0,-67.58400229338649
21862713333.3,-68.94239505033056
21867711666.7,-68.5407678940999
21872710000.0,-67.96312856968405
21877708333.3,-68.7234018441117
21882706666.7,-69.61786724561952
21887705000.0,-68.76799289567371
21892703333.3,-68.5725679155322
21897701666.7,-70.36989816286076
21902700000.0,-67.19125428636896
21907698333.3,-68.17041818945835
21912696666.7,-68.8794341067051
21917695000.0,-68.49341002930022
21922693333.3,-67.20748312138052
21927691666.7,-67.93216819280688
21932690000.0,-68.75159548917071
21937688333.3,-68.4132245078736
21942686666.7,-68.29242160587572
21947685000.0,-68.78213347647129
21952683333.3,-69.60678388059712
21957681666.7,-69.47070625951723
21962680000.0,-68.75172428989727
21967678333.3,-69.7729016107064
21972676666.7,-68.97186760328596
21977675000.0,-67.66057181002688
21982673333.3,-68.71141069378949
21987671666.7,-68.47526335531168
21992670000.0,-67.66432682009908
21997668333.3,-69.27179985850591
22002666666.7,-68.8579664152351
22007665000.0,-68.76230093754437
22012663333.3,-69.30062071455743
22017661666.7,-69.8212036181458
22022660000.0,-69.64559399853316
22027658333.3,-67.22255963448347
22032656666.7,-69.11336084398599
22037655000.0,-69.43111194932159
22042653333.3,-67.33736176452625
22047651666.7,-69.01769988027544
22052650000.0,-67.7826906764068
22057648333.3,-67.89321921367842
22062646666.7,-67.66268517603693
22067645000.0,-68.27744907969081
22072643333.3,-68.92481121563064
22077641666.7,-68.79841811478377
22082640000.0,-66.94272812711316
22087638333.3,-67.43915002918153
22092636666.7,-68.54974343349048
22097635000.0,-67.33767272062094
22102633333.3,-67.25229856710583
22107631666.7,-69.58196912571671
22112630000.0,-69.79178604879175
22117628333.3,-67.81981081665725
22122626666.7,-68.58327953269962
22127625000.0,-69.14187335076971
22132623333.3,-70.25566689857969
22137621666.7,-70.7138818928212
22142620000.0,-69.34242843247311
22147618333.3,-68.61959615704981
22152616666.7,-70.77652149140272
22157615000.0,-68.65923448297112
22162613333.3,-68.29067568853444
22167611666.7,-68.05668152001901
22172610000.0,-68.10752575813396
22177608333.3,-68.35329769962728
22182606666.7,-66.92158798744097
22187605000.0,-69.38342965387461
22192603333.3,-69.69771209818435
22197601666.7,-69.48632778701672
22202600000.0,-68.33969947197454
22207598333.3,-68.4512848142296
22212596666.7,-68.27501592653378
22217595000.0,-67.35304350281871
22222593333.3,-68.49952099456065
22227591666.7,-69.22094281812583
22232590000.0,-68.43197322470158
22237588333.3,-68.28496791155067
22242586666.7,-68.609722715464
22247585000.0,-67.37152659179559
22252583333.3,-67.16869167435628
22257581666.7,-69.01132434107897
22262580000.0,-67.6948412367829
22267578333.3,-69.35212843730885
22272576666.7,-68.60918255469436
22277575000.0,-68.04528849052593
22282573333.3,-69.06998979099936
22287571666.7,-69.36528485375861
22292570000.0,-68.52861994036357
22297568333.3,-67.17917667317428
22302566666.7,-68.0543190921782
22307565000.0,-69.64504278102513
22312563333.3,-71.04379577358792
22317561666.7,-68.3717384384933
22322560000.0,-68.40146032653831
22327558333.3,-69.25349084422524
22332556666.7,-70.39252567746472
22337555000.0,-69.61733359126927
22342553333.3,-69.39853463458066
22347551666.7,-69.88939400690187
22352550000.0,-68.17790060307942
22357548333.3,-69.9978367078739
22362546666.7,-69.75026177738913
22367545000.0,-68.27895456511466
22372543333.3,-69.46939297252702
22377541666.7,-71.37427236446071
22382540000.0,-69.3814049895873
22387538333.3,-69.25462129447416
22392536666.7,-68.75640958970924
22397535000.0,-71.46220983914448
22402533333.3,-69.17466252044169
22407531666.7,-69.58657584726001
22412530000.0,-68.8653599381391
22417528333.3,-68.00069120219312
22422526666.7,-67.6385147285655
22427525000.0,-68.523176132255
22432523333.3,-68.73333087778948
22437521666.7,-68.7064373259166
22442520000.0,-68.99055510550654
22447518333.3,-68.89973303325375
22452516666.7,-67.64118394572355
22457515000.0,-69.03376840097758
22462513333.3,-68.81123158870223
22467511666.7,-67.97632155941292
22472510000.0,-68.91891620540329
22477508333.3,-68.21616795897752
22482506666.7,-67.94528872867726
22487505000.0,-68.48720417835057
22492503333.3,-68.639168876433
22497501666.7,-67.5571248267941
22502500000.0,-69.41392236594251
22507498333.3,-69.42177846309713
22512496666.7,-68.08213186620391
22517495000.0,-69.42788324924119
22522493333.3,-67.88026250291695
22527491666.7,-68.1067064019008
22532490000.0,-69.15600143171329
22537488333.3,-69.17263868789871
22542486666.7,-68.84754511607015
22547485000.0,-69.21202470530127
22552483333.3,-69.17422985780807
22557481666.7,-69.81980473328606
22562480000.0,-69.75404920335589
22567478333.3,-69.10499388632688
22572476666.7,-67.93629820000251
22577475000.0,-68.64922338767255
22582473333.3,-68.53508188159432
22587471666.7,-69.25926959174986
22592470000.0,-69.16086573557092
22597468333.3,-69.89346292824608
22602466666.7,-69.90293913541808
22607465000.0,-70.2760658691207
22612463333.3,-71.63658880949961
22617461666.7,-70.01102959183663
22622460000.0,-69.18240433865539
22627458333.3,-69.82833678013039
22632456666.7,-69.93965977808993
22637455000.0,-72.84379652892149
22642453333.3,-71.8414955607686
22647451666.7,-73.34200224691399
22652450000.0,-70.71761676699143
22657448333.3,-69.1239072867242
22662446666.7,-70.84880806192561
22667445000.0,-69.69212075477331
22672443333.3,-70.72968469155006
22677441666.7,-71.23806442610484
22682440000.0,-71.62708288811471
22687438333.3,-70.03998895865726
22692436666.7,-71.65859607164576
22697435000.0,-70.03365193116468
22702433333.3,-69.14709199228268
22707431666.7,-69.77324665807534
22712430000.0,-69.44174758226902
22717428333.3,-71.06288379580036
22722426666.7,-70.7411629495486
22727425000.0,-70.43923795822602
22732423333.3,-69.03083646371105
22737421666.7,-69.99261925661715
22742420000.0,-70.02834011620968
22747418333.3,-68.88484622790475
22752416666.7,-70.97456761150823
22757415000.0,-68.83893134713061
22762413333.3,-71.33586249728533
22767411666.7,-69.5766274943795
22772410000.0,-71.61648121919254
22777408333.3,-70.08864039467512
22782406666.7,-71.3721019300576
22787405000.0,-70.00534313972932
22792403333.3,-69.52774380905635
22797401666.7,-71.13024140390453
22802400000.0,-70.64612766331359
22807398333.3,-74.28830480611185
22812396666.7,-72.82665176033174
22817395000.0,-70.99912740617802
22822393333.3,-71.66103277095407
22827391666.7,-70.1158943026062
22832390000.0,-70.93455212578658
22837388333.3,-71.33132364485309
22842386666.7,-70.75402486330499
22847385000.0,-71.0998740521654
22852383333.3,-72.73954327243243
22857381666.7,-70.67763826807021
22862380000.0,-71.77187770084623
22867378333.3,-70.6228980322325
22872376666.7,-72.10136468974913
22877375000.0,-70.13314766414729
22882373333.3,-69.94490690600598
22887371666.7,-71.46474473897942
22892370000.0,-70.16312781930277
22897368333.3,-71.75848416673011
22902366666.7,-71.32905515919738
22907365000.0,-71.46121832982051
22912363333.3,-72.02295786668158
22917361666.7,-70.54159543741312
22922360000.0,-70.16461452815147
22927358333.3,-72.67843954047606
22932356666.7,-70.8234454434307
22937355000.0,-71.866363930993
22942353333.3,-70.36460581130066
22947351666.7,-70.86519819416691
22952350000.0,-69.27403999202431
22957348333.3,-71.99197906948643
22962346666.7,-70.33395882845447
22967345000.0,-70.95399477323186
22972343333.3,-68.9182957973285
22977341666.7,-71.53957376721503
22982340000.0,-70.5506167592341
22987338333.3,-70.67770738516407
22992336666.7,-70.4544205605409
22997335000.0,-69.43723151632969
23002333333.3,-69.48778088331612
23007331666.7,-70.28008012681158
23012330000.0,-71.85094449172774
23017328333.3,-71.41442221868773
23022326666.7,-71.3837467385379
23027325000.0,-70.06022120324944
23032323333.3,-71.16086908762706
23037321666.7,-71.67788413308628
23042320000.0,-70.99864539111054
23047318333.3,-71.82818122182749
23052316666.7,-70.18752208714818
23057315000.0,-69.27624732581354
23062313333.3,-68.78070346111957
23067311666.7,-70.93258050850034
23072310000.0,-70.81277810565702
23077308333.3,-70.71351696793784
23082306666.7,-70.84099250295579
23087305000.0,-74.20206746463677
23092303333.3,-72.40983501135595
23097301666.7,-72.48588954221508
23102300000.0,-73.26763862751865
23107298333.3,-70.78331811245351
23112296666.7,-71.92057398856858
23117295000.0,-72.41159061230914
23122293333.3,-71.18699993077763
23127291666.7,-69.83826916761677
23132290000.0,-71.27807453491911
23137288333.3,-71.8107610238321
23142286666.7,-73.05172167492886
23147285000.0,-72.35493246819875
23152283333.3,-70.47720270972658
23157281666.7,-73.0311971602171
23162280000.0,-72.37806151422531
23167278333.3,-72.10939883013
23172276666.7,-72.83311096881741
23177275000.0,-74.06811915968795
23182273333.3,-73.67367935426404
23187271666.7,-71.45151411538981
23192270000.0,-72.87652696966049
23197268333.3,-72.21181318266841
23202266666.7,-72.80677721166877
23207265000.0,-71.63025522168722
23212263333.3,-70.20407229376546
23217261666.7,-70.36219324239717
23222260000.0,-72.20819086873584
23227258333.3,-71.09239229427688
23232256666.7,-69.96859597099176
23237255000.0,-72.53405558598874
23242253333.3,-71.64594211091585
23247251666.7,-71.25160718536621
23252250000.0,-72.37555262583183
23257248333.3,-68.92948999642383
23262246666.7,-72.01412213089492
23267245000.0,-70.93981569954506
23272243333.3,-70.52119046683701
23277241666.7,-71.14961205342054
23282240000.0,-71.57702374145197
23287238333.3,-72.04460964456982
23292236666.7,-71.63875341287809
23297235000.0,-71.53088894355483
23302233333.3,-73.77228887233214
23307231666.7,-72.23050664851382
23312230000.0,-71.0953082317245
23317228333.3,-69.54162481355905
23322226666.7,-71.288268037519
23327225000.0,-71.75805573159812
23332223333.3,-72.87055522794913
23337221666.7,-72.1121923647962
23342220000.0,-71.18957751149718
23347218333.3,-71.05293490189644
23352216666.7,-72.73067445193976
23357215000.0,-70.33138353810399
23362213333.3,-71.7984740599375
23367211666.7,-72.86807735335147
23372210000.0,-71.90209042242434
23377208333.3,-72.07352874662965
23382206666.7,-71.94949717996447
23387205000.0,-71.48616699999917
23392203333.3,-74.86994706331116
23397201666.7,-70.93379830073135
23402200000.0,-72.21371696856635
23407198333.3,-70.50617268073495
23412196666.7,-71.41078665678157
23417195000.0,-71.94763738335928
23422193333.3,-70.47246796008147
23427191666.7,-71.73027791374868
23432190000.0,-72.08672455832269
23437188333.3,-71.77057522436938
23442186666.7,-72.27354197620352
23447185000.0,-71.71594260016948
23452183333.3,-71.30837648155622
23457181666.7,-71.45841745943619
23462180000.0,-70.31613198183273
23467178333.3,-71.63678252183202
23472176666.7,-71.09626486006587
23477175000.0,-69.99681418992287
23482173333.3,-73.87538264107081
23487171666.7,-71.78990778569204
23492170000.0,-72.69372901636768
23497168333.3,-72.22509269721273
23502166666.7,-72.82428877082776
23507165000.0,-72.76519321535515
23512163333.3,-71.6669438466077
23517161666.7,-71.45311997484711
23522160000.0,-73.66430850184395
23527158333.3,-73.29135816075292
23532156666.7,-72.33010371988453
23537155000.0,-71.68772123358669
23542153333.3,-72.48613451446562
23547151666.7,-70.78721792347778
23552150000.0,-72.17459222229189
23557148333.3,-72.9489273466853
23562146666.7,-71.43896158988538
23567145000.0,-72.03139741473888
23572143333.3,-70.96304152948979
23577141666.7,-70.7579845161855
23582140000.0,-70.78621830807934
23587138333.3,-71.73240558514956
23592136666.7,-73.01300222807485
23597135000.0,-71.2346612089631
23602133333.3,-72.84322689497606
23607131666.7,-72.62946251020132
23612130000.0,-72.18252733491937
23617128333.3,-70.2942102429313
23622126666.7,-69.94267116893721
23627125000.0,-71.73777359485415
23632123333.3,-70.59727355874676
23637121666.7,-71.71001088494519
23642120000.0,-72.04573844788035
23647118333.3,-70.87582987350457
23652116666.7,-69.21591927423623
23657115000.0,-70.35505148912756
23662113333.3,-71.25009902183977
23667111666.7,-70.85721841387065
23672110000.0,-69.31647664591054
23677108333.3,-72.69113710314534
23682106666.7,-69.9321095086743
23687105000.0,-70.32754673017676
23692103333.3,-71.33653854105805
23697101666.7,-69.32633273865346
23702100000.0,-71.92838039177187
23707098333.3,-72.09678836832994
23712096666.7,-71.52887527973786
23717095000.0,-73.35793560316124
23722093333.3,-72.1238486296022
23727091666.7,-72.03399756102486
23732090000.0,-72.92514128871329
23737088333.3,-71.81867445254011
23742086666.7,-70.77105488573679
23747085000.0,-72.15532364727068
23752083333.3,-71.05408614531103
23757081666.7,-73.04930838418299
23762080000.0,-70.66723776453844
23767078333.3,-70.09426834499459
23772076666.7,-71.77854274642493
23777075000.0,-70.38803213664049
23782073333.3,-68.23707865286178
23787071666.7,-70.99826725981592
23792070000.0,-72.83381015352344
23797068333.3,-70.23561297637443
23802066666.7,-71.49328062478722
23807065000.0,-70.37347977047654
23812063333.3,-72.0482931427935
23817061666.7,-71.6131168739969
23822060000.0,-72.30091770624183
23827058333.3,-71.42913209303035
23832056666.7,-71.39204402130159
23837055000.0,-70.7558651583369
23842053333.3,-69.93282957998046
23847051666.7,-73.40181161867427
23852050000.0,-69.79498667160885
23857048333.3,-72.5183848739054
23862046666.7,-69.9359992173416
23867045000.0,-68.83345532164795
23872043333.3,-72.64373755235096
23877041666.7,-68.94730936700556
23882040000.0,-72.30097508414326
23887038333.3,-71.29629685689264
23892036666.7,-69.53478112544089
23897035000.0,-70.46398197830122
23902033333.3,-70.63608647738343
23907031666.7,-68.97296104102193
23912030000.0,-69.40001311727228
23917028333.3,-71.31739571544219
23922026666.7,-71.7140428359511
23927025000.0,-70.4545881637277
23932023333.3,-70.58469414329454
23937021666.7,-70.41805621999485
23942020000.0,-71.54272137180322
23947018333.3,-69.60971360542541
23952016666.7,-70.91042688010648
23957015000.0,-72.35956470145517
23962013333.3,-72.59948527409148
23967011666.7,-71.57802134078834
23972010000.0,-69.79495895629033
23977008333.3,-70.60145950400494
23982006666.7,-69.42748634191197
23987005000.0,-71.34233373724547
23992003333.3,-72.29227789554217
23997001666.7,-70.02024147843454
24002000000.0,-71.62335157804841
24006998333.3,-71.16154685108745
24011996666.7,-69.1296317399833
24016995000.0,-71.73223899479791
24021993333.3,-74.82434245672522
24026991666.7,-66.67704155301917
24031990000.0,-76.76494725642858
24036988333.3,-68.15477653347428
24041986666.7,-71.94715218900244
24046985000.0,-70.65357489386446
24051983333.3,-68.05453746374235
24056981666.7,-67.91516081263565
24061980000.0,-68.10052500895247
24066978333.3,-66.03677068749157
24071976666.7,-77.65538175960192
24076975000.0,-66.73624881901287
24081973333.3,-69.37890550152845
24086971666.7,-67.04012476688672
24091970000.0,-71.53443237628989
24096968333.3,-68.75826069156874
24101966666.7,-67.44293491239473
24106965000.0,-72.82433193319964
24111963333.3,-70.72156370536207
24116961666.7,-72.97158572632566
24121960000.0,-73.50500236734217
24126958333.3,-65.1784319695661
24131956666.7,-69.43826735448957
24136955000.0,-75.27562954279313
24141953333.3,-78.05145380331749
24146951666.7,-77.9840664758235
24151950000.0,-75.22116407169844
24156948333.3,-72.53365464322722
24161946666.7,-69.27285969282583
24166945000.0,-78.7352908260554
24171943333.3,-84.54252366438702
24176941666.7,-68.19312407835871
24181940000.0,-69.19514224064676
24186938333.3,-68.72478193452702
24191936666.7,-68.14214439321367
24196935000.0,-67.26836916526734
24201933333.3,-73.52059117338814
24206931666.7,-72.52677684619454
24211930000.0,-69.38862126656959
24216928333.3,-68.54936166857796
24221926666.7,-69.6912388825754
24226925000.0,-74.27205412513024
24231923333.3,-71.93596665390561
24236921666.7,-79.7058915908045
24241920000.0,-71.29695746910106
24246918333.3,-70.45630706935074
24251916666.7,-63.9897047485008
24256915000.0,-73.23997327916504
24261913333.3,-70.77277756470107
24266911666.7,-70.01237706522096
24271910000.0,-73.19692728882676
24276908333.3,-69.54216350196417
24281906666.7,-71.37776835872036
24286905000.0,-71.45406947539736
24291903333.3,-71.71567433863748
24296901666.7,-73.13920775315226
24301900000.0,-76.24542086369277
24306898333.3,-75.41166275653765
24311896666.7,-67.14838940399405
24316895000.0,-69.96938982463077
24321893333.3,-75.14724182973124
24326891666.7,-65.69860887683159
24331890000.0,-70.01508653241474
24336888333.3,-74.62372932969394
24341886666.7,-73.7751065056862
24346885000.0,-70.25245677973727
24351883333.3,-73.62734927598208
24356881666.7,-71.18825151266621
24361880000.0,-71.31338237051787
24366878333.3,-68.64633047362742
24371876666.7,-70.18496468014011
24376875000.0,-68.87317279971408
24381873333.3,-69.06091428585319
24386871666.7,-69.01189611218831
24391870000.0,-65.78438926718758
24396868333.3,-64.53914883450494
24401866666.7,-70.47229082276596
24406865000.0,-78.00343210846864
24411863333.3,-67.8730537360698
24416861666.7,-72.5180054784858
24421860000.0,-72.63632509142857
24426858333.3,-67.2190366828932
24431856666.7,-73.63964834040281
24436855000.0,-74.3897650118864
24441853333.3,-69.7982183242963
24446851666.7,-65.43172618133143
24451850000.0,-68.20689733879762
24456848333.3,-74.57331499459005
24461846666.7,-67.12707087852084
24466845000.0,-69.48964892455703
24471843333.3,-66.72993151972906
24476841666.7,-73.16489883311183
24481840000.0,-73.78209828187303
24486838333.3,-78.60603081259741
24491836666.7,-75.44648573918876
24496835000.0,-76.24991093519773
24501833333.3,-83.56805840625611
24506831666.7,-69.89362775893584
24511830000.0,-72.26685962534346
24516828333.3,-74.93553190042374
24521826666.7,-72.92021850415455
24526825000.0,-66.96017076125229
24531823333.3,-66.78860650541449
24536821666.7,-70.864214831442
24541820000.0,-69.11939857802336
24546818333.3,-74.88121885253874
24551816666.7,-67.87584430101381
24556815000.0,-68.62626022746561
24561813333.3,-65.82128069476278
24566811666.7,-71.90017943824085
24571810000.0,-68.83953529900826
24576808333.3,-68.9983929503278
24581806666.7,-69.83216110628204
24586805000.0,-70.50298421474183
24591803333.3,-67.8771777803802
24596801666.7,-67.07671871101516
24601800000.0,-71.38358508857876
24606798333.3,-74.74769507937309
24611796666.7,-70.44646303699122
24616795000.0,-81.8390025227326
24621793333.3,-69.92874028158424
24626791666.7,-74.24590801061206
24631790000.0,-65.46927693920809
24636788333.3,-69.75986790865059
24641786666.7,-67.32256513785777
24646785000.0,-70.33222249954594
24651783333.3,-75.52640930783403
24656781666.7,-68.81160103656383
24661780000.0,-75.26380889539196
24666778333.3,-69.32314584455682
24671776666.7,-64.4545641799682
24676775000.0,-67.60136543288532
24681773333.3,-68.46078257134786
24686771666.7,-65.1447517612466
24691770000.0,-70.16199624521525
24696768333.3,-68.54447188602111
24701766666.7,-70.59599028536998
24706765000.0,-67.2670336949694
24711763333.3,-70.35394654313205
24716761666.7,-66.68850995049284
24721760000.0,-67.71039894484954
24726758333.3,-66.75872865792661
24731756666.7,-70.36743013729219
24736755000.0,-69.97138717166501
24741753333.3,-71.48932952446211
24746751666.7,-68.49870194689332
24751750000.0,-68.23510673397094
24756748333.3,-70.69331050115682
24761746666.7,-69.55147310789079
24766745000.0,-73.35213821097611
24771743333.3,-69.98426991345829
24776741666.7,-79.79243615434275
24781740000.0,-68.63758334616355
24786738333.3,-69.75969723221185
24791736666.7,-69.13914925592994
24796735000.0,-70.15357558399737
24801733333.3,-76.68741743342916
24806731666.7,-68.46592522493515
24811730000.0,-68.21862008605692
24816728333.3,-74.6481646624269
24821726666.7,-69.15447019829676
24826725000.0,-72.40995315687692
24831723333.3,-68.68195875072415
24836721666.7,-71.43706634733569
24841720000.0,-71.90713765001081
24846718333.3,-73.0366666437068
24851716666.7,-70.67847246748543
24856715000.0,-73.91247833238758
24861713333.3,-70.65234471093287
24866711666.7,-69.81300625771249
24871710000.0,-70.58835962045927
24876708333.3,-66.87160633781896
24881706666.7,-67.94678067626624
24886705000.0,-67.73081466858189
24891703333.3,-68.61314989790804
24896701666.7,-69.91780802014144
24901700000.0,-68.12676487653755
24906698333.3,-72.8721294680517
24911696666.7,-71.8801186156262
24916695000.0,-91.25580683412107
24921693333.3,-75.60949618760232
24926691666.7,-68.44069691276941
24931690000.0,-68.87121053022291
24936688333.3,-76.73599718968214
24941686666.7,-74.74549453435758
24946685000.0,-73.74969487834446
24951683333.3,-67.41518928374347
24956681666.7,-71.66299946369405
24961680000.0,-72.78963627284212
24966678333.3,-66.54974556920637
24971676666.7,-73.13498694063263
24976675000.0,-79.63894885555986
24981673333.3,-70.36845251213173
24986671666.7,-68.3037112074786
24991670000.0,-75.9411561703425
24996668333.3,-69.75071343265168
25001666666.7,-74.0495049935184
25006665000.0,-68.87420422769077
25011663333.3,-76.10841277616152
25016661666.7,-70.26839776407056
25021660000.0,-69.91406519980153
25026658333.3,-68.92062332559098
25031656666.7,-68.19614388998185
25036655000.0,-70.21521185177585
25041653333.3,-72.50572995804504
25046651666.7,-70.93257041512906
25051650000.0,-75.14028205100233
25056648333.3,-71.06050436360559
25061646666.7,-68.18563947226463
25066645000.0,-69.15646913843392
25071643333.3,-66.92971976882093
25076641666.7,-69.9476473686389
25081640000.0,-69.25562868279947
25086638333.3,-70.01276636151981
25091636666.7,-68.90968319481895
25096635000.0,-77.16132519007955
25101633333.3,-69.23867511984224
25106631666.7,-70.51613828756345
25111630000.0,-73.2327983547521
25116628333.3,-73.70867283765696
25121626666.7,-74.13879864087012
25126625000.0,-68.61824497765157
25131623333.3,-72.19556407768235
25136621666.7,-75.602487130241
25141620000.0,-70.94112418375931
25146618333.3,-71.09121637211756
25151616666.7,-71.41357680806932
25156615000.0,-71.16706705107467
25161613333.3,-72.83414548949379
25166611666.7,-71.23616447464696
25171610000.0,-68.6374729943987
25176608333.3,-70.53220744344772
25181606666.7,-69.7132504616731
25186605000.0,-72.81108488443593
25191603333.3,-72.81941013650838
25196601666.7,-78.21144163501631
25201600000.0,-71.75314347976327
25206598333.3,-71.50179400270412
25211596666.7,-69.56124780907481
25216595000.0,-72.71537078466685
25221593333.3,-69.20004117262653
25226591666.7,-67.1713319136653
25231590000.0,-75.46864205458638
25236588333.3,-68.54634553864285
25241586666.7,-80.0654584032439
25246585000.0,-72.06901210224375
25251583333.3,-69.90819413107934
25256581666.7,-72.07526026069576
25261580000.0,-69.07266198281798
25266578333.3,-72.42133720291481
25271576666.7,-67.95115165269158
25276575000.0,-72.1786503645239
25281573333.3,-71.79588828326402
25286571666.7,-72.58333687439078
25291570000.0,-75.55952470643174
25296568333.3,-72.82007405737265
25301566666.7,-65.73703164130193
25306565000.0,-71.79378099971424
25311563333.3,-73.0622939965569
25316561666.7,-72.21437070247003
25321560000.0,-72.29322215634618
25326558333.3,-63.85626014743224
25331556666.7,-71.55984909491946
25336555000.0,-68.26938143760624
25341553333.3,-70.31105503761319
25346551666.7,-67.21208716661491
25351550000.0,-72.46591863854964
25356548333.3,-73.84935006585333
25361546666.7,-72.03735468147973
25366545000.0,-69.29869414919187
25371543333.3,-69.46023540753353
25376541666.7,-73.36307832815783
25381540000.0,-69.50111886746429
25386538333.3,-70.8469783736957
25391536666.7,-67.6144621705911
25396535000.0,-68.97350185866787
25401533333.3,-68.73829927136148
25406531666.7,-72.41572024150965
25411530000.0,-69.93024836723399
25416528333.3,-74.56735368927136
25421526666.7,-74.66474061157732
25426525000.0,-68.09385263301326
25431523333.3,-76.66233917026615
25436521666.7,-69.39105935578314
25441520000.0,-71.52921109161397
25446518333.3,-71.75305262174605
25451516666.7,-76.20360715173875
25456515000.0,-74.37284122893035
25461513333.3,-76.48462237826949
25466511666.7,-76.68747296237734
25471510000.0,-79.54761350512068
25476508333.3,-78.50699291799249
25481506666.7,-77.67486290010498
25486505000.0,-69.86392474182126
25491503333.3,-74.1598514935892
25496501666.7,-72.90684720825261
25501500000.0,-67.94632624819613
25506498333.3,-72.06415281575273
25511496666.7,-73.47324537692208
25516495000.0,-74.20317487559552
25521493333.3,-71.3118642568432
25526491666.7,-70.01532957418102
25531490000.0,-71.51263321750332
25536488333.3,-73.79293048230741
25541486666.7,-77.1012471072199
25546485000.0,-70.51345959456312
25551483333.3,-69.54511460267567
25556481666.7,-70.91215030682935
25561480000.0,-66.4072443626813
25566478333.3,-70.04206785765889
25571476666.7,-72.39900799185418
25576475000.0,-66.9756388701469
25581473333.3,-69.94465439465743
25586471666.7,-71.01961713877665
25591470000.0,-71.46811786515957
25596468333.3,-71.64541439684163
25601466666.7,-67.47943725587112
25606465000.0,-70.05203536223047
25611463333.3,-66.34356596071744
25616461666.7,-71.84109275785782
25621460000.0,-82.42294086585491
25626458333.3,-74.78394007432586
25631456666.7,-69.20740902116422
25636455000.0,-67.77170039545189
25641453333.3,-69.4216650502228
25646451666.7,-69.06956431772568
25651450000.0,-66.92245618337111
25656448333.3,-68.74143469314444
25661446666.7,-77.6140538977358
25666445000.0,-68.78123270299626
25671443333.3,-70.68973184299202
25676441666.7,-72.92272760225133
25681440000.0,-75.11482959936927
25686438333.3,-69.60165114348402
25691436666.7,-70.3837955739601
25696435000.0,-71.11940970309169
25701433333.3,-70.7180478161308
25706431666.7,-70.77622363326836
25711430000.0,-72.8227275887596
25716428333.3,-71.45130888436941
25721426666.7,-70.3228967272632
25726425000.0,-73.65997498491511
25731423333.3,-71.8072407201278
25736421666.7,-75.56007807311909
25741420000.0,-74.03761948787826
25746418333.3,-72.78474039964524
25751416666.7,-70.12426779996831
25756415000.0,-68.50948492077367
25761413333.3,-70.15394315096682
25766411666.7,-68.88535507756359
25771410000.0,-73.28895009795033
25776408333.3,-76.04947066380777
25781406666.7,-70.77120625485925
25786405000.0,-73.99559246096592
25791403333.3,-72.08762101133475
25796401666.7,-70.24613970158013
25801400000.0,-76.0882450405057
25806398333.3,-64.86117020532231
25811396666.7,-66.1580568249723
25816395000.0,-83.8675111647392
25821393333.3,-67.62108258462615
25826391666.7,-69.4118787135359
25831390000.0,-73.28582039927846
25836388333.3,-74.85112045395778
25841386666.7,-77.1570501565894
25846385000.0,-69.91259750022718
25851383333.3,-71.82415328269238
25856381666.7,-66.72252188810943
25861380000.0,-68.4664008678019
25866378333.3,-77.44968006694195
25871376666.7,-74.45371567644477
25876375000.0,-79.1971418847028
25881373333.3,-71.83503154204807
25886371666.7,-75.31169582552225
25891370000.0,-68.05519278607265
25896368333.3,-75.29097722101274
25901366666.7,-68.27809174338852
25906365000.0,-73.7672205717505
25911363333.3,-67.23742660787104
25916361666.7,-76.57103551435024
25921360000.0,-72.58042459617886
25926358333.3,-71.7163108397832
25931356666.7,-70.77273894758872
25936355000.0,-72.81702647644087
25941353333.3,-69.49935874030851
25946351666.7,-69.33432100051182
25951350000.0,-77.73189040592995
25956348333.3,-74.8408196959517
25961346666.7,-75.89429634998434
25966345000.0,-72.0726668888038
25971343333.3,-75.48249009754092
25976341666.7,-69.77829603999906
25981340000.0,-68.10427820872695
25986338333.3,-71.62617139533806
25991336666.7,-71.6931397298513
25996335000.0,-66.80887690061977
26001333333.3,-71.67404544247675
26006331666.7,-69.02269434469717
26011330000.0,-74.26512726168386
26016328333.3,-69.07051511690904
26021326666.7,-71.03961721888128
26026325000.0,-75.70787493909148
26031323333.3,-73.79112559569818
26036321666.7,-67.36203906089509
26041320000.0,-68.23938297540637
26046318333.3,-70.0332828527078
26051316666.7,-70.8932468871626
26056315000.0,-71.0091653445569
26061313333.3,-69.8131695986627
26066311666.7,-67.80442137030184
26071310000.0,-68.10676133753519
26076308333.3,-70.17385360785815
26081306666.7,-68.59387163284731
26086305000.0,-74.45926245739172
26091303333.3,-67.55817136714673
26096301666.7,-70.49538588971328
26101300000.0,-70.18428673322296
26106298333.3,-67.39595507543699
26111296666.7,-66.6527666578423
26116295000.0,-75.99001258295247
26121293333.3,-71.58311876326745
26126291666.7,-67.34126225861883
26131290000.0,-73.8653028372064
26136288333.3,-76.2485817353496
26141286666.7,-79.52964781770126
26146285000.0,-68.5430903647753
26151283333.3,-75.97851424099306
26156281666.7,-67.36173318915135
26161280000.0,-71.44638141914415
26166278333.3,-68.52171563474825
26171276666.7,-70.99256204710066
26176275000.0,-67.17382120012584
26181273333.3,-70.43018086855136
26186271666.7,-72.20410973088671
26191270000.0,-67.85883060061259
26196268333.3,-75.48505159887891
26201266666.7,-74.75723309632018
26206265000.0,-75.66626646014525
26211263333.3,-76.45423016709488
26216261666.7,-74.659695842619
26221260000.0,-78.50653732372798
26226258333.3,-69.46982222743412
26231256666.7,-69.00211089705736
26236255000.0,-71.60852190350151
26241253333.3,-80.93987529436146
26246251666.7,-67.28349237314366
26251250000.0,-70.51142828330319
26256248333.3,-72.67297583025137
26261246666.7,-73.75189693513425
26266245000.0,-68.88685480204433
26271243333.3,-69.22572685775984
26276241666.7,-74.01360856592548
26281240000.0,-72.93942243688187
26286238333.3,-67.00876427830752
26291236666.7,-68.03626191409214
26296235000.0,-67.96233088365727
26301233333.3,-70.96030584398025
26306231666.7,-71.91234531587013
26311230000.0,-72.82723469053133
26316228333.3,-71.4344062896162
26321226666.7,-68.00343430339387
26326225000.0,-72.21672028759937
26331223333.3,-71.29509875347273
26336221666.7,-68.62555699134583
26341220000.0,-76.19841443155782
26346218333.3,-73.80296931642263
26351216666.7,-68.9726939809772
26356215000.0,-72.07570719455987
26361213333.3,-69.74955449728556
26366211666.7,-69.42138622329315
26371210000.0,-69.20792195720725
26376208333.3,-76.23451030319791
26381206666.7,-73.86356784328561
26386205000.0,-68.50987555379142
26391203333.3,-69.51455621806839
26396201666.7,-71.68391389666048
26401200000.0,-78.11599807369089
26406198333.3,-75.725357246985
26411196666.7,-72.4108448551548
26416195000.0,-72.09760589700294
26421193333.3,-71.31278741012133
26426191666.7,-74.93619308843512
26431190000.0,-73.51435949627994
26436188333.3,-70.2638385499297
26441186666.7,-70.01558106153115
26446185000.0,-68.10015145321938
26451183333.3,-69.08247530203678
26456181666.7,-72.3103996856291
26461180000.0,-75.40460353320539
26466178333.3,-69.65771454213373
26471176666.7,-69.87831746410403
26476175000.0,-68.16885853311649
26481173333.3,-68.8694373299236
26486171666.7,-69.88617519182247
26491170000.0,-73.31130229223771
26496168333.3,-73.69875973228542
26501166666.7,-73.33324278394483
26506165000.0,-68.38013604964146
26511163333.3,-70.39852030213962
26516161666.7,-71.56220493372784
26521160000.0,-68.87183104272735
26526158333.3,-72.24285695378639
26531156666.7,-70.27886214624233
26536155000.0,-70.20605101610622
26541153333.3,-69.5307049535569
26546151666.7,-66.17371889534537
26551150000.0,-69.70220280528895
26556148333.3,-70.18153238339099
26561146666.7,-70.28418494923872
26566145000.0,-73.76652825363595
26571143333.3,-71.21283729255651
26576141666.7,-70.30924815154816
26581140000.0,-69.01952022520719
26586138333.3,-75.37256447591707
26591136666.7,-73.42757302402055
26596135000.0,-69.71864685866618
26601133333.3,-70.20948963897092
26606131666.7,-69.80842614634362
26611130000.0,-68.23243194667405
26616128333.3,-80.7276930727386
26621126666.7,-69.0757677365545
26626125000.0,-75.11783018820834
26631123333.3,-73.22388261094798
26636121666.7,-70.65156898244095
26641120000.0,-67.98309824309376
26646118333.3,-71.46451575813748
26651116666.7,-70.60037754828755
26656115000.0,-68.59843655641998
26661113333.3,-68.10021158015468
26666111666.7,-78.15629972235006
26671110000.0,-70.00529755690393
26676108333.3,-67.77276724260201
26681106666.7,-72.5700896854963
26686105000.0,-71.86503968030149
26691103333.3,-72.46431324954641
26696101666.7,-68.80577853294386
26701100000.0,-71.28990537624581
26706098333.3,-71.63052629246786
26711096666.7,-69.67724741048241
26716095000.0,-72.37094572149591
26721093333.3,-67.32612971184902
26726091666.7,-72.22866139925611
26731090000.0,-66.20458489489107
26736088333.3,-71.41308031931591
26741086666.7,-72.92203114346133
26746085000.0,-71.3057939047154
26751083333.3,-81.27446090990765
26756081666.7,-69.82386640046684
26761080000.0,-67.85318221406497
26766078333.3,-72.07998099746172
26771076666.7,-69.00249880808958
26776075000.0,-72.34366482188305
26781073333.3,-64.98843831051836
26786071666.7,-68.47763839298848
26791070000.0,-75.6071076356403
26796068333.3,-70.37896212496904
26801066666.7,-68.6235314361509
26806065000.0,-69.02191746935918
26811063333.3,-70.2478671158636
26816061666.7,-74.57639557906043
26821060000.0,-78.55169236503761
26826058333.3,-72.96815179120185
26831056666.7,-69.65114452175884
26836055000.0,-68.55782158454835
26841053333.3,-71.18911648797476
26846051666.7,-69.62410362105078
26851050000.0,-80.1861464431721
26856048333.3,-75.2204569171962
26861046666.7,-67.86181705558059
26866045000.0,-68.01405575822776
26871043333.3,-72.41562621209434
26876041666.7,-68.681801240361
26881040000.0,-70.67300933515479
26886038333.3,-75.73318948626292
26891036666.7,-63.92241593713046
26896035000.0,-67.70410999050043
26901033333.3,-73.16694808962306
26906031666.7,-69.56295134667288
26911030000.0,-69.98579748726974
26916028333.3,-69.65834146679336
26921026666.7,-74.78342153398674
26926025000.0,-69.15228578523059
26931023333.3,-68.9664214606484
26936021666.7,-68.53145712375066
26941020000.0,-68.48153112574452
26946018333.3,-71.65396335897302
26951016666.7,-67.74128806108423
26956015000.0,-69.44899969342524
26961013333.3,-67.52962644838836
26966011666.7,-67.86794801480062
26971010000.0,-67.4541703241298
26976008333.3,-79.9686656957716
26981006666.7,-70.84540686683253
26986005000.0,-70.15972306017353
26991003333.3,-70.61406323581775
26996001666.7,-69.63612557080756
27001000000.0,-68.90565974325457
27005998333.3,-69.86083425666608
27010996666.7,-78.37327850032051
27015995000.0,-70.27547046563973
27020993333.3,-70.16197053127429
27025991666.7,-71.08337154551363
27030990000.0,-70.16421762907234
27035988333.3,-66.7897441548992
27040986666.7,-68.63009553251541
27045985000.0,-68.99684568473101
27050983333.3,-73.62058413021816
27055981666.7,-71.13625404279443
27060980000.0,-67.0114926701242
27065978333.3,-67.5070401191538
27070976666.7,-79.56549935613056
27075975000.0,-75.21995815536891
27080973333.3,-69.10870160616935
27085971666.7,-69.38743427637166
27090970000.0,-69.5822310530138
27095968333.3,-71.8922046682254
27100966666.7,-70.5059607915457
27105965000.0,-72.97759372182566
27110963333.3,-70.67238466398206
27115961666.7,-73.43672023039099
27120960000.0,-68.31116905900083
27125958333.3,-70.50216138376828
27130956666.7,-70.60799363926242
27135955000.0,-66.02246390001966
27140953333.3,-69.94215935106921
27145951666.7,-69.09586426121915
27150950000.0,-77.52581830412139
27155948333.3,-74.73387573281472
27160946666.7,-77.71574580791014
27165945000.0,-73.91322053179871
27170943333.3,-77.0071205075298
27175941666.7,-71.74248710570158
27180940000.0,-75.66949527656624
27185938333.3,-71.9250211186658
27190936666.7,-70.19617075044061
27195935000.0,-70.2467494408976
27200933333.3,-75.16850111008101
27205931666.7,-72.2801399440502
27210930000.0,-73.27628588157356
27215928333.3,-67.75417409399712
27220926666.7,-68.47226449406959
27225925000.0,-66.14010220418356
27230923333.3,-72.39521510452425
27235921666.7,-69.27721726450952
27240920000.0,-66.97494439558879
27245918333.3,-72.33938219389583
27250916666.7,-70.73726095866189
27255915000.0,-67.86388138910782
27260913333.3,-73.91232695229372
27265911666.7,-68.42913074870725
27270910000.0,-71.03146158925082
27275908333.3,-73.017319436318
27280906666.7,-70.50748739301518
27285905000.0,-71.04021329862934
27290903333.3,-72.763653209103
27295901666.7,-70.68595012792314
27300900000.0,-74.32426767283044
27305898333.3,-67.88226041100157
27310896666.7,-71.58404626346608
27315895000.0,-73.62898775268394
27320893333.3,-70.232929166545
27325891666.7,-69.36214114018765
27330890000.0,-70.70882160364488
27335888333.3,-76.19905747774372
27340886666.7,-73.52702444845806
27345885000.0,-70.54109447483671
27350883333.3,-72.33633402737533
27355881666.7,-67.34359453868844
27360880000.0,-76.33927184852965
27365878333.3,-69.68728492186881
27370876666.7,-72.81453956339139
27375875000.0,-68.64284346336218
27380873333.3,-73.47841327739746
27385871666.7,-70.9046837120559
27390870000.0,-67.86162307697975
27395868333.3,-68.25149611535888
27400866666.7,-68.95354441789236
27405865000.0,-73.0300666990422
27410863333.3,-71.78024753962411
27415861666.7,-67.91753462909031
27420860000.0,-69.55418115329145
27425858333.3,-70.5768073241432
27430856666.7,-74.4156736178467
27435855000.0,-69.33503130518397
27440853333.3,-68.28950801614701
27445851666.7,-69.4694567676166
27450850000.0,-77.32077642802042
27455848333.3,-67.67752939324703
27460846666.7,-75.31923733445606
27465845000.0,-69.54787349565315
27470843333.3,-70.03935738660022
27475841666.7,-70.1224834157757
27480840000.0,-69.74535550872491
27485838333.3,-68.94475833157162
27490836666.7,-68.36497004821146
27495835000.0,-71.8291265541398
27500833333.3,-86.9649931443929
27505831666.7,-73.72544575645509
27510830000.0,-67.8264664207005
27515828333.3,-68.96090752981075
27520826666.7,-74.27276401810856
27525825000.0,-71.27297605266688
27530823333.3,-78.23793156155836
27535821666.7,-71.71856165135407
27540820000.0,-69.77350081217611
27545818333.3,-70.03553221525338
27550816666.7,-68.47937312362525
27555815000.0,-73.49700870400126
27560813333.3,-69.11914315872868
27565811666.7,-70.09070589116499
27570810000.0,-71.33127934969582
27575808333.3,-68.99171550716281
27580806666.7,-67.94515166522126
27585805000.0,-69.16922069302251
27590803333.3,-71.09623367312899
27595801666.7,-68.63435988713375
27600800000.0,-70.29707333722679
27605798333.3,-72.25990544156534
27610796666.7,-70.26160476454785
27615795000.0,-71.9559443392464
27620793333.3,-67.80864879026889
27625791666.7,-75.17077409327435
27630790000.0,-70.13607993817816
27635788333.3,-71.87785652796072
27640786666.7,-67.62299764615973
27645785000.0,-70.61986159799807
27650783333.3,-67.06332843180839
27655781666.7,-66.19827777894385
27660780000.0,-72.66859293497663
27665778333.3,-70.55314896709842
27670776666.7,-70.27226731724957
27675775000.0,-68.02215857700068
27680773333.3,-66.9348323795022
27685771666.7,-75.85686584210825
27690770000.0,-69.19778975258733
27695768333.3,-72.70799915561544
27700766666.7,-71.38231794599078
27705765000.0,-67.97683635420472
27710763333.3,-69.89602015805204
27715761666.7,-71.32004373573156
27720760000.0,-73.52067856190631
27725758333.3,-70.83321766873857
27730756666.7,-70.63787752101958
27735755000.0,-79.48544006440665
27740753333.3,-68.33451508132458
27745751666.7,-67.33851425612814
27750750000.0,-73.11538079202278
27755748333.3,-71.30974757700747
27760746666.7,-68.12717242718647
27765745000.0,-68.6135385499397
27770743333.3,-69.90825097879024
27775741666.7,-75.01320252764327
27780740000.0,-78.99276626943264
27785738333.3,-73.07807510228321
27790736666.7,-75.47439002084711
27795735000.0,-72.73312886388847
27800733333.3,-71.3405760858264
27805731666.7,-66.78447241870003
27810730000.0,-77.59402214427084
27815728333.3,-71.25110415300924
27820726666.7,-72.72529032073764
27825725000.0,-68.16789264498938
27830723333.3,-69.47591047734603
27835721666.7,-68.76775408389857
27840720000.0,-68.87246790206446
27845718333.3,-68.42675466368028
27850716666.7,-74.47834898130805
27855715000.0,-66.62975729851084
27860713333.3,-66.76609965640195
27865711666.7,-72.35157455638905
27870710000.0,-71.62764447972626
27875708333.3,-73.87537882635978
27880706666.7,-77.34743741877129
27885705000.0,-73.8192068383735
27890703333.3,-70.02567562361226
27895701666.7,-77.56320299353071
27900700000.0,-70.78239248551692
27905698333.3,-69.01532687381535
27910696666.7,-70.14535614539365
27915695000.0,-72.44280000670939
27920693333.3,-69.83679112432775
27925691666.7,-66.29258972085667
27930690000.0,-70.32867655598079
27935688333.3,-69.10030299670521
27940686666.7,-69.81465236991552
27945685000.0,-68.23606653342559
27950683333.3,-71.71405445441603
27955681666.7,-69.61013253466096
27960680000.0,-74.72547343161148
27965678333.3,-72.58510245537845
27970676666.7,-72.41910632186178
27975675000.0,-72.99076679770815
27980673333.3,-69.90943114481257
27985671666.7,-71.94850495960972
27990670000.0,-79.72880659846903
27995668333.3,-69.82639446859221
28000666666.7,-70.06570862665694
28005665000.0,-73.60989709383462
28010663333.3,-72.59246194493903
28015661666.7,-70.16049473091203
28020660000.0,-71.3377000358815
28025658333.3,-74.69242749818996
28030656666.7,-74.09573896852875
28035655000.0,-66.41547577884455
28040653333.3,-78.64906472605398
28045651666.7,-75.56092223473257
28050650000.0,-70.8167359321328
28055648333.3,-75.79255062195887
28060646666.7,-69.13038513620494
28065645000.0,-73.74689831276956
28070643333.3,-69.87721814366031
28075641666.7,-67.08677802104161
28080640000.0,-69.38087936581597
28085638333.3,-69.97700933335781
28090636666.7,-74.67177352437831
28095635000.0,-69.45354298562961
28100633333.3,-73.84308151646269
28105631666.7,-72.39847288701591
28110630000.0,-71.12511947540574
28115628333.3,-67.48842497279799
28120626666.7,-70.20601512226239
28125625000.0,-71.23857292284407
28130623333.3,-74.32668675066952
28135621666.7,-70.82564242557753
28140620000.0,-68.25216240207473
28145618333.3,-70.98601467254544
28150616666.7,-74.62359816741706
28155615000.0,-70.6992080200186
28160613333.3,-71.21905518209286
28165611666.7,-67.45851609583015
28170610000.0,-68.28633459025272
28175608333.3,-75.42058354054699
28180606666.7,-71.86004289363262
28185605000.0,-70.01652732422325
28190603333.3,-67.17341893783755
28195601666.7,-69.6536387812779
28200600000.0,-73.70348939571575
28205598333.3,-68.88747507743224
28210596666.7,-70.29719729771578
28215595000.0,-70.14468594928128
28220593333.3,-68.75635281320841
28225591666.7,-71.95145253159413
28230590000.0,-75.36323065364957
28235588333.3,-77.77256450951428
28240586666.7,-68.48539355926745
28245585000.0,-69.90082423794392
28250583333.3,-68.20034731599017
28255581666.7,-67.30548549491785
28260580000.0,-66.42341965061577
28265578333.3,-68.60756895398951
28270576666.7,-69.8127093931354
28275575000.0,-71.18468762390145
28280573333.3,-70.31384840420738
28285571666.7,-69.01758207837146
28290570000.0,-77.646875476892
28295568333.3,-72.92499779506586
28300566666.7,-71.17701295981514
28305565000.0,-72.38838312869773
28310563333.3,-71.04301170085661
28315561666.7,-76.41917537137975
28320560000.0,-69.76697232991012
28325558333.3,-68.80809730438598
28330556666.7,-75.24885097783275
28335555000.0,-71.7358125148058
28340553333.3,-69.21465836424736
28345551666.7,-67.47600497772756
28350550000.0,-67.70728568729763
28355548333.3,-69.64418040644398
28360546666.7,-72.52737555809291
28365545000.0,-75.81201281843926
28370543333.3,-69.39542788487321
28375541666.7,-68.96640013663828
28380540000.0,-71.78150845784265
28385538333.3,-74.85895961814184
28390536666.7,-70.34143461834054
28395535000.0,-67.90750015833359
28400533333.3,-70.45345853098193
28405531666.7,-70.15272984034256
28410530000.0,-73.2826173472421
28415528333.3,-83.43423392907275
28420526666.7,-69.37452681053054
28425525000.0,-85.62680191058051
28430523333.3,-73.2979665056766
28435521666.7,-66.96448091181483
28440520000.0,-67.52983064344878
28445518333.3,-73.47856489592716
28450516666.7,-71.467318799591
28455515000.0,-73.089461742147
28460513333.3,-68.29123929679875
28465511666.7,-71.0179112265733
28470510000.0,-66.44293605427006
28475508333.3,-68.33199493997677
28480506666.7,-66.82480480426057
28485505000.0,-71.69301821629489
28490503333.3,-70.72747281372291
28495501666.7,-68.5377969560083
28500500000.0,-76.99239120346219
28505498333.3,-71.96190821215319
28510496666.7,-70.48028727260981
28515495000.0,-68.6107885796743
28520493333.3,-74.0643515741306
28525491666.7,-69.24816476584601
28530490000.0,-71.28436453379089
28535488333.3,-74.91833834974966
28540486666.7,-67.68871888996372
28545485000.0,-70.87408036124324
28550483333.3,-72.5927921581617
28555481666.7,-71.05521596006268
28560480000.0,-67.71813247183103
28565478333.3,-67.42327642627478
28570476666.7,-72.90505927503408
28575475000.0,-73.66257448681337
28580473333.3,-72.76673105802807
28585471666.7,-68.33133968634024
28590470000.0,-72.84759796345315
28595468333.3,-68.63876040884595
28600466666.7,-72.57325414417137
28605465000.0,-69.37286137659606
28610463333.3,-72.31765197120488
28615461666.7,-73.58011429020846
28620460000.0,-73.40441136151702
28625458333.3,-72.23119598357226
28630456666.7,-75.67632800097671
28635455000.0,-67.1940319256616
28640453333.3,-70.55214157449387
28645451666.7,-71.1624962069268
28650450000.0,-72.35277455069748
28655448333.3,-70.08209348625573
28660446666.7,-69.03821547965856
28665445000.0,-73.3663814565943
28670443333.3,-73.3107662314106
28675441666.7,-70.14795972163367
28680440000.0,-67.13317950902712
28685438333.3,-66.90052045306672
28690436666.7,-75.59436769425946
28695435000.0,-70.97311609235348
28700433333.3,-71.43131712494649
28705431666.7,-70.19186569784387
28710430000.0,-71.34582356009926
28715428333.3,-71.15326642550818
28720426666.7,-68.27785010666544
28725425000.0,-67.83903961143018
28730423333.3,-71.46585244519449
28735421666.7,-67.86103173941991
28740420000.0,-69.98596430908782
28745418333.3,-71.40126375569326
28750416666.7,-70.76522089206797
28755415000.0,-70.34934026491516
28760413333.3,-72.40909671220032
28765411666.7,-66.18093915733824
28770410000.0,-71.12870752417491
28775408333.3,-87.27657957228399
28780406666.7,-72.99189390035623
28785405000.0,-73.65886407639918
28790403333.3,-75.06785178302603
28795401666.7,-67.02330980373546
28800400000.0,-68.88628427778995
28805398333.3,-76.98257378832311
28810396666.7,-70.45668571437487
28815395000.0,-75.54740754525457
28820393333.3,-69.63670091814312
28825391666.7,-69.33462988486342
28830390000.0,-65.56794801817853
28835388333.3,-67.25500552973776
28840386666.7,-71.95926867483468
28845385000.0,-73.89192722063397
28850383333.3,-67.32743796586453
28855381666.7,-72.93950372441321
28860380000.0,-75.39343733725065
28865378333.3,-75.26231933686196
28870376666.7,-70.85019793153364
28875375000.0,-68.14059401859603
28880373333.3,-71.34837872253956
28885371666.7,-68.03903379376982
28890370000.0,-67.83428765842923
28895368333.3,-78.85564466232053
28900366666.7,-70.72969243675286
28905365000.0,-70.27009428978279
28910363333.3,-69.57369252042066
28915361666.7,-72.93240831196263
28920360000.0,-74.50048459611223
28925358333.3,-71.17830624209574
28930356666.7,-67.44476113349967
28935355000.0,-70.96555405960721
28940353333.3,-80.43094532852973
28945351666.7,-71.07815161062737
28950350000.0,-72.63614049310168
28955348333.3,-73.89973278159088
28960346666.7,-68.87054738099737
28965345000.0,-75.69405064721752
28970343333.3,-68.18595678188812
28975341666.7,-71.99910322785198
28980340000.0,-71.66501972258713
28985338333.3,-75.16574080082485
28990336666.7,-72.38049461629045
28995335000.0,-69.3486313460295
29000333333.3,-77.51517173283254
29005331666.7,-74.22231499586607
29010330000.0,-74.79198308765972
29015328333.3,-71.15125289240258
29020326666.7,-71.54179817649774
29025325000.0,-69.82061801284574
29030323333.3,-71.26076557186165
29035321666.7,-82.91877979528027
29040320000.0,-68.83594922490141
29045318333.3,-69.96969347489525
29050316666.7,-73.94940827779193
29055315000.0,-68.0428133882875
29060313333.3,-73.08621737151887
29065311666.7,-78.86687076784105
29070310000.0,-76.32379658006774
29075308333.3,-70.25593407932297
29080306666.7,-72.37154899078284
29085305000.0,-69.28528659390079
29090303333.3,-69.61710076438895
29095301666.7,-71.33537222229472
29100300000.0,-71.19605367597225
29105298333.3,-69.2617759069926
29110296666.7,-70.00532934959304
29115295000.0,-70.07103563833869
29120293333.3,-69.86196183477144
29125291666.7,-70.07927854368329
29130290000.0,-69.57241452603597
29135288333.3,-79.79453352196423
29140286666.7,-67.26542744108232
29145285000.0,-68.83649170460457
29150283333.3,-70.10285778398367
29155281666.7,-77.15372239562808
29160280000.0,-72.62709975449972
29165278333.3,-71.23092706768772
29170276666.7,-68.77340711895157
29175275000.0,-72.92799388585519
29180273333.3,-70.46934280642519
29185271666.7,-75.69422067924118
29190270000.0,-69.11975584928317
29195268333.3,-70.91768461671982
29200266666.7,-69.76521229824554
29205265000.0,-73.20725510616793
29210263333.3,-75.7143756951852
29215261666.7,-71.58750539174673
29220260000.0,-70.36455468868397
29225258333.3,-77.15720916822934
29230256666.7,-67.85415673971612
29235255000.0,-72.88519844134046
29240253333.3,-68.5569988986106
29245251666.7,-71.8921300516548
29250250000.0,-73.33281572606838
29255248333.3,-74.61328433562207
29260246666.7,-71.02046378960716
29265245000.0,-69.72866020638995
29270243333.3,-71.14723100624448
29275241666.7,-73.11871346206908
29280240000.0,-68.50598594449708
29285238333.3,-68.07176770703992
29290236666.7,-72.31315692339972
29295235000.0,-69.57060935267975
29300233333.3,-71.18813088748813
29305231666.7,-69.41034274054444
29310230000.0,-72.54177431159079
29315228333.3,-75.11030969092491
29320226666.7,-72.20885846947874
29325225000.0,-70.46435105185866
29330223333.3,-70.0006734245732
29335221666.7,-72.61298689476557
29340220000.0,-71.83363050074816
29345218333.3,-77.6274269809126
29350216666.7,-72.10446488638223
29355215000.0,-72.09096534859958
29360213333.3,-68.30907638481537
29365211666.7,-72.91066304862953
29370210000.0,-69.34183538333178
29375208333.3,-70.82289789710347
29380206666.7,-67.20268153542234
29385205000.0,-73.05860792348273
29390203333.3,-69.97323487776673
29395201666.7,-73.18254942848753
29400200000.0,-72.3480785764956
29405198333.3,-76.83323312899222
29410196666.7,-72.7236563889565
29415195000.0,-72.34520230772831
29420193333.3,-71.93951841428792
29425191666.7,-75.57878912176903
29430190000.0,-70.44405143727435
29435188333.3,-68.34296879693785
29440186666.7,-69.2867611701028
29445185000.0,-70.7517268747124
29450183333.3,-74.30811849302052
29455181666.7,-75.9762346264116
29460180000.0,-71.62198681282845
29465178333.3,-72.32475100779841
29470176666.7,-73.48047716006062
29475175000.0,-75.0204264763814
29480173333.3,-71.53038914969659
29485171666.7,-70.56080135533024
29490170000.0,-75.90385690295903
29495168333.3,-73.33388624719949
29500166666.7,-69.80130563964543
29505165000.0,-71.84082545410396
29510163333.3,-71.97367053521451
29515161666.7,-69.70634039720028
29520160000.0,-72.28090256856989
29525158333.3,-69.51698541621361
29530156666.7,-71.26268355643435
29535155000.0,-71.68635424768578
29540153333.3,-69.76702256023668
29545151666.7,-69.60537783159549
29550150000.0,-70.50982470220394
29555148333.3,-76.88492766514197
29560146666.7,-81.53498776385361
29565145000.0,-77.38758479424764
29570143333.3,-66.80187005753099
29575141666.7,-81.46213019930924
29580140000.0,-74.1698760424284
29585138333.3,-77.70553537619267
29590136666.7,-69.74098675270488
29595135000.0,-65.73283056655647
29600133333.3,-73.18297326728532
29605131666.7,-69.17587365736327
29610130000.0,-70.60917407521409
29615128333.3,-72.65019578124505
29620126666.7,-78.27503909607582
29625125000.0,-75.50133792735981
29630123333.3,-68.66357063143022
29635121666.7,-70.61739757621542
29640120000.0,-73.48427206945134
29645118333.3,-77.26925969934082
29650116666.7,-75.58862096774087
29655115000.0,-72.9972671710733
29660113333.3,-75.926175264408
29665111666.7,-70.91016714891639
29670110000.0,-71.32116265744563
29675108333.3,-76.78258515414439
29680106666.7,-75.36253281186572
29685105000.0,-78.65290364952872
29690103333.3,-71.2054067446308
29695101666.7,-69.76297694879312
29700100000.0,-69.37728078864674
29705098333.3,-72.70067018805238
29710096666.7,-71.71848021285325
29715095000.0,-74.72085481934349
29720093333.3,-75.47161072126018
29725091666.7,-74.76604253480417
29730090000.0,-73.72906257676648
29735088333.3,-75.12772449927849
29740086666.7,-79.80466137291438
29745085000.0,-75.3669453780214
29750083333.3,-70.36908830463591
29755081666.7,-70.93265869948637
29760080000.0,-69.5823875171542
29765078333.3,-73.5439007184905
29770076666.7,-71.17980657557267
29775075000.0,-73.90703194088427
29780073333.3,-70.22429535015624
29785071666.7,-73.89604154124918
29790070000.0,-70.08894836404372
29795068333.3,-71.59907517103747
29800066666.7,-69.67677872247992
29805065000.0,-72.31263082970331
29810063333.3,-74.97725174917332
29815061666.7,-69.69952543758096
29820060000.0,-72.41981461072153
29825058333.3,-77.18191346688309
29830056666.7,-73.52569369818451
29835055000.0,-71.99215140685256
29840053333.3,-70.76569906942902
29845051666.7,-74.83470184952624
29850050000.0,-69.57369441802301
29855048333.3,-72.66352562416137
29860046666.7,-69.21685807276617
29865045000.0,-71.18916130123809
29870043333.3,-73.38534910682593
29875041666.7,-67.67406576458944
29880040000.0,-81.89016356826558
29885038333.3,-75.29810733730483
29890036666.7,-79.24296704686074
29895035000.0,-77.83180340592088
29900033333.3,-68.3605373493935
29905031666.7,-69.85944003404094
29910030000.0,-75.83244632435195
29915028333.3,-71.4397760203791
29920026666.7,-78.18419816165202
29925025000.0,-70.62796983290455
29930023333.3,-74.24391767174978
29935021666.7,-69.06265756545116
29940020000.0,-71.5352249129568
29945018333.3,-74.18211014540594
29950016666.7,-73.33501405031397
29955015000.0,-83.16545459642867
29960013333.3,-80.14047080851302
29965011666.7,-73.78462444689455
29970010000.0,-72.7417030370858
29975008333.3,-76.75997633028243
29980006666.7,-77.39949486563872
29985005000.0,-74.4591196942063
29990003333.3,-75.45555183643556
29995001666.7,-86.65064262368693
30000000000.0,-72.96582588561313
