Frequency_Hz,Magnitude_dB
10000000.0,-71.63501803299494
14998333.3333,-64.55023615313499
19996666.6667,-63.7990216735937
24995000.0,-62.0132997819679
29993333.3333,-76.67692790851332
34991666.6667,-70.3500431455338
39990000.0,-74.57098379695026
44988333.3333,-72.94612406961319
49986666.6667,-71.36808792938584
54985000.0,-65.6295326592297
59983333.3333,-69.74336803551769
64981666.6667,-73.47489956190239
69980000.0,-71.36982702469464
74978333.3333,-72.3750353954634
79976666.6667,-78.42104764021336
84975000.0,-73.29432724711391
89973333.3333,-75.97331403593313
94971666.6667,-71.90404246708385
99970000.0,-71.94679937048974
104968333.333,-73.4605738038888
109966666.667,-73.56322968334128
114965000.0,-75.12637349511502
119963333.333,-97.57089165432512
124961666.667,-75.54851330992048
129960000.0,-78.70134868102696
134958333.333,-89.3029319720449
139956666.667,-75.70769932032749
144955000.0,-76.04179728726108
149953333.333,-79.77721288708776
154951666.667,-85.50295381044621
159950000.0,-73.26259556205378
164948333.333,-75.17358391532377
169946666.667,-102.72874501793451
174945000.0,-80.99134114495855
179943333.333,-86.36007096772798
184941666.667,-80.94586789115613
189940000.0,-74.42103267472865
194938333.333,-79.7501779920204
199936666.667,-79.12013659897642
204935000.0,-90.86833402302831
209933333.333,-80.84820348433546
214931666.667,-75.65052029461094
219930000.0,-80.93888852439125
224928333.333,-77.86812704032616
229926666.667,-86.01931666777362
234925000.0,-82.05005234859358
239923333.333,-80.10349678294504
244921666.667,-82.49082974459027
249920000.0,-91.19225952263307
254918333.333,-73.7830617769554
259916666.667,-79.30798114585086
264915000.0,-81.5021325083893
269913333.333,-90.59694489240236
274911666.667,-81.12270493661322
279910000.0,-84.22221320237655
284908333.333,-76.05840979720975
289906666.667,-82.45155973953688
294905000.0,-80.5942706975703
299903333.333,-76.15398921972557
304901666.667,-82.59508285030958
309900000.0,-78.4944696097721
314898333.333,-79.19938296740872
319896666.667,-84.77332435685243
324895000.0,-74.77001688681518
329893333.333,-80.30386621308003
334891666.667,-77.82808002968468
339890000.0,-80.06562136067132
344888333.333,-82.98632862747442
349886666.667,-78.14486006238623
354885000.0,-74.24442699750836
359883333.333,-80.05493658563877
364881666.667,-80.97557075662584
369880000.0,-76.14787790513091
374878333.333,-78.69985820680964
379876666.667,-82.8291754851456
384875000.0,-76.09243431861047
389873333.333,-91.6637371932496
394871666.667,-82.43802777519655
399870000.0,-79.86791125141399
404868333.333,-83.01025196959999
409866666.667,-85.01310798059339
414865000.0,-80.52795055577442
419863333.333,-74.39011829357663
424861666.667,-75.96777707131956
429860000.0,-82.60776646170171
434858333.333,-81.64994410066873
439856666.667,-82.44434236426379
444855000.0,-85.1274083480525
449853333.333,-79.53918066985895
454851666.667,-79.34894873824886
459850000.0,-83.34565953760533
464848333.333,-85.97870904193329
469846666.667,-79.25120172839337
474845000.0,-83.9409285731672
479843333.333,-84.33681203313256
484841666.667,-80.02355330512245
489840000.0,-91.76728959424443
494838333.333,-95.02665929095146
499836666.667,-86.23331039056583
504835000.0,-86.18963124435373
509833333.333,-77.34489310740805
514831666.667,-82.26764795795708
519830000.0,-85.45830311156685
524828333.333,-98.50257477097921
529826666.667,-78.77985014946623
534825000.0,-89.5446738687587
539823333.333,-85.9979934324376
544821666.667,-86.19448278758524
549820000.0,-89.83914096233678
554818333.333,-83.88956042819466
559816666.667,-84.7160569763941
564815000.0,-86.85319892324881
569813333.333,-82.20560282692693
574811666.667,-83.65451493809375
579810000.0,-87.26740663739845
584808333.333,-82.8881165170626
589806666.667,-80.34577634262999
594805000.0,-83.6995492290662
599803333.333,-89.92932595814668
604801666.667,-95.67832372416781
609800000.0,-83.13742460244967
614798333.333,-85.71148979146903
619796666.667,-82.5459955603479
624795000.0,-83.76779133791081
629793333.333,-84.2122565738442
634791666.667,-80.67264163234617
639790000.0,-84.01563895713876
644788333.333,-81.12626435406204
649786666.667,-87.52451063118863
654785000.0,-83.95245548384553
659783333.333,-90.32510810519193
664781666.667,-79.36713341571375
669780000.0,-86.45987739532137
674778333.333,-88.83170537079899
679776666.667,-84.42040085583032
684775000.0,-84.4307424444695
689773333.333,-85.84049151865676
694771666.667,-83.20481625749187
699770000.0,-80.00244729799171
704768333.333,-85.30024499909328
709766666.667,-82.33001124510174
714765000.0,-83.0183492525377
719763333.333,-88.19354416397906
724761666.667,-80.71179300976272
729760000.0,-84.77690430850029
734758333.333,-86.03757436134939
739756666.667,-78.34421351319983
744755000.0,-97.11802325118022
749753333.333,-85.64740742353032
754751666.667,-85.72880447786912
759750000.0,-82.2304136878276
764748333.333,-83.3194882424715
769746666.667,-86.15589975154053
774745000.0,-84.1141087264607
779743333.333,-82.19495084994546
784741666.667,-87.55643054729488
789740000.0,-86.78319457432161
794738333.333,-82.6981606106604
799736666.667,-81.0527295238663
804735000.0,-91.92360226899412
809733333.333,-99.61060624617832
814731666.667,-85.1422072660432
819730000.0,-92.92690231814859
824728333.333,-91.98486917783258
829726666.667,-84.1892046166408
834725000.0,-92.67002108725089
839723333.333,-84.80590302253663
844721666.667,-100.95193520912554
849720000.0,-89.17983429599288
854718333.333,-95.61760345210874
859716666.667,-80.09900033514671
864715000.0,-84.92339044007183
869713333.333,-91.85127472725823
874711666.667,-101.12832905811064
879710000.0,-90.88083609308411
884708333.333,-85.10892955467996
889706666.667,-84.69480024354937
894705000.0,-94.24947568266076
899703333.333,-101.02858924601065
904701666.667,-86.97615558385421
909700000.0,-91.31813346024337
914698333.333,-92.2670662199255
919696666.667,-81.73983486900053
924695000.0,-84.7257778943113
929693333.333,-80.85842494116052
934691666.667,-88.53990898445716
939690000.0,-82.71411868823287
944688333.333,-94.16793242776251
949686666.667,-88.51791547199555
954685000.0,-83.68329031829099
959683333.333,-83.2095795497456
964681666.667,-83.0885021361212
969680000.0,-83.65786677036817
974678333.333,-101.76327529093156
979676666.667,-77.40478968076131
984675000.0,-79.975667439386
989673333.333,-94.1778635804285
994671666.667,-93.91368516569786
999670000.0,-86.75813615220983
1004668333.33,-80.88590824703414
1009666666.67,-88.91431250331722
1014665000.0,-101.4996088861816
1019663333.33,-90.05875432211431
1024661666.67,-82.91330912870855
1029660000.0,-91.50136138429258
1034658333.33,-82.5303208904082
1039656666.67,-82.0483948907364
1044655000.0,-86.99871148400587
1049653333.33,-87.16889901266555
1054651666.67,-85.36404844766388
1059650000.0,-90.77010485525646
1064648333.33,-89.36117011785268
1069646666.67,-84.05971174368418
1074645000.0,-94.50420568334793
1079643333.33,-80.48352009145384
1084641666.67,-84.15694921036794
1089640000.0,-88.61145256927594
1094638333.33,-83.58794800162536
1099636666.67,-83.40445228553337
1104635000.0,-82.85422303245619
1109633333.33,-83.75193717296803
1114631666.67,-80.95215213527753
1119630000.0,-84.21914701082224
1124628333.33,-88.03746690030576
1129626666.67,-92.04307483069782
1134625000.0,-100.29045242597569
1139623333.33,-79.47135971930072
1144621666.67,-97.62842746984884
1149620000.0,-86.8926086294629
1154618333.33,-86.46167676553709
1159616666.67,-83.30745214958286
1164615000.0,-80.28955150165638
1169613333.33,-88.48807528229693
1174611666.67,-84.50262851035325
1179610000.0,-89.44894119250074
1184608333.33,-85.47498427844994
1189606666.67,-87.08800985184871
1194605000.0,-84.09228899622234
1199603333.33,-78.47893894018866
1204601666.67,-86.15897851274937
1209600000.0,-79.27592516895373
1214598333.33,-86.86412605163254
1219596666.67,-91.81864021858783
1224595000.0,-82.98099322575194
1229593333.33,-83.53096436402991
1234591666.67,-89.7245406260081
1239590000.0,-82.24074472924855
1244588333.33,-87.05927904613618
1249586666.67,-86.46262137937784
1254585000.0,-91.8824655632477
1259583333.33,-83.13035547494042
1264581666.67,-97.32408172878672
1269580000.0,-87.6459943803208
1274578333.33,-82.4987922770944
1279576666.67,-87.33169591161705
1284575000.0,-83.35442418571617
1289573333.33,-86.18449278664448
1294571666.67,-85.1356252464848
1299570000.0,-85.1178888536375
1304568333.33,-99.42360139470725
1309566666.67,-88.05566013600534
1314565000.0,-86.63646492754977
1319563333.33,-89.17233189488013
1324561666.67,-83.41905157626357
1329560000.0,-86.89814127707919
1334558333.33,-81.4567312102878
1339556666.67,-88.96190425147472
1344555000.0,-85.21667897780057
1349553333.33,-86.24049200406368
1354551666.67,-94.2355251238262
1359550000.0,-81.9969106773123
1364548333.33,-89.27677831454392
1369546666.67,-83.45436207759644
1374545000.0,-86.17076858278989
1379543333.33,-86.50504443439401
1384541666.67,-86.0645369729393
1389540000.0,-86.80766152406461
1394538333.33,-85.36255490251123
1399536666.67,-87.7396421352715
1404535000.0,-90.8271015258428
1409533333.33,-85.01940385766623
1414531666.67,-94.05074941466967
1419530000.0,-85.63582167740101
1424528333.33,-88.43111223175654
1429526666.67,-86.04414810634339
1434525000.0,-90.50861555414738
1439523333.33,-85.91039990104697
1444521666.67,-90.0803061550644
1449520000.0,-90.24352144983938
1454518333.33,-84.35632954461062
1459516666.67,-91.20405470161906
1464515000.0,-78.92125286469697
1469513333.33,-91.94582444073546
1474511666.67,-84.56251939654177
1479510000.0,-84.22912842485985
1484508333.33,-82.51933797531717
1489506666.67,-81.6719186072859
1494505000.0,-89.0233904354969
1499503333.33,-80.71202765557912
1504501666.67,-86.97061948927194
1509500000.0,-84.64391542041315
1514498333.33,-83.8011094647502
1519496666.67,-81.70723023386344
1524495000.0,-87.07520335434177
1529493333.33,-102.71351344795289
1534491666.67,-84.479015049939
1539490000.0,-99.9219791532842
1544488333.33,-86.1018588857786
1549486666.67,-86.57397835468586
1554485000.0,-84.05583562116833
1559483333.33,-94.28816418794342
1564481666.67,-87.40414422162416
1569480000.0,-79.4262309885221
1574478333.33,-85.23271290213799
1579476666.67,-84.64846667323357
1584475000.0,-82.0433723733447
1589473333.33,-88.26475721401198
1594471666.67,-99.20561919899666
1599470000.0,-89.90594680072735
1604468333.33,-81.70296562774129
1609466666.67,-96.49690342608173
1614465000.0,-91.48074333033684
1619463333.33,-84.54995273816016
1624461666.67,-82.19664621632563
1629460000.0,-83.73796172800601
1634458333.33,-92.86264154798234
1639456666.67,-86.31631584289563
1644455000.0,-83.9692134498972
1649453333.33,-85.84136770979686
1654451666.67,-91.03210526052415
1659450000.0,-89.12916603518005
1664448333.33,-91.74318926917681
1669446666.67,-92.30914968523159
1674445000.0,-86.16209422548681
1679443333.33,-97.54765260408084
1684441666.67,-91.5148962263315
1689440000.0,-85.57310753555022
1694438333.33,-87.89500652590733
1699436666.67,-89.2318647293472
1704435000.0,-91.0243993045082
1709433333.33,-84.14789901793675
1714431666.67,-86.95546237580862
1719430000.0,-89.61945480150573
1724428333.33,-81.78057842778058
1729426666.67,-86.89480760690597
1734425000.0,-97.75221409310795
1739423333.33,-82.75175273503686
1744421666.67,-90.2032080215262
1749420000.0,-83.85483225283798
1754418333.33,-92.12303353362465
1759416666.67,-86.47379226875296
1764415000.0,-87.442361470144
1769413333.33,-88.76514086686582
1774411666.67,-82.26427294940976
1779410000.0,-89.77897392376165
1784408333.33,-86.28009151887687
1789406666.67,-84.90399936566136
1794405000.0,-84.57038094788855
1799403333.33,-87.24911569410412
1804401666.67,-80.53806333435097
1809400000.0,-90.27032335658605
1814398333.33,-100.20415922928092
1819396666.67,-77.81477011605904
1824395000.0,-92.36808579303087
1829393333.33,-88.6653951326531
1834391666.67,-96.4353696117642
1839390000.0,-82.29117767681372
1844388333.33,-84.05628552841223
1849386666.67,-85.89154674993026
1854385000.0,-84.61365456308364
1859383333.33,-90.43290685940443
1864381666.67,-96.74592056451442
1869380000.0,-92.08246606785093
1874378333.33,-87.36695507752542
1879376666.67,-92.84396879118519
1884375000.0,-86.4702045904049
1889373333.33,-89.72714220279573
1894371666.67,-86.29993723427917
1899370000.0,-89.52632427001475
1904368333.33,-82.83278291695716
1909366666.67,-96.94241759319115
1914365000.0,-84.80938700424323
1919363333.33,-91.21554120230307
1924361666.67,-88.52651796127843
1929360000.0,-89.21654371926269
1934358333.33,-85.53223251525141
1939356666.67,-84.407031886444
1944355000.0,-86.78391858923115
1949353333.33,-92.28989349384001
1954351666.67,-101.60969526474987
1959350000.0,-81.89371890722748
1964348333.33,-97.86769950473102
1969346666.67,-81.28435168140705
1974345000.0,-82.00055646673063
1979343333.33,-97.58134693153733
1984341666.67,-82.21051458801423
1989340000.0,-89.02738967510102
1994338333.33,-99.8863794232728
1999336666.67,-87.72896254075701
2004335000.0,-86.33881172020425
2009333333.33,-78.83859396373155
2014331666.67,-88.92531716742818
2019330000.0,-92.53598035065886
2024328333.33,-84.12700536060171
2029326666.67,-97.65873222749622
2034325000.0,-85.74515907480951
2039323333.33,-87.92102887300436
2044321666.67,-85.92657532241198
2049320000.0,-86.91919266022305
2054318333.33,-79.18788761288388
2059316666.67,-86.95533765179006
2064315000.0,-93.69433617366997
2069313333.33,-97.69290520363208
2074311666.67,-78.95000987595088
2079310000.0,-91.0250543657147
2084308333.33,-96.62815977989189
2089306666.67,-89.99842071636614
2094305000.0,-85.74071781955625
2099303333.33,-78.37890472229473
2104301666.67,-86.95643012675202
2109300000.0,-91.73987030254075
2114298333.33,-81.63853868840208
2119296666.67,-94.243404187244
2124295000.0,-81.90051878514208
2129293333.33,-101.89844413442424
2134291666.67,-86.12552784580751
2139290000.0,-88.22512012589576
2144288333.33,-79.55868956606197
2149286666.67,-81.81313486599177
2154285000.0,-94.3859247418252
2159283333.33,-91.31474810612387
2164281666.67,-92.11631565127541
2169280000.0,-87.31074233630167
2174278333.33,-83.02742882966916
2179276666.67,-98.14387225779498
2184275000.0,-86.21964445378607
2189273333.33,-80.00786805196324
2194271666.67,-88.0544696318568
2199270000.0,-86.02486795139144
2204268333.33,-83.59994231679619
2209266666.67,-92.91623989435516
2214265000.0,-100.26546297631548
2219263333.33,-85.01433811190029
2224261666.67,-87.94537532178339
2229260000.0,-106.88970243844102
2234258333.33,-81.37768945604859
2239256666.67,-95.45152506299047
2244255000.0,-93.7614102291714
2249253333.33,-84.89416300985526
2254251666.67,-83.00949148512726
2259250000.0,-93.47325588241736
2264248333.33,-91.807415896735
2269246666.67,-89.0214367348719
2274245000.0,-84.02399564203195
2279243333.33,-86.21829779673337
2284241666.67,-102.79915365730972
2289240000.0,-89.35640180243502
2294238333.33,-82.73994315949517
2299236666.67,-82.2539600473133
2304235000.0,-97.53186958096396
2309233333.33,-84.94115278467521
2314231666.67,-83.63148802900758
2319230000.0,-84.21987068495723
2324228333.33,-87.62073317644771
2329226666.67,-87.16474417515686
2334225000.0,-82.19075641236971
2339223333.33,-91.82587550426375
2344221666.67,-86.5131872068153
2349220000.0,-90.23482932923223
2354218333.33,-105.31160609962075
2359216666.67,-87.39782357440771
2364215000.0,-84.79871597830976
2369213333.33,-89.35821814206744
2374211666.67,-87.1170344624291
2379210000.0,-90.9339071587508
2384208333.33,-85.9892698897116
2389206666.67,-83.40740566986936
2394205000.0,-87.01404627050476
2399203333.33,-86.0243743720876
2404201666.67,-93.36869825894632
2409200000.0,-84.0145918646835
2414198333.33,-93.32389192462867
2419196666.67,-94.21777022651739
2424195000.0,-82.91253329529164
2429193333.33,-87.89755164899933
2434191666.67,-83.91336135763075
2439190000.0,-83.57342991180548
2444188333.33,-86.4637589101558
2449186666.67,-81.8294248235403
2454185000.0,-82.18560857140656
2459183333.33,-84.89393643752736
2464181666.67,-83.78348056039334
2469180000.0,-82.03550768269932
2474178333.33,-85.2986890170716
2479176666.67,-86.97662380537578
2484175000.0,-82.62983266818489
2489173333.33,-85.31465478310511
2494171666.67,-87.93179785617826
2499170000.0,-93.59804983512488
2504168333.33,-84.65984077611638
2509166666.67,-97.14253811427552
2514165000.0,-91.01045915343349
2519163333.33,-81.88622994036348
2524161666.67,-99.58669794115004
2529160000.0,-86.9288005811438
2534158333.33,-81.39585630308565
2539156666.67,-83.47297264167219
2544155000.0,-78.73213030489059
2549153333.33,-98.68000123491379
2554151666.67,-86.06741418083232
2559150000.0,-84.15817633039967
2564148333.33,-90.90365547928718
2569146666.67,-88.47561128096783
2574145000.0,-88.08717442318552
2579143333.33,-81.10127856197491
2584141666.67,-84.59627297979824
2589140000.0,-86.90323886812722
2594138333.33,-93.95777678805305
2599136666.67,-87.5484746225643
2604135000.0,-93.51567307111631
2609133333.33,-83.87800612595647
2614131666.67,-86.01908797096445
2619130000.0,-81.87944443173329
2624128333.33,-84.78468740458874
2629126666.67,-83.9608857344437
2634125000.0,-90.56229058658418
2639123333.33,-79.75945401078599
2644121666.67,-83.50787155117602
2649120000.0,-92.36672237737913
2654118333.33,-88.42747606878117
2659116666.67,-84.8972279119051
2664115000.0,-94.16109502764776
2669113333.33,-88.38060867093164
2674111666.67,-84.91978761565598
2679110000.0,-85.69675969371546
2684108333.33,-87.31536779189211
2689106666.67,-93.75619434583311
2694105000.0,-86.99870929365522
2699103333.33,-87.53733059773255
2704101666.67,-85.61405782781044
2709100000.0,-83.57775218125326
2714098333.33,-81.718530365504
2719096666.67,-85.15088503984998
2724095000.0,-83.80308773562179
2729093333.33,-89.35362012417315
2734091666.67,-85.0515320322838
2739090000.0,-92.76089603901863
2744088333.33,-90.25252143731555
2749086666.67,-86.54966340987167
2754085000.0,-89.94397090254535
2759083333.33,-85.72888314991069
2764081666.67,-84.52637130881067
2769080000.0,-100.37850150504627
2774078333.33,-104.82530455691219
2779076666.67,-87.07386982843249
2784075000.0,-100.73627512561299
2789073333.33,-88.24255476974986
2794071666.67,-86.96651019180985
2799070000.0,-84.35736169435893
2804068333.33,-88.57950443892541
2809066666.67,-86.45188210118005
2814065000.0,-89.37312802384348
2819063333.33,-90.81731616960768
2824061666.67,-85.13105968427935
2829060000.0,-85.88897027940652
2834058333.33,-90.83623071864
2839056666.67,-89.25939196502495
2844055000.0,-93.30034236600186
2849053333.33,-91.27498031815136
2854051666.67,-93.14328543208521
2859050000.0,-87.91706189715917
2864048333.33,-84.02954074110012
2869046666.67,-99.03666672071125
2874045000.0,-81.39945774810269
2879043333.33,-88.44017698407548
2884041666.67,-93.22122489415418
2889040000.0,-89.60977844709048
2894038333.33,-94.59620035069987
2899036666.67,-84.6571426996031
2904035000.0,-78.26996504657447
2909033333.33,-93.26077241245657
2914031666.67,-86.50164962382549
2919030000.0,-84.01624380623304
2924028333.33,-84.09845171684222
2929026666.67,-82.94452090284085
2934025000.0,-88.83430104692755
2939023333.33,-84.7849446655575
2944021666.67,-108.41296568860699
2949020000.0,-83.2547713134636
2954018333.33,-90.91333169581263
2959016666.67,-82.32093900910496
2964015000.0,-80.64366723029501
2969013333.33,-83.5828770252627
2974011666.67,-80.44234564370826
2979010000.0,-86.57244377039791
2984008333.33,-82.58162806902115
2989006666.67,-84.27229586812409
2994005000.0,-91.5796898037516
2999003333.33,-82.2346958021919
3004001666.67,-87.54136700169538
3009000000.0,-85.85047590406467
3013998333.33,-103.80486337688284
3018996666.67,-84.74635084215487
3023995000.0,-81.46256969429393
3028993333.33,-82.52303550741354
3033991666.67,-98.60596757460848
3038990000.0,-88.62192130919325
3043988333.33,-91.76744518093953
3048986666.67,-94.6793321639062
3053985000.0,-82.07878750999599
3058983333.33,-84.58751467899674
3063981666.67,-86.89675498305974
3068980000.0,-87.27784591728012
3073978333.33,-87.39835133155383
3078976666.67,-79.75552022499718
3083975000.0,-81.12853240966419
3088973333.33,-91.45808869720807
3093971666.67,-90.49903924271676
3098970000.0,-87.57644715753466
3103968333.33,-86.18054598637116
3108966666.67,-101.38984199943116
3113965000.0,-83.74034677773341
3118963333.33,-84.2962551847331
3123961666.67,-82.3894873213597
3128960000.0,-81.25465160081262
3133958333.33,-93.86861556988916
3138956666.67,-87.11829724919112
3143955000.0,-85.61890238990385
3148953333.33,-85.65882951320009
3153951666.67,-80.53795812959771
3158950000.0,-84.54797369776097
3163948333.33,-83.14349363676806
3168946666.67,-94.28339727063508
3173945000.0,-82.66745910153162
3178943333.33,-86.84819753116115
3183941666.67,-87.99938027172612
3188940000.0,-91.76693248235503
3193938333.33,-94.29802582854181
3198936666.67,-80.45445000002444
3203935000.0,-103.63845658801739
3208933333.33,-88.72605183671153
3213931666.67,-85.47873016531967
3218930000.0,-81.95652525259143
3223928333.33,-90.06689101971347
3228926666.67,-83.91993969554143
3233925000.0,-93.57651896457782
3238923333.33,-84.92541514480806
3243921666.67,-80.63699848537271
3248920000.0,-106.2794830672152
3253918333.33,-79.98795685726517
3258916666.67,-81.80624654156334
3263915000.0,-88.66684273814137
3268913333.33,-85.99403612032225
3273911666.67,-88.4357509643668
3278910000.0,-115.48079472411041
3283908333.33,-85.40368802873941
3288906666.67,-101.09763241498314
3293905000.0,-83.56916619711416
3298903333.33,-83.83794478756839
3303901666.67,-83.6752235279372
3308900000.0,-92.7214528799221
3313898333.33,-92.12934473710638
3318896666.67,-81.04039734328347
3323895000.0,-92.32079934358852
3328893333.33,-83.54617431616774
3333891666.67,-87.64812172894581
3338890000.0,-83.48668534580361
3343888333.33,-83.50609340024974
3348886666.67,-89.45980131995523
3353885000.0,-88.83958160993792
3358883333.33,-98.94884940374683
3363881666.67,-80.66348738865153
3368880000.0,-86.130542082155
3373878333.33,-87.15116090752855
3378876666.67,-96.686139772497
3383875000.0,-79.7238485445443
3388873333.33,-90.24898029887025
3393871666.67,-87.11002511322874
3398870000.0,-90.51430831602616
3403868333.33,-84.70937219247007
3408866666.67,-82.36255820026827
3413865000.0,-78.42668238174141
3418863333.33,-84.18962865929942
3423861666.67,-98.06706147134612
3428860000.0,-79.7432558253473
3433858333.33,-85.20995717683347
3438856666.67,-94.19603341835783
3443855000.0,-81.93495235252855
3448853333.33,-98.64389730192927
3453851666.67,-84.9581580319369
3458850000.0,-80.4648453305421
3463848333.33,-81.03871082556566
3468846666.67,-92.94269319294915
3473845000.0,-88.27993491059239
3478843333.33,-84.73816978357766
3483841666.67,-85.2032634321297
3488840000.0,-85.23571867739969
3493838333.33,-85.24521025024765
3498836666.67,-92.08829583758813
3503835000.0,-85.96741857597482
3508833333.33,-81.68989838344943
3513831666.67,-102.33993799135331
3518830000.0,-82.19116585841577
3523828333.33,-80.82381102876555
3528826666.67,-84.94574805013983
3533825000.0,-87.48905800844543
3538823333.33,-85.302103074065
3543821666.67,-82.96470263950661
3548820000.0,-83.95099893475496
3553818333.33,-84.16031093783118
3558816666.67,-87.63531407428479
3563815000.0,-90.42496626104912
3568813333.33,-88.10034913941978
3573811666.67,-84.92800833376742
3578810000.0,-91.45666778593905
3583808333.33,-79.50382986701587
3588806666.67,-84.7197797599962
3593805000.0,-84.20218212426393
3598803333.33,-84.56706982681882
3603801666.67,-87.93446305394248
3608800000.0,-82.09014536528635
3613798333.33,-81.59900069300397
3618796666.67,-81.50927515707723
3623795000.0,-95.17011587151148
3628793333.33,-84.47485744202866
3633791666.67,-98.24865539507776
3638790000.0,-94.97231864500537
3643788333.33,-80.52271090310069
3648786666.67,-81.72935403426078
3653785000.0,-87.40710095328191
3658783333.33,-86.65324812509284
3663781666.67,-85.16177620442821
3668780000.0,-89.96531582904038
3673778333.33,-84.67265553685577
3678776666.67,-81.16865170031187
3683775000.0,-86.89022911418716
3688773333.33,-85.14259361250907
3693771666.67,-91.12942063735801
3698770000.0,-87.08370281612414
3703768333.33,-82.82092624426056
3708766666.67,-84.37380638899965
3713765000.0,-86.42874043486152
3718763333.33,-81.58557859759875
3723761666.67,-84.70539148006311
3728760000.0,-90.08831471696168
3733758333.33,-93.31279237298833
3738756666.67,-86.19789599017602
3743755000.0,-86.78247506039705
3748753333.33,-80.77590574566813
3753751666.67,-89.00567192548735
3758750000.0,-86.0841598771171
3763748333.33,-84.90686747525555
3768746666.67,-83.86896915083788
3773745000.0,-81.94020365172955
3778743333.33,-86.41326212218385
3783741666.67,-105.35182911518552
3788740000.0,-96.81270192671391
3793738333.33,-84.26690480101729
3798736666.67,-81.14593079764472
3803735000.0,-86.46187016895237
3808733333.33,-92.10835586637262
3813731666.67,-88.86397488427383
3818730000.0,-88.33732762486541
3823728333.33,-87.67003190293363
3828726666.67,-86.53322588262922
3833725000.0,-90.12281608721406
3838723333.33,-85.14852968229738
3843721666.67,-85.91734825514322
3848720000.0,-88.46387444690461
3853718333.33,-79.4328097516343
3858716666.67,-82.71884529904598
3863715000.0,-86.76075768213629
3868713333.33,-83.9948116017048
3873711666.67,-103.12568908930821
3878710000.0,-102.95729314607557
3883708333.33,-84.27635467333035
3888706666.67,-91.4485619710735
3893705000.0,-83.48295542265677
3898703333.33,-85.85449760400856
3903701666.67,-81.85098538915624
3908700000.0,-80.15718497367232
3913698333.33,-92.81920616327595
3918696666.67,-81.34617893552775
3923695000.0,-86.61853336101119
3928693333.33,-90.48399758008132
3933691666.67,-82.16555380053498
3938690000.0,-79.19285359772884
3943688333.33,-94.57297181517879
3948686666.67,-83.7195459351484
3953685000.0,-82.76216499304564
3958683333.33,-86.75804023647899
3963681666.67,-86.54474955223863
3968680000.0,-91.10698920409519
3973678333.33,-84.63273361290061
3978676666.67,-91.01742143336142
3983675000.0,-85.07948791474129
3988673333.33,-87.57202454175747
3993671666.67,-82.41116065505153
3998670000.0,-88.50224881734256
4003668333.33,-87.83532206419176
4008666666.67,-88.49420634593628
4013665000.0,-84.9629451220726
4018663333.33,-90.58685555164601
4023661666.67,-83.35902095731586
4028660000.0,-93.90398178369335
4033658333.33,-89.53071028259004
4038656666.67,-95.64055705071247
4043655000.0,-78.99571696737327
4048653333.33,-84.378937735283
4053651666.67,-87.08051625157319
4058650000.0,-87.64615360690043
4063648333.33,-84.20959398912169
4068646666.67,-85.21988348619087
4073645000.0,-81.39987352282125
4078643333.33,-84.61222381498982
4083641666.67,-88.47576030350592
4088640000.0,-96.44887796651537
4093638333.33,-87.64992313096094
4098636666.67,-78.19675310079148
4103635000.0,-99.44307654535936
4108633333.33,-96.46609711808453
4113631666.67,-81.8285061502342
4118630000.0,-82.15398038434319
4123628333.33,-86.194980463584
4128626666.67,-92.83874040700775
4133625000.0,-87.09863605787633
4138623333.33,-89.93820058991929
4143621666.67,-97.25340492971799
4148620000.0,-86.59270550646214
4153618333.33,-99.984041617313
4158616666.67,-87.59269241972738
4163615000.0,-83.98352581568062
4168613333.33,-86.09690729566762
4173611666.67,-92.62664585791369
4178610000.0,-86.0645974131797
4183608333.33,-94.53050696909742
4188606666.67,-92.44510484924378
4193605000.0,-77.87108721268953
4198603333.33,-85.32536487059177
4203601666.67,-81.66707851511818
4208600000.0,-86.67601490813217
4213598333.33,-82.42037098546994
4218596666.67,-96.40528347703962
4223595000.0,-83.10521969847635
4228593333.33,-85.68033565222501
4233591666.67,-91.41584506795621
4238590000.0,-86.12898656514274
4243588333.33,-90.01037334548303
4248586666.67,-81.54382051753943
4253585000.0,-93.03625284752876
4258583333.33,-87.67680285711307
4263581666.67,-88.621853306905
4268580000.0,-87.63419322912951
4273578333.33,-78.71945507063772
4278576666.67,-85.34780659677145
4283575000.0,-87.33901186397767
4288573333.33,-90.50784717541042
4293571666.67,-88.63820952502496
4298570000.0,-85.64270902674085
4303568333.33,-85.99440201511496
4308566666.67,-83.23250089626092
4313565000.0,-84.76875626739297
4318563333.33,-81.42837378121084
4323561666.67,-85.60677469494293
4328560000.0,-87.41043917631016
4333558333.33,-85.55479370437581
4338556666.67,-87.55956343791546
4343555000.0,-84.07172466123129
4348553333.33,-86.7485042234906
4353551666.67,-81.0755549110022
4358550000.0,-82.8045677792805
4363548333.33,-79.91307628178437
4368546666.67,-89.36681886066907
4373545000.0,-87.42241842401609
4378543333.33,-85.96031733007082
4383541666.67,-93.96131706878214
4388540000.0,-82.43432920962962
4393538333.33,-80.16877313143921
4398536666.67,-83.00259711061214
4403535000.0,-84.20635985214079
4408533333.33,-100.07233330827282
4413531666.67,-88.34300847634445
4418530000.0,-87.80089624096843
4423528333.33,-82.25161995384711
4428526666.67,-89.59188003147665
4433525000.0,-89.31798971330038
4438523333.33,-89.17193361682804
4443521666.67,-80.85251548244835
4448520000.0,-80.93344754962908
4453518333.33,-86.650762725006
4458516666.67,-80.83532795869941
4463515000.0,-87.93340623122805
4468513333.33,-80.1474541691359
4473511666.67,-83.90161313404565
4478510000.0,-93.31732984139157
4483508333.33,-83.00584146383422
4488506666.67,-84.77370473768408
4493505000.0,-83.43175294516413
4498503333.33,-83.73147530554792
4503501666.67,-83.96996133787516
4508500000.0,-80.86984819908535
4513498333.33,-84.26260740735374
4518496666.67,-80.8362374383859
4523495000.0,-80.43487293336895
4528493333.33,-80.26482437127798
4533491666.67,-87.11466196078064
4538490000.0,-82.11614128132788
4543488333.33,-78.75433858637096
4548486666.67,-84.22644835575221
4553485000.0,-83.17668847217517
4558483333.33,-82.8146932935215
4563481666.67,-82.90835771692048
4568480000.0,-90.36134787206032
4573478333.33,-94.55714529811414
4578476666.67,-83.6483125558963
4583475000.0,-91.03710209415623
4588473333.33,-84.47262684616447
4593471666.67,-87.20272651994678
4598470000.0,-82.79176996591674
4603468333.33,-87.54444736475224
4608466666.67,-81.7298965015125
4613465000.0,-80.59058822000254
4618463333.33,-79.15624100746994
4623461666.67,-85.2719221521402
4628460000.0,-81.85310100872364
4633458333.33,-82.60929096294886
4638456666.67,-87.25292180444492
4643455000.0,-85.08845345584103
4648453333.33,-83.26271900369281
4653451666.67,-86.34213899303008
4658450000.0,-94.56536321464633
4663448333.33,-87.81550306231733
4668446666.67,-79.90177687490116
4673445000.0,-83.29250306843603
4678443333.33,-81.53358566950551
4683441666.67,-87.32249695179016
4688440000.0,-87.02367962421894
4693438333.33,-85.97187216452433
4698436666.67,-84.30350412166995
4703435000.0,-87.65379310332347
4708433333.33,-85.31812404811788
4713431666.67,-84.97512209642643
4718430000.0,-85.91381316239924
4723428333.33,-85.1563948314089
4728426666.67,-81.83070548018509
4733425000.0,-89.73455608123726
4738423333.33,-87.36931256339454
4743421666.67,-78.63983745331352
4748420000.0,-83.28398870473833
4753418333.33,-89.12082619563063
4758416666.67,-83.84877906004752
4763415000.0,-79.65699429700373
4768413333.33,-83.97528329807002
4773411666.67,-83.40467426258101
4778410000.0,-84.09936065979947
4783408333.33,-83.26616076239966
4788406666.67,-83.97576334233973
4793405000.0,-85.60400096537015
4798403333.33,-84.66195263781498
4803401666.67,-79.99832094174133
4808400000.0,-79.9329363261677
4813398333.33,-84.92436470750232
4818396666.67,-92.68566771340603
4823395000.0,-85.53709691031571
4828393333.33,-92.46004551924587
4833391666.67,-86.22450650522397
4838390000.0,-84.07732890646294
4843388333.33,-81.98682079467248
4848386666.67,-80.38001002957347
4853385000.0,-84.84464983184766
4858383333.33,-81.13981514485832
4863381666.67,-81.8341320866174
4868380000.0,-82.7973576259361
4873378333.33,-89.19565766219367
4878376666.67,-82.97369805454582
4883375000.0,-82.7019034632052
4888373333.33,-80.2255930173443
4893371666.67,-82.61712917107344
4898370000.0,-79.17780709834452
4903368333.33,-81.42013337678242
4908366666.67,-82.80949683612812
4913365000.0,-88.00044848071883
4918363333.33,-81.26324183752004
4923361666.67,-93.04959091855763
4928360000.0,-80.63648114386683
4933358333.33,-87.23804013195644
4938356666.67,-82.17829925713801
4943355000.0,-81.1931881891595
4948353333.33,-80.29894293674906
4953351666.67,-85.7907790679123
4958350000.0,-83.96801418585594
4963348333.33,-80.24707159243158
4968346666.67,-83.8501917852917
4973345000.0,-91.88720479514116
4978343333.33,-79.71947111970913
4983341666.67,-80.84014854484553
4988340000.0,-78.11968857380232
4993338333.33,-84.89467473661078
4998336666.67,-83.94887068021617
5003335000.0,-86.37817801894677
5008333333.33,-93.51186119084295
5013331666.67,-87.65405672020462
5018330000.0,-83.80634980765464
5023328333.33,-80.6035017827496
5028326666.67,-87.78838826537621
5033325000.0,-81.74617238909835
5038323333.33,-79.5321243892128
5043321666.67,-86.27627619539773
5048320000.0,-85.40777793939947
5053318333.33,-81.79958551721015
5058316666.67,-79.88514569770017
5063315000.0,-81.73665330456737
5068313333.33,-79.94073730953416
5073311666.67,-84.19123241182326
5078310000.0,-80.47614693676911
5083308333.33,-78.4858855458314
5088306666.67,-89.36379094462174
5093305000.0,-83.12636144429646
5098303333.33,-79.34236076172088
5103301666.67,-82.44480400113255
5108300000.0,-82.0427705239845
5113298333.33,-82.3755421179313
5118296666.67,-97.89175495323485
5123295000.0,-78.2315774408196
5128293333.33,-83.35999856466331
5133291666.67,-85.75547557853949
5138290000.0,-82.53176639519342
5143288333.33,-80.54572092699756
5148286666.67,-77.61035675483288
5153285000.0,-85.82248337059384
5158283333.33,-85.71584501573624
5163281666.67,-79.24898380562018
5168280000.0,-85.93119304861062
5173278333.33,-79.22189638753785
5178276666.67,-90.4381929563587
5183275000.0,-79.10697996763861
5188273333.33,-81.21685828786327
5193271666.67,-78.12653046558279
5198270000.0,-94.85152095009303
5203268333.33,-82.97530470563962
5208266666.67,-82.11765570025348
5213265000.0,-78.05021377519965
5218263333.33,-81.33889969610344
5223261666.67,-95.95448008835403
5228260000.0,-77.6139050722417
5233258333.33,-88.3856314347909
5238256666.67,-82.61067848725632
5243255000.0,-80.41812833297051
5248253333.33,-76.7100151793631
5253251666.67,-85.06929606619053
5258250000.0,-79.07581733169677
5263248333.33,-80.1204675418493
5268246666.67,-88.04596583750643
5273245000.0,-83.39608203483178
5278243333.33,-79.5739858564827
5283241666.67,-82.24555012722847
5288240000.0,-80.69917848734386
5293238333.33,-81.70850258946803
5298236666.67,-96.56913207115488
5303235000.0,-86.01560721585999
5308233333.33,-88.52496137432071
5313231666.67,-78.30757878338075
5318230000.0,-78.09949952845409
5323228333.33,-99.3464228344792
5328226666.67,-83.03962166196312
5333225000.0,-83.07212797438864
5338223333.33,-88.53656746016617
5343221666.67,-82.04034628414871
5348220000.0,-88.6059771820558
5353218333.33,-80.68292689956743
5358216666.67,-81.44986330849149
5363215000.0,-91.18226246845981
5368213333.33,-87.09955571609424
5373211666.67,-81.91394540309922
5378210000.0,-91.45774379976882
5383208333.33,-80.57771378229775
5388206666.67,-83.49703032201498
5393205000.0,-84.28413344141077
5398203333.33,-82.01358466994344
5403201666.67,-81.71180478227654
5408200000.0,-85.37205358628907
5413198333.33,-83.8372392516398
5418196666.67,-80.30883568709055
5423195000.0,-84.70006378241212
5428193333.33,-82.58989451629947
5433191666.67,-89.28164541784633
5438190000.0,-84.91754054255337
5443188333.33,-82.62747208944232
5448186666.67,-84.39809659059384
5453185000.0,-81.4068952650857
5458183333.33,-80.63356999858198
5463181666.67,-79.12699808251583
5468180000.0,-80.20678778094236
5473178333.33,-84.53393591702806
5478176666.67,-85.33826445250149
5483175000.0,-79.1910436981915
5488173333.33,-81.98921164445773
5493171666.67,-83.57320688324178
5498170000.0,-87.03064719407543
5503168333.33,-80.2032386845903
5508166666.67,-79.82932234797433
5513165000.0,-81.70333660508953
5518163333.33,-80.6543233584539
5523161666.67,-80.6982757495048
5528160000.0,-80.46376587229831
5533158333.33,-80.57859624557483
5538156666.67,-78.5683371517635
5543155000.0,-79.96389620098593
5548153333.33,-79.00638961162508
5553151666.67,-81.72229813950217
5558150000.0,-87.52844159776097
5563148333.33,-87.106507270718
5568146666.67,-78.26068623456104
5573145000.0,-77.68239517481709
5578143333.33,-88.81002677567267
5583141666.67,-80.56036149122193
5588140000.0,-80.43616599646242
5593138333.33,-79.16690095607278
5598136666.67,-89.54432002672411
5603135000.0,-87.9205435204918
5608133333.33,-84.01797929785276
5613131666.67,-82.04063185515075
5618130000.0,-80.11619252174756
5623128333.33,-89.28293083447322
5628126666.67,-80.53175178611136
5633125000.0,-83.59981021974859
5638123333.33,-78.65893486920646
5643121666.67,-81.67831796685547
5648120000.0,-84.18991852438853
5653118333.33,-81.17780933742108
5658116666.67,-83.12458172082238
5663115000.0,-86.99069917250036
5668113333.33,-83.19895236360195
5673111666.67,-83.96433960833309
5678110000.0,-81.01338058528354
5683108333.33,-82.59956675740162
5688106666.67,-79.44209737005114
5693105000.0,-83.88602955921289
5698103333.33,-93.34190765629238
5703101666.67,-82.31957764569025
5708100000.0,-86.58657346937673
5713098333.33,-77.75645034907495
5718096666.67,-80.89438301170416
5723095000.0,-78.48287169887388
5728093333.33,-81.59254890433266
5733091666.67,-83.15639370057986
5738090000.0,-85.54717274494851
5743088333.33,-80.327346298137
5748086666.67,-80.53550332755125
5753085000.0,-87.63697865601918
5758083333.33,-85.05975411110367
5763081666.67,-77.6617807793948
5768080000.0,-82.18902046309132
5773078333.33,-90.13229828847601
5778076666.67,-81.74052871471747
5783075000.0,-83.84247622242049
5788073333.33,-78.97004985269659
5793071666.67,-84.4040760782978
5798070000.0,-76.9336201764438
5803068333.33,-83.77839113414849
5808066666.67,-80.21375072093639
5813065000.0,-79.8384943731845
5818063333.33,-77.89376822340668
5823061666.67,-80.9201486575462
5828060000.0,-81.73945647039272
5833058333.33,-81.99066978469054
5838056666.67,-82.9577246394146
5843055000.0,-78.39275660738952
5848053333.33,-78.65318532697269
5853051666.67,-80.63079904625553
5858050000.0,-84.70345083176241
5863048333.33,-85.26012044343432
5868046666.67,-81.91961474293727
5873045000.0,-77.70720711719417
5878043333.33,-80.70276441322677
5883041666.67,-86.23845190104763
5888040000.0,-86.00587459787096
5893038333.33,-80.93465980558386
5898036666.67,-83.64634840410778
5903035000.0,-86.75276174333584
5908033333.33,-89.87280600356794
5913031666.67,-82.6985694725453
5918030000.0,-79.90120996645066
5923028333.33,-84.39807795158485
5928026666.67,-83.61867137991963
5933025000.0,-82.67258230501804
5938023333.33,-86.0314798005956
5943021666.67,-85.00680744358972
5948020000.0,-84.00540055670004
5953018333.33,-80.46323149995571
5958016666.67,-78.52322490174954
5963015000.0,-79.9333291248241
5968013333.33,-87.17024999672381
5973011666.67,-80.38937604392655
5978010000.0,-82.01837355775243
5983008333.33,-81.5540782919811
5988006666.67,-80.99954929412405
5993005000.0,-95.70318856688603
5998003333.33,-80.93562667765134
6003001666.67,-79.07762229214576
6008000000.0,-85.0077212682311
6012998333.33,-80.89841432458672
6017996666.67,-79.37453366098542
6022995000.0,-81.00203570694111
6027993333.33,-76.11580764182717
6032991666.67,-82.2371506432909
6037990000.0,-77.39296504992856
6042988333.33,-89.20851071320597
6047986666.67,-77.23866586911909
6052985000.0,-82.68496328534299
6057983333.33,-88.06303215084594
6062981666.67,-81.12808876265572
6067980000.0,-84.14546957541596
6072978333.33,-77.58886135616581
6077976666.67,-85.53460063170115
6082975000.0,-80.91329188578175
6087973333.33,-95.47208632898744
6092971666.67,-80.55233830543062
6097970000.0,-86.02024642882915
6102968333.33,-84.15640734719551
6107966666.67,-75.2834926204257
6112965000.0,-82.16636506377202
6117963333.33,-81.5651264449304
6122961666.67,-79.55010867531391
6127960000.0,-82.48770367220484
6132958333.33,-80.54639403527106
6137956666.67,-78.54578251650776
6142955000.0,-80.9308386690882
6147953333.33,-80.48744064021037
6152951666.67,-92.56466387643056
6157950000.0,-84.94329120791116
6162948333.33,-79.82298467015471
6167946666.67,-80.47797627269955
6172945000.0,-82.15575358183682
6177943333.33,-76.94965469960216
6182941666.67,-77.99219092967616
6187940000.0,-84.41048779354216
6192938333.33,-81.79258548607132
6197936666.67,-80.7886431060379
6202935000.0,-78.73347467732162
6207933333.33,-79.89679491364984
6212931666.67,-94.64011861882526
6217930000.0,-79.80148074945343
6222928333.33,-77.50415389652088
6227926666.67,-77.94044976135947
6232925000.0,-81.32980178838893
6237923333.33,-84.75879612537591
6242921666.67,-82.28391761079548
6247920000.0,-77.57656970238308
6252918333.33,-76.29920939430761
6257916666.67,-77.56392847320727
6262915000.0,-79.01808468825115
6267913333.33,-83.16760457607421
6272911666.67,-90.28741285365909
6277910000.0,-78.20663221000427
6282908333.33,-78.9341110487497
6287906666.67,-82.27176748456642
6292905000.0,-79.19609209589268
6297903333.33,-77.79966617445866
6302901666.67,-79.01938714767081
6307900000.0,-79.73356056882237
6312898333.33,-83.03420107900035
6317896666.67,-79.63811443589378
6322895000.0,-79.64825786073057
6327893333.33,-88.31878582215857
6332891666.67,-79.95599304176557
6337890000.0,-79.8077370403845
6342888333.33,-76.5343104259322
6347886666.67,-81.07968022078632
6352885000.0,-84.31474461923061
6357883333.33,-86.58796115441706
6362881666.67,-91.98469937110627
6367880000.0,-79.10507620316803
6372878333.33,-79.4527736406056
6377876666.67,-82.2577805037325
6382875000.0,-78.93431493513748
6387873333.33,-83.71833621745728
6392871666.67,-83.7469936339723
6397870000.0,-80.8814567738264
6402868333.33,-80.28234268004708
6407866666.67,-78.22693697131936
6412865000.0,-82.43917838405201
6417863333.33,-86.4011792700059
6422861666.67,-80.26695195563627
6427860000.0,-77.76930042609725
6432858333.33,-87.07824234216106
6437856666.67,-76.61498791211068
6442855000.0,-80.22015469118877
6447853333.33,-79.43046790810163
6452851666.67,-80.61606714477867
6457850000.0,-79.06284138999844
6462848333.33,-79.97327471155793
6467846666.67,-80.95688625614395
6472845000.0,-81.63610799927574
6477843333.33,-86.11980182873113
6482841666.67,-77.7823645472273
6487840000.0,-82.41617714805955
6492838333.33,-79.48880975409504
6497836666.67,-84.4737006446063
6502835000.0,-80.44999243563895
6507833333.33,-84.32704673210877
6512831666.67,-80.28732097900773
6517830000.0,-77.27507120913695
6522828333.33,-82.71781157793731
6527826666.67,-81.41309740479308
6532825000.0,-80.1349748250563
6537823333.33,-85.86946517227581
6542821666.67,-83.35639181738816
6547820000.0,-81.6163035199092
6552818333.33,-81.42185098126524
6557816666.67,-80.74979461129746
6562815000.0,-80.09606675937027
6567813333.33,-83.81339892076227
6572811666.67,-83.23101328748604
6577810000.0,-80.6061309982166
6582808333.33,-80.86231737042687
6587806666.67,-83.09982932438466
6592805000.0,-83.55476191762841
6597803333.33,-82.27201044911568
6602801666.67,-82.28258178080523
6607800000.0,-81.90691669240123
6612798333.33,-81.679098810223
6617796666.67,-77.56965677157167
6622795000.0,-83.99458289075172
6627793333.33,-84.46518715965615
6632791666.67,-79.1532196522666
6637790000.0,-84.64310092592189
6642788333.33,-78.02756677704694
6647786666.67,-77.62228380123643
6652785000.0,-82.8971144788917
6657783333.33,-77.18835496778719
6662781666.67,-84.69495497223919
6667780000.0,-78.36217273482603
6672778333.33,-82.3635539694588
6677776666.67,-77.1559146972098
6682775000.0,-75.83484897439638
6687773333.33,-87.55816861658523
6692771666.67,-78.14126349738379
6697770000.0,-76.81952250194354
6702768333.33,-77.05782911215515
6707766666.67,-84.11488069541247
6712765000.0,-78.54745363848299
6717763333.33,-80.38046677524852
6722761666.67,-78.99514988991875
6727760000.0,-81.58233904693064
6732758333.33,-79.45687492261709
6737756666.67,-78.35262698149234
6742755000.0,-87.68005150255343
6747753333.33,-80.25934876388588
6752751666.67,-76.91231079265725
6757750000.0,-78.440185535178
6762748333.33,-85.24711043076653
6767746666.67,-81.97325824502269
6772745000.0,-86.8233067846302
6777743333.33,-81.72715175087193
6782741666.67,-75.47573803828874
6787740000.0,-82.49431496776478
6792738333.33,-76.36470634564422
6797736666.67,-78.98896959585751
6802735000.0,-78.84274658180361
6807733333.33,-78.80419590568673
6812731666.67,-79.84805761801277
6817730000.0,-75.76074438166918
6822728333.33,-80.0929904476892
6827726666.67,-83.81340532174731
6832725000.0,-77.44519058299305
6837723333.33,-77.34396700450873
6842721666.67,-77.92200293752414
6847720000.0,-77.4735050798092
6852718333.33,-80.96618668781664
6857716666.67,-82.91655020792962
6862715000.0,-80.57620584797743
6867713333.33,-79.95348529580343
6872711666.67,-82.32715225071044
6877710000.0,-81.0737349688255
6882708333.33,-76.61057038135102
6887706666.67,-81.26078845159255
6892705000.0,-79.80288642692831
6897703333.33,-80.59076520012609
6902701666.67,-81.85485114020778
6907700000.0,-83.30890692224486
6912698333.33,-81.95528608990811
6917696666.67,-81.61609589257637
6922695000.0,-79.61894336438854
6927693333.33,-76.68749910845744
6932691666.67,-76.8449694258654
6937690000.0,-78.05816432513109
6942688333.33,-79.20908381567452
6947686666.67,-84.54944228051764
6952685000.0,-80.40818948142602
6957683333.33,-86.16612648360926
6962681666.67,-79.73834745330996
6967680000.0,-80.36120541381987
6972678333.33,-77.7725258475064
6977676666.67,-78.6069805231734
6982675000.0,-80.38895625357219
6987673333.33,-79.95339983979332
6992671666.67,-83.76367045034685
6997670000.0,-78.4451951672287
7002668333.33,-78.18587062477017
7007666666.67,-80.31586777958096
7012665000.0,-82.48614449535866
7017663333.33,-82.24005128033693
7022661666.67,-77.16222402465328
7027660000.0,-85.28910905008286
7032658333.33,-78.5587044690221
7037656666.67,-80.53405360950542
7042655000.0,-77.25839163609562
7047653333.33,-84.5406267811376
7052651666.67,-84.69928877316129
7057650000.0,-82.01174026428157
7062648333.33,-79.42824146257075
7067646666.67,-82.48178996233301
7072645000.0,-79.746049883998
7077643333.33,-83.23654448710505
7082641666.67,-79.45779304167367
7087640000.0,-78.90327422013328
7092638333.33,-82.14721308139728
7097636666.67,-81.27274635000347
7102635000.0,-81.06049801163414
7107633333.33,-87.2952632178375
7112631666.67,-82.22810353707602
7117630000.0,-84.3762707597154
7122628333.33,-85.64606996159668
7127626666.67,-77.12526437796856
7132625000.0,-80.17033263171402
7137623333.33,-83.24842648703162
7142621666.67,-78.80251825953682
7147620000.0,-78.85478876645715
7152618333.33,-82.6510296146065
7157616666.67,-76.21723479520703
7162615000.0,-78.50321862482542
7167613333.33,-81.45108821390363
7172611666.67,-80.36104964068613
7177610000.0,-80.36104577091861
7182608333.33,-77.49081152595872
7187606666.67,-81.10821170692549
7192605000.0,-78.32433674226328
7197603333.33,-80.97598397004332
7202601666.67,-77.97617886359346
7207600000.0,-80.78017649084778
7212598333.33,-81.52408009058146
7217596666.67,-79.81934869794853
7222595000.0,-79.12462996666419
7227593333.33,-76.97217229358242
7232591666.67,-76.6812472847338
7237590000.0,-80.88943509527992
7242588333.33,-88.08921661813164
7247586666.67,-76.4739404738473
7252585000.0,-79.85492768930214
7257583333.33,-77.79140347948812
7262581666.67,-77.67396654029203
7267580000.0,-78.49471714225427
7272578333.33,-78.20459931820268
7277576666.67,-79.66140397651641
7282575000.0,-81.44067337794871
7287573333.33,-83.22186018533131
7292571666.67,-81.723870364089
7297570000.0,-83.20344743737368
7302568333.33,-81.3740590626285
7307566666.67,-76.66425987841863
7312565000.0,-80.2437716126037
7317563333.33,-77.6660434849451
7322561666.67,-77.91454700562004
7327560000.0,-76.5074065104111
7332558333.33,-78.54570343497672
7337556666.67,-80.03326693397305
7342555000.0,-75.93871462801198
7347553333.33,-76.5221020040717
7352551666.67,-82.29240025528253
7357550000.0,-81.08298360706037
7362548333.33,-81.4335160018171
7367546666.67,-77.74249271007665
7372545000.0,-88.16650145720519
7377543333.33,-77.79160209700727
7382541666.67,-79.63514807300594
7387540000.0,-86.79768500773895
7392538333.33,-81.3986145935526
7397536666.67,-76.576922242473
7402535000.0,-79.64415129353377
7407533333.33,-79.1157780741452
7412531666.67,-79.55306636181079
7417530000.0,-82.15141445517347
7422528333.33,-80.50626471158873
7427526666.67,-77.34238590954949
7432525000.0,-77.61941460354011
7437523333.33,-79.2552301996349
7442521666.67,-77.34311076471354
7447520000.0,-78.47609279752899
7452518333.33,-74.87231685318615
7457516666.67,-76.70390747379199
7462515000.0,-79.34247792505249
7467513333.33,-78.16427509589063
7472511666.67,-77.33119012915037
7477510000.0,-80.5894291394583
7482508333.33,-77.051822441588
7487506666.67,-81.8049701092767
7492505000.0,-77.60803718836138
7497503333.33,-79.60454541811801
7502501666.67,-91.33043422667001
7507500000.0,-82.43250478275955
7512498333.33,-79.54019023541133
7517496666.67,-81.33560442853394
7522495000.0,-79.32237734742026
7527493333.33,-78.339195332828
7532491666.67,-80.05491681596618
7537490000.0,-78.85256208276188
7542488333.33,-78.49230218238208
7547486666.67,-76.04514928771954
7552485000.0,-76.63819272620589
7557483333.33,-81.94417179048246
7562481666.67,-78.10309406194017
7567480000.0,-79.07083677933366
7572478333.33,-84.26794943990649
7577476666.67,-78.98816016217141
7582475000.0,-76.57500586370605
7587473333.33,-77.68723302645878
7592471666.67,-77.51444236303617
7597470000.0,-78.92944390737682
7602468333.33,-78.23637336107177
7607466666.67,-78.51980535763026
7612465000.0,-84.12761500526976
7617463333.33,-79.08169656957432
7622461666.67,-73.95227252473127
7627460000.0,-81.18805760887469
7632458333.33,-82.50294486301448
7637456666.67,-78.76243611475773
7642455000.0,-77.04556799354725
7647453333.33,-79.27778061102813
7652451666.67,-80.30579187927512
7657450000.0,-81.59989885408301
7662448333.33,-78.88028334989582
7667446666.67,-77.08387716632797
7672445000.0,-76.89212194902495
7677443333.33,-89.73126446359561
7682441666.67,-74.0293297834043
7687440000.0,-78.11645078987404
7692438333.33,-77.52296809266963
7697436666.67,-76.5360076392115
7702435000.0,-79.31463424785184
7707433333.33,-77.44672644203649
7712431666.67,-79.64290329324912
7717430000.0,-76.91649448278152
7722428333.33,-79.84510755676345
7727426666.67,-77.81856711690835
7732425000.0,-76.90898227207563
7737423333.33,-76.49847712220483
7742421666.67,-79.16483649962395
7747420000.0,-82.27083716612401
7752418333.33,-80.17690351570202
7757416666.67,-74.6854748924626
7762415000.0,-75.25261349440841
7767413333.33,-80.89381744448438
7772411666.67,-80.04188057613446
7777410000.0,-75.73743530162142
7782408333.33,-75.81800582248715
7787406666.67,-77.83458514746913
7792405000.0,-76.66261089053043
7797403333.33,-79.78209826753809
7802401666.67,-78.90101815333114
7807400000.0,-77.18096073417549
7812398333.33,-77.50033726295266
7817396666.67,-81.42172621334547
7822395000.0,-78.58276594355006
7827393333.33,-86.59299001222269
7832391666.67,-76.76498520231553
7837390000.0,-77.24798568535141
7842388333.33,-76.9950847721175
7847386666.67,-78.11302565976614
7852385000.0,-76.84646390331386
7857383333.33,-77.76629370306024
7862381666.67,-80.31234983631327
7867380000.0,-78.93014545625599
7872378333.33,-77.98019149690569
7877376666.67,-81.13031576529666
7882375000.0,-84.81912246819635
7887373333.33,-75.35977022550915
7892371666.67,-84.46867264239879
7897370000.0,-74.61744217899454
7902368333.33,-77.57848062964777
7907366666.67,-80.94631381325513
7912365000.0,-77.58937640458436
7917363333.33,-75.22984679245702
7922361666.67,-79.4372946813966
7927360000.0,-77.73011583036765
7932358333.33,-76.15224736933273
7937356666.67,-85.01826181009265
7942355000.0,-76.93219787432693
7947353333.33,-76.50591648486382
7952351666.67,-77.96957071577646
7957350000.0,-76.08777337778336
7962348333.33,-81.80778897479016
7967346666.67,-80.68291509956194
7972345000.0,-74.17713725782336
7977343333.33,-74.78838794276145
7982341666.67,-77.09907951212512
7987340000.0,-81.39639842999188
7992338333.33,-80.69870622681552
7997336666.67,-83.89249364216556
8002335000.0,-76.75027232852028
8007333333.33,-76.92325158777065
8012331666.67,-77.26539648451075
8017330000.0,-78.9702102842096
8022328333.33,-77.35866732026746
8027326666.67,-76.35187764082433
8032325000.0,-78.46410791324354
8037323333.33,-83.25232592829232
8042321666.67,-76.63313350264762
8047320000.0,-79.20604331692205
8052318333.33,-76.0361971416201
8057316666.67,-76.75152219849448
8062315000.0,-79.78117658595286
8067313333.33,-74.87393279698969
8072311666.67,-75.9700164704091
8077310000.0,-76.74865991448699
8082308333.33,-83.26835155001541
8087306666.67,-79.39579856062569
8092305000.0,-80.14934261756979
8097303333.33,-76.34201272292029
8102301666.67,-77.66180755848949
8107300000.0,-77.12840053682166
8112298333.33,-80.51634363080525
8117296666.67,-75.76472953915518
8122295000.0,-77.95398716987079
8127293333.33,-76.64253923582122
8132291666.67,-79.04428717102536
8137290000.0,-79.81508357975763
8142288333.33,-75.79480206278042
8147286666.67,-77.58407998066934
8152285000.0,-81.16015711149188
8157283333.33,-82.89831893552345
8162281666.67,-76.54007750845638
8167280000.0,-87.32637189127159
8172278333.33,-74.20221051826621
8177276666.67,-77.02013383421557
8182275000.0,-81.1222906456034
8187273333.33,-80.14737278939214
8192271666.67,-75.54107377729203
8197270000.0,-82.16161589314964
8202268333.33,-82.99529331951383
8207266666.67,-83.8853014649655
8212265000.0,-82.27476606301965
8217263333.33,-78.72810953054122
8222261666.67,-77.46963007345971
8227260000.0,-85.5080755054905
8232258333.33,-78.45301671972315
8237256666.67,-76.42780837484008
8242255000.0,-83.07304970896006
8247253333.33,-81.69569701352044
8252251666.67,-80.16217948383512
8257250000.0,-76.35389624222218
8262248333.33,-81.80516104097563
8267246666.67,-79.90931948047887
8272245000.0,-80.6253010651261
8277243333.33,-78.20840939978397
8282241666.67,-75.7256155734614
8287240000.0,-78.95486266154859
8292238333.33,-79.14127371993058
8297236666.67,-78.08401511777154
8302235000.0,-81.7279337240082
8307233333.33,-78.20528931554917
8312231666.67,-80.5874119421123
8317230000.0,-78.35412693296091
8322228333.33,-79.44229470235986
8327226666.67,-78.78971628387524
8332225000.0,-78.75116008615765
8337223333.33,-78.87190523438237
8342221666.67,-78.26612922182287
8347220000.0,-77.10872545475839
8352218333.33,-78.99322814906006
8357216666.67,-80.73276186763417
8362215000.0,-79.42730530801823
8367213333.33,-81.10340396564936
8372211666.67,-79.45882616730611
8377210000.0,-78.31742567847976
8382208333.33,-78.99206018908107
8387206666.67,-75.06643161195808
8392205000.0,-81.24772515487803
8397203333.33,-77.26273742300356
8402201666.67,-80.15726692743979
8407200000.0,-76.71974292790509
8412198333.33,-77.98802714436957
8417196666.67,-76.8019808479269
8422195000.0,-80.67080571250835
8427193333.33,-76.20049298616718
8432191666.67,-83.0930391499257
8437190000.0,-75.15190316139811
8442188333.33,-79.66426508647308
8447186666.67,-78.40251813562728
8452185000.0,-81.94273900686525
8457183333.33,-79.90165290467404
8462181666.67,-77.87621723980442
8467180000.0,-74.5012131584915
8472178333.33,-77.01887817044823
8477176666.67,-76.03105388150033
8482175000.0,-76.4345349820236
8487173333.33,-76.65768174576307
8492171666.67,-77.8198262539185
8497170000.0,-75.60897837094788
8502168333.33,-78.00115002189541
8507166666.67,-80.83535043742239
8512165000.0,-78.29713853322177
8517163333.33,-76.84800037789573
8522161666.67,-80.72167105102295
8527160000.0,-80.35661805253723
8532158333.33,-79.28994205354589
8537156666.67,-78.090078608038
8542155000.0,-79.66045149169207
8547153333.33,-80.34649920903531
8552151666.67,-79.16281612870266
8557150000.0,-77.8018776254636
8562148333.33,-83.83149196279277
8567146666.67,-79.46938251341888
8572145000.0,-81.23047388480461
8577143333.33,-77.36930655715015
8582141666.67,-81.69175415630855
8587140000.0,-78.8452525009084
8592138333.33,-83.14568314955227
8597136666.67,-79.84336150117083
8602135000.0,-78.64919502316651
8607133333.33,-78.64386099812546
8612131666.67,-78.45720130667911
8617130000.0,-84.92362833431714
8622128333.33,-77.86322362233247
8627126666.67,-80.7712307253602
8632125000.0,-78.55826132291648
8637123333.33,-81.75499538622178
8642121666.67,-77.7299396293198
8647120000.0,-78.75711435329241
8652118333.33,-76.90984056809597
8657116666.67,-78.20431364656407
8662115000.0,-80.22796807622527
8667113333.33,-77.66147831790494
8672111666.67,-77.58654292800999
8677110000.0,-78.33736283900899
8682108333.33,-79.87544581298141
8687106666.67,-77.0098970788541
8692105000.0,-79.22282743853674
8697103333.33,-79.54677431778454
8702101666.67,-74.82496604350561
8707100000.0,-82.77609907803236
8712098333.33,-77.44996400681669
8717096666.67,-79.76091022270636
8722095000.0,-78.6270330486522
8727093333.33,-80.1856924440547
8732091666.67,-83.02315088759066
8737090000.0,-77.37047289814632
8742088333.33,-86.31500599367676
8747086666.67,-79.82530115405946
8752085000.0,-79.94910738306216
8757083333.33,-75.57461649104806
8762081666.67,-79.38451989283037
8767080000.0,-82.47625169872993
8772078333.33,-76.1657106809456
8777076666.67,-77.92059733206703
8782075000.0,-79.066859754523
8787073333.33,-78.89353412333966
8792071666.67,-80.0431594950904
8797070000.0,-77.81735374580454
8802068333.33,-78.2686546946892
8807066666.67,-80.07921526122254
8812065000.0,-78.34444270234827
8817063333.33,-80.03658403926714
8822061666.67,-77.90122461356964
8827060000.0,-76.209502048129
8832058333.33,-80.28582194462973
8837056666.67,-78.15177719779084
8842055000.0,-77.93150973921469
8847053333.33,-78.57663788602429
8852051666.67,-80.1187145236367
8857050000.0,-78.8274779631921
8862048333.33,-81.84600220905415
8867046666.67,-76.18703000424654
8872045000.0,-80.94389058117937
8877043333.33,-81.90095514390485
8882041666.67,-84.17561127670788
8887040000.0,-75.3774407037274
8892038333.33,-78.04193556525777
8897036666.67,-81.3105607944135
8902035000.0,-78.71141442051487
8907033333.33,-81.87849059206732
8912031666.67,-77.38973120240327
8917030000.0,-83.24387492591455
8922028333.33,-82.89711689861699
8927026666.67,-79.86648365932834
8932025000.0,-79.0357454712159
8937023333.33,-78.60020858229989
8942021666.67,-78.65683303859775
8947020000.0,-76.76260019853339
8952018333.33,-79.86012286484262
8957016666.67,-77.0657232114279
8962015000.0,-78.76722340622656
8967013333.33,-76.24706134553918
8972011666.67,-79.27615143399161
8977010000.0,-78.8949898666081
8982008333.33,-76.44844905790067
8987006666.67,-78.51343105490267
8992005000.0,-76.39172072243029
8997003333.33,-78.01662533061562
9002001666.67,-79.55131122273563
9007000000.0,-77.44154845742452
9011998333.33,-77.08488868128416
9016996666.67,-77.17720444634051
9021995000.0,-86.82978400621592
9026993333.33,-82.14712513168121
9031991666.67,-84.57660336407214
9036990000.0,-79.02191076724884
9041988333.33,-81.74450826646996
9046986666.67,-78.62817423470949
9051985000.0,-80.80632832170109
9056983333.33,-81.27178914960186
9061981666.67,-78.78886897650533
9066980000.0,-78.59848959095565
9071978333.33,-79.38360233517048
9076976666.67,-77.29817581531512
9081975000.0,-77.9715254356969
9086973333.33,-77.37395944972512
9091971666.67,-77.50439128393224
9096970000.0,-77.03708289635755
9101968333.33,-79.46660684584836
9106966666.67,-76.55763070573515
9111965000.0,-76.12755735750966
9116963333.33,-77.65820679318749
9121961666.67,-78.36017593781608
9126960000.0,-78.92380129601793
9131958333.33,-77.72922448635462
9136956666.67,-88.3797312186164
9141955000.0,-89.79623695097565
9146953333.33,-76.02884191125199
9151951666.67,-78.37263253956591
9156950000.0,-78.4084814450653
9161948333.33,-76.71376017163288
9166946666.67,-78.36782074764469
9171945000.0,-80.58315810414788
9176943333.33,-75.34321132803828
9181941666.67,-75.12229679525633
9186940000.0,-80.42922093455365
9191938333.33,-77.65029593563378
9196936666.67,-81.4404929205101
9201935000.0,-77.44672227352693
9206933333.33,-76.61268085531
9211931666.67,-90.63761701316719
9216930000.0,-83.1134726874891
9221928333.33,-77.64788152013371
9226926666.67,-81.9391481735665
9231925000.0,-77.65005973801098
9236923333.33,-78.50700077467044
9241921666.67,-79.66811255846063
9246920000.0,-84.22242496964591
9251918333.33,-81.64689303659281
9256916666.67,-83.45683494733916
9261915000.0,-81.96132987258808
9266913333.33,-77.53548140168742
9271911666.67,-79.00265387936525
9276910000.0,-81.40356584936455
9281908333.33,-74.1593824185511
9286906666.67,-77.35972244945681
9291905000.0,-85.18138401823049
9296903333.33,-77.8095747730537
9301901666.67,-79.07010554700028
9306900000.0,-76.06228499196101
9311898333.33,-81.0737782834378
9316896666.67,-75.17502075495537
9321895000.0,-77.44336317847537
9326893333.33,-78.92230915932925
9331891666.67,-77.25729709868051
9336890000.0,-76.13091351183985
9341888333.33,-76.87440614743902
9346886666.67,-77.23692394404215
9351885000.0,-78.0494622779197
9356883333.33,-75.71137652123723
9361881666.67,-78.10883602724016
9366880000.0,-77.38704857296283
9371878333.33,-75.5610899133268
9376876666.67,-79.93816686024442
9381875000.0,-77.81975057286826
9386873333.33,-79.18647173705384
9391871666.67,-78.68439349175218
9396870000.0,-78.28858704985178
9401868333.33,-79.36972871372707
9406866666.67,-83.60770755110823
9411865000.0,-77.50431901717656
9416863333.33,-76.75636139417645
9421861666.67,-77.319037802221
9426860000.0,-80.13414015120864
9431858333.33,-76.38682691395971
9436856666.67,-78.56637510133584
9441855000.0,-81.46690299856178
9446853333.33,-82.32442711847148
9451851666.67,-77.22538942324847
9456850000.0,-74.6566068741458
9461848333.33,-77.10692951607454
9466846666.67,-78.43018036241824
9471845000.0,-76.86292925731887
9476843333.33,-75.92519669754844
9481841666.67,-78.30539132735544
9486840000.0,-75.54621214310772
9491838333.33,-75.9021046111582
9496836666.67,-75.74328894625673
9501835000.0,-78.43889609125404
9506833333.33,-80.50035315933387
9511831666.67,-75.4863364742177
9516830000.0,-78.19779558508648
9521828333.33,-84.72912390490353
9526826666.67,-77.90905037904687
9531825000.0,-74.97271638817634
9536823333.33,-87.24876317970045
9541821666.67,-75.96279176104301
9546820000.0,-77.08629904313524
9551818333.33,-76.1939053460086
9556816666.67,-77.34678867856705
9561815000.0,-76.53122372918772
9566813333.33,-80.28582111161487
9571811666.67,-79.19536233988768
9576810000.0,-76.13161118359415
9581808333.33,-77.95520069509845
9586806666.67,-79.62858691101006
9591805000.0,-77.01441990818518
9596803333.33,-78.72108244482737
9601801666.67,-74.71032534258552
9606800000.0,-77.98974572824318
9611798333.33,-78.90107176618054
9616796666.67,-75.15037874269792
9621795000.0,-80.71043140237917
9626793333.33,-82.2642780226969
9631791666.67,-78.25631754652159
9636790000.0,-76.52106256535906
9641788333.33,-79.8990205657684
9646786666.67,-79.48551108702597
9651785000.0,-78.41334146364234
9656783333.33,-84.61238927672882
9661781666.67,-79.21197267579375
9666780000.0,-80.89371676595805
9671778333.33,-74.63994520719743
9676776666.67,-72.98761215706449
9681775000.0,-80.12642188739285
9686773333.33,-78.22843863806337
9691771666.67,-81.6166665619692
9696770000.0,-74.46258322536919
9701768333.33,-78.14251292620692
9706766666.67,-80.15599240694534
9711765000.0,-77.04850550692348
9716763333.33,-80.7301087105692
9721761666.67,-79.19883793759631
9726760000.0,-77.94702191706362
9731758333.33,-74.74263868543473
9736756666.67,-77.34958909309472
9741755000.0,-77.10291231515636
9746753333.33,-77.3611729082474
9751751666.67,-76.576318541696
9756750000.0,-82.91812657669723
9761748333.33,-78.22513196636336
9766746666.67,-75.76615034264408
9771745000.0,-76.77590847838403
9776743333.33,-76.50350650447005
9781741666.67,-77.08783570533619
9786740000.0,-80.25577693857042
9791738333.33,-75.45838600304812
9796736666.67,-75.31184380013255
9801735000.0,-80.86176418110293
9806733333.33,-75.60301377107126
9811731666.67,-79.27538527866072
9816730000.0,-76.31807310102978
9821728333.33,-93.0280546638963
9826726666.67,-79.81234537809453
9831725000.0,-79.7010024959009
9836723333.33,-76.86767126236086
9841721666.67,-75.94399039347644
9846720000.0,-77.9559255599036
9851718333.33,-76.86869818145063
9856716666.67,-79.22039518638813
9861715000.0,-77.92444189934517
9866713333.33,-78.48424011004438
9871711666.67,-83.23144314838285
9876710000.0,-78.71228544507419
9881708333.33,-77.19813129428066
9886706666.67,-74.66269166283773
9891705000.0,-73.46530584539829
9896703333.33,-76.27646394932394
9901701666.67,-78.44359166531596
9906700000.0,-76.3667239736437
9911698333.33,-80.7299847577539
9916696666.67,-76.06454383858548
9921695000.0,-77.47056566787359
9926693333.33,-78.5444896426479
9931691666.67,-76.87588250830186
9936690000.0,-76.61748909444621
9941688333.33,-77.55571339780641
9946686666.67,-76.97000578367854
9951685000.0,-76.47251618849504
9956683333.33,-78.49051723716526
9961681666.67,-76.7542526259413
9966680000.0,-75.60791377720432
9971678333.33,-73.2061875436334
9976676666.67,-77.84655938790428
9981675000.0,-77.7942773318492
9986673333.33,-78.7806428429977
9991671666.67,-78.41121946774318
9996670000.0,-77.48748792899647
10001668333.3,-77.14573978478421
10006666666.7,-79.15112071220238
10011665000.0,-75.46770698933103
10016663333.3,-74.9515915717946
10021661666.7,-78.23822911650004
10026660000.0,-81.13764687531317
10031658333.3,-75.78760856212192
10036656666.7,-78.60638088491191
10041655000.0,-74.11243277667857
10046653333.3,-78.7267209543839
10051651666.7,-79.64590827756068
10056650000.0,-76.90013541650914
10061648333.3,-81.89151766240387
10066646666.7,-79.06832363261407
10071645000.0,-78.56932340238781
10076643333.3,-79.97222221636517
10081641666.7,-78.45931752399409
10086640000.0,-75.45514661962913
10091638333.3,-75.41407560686613
10096636666.7,-74.83443712666832
10101635000.0,-77.58769505798932
10106633333.3,-76.16592251376755
10111631666.7,-79.94398481411744
10116630000.0,-79.36307738815822
10121628333.3,-75.38096688696002
10126626666.7,-79.41991381661056
10131625000.0,-78.24349215045022
10136623333.3,-74.42359769077841
10141621666.7,-75.22856860667903
10146620000.0,-76.46040452271079
10151618333.3,-80.74430165229926
10156616666.7,-79.10904706673459
10161615000.0,-77.69656818719196
10166613333.3,-86.00008485715406
10171611666.7,-78.75223396626463
10176610000.0,-75.80184815343051
10181608333.3,-78.77642979145173
10186606666.7,-77.12383996590734
10191605000.0,-76.34452490669115
10196603333.3,-76.99597084091022
10201601666.7,-78.63215967128787
10206600000.0,-76.55105037359752
10211598333.3,-74.8820155152733
10216596666.7,-76.44002423214889
10221595000.0,-77.07345036997853
10226593333.3,-75.35784024289518
10231591666.7,-80.17485848863147
10236590000.0,-81.35678862498901
10241588333.3,-77.44019902528164
10246586666.7,-74.72560800280816
10251585000.0,-79.14388807170684
10256583333.3,-77.51952290705009
10261581666.7,-78.94061702710563
10266580000.0,-73.10712296953031
10271578333.3,-77.12387218562468
10276576666.7,-78.6440358208531
10281575000.0,-77.69462454688237
10286573333.3,-78.2413447197545
10291571666.7,-78.48365193405455
10296570000.0,-78.79972697711855
10301568333.3,-74.27745275343278
10306566666.7,-78.47860472106359
10311565000.0,-77.28125797229862
10316563333.3,-79.97033221818174
10321561666.7,-76.6793115811558
10326560000.0,-75.69100206445387
10331558333.3,-75.12018837104284
10336556666.7,-77.88815843798054
10341555000.0,-75.3978845173137
10346553333.3,-76.96125873566316
10351551666.7,-79.52124570360179
10356550000.0,-76.22547640189751
10361548333.3,-75.22887597143227
10366546666.7,-80.41110312551324
10371545000.0,-79.42768547885859
10376543333.3,-77.75931618709096
10381541666.7,-76.49173002427457
10386540000.0,-75.02726770545637
10391538333.3,-77.85318362810511
10396536666.7,-77.63067685192668
10401535000.0,-77.74134988100985
10406533333.3,-78.49353551014396
10411531666.7,-75.35397304056156
10416530000.0,-74.38401878340134
10421528333.3,-77.26286307792704
10426526666.7,-74.8913454970072
10431525000.0,-79.46110274597905
10436523333.3,-76.24261889203447
10441521666.7,-81.45676494124115
10446520000.0,-79.88473698954061
10451518333.3,-75.61966126404438
10456516666.7,-73.51283858035644
10461515000.0,-76.37294159861835
10466513333.3,-74.69491142863346
10471511666.7,-75.36675521660352
10476510000.0,-80.16287078012269
10481508333.3,-81.18787011436844
10486506666.7,-78.62875757366665
10491505000.0,-78.37586197575739
10496503333.3,-79.95527449159881
10501501666.7,-79.81983089507716
10506500000.0,-77.77711569009838
10511498333.3,-77.69223374177862
10516496666.7,-78.74439726214024
10521495000.0,-78.76174691752522
10526493333.3,-80.96595969982914
10531491666.7,-74.84884237878364
10536490000.0,-80.36110899084711
10541488333.3,-82.44018749077243
10546486666.7,-77.6515210993613
10551485000.0,-72.95808217567856
10556483333.3,-75.1590932160334
10561481666.7,-79.05419468942142
10566480000.0,-81.88036675785172
10571478333.3,-77.5100382598396
10576476666.7,-79.61179269865757
10581475000.0,-77.10092508808668
10586473333.3,-82.14647648954838
10591471666.7,-77.3841591580185
10596470000.0,-82.10257413603786
10601468333.3,-78.26740382198649
10606466666.7,-83.88409845070903
10611465000.0,-78.05511025376211
10616463333.3,-76.51381029153258
10621461666.7,-77.84624368447177
10626460000.0,-78.02360592474525
10631458333.3,-74.12656817484445
10636456666.7,-82.1739353424377
10641455000.0,-77.30162791686438
10646453333.3,-77.5146748256792
10651451666.7,-77.99812593727569
10656450000.0,-75.6311433615276
10661448333.3,-77.00257073106238
10666446666.7,-77.41674663073348
10671445000.0,-73.96571123520913
10676443333.3,-74.4450050295033
10681441666.7,-81.36552793350242
10686440000.0,-77.1073275733228
10691438333.3,-78.14689499546876
10696436666.7,-79.27759059571675
10701435000.0,-78.92046418965393
10706433333.3,-82.20867281523338
10711431666.7,-74.40980276942025
10716430000.0,-76.5469432094792
10721428333.3,-77.62662698903311
10726426666.7,-77.36985735125712
10731425000.0,-78.24082014538915
10736423333.3,-80.69409925436618
10741421666.7,-74.33286674115537
10746420000.0,-77.36668248841036
10751418333.3,-77.73673542732548
10756416666.7,-77.86738691614048
10761415000.0,-82.01507676256685
10766413333.3,-76.46787202906782
10771411666.7,-75.86274786847892
10776410000.0,-78.10720083037018
10781408333.3,-77.8769666459903
10786406666.7,-78.31038426712749
10791405000.0,-78.91085836981605
10796403333.3,-75.70725209341202
10801401666.7,-76.49566930585485
10806400000.0,-79.83575064145032
10811398333.3,-79.39689166632868
10816396666.7,-73.21805157974828
10821395000.0,-80.20853372073736
10826393333.3,-78.49870078613813
10831391666.7,-77.64597424683896
10836390000.0,-79.55397495494861
10841388333.3,-76.4843912026135
10846386666.7,-75.30692879662064
10851385000.0,-76.3149778751253
10856383333.3,-79.76393343606735
10861381666.7,-77.90209329447768
10866380000.0,-80.06835703094276
10871378333.3,-78.3482635205751
10876376666.7,-78.27802856710979
10881375000.0,-77.29847294859734
10886373333.3,-72.99092424894668
10891371666.7,-81.39223427401426
10896370000.0,-78.77526521577117
10901368333.3,-76.5174339907579
10906366666.7,-77.99651515568868
10911365000.0,-78.61050210371724
10916363333.3,-76.69188639126747
10921361666.7,-76.18849401682544
10926360000.0,-75.97428221504717
10931358333.3,-75.92677168999799
10936356666.7,-77.48544400598922
10941355000.0,-78.11830178326193
10946353333.3,-82.36085312952471
10951351666.7,-79.3160036069694
10956350000.0,-77.22648593205734
10961348333.3,-82.79541315683424
10966346666.7,-78.08909736320142
10971345000.0,-76.48763183385454
10976343333.3,-76.81021676944707
10981341666.7,-77.06843477410754
10986340000.0,-78.59185108338622
10991338333.3,-81.32012170998912
10996336666.7,-77.66964048372581
11001335000.0,-80.79441465701149
11006333333.3,-78.9388095092061
11011331666.7,-76.68839057485745
11016330000.0,-76.78235105760012
11021328333.3,-76.0179213964907
11026326666.7,-76.84043186693474
11031325000.0,-77.94348150094918
11036323333.3,-80.58204488501468
11041321666.7,-76.27430916638491
11046320000.0,-80.63770456863564
11051318333.3,-77.86121110351112
11056316666.7,-78.32282984258126
11061315000.0,-77.12777606821197
11066313333.3,-75.84740615850167
11071311666.7,-74.04990926165978
11076310000.0,-84.14831846789423
11081308333.3,-80.39724740217412
11086306666.7,-77.7157655486779
11091305000.0,-75.35884498709618
11096303333.3,-77.81144844716759
11101301666.7,-78.56300272848644
11106300000.0,-76.86129056024683
11111298333.3,-78.41028555679488
11116296666.7,-81.26064151436728
11121295000.0,-80.40825485985393
11126293333.3,-78.23269673404181
11131291666.7,-77.17758956619187
11136290000.0,-77.43914736419258
11141288333.3,-81.70760851883323
11146286666.7,-79.77258636711949
11151285000.0,-77.69821879436022
11156283333.3,-79.31625614787302
11161281666.7,-76.31540466474682
11166280000.0,-80.61710960970123
11171278333.3,-75.12486390387458
11176276666.7,-80.28367000466616
11181275000.0,-78.22513598534952
11186273333.3,-77.14676001042628
11191271666.7,-77.92619096096632
11196270000.0,-78.70088867055591
11201268333.3,-80.43244842828545
11206266666.7,-79.81945351159224
11211265000.0,-81.13717127425454
11216263333.3,-77.7951605965354
11221261666.7,-78.0462612704906
11226260000.0,-75.78619099516321
11231258333.3,-76.24236118336756
11236256666.7,-78.45619744194958
11241255000.0,-77.79580430351874
11246253333.3,-77.45803194298023
11251251666.7,-73.80201777338443
11256250000.0,-75.70986901082952
11261248333.3,-80.86778024705838
11266246666.7,-78.48439811213953
11271245000.0,-77.59624132081255
11276243333.3,-79.86958991034055
11281241666.7,-78.08780201665171
11286240000.0,-78.18845380263382
11291238333.3,-83.3167058452822
11296236666.7,-75.87045697950016
11301235000.0,-77.28515090480668
11306233333.3,-77.21377144818065
11311231666.7,-78.60383585201633
11316230000.0,-72.99629430585935
11321228333.3,-77.49302208075434
11326226666.7,-79.55307446983446
11331225000.0,-75.3190800461778
11336223333.3,-74.7285772981098
11341221666.7,-78.51558516944596
11346220000.0,-80.51743254432304
11351218333.3,-76.64769955270334
11356216666.7,-78.64671949197161
11361215000.0,-77.28663226368343
11366213333.3,-78.08518572545483
11371211666.7,-80.3243964865841
11376210000.0,-77.2421318807259
11381208333.3,-75.30622734675431
11386206666.7,-76.81928829607095
11391205000.0,-75.16786545050175
11396203333.3,-75.81685168600796
11401201666.7,-78.51596820816349
11406200000.0,-80.24299287622551
11411198333.3,-80.87391699243348
11416196666.7,-79.07889288345577
11421195000.0,-77.17260707704436
11426193333.3,-79.91240647062777
11431191666.7,-81.22837130987376
11436190000.0,-77.25897834474209
11441188333.3,-75.32065618145711
11446186666.7,-76.01878739358844
11451185000.0,-76.02345296587893
11456183333.3,-78.326144456354
11461181666.7,-76.14055603885805
11466180000.0,-82.35642075600822
11471178333.3,-78.9481190660656
11476176666.7,-77.96907648079652
11481175000.0,-76.60925198536309
11486173333.3,-76.24526050555203
11491171666.7,-76.95882597603313
11496170000.0,-76.15712894354091
11501168333.3,-76.32099443203309
11506166666.7,-78.91213253022946
11511165000.0,-81.51053905372083
11516163333.3,-76.42304211172485
11521161666.7,-77.23480938095467
11526160000.0,-73.11019717872364
11531158333.3,-74.11833116572058
11536156666.7,-76.1988726345376
11541155000.0,-79.31552830030941
11546153333.3,-75.9208323194985
11551151666.7,-76.46146874226642
11556150000.0,-77.14148759872242
11561148333.3,-75.39968095724517
11566146666.7,-76.32338576679555
11571145000.0,-76.83882890805164
11576143333.3,-78.07836705429946
11581141666.7,-77.89422431601668
11586140000.0,-77.99386324224508
11591138333.3,-77.76886935733457
11596136666.7,-77.11117064094643
11601135000.0,-78.99829624971774
11606133333.3,-79.07701633239117
11611131666.7,-76.61412655152648
11616130000.0,-76.48331347801513
11621128333.3,-78.05216442669528
11626126666.7,-75.90643263936875
11631125000.0,-75.08577487643846
11636123333.3,-77.81069923143659
11641121666.7,-80.07613857656091
11646120000.0,-77.02569392634524
11651118333.3,-77.25274170993879
11656116666.7,-76.80560495761853
11661115000.0,-76.61944657495798
11666113333.3,-76.68505034037256
11671111666.7,-79.0134450680526
11676110000.0,-74.68472482044963
11681108333.3,-75.22615268240598
11686106666.7,-76.12857472731041
11691105000.0,-79.15776154950281
11696103333.3,-75.85270351493293
11701101666.7,-79.97610658116243
11706100000.0,-80.3802873837062
11711098333.3,-76.18354773268229
11716096666.7,-79.98827834963086
11721095000.0,-76.3170315287344
11726093333.3,-75.85417256420274
11731091666.7,-77.24691222407887
11736090000.0,-76.59553900044487
11741088333.3,-76.38375815118967
11746086666.7,-80.4896505774102
11751085000.0,-75.94387958322719
11756083333.3,-75.43075431958897
11761081666.7,-75.39083719646602
11766080000.0,-75.65040243712858
11771078333.3,-73.46306294608195
11776076666.7,-75.64070474397633
11781075000.0,-76.15183609414528
11786073333.3,-75.28863201920016
11791071666.7,-75.27675849665111
11796070000.0,-75.40926678777772
11801068333.3,-79.09209226140646
11806066666.7,-75.37664332562888
11811065000.0,-79.0667278033757
11816063333.3,-77.18151025160716
11821061666.7,-76.61072318377153
11826060000.0,-76.19304124611712
11831058333.3,-74.92465834922695
11836056666.7,-77.27743364144003
11841055000.0,-76.09349609364767
11846053333.3,-76.42309003390297
11851051666.7,-73.52417257246944
11856050000.0,-74.75230421993147
11861048333.3,-75.78237351099729
11866046666.7,-76.8837841667692
11871045000.0,-76.5021263986831
11876043333.3,-78.07326341993095
11881041666.7,-76.21765766371631
11886040000.0,-74.49005634968341
11891038333.3,-74.33550630917026
11896036666.7,-79.74627581073756
11901035000.0,-79.3596448304453
11906033333.3,-77.36425989620129
11911031666.7,-73.90561541266058
11916030000.0,-76.44549996910148
11921028333.3,-77.50709296780218
11926026666.7,-79.86167129253383
11931025000.0,-75.83623546789167
11936023333.3,-77.80605793733243
11941021666.7,-76.19510356809745
11946020000.0,-76.94025609166141
11951018333.3,-74.95814128874699
11956016666.7,-74.60723153152247
11961015000.0,-79.76616594109541
11966013333.3,-76.6983547019829
11971011666.7,-74.71556052580453
11976010000.0,-73.44097953594927
11981008333.3,-76.54064141694361
11986006666.7,-75.9965065737969
11991005000.0,-79.88447953029322
11996003333.3,-76.41040313214133
12001001666.7,-76.01901341989213
12006000000.0,-73.8483315609046
12010998333.3,-77.23125161795122
12015996666.7,-75.73185620841576
12020995000.0,-81.48534062586813
12025993333.3,-74.32390391342368
12030991666.7,-78.56738437059255
12035990000.0,-79.02991633235372
12040988333.3,-74.39016882793977
12045986666.7,-75.85068647164394
12050985000.0,-77.60531727842873
12055983333.3,-75.70143944891791
12060981666.7,-75.54911033989684
12065980000.0,-79.72128806457796
12070978333.3,-77.67500597806888
12075976666.7,-75.03986286549208
12080975000.0,-77.76651986433295
12085973333.3,-77.48907464426209
12090971666.7,-76.61620783743325
12095970000.0,-76.57178935112464
12100968333.3,-76.17653790513113
12105966666.7,-75.43525549929198
12110965000.0,-72.19566899028803
12115963333.3,-77.45774899225795
12120961666.7,-75.03183874512216
12125960000.0,-73.94970401593542
12130958333.3,-74.38934254742698
12135956666.7,-76.26323108132242
12140955000.0,-75.99401353622258
12145953333.3,-77.44784895317743
12150951666.7,-78.48616061529279
12155950000.0,-77.66952206631213
12160948333.3,-78.55702075418256
12165946666.7,-74.95105655053277
12170945000.0,-77.04397494581282
12175943333.3,-75.30184044085286
12180941666.7,-75.9022141656219
12185940000.0,-79.90133697812676
12190938333.3,-76.59268128309648
12195936666.7,-75.28563921791338
12200935000.0,-75.5910855938646
12205933333.3,-75.68709504335968
12210931666.7,-77.47051957646029
12215930000.0,-75.15734714441719
12220928333.3,-78.9525330765899
12225926666.7,-77.92505801850137
12230925000.0,-74.72414743755613
12235923333.3,-75.37800542104263
12240921666.7,-77.41013446670836
12245920000.0,-74.29056419449988
12250918333.3,-74.98269150885935
12255916666.7,-76.57590821000466
12260915000.0,-76.7096977149662
12265913333.3,-75.43090176941858
12270911666.7,-76.51887978009476
12275910000.0,-74.27000557247457
12280908333.3,-73.68305783130961
12285906666.7,-73.61632227367227
12290905000.0,-77.9845198967555
12295903333.3,-81.08871077184912
12300901666.7,-75.80323231771972
12305900000.0,-78.65297713498143
12310898333.3,-74.98602312517585
12315896666.7,-75.94787274582144
12320895000.0,-75.86081074200068
12325893333.3,-76.48496738689951
12330891666.7,-74.03248173935924
12335890000.0,-76.53316492351219
12340888333.3,-74.67801672421162
12345886666.7,-79.63643247162969
12350885000.0,-72.00734518369038
12355883333.3,-71.63566035271234
12360881666.7,-73.86220756815388
12365880000.0,-76.89209246801522
12370878333.3,-74.09751878189833
12375876666.7,-72.73839444089074
12380875000.0,-76.72632604295772
12385873333.3,-77.0844984907613
12390871666.7,-74.84677495559342
12395870000.0,-74.33459708147653
12400868333.3,-75.4514954338114
12405866666.7,-73.34942210754392
12410865000.0,-72.90133275891493
12415863333.3,-73.70758509910438
12420861666.7,-73.56258344411378
12425860000.0,-76.28250735125974
12430858333.3,-78.40739954514507
12435856666.7,-75.35299823383876
12440855000.0,-75.41222597737251
12445853333.3,-77.32385601626093
12450851666.7,-75.28554632414955
12455850000.0,-75.9612329675774
12460848333.3,-73.48689798334901
12465846666.7,-75.1793132268243
12470845000.0,-79.04254126627374
12475843333.3,-75.81103357736373
12480841666.7,-75.41857876282802
12485840000.0,-76.42466475154232
12490838333.3,-77.10062638358308
12495836666.7,-73.7794989548581
12500835000.0,-74.4015030996861
12505833333.3,-78.28536971141476
12510831666.7,-76.32899785619406
12515830000.0,-73.693170057789
12520828333.3,-75.48718192531683
12525826666.7,-76.31009239725802
12530825000.0,-77.37624924755676
12535823333.3,-77.4516270155565
12540821666.7,-73.42769143466482
12545820000.0,-75.98417390246294
12550818333.3,-75.35882058037195
12555816666.7,-72.52848894074671
12560815000.0,-76.35613556470317
12565813333.3,-75.47114278524545
12570811666.7,-75.52534178676171
12575810000.0,-76.85611482965396
12580808333.3,-82.81154545914518
12585806666.7,-75.13206961736049
12590805000.0,-74.94118306871444
12595803333.3,-75.7026543845212
12600801666.7,-77.83292083898084
12605800000.0,-75.13880982120935
12610798333.3,-78.0825254078989
12615796666.7,-77.25757862179287
12620795000.0,-76.71895376440884
12625793333.3,-77.40307486389382
12630791666.7,-76.45194939905862
12635790000.0,-72.90190948934612
12640788333.3,-75.96007584057921
12645786666.7,-74.141979625363
12650785000.0,-76.04570610452554
12655783333.3,-74.91169147229452
12660781666.7,-76.27059686190404
12665780000.0,-74.8642405075847
12670778333.3,-75.49992571159665
12675776666.7,-82.47886703839944
12680775000.0,-76.40211407729822
12685773333.3,-78.16332069865204
12690771666.7,-78.56055662491143
12695770000.0,-78.98152128928481
12700768333.3,-74.91864249625975
12705766666.7,-77.48314967699893
12710765000.0,-77.28389568353522
12715763333.3,-76.52248698520418
12720761666.7,-76.78208818807308
12725760000.0,-78.89107518892058
12730758333.3,-78.73037701126374
12735756666.7,-77.49468686880606
12740755000.0,-74.81161238004523
12745753333.3,-75.9173253042422
12750751666.7,-75.11825542438247
12755750000.0,-75.51298225842822
12760748333.3,-80.85171367487199
12765746666.7,-76.20465951003806
12770745000.0,-76.51286789697208
12775743333.3,-77.20180424504352
12780741666.7,-74.96552105945811
12785740000.0,-73.9802238831904
12790738333.3,-75.41606321723901
12795736666.7,-75.95622209800291
12800735000.0,-75.62727389622192
12805733333.3,-75.64772592989524
12810731666.7,-76.54923964788982
12815730000.0,-79.7508123014814
12820728333.3,-75.2482324447112
12825726666.7,-76.43291241649926
12830725000.0,-75.09214334265434
12835723333.3,-75.69239185485478
12840721666.7,-74.87941012166229
12845720000.0,-77.35959883831897
12850718333.3,-76.41678777994314
12855716666.7,-81.25474262825469
12860715000.0,-77.15176370857061
12865713333.3,-76.779252919204
12870711666.7,-75.52075320828594
12875710000.0,-75.3103622843094
12880708333.3,-75.00759886237303
12885706666.7,-75.29001868458064
12890705000.0,-73.3292428127483
12895703333.3,-74.50725848229209
12900701666.7,-77.8046990789392
12905700000.0,-79.00677064340499
12910698333.3,-75.64159337177065
12915696666.7,-74.5013045393961
12920695000.0,-75.83472390876017
12925693333.3,-76.13436660359423
12930691666.7,-78.26245078791325
12935690000.0,-77.82342773881118
12940688333.3,-75.31868777312657
12945686666.7,-74.17417000750956
12950685000.0,-75.75554665781587
12955683333.3,-75.5717309421361
12960681666.7,-75.88134811649604
12965680000.0,-73.43628526770614
12970678333.3,-78.29846340527413
12975676666.7,-73.83993031196835
12980675000.0,-74.55458321224539
12985673333.3,-75.78570656802432
12990671666.7,-75.85170888050482
12995670000.0,-80.83608659932295
13000668333.3,-77.81254951008462
13005666666.7,-76.7438338926094
13010665000.0,-79.34259184477584
13015663333.3,-74.66520602691648
13020661666.7,-77.3561419344311
13025660000.0,-77.8967837175641
13030658333.3,-78.18318179437817
13035656666.7,-73.92031472685733
13040655000.0,-75.5169013917331
13045653333.3,-77.02430034280701
13050651666.7,-76.5229378605373
13055650000.0,-72.66029824820197
13060648333.3,-78.40599155911636
13065646666.7,-74.41428084533682
13070645000.0,-80.84132001852481
13075643333.3,-73.7522847346644
13080641666.7,-74.08787349065791
13085640000.0,-72.47478860959643
13090638333.3,-74.95912946236471
13095636666.7,-74.11566232369213
13100635000.0,-75.50568970918347
13105633333.3,-75.92669459615269
13110631666.7,-73.52336252971267
13115630000.0,-77.01261395581261
13120628333.3,-77.88508755409113
13125626666.7,-74.2060913026514
13130625000.0,-75.61330334461717
13135623333.3,-76.39808182722247
13140621666.7,-75.42699624659025
13145620000.0,-74.85281290630085
13150618333.3,-74.51668569938755
13155616666.7,-75.93666964956526
13160615000.0,-75.07155975014216
13165613333.3,-73.88072616524637
13170611666.7,-74.63733025677665
13175610000.0,-80.03065888570663
13180608333.3,-75.87513546070514
13185606666.7,-74.37523660338444
13190605000.0,-76.21252116514567
13195603333.3,-73.62601053988455
13200601666.7,-76.75760996355277
13205600000.0,-76.21546853547056
13210598333.3,-78.62792647935242
13215596666.7,-75.80558807782414
13220595000.0,-79.0066906320298
13225593333.3,-73.9033258733733
13230591666.7,-74.17197190684684
13235590000.0,-75.33495570053948
13240588333.3,-76.87010675727358
13245586666.7,-77.47975634906649
13250585000.0,-76.23013638925417
13255583333.3,-76.00272156105173
13260581666.7,-76.84948726920541
13265580000.0,-79.3620291886759
13270578333.3,-77.03766629182003
13275576666.7,-76.60560981964605
13280575000.0,-76.88070110561131
13285573333.3,-73.16543051135696
13290571666.7,-76.72909593294432
13295570000.0,-75.06619986128618
13300568333.3,-75.43819410888159
13305566666.7,-75.2039970215514
13310565000.0,-73.180010652894
13315563333.3,-75.00529660699216
13320561666.7,-74.1207140209032
13325560000.0,-75.58149901571434
13330558333.3,-76.4117894330006
13335556666.7,-72.82016912500269
13340555000.0,-73.33994976966218
13345553333.3,-72.38862228199321
13350551666.7,-76.02137166036873
13355550000.0,-77.1911666952825
13360548333.3,-76.00113025958736
13365546666.7,-77.91206373298743
13370545000.0,-74.94780776882894
13375543333.3,-77.53640742767712
13380541666.7,-74.94539150552453
13385540000.0,-75.83266407068413
13390538333.3,-77.11429478380754
13395536666.7,-75.16574345504162
13400535000.0,-73.51490953413798
13405533333.3,-74.49591005961744
13410531666.7,-73.65407123701732
13415530000.0,-74.67896659564717
13420528333.3,-76.65962335595418
13425526666.7,-74.8005973784852
13430525000.0,-73.96649780743822
13435523333.3,-75.39512853764762
13440521666.7,-81.23512031895484
13445520000.0,-74.09371441602264
13450518333.3,-73.03937221089112
13455516666.7,-81.14117793555151
13460515000.0,-76.22892627811385
13465513333.3,-74.56054423935382
13470511666.7,-76.49562907834141
13475510000.0,-74.04818307592956
13480508333.3,-76.11241650447457
13485506666.7,-75.51402841416909
13490505000.0,-73.40162074990452
13495503333.3,-74.29877143527396
13500501666.7,-76.93458745074119
13505500000.0,-77.74626717448587
13510498333.3,-75.94440168632617
13515496666.7,-76.70247450596113
13520495000.0,-74.94765057840331
13525493333.3,-78.87863669959465
13530491666.7,-76.27613716492901
13535490000.0,-77.25915172673525
13540488333.3,-73.96862169872006
13545486666.7,-76.7007856318436
13550485000.0,-78.19619465402653
13555483333.3,-76.84064728295625
13560481666.7,-76.86513555241639
13565480000.0,-76.34038736305735
13570478333.3,-76.72714651210694
13575476666.7,-76.59038307735104
13580475000.0,-75.63879561409617
13585473333.3,-76.23996832903563
13590471666.7,-75.33805665369682
13595470000.0,-77.01333383545685
13600468333.3,-75.2844758007897
13605466666.7,-77.0957403865848
13610465000.0,-79.36800670831495
13615463333.3,-74.7501788668245
13620461666.7,-76.5109361497367
13625460000.0,-76.50721142936108
13630458333.3,-73.72387193110303
13635456666.7,-78.32763914274142
13640455000.0,-76.792910095594
13645453333.3,-75.16619055987265
13650451666.7,-72.22011051300709
13655450000.0,-73.67159226264866
13660448333.3,-75.43903735020899
13665446666.7,-77.12489285571378
13670445000.0,-72.88762875360337
13675443333.3,-76.96012080171836
13680441666.7,-72.68308863745008
13685440000.0,-76.13293262195634
13690438333.3,-78.24372209018983
13695436666.7,-74.29675967248986
13700435000.0,-75.70529288846348
13705433333.3,-80.79961312075454
13710431666.7,-76.47534727430806
13715430000.0,-79.98999194239605
13720428333.3,-76.50257959655075
13725426666.7,-74.08988125418266
13730425000.0,-79.41484851267255
13735423333.3,-79.73146656064442
13740421666.7,-75.42296645088585
13745420000.0,-77.60901270026625
13750418333.3,-75.76977996700191
13755416666.7,-80.27512347319532
13760415000.0,-77.96363792553971
13765413333.3,-76.03120759031317
13770411666.7,-75.63570623422521
13775410000.0,-76.53767182332642
13780408333.3,-78.39998766170302
13785406666.7,-76.21523016234185
13790405000.0,-77.4332580462676
13795403333.3,-76.01793886565638
13800401666.7,-77.0114302470022
13805400000.0,-76.80436124146607
13810398333.3,-74.69924726155742
13815396666.7,-75.36929741543253
13820395000.0,-76.2650673107047
13825393333.3,-78.55513734430764
13830391666.7,-75.95850004082703
13835390000.0,-73.74948911685644
13840388333.3,-76.90387432229815
13845386666.7,-74.4255217597912
13850385000.0,-78.65713085785374
13855383333.3,-74.61214006033913
13860381666.7,-75.26257560230785
13865380000.0,-76.75791972909816
13870378333.3,-75.3926479486558
13875376666.7,-78.55385161120165
13880375000.0,-76.30031193471994
13885373333.3,-76.1875588099477
13890371666.7,-77.0238781434247
13895370000.0,-76.52931787420134
13900368333.3,-80.70721915533788
13905366666.7,-75.37978851591659
13910365000.0,-77.92246098765993
13915363333.3,-74.91947365491112
13920361666.7,-75.13780657612509
13925360000.0,-72.7620890872583
13930358333.3,-74.58785676372574
13935356666.7,-79.59810503585751
13940355000.0,-75.4016946795935
13945353333.3,-78.55002052765023
13950351666.7,-77.88337840778196
13955350000.0,-77.67670579602049
13960348333.3,-77.45280396365831
13965346666.7,-77.95613017926425
13970345000.0,-76.3906715463705
13975343333.3,-78.21033391135727
13980341666.7,-73.80647526356151
13985340000.0,-76.21296367909004
13990338333.3,-78.97109040463833
13995336666.7,-72.74800362471724
14000335000.0,-76.0183233984991
14005333333.3,-77.13607540718198
14010331666.7,-73.09613852120086
14015330000.0,-73.84247851603747
14020328333.3,-76.0924614556881
14025326666.7,-73.85282870125994
14030325000.0,-76.90613059248749
14035323333.3,-77.80977050951216
14040321666.7,-76.60665396917784
14045320000.0,-78.19663040097306
14050318333.3,-74.85630209769784
14055316666.7,-76.64904131493437
14060315000.0,-74.2722955369279
14065313333.3,-74.25361971635928
14070311666.7,-74.51133913127808
14075310000.0,-72.86314312330296
14080308333.3,-72.80380249097193
14085306666.7,-75.12258024148552
14090305000.0,-76.19837883408054
14095303333.3,-71.67944752864678
14100301666.7,-75.49350115308033
14105300000.0,-75.60791458083627
14110298333.3,-75.61134078008749
14115296666.7,-74.7062778507565
14120295000.0,-75.03779797225936
14125293333.3,-78.04154485736775
14130291666.7,-74.47381176118995
14135290000.0,-75.34211153058702
14140288333.3,-77.66763138805321
14145286666.7,-74.88793639793668
14150285000.0,-78.29666550875884
14155283333.3,-76.93886241657299
14160281666.7,-76.87501604993417
14165280000.0,-73.40804896239933
14170278333.3,-74.88062508039579
14175276666.7,-72.656163688155
14180275000.0,-77.2285346210582
14185273333.3,-78.67612292000166
14190271666.7,-73.05865669064927
14195270000.0,-73.51881664413823
14200268333.3,-73.60938954027384
14205266666.7,-73.83853620797103
14210265000.0,-74.05868868194939
14215263333.3,-73.66122885673734
14220261666.7,-79.006727966357
14225260000.0,-74.98956442019318
14230258333.3,-79.01085829593083
14235256666.7,-76.99711286853804
14240255000.0,-75.38737122666168
14245253333.3,-78.27472201663058
14250251666.7,-79.3107167342692
14255250000.0,-80.28604438050678
14260248333.3,-74.81665401771502
14265246666.7,-74.23904884183716
14270245000.0,-73.04509704895128
14275243333.3,-72.02481888603754
14280241666.7,-77.58880840528589
14285240000.0,-72.42931029383088
14290238333.3,-74.40465513600502
14295236666.7,-72.19219163459039
14300235000.0,-73.4898956892441
14305233333.3,-75.0574980010291
14310231666.7,-76.20748738193889
14315230000.0,-76.38334153857666
14320228333.3,-76.25522100712206
14325226666.7,-73.33983782507214
14330225000.0,-75.92783548271042
14335223333.3,-77.49201713998731
14340221666.7,-75.06870838464921
14345220000.0,-74.00990363341862
14350218333.3,-76.46203970971645
14355216666.7,-73.32595232558998
14360215000.0,-73.64825525887524
14365213333.3,-74.51522662382497
14370211666.7,-72.39985551436997
14375210000.0,-75.70363563237981
14380208333.3,-78.13575916680568
14385206666.7,-76.91982872511696
14390205000.0,-75.61733609765197
14395203333.3,-76.65863888784762
14400201666.7,-76.5013713327197
14405200000.0,-73.20091075215815
14410198333.3,-73.35650514593979
14415196666.7,-74.47776770907068
14420195000.0,-74.80609872777289
14425193333.3,-74.80961798849536
14430191666.7,-76.76688362651089
14435190000.0,-79.089772356058
14440188333.3,-76.34079382490617
14445186666.7,-76.30771927598329
14450185000.0,-75.52198929899858
14455183333.3,-75.84633443831841
14460181666.7,-73.71626113445961
14465180000.0,-77.41342602288887
14470178333.3,-75.19209439621156
14475176666.7,-75.26346853238319
14480175000.0,-76.60568813600919
14485173333.3,-76.4114769792393
14490171666.7,-72.23017212994331
14495170000.0,-77.31699683212716
14500168333.3,-77.27264121816495
14505166666.7,-76.42107852299982
14510165000.0,-80.31878867834052
14515163333.3,-77.5470350254584
14520161666.7,-74.52058249248046
14525160000.0,-77.74382409871298
14530158333.3,-74.24742678373751
14535156666.7,-76.47083178328111
14540155000.0,-74.36058480246326
14545153333.3,-76.49470142674554
14550151666.7,-76.33204391545931
14555150000.0,-76.32670517073197
14560148333.3,-74.97049072191946
14565146666.7,-76.9162905593166
14570145000.0,-74.49005959816633
14575143333.3,-76.39349995710867
14580141666.7,-75.83431403596897
14585140000.0,-75.54196498861366
14590138333.3,-79.17320147535423
14595136666.7,-75.06785078065481
14600135000.0,-73.57646248200143
14605133333.3,-75.79748141335352
14610131666.7,-81.00911191748567
14615130000.0,-79.27000621257957
14620128333.3,-75.16143750727139
14625126666.7,-76.48671490794844
14630125000.0,-74.85522110671566
14635123333.3,-72.11105690108725
14640121666.7,-75.91798993074158
14645120000.0,-75.11775124164407
14650118333.3,-75.88364875622688
14655116666.7,-76.23614330067674
14660115000.0,-77.31065887499928
14665113333.3,-73.80078641596826
14670111666.7,-76.01828478016684
14675110000.0,-74.25044859679987
14680108333.3,-75.01642974745826
14685106666.7,-76.24902113562547
14690105000.0,-74.7545769522203
14695103333.3,-73.66433928386279
14700101666.7,-74.18466768852508
14705100000.0,-76.33414057421264
14710098333.3,-73.19656109658196
14715096666.7,-74.73867225298343
14720095000.0,-76.92031989426003
14725093333.3,-76.68806864074799
14730091666.7,-74.84253988328716
14735090000.0,-75.18143127919092
14740088333.3,-77.93788686584702
14745086666.7,-73.13594051398893
14750085000.0,-75.34085192418674
14755083333.3,-75.21660081371789
14760081666.7,-77.0594205012362
14765080000.0,-77.12597748977231
14770078333.3,-77.0235945277719
14775076666.7,-77.3817003568956
14780075000.0,-75.7691342316671
14785073333.3,-74.43548896639498
14790071666.7,-74.79418975598064
14795070000.0,-72.96298797247394
14800068333.3,-76.10957669165403
14805066666.7,-79.43071657537016
14810065000.0,-79.56667902733297
14815063333.3,-79.14712962409398
14820061666.7,-75.45945830434161
14825060000.0,-77.24632313733824
14830058333.3,-74.02038125610449
14835056666.7,-78.36031631606745
14840055000.0,-73.36399911812018
14845053333.3,-76.23893059156545
14850051666.7,-75.67551102727212
14855050000.0,-75.60601044168058
14860048333.3,-73.69059925787388
14865046666.7,-77.15177582283438
14870045000.0,-73.83553297355687
14875043333.3,-75.14617467046794
14880041666.7,-75.03428468308223
14885040000.0,-77.69551582121306
14890038333.3,-78.5409643234128
14895036666.7,-77.51802737054527
14900035000.0,-77.08668733242929
14905033333.3,-78.24851848562594
14910031666.7,-76.73000413098812
14915030000.0,-74.87695459513947
14920028333.3,-76.74925124832995
14925026666.7,-77.26525806807801
14930025000.0,-74.93081993845539
14935023333.3,-77.73512277582647
14940021666.7,-76.79913890477425
14945020000.0,-81.46109585315678
14950018333.3,-74.47455519547107
14955016666.7,-74.68604461498279
14960015000.0,-73.53078970654296
14965013333.3,-73.98013875135655
14970011666.7,-76.58597912809618
14975010000.0,-78.12559352388925
14980008333.3,-75.96248069258054
14985006666.7,-76.97851462794435
14990005000.0,-76.7683870161317
14995003333.3,-77.04887607392804
15000001666.7,-75.44117517781855
15005000000.0,-77.83526901994819
15009998333.3,-71.78342469991973
15014996666.7,-76.80474865338577
15019995000.0,-74.86556777182477
15024993333.3,-76.93090868215273
15029991666.7,-73.53198173964478
15034990000.0,-76.07435096872746
15039988333.3,-75.99949465818234
15044986666.7,-75.57500974089086
15049985000.0,-73.76757245573998
15054983333.3,-74.80374354483848
15059981666.7,-76.6914027538539
15064980000.0,-71.46366230080932
15069978333.3,-73.90075485162187
15074976666.7,-74.51470066491638
15079975000.0,-73.91939772018497
15084973333.3,-71.54877722572299
15089971666.7,-72.6111100752474
15094970000.0,-75.73561818721561
15099968333.3,-76.61778593466225
15104966666.7,-81.22756419731081
15109965000.0,-73.36597097093146
15114963333.3,-77.1941218661075
15119961666.7,-74.80796210598994
15124960000.0,-72.26205351678034
15129958333.3,-77.49653165213414
15134956666.7,-78.38911089250803
15139955000.0,-73.81782196848901
15144953333.3,-75.5095987217092
15149951666.7,-73.24400329048234
15154950000.0,-75.9540931791217
15159948333.3,-78.86025440953732
15164946666.7,-74.09625286117986
15169945000.0,-74.8304097632924
15174943333.3,-74.11126203126935
15179941666.7,-75.36647531353003
15184940000.0,-76.35382327297364
15189938333.3,-75.02903888783284
15194936666.7,-75.64181341996361
15199935000.0,-78.00719057810893
15204933333.3,-76.19047641442135
15209931666.7,-73.0159748039507
15214930000.0,-75.77817894357541
15219928333.3,-75.16310708651528
15224926666.7,-77.80929879967925
15229925000.0,-73.78112536254929
15234923333.3,-74.77631183208487
15239921666.7,-79.24291013518503
15244920000.0,-76.67245319543808
15249918333.3,-78.31814071420256
15254916666.7,-73.8216787576433
15259915000.0,-76.24662404590947
15264913333.3,-74.1343177076769
15269911666.7,-78.6145507513744
15274910000.0,-76.18812123063312
15279908333.3,-75.71956048050531
15284906666.7,-74.8828589755096
15289905000.0,-77.77348692931844
15294903333.3,-73.3933425931477
15299901666.7,-73.60642052662787
15304900000.0,-74.76287377677909
15309898333.3,-74.28435915543506
15314896666.7,-76.95458326070806
15319895000.0,-76.16821839924751
15324893333.3,-78.60519969017582
15329891666.7,-75.51537238106965
15334890000.0,-79.29014480176482
15339888333.3,-73.41394546119558
15344886666.7,-74.79079622283125
15349885000.0,-74.98547328371015
15354883333.3,-73.31411453378553
15359881666.7,-72.71552319706265
15364880000.0,-75.31726863167736
15369878333.3,-72.72437028928108
15374876666.7,-72.42266304626202
15379875000.0,-73.38753552596559
15384873333.3,-70.89326432330812
15389871666.7,-75.32120923111593
15394870000.0,-72.88854921927444
15399868333.3,-75.91111227313617
15404866666.7,-73.11982934632721
15409865000.0,-76.24540056319677
15414863333.3,-77.30646191998679
15419861666.7,-77.11499481830147
15424860000.0,-74.4382485165765
15429858333.3,-72.93496846978348
15434856666.7,-74.68837704516268
15439855000.0,-75.31934289727619
15444853333.3,-79.96734458996922
15449851666.7,-73.50533238072707
15454850000.0,-77.13392457947299
15459848333.3,-75.11699627932715
15464846666.7,-75.7068422968221
15469845000.0,-74.44167416301224
15474843333.3,-72.66122902026534
15479841666.7,-73.44392801295922
15484840000.0,-75.0885957115483
15489838333.3,-78.1209581311244
15494836666.7,-75.43777445932328
15499835000.0,-76.08657540114363
15504833333.3,-79.94418431433121
15509831666.7,-74.68117812440825
15514830000.0,-76.8942945374535
15519828333.3,-77.44132885858532
15524826666.7,-76.78145381527916
15529825000.0,-76.54307470883465
15534823333.3,-76.46606059424525
15539821666.7,-75.34167626012083
15544820000.0,-80.58704921162699
15549818333.3,-77.93108055328024
15554816666.7,-77.89930245882238
15559815000.0,-77.01927000433744
15564813333.3,-76.15538356237695
15569811666.7,-77.59017704063086
15574810000.0,-79.95399810765
15579808333.3,-80.29979949912409
15584806666.7,-73.03014183205161
15589805000.0,-78.34723273267043
15594803333.3,-77.82073297208593
15599801666.7,-73.90548380264639
15604800000.0,-78.175068706715
15609798333.3,-74.08372633972654
15614796666.7,-76.46312581181395
15619795000.0,-73.95421747877205
15624793333.3,-74.54009185350273
15629791666.7,-75.61817189818021
15634790000.0,-75.43048300578553
15639788333.3,-74.01409794146524
15644786666.7,-81.95508928106854
15649785000.0,-77.0905411681622
15654783333.3,-76.33376608772865
15659781666.7,-75.1405570470954
15664780000.0,-74.5398566260284
15669778333.3,-76.1845503461535
15674776666.7,-73.86958568740621
15679775000.0,-72.8297664868516
15684773333.3,-75.39737849482748
15689771666.7,-73.09159071890625
15694770000.0,-79.22752262112546
15699768333.3,-75.98640023069544
15704766666.7,-74.24022046887434
15709765000.0,-72.62583950967075
15714763333.3,-74.84068790762711
15719761666.7,-80.06975954411402
15724760000.0,-76.26101462209097
15729758333.3,-77.8284778958592
15734756666.7,-73.93214536229742
15739755000.0,-73.37724654757987
15744753333.3,-75.07992910851308
15749751666.7,-74.06690428620682
15754750000.0,-80.09670966065201
15759748333.3,-78.43820266527062
15764746666.7,-73.61682690308822
15769745000.0,-78.81834729971038
15774743333.3,-79.09161951942242
15779741666.7,-77.39768961273887
15784740000.0,-79.11227797698152
15789738333.3,-74.44116761074783
15794736666.7,-77.84377541967615
15799735000.0,-76.03402329492346
15804733333.3,-82.07777131446952
15809731666.7,-78.3464791125776
15814730000.0,-76.71196940563802
15819728333.3,-76.20497425508748
15824726666.7,-75.95935904144754
15829725000.0,-73.6585588124875
15834723333.3,-78.51119898369441
15839721666.7,-75.47970009526267
15844720000.0,-75.57239579728562
15849718333.3,-74.9301915794565
15854716666.7,-74.51153750833609
15859715000.0,-78.44799199674634
15864713333.3,-83.01666705434081
15869711666.7,-74.7430235386787
15874710000.0,-76.14685686082741
15879708333.3,-75.01942946570692
15884706666.7,-80.41182541336015
15889705000.0,-75.47731510140802
15894703333.3,-76.57883460900415
15899701666.7,-81.57865449257577
15904700000.0,-73.94558485677553
15909698333.3,-73.71138931245672
15914696666.7,-75.17423489555513
15919695000.0,-72.70537114639625
15924693333.3,-75.48159443270963
15929691666.7,-73.81941597895703
15934690000.0,-75.42539644921557
15939688333.3,-75.0243346250829
15944686666.7,-78.9809188282512
15949685000.0,-76.98478268095263
15954683333.3,-74.88437317632466
15959681666.7,-75.1638588000203
15964680000.0,-77.74699991670643
15969678333.3,-75.17036856360016
15974676666.7,-74.41494442861794
15979675000.0,-75.16254753797477
15984673333.3,-79.48240090111472
15989671666.7,-76.40105202879006
15994670000.0,-75.48082173156634
15999668333.3,-76.45129238898582
16004666666.7,-75.8995253583476
16009665000.0,-72.34641808756646
16014663333.3,-76.72512690068581
16019661666.7,-75.34246286061811
16024660000.0,-75.96912087993802
16029658333.3,-74.4013596493939
16034656666.7,-74.20156346953716
16039655000.0,-73.97789387672535
16044653333.3,-75.04086942750976
16049651666.7,-74.07785107842503
16054650000.0,-74.01968554350204
16059648333.3,-76.577359579963
16064646666.7,-77.31891889367918
16069645000.0,-76.18979751831101
16074643333.3,-78.08758491854434
16079641666.7,-72.22403437909777
16084640000.0,-74.8787376542228
16089638333.3,-75.71046345298477
16094636666.7,-80.46985494554755
16099635000.0,-81.80546942572226
16104633333.3,-75.303169238984
16109631666.7,-77.77205091927657
16114630000.0,-75.53829661929989
16119628333.3,-76.40949185216076
16124626666.7,-80.4898859881814
16129625000.0,-74.83332953147857
16134623333.3,-72.64291210959192
16139621666.7,-77.51217270574307
16144620000.0,-72.68432061992227
16149618333.3,-72.6798212225548
16154616666.7,-74.9000223919172
16159615000.0,-73.89432891720121
16164613333.3,-74.74785444580755
16169611666.7,-73.86766141960803
16174610000.0,-77.61485085379469
16179608333.3,-78.52810402304992
16184606666.7,-74.09233663479485
16189605000.0,-73.32519015412643
16194603333.3,-75.48393103805539
16199601666.7,-75.87509449855187
16204600000.0,-78.56305301079688
16209598333.3,-76.27678395410558
16214596666.7,-75.99034217817203
16219595000.0,-74.33311695002158
16224593333.3,-78.36269225965724
16229591666.7,-77.48974988428704
16234590000.0,-78.00862472347201
16239588333.3,-74.11090302926058
16244586666.7,-77.71896124612682
16249585000.0,-79.08298671545143
16254583333.3,-76.8888919500447
16259581666.7,-76.38908031596645
16264580000.0,-76.67152634432537
16269578333.3,-74.22763774478712
16274576666.7,-78.61114514597426
16279575000.0,-74.69060937046856
16284573333.3,-79.13552530567267
16289571666.7,-74.69994047539545
16294570000.0,-76.28398082019827
16299568333.3,-77.57309527872872
16304566666.7,-74.19198674978442
16309565000.0,-73.62385075951684
16314563333.3,-76.83737696073106
16319561666.7,-76.74408226703976
16324560000.0,-75.86626135872808
16329558333.3,-77.74558415229811
16334556666.7,-79.43523311107695
16339555000.0,-75.51832967957213
16344553333.3,-74.30193428981565
16349551666.7,-73.72495843337799
16354550000.0,-75.16214222162618
16359548333.3,-80.03669198494423
16364546666.7,-73.72530521721433
16369545000.0,-76.41028939875943
16374543333.3,-75.16136835674807
16379541666.7,-74.31102378887874
16384540000.0,-75.18319627794631
16389538333.3,-74.53637004258069
16394536666.7,-73.20122288250195
16399535000.0,-76.6729422119713
16404533333.3,-75.27617721478927
16409531666.7,-74.208816609126
16414530000.0,-74.40979043011038
16419528333.3,-74.82693242183917
16424526666.7,-74.99455411583403
16429525000.0,-76.60214040693822
16434523333.3,-73.55833674118506
16439521666.7,-78.1134275467373
16444520000.0,-77.21229857326944
16449518333.3,-79.40805799026406
16454516666.7,-74.89521804995036
16459515000.0,-77.88875064712872
16464513333.3,-78.19672859904043
16469511666.7,-74.30698477503938
16474510000.0,-75.24158151949989
16479508333.3,-76.10509450577769
16484506666.7,-78.02193522103934
16489505000.0,-74.39930636316662
16494503333.3,-76.58743866635578
16499501666.7,-75.03646798747089
16504500000.0,-74.6853546011105
16509498333.3,-74.67793205311318
16514496666.7,-75.37336960273139
16519495000.0,-76.6186667189774
16524493333.3,-78.91982950319013
16529491666.7,-74.99680915597021
16534490000.0,-74.40620648130954
16539488333.3,-73.52380017685321
16544486666.7,-76.57089663129429
16549485000.0,-75.71736947635407
16554483333.3,-74.79061770168838
16559481666.7,-74.65079158245031
16564480000.0,-77.0223517889809
16569478333.3,-76.01865986592459
16574476666.7,-74.81754276143573
16579475000.0,-80.6932691111974
16584473333.3,-76.14710334788026
16589471666.7,-75.07995385782282
16594470000.0,-74.48231885874925
16599468333.3,-77.7629263966114
16604466666.7,-74.18736145116353
16609465000.0,-74.49082635823905
16614463333.3,-74.63862363738673
16619461666.7,-75.69028514601567
16624460000.0,-74.5043226406691
16629458333.3,-76.49595532813913
16634456666.7,-79.84856367832533
16639455000.0,-79.67118032976492
16644453333.3,-79.53904483811061
16649451666.7,-79.0248845579199
16654450000.0,-76.70548297946976
16659448333.3,-72.4374584578064
16664446666.7,-74.22441152955123
16669445000.0,-73.04007213090965
16674443333.3,-74.14821703362026
16679441666.7,-73.91135056567508
16684440000.0,-76.08327998411245
16689438333.3,-72.81135179422645
16694436666.7,-75.06143194041448
16699435000.0,-76.02207174677022
16704433333.3,-75.57035895451125
16709431666.7,-75.76179938890826
16714430000.0,-75.29323860692348
16719428333.3,-72.33083274219092
16724426666.7,-84.2369942979337
16729425000.0,-74.64613381830259
16734423333.3,-74.38809111078052
16739421666.7,-78.28029428633815
16744420000.0,-75.07962149449509
16749418333.3,-74.68120346048714
16754416666.7,-75.6486849448056
16759415000.0,-72.82696685497092
16764413333.3,-75.24550608572588
16769411666.7,-74.9641184094069
16774410000.0,-71.99569434366758
16779408333.3,-77.56742673564048
16784406666.7,-73.6325242790543
16789405000.0,-72.25568635738041
16794403333.3,-75.3304033102713
16799401666.7,-73.88038994418804
16804400000.0,-76.2005987898765
16809398333.3,-73.53589788059261
16814396666.7,-73.90311400719281
16819395000.0,-73.58645348850764
16824393333.3,-72.23252818865278
16829391666.7,-74.30109342515682
16834390000.0,-74.49143627999345
16839388333.3,-73.39393204974138
16844386666.7,-74.07294759759621
16849385000.0,-75.39329710688864
16854383333.3,-76.62365573258549
16859381666.7,-75.53537771494393
16864380000.0,-71.56101684848632
16869378333.3,-74.8680242980601
16874376666.7,-76.87310604691095
16879375000.0,-76.01297006717891
16884373333.3,-76.13925380503125
16889371666.7,-76.13907612638263
16894370000.0,-76.17050538363061
16899368333.3,-74.38250555948899
16904366666.7,-75.5233712914828
16909365000.0,-71.9805955708371
16914363333.3,-75.9214875889226
16919361666.7,-73.27308608789616
16924360000.0,-73.10480060646847
16929358333.3,-75.8334325356149
16934356666.7,-77.79062427097186
16939355000.0,-75.5943741484996
16944353333.3,-72.37280374973749
16949351666.7,-74.37715074713205
16954350000.0,-78.39573997657327
16959348333.3,-75.02453811664216
16964346666.7,-72.91826759738164
16969345000.0,-77.71382542129409
16974343333.3,-73.68958143410639
16979341666.7,-73.41314024568975
16984340000.0,-77.15682617181903
16989338333.3,-72.7966063888932
16994336666.7,-73.7546024153832
16999335000.0,-71.20040193298992
17004333333.3,-74.86958369293428
17009331666.7,-77.64573281299823
17014330000.0,-74.25989215557209
17019328333.3,-74.40613148701647
17024326666.7,-73.40334512467254
17029325000.0,-78.4850391739017
17034323333.3,-74.8569989305048
17039321666.7,-71.76659895657383
17044320000.0,-83.54193056220913
17049318333.3,-73.1829190252992
17054316666.7,-74.22302666322926
17059315000.0,-75.05889280061105
17064313333.3,-74.29620445086528
17069311666.7,-76.35297156045806
17074310000.0,-75.14832856744655
17079308333.3,-77.76375819558793
17084306666.7,-73.11110615201177
17089305000.0,-75.67969431175776
17094303333.3,-71.98210200465081
17099301666.7,-73.17320452338444
17104300000.0,-70.84463010176061
17109298333.3,-74.12159042388662
17114296666.7,-73.87497255449243
17119295000.0,-75.0358654802783
17124293333.3,-77.77833799784466
17129291666.7,-75.06315393555437
17134290000.0,-73.56075526987209
17139288333.3,-72.7273072568072
17144286666.7,-75.93516399601359
17149285000.0,-73.73848948825324
17154283333.3,-76.07392568259709
17159281666.7,-73.80793457066
17164280000.0,-75.84931267353181
17169278333.3,-73.98935175241448
17174276666.7,-77.21740202700015
17179275000.0,-74.28563105658941
17184273333.3,-75.68424958969663
17189271666.7,-73.21419428461387
17194270000.0,-75.61636255347082
17199268333.3,-75.79834688500571
17204266666.7,-73.17539419817504
17209265000.0,-76.3872412837877
17214263333.3,-73.53089005597597
17219261666.7,-75.90642681896752
17224260000.0,-82.89299920591014
17229258333.3,-76.87551569383027
17234256666.7,-71.52202535458547
17239255000.0,-75.30622265039948
17244253333.3,-75.06015002090584
17249251666.7,-74.14496440958197
17254250000.0,-74.00452334833025
17259248333.3,-74.39139608843794
17264246666.7,-72.57612689617193
17269245000.0,-76.0602014301185
17274243333.3,-73.22940967084526
17279241666.7,-73.00309633877737
17284240000.0,-74.8842447936698
17289238333.3,-73.56486989252
17294236666.7,-77.46838734483406
17299235000.0,-75.50351562378577
17304233333.3,-76.75214117067307
17309231666.7,-72.50935497195728
17314230000.0,-73.78533888634567
17319228333.3,-71.24214561023174
17324226666.7,-71.88906111449691
17329225000.0,-74.35615955293268
17334223333.3,-76.7641795691951
17339221666.7,-75.90635631146984
17344220000.0,-75.61398284521039
17349218333.3,-72.738329440156
17354216666.7,-72.90433188713666
17359215000.0,-73.9486419614683
17364213333.3,-76.69468843163018
17369211666.7,-75.21248891401395
17374210000.0,-72.43420716431756
17379208333.3,-76.74509917240235
17384206666.7,-77.09287105809433
17389205000.0,-73.85479828619883
17394203333.3,-77.61854584658549
17399201666.7,-75.44768883349852
17404200000.0,-75.40922539582776
17409198333.3,-72.66127931825307
17414196666.7,-72.38951780512357
17419195000.0,-75.15726449734633
17424193333.3,-74.02433673761148
17429191666.7,-76.59189090957653
17434190000.0,-76.3430198555746
17439188333.3,-75.40705473972653
17444186666.7,-75.93343796879398
17449185000.0,-73.60394519786404
17454183333.3,-80.82834850017827
17459181666.7,-77.98705219102092
17464180000.0,-76.73151444328198
17469178333.3,-76.43559514296132
17474176666.7,-73.12740530116704
17479175000.0,-73.90300076331442
17484173333.3,-77.44758695879898
17489171666.7,-79.40954476445361
17494170000.0,-72.7925847955303
17499168333.3,-74.53572097751282
17504166666.7,-72.31458073316065
17509165000.0,-75.77775786453772
17514163333.3,-73.6278448113348
17519161666.7,-72.59997249002156
17524160000.0,-78.39009131083981
17529158333.3,-77.61836537506636
17534156666.7,-73.46004830419734
17539155000.0,-72.53593785555424
17544153333.3,-77.5466866122662
17549151666.7,-75.92528680881838
17554150000.0,-69.22083759933626
17559148333.3,-76.20352141400288
17564146666.7,-74.75643746537148
17569145000.0,-74.55467470339445
17574143333.3,-75.10438789737256
17579141666.7,-71.04660646825445
17584140000.0,-74.31723989877307
17589138333.3,-74.41724888644738
17594136666.7,-75.78715221824895
17599135000.0,-77.62882999868756
17604133333.3,-72.21474446401974
17609131666.7,-77.06034004061253
17614130000.0,-74.10773457404753
17619128333.3,-72.91137288055788
17624126666.7,-76.45025059159818
17629125000.0,-73.16967371513725
17634123333.3,-74.98767334176193
17639121666.7,-76.67300822998865
17644120000.0,-74.9280151245207
17649118333.3,-72.13768650358462
17654116666.7,-73.80091638384121
17659115000.0,-72.33989940761043
17664113333.3,-74.80445368804966
17669111666.7,-74.80940199779641
17674110000.0,-71.86506085643568
17679108333.3,-75.82783698800132
17684106666.7,-74.0381391651532
17689105000.0,-73.95902657577764
17694103333.3,-72.94851050283471
17699101666.7,-74.71909577752733
17704100000.0,-73.03457135380513
17709098333.3,-73.32176093936945
17714096666.7,-76.64708627181197
17719095000.0,-73.86275346869294
17724093333.3,-74.028049973517
17729091666.7,-72.38094894298447
17734090000.0,-72.17534693994268
17739088333.3,-75.48838927797455
17744086666.7,-72.44050425032366
17749085000.0,-72.47862963209336
17754083333.3,-75.44470528097592
17759081666.7,-73.96367309853308
17764080000.0,-73.86930723129848
17769078333.3,-72.64094685083434
17774076666.7,-73.75929761520838
17779075000.0,-75.9912800973371
17784073333.3,-73.59205444419347
17789071666.7,-76.80155010852998
17794070000.0,-71.46183245067022
17799068333.3,-77.42513559885863
17804066666.7,-70.94711757882902
17809065000.0,-75.39988656821414
17814063333.3,-74.77489761860824
17819061666.7,-72.05921466619758
17824060000.0,-71.80230194461247
17829058333.3,-71.01792137607147
17834056666.7,-75.12602603404719
17839055000.0,-74.25739123674687
17844053333.3,-75.33402696528626
17849051666.7,-76.4061821231003
17854050000.0,-70.9487286968219
17859048333.3,-76.61674441614242
17864046666.7,-74.64871238229554
17869045000.0,-72.62862818113051
17874043333.3,-71.07716294584704
17879041666.7,-74.63404880898396
17884040000.0,-71.56304734798456
17889038333.3,-72.77290022339646
17894036666.7,-73.34554772419888
17899035000.0,-74.65146062358387
17904033333.3,-73.27290911800903
17909031666.7,-74.207918414933
17914030000.0,-73.64536068996836
17919028333.3,-76.79456103099147
17924026666.7,-76.82111955992445
17929025000.0,-74.37821688801652
17934023333.3,-75.17264571483415
17939021666.7,-73.71401914885315
17944020000.0,-73.38893935518024
17949018333.3,-73.623658830321
17954016666.7,-77.26914712965635
17959015000.0,-74.95021079535421
17964013333.3,-75.92812137592848
17969011666.7,-71.96262234307711
17974010000.0,-75.39986369507487
17979008333.3,-72.54523630361932
17984006666.7,-75.19192147975315
17989005000.0,-75.89522964118036
17994003333.3,-72.1677254920531
17999001666.7,-72.5876836175147
18004000000.0,-73.96477403147392
18008998333.3,-74.11744259373356
18013996666.7,-73.88407265220931
18018995000.0,-77.93092777378914
18023993333.3,-73.5970410180793
18028991666.7,-75.84276566345493
18033990000.0,-70.78916626186482
18038988333.3,-74.96435248887795
18043986666.7,-71.72455906620209
18048985000.0,-75.73155770694105
18053983333.3,-74.5428406535271
18058981666.7,-74.79703470801299
18063980000.0,-72.08922067196363
18068978333.3,-72.29926635470687
18073976666.7,-75.41226275762831
18078975000.0,-71.87692910354963
18083973333.3,-73.17585842588242
18088971666.7,-74.17092725288958
18093970000.0,-73.67028106840874
18098968333.3,-71.0374753107858
18103966666.7,-75.47190377744028
18108965000.0,-73.35872860230607
18113963333.3,-70.14207929283072
18118961666.7,-72.26927977636025
18123960000.0,-70.18460077420141
18128958333.3,-73.19248068228707
18133956666.7,-73.81003562865791
18138955000.0,-73.24644812279695
18143953333.3,-72.77970397740495
18148951666.7,-72.28532055674492
18153950000.0,-74.90191308125384
18158948333.3,-73.68683539612177
18163946666.7,-70.2220164470373
18168945000.0,-74.11267320227313
18173943333.3,-72.95962032224162
18178941666.7,-73.48338631588392
18183940000.0,-74.73060677558135
18188938333.3,-80.6320501823675
18193936666.7,-77.31856170072125
18198935000.0,-74.56421912978351
18203933333.3,-74.21632595478027
18208931666.7,-74.48309610549595
18213930000.0,-74.40279620358996
18218928333.3,-72.40147673371526
18223926666.7,-75.66402345187761
18228925000.0,-73.2330573400476
18233923333.3,-74.26876747141941
18238921666.7,-74.90355402748025
18243920000.0,-72.11627084874718
18248918333.3,-72.14349396122387
18253916666.7,-70.4008033859621
18258915000.0,-73.08872416924102
18263913333.3,-71.40787699080218
18268911666.7,-78.26192045933729
18273910000.0,-75.32570011471931
18278908333.3,-71.40199578049746
18283906666.7,-73.70640637638567
18288905000.0,-72.69640699107359
18293903333.3,-74.01795402036939
18298901666.7,-73.51654795311934
18303900000.0,-74.61272547561593
18308898333.3,-75.23493674502176
18313896666.7,-74.82004674885789
18318895000.0,-76.78140530608019
18323893333.3,-72.21990219411214
18328891666.7,-75.14510766791406
18333890000.0,-73.98659709271813
18338888333.3,-72.60397191717927
18343886666.7,-76.58123445286127
18348885000.0,-75.32212647963232
18353883333.3,-72.86808728813656
18358881666.7,-75.80947194689962
18363880000.0,-73.88075380756548
18368878333.3,-73.57944780803952
18373876666.7,-73.91165764544563
18378875000.0,-75.32858198389414
18383873333.3,-71.63437786988935
18388871666.7,-71.32238104781845
18393870000.0,-76.44698207091146
18398868333.3,-70.54162233783721
18403866666.7,-74.3799104243285
18408865000.0,-74.25519998821963
18413863333.3,-73.89553968005112
18418861666.7,-73.95318784169494
18423860000.0,-71.90566507850438
18428858333.3,-72.68832372398239
18433856666.7,-76.31158320477124
18438855000.0,-72.51832634832334
18443853333.3,-73.6978795534847
18448851666.7,-73.00199747184118
18453850000.0,-72.73587086086904
18458848333.3,-71.53386380031657
18463846666.7,-73.53520011825067
18468845000.0,-72.04122009790338
18473843333.3,-72.64296443986944
18478841666.7,-71.80370082796779
18483840000.0,-72.21187888955319
18488838333.3,-74.34909945936292
18493836666.7,-73.3739170987996
18498835000.0,-72.20551738652746
18503833333.3,-77.38585377891717
18508831666.7,-71.0636496852029
18513830000.0,-73.4178801558355
18518828333.3,-71.94787497156403
18523826666.7,-72.40379127270583
18528825000.0,-72.90090627867642
18533823333.3,-74.33455153717033
18538821666.7,-78.4871669731284
18543820000.0,-71.39726134978952
18548818333.3,-75.56980869610592
18553816666.7,-72.474282560543
18558815000.0,-74.29196294111657
18563813333.3,-74.30142143207557
18568811666.7,-72.85017377684495
18573810000.0,-75.0202813424582
18578808333.3,-73.56333762055576
18583806666.7,-74.46830302038111
18588805000.0,-72.67202567428828
18593803333.3,-71.93594702510872
18598801666.7,-72.36712137345401
18603800000.0,-75.00400288050156
18608798333.3,-74.06853569971774
18613796666.7,-72.74415898333436
18618795000.0,-73.95329490774463
18623793333.3,-73.03714365976441
18628791666.7,-74.8597960345422
18633790000.0,-71.2853141716763
18638788333.3,-72.5685401614979
18643786666.7,-72.50871372677878
18648785000.0,-72.33033340650772
18653783333.3,-74.33572284059204
18658781666.7,-74.97113171576893
18663780000.0,-72.894139900758
18668778333.3,-72.18139822273042
18673776666.7,-71.94945733331271
18678775000.0,-72.15044673679517
18683773333.3,-74.24185222443879
18688771666.7,-74.22045460500568
18693770000.0,-73.7622576275265
18698768333.3,-71.80933922985867
18703766666.7,-75.3053471735836
18708765000.0,-71.54734067124436
18713763333.3,-77.00773411571787
18718761666.7,-76.93365078773019
18723760000.0,-71.74540538470367
18728758333.3,-71.96763452999973
18733756666.7,-71.79010287655971
18738755000.0,-73.84145279142895
18743753333.3,-74.07051248716856
18748751666.7,-71.4761661058745
18753750000.0,-71.5891442619313
18758748333.3,-73.1803516076498
18763746666.7,-71.68972377042522
18768745000.0,-71.73552333945572
18773743333.3,-74.85799544259044
18778741666.7,-76.03498220592597
18783740000.0,-71.48295416279487
18788738333.3,-74.00872628505435
18793736666.7,-73.05483878670314
18798735000.0,-70.95373861643257
18803733333.3,-72.76996681987899
18808731666.7,-74.01855462000668
18813730000.0,-74.8773998526375
18818728333.3,-75.16714963562818
18823726666.7,-75.64048567231775
18828725000.0,-76.70116721179186
18833723333.3,-72.60018112163178
18838721666.7,-72.61443356559224
18843720000.0,-75.26761925980348
18848718333.3,-74.31656020754461
18853716666.7,-73.79131313082894
18858715000.0,-73.43925116776111
18863713333.3,-72.7340774110791
18868711666.7,-72.96244651826572
18873710000.0,-74.41561649328955
18878708333.3,-71.96873769733274
18883706666.7,-74.80467805751371
18888705000.0,-71.94728134517999
18893703333.3,-73.11732414205173
18898701666.7,-73.12397551776921
18903700000.0,-73.81088476998546
18908698333.3,-72.37031615992633
18913696666.7,-70.84093815356428
18918695000.0,-73.14938833957255
18923693333.3,-73.14906651216383
18928691666.7,-74.07714083096198
18933690000.0,-73.44235713685859
18938688333.3,-75.01030645145093
18943686666.7,-72.34320753760545
18948685000.0,-72.50655991255898
18953683333.3,-73.5608395703944
18958681666.7,-71.07147625993565
18963680000.0,-70.73025968446471
18968678333.3,-71.01444869325864
18973676666.7,-72.50510524938724
18978675000.0,-73.33956701110864
18983673333.3,-72.6758234519138
18988671666.7,-73.13776026888551
18993670000.0,-72.9484622372501
18998668333.3,-74.18073162919042
19003666666.7,-72.80646427587916
19008665000.0,-73.8897981912472
19013663333.3,-72.00709555902782
19018661666.7,-73.73713265553062
19023660000.0,-74.07488668662234
19028658333.3,-73.93120730780191
19033656666.7,-76.42745033321813
19038655000.0,-73.04144426760308
19043653333.3,-73.21524111085266
19048651666.7,-74.59031192972922
19053650000.0,-75.07995300113761
19058648333.3,-73.35910219221093
19063646666.7,-71.39139896830878
19068645000.0,-71.13985166530445
19073643333.3,-72.72108125352912
19078641666.7,-72.12417990580563
19083640000.0,-73.45361420584923
19088638333.3,-72.4856059619744
19093636666.7,-71.08043572937058
19098635000.0,-71.33198545782669
19103633333.3,-71.99037986890126
19108631666.7,-72.39720505139238
19113630000.0,-71.30355044628098
19118628333.3,-71.98986103668204
19123626666.7,-71.85906256351376
19128625000.0,-71.69643018978708
19133623333.3,-72.62886782292182
19138621666.7,-70.69438542351625
19143620000.0,-75.309585179823
19148618333.3,-71.6556856445052
19153616666.7,-75.03665396218325
19158615000.0,-72.91291422696693
19163613333.3,-74.7313228887921
19168611666.7,-76.11977879686012
19173610000.0,-70.86380981638978
19178608333.3,-74.91885368792421
19183606666.7,-71.44821274586461
19188605000.0,-73.15108174440543
19193603333.3,-72.05161731453218
19198601666.7,-72.53408499165837
19203600000.0,-72.06452976519984
19208598333.3,-73.15587463090398
19213596666.7,-70.312127887654
19218595000.0,-72.55058554219482
19223593333.3,-73.62212501932547
19228591666.7,-70.49737781130908
19233590000.0,-73.32324509162422
19238588333.3,-72.13050549583846
19243586666.7,-73.53207780702553
19248585000.0,-70.89179213837826
19253583333.3,-72.93355108779451
19258581666.7,-71.74413974483974
19263580000.0,-73.80379709114396
19268578333.3,-72.17109243946135
19273576666.7,-70.06774063362576
19278575000.0,-70.591506141542
19283573333.3,-74.02918658161799
19288571666.7,-74.20379140407854
19293570000.0,-70.47969406585158
19298568333.3,-72.64767954829375
19303566666.7,-73.51291338609786
19308565000.0,-75.19832451924081
19313563333.3,-72.04592732009378
19318561666.7,-73.431998515591
19323560000.0,-71.35575599615143
19328558333.3,-70.33244501537169
19333556666.7,-71.20466739759576
19338555000.0,-70.88325323518251
19343553333.3,-73.92466896463917
19348551666.7,-72.27963236321617
19353550000.0,-70.82883338259668
19358548333.3,-72.529366410981
19363546666.7,-73.21019641765126
19368545000.0,-72.65503885690715
19373543333.3,-71.914448320724
19378541666.7,-70.87942092343005
19383540000.0,-71.96498908710961
19388538333.3,-71.13518245681351
19393536666.7,-72.2446927804357
19398535000.0,-75.23119199735513
19403533333.3,-69.59840988829134
19408531666.7,-72.2656401216849
19413530000.0,-72.52567863065786
19418528333.3,-70.55558120885837
19423526666.7,-72.71114100231672
19428525000.0,-72.18651148000208
19433523333.3,-69.7560119340364
19438521666.7,-70.54470572275461
19443520000.0,-69.44497604139272
19448518333.3,-70.30902100918921
19453516666.7,-71.14234856158676
19458515000.0,-71.89362505870109
19463513333.3,-68.68030224765305
19468511666.7,-70.86991268350442
19473510000.0,-70.77075116159403
19478508333.3,-71.6038377033839
19483506666.7,-70.0552185672527
19488505000.0,-71.21908227319567
19493503333.3,-72.03105655773078
19498501666.7,-68.15968165937741
19503500000.0,-69.34117794722826
19508498333.3,-72.52003340813845
19513496666.7,-68.6671739711124
19518495000.0,-75.46558251793597
19523493333.3,-70.45183979030281
19528491666.7,-72.75770493100147
19533490000.0,-72.46225674916236
19538488333.3,-72.76011013955514
19543486666.7,-73.85012635391965
19548485000.0,-68.20838119756579
19553483333.3,-69.86420454475228
19558481666.7,-69.89342019825335
19563480000.0,-69.59614868382455
19568478333.3,-71.72334269304494
19573476666.7,-68.76882037847423
19578475000.0,-68.82328193450454
19583473333.3,-72.70731301069296
19588471666.7,-70.21961472407912
19593470000.0,-71.22849148194481
19598468333.3,-70.52474962877295
19603466666.7,-72.65148859648187
19608465000.0,-72.86339637268853
19613463333.3,-72.54628003565412
19618461666.7,-71.23745746347998
19623460000.0,-71.32578784466116
19628458333.3,-70.14381716333006
19633456666.7,-71.13049049505156
19638455000.0,-71.9236255679649
19643453333.3,-71.9151676212529
19648451666.7,-72.00360113454038
19653450000.0,-70.0713420567998
19658448333.3,-71.85323368334062
19663446666.7,-71.6992939082307
19668445000.0,-72.16857197137578
19673443333.3,-70.17005018839095
19678441666.7,-72.0891954885952
19683440000.0,-71.17169651900387
19688438333.3,-71.61505183847848
19693436666.7,-72.43374695353296
19698435000.0,-72.12782753503535
19703433333.3,-73.23987970180143
19708431666.7,-70.78310792352823
19713430000.0,-70.57711357087783
19718428333.3,-70.81475398424661
19723426666.7,-71.12507190458865
19728425000.0,-71.34653342876571
19733423333.3,-70.57608901806884
19738421666.7,-69.74072773821709
19743420000.0,-71.46482941467698
19748418333.3,-72.25358946774807
19753416666.7,-70.74940747102588
19758415000.0,-72.30543390353377
19763413333.3,-69.88393284372951
19768411666.7,-72.09287525553346
19773410000.0,-71.9560417788531
19778408333.3,-73.76439636655698
19783406666.7,-71.29561964963702
19788405000.0,-74.69350421227445
19793403333.3,-73.91282944643231
19798401666.7,-73.42324418310503
19803400000.0,-70.08620864251
19808398333.3,-69.66024145456552
19813396666.7,-72.36975850557903
19818395000.0,-77.78225187761387
19823393333.3,-72.69646827325305
19828391666.7,-74.65759333998308
19833390000.0,-72.9518784538543
19838388333.3,-71.48995166426188
19843386666.7,-73.85319087657405
19848385000.0,-72.9063331732538
19853383333.3,-72.7911184915469
19858381666.7,-71.78234921824003
19863380000.0,-71.23726882034055
19868378333.3,-71.22970330519324
19873376666.7,-73.89109924249513
19878375000.0,-76.55828001643135
19883373333.3,-73.02369612915625
19888371666.7,-73.55551593275489
19893370000.0,-77.7448845350543
19898368333.3,-71.65164707130342
19903366666.7,-74.239570131427
19908365000.0,-72.89705622314203
19913363333.3,-82.00555514965214
19918361666.7,-71.54254954620134
19923360000.0,-73.36835652586403
19928358333.3,-71.71931911475822
19933356666.7,-76.5205303766235
19938355000.0,-74.80927730033483
19943353333.3,-74.54026051853904
19948351666.7,-71.63921970517043
19953350000.0,-77.0989116698168
19958348333.3,-74.39139669160713
19963346666.7,-71.47966875722733
19968345000.0,-74.3936951122299
19973343333.3,-72.9404170414451
19978341666.7,-73.23272518941481
19983340000.0,-71.72523490727188
19988338333.3,-77.04826232315617
19993336666.7,-75.1025921625951
19998335000.0,-74.57679967845311
20003333333.3,-74.45445928544217
20008331666.7,-76.38314666309543
20013330000.0,-77.32697329571312
20018328333.3,-75.57924018605442
20023326666.7,-78.83106241180992
20028325000.0,-74.8945097806726
20033323333.3,-73.51180872502667
20038321666.7,-86.3191942922088
20043320000.0,-77.61966502679292
20048318333.3,-75.2276635307764
20053316666.7,-79.24589626671957
20058315000.0,-74.03471584406672
20063313333.3,-73.8780387040532
20068311666.7,-75.88400500151339
20073310000.0,-74.19912966475927
20078308333.3,-76.03832440267136
20083306666.7,-77.47499441593106
20088305000.0,-76.02447456586339
20093303333.3,-79.9725201929634
20098301666.7,-76.9632827106984
20103300000.0,-77.05509608314091
20108298333.3,-75.61355979756976
20113296666.7,-82.30572186636391
20118295000.0,-74.51996609320743
20123293333.3,-86.43277618319304
20128291666.7,-78.45279687331406
20133290000.0,-73.44810954780796
20138288333.3,-76.77360820496702
20143286666.7,-77.87751153345557
20148285000.0,-77.87276224057905
20153283333.3,-76.35565846609846
20158281666.7,-78.86947443720783
20163280000.0,-77.92334150795314
20168278333.3,-74.84146543568019
20173276666.7,-75.29960247513748
20178275000.0,-76.66593906158995
20183273333.3,-75.53007523977412
20188271666.7,-81.34459593610173
20193270000.0,-82.05495177309123
20198268333.3,-79.81098885580433
20203266666.7,-78.93712012887083
20208265000.0,-78.03879442796696
20213263333.3,-80.21231017441207
20218261666.7,-88.46220412921299
20223260000.0,-77.15940129147513
20228258333.3,-78.73446827661463
20233256666.7,-75.96911999763131
20238255000.0,-75.28327183029023
20243253333.3,-80.13747792211245
20248251666.7,-77.08441583909479
20253250000.0,-77.11988510643337
20258248333.3,-77.73131869818596
20263246666.7,-75.47037470995434
20268245000.0,-75.50466374588211
20273243333.3,-82.11299620332494
20278241666.7,-75.37517575632053
20283240000.0,-75.00515109096759
20288238333.3,-81.00360577749473
20293236666.7,-75.79091182599404
20298235000.0,-81.0080917069879
20303233333.3,-80.05535267702746
20308231666.7,-79.24552332921017
20313230000.0,-83.979262686518
20318228333.3,-78.1872368234418
20323226666.7,-75.97286317111374
20328225000.0,-76.97596809453084
20333223333.3,-76.23822663852184
20338221666.7,-82.55261115026492
20343220000.0,-83.35191157912044
20348218333.3,-76.527946349546
20353216666.7,-78.87834126050296
20358215000.0,-81.02340348987767
20363213333.3,-80.1231371322157
20368211666.7,-79.17693363739572
20373210000.0,-80.18473873322992
20378208333.3,-78.06546679119921
20383206666.7,-81.12268661168919
20388205000.0,-79.37643905196332
20393203333.3,-83.2553619908254
20398201666.7,-73.36314372560071
20403200000.0,-79.85638769465609
20408198333.3,-78.26720778274236
20413196666.7,-81.73920593620187
20418195000.0,-83.39486333888038
20423193333.3,-81.69414020730999
20428191666.7,-77.95782483364644
20433190000.0,-78.26748587811028
20438188333.3,-76.73063883071201
20443186666.7,-78.14139782369602
20448185000.0,-80.58601151854843
20453183333.3,-80.9315647872181
20458181666.7,-79.21173595278763
20463180000.0,-83.7785094464989
20468178333.3,-88.06472267529422
20473176666.7,-77.18923907038966
20478175000.0,-78.83552903986126
20483173333.3,-76.71748587890228
20488171666.7,-78.56035735892432
20493170000.0,-74.63996194185489
20498168333.3,-78.18159993761145
20503166666.7,-77.21529276849468
20508165000.0,-78.32194824297936
20513163333.3,-76.18026319346457
20518161666.7,-77.77927981057603
20523160000.0,-78.42807724035919
20528158333.3,-77.42238660150659
20533156666.7,-78.75997248131668
20538155000.0,-80.7250330020257
20543153333.3,-76.54280616037977
20548151666.7,-79.7498273827492
20553150000.0,-80.5826239947858
20558148333.3,-73.53112309074193
20563146666.7,-79.41085558524497
20568145000.0,-76.88392191113053
20573143333.3,-76.81531726294031
20578141666.7,-80.06276530515055
20583140000.0,-75.67207823569207
20588138333.3,-78.52748278519368
20593136666.7,-73.61434744452393
20598135000.0,-76.52433022141346
20603133333.3,-81.05911344712763
20608131666.7,-75.27524860471826
20613130000.0,-80.98017392449239
20618128333.3,-78.76499984001535
20623126666.7,-88.39774571163306
20628125000.0,-80.15696546416306
20633123333.3,-77.7369976846267
20638121666.7,-78.79180654316099
20643120000.0,-84.63453397370891
20648118333.3,-76.12549322608642
20653116666.7,-75.37618941524721
20658115000.0,-78.8120495317202
20663113333.3,-82.36571953606838
20668111666.7,-78.86156976435582
20673110000.0,-87.15934728230765
20678108333.3,-79.74410837831813
20683106666.7,-77.2106368983709
20688105000.0,-78.42569471050957
20693103333.3,-79.08618592992491
20698101666.7,-80.4684581568617
20703100000.0,-77.80434471129897
20708098333.3,-79.03613160067681
20713096666.7,-76.19165951579342
20718095000.0,-77.47887988273979
20723093333.3,-82.03706997287462
20728091666.7,-74.59547636319186
20733090000.0,-82.03778516051372
20738088333.3,-76.84212101307823
20743086666.7,-78.08798817827227
20748085000.0,-76.76468681132427
20753083333.3,-83.4440178582309
20758081666.7,-79.71430140497456
20763080000.0,-78.01755537470005
20768078333.3,-76.4409468406417
20773076666.7,-77.33102156144568
20778075000.0,-77.29322236858285
20783073333.3,-77.41970151253334
20788071666.7,-80.74069800045748
20793070000.0,-77.60979816148043
20798068333.3,-79.34484549421597
20803066666.7,-77.94388149017419
20808065000.0,-78.0120528228819
20813063333.3,-78.3167695525481
20818061666.7,-80.26148897230274
20823060000.0,-76.57300038781317
20828058333.3,-78.49679743773021
20833056666.7,-75.56339018915307
20838055000.0,-78.3733516005415
20843053333.3,-78.11826759652777
20848051666.7,-81.9602394713855
20853050000.0,-82.04075490421909
20858048333.3,-77.73231020212266
20863046666.7,-78.41358700648884
20868045000.0,-80.44609553480804
20873043333.3,-79.4529208715196
20878041666.7,-77.07609545161196
20883040000.0,-78.93590168747286
20888038333.3,-79.67906379084069
20893036666.7,-78.34248498350658
20898035000.0,-80.19843263939148
20903033333.3,-76.58708032828855
20908031666.7,-83.63620227154364
20913030000.0,-78.07913052940434
20918028333.3,-77.85204913519098
20923026666.7,-81.58797560157531
20928025000.0,-78.73931445314689
20933023333.3,-76.20598694228656
20938021666.7,-79.81649741144106
20943020000.0,-79.84942447274986
20948018333.3,-78.97564071527641
20953016666.7,-79.85187506442873
20958015000.0,-83.67410610512258
20963013333.3,-76.4052413056204
20968011666.7,-80.02808953312939
20973010000.0,-81.14147380821808
20978008333.3,-81.35095951601582
20983006666.7,-75.27176154693431
20988005000.0,-78.8802720945063
20993003333.3,-77.53707040886545
20998001666.7,-80.55976490906617
21003000000.0,-79.40611514867842
21007998333.3,-81.6619278093264
21012996666.7,-79.73731653492496
21017995000.0,-81.50098195592024
21022993333.3,-78.86677885061913
21027991666.7,-81.10312833936676
21032990000.0,-82.38258690378206
21037988333.3,-77.2286249230081
21042986666.7,-79.39218287806258
21047985000.0,-79.24708097647252
21052983333.3,-77.01214696087688
21057981666.7,-78.6139853999797
21062980000.0,-77.23142635749886
21067978333.3,-80.15338501404796
21072976666.7,-80.81628931393178
21077975000.0,-80.98932679455967
21082973333.3,-75.67362623073352
21087971666.7,-77.39115431149558
21092970000.0,-78.48023260520527
21097968333.3,-75.88066647114711
21102966666.7,-75.42647342003823
21107965000.0,-77.14495027323395
21112963333.3,-75.70123110983818
21117961666.7,-80.84640086234228
21122960000.0,-76.22162557531941
21127958333.3,-77.08291215761703
21132956666.7,-75.77547449631538
21137955000.0,-78.4685661916802
21142953333.3,-75.13253742400376
21147951666.7,-76.24829612968801
21152950000.0,-75.64175670064064
21157948333.3,-76.75138004580428
21162946666.7,-78.66813488869754
21167945000.0,-76.86619584253707
21172943333.3,-79.81525093333092
21177941666.7,-77.58139607597266
21182940000.0,-79.27132831268423
21187938333.3,-78.42812203283276
21192936666.7,-78.1139477651543
21197935000.0,-76.36940387076415
21202933333.3,-80.07021611428328
21207931666.7,-77.84251819445169
21212930000.0,-76.12651580706702
21217928333.3,-76.99497865108073
21222926666.7,-77.9332606814514
21227925000.0,-80.78556353736624
21232923333.3,-83.62689250440008
21237921666.7,-79.43904827860771
21242920000.0,-79.68982672343836
21247918333.3,-81.64932188026116
21252916666.7,-80.93568497008489
21257915000.0,-87.67412120700472
21262913333.3,-81.71681769417611
21267911666.7,-77.33337774878126
21272910000.0,-78.0707096262414
21277908333.3,-75.67658990204936
21282906666.7,-75.56792316894884
21287905000.0,-73.99922344536735
21292903333.3,-78.6068326978657
21297901666.7,-83.73408397133551
21302900000.0,-74.89317178493943
21307898333.3,-81.22665563387683
21312896666.7,-76.60638146218064
21317895000.0,-75.82010597403911
21322893333.3,-77.67557229491536
21327891666.7,-77.7530806898621
21332890000.0,-76.58921183261354
21337888333.3,-75.88353328291068
21342886666.7,-84.75824043702885
21347885000.0,-77.87682403493542
21352883333.3,-77.73293956061443
21357881666.7,-75.95764754401345
21362880000.0,-74.81193618925805
21367878333.3,-75.918589508364
21372876666.7,-75.20886662402658
21377875000.0,-79.08522943255888
21382873333.3,-78.16742523943594
21387871666.7,-83.91947724380034
21392870000.0,-76.00806529100497
21397868333.3,-76.59268747729689
21402866666.7,-78.63318933357053
21407865000.0,-79.861383582352
21412863333.3,-76.9104108700237
21417861666.7,-75.9664556204559
21422860000.0,-77.15534294192804
21427858333.3,-76.22902432582075
21432856666.7,-75.87739379877058
21437855000.0,-74.04699410817456
21442853333.3,-78.30725847531556
21447851666.7,-74.01290846048758
21452850000.0,-82.31401600850675
21457848333.3,-78.00267817348995
21462846666.7,-78.69252756957752
21467845000.0,-83.85497989150144
21472843333.3,-77.28537226528054
21477841666.7,-73.03383036124936
21482840000.0,-76.70583168746975
21487838333.3,-81.20746573912021
21492836666.7,-78.10810451669462
21497835000.0,-76.49430216348753
21502833333.3,-82.4191971210169
21507831666.7,-77.70164135611128
21512830000.0,-77.18682948108149
21517828333.3,-74.64829100281513
21522826666.7,-80.09853639167761
21527825000.0,-78.46262936540653
21532823333.3,-76.71943438060573
21537821666.7,-80.29573644848531
21542820000.0,-79.19626615160826
21547818333.3,-76.47196812350751
21552816666.7,-76.83022529707385
21557815000.0,-75.79408404522566
21562813333.3,-75.19119431217572
21567811666.7,-76.23410087843328
21572810000.0,-76.08934333051195
21577808333.3,-77.49177553179993
21582806666.7,-75.40716727002095
21587805000.0,-78.06831466472087
21592803333.3,-75.35160686535878
21597801666.7,-73.54395975684506
21602800000.0,-80.1753259740847
21607798333.3,-76.83151816477697
21612796666.7,-74.9711519369624
21617795000.0,-75.94379697624572
21622793333.3,-84.05494993686298
21627791666.7,-81.664943262582
21632790000.0,-74.28190649669956
21637788333.3,-77.73992640755725
21642786666.7,-75.84132629120614
21647785000.0,-80.18270323121331
21652783333.3,-74.8528808893807
21657781666.7,-78.36375518978818
21662780000.0,-78.03300786364045
21667778333.3,-78.26124939319976
21672776666.7,-77.99509638335999
21677775000.0,-72.81034590475541
21682773333.3,-73.0446109202604
21687771666.7,-77.90273592300676
21692770000.0,-80.50236047045493
21697768333.3,-77.35078656592816
21702766666.7,-78.41045265273965
21707765000.0,-78.17404544485301
21712763333.3,-73.49138709686027
21717761666.7,-76.49117884755826
21722760000.0,-75.77938614829597
21727758333.3,-78.90430401297944
21732756666.7,-78.70061077343587
21737755000.0,-75.67509013013004
21742753333.3,-77.3893664673747
21747751666.7,-76.00815438052953
21752750000.0,-76.31617488548041
21757748333.3,-74.98622170776062
21762746666.7,-74.88245117920175
21767745000.0,-79.14730801628595
21772743333.3,-78.78878206661084
21777741666.7,-73.5425514418341
21782740000.0,-73.51658562699443
21787738333.3,-78.85301509094336
21792736666.7,-80.89906356787814
21797735000.0,-75.61596608797088
21802733333.3,-74.39873502031043
21807731666.7,-75.57820660848071
21812730000.0,-75.60474481053163
21817728333.3,-77.3053838020642
21822726666.7,-74.61732142410155
21827725000.0,-74.96292258023323
21832723333.3,-75.29071829934085
21837721666.7,-74.2459538944687
21842720000.0,-78.9030346383147
21847718333.3,-77.96731616682598
21852716666.7,-76.5555941228031
21857715000.0,-85.03267847718966
21862713333.3,-75.01191017794486
21867711666.7,-74.57191216318598
21872710000.0,-75.30953545090948
21877708333.3,-76.62761147673523
21882706666.7,-75.79088012672636
21887705000.0,-76.1481695786817
21892703333.3,-78.52313156430705
21897701666.7,-75.31175009446915
21902700000.0,-76.52133064510848
21907698333.3,-79.93510026682769
21912696666.7,-80.43060609029241
21917695000.0,-79.14139525618906
21922693333.3,-77.54006005220401
21927691666.7,-81.19642663121382
21932690000.0,-79.61158754823813
21937688333.3,-74.2645201744229
21942686666.7,-76.5795294963287
21947685000.0,-77.75851625645765
21952683333.3,-75.97774156445813
21957681666.7,-78.35020602087803
21962680000.0,-77.24789241986079
21967678333.3,-77.71779292233535
21972676666.7,-77.31420957543305
21977675000.0,-78.52469854514091
21982673333.3,-79.97808460145006
21987671666.7,-79.23730763039525
21992670000.0,-75.83908039970771
21997668333.3,-78.14467066819007
22002666666.7,-76.54905664642509
22007665000.0,-76.99984691121693
22012663333.3,-78.36683266125723
22017661666.7,-74.97378210174932
22022660000.0,-75.28535512889795
22027658333.3,-79.51468200638102
22032656666.7,-83.6847122342394
22037655000.0,-77.94898317889621
22042653333.3,-73.22205780218478
22047651666.7,-78.2838155741968
22052650000.0,-76.53894476580022
22057648333.3,-75.13798395018944
22062646666.7,-77.45667676991927
22067645000.0,-79.35792511068362
22072643333.3,-78.25124724276282
22077641666.7,-75.06910450261971
22082640000.0,-75.6188795541206
22087638333.3,-79.33042010524909
22092636666.7,-76.72430899566048
22097635000.0,-75.46140504705394
22102633333.3,-76.96273531605146
22107631666.7,-78.98377426812173
22112630000.0,-77.85274439234892
22117628333.3,-75.29553708457642
22122626666.7,-79.21587964927043
22127625000.0,-76.62701515276407
22132623333.3,-77.44693669557623
22137621666.7,-82.24528668522764
22142620000.0,-77.86008309365803
22147618333.3,-76.24792532451514
22152616666.7,-77.47428516961664
22157615000.0,-75.95331627678411
22162613333.3,-76.16502719564235
22167611666.7,-78.55692589071643
22172610000.0,-75.55446124656646
22177608333.3,-75.96246716179974
22182606666.7,-80.18076605348143
22187605000.0,-82.8478192691115
22192603333.3,-80.80574575364375
22197601666.7,-79.39337312181128
22202600000.0,-75.27648305388404
22207598333.3,-77.7743429459742
22212596666.7,-76.3073985355123
22217595000.0,-75.11335356543765
22222593333.3,-78.51699014843825
22227591666.7,-76.6569006016355
22232590000.0,-73.91412704772489
22237588333.3,-78.81748135311491
22242586666.7,-76.51821103742249
22247585000.0,-78.84354821246845
22252583333.3,-76.38950431089643
22257581666.7,-76.36837518395795
22262580000.0,-76.13413624949031
22267578333.3,-77.38125337657767
22272576666.7,-78.7962483615615
22277575000.0,-78.31500131563641
22282573333.3,-75.9531466824184
22287571666.7,-74.61863209304573
22292570000.0,-76.87219155495535
22297568333.3,-76.08974889660382
22302566666.7,-78.97562001804295
22307565000.0,-76.53907246437886
22312563333.3,-79.5988150191439
22317561666.7,-77.21696192006495
22322560000.0,-76.8167633982914
22327558333.3,-75.3414964250461
22332556666.7,-77.20687658943204
22337555000.0,-80.9462711439443
22342553333.3,-74.63907365572585
22347551666.7,-76.4379347920327
22352550000.0,-78.86782279299061
22357548333.3,-78.17384512873113
22362546666.7,-80.51577194625942
22367545000.0,-76.04373595921234
22372543333.3,-80.15524667632863
22377541666.7,-75.57028092915827
22382540000.0,-75.16766592587966
22387538333.3,-82.26671460402905
22392536666.7,-73.92707019309401
22397535000.0,-77.53211369165246
22402533333.3,-80.45930548022491
22407531666.7,-79.73284818599063
22412530000.0,-76.06207338987386
22417528333.3,-77.64600431451179
22422526666.7,-73.92680010706255
22427525000.0,-75.98538897552173
22432523333.3,-77.69323234405621
22437521666.7,-76.05320781684438
22442520000.0,-74.84429834188917
22447518333.3,-76.13608319037343
22452516666.7,-76.85306787071879
22457515000.0,-79.41601444425746
22462513333.3,-76.49712040820195
22467511666.7,-79.8224409759313
22472510000.0,-79.18282865995059
22477508333.3,-77.92667960855687
22482506666.7,-76.01969036473298
22487505000.0,-74.45628358833235
22492503333.3,-81.11552372749199
22497501666.7,-80.28482238772679
22502500000.0,-77.86220958723146
22507498333.3,-73.59487724515012
22512496666.7,-73.85700486494505
22517495000.0,-75.39795585162335
22522493333.3,-74.76450126944842
22527491666.7,-77.58445851250285
22532490000.0,-78.5661544166656
22537488333.3,-81.13143400418757
22542486666.7,-80.72746452851341
22547485000.0,-75.37933931713737
22552483333.3,-77.80603184788811
22557481666.7,-81.16728896608201
22562480000.0,-84.36432619144504
22567478333.3,-77.22524716542443
22572476666.7,-76.13336020227567
22577475000.0,-74.10702389261292
22582473333.3,-76.56468750470677
22587471666.7,-76.81432460317845
22592470000.0,-79.01592776158606
22597468333.3,-76.98160876602631
22602466666.7,-76.27181470739495
22607465000.0,-77.26810925859779
22612463333.3,-78.14147910196453
22617461666.7,-82.54819619011329
22622460000.0,-77.93045604588282
22627458333.3,-80.2788655642599
22632456666.7,-75.95794925835762
22637455000.0,-75.11872549373477
22642453333.3,-77.37856691031678
22647451666.7,-80.07305473038228
22652450000.0,-77.75231407898802
22657448333.3,-77.31245063607675
22662446666.7,-79.68383715870137
22667445000.0,-79.91470132609139
22672443333.3,-74.8386026096395
22677441666.7,-74.92801193529019
22682440000.0,-78.01955059680344
22687438333.3,-82.42794423764764
22692436666.7,-76.00663991471733
22697435000.0,-78.10161042771335
22702433333.3,-75.60715938279158
22707431666.7,-78.52075240537947
22712430000.0,-72.59817157787975
22717428333.3,-82.8175724119586
22722426666.7,-77.72862974460102
22727425000.0,-79.74914060580564
22732423333.3,-77.07958278951045
22737421666.7,-76.73627382285672
22742420000.0,-77.41536287941541
22747418333.3,-81.05839917609522
22752416666.7,-77.11903904607878
22757415000.0,-73.87554177244387
22762413333.3,-75.14611873406531
22767411666.7,-76.12627593402992
22772410000.0,-77.17230058548947
22777408333.3,-76.15724300828532
22782406666.7,-77.13678300687961
22787405000.0,-77.02111154658427
22792403333.3,-79.89958265479129
22797401666.7,-77.28666337620321
22802400000.0,-75.67798500631648
22807398333.3,-82.97731084544324
22812396666.7,-76.950804814138
22817395000.0,-81.98517394173192
22822393333.3,-75.89082788843984
22827391666.7,-76.52121351341984
22832390000.0,-83.77466687529616
22837388333.3,-78.33582764572968
22842386666.7,-77.88506211939281
22847385000.0,-82.37670395118198
22852383333.3,-75.69807447823737
22857381666.7,-75.32821685750285
22862380000.0,-76.91680922981956
22867378333.3,-79.59972948087245
22872376666.7,-78.49015144063463
22877375000.0,-80.91318036912854
22882373333.3,-77.31401740900185
22887371666.7,-77.28217349355616
22892370000.0,-79.77966835635797
22897368333.3,-77.7969775444509
22902366666.7,-78.22817879504738
22907365000.0,-75.57683023040342
22912363333.3,-80.8664895698959
22917361666.7,-76.37050104639651
22922360000.0,-76.37445168058915
22927358333.3,-79.60273607993061
22932356666.7,-78.52116817332566
22937355000.0,-73.60045719670437
22942353333.3,-77.66731476649743
22947351666.7,-74.34587752325056
22952350000.0,-81.7744719648372
22957348333.3,-77.98875796834096
22962346666.7,-77.69967164350109
22967345000.0,-76.63924710966474
22972343333.3,-81.27129765740247
22977341666.7,-75.80798579745242
22982340000.0,-78.65904655418889
22987338333.3,-80.0661403253533
22992336666.7,-77.40649419803454
22997335000.0,-77.96218246170929
23002333333.3,-78.36361324332324
23007331666.7,-76.46568053018119
23012330000.0,-87.76165868424202
23017328333.3,-79.17809986779038
23022326666.7,-76.88172647802799
23027325000.0,-76.83194433827234
23032323333.3,-75.65334353665844
23037321666.7,-78.30928394923458
23042320000.0,-77.55126037400878
23047318333.3,-79.73543856466564
23052316666.7,-76.66656725356597
23057315000.0,-76.17677727860124
23062313333.3,-82.35453618637898
23067311666.7,-76.6998173402572
23072310000.0,-77.1342813671047
23077308333.3,-76.22921598040479
23082306666.7,-78.03248078848743
23087305000.0,-75.91495537938737
23092303333.3,-80.26159282251311
23097301666.7,-77.7397678517488
23102300000.0,-83.15206791990072
23107298333.3,-78.56805317017562
23112296666.7,-78.63951597867202
23117295000.0,-79.17971409716576
23122293333.3,-77.82235930265541
23127291666.7,-76.28981554884133
23132290000.0,-76.66783604507039
23137288333.3,-77.4593057134722
23142286666.7,-78.57653570904442
23147285000.0,-80.4348066286085
23152283333.3,-82.5898440418406
23157281666.7,-78.50489684133827
23162280000.0,-79.03683033089065
23167278333.3,-80.3437644718934
23172276666.7,-80.08707647561947
23177275000.0,-78.31649552137577
23182273333.3,-80.06608431177284
23187271666.7,-83.25851007414464
23192270000.0,-77.11910266005596
23197268333.3,-76.02684770630141
23202266666.7,-75.95855075231283
23207265000.0,-80.15215902108162
23212263333.3,-74.93940352519525
23217261666.7,-79.47395639942167
23222260000.0,-76.57607479067917
23227258333.3,-76.34544872743066
23232256666.7,-79.23222269245645
23237255000.0,-75.35647769551161
23242253333.3,-76.84344175217178
23247251666.7,-79.19190112483521
23252250000.0,-75.38505024760826
23257248333.3,-79.19732130719665
23262246666.7,-77.67129640157914
23267245000.0,-76.2496511218937
23272243333.3,-80.90173243110739
23277241666.7,-78.50722115160855
23282240000.0,-75.95126368389609
23287238333.3,-80.3041765569722
23292236666.7,-76.98817685486398
23297235000.0,-74.47440302189044
23302233333.3,-78.93210856399439
23307231666.7,-75.34871345741684
23312230000.0,-79.57210053550959
23317228333.3,-77.53557322431868
23322226666.7,-81.4692368428456
23327225000.0,-83.7101556383883
23332223333.3,-81.64832359033855
23337221666.7,-77.86458611029721
23342220000.0,-77.43060221816353
23347218333.3,-80.69840925737597
23352216666.7,-77.90917571011838
23357215000.0,-80.99673249026091
23362213333.3,-77.24845932358025
23367211666.7,-79.2883462216041
23372210000.0,-77.73379738368152
23377208333.3,-78.08279460637151
23382206666.7,-82.34193531767502
23387205000.0,-77.16472100182791
23392203333.3,-79.14349342673533
23397201666.7,-79.49285692234557
23402200000.0,-79.45335233090205
23407198333.3,-81.15951550687933
23412196666.7,-78.38149490046004
23417195000.0,-75.89716456256812
23422193333.3,-77.49911574441202
23427191666.7,-78.72458023366649
23432190000.0,-78.97950910284878
23437188333.3,-79.3836890624879
23442186666.7,-80.67662692557388
23447185000.0,-82.20565594863825
23452183333.3,-76.71038546506911
23457181666.7,-82.84416971065495
23462180000.0,-77.23378725826538
23467178333.3,-80.91649149553231
23472176666.7,-77.4369952715711
23477175000.0,-80.22551583908616
23482173333.3,-77.9853701717306
23487171666.7,-76.23006480943666
23492170000.0,-82.2581620519156
23497168333.3,-78.611308499493
23502166666.7,-79.39601349164138
23507165000.0,-75.8148290329759
23512163333.3,-83.81255579590261
23517161666.7,-78.97974571180909
23522160000.0,-76.04225785614618
23527158333.3,-81.64025249802647
23532156666.7,-81.51545439078872
23537155000.0,-85.14978723426042
23542153333.3,-76.81876505958107
23547151666.7,-77.44499853719957
23552150000.0,-75.2551377230889
23557148333.3,-78.0997154167841
23562146666.7,-77.28962636113098
23567145000.0,-79.21671786085709
23572143333.3,-79.27377944640318
23577141666.7,-80.57366235081732
23582140000.0,-78.83992658699368
23587138333.3,-78.6370463045447
23592136666.7,-75.79008499839833
23597135000.0,-78.14720113645627
23602133333.3,-76.05799027086876
23607131666.7,-74.99968698869202
23612130000.0,-78.28322313003824
23617128333.3,-77.84413686302
23622126666.7,-80.76794057390963
23627125000.0,-80.0258370604787
23632123333.3,-79.19987943476308
23637121666.7,-72.96033389414971
23642120000.0,-84.1486351198236
23647118333.3,-77.85899264664552
23652116666.7,-77.80394032537791
23657115000.0,-75.8751946165364
23662113333.3,-80.21181031302541
23667111666.7,-75.12248183689259
23672110000.0,-76.21123946662854
23677108333.3,-81.94131010394942
23682106666.7,-74.49193980807486
23687105000.0,-72.3222822043935
23692103333.3,-79.5698804461836
23697101666.7,-77.09056783512274
23702100000.0,-79.47723854819232
23707098333.3,-80.04424867606653
23712096666.7,-74.4752639894614
23717095000.0,-76.21828765625278
23722093333.3,-78.11072656711822
23727091666.7,-80.11803127271092
23732090000.0,-79.04172246447669
23737088333.3,-76.76945674198367
23742086666.7,-76.65436409848546
23747085000.0,-76.55619819644228
23752083333.3,-77.83866997919853
23757081666.7,-77.4401156429113
23762080000.0,-77.84911533469695
23767078333.3,-75.56993563383188
23772076666.7,-76.70521399831367
23777075000.0,-77.30413237805574
23782073333.3,-76.12211700975242
23787071666.7,-76.27259272353803
23792070000.0,-78.17901766873415
23797068333.3,-76.24420955002758
23802066666.7,-87.85579343929534
23807065000.0,-80.75691556539581
23812063333.3,-77.29693056490997
23817061666.7,-78.54210967089773
23822060000.0,-76.66003563237466
23827058333.3,-75.61803571222431
23832056666.7,-77.56864887642894
23837055000.0,-78.07726780742149
23842053333.3,-82.46635200736102
23847051666.7,-79.15061208075878
23852050000.0,-79.27646369338756
23857048333.3,-77.9200128867856
23862046666.7,-82.32739414938679
23867045000.0,-77.01884658406156
23872043333.3,-72.47478721064509
23877041666.7,-77.55483493371273
23882040000.0,-84.45375394710754
23887038333.3,-78.78281348937685
23892036666.7,-74.5151399577197
23897035000.0,-78.86002044685586
23902033333.3,-81.35741929770603
23907031666.7,-81.90215303317258
23912030000.0,-76.39360076297449
23917028333.3,-79.05408901145591
23922026666.7,-77.7210915818747
23927025000.0,-80.3911303326966
23932023333.3,-78.44445531820836
23937021666.7,-89.24214233115981
23942020000.0,-79.96354969769355
23947018333.3,-77.39271087438583
23952016666.7,-78.47518093656006
23957015000.0,-76.20649806006577
23962013333.3,-77.30469634889795
23967011666.7,-77.70941799649796
23972010000.0,-75.28528762123908
23977008333.3,-79.92665790996926
23982006666.7,-76.9333112498725
23987005000.0,-76.86576065755847
23992003333.3,-75.94255616424721
23997001666.7,-78.22377028341396
24002000000.0,-76.10461053985604
24006998333.3,-81.37494374917208
24011996666.7,-90.19474171382159
24016995000.0,-70.90404942817224
24021993333.3,-71.87819380683543
24026991666.7,-77.30467827023287
24031990000.0,-72.877780953176
24036988333.3,-71.2470825325747
24041986666.7,-69.04537129017976
24046985000.0,-74.47168149232016
24051983333.3,-76.37120595373324
24056981666.7,-71.77388636692672
24061980000.0,-72.4590656063816
24066978333.3,-72.35805603699725
24071976666.7,-81.97892663623853
24076975000.0,-78.39186045003959
24081973333.3,-77.14495318351976
24086971666.7,-75.81958901830546
24091970000.0,-75.1102537925992
24096968333.3,-71.58393738081034
24101966666.7,-66.9350900512278
24106965000.0,-90.84917095758249
24111963333.3,-74.27639169139178
24116961666.7,-86.59283529735208
24121960000.0,-72.6660962969216
24126958333.3,-72.30673909738206
24131956666.7,-74.61774735515195
24136955000.0,-74.3988191826637
24141953333.3,-72.83058189603247
24146951666.7,-72.05464171399215
24151950000.0,-78.35903334887998
24156948333.3,-66.62438574037851
24161946666.7,-77.71596482932537
24166945000.0,-79.39721652733662
24171943333.3,-73.4510409481647
24176941666.7,-68.83246921715708
24181940000.0,-73.03838629599252
24186938333.3,-75.65122510971575
24191936666.7,-83.63000605748744
24196935000.0,-69.51398102162416
24201933333.3,-73.54803325689291
24206931666.7,-77.39271626387735
24211930000.0,-76.53038992584821
24216928333.3,-72.59198389948394
24221926666.7,-74.7188857759104
24226925000.0,-76.0748567270231
24231923333.3,-74.22414093933797
24236921666.7,-79.72090945098299
24241920000.0,-71.61214648152252
24246918333.3,-77.74085730385089
24251916666.7,-78.7159227196452
24256915000.0,-72.41008197523396
24261913333.3,-76.55793524485291
24266911666.7,-78.57856664056226
24271910000.0,-72.27477415549836
24276908333.3,-78.65853794568181
24281906666.7,-83.1868712717498
24286905000.0,-69.71731846116073
24291903333.3,-74.30739837753988
24296901666.7,-74.05080723396858
24301900000.0,-71.92131246934308
24306898333.3,-74.64909659683454
24311896666.7,-72.56150880140709
24316895000.0,-74.83715269326063
24321893333.3,-72.12801967835178
24326891666.7,-86.46465014255827
24331890000.0,-80.27783302612532
24336888333.3,-71.72793020267136
24341886666.7,-80.51829761988466
24346885000.0,-71.14331177695745
24351883333.3,-70.39505924952232
24356881666.7,-76.77393153558381
24361880000.0,-83.34867502415435
24366878333.3,-77.81784141194188
24371876666.7,-78.59497110372183
24376875000.0,-76.6181010075038
24381873333.3,-73.63875961396911
24386871666.7,-82.45256958195358
24391870000.0,-83.79006501951879
24396868333.3,-71.98754461152848
24401866666.7,-77.24488451053317
24406865000.0,-73.16029674146395
24411863333.3,-69.61579070737508
24416861666.7,-69.46286336511997
24421860000.0,-72.1093157089929
24426858333.3,-85.92692267533033
24431856666.7,-75.37913150042115
24436855000.0,-87.2253838685659
24441853333.3,-74.3011841549177
24446851666.7,-96.08594118689112
24451850000.0,-74.30737274466455
24456848333.3,-71.04583701392909
24461846666.7,-82.28597414484139
24466845000.0,-67.75251794417063
24471843333.3,-75.83725993188877
24476841666.7,-71.6287345374739
24481840000.0,-77.50646839734233
24486838333.3,-82.22372341259579
24491836666.7,-76.0662918927818
24496835000.0,-93.34039721609726
24501833333.3,-76.8246066423397
24506831666.7,-74.97540089197159
24511830000.0,-72.73282631650336
24516828333.3,-73.8257253820463
24521826666.7,-74.13722103574953
24526825000.0,-76.50908670423692
24531823333.3,-71.21697754298866
24536821666.7,-79.19374117818853
24541820000.0,-75.31946202328785
24546818333.3,-72.20501311661869
24551816666.7,-74.39607404525111
24556815000.0,-73.53130362405578
24561813333.3,-72.06295473181629
24566811666.7,-70.73047044064378
24571810000.0,-72.55187801500882
24576808333.3,-74.39136262669496
24581806666.7,-86.34834489580372
24586805000.0,-87.65127602753834
24591803333.3,-72.72848019722272
24596801666.7,-81.05768621814184
24601800000.0,-74.04434278942266
24606798333.3,-75.85793312624415
24611796666.7,-69.99239946755483
24616795000.0,-73.08925920790668
24621793333.3,-70.87366312979643
24626791666.7,-70.1149526093519
24631790000.0,-74.17571551189262
24636788333.3,-76.42445185998584
24641786666.7,-71.75460656024624
24646785000.0,-73.34786731650055
24651783333.3,-73.39164001518236
24656781666.7,-73.13146312760003
24661780000.0,-70.83298318663522
24666778333.3,-71.45138067852207
24671776666.7,-77.10477349359738
24676775000.0,-82.7512921366897
24681773333.3,-69.9080478341171
24686771666.7,-98.73669736490652
24691770000.0,-84.89074917033237
24696768333.3,-69.27688110572925
24701766666.7,-68.30152856305635
24706765000.0,-72.88629304918561
24711763333.3,-80.36586779478094
24716761666.7,-83.0273451491125
24721760000.0,-70.8953519837925
24726758333.3,-78.16111244495976
24731756666.7,-72.51119989754673
24736755000.0,-78.62202423210448
24741753333.3,-82.99681077801205
24746751666.7,-72.02247853946831
24751750000.0,-70.0165246299956
24756748333.3,-81.0582393621417
24761746666.7,-79.14400593404329
24766745000.0,-74.59548276666486
24771743333.3,-74.02968346606983
24776741666.7,-85.95925301600495
24781740000.0,-74.06082769601224
24786738333.3,-78.08550136684626
24791736666.7,-72.82995720159246
24796735000.0,-71.2673350636864
24801733333.3,-74.1745887819242
24806731666.7,-78.0409213366487
24811730000.0,-76.35304597010536
24816728333.3,-70.87936310341455
24821726666.7,-70.6549565389945
24826725000.0,-69.5963867508501
24831723333.3,-69.81227623443702
24836721666.7,-75.75816485295343
24841720000.0,-73.57268759534384
24846718333.3,-73.28238693114736
24851716666.7,-86.77380502474115
24856715000.0,-80.27751590238034
24861713333.3,-72.49770150410696
24866711666.7,-72.63416051662557
24871710000.0,-75.99948027523868
24876708333.3,-78.32441007015788
24881706666.7,-75.47248252558242
24886705000.0,-74.69754405698272
24891703333.3,-74.89960317965483
24896701666.7,-70.05814117105899
24901700000.0,-76.84161901494629
24906698333.3,-75.45360569935525
24911696666.7,-71.45774807338051
24916695000.0,-77.20268230587548
24921693333.3,-77.7427979501964
24926691666.7,-72.44669808829572
24931690000.0,-83.60023504881981
24936688333.3,-87.65601474842248
24941686666.7,-74.34770310620351
24946685000.0,-76.52250674261641
24951683333.3,-81.65413030475072
24956681666.7,-75.27725266046909
24961680000.0,-74.60025966683224
24966678333.3,-82.07273187129144
24971676666.7,-87.2741427565158
24976675000.0,-72.66488993846852
24981673333.3,-77.41527475440111
24986671666.7,-74.63286022481253
24991670000.0,-80.1398392184651
24996668333.3,-85.14880465484202
25001666666.7,-70.51174145821244
25006665000.0,-74.45792627301654
25011663333.3,-83.7572132113941
25016661666.7,-73.43691477542849
25021660000.0,-74.64314209117151
25026658333.3,-72.51476685746897
25031656666.7,-79.09523431328071
25036655000.0,-78.478949270833
25041653333.3,-81.45041552401057
25046651666.7,-80.6630990531815
25051650000.0,-70.47807390910037
25056648333.3,-71.76364243382916
25061646666.7,-74.19120751296772
25066645000.0,-76.00545761349979
25071643333.3,-78.14660775972676
25076641666.7,-76.75600118049344
25081640000.0,-70.7388262206126
25086638333.3,-76.4803507342874
25091636666.7,-82.90985895432762
25096635000.0,-76.51515670623768
25101633333.3,-71.54482799956196
25106631666.7,-70.15410700581073
25111630000.0,-78.47619147038776
25116628333.3,-79.97259261889698
25121626666.7,-72.15724529800897
25126625000.0,-72.97814446688561
25131623333.3,-70.01744270807743
25136621666.7,-73.15494352401478
25141620000.0,-77.57207850107976
25146618333.3,-81.47193020803957
25151616666.7,-87.34258660030787
25156615000.0,-80.3424099776012
25161613333.3,-76.76154428471277
25166611666.7,-72.10547651650006
25171610000.0,-73.47559183434116
25176608333.3,-75.52551595735696
25181606666.7,-93.16078948530998
25186605000.0,-75.95764582696013
25191603333.3,-73.4276933175817
25196601666.7,-67.98068831905573
25201600000.0,-74.21549846610263
25206598333.3,-75.74805503987129
25211596666.7,-76.35453666333643
25216595000.0,-74.36154182775665
25221593333.3,-73.85405514451082
25226591666.7,-82.89632431490733
25231590000.0,-75.294137291084
25236588333.3,-71.0723866425025
25241586666.7,-79.4432713345862
25246585000.0,-80.7918104735957
25251583333.3,-71.83345448811836
25256581666.7,-71.53527101650349
25261580000.0,-75.23303289159692
25266578333.3,-73.93967518105511
25271576666.7,-71.35090412529662
25276575000.0,-98.9672755136495
25281573333.3,-92.00465817528661
25286571666.7,-75.40674334187786
25291570000.0,-74.28791650955903
25296568333.3,-76.14523178911553
25301566666.7,-88.73308115705288
25306565000.0,-81.41926451043352
25311563333.3,-72.16151455139406
25316561666.7,-76.24851426275892
25321560000.0,-81.83948604595832
25326558333.3,-79.9784406998185
25331556666.7,-69.83586904905411
25336555000.0,-76.01405440036623
25341553333.3,-75.86487215188897
25346551666.7,-76.88686555972664
25351550000.0,-86.85717745262215
25356548333.3,-78.10299489893751
25361546666.7,-74.02626781355893
25366545000.0,-79.12879133269031
25371543333.3,-78.91622718890147
25376541666.7,-77.18961536887136
25381540000.0,-80.96238907308198
25386538333.3,-81.96040297670297
25391536666.7,-78.21813336820603
25396535000.0,-83.70651674666507
25401533333.3,-73.94165463111358
25406531666.7,-75.262224291463
25411530000.0,-74.52123836042658
25416528333.3,-92.76240266963492
25421526666.7,-72.55521508669781
25426525000.0,-75.89667151042606
25431523333.3,-70.45395092203884
25436521666.7,-75.44285933408509
25441520000.0,-75.89885288874021
25446518333.3,-80.130871302418
25451516666.7,-73.97623013440591
25456515000.0,-69.19416303247479
25461513333.3,-78.86140201759733
25466511666.7,-73.08290371448282
25471510000.0,-89.18776035156137
25476508333.3,-74.33634346851946
25481506666.7,-79.9117134818506
25486505000.0,-82.42761691384615
25491503333.3,-71.32896097118649
25496501666.7,-80.86330684760381
25501500000.0,-76.54801294760927
25506498333.3,-75.94842035701087
25511496666.7,-72.87576900579728
25516495000.0,-77.01402831671092
25521493333.3,-74.37538295190507
25526491666.7,-76.68369340579406
25531490000.0,-77.30964166957106
25536488333.3,-71.58346915317455
25541486666.7,-81.05493529316222
25546485000.0,-79.2968989119978
25551483333.3,-72.1608564237753
25556481666.7,-77.05729696312838
25561480000.0,-77.67240372187202
25566478333.3,-72.51773176298215
25571476666.7,-72.90115513250424
25576475000.0,-71.17690109799047
25581473333.3,-74.7472896698065
25586471666.7,-76.0922067947553
25591470000.0,-73.09147611059387
25596468333.3,-75.47307807633041
25601466666.7,-80.70771172448937
25606465000.0,-79.73656980082471
25611463333.3,-73.33415898710948
25616461666.7,-69.64850788245037
25621460000.0,-80.90368741799658
25626458333.3,-79.7913797361046
25631456666.7,-73.67009542682307
25636455000.0,-71.45919042182021
25641453333.3,-72.43101767162352
25646451666.7,-72.79021221531194
25651450000.0,-71.79588173730866
25656448333.3,-86.31425638435886
25661446666.7,-79.82363630525634
25666445000.0,-72.6745677688218
25671443333.3,-69.8387430206362
25676441666.7,-94.40915790548557
25681440000.0,-73.39883110446888
25686438333.3,-75.78505891877232
25691436666.7,-72.59136845091047
25696435000.0,-77.97326660700224
25701433333.3,-80.24976156906587
25706431666.7,-73.79962746768503
25711430000.0,-68.30127384020531
25716428333.3,-72.63088867626303
25721426666.7,-71.25203988658609
25726425000.0,-71.44704406448695
25731423333.3,-68.03160987670782
25736421666.7,-81.51529800891922
25741420000.0,-71.72827072568053
25746418333.3,-74.47868822807499
25751416666.7,-70.07593676496052
25756415000.0,-71.66033925278101
25761413333.3,-77.57734909201302
25766411666.7,-76.3868673354174
25771410000.0,-72.14083263287498
25776408333.3,-78.59257325056824
25781406666.7,-81.26932104964504
25786405000.0,-74.85563575793086
25791403333.3,-86.83146477802842
25796401666.7,-70.90053548015733
25801400000.0,-77.74257049364803
25806398333.3,-74.63603086779767
25811396666.7,-69.98723211275029
25816395000.0,-72.98199617906077
25821393333.3,-95.05492095488594
25826391666.7,-71.03010877245015
25831390000.0,-71.97879226862729
25836388333.3,-77.3459695843812
25841386666.7,-74.40627043999716
25846385000.0,-72.46996380944437
25851383333.3,-76.73972378605148
25856381666.7,-70.59668801740953
25861380000.0,-75.28067560038848
25866378333.3,-77.40192652800926
25871376666.7,-71.9664488832197
25876375000.0,-80.77830069435984
25881373333.3,-84.23316038700676
25886371666.7,-69.77978284631114
25891370000.0,-69.38116271711407
25896368333.3,-76.41091021858153
25901366666.7,-77.34797961031134
25906365000.0,-74.83009808095414
25911363333.3,-78.90484672048318
25916361666.7,-76.24421623382379
25921360000.0,-74.26675587084634
25926358333.3,-72.23565243423833
25931356666.7,-72.51879752142764
25936355000.0,-78.73422905802616
25941353333.3,-72.59301369462202
25946351666.7,-69.57824357947851
25951350000.0,-81.81825637654158
25956348333.3,-77.44467867137432
25961346666.7,-77.89802363316656
25966345000.0,-77.00087167982241
25971343333.3,-86.4118078881597
25976341666.7,-76.03664248347263
25981340000.0,-73.99393835972855
25986338333.3,-77.55346912626177
25991336666.7,-70.58835023035677
25996335000.0,-77.67701496534792
26001333333.3,-77.94863743832276
26006331666.7,-85.36241717259713
26011330000.0,-70.43969991301957
26016328333.3,-73.72686459771691
26021326666.7,-71.23695486478462
26026325000.0,-73.02924062778362
26031323333.3,-75.3000585242335
26036321666.7,-69.39145886719105
26041320000.0,-76.77656932100003
26046318333.3,-79.20112592690424
26051316666.7,-86.47744023440194
26056315000.0,-77.42698018663707
26061313333.3,-67.42125213818444
26066311666.7,-72.93940732445341
26071310000.0,-79.70625023046642
26076308333.3,-88.61426897530158
26081306666.7,-79.36685567341034
26086305000.0,-80.00701045181081
26091303333.3,-70.03617536830765
26096301666.7,-78.08798065745898
26101300000.0,-76.60260788531842
26106298333.3,-89.57346179609908
26111296666.7,-75.84846466796014
26116295000.0,-75.08833289249952
26121293333.3,-77.12214363162556
26126291666.7,-70.50431993840665
26131290000.0,-73.65298361468999
26136288333.3,-74.52748542039696
26141286666.7,-84.30049698129022
26146285000.0,-76.77586848703129
26151283333.3,-73.65023069110993
26156281666.7,-71.61588907580989
26161280000.0,-75.16045260387541
26166278333.3,-74.05784912133974
26171276666.7,-85.78304477278724
26176275000.0,-76.10312152404674
26181273333.3,-77.93382942907238
26186271666.7,-68.63073649845705
26191270000.0,-73.16195820554637
26196268333.3,-76.887238111165
26201266666.7,-79.94352360144246
26206265000.0,-73.320737564961
26211263333.3,-76.24842904633611
26216261666.7,-86.36891887010756
26221260000.0,-87.50919279309707
26226258333.3,-73.70372208749987
26231256666.7,-77.06660558578797
26236255000.0,-76.24248584762714
26241253333.3,-77.40070715650586
26246251666.7,-75.50544986119876
26251250000.0,-74.15854588591418
26256248333.3,-84.18515858850348
26261246666.7,-72.77126791526216
26266245000.0,-74.81385179624239
26271243333.3,-76.06381155942864
26276241666.7,-68.67636635456114
26281240000.0,-70.86573558387188
26286238333.3,-72.70196347329284
26291236666.7,-71.09577686575572
26296235000.0,-73.05310511192431
26301233333.3,-73.88196003541849
26306231666.7,-67.67461041727773
26311230000.0,-87.78584730561747
26316228333.3,-77.61007122497179
26321226666.7,-92.82666150859534
26326225000.0,-82.9596396209873
26331223333.3,-75.70738940097586
26336221666.7,-75.02028959474151
26341220000.0,-73.23282787188052
26346218333.3,-70.53483819139656
26351216666.7,-71.1104293451074
26356215000.0,-79.55877554193594
26361213333.3,-74.44324056232519
26366211666.7,-78.88850624663367
26371210000.0,-76.57999652312888
26376208333.3,-72.35471836403613
26381206666.7,-75.39823610207863
26386205000.0,-69.355106817536
26391203333.3,-76.33357638001142
26396201666.7,-74.86160083745771
26401200000.0,-71.49321891987755
26406198333.3,-72.80453142773327
26411196666.7,-71.92649421423334
26416195000.0,-76.42583407352654
26421193333.3,-71.38860005011685
26426191666.7,-74.5402665957596
26431190000.0,-80.938785657089
26436188333.3,-70.24310981831184
26441186666.7,-77.46357172771093
26446185000.0,-80.18664979908519
26451183333.3,-72.72323366732864
26456181666.7,-73.41126061519515
26461180000.0,-90.48437449396879
26466178333.3,-83.70141955419813
26471176666.7,-78.40568454517961
26476175000.0,-71.23902929241608
26481173333.3,-70.87509460589403
26486171666.7,-78.76374533141131
26491170000.0,-90.11642196335634
26496168333.3,-82.99727134812146
26501166666.7,-78.34599179472556
26506165000.0,-69.97495907235191
26511163333.3,-73.95058271525924
26516161666.7,-74.10723832262144
26521160000.0,-72.67574818785295
26526158333.3,-82.19779490890444
26531156666.7,-71.45002469146598
26536155000.0,-80.30212151166474
26541153333.3,-72.76565854056072
26546151666.7,-71.27207688986256
26551150000.0,-75.42329123117595
26556148333.3,-76.71653368517657
26561146666.7,-72.19329338674177
26566145000.0,-76.0205701474607
26571143333.3,-66.57956785421024
26576141666.7,-81.45292024017851
26581140000.0,-72.87083873187272
26586138333.3,-87.93203286734493
26591136666.7,-77.53202521945963
26596135000.0,-72.70059623101028
26601133333.3,-73.41334190103115
26606131666.7,-79.15608742366149
26611130000.0,-88.82184981554863
26616128333.3,-76.45547929826935
26621126666.7,-78.46946686002828
26626125000.0,-76.72821821788148
26631123333.3,-82.49404179021973
26636121666.7,-73.44279302631675
26641120000.0,-81.52632758391057
26646118333.3,-73.7225493082548
26651116666.7,-75.39999439167255
26656115000.0,-83.53584514007964
26661113333.3,-75.40565783148115
26666111666.7,-76.82399286384828
26671110000.0,-77.02776682029241
26676108333.3,-77.35575380243449
26681106666.7,-73.13882591661049
26686105000.0,-69.9812503999327
26691103333.3,-79.53688987740365
26696101666.7,-72.22902089375803
26701100000.0,-68.4068481363158
26706098333.3,-83.94587149324211
26711096666.7,-72.07754125426042
26716095000.0,-72.00558259757949
26721093333.3,-74.4011891713651
26726091666.7,-70.81195877455346
26731090000.0,-77.00425115599882
26736088333.3,-71.88596702971198
26741086666.7,-77.9938136122948
26746085000.0,-78.11443041083035
26751083333.3,-75.1057860381241
26756081666.7,-69.36628449116111
26761080000.0,-83.14196908558614
26766078333.3,-80.62668886602867
26771076666.7,-79.7283183077354
26776075000.0,-78.13315549559603
26781073333.3,-76.75014094066532
26786071666.7,-81.99693627852537
26791070000.0,-77.19670677995018
26796068333.3,-75.39123793856376
26801066666.7,-73.15295678295547
26806065000.0,-75.46198723906775
26811063333.3,-69.71930971471097
26816061666.7,-72.64142849983457
26821060000.0,-73.16585948513
26826058333.3,-77.32267182053575
26831056666.7,-75.04772040987763
26836055000.0,-73.39465653137164
26841053333.3,-80.84532515262494
26846051666.7,-70.79093663465913
26851050000.0,-67.9836927366712
26856048333.3,-77.79837716242137
26861046666.7,-76.30978225032025
26866045000.0,-71.2966815806446
26871043333.3,-83.05684681665943
26876041666.7,-73.23412490621264
26881040000.0,-71.91022086281676
26886038333.3,-72.77158515895226
26891036666.7,-80.84377691418601
26896035000.0,-67.44484263396376
26901033333.3,-68.60350579604666
26906031666.7,-75.6942464294288
26911030000.0,-73.56780624541122
26916028333.3,-82.29878137515995
26921026666.7,-78.24546968510484
26926025000.0,-76.03816566958673
26931023333.3,-74.86758285340537
26936021666.7,-71.07920373890201
26941020000.0,-80.59547078186205
26946018333.3,-77.82607941508925
26951016666.7,-71.52747549908936
26956015000.0,-89.29886641037575
26961013333.3,-89.25680239107116
26966011666.7,-71.73815019669657
26971010000.0,-73.56504147563786
26976008333.3,-81.43089433681163
26981006666.7,-81.9907373598535
26986005000.0,-84.20009347692792
26991003333.3,-77.26712887930832
26996001666.7,-79.5338746216653
27001000000.0,-78.23143345776042
27005998333.3,-75.85074160351078
27010996666.7,-71.1286741338827
27015995000.0,-75.16298443812312
27020993333.3,-84.06429905391029
27025991666.7,-72.28797847177408
27030990000.0,-86.65554904528527
27035988333.3,-75.81223708729456
27040986666.7,-77.41626635495882
27045985000.0,-79.54922353147288
27050983333.3,-75.29911552605158
27055981666.7,-75.3818419506029
27060980000.0,-73.74772393001271
27065978333.3,-78.8790057048388
27070976666.7,-72.08188409808122
27075975000.0,-72.58689545303218
27080973333.3,-91.80579390056184
27085971666.7,-70.70075042568612
27090970000.0,-73.02465440311131
27095968333.3,-78.19591122887664
27100966666.7,-83.56242224264062
27105965000.0,-86.57766985137685
27110963333.3,-85.67526649365013
27115961666.7,-81.92264927770525
27120960000.0,-73.04407191255979
27125958333.3,-77.02865543218377
27130956666.7,-73.96413214469284
27135955000.0,-75.66204926380934
27140953333.3,-90.82902519767211
27145951666.7,-67.3771723967308
27150950000.0,-76.79371106513157
27155948333.3,-82.1583444239279
27160946666.7,-77.79047148766148
27165945000.0,-76.4250646464823
27170943333.3,-80.39832136094398
27175941666.7,-85.50149082869382
27180940000.0,-73.8345445605387
27185938333.3,-72.57502906880602
27190936666.7,-73.89715082315033
27195935000.0,-76.20640231322406
27200933333.3,-76.10722024289828
27205931666.7,-75.52420563667353
27210930000.0,-79.1480877826776
27215928333.3,-76.75038367359403
27220926666.7,-71.41163702614973
27225925000.0,-77.14190120540937
27230923333.3,-73.17565039651785
27235921666.7,-85.64180209274528
27240920000.0,-68.76852059152054
27245918333.3,-81.3515066284021
27250916666.7,-74.3035083369632
27255915000.0,-83.27865742133406
27260913333.3,-75.47763469417086
27265911666.7,-69.12279290217386
27270910000.0,-80.20479740806519
27275908333.3,-67.4409284941052
27280906666.7,-75.12429735208559
27285905000.0,-78.90655383241567
27290903333.3,-86.81797329651106
27295901666.7,-75.87036425888469
27300900000.0,-71.33197937955858
27305898333.3,-77.36357314060203
27310896666.7,-79.45049819194645
27315895000.0,-76.31438921276613
27320893333.3,-71.31978398133488
27325891666.7,-72.1150893821053
27330890000.0,-79.43510151023537
27335888333.3,-77.166478591062
27340886666.7,-70.92073292883197
27345885000.0,-75.20116809268958
27350883333.3,-79.54609537540428
27355881666.7,-73.77772801119691
27360880000.0,-83.22780491896863
27365878333.3,-78.115149325565
27370876666.7,-77.07173621237703
27375875000.0,-76.81394618699996
27380873333.3,-74.38432146096956
27385871666.7,-78.8287663576289
27390870000.0,-83.10493739878181
27395868333.3,-74.58931136213737
27400866666.7,-72.84740745018138
27405865000.0,-76.08360464950184
27410863333.3,-83.06174730549701
27415861666.7,-77.87693991554609
27420860000.0,-101.78084365375068
27425858333.3,-83.88797566838407
27430856666.7,-74.43595630965595
27435855000.0,-75.69140256914811
27440853333.3,-77.54502664543072
27445851666.7,-78.64531970647985
27450850000.0,-79.26592410330707
27455848333.3,-76.69335337985756
27460846666.7,-86.03809053275643
27465845000.0,-69.84778370945699
27470843333.3,-78.9058052427535
27475841666.7,-81.03989723116985
27480840000.0,-73.72544497158957
27485838333.3,-70.98181115014226
27490836666.7,-76.97092951074738
27495835000.0,-82.83067425108607
27500833333.3,-74.99923773756522
27505831666.7,-79.09398046319711
27510830000.0,-70.00881270217063
27515828333.3,-75.31682902264734
27520826666.7,-72.70203273177516
27525825000.0,-95.67116165753586
27530823333.3,-70.81218589748457
27535821666.7,-70.08477319325108
27540820000.0,-74.6192022341535
27545818333.3,-77.34545269487741
27550816666.7,-73.21934199031497
27555815000.0,-89.10955174257055
27560813333.3,-74.5828153994381
27565811666.7,-70.06458379423226
27570810000.0,-68.76843252221045
27575808333.3,-72.94163491080909
27580806666.7,-75.49886044462788
27585805000.0,-82.78419606472406
27590803333.3,-76.62809479471078
27595801666.7,-73.26127049501012
27600800000.0,-77.53682073906202
27605798333.3,-78.84734668292408
27610796666.7,-75.51298602883372
27615795000.0,-88.6048777045767
27620793333.3,-78.28332808295788
27625791666.7,-72.98781102358859
27630790000.0,-73.30603659702189
27635788333.3,-69.54203239262276
27640786666.7,-72.51841939328295
27645785000.0,-79.71967409946056
27650783333.3,-73.92651621528545
27655781666.7,-83.98819957087167
27660780000.0,-76.30095287763878
27665778333.3,-72.51341235598902
27670776666.7,-73.92139937666167
27675775000.0,-75.50021933603568
27680773333.3,-75.12822774045225
27685771666.7,-68.74421441316025
27690770000.0,-80.71547403167229
27695768333.3,-83.94580126745929
27700766666.7,-72.40793512759264
27705765000.0,-80.03801235487666
27710763333.3,-85.51796120604115
27715761666.7,-73.99770650386466
27720760000.0,-72.49127767983444
27725758333.3,-84.17358309499375
27730756666.7,-73.73877696958172
27735755000.0,-76.04404912796707
27740753333.3,-78.19597538853404
27745751666.7,-85.96900022777311
27750750000.0,-74.63139042042297
27755748333.3,-72.22594323594514
27760746666.7,-72.85306655659365
27765745000.0,-72.60185521482373
27770743333.3,-79.96570074422098
27775741666.7,-72.28269155021401
27780740000.0,-77.52819544234141
27785738333.3,-71.08630692599534
27790736666.7,-71.90649064882263
27795735000.0,-73.05139591556777
27800733333.3,-71.56591344577447
27805731666.7,-76.26650490108547
27810730000.0,-76.29816152281305
27815728333.3,-74.82435333755781
27820726666.7,-73.85916114553565
27825725000.0,-90.7714883502654
27830723333.3,-72.76465718610815
27835721666.7,-77.78552014694861
27840720000.0,-74.27077324012555
27845718333.3,-80.22128778632569
27850716666.7,-73.30408983329087
27855715000.0,-78.89418797181855
27860713333.3,-73.47149021552701
27865711666.7,-90.14976835380827
27870710000.0,-68.5198823092048
27875708333.3,-76.06154015407455
27880706666.7,-69.2887664559605
27885705000.0,-71.71776405883934
27890703333.3,-69.48410187080515
27895701666.7,-83.48186033464692
27900700000.0,-71.21744456349595
27905698333.3,-74.21222660925415
27910696666.7,-66.98306945083475
27915695000.0,-71.50849389407382
27920693333.3,-73.91869269765182
27925691666.7,-76.80917627404071
27930690000.0,-80.4420620888571
27935688333.3,-71.42589008081319
27940686666.7,-83.71910669695845
27945685000.0,-74.55276703419372
27950683333.3,-72.46355980309556
27955681666.7,-78.80353612813579
27960680000.0,-79.39485482348084
27965678333.3,-82.82462877589333
27970676666.7,-73.82470887314842
27975675000.0,-73.86062253532836
27980673333.3,-77.6164912974567
27985671666.7,-82.50419322603949
27990670000.0,-75.75856474067422
27995668333.3,-79.00999298311268
28000666666.7,-80.68059459272838
28005665000.0,-80.32643676779861
28010663333.3,-73.44106709331528
28015661666.7,-77.36570680506725
28020660000.0,-82.77469413202978
28025658333.3,-76.91819394336427
28030656666.7,-77.81026115899849
28035655000.0,-81.14469332128515
28040653333.3,-74.93552018554432
28045651666.7,-76.13419379568266
28050650000.0,-83.15268241199861
28055648333.3,-84.64755772757479
28060646666.7,-72.02338102595948
28065645000.0,-74.69694623310855
28070643333.3,-75.29776729267942
28075641666.7,-81.9365254563303
28080640000.0,-76.79200610219982
28085638333.3,-79.33268084511258
28090636666.7,-73.15625537753512
28095635000.0,-75.7044970544871
28100633333.3,-81.96905017631633
28105631666.7,-71.2463013265735
28110630000.0,-81.21211100264225
28115628333.3,-70.59474149227457
28120626666.7,-78.9850487146427
28125625000.0,-76.19725714914918
28130623333.3,-85.23562466863746
28135621666.7,-71.52378186778306
28140620000.0,-82.67496283786875
28145618333.3,-75.67991634594206
28150616666.7,-76.17844293915886
28155615000.0,-74.63960264482753
28160613333.3,-75.02781218567742
28165611666.7,-78.82678261700835
28170610000.0,-72.75672549099514
28175608333.3,-70.81218053319435
28180606666.7,-78.00580109815671
28185605000.0,-78.98974581332106
28190603333.3,-79.76543418601248
28195601666.7,-77.56742447328735
28200600000.0,-100.48927343242988
28205598333.3,-72.25603860894266
28210596666.7,-89.85872605334683
28215595000.0,-69.56614757937808
28220593333.3,-71.41495862400431
28225591666.7,-78.99275316924913
28230590000.0,-71.6987930653311
28235588333.3,-75.74830972547626
28240586666.7,-74.53753711059443
28245585000.0,-74.29022830587118
28250583333.3,-68.74486765854844
28255581666.7,-82.63381976271512
28260580000.0,-74.65933573585204
28265578333.3,-73.31044139876289
28270576666.7,-78.92896261329827
28275575000.0,-73.50422875664331
28280573333.3,-76.38982408033746
28285571666.7,-69.90057113087443
28290570000.0,-76.16182367964217
28295568333.3,-72.9136599357778
28300566666.7,-78.45501884692885
28305565000.0,-78.18334830907446
28310563333.3,-76.34537418789131
28315561666.7,-72.30923102222823
28320560000.0,-77.08530578846674
28325558333.3,-81.18352841834856
28330556666.7,-73.84310666189286
28335555000.0,-77.62912601778763
28340553333.3,-74.7945564908648
28345551666.7,-80.22548419279403
28350550000.0,-78.19220798290306
28355548333.3,-77.42845100871895
28360546666.7,-69.62004655579007
28365545000.0,-86.78241772399613
28370543333.3,-77.2118840015216
28375541666.7,-76.76622966825197
28380540000.0,-77.06515147183362
28385538333.3,-80.60035378607944
28390536666.7,-76.0776005985894
28395535000.0,-74.87211400065445
28400533333.3,-77.7742540957047
28405531666.7,-86.60688084709092
28410530000.0,-87.99395061297326
28415528333.3,-76.87348840973232
28420526666.7,-73.03857764415675
28425525000.0,-71.85277068229952
28430523333.3,-78.71018765145848
28435521666.7,-87.25077197971133
28440520000.0,-83.63866222309076
28445518333.3,-81.26083048124693
28450516666.7,-71.35324790883644
28455515000.0,-85.14540364950201
28460513333.3,-81.0399232036701
28465511666.7,-73.37284006621361
28470510000.0,-76.00911748586131
28475508333.3,-80.94129862436887
28480506666.7,-76.33165299326991
28485505000.0,-80.48316909087333
28490503333.3,-86.24907881516671
28495501666.7,-77.37402592787083
28500500000.0,-91.72899124878329
28505498333.3,-75.02431478992337
28510496666.7,-81.0970451652027
28515495000.0,-86.79721909556503
28520493333.3,-70.64517769284798
28525491666.7,-81.65081729218014
28530490000.0,-72.3482911179842
28535488333.3,-83.86794314442372
28540486666.7,-74.49467682569158
28545485000.0,-72.55037560184445
28550483333.3,-74.52324586395585
28555481666.7,-79.59131353337857
28560480000.0,-78.07746164092029
28565478333.3,-84.67261972473523
28570476666.7,-78.59041215519309
28575475000.0,-74.00870898741097
28580473333.3,-76.72636199470365
28585471666.7,-73.95822225693347
28590470000.0,-79.89485730323909
28595468333.3,-70.64847392899289
28600466666.7,-73.51886916740983
28605465000.0,-72.35335254664447
28610463333.3,-79.26790893327713
28615461666.7,-81.72389493751977
28620460000.0,-78.70213706216659
28625458333.3,-73.49830670880556
28630456666.7,-73.28216669024488
28635455000.0,-73.06154000335171
28640453333.3,-78.12061448132495
28645451666.7,-69.28801126854792
28650450000.0,-81.18872795623624
28655448333.3,-75.88940377108702
28660446666.7,-78.01970019992665
28665445000.0,-71.9648695498107
28670443333.3,-78.13006284604836
28675441666.7,-72.21243961472099
28680440000.0,-77.88917765386839
28685438333.3,-72.29943399069973
28690436666.7,-70.05165526411065
28695435000.0,-73.31420354913291
28700433333.3,-85.71257673118055
28705431666.7,-73.62002665129478
28710430000.0,-74.3506567919946
28715428333.3,-88.70946494227353
28720426666.7,-74.88972631256259
28725425000.0,-77.6095929401836
28730423333.3,-72.23990483966911
28735421666.7,-72.51668997836512
28740420000.0,-77.37865001814646
28745418333.3,-81.66021039117759
28750416666.7,-74.32359360501458
28755415000.0,-70.95458342334405
28760413333.3,-72.84932002479377
28765411666.7,-70.42093685467474
28770410000.0,-79.75705507394491
28775408333.3,-74.99791191133289
28780406666.7,-76.42803155581348
28785405000.0,-76.14773119863119
28790403333.3,-75.67967912274125
28795401666.7,-77.18231819676464
28800400000.0,-72.17079719089901
28805398333.3,-77.30096756075183
28810396666.7,-76.62108797918026
28815395000.0,-73.57368987056914
28820393333.3,-75.00592831962904
28825391666.7,-73.70044931105907
28830390000.0,-74.68874382230977
28835388333.3,-73.74138321471783
28840386666.7,-76.32714086185138
28845385000.0,-74.5482989178213
28850383333.3,-75.30109243587061
28855381666.7,-72.90584484467574
28860380000.0,-91.55205162027022
28865378333.3,-75.53186897322857
28870376666.7,-74.74250165697975
28875375000.0,-74.59053757562872
28880373333.3,-85.58622125258424
28885371666.7,-78.58617292995869
28890370000.0,-74.58189226367087
28895368333.3,-72.15882488349695
28900366666.7,-73.3087051269126
28905365000.0,-75.3996001730885
28910363333.3,-79.29952888595379
28915361666.7,-76.5159974787434
28920360000.0,-74.59820638418597
28925358333.3,-84.72242103464738
28930356666.7,-70.91982411881108
28935355000.0,-83.98573234266632
28940353333.3,-82.53759756933219
28945351666.7,-76.00361719317296
28950350000.0,-73.66934683980418
28955348333.3,-98.64125584519383
28960346666.7,-75.2777521854132
28965345000.0,-76.53685203190219
28970343333.3,-70.83066104317942
28975341666.7,-74.7526971023904
28980340000.0,-73.27097910981911
28985338333.3,-72.51444839285939
28990336666.7,-73.06110207075287
28995335000.0,-73.52050931622769
29000333333.3,-74.52177263843205
29005331666.7,-86.74564888268499
29010330000.0,-81.62524825266087
29015328333.3,-73.17777759572598
29020326666.7,-87.45474227819948
29025325000.0,-70.33933887672761
29030323333.3,-71.87680690714855
29035321666.7,-89.9048382207551
29040320000.0,-71.82375914209756
29045318333.3,-76.92362940964881
29050316666.7,-71.81211488643999
29055315000.0,-80.63180027922243
29060313333.3,-78.65729455581527
29065311666.7,-79.05994849132229
29070310000.0,-83.62005548272039
29075308333.3,-77.35333473642298
29080306666.7,-76.42023224673856
29085305000.0,-78.95018623353351
29090303333.3,-76.58886706744126
29095301666.7,-82.58145566788025
29100300000.0,-93.98859666987005
29105298333.3,-75.3763512185822
29110296666.7,-79.14250559960892
29115295000.0,-75.71864871479708
29120293333.3,-67.9521761919604
29125291666.7,-83.20278628578181
29130290000.0,-77.26955948931472
29135288333.3,-87.8509064307355
29140286666.7,-82.6357945111529
29145285000.0,-74.46948348374613
29150283333.3,-84.21779565833498
29155281666.7,-75.58184451062034
29160280000.0,-73.03457542799224
29165278333.3,-83.03122726283796
29170276666.7,-82.83341431865776
29175275000.0,-74.5331619927618
29180273333.3,-79.3476145135711
29185271666.7,-78.75552746813736
29190270000.0,-69.49670819594408
29195268333.3,-77.30869730180238
29200266666.7,-79.38488576532666
29205265000.0,-76.7139459015826
29210263333.3,-89.05055363918083
29215261666.7,-75.7883598569936
29220260000.0,-79.87195504212607
29225258333.3,-78.42879821245641
29230256666.7,-74.63208016646489
29235255000.0,-70.89286793510762
29240253333.3,-89.01240378812949
29245251666.7,-79.76001164431624
29250250000.0,-73.67905187025998
29255248333.3,-69.12952170712754
29260246666.7,-71.3546245695787
29265245000.0,-85.56064918437669
29270243333.3,-74.91503741026973
29275241666.7,-73.59702759184813
29280240000.0,-84.78922416540638
29285238333.3,-77.29436115520437
29290236666.7,-75.2772753904377
29295235000.0,-85.97875995272972
29300233333.3,-69.86500129903695
29305231666.7,-79.41044810441308
29310230000.0,-92.1327022952491
29315228333.3,-78.21690791301782
29320226666.7,-80.44688256995332
29325225000.0,-84.22629824849709
29330223333.3,-77.57731083487
29335221666.7,-79.01333277819552
29340220000.0,-76.64060420324469
29345218333.3,-74.18407407447515
29350216666.7,-69.49099727098344
29355215000.0,-95.53084908456893
29360213333.3,-70.8192449978759
29365211666.7,-77.23171515042291
29370210000.0,-75.90126421653264
29375208333.3,-71.06725138545299
29380206666.7,-73.55861085820766
29385205000.0,-75.12111287163415
29390203333.3,-72.13094647528176
29395201666.7,-79.61839741788081
29400200000.0,-80.02157167728761
29405198333.3,-76.71950011665005
29410196666.7,-81.0518175417632
29415195000.0,-73.12827358420829
29420193333.3,-69.50245995484576
29425191666.7,-73.43409884069612
29430190000.0,-77.28902685548309
29435188333.3,-77.04880383371787
29440186666.7,-72.8743780932222
29445185000.0,-80.69657855278513
29450183333.3,-77.44695891161118
29455181666.7,-78.85812355716915
29460180000.0,-78.09607505126715
29465178333.3,-99.7581800606313
29470176666.7,-76.81775393391166
29475175000.0,-74.5217891039551
29480173333.3,-72.35874617658622
29485171666.7,-82.66290654229823
29490170000.0,-69.64675981162
29495168333.3,-84.87052885605905
29500166666.7,-76.83734263080738
29505165000.0,-75.18946187400326
29510163333.3,-78.27035113513239
29515161666.7,-78.0305029893631
29520160000.0,-78.48390698630206
29525158333.3,-78.23192609389051
29530156666.7,-73.26102030359866
29535155000.0,-93.42499850462067
29540153333.3,-84.15147504251514
29545151666.7,-76.42804527317269
29550150000.0,-77.81100786360919
29555148333.3,-80.03990312604473
29560146666.7,-82.37669163269896
29565145000.0,-77.05751934378577
29570143333.3,-75.63060117870276
29575141666.7,-80.86789251302513
29580140000.0,-77.90988129749132
29585138333.3,-77.06392272852719
29590136666.7,-70.66899048024443
29595135000.0,-78.06545680086467
29600133333.3,-74.0349377018593
29605131666.7,-76.9658004428578
29610130000.0,-72.90186271657635
29615128333.3,-71.28333926341932
29620126666.7,-75.94669045353386
29625125000.0,-93.83935190629997
29630123333.3,-75.92880207520294
29635121666.7,-75.10610740829334
29640120000.0,-81.92995816661976
29645118333.3,-73.38655686736946
29650116666.7,-79.1307437110094
29655115000.0,-71.23687691584914
29660113333.3,-76.27945289389454
29665111666.7,-73.23409347170588
29670110000.0,-86.54283042799503
29675108333.3,-79.16904103118907
29680106666.7,-89.47914072737714
29685105000.0,-81.53613605331763
29690103333.3,-82.44368236863642
29695101666.7,-74.38286740106355
29700100000.0,-74.57629231138115
29705098333.3,-73.68270842660652
29710096666.7,-85.835178740588
29715095000.0,-80.02951099895338
29720093333.3,-74.41471949909469
29725091666.7,-74.04150659417
29730090000.0,-74.70449362863235
29735088333.3,-87.58344264311935
29740086666.7,-75.38151404604528
29745085000.0,-84.59854679788465
29750083333.3,-78.34888701001321
29755081666.7,-77.99212629568112
29760080000.0,-76.37072025630685
29765078333.3,-82.5372145552706
29770076666.7,-79.08108378732047
29775075000.0,-83.94764104233361
29780073333.3,-75.9024243987125
29785071666.7,-73.06873156805823
29790070000.0,-78.53260788343457
29795068333.3,-79.00483386228747
29800066666.7,-77.39581796556959
29805065000.0,-77.30613518605486
29810063333.3,-74.40694467397519
29815061666.7,-77.08960504163666
29820060000.0,-71.63714425687759
29825058333.3,-78.9793264433318
29830056666.7,-73.07893941102391
29835055000.0,-69.53056420667599
29840053333.3,-91.96154000779238
29845051666.7,-75.47930177921408
29850050000.0,-75.54548431546324
29855048333.3,-83.35513163725258
29860046666.7,-71.58715513812805
29865045000.0,-73.05897618009243
29870043333.3,-75.91666503520726
29875041666.7,-71.58662640649692
29880040000.0,-82.57020667459686
29885038333.3,-77.00633899042315
29890036666.7,-75.76064460679495
29895035000.0,-70.98922519368118
29900033333.3,-77.85077073291926
29905031666.7,-76.32537956114035
29910030000.0,-72.20769013980049
29915028333.3,-72.75891239562385
29920026666.7,-79.13474894527442
29925025000.0,-78.04756577676501
29930023333.3,-75.28400387488473
29935021666.7,-80.6010557147156
29940020000.0,-79.47247463175887
29945018333.3,-79.21299918709964
29950016666.7,-78.27381723257983
29955015000.0,-79.01395044468944
29960013333.3,-75.43606750758761
29965011666.7,-75.16329403020475
29970010000.0,-75.56227394042553
29975008333.3,-80.69262911780632
29980006666.7,-74.80680913312797
29985005000.0,-73.32557330700234
29990003333.3,-71.8529388830874
29995001666.7,-80.22083939923425
30000000000.0,-78.49964449096815
