Frequency_Hz,Magnitude_dB
10000000.0,-63.31167404526451
14998333.3333,-61.04942682411345
19996666.6667,-68.63743860880335
24995000.0,-76.28986046958931
29993333.3333,-65.76021341173846
34991666.6667,-82.03216827402274
39990000.0,-66.61072492701307
44988333.3333,-69.46399742483464
49986666.6667,-69.30721510326593
54985000.0,-66.6878288242247
59983333.3333,-64.33187759864371
64981666.6667,-70.64369146175656
69980000.0,-65.08232686622871
74978333.3333,-69.29926109790875
79976666.6667,-85.93310157607199
84975000.0,-69.77844227450574
89973333.3333,-86.94073760805642
94971666.6667,-72.83212001269013
99970000.0,-70.75183980470734
104968333.333,-68.60345593325017
109966666.667,-69.98034137343532
114965000.0,-69.59865252134773
119963333.333,-75.45404241414872
124961666.667,-67.63137728795932
129960000.0,-71.34898619067103
134958333.333,-69.94990577788343
139956666.667,-68.39140840461981
144955000.0,-68.08885261509138
149953333.333,-68.670253895535
154951666.667,-68.68405415175948
159950000.0,-72.6641118598131
164948333.333,-69.18792623480454
169946666.667,-65.78322024045298
174945000.0,-68.77905111657803
179943333.333,-70.56355810663655
184941666.667,-69.01515017883024
189940000.0,-70.38264760693517
194938333.333,-72.10259104570946
199936666.667,-73.58709632386893
204935000.0,-67.85399233771285
209933333.333,-68.8278989060316
214931666.667,-70.0427022333132
219930000.0,-65.0851329896825
224928333.333,-67.77407841036657
229926666.667,-66.81115060413978
234925000.0,-69.25330337439317
239923333.333,-66.56417025195945
244921666.667,-66.97220854144665
249920000.0,-68.39993829145071
254918333.333,-65.46918599363602
259916666.667,-67.86312115784173
264915000.0,-67.54474549586809
269913333.333,-67.37028156742281
274911666.667,-66.43017452127927
279910000.0,-66.89116673244871
284908333.333,-66.61023154349932
289906666.667,-66.9938980818221
294905000.0,-66.08378509675991
299903333.333,-66.9765675431889
304901666.667,-67.1765251800031
309900000.0,-66.1751905206362
314898333.333,-64.08657189465953
319896666.667,-65.99423358410476
324895000.0,-64.00806053493626
329893333.333,-65.61788703972637
334891666.667,-67.29016242983381
339890000.0,-64.66322680747987
344888333.333,-65.3013005465196
349886666.667,-62.99614162426014
354885000.0,-65.42508536201385
359883333.333,-66.0594657803267
364881666.667,-65.37781518350754
369880000.0,-65.02694590100617
374878333.333,-63.958457228452936
379876666.667,-64.4054276996969
384875000.0,-63.10246639957051
389873333.333,-64.43852832691039
394871666.667,-64.75974197496802
399870000.0,-62.10314843575719
404868333.333,-65.71513390994967
409866666.667,-63.42298100471737
414865000.0,-64.75593444018286
419863333.333,-63.05892885493894
424861666.667,-63.91107181554574
429860000.0,-62.89458049702337
434858333.333,-65.05533361171358
439856666.667,-62.79241357088476
444855000.0,-64.51374369836275
449853333.333,-62.43245906440915
454851666.667,-62.93773779751315
459850000.0,-62.477904104870305
464848333.333,-64.27058524775379
469846666.667,-63.1639020782811
474845000.0,-62.5699618412513
479843333.333,-63.19325229263427
484841666.667,-62.63008701934745
489840000.0,-61.773864894049176
494838333.333,-61.1706034155123
499836666.667,-62.01000891716751
504835000.0,-62.922615245958724
509833333.333,-63.49196552823138
514831666.667,-61.78774011605281
519830000.0,-61.47030451549376
524828333.333,-61.60572403709424
529826666.667,-61.686229604816
534825000.0,-61.685797074059465
539823333.333,-61.60705761114946
544821666.667,-60.91926232307192
549820000.0,-60.886143917308566
554818333.333,-61.42801045648105
559816666.667,-61.255392745717536
564815000.0,-60.29222317380202
569813333.333,-61.64046553692039
574811666.667,-60.89269531959212
579810000.0,-61.42628111676133
584808333.333,-61.28451555283485
589806666.667,-60.74327441190753
594805000.0,-59.730998179197385
599803333.333,-60.795567982931956
604801666.667,-60.84606942029099
609800000.0,-60.99917540803623
614798333.333,-60.607160810958014
619796666.667,-60.98290518435998
624795000.0,-60.44071745184631
629793333.333,-60.171528296387265
634791666.667,-60.517905222270855
639790000.0,-59.74693665407883
644788333.333,-60.08294779401818
649786666.667,-60.640584046961294
654785000.0,-59.73662670834226
659783333.333,-59.426110423919795
664781666.667,-58.92117409714541
669780000.0,-60.139287503757195
674778333.333,-59.328493214001256
679776666.667,-59.74413359194267
684775000.0,-59.60056166938437
689773333.333,-60.44888076444359
694771666.667,-59.05739469045963
699770000.0,-59.14865120098483
704768333.333,-59.254721999436704
709766666.667,-59.27062625067861
714765000.0,-59.0037405606708
719763333.333,-58.62330228969612
724761666.667,-58.94812207113528
729760000.0,-59.25537927883901
734758333.333,-59.10529717824833
739756666.667,-58.912785752407345
744755000.0,-59.063444034172655
749753333.333,-58.67525461302001
754751666.667,-58.24471000909198
759750000.0,-59.4957715515345
764748333.333,-58.431793206117234
769746666.667,-58.10750213148648
774745000.0,-58.24353059623317
779743333.333,-58.34152976787421
784741666.667,-57.98430052081293
789740000.0,-58.26277765265473
794738333.333,-58.596755152846
799736666.667,-58.47416678625508
804735000.0,-58.49571740592815
809733333.333,-58.29841316154372
814731666.667,-58.237792038849044
819730000.0,-58.490423219754284
824728333.333,-58.261762900742355
829726666.667,-57.7908113869364
834725000.0,-57.90324137186691
839723333.333,-58.360099958746964
844721666.667,-57.86132119179311
849720000.0,-58.403401537069186
854718333.333,-57.58434278598534
859716666.667,-57.646998864543974
864715000.0,-57.90639117221974
869713333.333,-56.85964723324021
874711666.667,-57.73336619108495
879710000.0,-57.71603821939206
884708333.333,-57.56741455279276
889706666.667,-57.564550178191276
894705000.0,-56.97961808671672
899703333.333,-57.57203617422888
904701666.667,-57.119248457214944
909700000.0,-57.23992103960256
914698333.333,-56.973819711135874
919696666.667,-57.40776231383401
924695000.0,-56.6417118061928
929693333.333,-56.99177712765329
934691666.667,-56.86975672518245
939690000.0,-56.487491486343515
944688333.333,-56.701791312403785
949686666.667,-56.854164823601025
954685000.0,-56.532028221563344
959683333.333,-56.43923637376606
964681666.667,-56.3961308005121
969680000.0,-56.17561238754111
974678333.333,-56.19198029534108
979676666.667,-56.282137247383154
984675000.0,-56.22276617361774
989673333.333,-56.19733075363763
994671666.667,-55.81338241007757
999670000.0,-55.85131406785807
1004668333.33,-56.72304301694054
1009666666.67,-56.60510072233806
1014665000.0,-56.6379698825845
1019663333.33,-56.26657815104325
1024661666.67,-56.693441470301906
1029660000.0,-56.18564722161737
1034658333.33,-56.37341863957475
1039656666.67,-56.34009031032433
1044655000.0,-56.207368108693345
1049653333.33,-55.99857206231191
1054651666.67,-56.0861027855691
1059650000.0,-56.12634342632619
1064648333.33,-56.06838738413045
1069646666.67,-55.71002695917776
1074645000.0,-55.88354688259395
1079643333.33,-55.92073786813327
1084641666.67,-55.5398451205471
1089640000.0,-55.801300936638214
1094638333.33,-56.00356358132173
1099636666.67,-56.11664983476757
1104635000.0,-56.12209303658031
1109633333.33,-55.851628384723185
1114631666.67,-55.86036149314352
1119630000.0,-55.68294969021718
1124628333.33,-55.384961304657935
1129626666.67,-55.72292663957239
1134625000.0,-55.54017367505763
1139623333.33,-55.536111804545044
1144621666.67,-55.4574804062799
1149620000.0,-55.36729644129438
1154618333.33,-55.1571690506056
1159616666.67,-54.99634341827896
1164615000.0,-55.08610259944538
1169613333.33,-55.33377835077391
1174611666.67,-55.19344416187049
1179610000.0,-54.87742022447176
1184608333.33,-54.77063883382904
1189606666.67,-55.135891221542146
1194605000.0,-54.740730542298444
1199603333.33,-54.891036211631715
1204601666.67,-54.69953688355821
1209600000.0,-54.544086718036944
1214598333.33,-54.59817761893027
1219596666.67,-54.57462324486063
1224595000.0,-54.32095193287403
1229593333.33,-54.44586970780794
1234591666.67,-54.21425572386964
1239590000.0,-54.260023483733015
1244588333.33,-54.27199772493695
1249586666.67,-54.158448289877626
1254585000.0,-54.132620422584054
1259583333.33,-53.75389428685163
1264581666.67,-53.940034673587974
1269580000.0,-53.799093849286656
1274578333.33,-54.144046084172864
1279576666.67,-54.18494174780918
1284575000.0,-53.53271853586026
1289573333.33,-53.595355979803124
1294571666.67,-53.50101920019632
1299570000.0,-53.77242978830261
1304568333.33,-53.6510699597433
1309566666.67,-53.781028682245584
1314565000.0,-53.39741222653046
1319563333.33,-53.65764658982304
1324561666.67,-53.86010504168651
1329560000.0,-53.58236919153732
1334558333.33,-53.45426610449975
1339556666.67,-53.514971527139636
1344555000.0,-53.69875761065352
1349553333.33,-53.69647572676889
1354551666.67,-53.48399833268016
1359550000.0,-53.32158380758588
1364548333.33,-53.36623279278109
1369546666.67,-53.62667329275456
1374545000.0,-53.52842545288012
1379543333.33,-53.36887360329479
1384541666.67,-53.685392975397235
1389540000.0,-53.196681057791906
1394538333.33,-53.14012085850826
1399536666.67,-53.306216026230224
1404535000.0,-53.21689719333393
1409533333.33,-53.349286862662154
1414531666.67,-53.57542530967546
1419530000.0,-53.24194058754102
1424528333.33,-53.18106190141232
1429526666.67,-52.870446279319864
1434525000.0,-53.017303093971364
1439523333.33,-53.000896926132214
1444521666.67,-53.152975096269074
1449520000.0,-52.88976512714057
1454518333.33,-52.9627505189513
1459516666.67,-52.22685834251596
1464515000.0,-52.66290097402142
1469513333.33,-52.49078646868716
1474511666.67,-52.57798036641178
1479510000.0,-52.65258559836384
1484508333.33,-52.369884231749175
1489506666.67,-52.400599081968096
1494505000.0,-52.49540124962965
1499503333.33,-52.38609850982754
1504501666.67,-52.30159190558025
1509500000.0,-52.35826824829462
1514498333.33,-51.95667118077946
1519496666.67,-52.01710323177391
1524495000.0,-52.134150644846564
1529493333.33,-52.00259962055891
1534491666.67,-52.069608596660814
1539490000.0,-51.94622631179578
1544488333.33,-52.04657770186313
1549486666.67,-52.10172381400423
1554485000.0,-52.04772922786242
1559483333.33,-52.0725336837357
1564481666.67,-51.75884337321685
1569480000.0,-51.88526413134005
1574478333.33,-52.06397692455962
1579476666.67,-51.8608202277941
1584475000.0,-51.904273068199835
1589473333.33,-51.72135745809807
1594471666.67,-52.03557712596351
1599470000.0,-51.526133337099765
1604468333.33,-51.89294954660469
1609466666.67,-51.96234939692747
1614465000.0,-51.654975170712916
1619463333.33,-51.82127784714158
1624461666.67,-51.70454202400446
1629460000.0,-51.793648619992126
1634458333.33,-51.632343329938415
1639456666.67,-51.60230384173676
1644455000.0,-51.51028245003697
1649453333.33,-51.67177200217835
1654451666.67,-51.62515420886075
1659450000.0,-51.60330220571964
1664448333.33,-51.5873525374348
1669446666.67,-51.5313945730293
1674445000.0,-51.61334612350786
1679443333.33,-51.82798298319747
1684441666.67,-51.40707863662434
1689440000.0,-51.43036244388864
1694438333.33,-51.401685667136235
1699436666.67,-51.34090668185648
1704435000.0,-51.44165376811125
1709433333.33,-51.289762625852056
1714431666.67,-51.27007192206218
1719430000.0,-51.382635375971944
1724428333.33,-51.26683059599355
1729426666.67,-51.47605643522294
1734425000.0,-51.139095864375406
1739423333.33,-51.15117499555947
1744421666.67,-51.236019980641814
1749420000.0,-51.070705110999945
1754418333.33,-50.99686584923437
1759416666.67,-50.87200087162229
1764415000.0,-50.91074070189883
1769413333.33,-50.9815605715668
1774411666.67,-50.70922452615014
1779410000.0,-50.886716099523426
1784408333.33,-50.97076510244256
1789406666.67,-50.706633552308766
1794405000.0,-50.72071221376887
1799403333.33,-50.907875697319646
1804401666.67,-50.59510917562708
1809400000.0,-50.597609074511006
1814398333.33,-50.80701954754016
1819396666.67,-50.63444890845079
1824395000.0,-50.58932983537617
1829393333.33,-50.78168077579204
1834391666.67,-50.831043164311055
1839390000.0,-50.68676916069403
1844388333.33,-50.65921175842715
1849386666.67,-50.66968103116014
1854385000.0,-50.59259933415659
1859383333.33,-50.53155986457524
1864381666.67,-50.40838974273245
1869380000.0,-50.63014261131429
1874378333.33,-50.595470320589435
1879376666.67,-50.44519782865422
1884375000.0,-50.46491474554247
1889373333.33,-50.41263150569844
1894371666.67,-50.28402943430022
1899370000.0,-50.29507607561339
1904368333.33,-50.37032604336489
1909366666.67,-50.401336781973065
1914365000.0,-50.2576208677678
1919363333.33,-50.25929432922809
1924361666.67,-50.06932122507838
1929360000.0,-50.261614234230294
1934358333.33,-50.05461265846971
1939356666.67,-50.0025790076113
1944355000.0,-49.96780350716033
1949353333.33,-49.86878976935814
1954351666.67,-49.87704361260944
1959350000.0,-49.82839930246682
1964348333.33,-50.01043650582267
1969346666.67,-49.88794723573382
1974345000.0,-49.7324275123436
1979343333.33,-49.736522652009434
1984341666.67,-49.66699700125427
1989340000.0,-49.525847764044435
1994338333.33,-49.75855635435612
1999336666.67,-49.702286757942325
2004335000.0,-49.424183845026036
2009333333.33,-49.59367687840614
2014331666.67,-49.52532870606363
2019330000.0,-49.620260964363794
2024328333.33,-49.46787585444056
2029326666.67,-49.57730365606983
2034325000.0,-49.52078418539759
2039323333.33,-49.78101509717799
2044321666.67,-49.628840066356894
2049320000.0,-49.75300705606458
2054318333.33,-49.545383672055756
2059316666.67,-49.63427652817106
2064315000.0,-49.592428087804464
2069313333.33,-49.68861365427145
2074311666.67,-49.393497050037254
2079310000.0,-49.332101741599665
2084308333.33,-49.21407189151352
2089306666.67,-49.298139580760875
2094305000.0,-49.04896145371073
2099303333.33,-48.98653432328005
2104301666.67,-49.14954028269564
2109300000.0,-49.140283531121646
2114298333.33,-49.06168238341187
2119296666.67,-49.08377603590399
2124295000.0,-48.97426988404411
2129293333.33,-48.9840957241543
2134291666.67,-49.03926797715515
2139290000.0,-48.84058904156366
2144288333.33,-49.01900675058354
2149286666.67,-49.09395257909623
2154285000.0,-48.98808829887755
2159283333.33,-49.06997776944175
2164281666.67,-48.88225092252543
2169280000.0,-48.803629459633974
2174278333.33,-48.761078845354234
2179276666.67,-48.6920306074927
2184275000.0,-48.63794931044012
2189273333.33,-48.57484770605669
2194271666.67,-48.591759215547164
2199270000.0,-48.57587623370079
2204268333.33,-48.50184785672874
2209266666.67,-48.56381944614172
2214265000.0,-48.43654202614439
2219263333.33,-48.55530248281758
2224261666.67,-48.463858829897795
2229260000.0,-48.459456945859074
2234258333.33,-48.310595814709615
2239256666.67,-48.33907255858066
2244255000.0,-48.347215133223216
2249253333.33,-48.34198185918148
2254251666.67,-48.2452726626107
2259250000.0,-48.30242889236607
2264248333.33,-48.057860352943884
2269246666.67,-48.14416628834653
2274245000.0,-48.09655993444711
2279243333.33,-48.169120126995196
2284241666.67,-48.0563550126826
2289240000.0,-47.95999336352068
2294238333.33,-48.045583455447144
2299236666.67,-47.958094534739246
2304235000.0,-48.038747478675134
2309233333.33,-47.9750251817231
2314231666.67,-47.83989307138284
2319230000.0,-48.03073872312987
2324228333.33,-47.96637080499616
2329226666.67,-48.09694824823418
2334225000.0,-47.97117992754664
2339223333.33,-47.80810639479644
2344221666.67,-47.90598980178171
2349220000.0,-47.930227422047224
2354218333.33,-47.84477931087623
2359216666.67,-47.87559592646804
2364215000.0,-47.729483391103216
2369213333.33,-47.71938905475026
2374211666.67,-47.75086681937303
2379210000.0,-47.74301077982706
2384208333.33,-47.593343761664514
2389206666.67,-47.61407247546739
2394205000.0,-47.55971542979444
2399203333.33,-47.48694574649531
2404201666.67,-47.42227921379793
2409200000.0,-47.49108761423045
2414198333.33,-47.22719169755667
2419196666.67,-47.23638388243358
2424195000.0,-47.136327585413085
2429193333.33,-47.11295758422729
2434191666.67,-47.00689818825466
2439190000.0,-46.99633265510709
2444188333.33,-46.91925125303914
2449186666.67,-46.91156034384428
2454185000.0,-46.69937814675241
2459183333.33,-46.70642889398248
2464181666.67,-46.773394544666004
2469180000.0,-46.6939498677888
2474178333.33,-46.76879783022548
2479176666.67,-46.66212311180951
2484175000.0,-46.702411803658464
2489173333.33,-46.63588555306987
2494171666.67,-46.61209117995852
2499170000.0,-46.57084405957989
2504168333.33,-46.57136404287851
2509166666.67,-46.365534866856486
2514165000.0,-46.414357189874956
2519163333.33,-46.279600785989025
2524161666.67,-46.34199109689799
2529160000.0,-46.297094315711114
2534158333.33,-46.24945925152627
2539156666.67,-46.26471428306347
2544155000.0,-46.20150355829246
2549153333.33,-46.21015725860683
2554151666.67,-46.273721152948504
2559150000.0,-46.27650331499967
2564148333.33,-46.214600223454624
2569146666.67,-46.22395307211636
2574145000.0,-46.31396868997909
2579143333.33,-46.36367347184751
2584141666.67,-46.25843095260407
2589140000.0,-46.22581291270087
2594138333.33,-46.14318269854092
2599136666.67,-46.15776685267256
2604135000.0,-46.095083352025014
2609133333.33,-46.1227536674547
2614131666.67,-46.126413146341825
2619130000.0,-46.05689833902502
2624128333.33,-46.09752247954229
2629126666.67,-45.91346948908351
2634125000.0,-45.91051540372776
2639123333.33,-45.886779260587204
2644121666.67,-45.796189126224014
2649120000.0,-45.86234209698403
2654118333.33,-45.8644352626535
2659116666.67,-45.78584620395881
2664115000.0,-45.80758641886986
2669113333.33,-45.783309612601506
2674111666.67,-45.87386927485405
2679110000.0,-45.61244325857019
2684108333.33,-45.70664828474005
2689106666.67,-45.60541761594539
2694105000.0,-45.551563406024684
2699103333.33,-45.6514772100254
2704101666.67,-45.50594183431652
2709100000.0,-45.49083142608677
2714098333.33,-45.426538919436126
2719096666.67,-45.392477579231794
2724095000.0,-45.45503768198921
2729093333.33,-45.34926608980733
2734091666.67,-45.39495399427224
2739090000.0,-45.17663296076681
2744088333.33,-45.222320529858145
2749086666.67,-45.264040104319605
2754085000.0,-45.14966162692177
2759083333.33,-45.21146302594997
2764081666.67,-44.965486853550274
2769080000.0,-45.03102105948045
2774078333.33,-44.95700751396504
2779076666.67,-44.949629290087785
2784075000.0,-44.827050150982615
2789073333.33,-44.7313325208097
2794071666.67,-44.82229545562616
2799070000.0,-44.63322104761679
2804068333.33,-44.70220171952575
2809066666.67,-44.663122554998566
2814065000.0,-44.55015640579913
2819063333.33,-44.547745367087764
2824061666.67,-44.41691541396962
2829060000.0,-44.458286946722446
2834058333.33,-44.575775512509786
2839056666.67,-44.38416931885618
2844055000.0,-44.43527294565071
2849053333.33,-44.434393453006834
2854051666.67,-44.363671131718476
2859050000.0,-44.38303685437732
2864048333.33,-44.3011239615554
2869046666.67,-44.23644886310504
2874045000.0,-44.17167881100977
2879043333.33,-44.15717464522921
2884041666.67,-44.08278764549935
2889040000.0,-44.112709863020186
2894038333.33,-44.08030942950489
2899036666.67,-44.139154402341575
2904035000.0,-44.160960738436266
2909033333.33,-43.997302068630844
2914031666.67,-43.97801045477233
2919030000.0,-44.016467922077254
2924028333.33,-43.998953902255174
2929026666.67,-43.982342821350606
2934025000.0,-44.056821243906924
2939023333.33,-43.90668140565662
2944021666.67,-43.98113123516137
2949020000.0,-43.85407081196219
2954018333.33,-43.82384569452161
2959016666.67,-43.77343048525663
2964015000.0,-43.70606240291429
2969013333.33,-43.737478851101635
2974011666.67,-43.57893082124314
2979010000.0,-43.58718401174542
2984008333.33,-43.604584559781514
2989006666.67,-43.60046618017766
2994005000.0,-43.581311423438216
2999003333.33,-43.661006499953956
3004001666.67,-43.47398681653974
3009000000.0,-43.462651418099995
3013998333.33,-43.3927249754758
3018996666.67,-43.34753631197566
3023995000.0,-43.42957202107223
3028993333.33,-43.360067972222964
3033991666.67,-43.21150449738
3038990000.0,-43.234932663319945
3043988333.33,-43.28961205382224
3048986666.67,-43.18367078257006
3053985000.0,-43.22119424504663
3058983333.33,-43.03812980563276
3063981666.67,-43.066415920653505
3068980000.0,-43.02804039189386
3073978333.33,-42.98160716220465
3078976666.67,-43.03356455307454
3083975000.0,-42.90767008893906
3088973333.33,-42.930574771509804
3093971666.67,-42.92345649890944
3098970000.0,-42.79519483691482
3103968333.33,-42.75435223381503
3108966666.67,-42.70911322022027
3113965000.0,-42.678398908794804
3118963333.33,-42.57950376327628
3123961666.67,-42.571538736410176
3128960000.0,-42.527588044347695
3133958333.33,-42.34501014638934
3138956666.67,-42.37660939973368
3143955000.0,-42.19841862695941
3148953333.33,-42.21538417280462
3153951666.67,-42.07555381483414
3158950000.0,-42.069458891195026
3163948333.33,-42.19665665412545
3168946666.67,-42.11253803479846
3173945000.0,-42.12785847228403
3178943333.33,-42.10222321272312
3183941666.67,-42.041083292616264
3188940000.0,-42.15915395786283
3193938333.33,-42.00917410811506
3198936666.67,-42.09298038025135
3203935000.0,-41.96092101647395
3208933333.33,-41.89423014708362
3213931666.67,-41.948764403776984
3218930000.0,-41.92340599668257
3223928333.33,-41.89035246109355
3228926666.67,-41.759256149033995
3233925000.0,-41.723663664890026
3238923333.33,-41.649535166275164
3243921666.67,-41.626596520665295
3248920000.0,-41.74002439334622
3253918333.33,-41.65275096532988
3258916666.67,-41.67166741629821
3263915000.0,-41.67607176721538
3268913333.33,-41.584539070323316
3273911666.67,-41.659339284647615
3278910000.0,-41.469683416630374
3283908333.33,-41.456880553581215
3288906666.67,-41.415172460752544
3293905000.0,-41.258275638597226
3298903333.33,-41.315413859071086
3303901666.67,-41.123732634204174
3308900000.0,-41.088486108454354
3313898333.33,-41.01345673332396
3318896666.67,-40.943151763811734
3323895000.0,-40.88713526237563
3328893333.33,-40.88999537809458
3333891666.67,-40.82755336311991
3338890000.0,-40.76055223866062
3343888333.33,-40.76789710112644
3348886666.67,-40.809169492239015
3353885000.0,-40.73432243711798
3358883333.33,-40.702392765118994
3363881666.67,-40.67926355879684
3368880000.0,-40.64177865377868
3373878333.33,-40.65028532077454
3378876666.67,-40.538541539944646
3383875000.0,-40.55072884440342
3388873333.33,-40.4858659229587
3393871666.67,-40.46976824172169
3398870000.0,-40.442146003810926
3403868333.33,-40.30687138429813
3408866666.67,-40.34077314109779
3413865000.0,-40.277102028623055
3418863333.33,-40.26025748612654
3423861666.67,-40.24202757706638
3428860000.0,-40.19613209816478
3433858333.33,-40.228369535588335
3438856666.67,-40.14057474782707
3443855000.0,-40.16839903352189
3448853333.33,-40.14899074702367
3453851666.67,-40.14892930303149
3458850000.0,-40.10976454110414
3463848333.33,-39.91543026448474
3468846666.67,-39.91787669693424
3473845000.0,-39.84164350698196
3478843333.33,-39.8591475931052
3483841666.67,-39.76833136978139
3488840000.0,-39.70662329083983
3493838333.33,-39.74092004909308
3498836666.67,-39.616730213472884
3503835000.0,-39.58940026398317
3508833333.33,-39.5545298323857
3513831666.67,-39.487086444197466
3518830000.0,-39.559101811831745
3523828333.33,-39.41951324638093
3528826666.67,-39.40742111523687
3533825000.0,-39.34356969559024
3538823333.33,-39.25351888541298
3543821666.67,-39.260889216305
3548820000.0,-39.18095838537437
3553818333.33,-39.13528142334521
3558816666.67,-38.99896031884776
3563815000.0,-38.954861794707064
3568813333.33,-38.9575248173779
3573811666.67,-38.865980991505864
3578810000.0,-38.809015863213794
3583808333.33,-38.81319280484534
3588806666.67,-38.7968677521899
3593805000.0,-38.75654559821357
3598803333.33,-38.63190734109859
3603801666.67,-38.646174413712146
3608800000.0,-38.54096494906192
3613798333.33,-38.4076691288662
3618796666.67,-38.450070704035696
3623795000.0,-38.38873689585454
3628793333.33,-38.31331539947269
3633791666.67,-38.202875606256605
3638790000.0,-38.18440645355232
3643788333.33,-38.11631504389679
3648786666.67,-38.06534606679131
3653785000.0,-38.16335294055302
3658783333.33,-38.017352863872695
3663781666.67,-38.05082158575325
3668780000.0,-38.02327003831507
3673778333.33,-38.04343035458798
3678776666.67,-38.149169371135756
3683775000.0,-38.13216192310303
3688773333.33,-38.177130219367534
3693771666.67,-38.246121366183445
3698770000.0,-38.18835350843403
3703768333.33,-38.25765988175394
3708766666.67,-38.19751601432823
3713765000.0,-38.239535607130605
3718763333.33,-38.23143509919875
3723761666.67,-38.143001759746966
3728760000.0,-38.1231672377503
3733758333.33,-38.02681524482701
3738756666.67,-38.02480464605006
3743755000.0,-37.84905036896046
3748753333.33,-37.855396031693964
3753751666.67,-37.7402472819993
3758750000.0,-37.66726130345843
3763748333.33,-37.63083774500943
3768746666.67,-37.56511954410746
3773745000.0,-37.57118481692704
3778743333.33,-37.557580207107904
3783741666.67,-37.51626202864311
3788740000.0,-37.51914676232815
3793738333.33,-37.37453466909362
3798736666.67,-37.372207482342944
3803735000.0,-37.29413037131812
3808733333.33,-37.13141919918752
3813731666.67,-37.0880478513739
3818730000.0,-36.977397132766946
3823728333.33,-36.875294411055904
3828726666.67,-36.70447436585835
3833725000.0,-36.586729774068374
3838723333.33,-36.55418293988305
3843721666.67,-36.38113133994203
3848720000.0,-36.32145537026369
3853718333.33,-36.19287478051803
3858716666.67,-36.10220828614733
3863715000.0,-36.104945455984314
3868713333.33,-35.97489063724876
3873711666.67,-35.93877535409919
3878710000.0,-35.81216128619446
3883708333.33,-35.783982422496564
3888706666.67,-35.71599032060119
3893705000.0,-35.643434946475125
3898703333.33,-35.64689205797328
3903701666.67,-35.523698510558354
3908700000.0,-35.50419074304043
3913698333.33,-35.4919554618441
3918696666.67,-35.419440657991984
3923695000.0,-35.43364655976245
3928693333.33,-35.34854929511042
3933691666.67,-35.34251393001436
3938690000.0,-35.2969825349916
3943688333.33,-35.27149743413722
3948686666.67,-35.33013410511473
3953685000.0,-35.230651303600276
3958683333.33,-35.23586735394781
3963681666.67,-35.23284584009239
3968680000.0,-35.19061671553235
3973678333.33,-35.206671449305965
3978676666.67,-35.15371490778128
3983675000.0,-35.150402134403
3988673333.33,-35.087484023594996
3993671666.67,-35.100611097381304
3998670000.0,-35.14898472484206
4003668333.33,-35.15184477427317
4008666666.67,-35.158622229101624
4013665000.0,-35.123233123935634
4018663333.33,-35.07102620767584
4023661666.67,-35.03294070000789
4028660000.0,-34.997647375539806
4033658333.33,-34.98341656245312
4038656666.67,-34.849857361313916
4043655000.0,-34.80982019354447
4048653333.33,-34.73660268983893
4053651666.67,-34.56227919121578
4058650000.0,-34.53127461725067
4063648333.33,-34.30597356017043
4068646666.67,-34.14155001219362
4073645000.0,-33.98090613091319
4078643333.33,-33.85014280908409
4083641666.67,-33.7242483876542
4088640000.0,-33.527112393240415
4093638333.33,-33.485574439240594
4098636666.67,-33.26643485996341
4103635000.0,-33.25106404117315
4108633333.33,-33.15895507508249
4113631666.67,-33.10138144967168
4118630000.0,-33.03406861296968
4123628333.33,-32.958722110589285
4128626666.67,-32.87712162640069
4133625000.0,-32.881171351808966
4138623333.33,-32.79029482829041
4143621666.67,-32.708831826556796
4148620000.0,-32.631703736487005
4153618333.33,-32.55143546453897
4158616666.67,-32.461899978668995
4163615000.0,-32.32501328420043
4168613333.33,-32.25604383699703
4173611666.67,-32.11119532636978
4178610000.0,-32.09574966007046
4183608333.33,-32.00292912424156
4188606666.67,-31.96935437799206
4193605000.0,-31.927603642769974
4198603333.33,-31.845115683084284
4203601666.67,-31.862454229426017
4208600000.0,-31.79001752699825
4213598333.33,-31.739246278754194
4218596666.67,-31.81524034472006
4223595000.0,-31.74222080146956
4228593333.33,-31.737619955380204
4233591666.67,-31.71409345370605
4238590000.0,-31.665734695838864
4243588333.33,-31.67719931871612
4248586666.67,-31.5615801769246
4253585000.0,-31.567107931955473
4258583333.33,-31.425389331568226
4263581666.67,-31.413032736093967
4268580000.0,-31.37283597277191
4273578333.33,-31.27971774714751
4278576666.67,-31.278277348138918
4283575000.0,-31.167746385822706
4288573333.33,-31.13399790780965
4293571666.67,-31.1065426136671
4298570000.0,-31.038558066510625
4303568333.33,-31.0412212669114
4308566666.67,-30.93709398243121
4313565000.0,-30.929748890320774
4318563333.33,-30.88716255022012
4323561666.67,-30.805930640032603
4328560000.0,-30.802086960092115
4333558333.33,-30.6943256320946
4338556666.67,-30.669521740823086
4343555000.0,-30.593406681908863
4348553333.33,-30.546662248834224
4353551666.67,-30.510210108021504
4358550000.0,-30.437910271521464
4363548333.33,-30.407297436993545
4368546666.67,-30.3741803790564
4373545000.0,-30.33369596792397
4378543333.33,-30.335551683667475
4383541666.67,-30.2694591462005
4388540000.0,-30.225258246854693
4393538333.33,-30.158038212808087
4398536666.67,-30.11583686911998
4403535000.0,-30.070362500105357
4408533333.33,-30.01353539060272
4413531666.67,-30.024316802617914
4418530000.0,-29.960985809087823
4423528333.33,-29.93682342771669
4428526666.67,-29.922179545987895
4433525000.0,-29.914938235366275
4438523333.33,-29.960844765158928
4443521666.67,-29.948244427325438
4448520000.0,-29.978438880486884
4453518333.33,-30.00154066362402
4458516666.67,-29.992345230904395
4463515000.0,-30.079860953901125
4468513333.33,-30.06457875624593
4473511666.67,-30.087660131200515
4478510000.0,-30.07411361800399
4483508333.33,-30.075398906371056
4488506666.67,-30.10329327701537
4493505000.0,-30.05066317568904
4498503333.33,-30.056372798296177
4503501666.67,-30.035678001306888
4508500000.0,-30.060665029688707
4513498333.33,-30.091032790354472
4518496666.67,-30.093310943950506
4523495000.0,-30.1514198642646
4528493333.33,-30.159472195330864
4533491666.67,-30.233709617127843
4538490000.0,-30.26679824107989
4543488333.33,-30.328124037514222
4548486666.67,-30.413972283788002
4553485000.0,-30.42393901938697
4558483333.33,-30.47400569841985
4563481666.67,-30.505304758845284
4568480000.0,-30.4784357558352
4573478333.33,-30.538924404629956
4578476666.67,-30.469103277404134
4583475000.0,-30.530022967124385
4588473333.33,-30.494131149035542
4593471666.67,-30.505930700875197
4598470000.0,-30.51716350251062
4603468333.33,-30.543335531575583
4608466666.67,-30.605660053784494
4613465000.0,-30.608201171355294
4618463333.33,-30.688250037365435
4623461666.67,-30.760280213679238
4628460000.0,-30.81623299675445
4633458333.33,-30.946357271800853
4638456666.67,-30.987193222847846
4643455000.0,-31.06609614387437
4648453333.33,-31.182301287282947
4653451666.67,-31.18386005250958
4658450000.0,-31.31548909643982
4663448333.33,-31.241413084810397
4668446666.67,-31.33796734442761
4673445000.0,-31.37914522110179
4678443333.33,-31.380607954744363
4683441666.67,-31.44402167838988
4688440000.0,-31.47503249086029
4693438333.33,-31.56583651025565
4698436666.67,-31.623790157269617
4703435000.0,-31.720493420569685
4708433333.33,-31.87380678559299
4713431666.67,-31.881902163861234
4718430000.0,-32.01750488894683
4723428333.33,-32.091182429603045
4728426666.67,-32.17239595082666
4733425000.0,-32.31004777446205
4738423333.33,-32.347757933778794
4743421666.67,-32.427627726208755
4748420000.0,-32.45475285571364
4753418333.33,-32.481999166951006
4758416666.67,-32.50821823423872
4763415000.0,-32.469775622826276
4768413333.33,-32.52083641351368
4773411666.67,-32.50371641685376
4778410000.0,-32.53327130612434
4783408333.33,-32.57027404226709
4788406666.67,-32.55739727615292
4793405000.0,-32.62386105531096
4798403333.33,-32.6299138335239
4803401666.67,-32.71107994337954
4808400000.0,-32.79007619705659
4813398333.33,-32.788461240343196
4818396666.67,-32.96195050193486
4823395000.0,-32.997507714687295
4828393333.33,-33.062027028240124
4833391666.67,-33.11904090943569
4838390000.0,-33.19601383073866
4843388333.33,-33.30172592505233
4848386666.67,-33.302811046005694
4853385000.0,-33.327738461097205
4858383333.33,-33.35452039840487
4863381666.67,-33.38705392766852
4868380000.0,-33.4848518384285
4873378333.33,-33.49792995761988
4878376666.67,-33.6121749480646
4883375000.0,-33.643594499829675
4888373333.33,-33.71676122239255
4893371666.67,-33.80136967505963
4898370000.0,-33.84642460344287
4903368333.33,-33.975729860075866
4908366666.67,-33.96873771640637
4913365000.0,-34.051973566176684
4918363333.33,-34.10024640052903
4923361666.67,-34.15603670723777
4928360000.0,-34.229458190715604
4933358333.33,-34.24882296804631
4938356666.67,-34.302038856858346
4943355000.0,-34.35258395933138
4948353333.33,-34.37833521743562
4953351666.67,-34.45310251953115
4958350000.0,-34.4415524439332
4963348333.33,-34.57685367918154
4968346666.67,-34.61032259768538
4973345000.0,-34.66010606014005
4978343333.33,-34.7728763245171
4983341666.67,-34.7719463368911
4988340000.0,-34.89398544773739
4993338333.33,-34.909147623374515
4998336666.67,-34.97272641828605
5003335000.0,-35.03143992536606
5008333333.33,-35.01525774391131
5013331666.67,-35.08014155767741
5018330000.0,-35.08823958231152
5023328333.33,-35.09978529968046
5028326666.67,-35.181547734805235
5033325000.0,-35.171114373810205
5038323333.33,-35.24156680679844
5043321666.67,-35.234989782892285
5048320000.0,-35.32079701168467
5053318333.33,-35.36287164109598
5058316666.67,-35.42106807695768
5063315000.0,-35.56170323664313
5068313333.33,-35.5808853605983
5073311666.67,-35.68589699524934
5078310000.0,-35.71088301651286
5083308333.33,-35.783646512763795
5088306666.67,-35.846116918222954
5093305000.0,-35.84958944501616
5098303333.33,-35.86162715089587
5103301666.67,-35.90657966798264
5108300000.0,-35.9461738812431
5113298333.33,-35.96971894424396
5118296666.67,-35.973211967710114
5123295000.0,-36.067736251060765
5128293333.33,-36.0559660138979
5133291666.67,-36.129897864318494
5138290000.0,-36.18377048788262
5143288333.33,-36.29276451746411
5148286666.67,-36.44115334076481
5153285000.0,-36.436088647012255
5158283333.33,-36.518870650437364
5163281666.67,-36.63722579361061
5168280000.0,-36.72460401952485
5173278333.33,-36.81165558844374
5178276666.67,-36.81949173392396
5183275000.0,-36.83979580287839
5188273333.33,-36.884331653055725
5193271666.67,-36.85451144698825
5198270000.0,-36.97429258353572
5203268333.33,-36.90659311140973
5208266666.67,-36.984901263103815
5213265000.0,-37.01373233673041
5218263333.33,-37.012145714518695
5223261666.67,-37.11591541638321
5228260000.0,-37.11408137781278
5233258333.33,-37.227872076517244
5238256666.67,-37.23604442928871
5243255000.0,-37.29722480428444
5248253333.33,-37.36879057578858
5253251666.67,-37.407383832004925
5258250000.0,-37.46143569076204
5263248333.33,-37.51725558863477
5268246666.67,-37.55726904025782
5273245000.0,-37.59897314587398
5278243333.33,-37.63334740188773
5283241666.67,-37.6086556792951
5288240000.0,-37.61656509177874
5293238333.33,-37.674640810681154
5298236666.67,-37.69291472485285
5303235000.0,-37.750628768648234
5308233333.33,-37.86125741928167
5313231666.67,-37.801562218454364
5318230000.0,-37.9298833548727
5323228333.33,-37.93781272620658
5328226666.67,-37.99872205963488
5333225000.0,-38.12644052632624
5338223333.33,-38.09274765328295
5343221666.67,-38.1732848069958
5348220000.0,-38.16320340066377
5353218333.33,-38.23739910331683
5358216666.67,-38.271566100964776
5363215000.0,-38.332760378355175
5368213333.33,-38.35389785875661
5373211666.67,-38.394169853917894
5378210000.0,-38.46559135341363
5383208333.33,-38.57586190044101
5388206666.67,-38.572379624730495
5393205000.0,-38.69444381836334
5398203333.33,-38.73587457880002
5403201666.67,-38.87298190165113
5408200000.0,-38.92625898199664
5413198333.33,-39.02450093670899
5418196666.67,-39.086682404441675
5423195000.0,-39.13121783187763
5428193333.33,-39.19143041201685
5433191666.67,-39.17603796936057
5438190000.0,-39.220742505058006
5443188333.33,-39.2710375359613
5448186666.67,-39.20009665018871
5453185000.0,-39.27587655442032
5458183333.33,-39.29886757169384
5463181666.67,-39.269843888963756
5468180000.0,-39.34866888972223
5473178333.33,-39.400791989257684
5478176666.67,-39.40542366617916
5483175000.0,-39.51172091353119
5488173333.33,-39.523360126727226
5493171666.67,-39.65528849035725
5498170000.0,-39.74150944050746
5503168333.33,-39.73147936248641
5508166666.67,-39.74072722789039
5513165000.0,-39.728939262701026
5518163333.33,-39.77775780356146
5523161666.67,-39.766747929451384
5528160000.0,-39.76490501169764
5533158333.33,-39.750852616625146
5538156666.67,-39.77546201752094
5543155000.0,-39.728543181288266
5548153333.33,-39.7203724970224
5553151666.67,-39.73291599605891
5558150000.0,-39.75444856331778
5563148333.33,-39.80769337119209
5568146666.67,-39.898277066994126
5573145000.0,-39.89111399027798
5578143333.33,-40.05801397981575
5583141666.67,-40.07115947375532
5588140000.0,-40.2417261243263
5593138333.33,-40.24940048070974
5598136666.67,-40.343984800661715
5603135000.0,-40.45761023219295
5608133333.33,-40.480851263858575
5613131666.67,-40.55929804371064
5618130000.0,-40.58066782972994
5623128333.33,-40.51873866475126
5628126666.67,-40.64357881766491
5633125000.0,-40.62301796128526
5638123333.33,-40.67596384417313
5643121666.67,-40.60871031308278
5648120000.0,-40.699496123740204
5653118333.33,-40.817170326818584
5658116666.67,-40.82848318379252
5663115000.0,-40.8490550949228
5668113333.33,-40.97326104841124
5673111666.67,-41.00402069274718
5678110000.0,-41.07265458565229
5683108333.33,-41.10955913402577
5688106666.67,-41.22298321810872
5693105000.0,-41.21165425066935
5698103333.33,-41.146579001346815
5703101666.67,-41.21269563991675
5708100000.0,-41.20803000843214
5713098333.33,-41.16848889584354
5718096666.67,-41.154825591148324
5723095000.0,-41.18340497053845
5728093333.33,-41.099336128556764
5733091666.67,-41.09251017783876
5738090000.0,-41.15457438811028
5743088333.33,-41.07239853254062
5748086666.67,-41.12155659537714
5753085000.0,-41.23197686357648
5758083333.33,-41.13868457048439
5763081666.67,-41.25995750128527
5768080000.0,-41.26543767123699
5773078333.33,-41.298376604356164
5778076666.67,-41.288032840543075
5783075000.0,-41.335985764527095
5788073333.33,-41.33153334023626
5793071666.67,-41.357851510476465
5798070000.0,-41.44762050472279
5803068333.33,-41.38740898818591
5808066666.67,-41.42515595010678
5813065000.0,-41.445423214424075
5818063333.33,-41.56139652822152
5823061666.67,-41.63930841439263
5828060000.0,-41.69323326209806
5833058333.33,-41.72231016005821
5838056666.67,-41.76022777689692
5843055000.0,-41.84870594540386
5848053333.33,-41.915953734379585
5853051666.67,-41.93987605755129
5858050000.0,-41.937515904244506
5863048333.33,-42.19188845105983
5868046666.67,-42.04954910123427
5873045000.0,-42.09934989325836
5878043333.33,-42.10596430229192
5883041666.67,-42.09257015846474
5888040000.0,-42.203630749977215
5893038333.33,-42.208206789191784
5898036666.67,-42.180681149952726
5903035000.0,-42.249889003425096
5908033333.33,-42.20019491322316
5913031666.67,-42.34162895874885
5918030000.0,-42.31578487985553
5923028333.33,-42.38917707690915
5928026666.67,-42.43303979814964
5933025000.0,-42.43619710268099
5938023333.33,-42.5433516117943
5943021666.67,-42.547124174153346
5948020000.0,-42.60647297406955
5953018333.33,-42.55033412245037
5958016666.67,-42.681304341561784
5963015000.0,-42.58632471086136
5968013333.33,-42.54402118476705
5973011666.67,-42.572526897089375
5978010000.0,-42.55924073072425
5983008333.33,-42.57377946617012
5988006666.67,-42.597692023907
5993005000.0,-42.74604314157681
5998003333.33,-42.68827190812762
6003001666.67,-42.71033530297092
6008000000.0,-42.81425135622789
6012998333.33,-42.78926502903511
6017996666.67,-42.722456276398304
6022995000.0,-42.7817673233121
6027993333.33,-42.83442147162116
6032991666.67,-42.750823443674534
6037990000.0,-42.824355824674576
6042988333.33,-42.839696796743134
6047986666.67,-42.72193234880844
6052985000.0,-42.73092587042083
6057983333.33,-42.79517407696226
6062981666.67,-42.752231225858296
6067980000.0,-42.76844418974123
6072978333.33,-42.83937885684737
6077976666.67,-42.86617811404796
6082975000.0,-42.8957389146498
6087973333.33,-42.927264699967196
6092971666.67,-42.97350482879491
6097970000.0,-43.01088427892799
6102968333.33,-43.0900529673371
6107966666.67,-43.233514181429946
6112965000.0,-43.23683805905064
6117963333.33,-43.33918687379807
6122961666.67,-43.22232282199525
6127960000.0,-43.44789347265886
6132958333.33,-43.4295033667909
6137956666.67,-43.472287291566865
6142955000.0,-43.562214617811605
6147953333.33,-43.60869394156964
6152951666.67,-43.66013088479291
6157950000.0,-43.67518617518851
6162948333.33,-43.70280162731058
6167946666.67,-43.70736576105787
6172945000.0,-43.83480046636559
6177943333.33,-43.94451386894198
6182941666.67,-43.872165271079155
6187940000.0,-43.89371063926673
6192938333.33,-43.9267352662646
6197936666.67,-43.91381059871962
6202935000.0,-43.95834754483403
6207933333.33,-43.907195620780854
6212931666.67,-43.93212348764796
6217930000.0,-43.9951419822889
6222928333.33,-43.9290186534943
6227926666.67,-43.82031695181646
6232925000.0,-43.785595692523614
6237923333.33,-43.947156981419624
6242921666.67,-43.87068056340073
6247920000.0,-43.9091573001479
6252918333.33,-43.92764296217273
6257916666.67,-43.87407799160904
6262915000.0,-44.063421895696
6267913333.33,-44.01703460136795
6272911666.67,-44.06368607362527
6277910000.0,-44.124327523884176
6282908333.33,-44.172516110824404
6287906666.67,-44.17750666253366
6292905000.0,-44.26469642164966
6297903333.33,-44.11872408390428
6302901666.67,-44.37605128340082
6307900000.0,-44.19063110829033
6312898333.33,-44.26550663225417
6317896666.67,-44.33914517433732
6322895000.0,-44.37732521259122
6327893333.33,-44.43261095644459
6332891666.67,-44.507724908621896
6337890000.0,-44.606331081818254
6342888333.33,-44.63597702755366
6347886666.67,-44.745234808036976
6352885000.0,-44.622235841386015
6357883333.33,-44.76611458236459
6362881666.67,-44.83374370043023
6367880000.0,-44.87433275597493
6372878333.33,-44.902464743454146
6377876666.67,-44.965613414055944
6382875000.0,-44.75789809652967
6387873333.33,-44.824740553947365
6392871666.67,-44.7502881295133
6397870000.0,-44.6981263588779
6402868333.33,-44.7457293010976
6407866666.67,-44.707666985865245
6412865000.0,-44.676729135403434
6417863333.33,-44.67138827181128
6422861666.67,-44.81055246630004
6427860000.0,-44.78972554086043
6432858333.33,-44.865841637634496
6437856666.67,-44.910852451484615
6442855000.0,-44.85660810975677
6447853333.33,-45.022153240283416
6452851666.67,-45.068719523171474
6457850000.0,-44.99807611201313
6462848333.33,-45.06070899864817
6467846666.67,-45.00206605364938
6472845000.0,-45.033063588692166
6477843333.33,-44.9513759264586
6482841666.67,-45.004626108725326
6487840000.0,-44.915186490568104
6492838333.33,-44.92188497994842
6497836666.67,-44.99005280433345
6502835000.0,-44.98831694623223
6507833333.33,-45.11145874791286
6512831666.67,-45.249670216479885
6517830000.0,-45.307805045692206
6522828333.33,-45.445802009474356
6527826666.67,-45.4363079266719
6532825000.0,-45.4954086263495
6537823333.33,-45.5171152646033
6542821666.67,-45.51901168375512
6547820000.0,-45.56023160214626
6552818333.33,-45.54024547374246
6557816666.67,-45.65264589499003
6562815000.0,-45.53731809872023
6567813333.33,-45.532711009855014
6572811666.67,-45.49441492617938
6577810000.0,-45.38766735124574
6582808333.33,-45.51557814743134
6587806666.67,-45.50347590361387
6592805000.0,-45.5482794619548
6597803333.33,-45.562585961921336
6602801666.67,-45.61758268155661
6607800000.0,-45.66080324288579
6612798333.33,-45.602895404279025
6617796666.67,-45.84843732105804
6622795000.0,-45.784307121700884
6627793333.33,-45.85618431723012
6632791666.67,-45.74375602178505
6637790000.0,-45.810882124954546
6642788333.33,-45.880513626577994
6647786666.67,-45.69861794059479
6652785000.0,-45.61853029398797
6657783333.33,-45.75658801172083
6662781666.67,-45.5784166818183
6667780000.0,-45.67401269347179
6672778333.33,-45.53807709116636
6677776666.67,-45.529135390503626
6682775000.0,-45.76473633533142
6687773333.33,-45.65909216649109
6692771666.67,-45.76165880374562
6697770000.0,-45.77907196684212
6702768333.33,-45.8679251989051
6707766666.67,-45.896554194243386
6712765000.0,-45.97930871503646
6717763333.33,-45.898228372369836
6722761666.67,-45.91765012256727
6727760000.0,-45.97539082571528
6732758333.33,-45.81241621880743
6737756666.67,-45.805877608802454
6742755000.0,-45.82706010785512
6747753333.33,-45.74442011283658
6752751666.67,-45.75657832306388
6757750000.0,-45.743430959373825
6762748333.33,-45.81377846133047
6767746666.67,-45.8108796304242
6772745000.0,-45.79800347667447
6777743333.33,-45.937708777613
6782741666.67,-45.96525042614461
6787740000.0,-45.99617268527979
6792738333.33,-46.105742591687516
6797736666.67,-46.02691653082982
6802735000.0,-46.22078844341985
6807733333.33,-46.14196649378556
6812731666.67,-46.203354382018844
6817730000.0,-46.24235443540237
6822728333.33,-46.14202289872029
6827726666.67,-46.16024732186146
6832725000.0,-46.27761687321036
6837723333.33,-46.34855306922249
6842721666.67,-46.271688406041406
6847720000.0,-46.322391621929725
6852718333.33,-46.40189468036395
6857716666.67,-46.49573834215347
6862715000.0,-46.61321763957523
6867713333.33,-46.68142046735877
6872711666.67,-46.56532911270456
6877710000.0,-46.673176414824134
6882708333.33,-46.66374538285008
6887706666.67,-46.66807629225821
6892705000.0,-46.62060255551094
6897703333.33,-46.64780807311828
6902701666.67,-46.511625132750126
6907700000.0,-46.543552128563064
6912698333.33,-46.489613982758755
6917696666.67,-46.36384119737812
6922695000.0,-46.31894411881633
6927693333.33,-46.39897914560507
6932691666.67,-46.21332989307035
6937690000.0,-46.33554647705037
6942688333.33,-46.18815942974838
6947686666.67,-46.344857620412576
6952685000.0,-46.323578912340686
6957683333.33,-46.4514714512392
6962681666.67,-46.30942850333628
6967680000.0,-46.323985415975244
6972678333.33,-46.38191070008674
6977676666.67,-46.37104984342709
6982675000.0,-46.38734281811064
6987673333.33,-46.327582815062705
6992671666.67,-46.28823137582365
6997670000.0,-46.21014905305971
7002668333.33,-46.16252484760352
7007666666.67,-46.35498607348083
7012665000.0,-46.28727906222067
7017663333.33,-46.35863028330694
7022661666.67,-46.457812710601075
7027660000.0,-46.63382945781862
7032658333.33,-46.49188111603283
7037656666.67,-46.717814189930436
7042655000.0,-46.79917805685853
7047653333.33,-46.866306833950645
7052651666.67,-46.98457989084015
7057650000.0,-46.95891257745606
7062648333.33,-47.07794663236193
7067646666.67,-47.0745662812588
7072645000.0,-46.98768338459591
7077643333.33,-47.09793641698414
7082641666.67,-47.10716042970036
7087640000.0,-46.96605368405959
7092638333.33,-47.04043256067793
7097636666.67,-46.89866715839722
7102635000.0,-46.877290654948276
7107633333.33,-47.01308041037018
7112631666.67,-46.96208863388314
7117630000.0,-47.19766611400868
7122628333.33,-47.19681884588783
7127626666.67,-47.14240332799284
7132625000.0,-47.204564887894975
7137623333.33,-47.22577898916167
7142621666.67,-47.26247864302344
7147620000.0,-47.22950369655458
7152618333.33,-47.14157661211196
7157616666.67,-47.28236228778548
7162615000.0,-47.164939485051605
7167613333.33,-47.226737273801795
7172611666.67,-47.2263032107999
7177610000.0,-47.088335444117774
7182608333.33,-47.10540670855692
7187606666.67,-47.14454855468421
7192605000.0,-47.133276913201826
7197603333.33,-47.25188885888202
7202601666.67,-47.310778499810134
7207600000.0,-47.551956069773986
7212598333.33,-47.47915355737112
7217596666.67,-47.493382609132965
7222595000.0,-47.63547226971052
7227593333.33,-47.40501210592916
7232591666.67,-47.53834780559903
7237590000.0,-47.38749367026148
7242588333.33,-47.413566921018095
7247586666.67,-47.494747739358935
7252585000.0,-47.54692035333008
7257583333.33,-47.35144206334092
7262581666.67,-47.37276434752631
7267580000.0,-47.360489274623056
7272578333.33,-47.50573065083249
7277576666.67,-47.33862450946467
7282575000.0,-47.41309281543514
7287573333.33,-47.672127593514645
7292571666.67,-47.78678093756675
7297570000.0,-47.858170301199515
7302568333.33,-48.00999455485546
7307566666.67,-48.09216727512572
7312565000.0,-47.96292674380205
7317563333.33,-48.12076479499399
7322561666.67,-48.08003474624901
7327560000.0,-48.06110707795462
7332558333.33,-47.934210896559
7337556666.67,-47.8464897370886
7342555000.0,-47.784831829251786
7347553333.33,-47.63549099476758
7352551666.67,-47.74542914880445
7357550000.0,-47.80750942154688
7362548333.33,-47.65458895607438
7367546666.67,-47.57989155095324
7372545000.0,-47.80267590002754
7377543333.33,-48.016328974833385
7382541666.67,-47.803008033860266
7387540000.0,-48.071876451069784
7392538333.33,-48.0711689351987
7397536666.67,-48.31302288326579
7402535000.0,-48.172268847627095
7407533333.33,-48.234995904417644
7412531666.67,-48.00632013513475
7417530000.0,-48.11756905505949
7422528333.33,-47.942588130881674
7427526666.67,-47.94742118619418
7432525000.0,-47.78103042579089
7437523333.33,-47.753461161805724
7442521666.67,-47.60299378839993
7447520000.0,-47.65862904506772
7452518333.33,-47.468521772394546
7457516666.67,-47.64274194130857
7462515000.0,-47.70717633603101
7467513333.33,-47.822408966545844
7472511666.67,-47.90608012552937
7477510000.0,-47.98687598294069
7482508333.33,-48.28866285097536
7487506666.67,-48.39773160269709
7492505000.0,-48.4787036047452
7497503333.33,-48.23758033532097
7502501666.67,-48.53345781062409
7507500000.0,-48.45073658344171
7512498333.33,-48.41197055940257
7517496666.67,-48.39376102824858
7522495000.0,-48.47478163923157
7527493333.33,-48.392666463473795
7532491666.67,-48.359316506239395
7537490000.0,-48.46070665976227
7542488333.33,-48.41814125051308
7547486666.67,-48.43052686288921
7552485000.0,-48.591888970606085
7557483333.33,-48.49790819484766
7562481666.67,-48.538792014992694
7567480000.0,-48.63292455249527
7572478333.33,-48.72384612718876
7577476666.67,-48.60193689572412
7582475000.0,-48.74830978204316
7587473333.33,-48.77381108199635
7592471666.67,-48.76096780512423
7597470000.0,-48.57706631635284
7602468333.33,-48.49680540306713
7607466666.67,-48.47943566250046
7612465000.0,-48.346273822295146
7617463333.33,-48.335679474442344
7622461666.67,-48.391589120579965
7627460000.0,-48.37815777107643
7632458333.33,-48.34289161913762
7637456666.67,-48.34826580132558
7642455000.0,-48.33681574013315
7647453333.33,-48.479040317990886
7652451666.67,-48.27886756902309
7657450000.0,-48.31190583834167
7662448333.33,-48.36760862631469
7667446666.67,-48.198010503684515
7672445000.0,-48.108677155278954
7677443333.33,-48.04823282207417
7682441666.67,-48.07066211738154
7687440000.0,-47.974331031341144
7692438333.33,-47.767585355584245
7697436666.67,-47.75110060800949
7702435000.0,-47.61264522569498
7707433333.33,-47.76327355628946
7712431666.67,-47.71320288777545
7717430000.0,-47.8235187952269
7722428333.33,-47.83931587675986
7727426666.67,-48.05719530035705
7732425000.0,-48.01933712756902
7737423333.33,-48.142022495251815
7742421666.67,-48.20082228201669
7747420000.0,-48.427453878867645
7752418333.33,-48.264203281971035
7757416666.67,-48.35191419628117
7762415000.0,-48.51157843917309
7767413333.33,-48.508013260515234
7772411666.67,-48.605030947077374
7777410000.0,-48.41828603505748
7782408333.33,-48.585702158694126
7787406666.67,-48.55963822568401
7792405000.0,-48.66681937722372
7797403333.33,-48.754956851950595
7802401666.67,-48.938456042219244
7807400000.0,-48.994516880585024
7812398333.33,-49.02566010136418
7817396666.67,-49.0792816028175
7822395000.0,-49.16910677041538
7827393333.33,-49.32817492291501
7832391666.67,-49.44826843372102
7837390000.0,-49.32335696159569
7842388333.33,-49.43799523289684
7847386666.67,-49.35760959927657
7852385000.0,-49.287278814658904
7857383333.33,-49.179235056646505
7862381666.67,-49.198879352669856
7867380000.0,-49.13161689758114
7872378333.33,-49.125829177926015
7877376666.67,-49.13773169741504
7882375000.0,-48.976031475693134
7887373333.33,-48.87741193946242
7892371666.67,-48.995166454684
7897370000.0,-48.785405870498764
7902368333.33,-49.02665528574882
7907366666.67,-48.96843174903683
7912365000.0,-49.191756141718635
7917363333.33,-48.9247110665302
7922361666.67,-48.9756521088498
7927360000.0,-48.93089779881205
7932358333.33,-49.05474889524633
7937356666.67,-48.96258281125921
7942355000.0,-48.98566662520455
7947353333.33,-48.98769575725438
7952351666.67,-48.99790821450938
7957350000.0,-49.022027049432914
7962348333.33,-48.82770327944334
7967346666.67,-48.81210088878455
7972345000.0,-48.99207911830534
7977343333.33,-48.86954712906924
7982341666.67,-49.09851556471142
7987340000.0,-49.10936146558578
7992338333.33,-49.08244980462186
7997336666.67,-49.31241255668381
8002335000.0,-49.07428802087223
8007333333.33,-49.35100998857271
8012331666.67,-49.258069717575204
8017330000.0,-49.050157104126264
8022328333.33,-48.98445234775852
8027326666.67,-49.03635592897121
8032325000.0,-49.224964125236106
8037323333.33,-49.10812043324613
8042321666.67,-49.21054274888277
8047320000.0,-49.384211194371645
8052318333.33,-49.17306236171255
8057316666.67,-49.444023065712955
8062315000.0,-49.386136543413784
8067313333.33,-49.50941739994776
8072311666.67,-49.71610477805227
8077310000.0,-49.91068274275988
8082308333.33,-49.9810242419344
8087306666.67,-50.09280874970371
8092305000.0,-50.042682359738144
8097303333.33,-50.283864016151554
8102301666.67,-50.215697207903375
8107300000.0,-50.245334836274225
8112298333.33,-50.323964563298354
8117296666.67,-49.8984032588256
8122295000.0,-50.2279607536746
8127293333.33,-50.006764904100855
8132291666.67,-50.2145894873724
8137290000.0,-50.18313155060796
8142288333.33,-50.381349160227145
8147286666.67,-50.33829608028972
8152285000.0,-50.63378544538643
8157283333.33,-50.235128157026445
8162281666.67,-50.560771793837766
8167280000.0,-50.577343878918356
8172278333.33,-50.50967246805555
8177276666.67,-50.64906628232375
8182275000.0,-50.497891752465236
8187273333.33,-50.43318158444514
8192271666.67,-50.32398348716073
8197270000.0,-50.53887611620795
8202268333.33,-50.40127664521563
8207266666.67,-50.45171044180907
8212265000.0,-50.3860383235549
8217263333.33,-50.444118587569555
8222261666.67,-50.4953490531583
8227260000.0,-50.54984933875596
8232258333.33,-50.686068182050896
8237256666.67,-50.82690439441908
8242255000.0,-50.804225795653444
8247253333.33,-50.93147926275657
8252251666.67,-50.75047839769365
8257250000.0,-51.06183253536336
8262248333.33,-51.02437390731723
8267246666.67,-51.146123806495766
8272245000.0,-50.96975035321789
8277243333.33,-50.9568528029414
8282241666.67,-50.85558576157068
8287240000.0,-50.63023839995857
8292238333.33,-50.62088781586506
8297236666.67,-50.36576061993409
8302235000.0,-50.6519512645981
8307233333.33,-50.50086044230312
8312231666.67,-50.60065852796423
8317230000.0,-50.70625892521136
8322228333.33,-50.69230627607478
8327226666.67,-51.05989024054152
8332225000.0,-50.78916046355104
8337223333.33,-50.98642421879232
8342221666.67,-51.053103822512995
8347220000.0,-51.24147614633679
8352218333.33,-51.23038876244607
8357216666.67,-51.264067655145794
8362215000.0,-51.09365891259841
8367213333.33,-51.090890290111936
8372211666.67,-51.1305055037116
8377210000.0,-51.30151147089698
8382208333.33,-50.86668434747647
8387206666.67,-50.78067919501776
8392205000.0,-50.684061144286865
8397203333.33,-50.70832029157071
8402201666.67,-50.780427546356194
8407200000.0,-51.197199774408375
8412198333.33,-50.942494808326934
8417196666.67,-51.34045378809237
8422195000.0,-51.37220508325407
8427193333.33,-51.624395966053584
8432191666.67,-51.522508201958644
8437190000.0,-51.54296272738534
8442188333.33,-51.874847627560925
8447186666.67,-51.73667676271491
8452185000.0,-51.478077154488474
8457183333.33,-51.464622294313045
8462181666.67,-51.7995693887365
8467180000.0,-51.514617651695964
8472178333.33,-51.37928323701081
8477176666.67,-51.38148640058131
8482175000.0,-51.415215613758036
8487173333.33,-51.50595760001835
8492171666.67,-51.68079643449275
8497170000.0,-51.37289219871838
8502168333.33,-51.55332394133354
8507166666.67,-51.81135208967943
8512165000.0,-51.81428319964917
8517163333.33,-51.94307399950402
8522161666.67,-51.92571182278275
8527160000.0,-51.95680988161597
8532158333.33,-52.0012090117372
8537156666.67,-51.66403841445479
8542155000.0,-51.68354334608423
8547153333.33,-51.65420502903092
8552151666.67,-51.80354794948649
8557150000.0,-51.80731379221222
8562148333.33,-51.60524862757703
8567146666.67,-51.51210946156446
8572145000.0,-51.45851706271023
8577143333.33,-51.36723686145316
8582141666.67,-51.510019536326155
8587140000.0,-51.797928580893156
8592138333.33,-51.844040977020185
8597136666.67,-51.974640242525
8602135000.0,-52.00253533291388
8607133333.33,-51.84952107399112
8612131666.67,-51.74085542266998
8617130000.0,-51.73909426043054
8622128333.33,-51.51734814236533
8627126666.67,-51.59301861143462
8632125000.0,-51.328840175106535
8637123333.33,-51.28571862159774
8642121666.67,-51.157004494952005
8647120000.0,-51.2028352701164
8652118333.33,-51.32078536242684
8657116666.67,-51.23561432879437
8662115000.0,-51.30887680438386
8667113333.33,-51.345696722536154
8672111666.67,-51.57032744890867
8677110000.0,-51.82202853208289
8682108333.33,-51.97016156248144
8687106666.67,-52.20988241899211
8692105000.0,-52.458869176047465
8697103333.33,-52.15250009702339
8702101666.67,-52.3406181454478
8707100000.0,-52.480905177951065
8712098333.33,-52.06812518013517
8717096666.67,-52.26071049627094
8722095000.0,-51.99306817276987
8727093333.33,-51.88597420526196
8732091666.67,-51.87600569007969
8737090000.0,-51.73205868695496
8742088333.33,-51.60543323663843
8747086666.67,-51.49815091941829
8752085000.0,-51.38524967876571
8757083333.33,-51.524805069585696
8762081666.67,-51.51180820323306
8767080000.0,-51.650964822432556
8772078333.33,-51.870440104018854
8777076666.67,-51.99835322502214
8782075000.0,-52.235980371474284
8787073333.33,-52.224380809871114
8792071666.67,-52.41887980259641
8797070000.0,-52.415063713956826
8802068333.33,-52.23370664423342
8807066666.67,-52.49149681722188
8812065000.0,-52.35175509521811
8817063333.33,-52.17531536451267
8822061666.67,-52.367610926054475
8827060000.0,-52.19343353677935
8832058333.33,-51.96661594801168
8837056666.67,-51.91934574126449
8842055000.0,-52.3057190517724
8847053333.33,-52.31357311297589
8852051666.67,-52.28020266461242
8857050000.0,-52.4626341208847
8862048333.33,-52.46121041544464
8867046666.67,-52.507516197797095
8872045000.0,-52.63280213706713
8877043333.33,-52.612780320070904
8882041666.67,-52.523282939192235
8887040000.0,-52.89472739311932
8892038333.33,-52.45863391483877
8897036666.67,-52.90648968741554
8902035000.0,-52.41377937246838
8907033333.33,-52.456289657283676
8912031666.67,-52.5079388416891
8917030000.0,-52.23168586399068
8922028333.33,-52.49408807010809
8927026666.67,-52.44899311566332
8932025000.0,-52.48976003643624
8937023333.33,-52.57152299705738
8942021666.67,-52.62234023522826
8947020000.0,-52.72636953983421
8952018333.33,-52.506809874499716
8957016666.67,-52.70838150158931
8962015000.0,-52.799466682313536
8967013333.33,-52.73160432197099
8972011666.67,-52.89653716861683
8977010000.0,-52.964726184260755
8982008333.33,-52.61114545282285
8987006666.67,-52.82490042080683
8992005000.0,-52.93062057481555
8997003333.33,-52.75686796684357
9002001666.67,-52.66735424717842
9007000000.0,-52.77629803622817
9011998333.33,-52.75971873344236
9016996666.67,-52.9521034676774
9021995000.0,-52.844151918654646
9026993333.33,-52.88812623814916
9031991666.67,-53.176029936753515
9036990000.0,-53.1332469944233
9041988333.33,-53.07830248220174
9046986666.67,-53.00040988744509
9051985000.0,-52.99185048836355
9056983333.33,-52.984524414668016
9061981666.67,-52.80741771461935
9066980000.0,-52.685385491111624
9071978333.33,-52.66000552754575
9076976666.67,-52.51872522238166
9081975000.0,-52.553316832709385
9086973333.33,-52.509989186596144
9091971666.67,-52.50750191668678
9096970000.0,-52.77296193282865
9101968333.33,-52.59038579343175
9106966666.67,-52.94370828074736
9111965000.0,-53.05318728292906
9116963333.33,-53.37925449777684
9121961666.67,-53.12619615721271
9126960000.0,-53.54892034088971
9131958333.33,-53.49053235768388
9136956666.67,-53.20760298136294
9141955000.0,-53.56334212516552
9146953333.33,-53.43534482090847
9151951666.67,-53.628805874250965
9156950000.0,-53.61289708933729
9161948333.33,-53.59623737789023
9166946666.67,-53.43629768722643
9171945000.0,-53.75132530662707
9176943333.33,-53.547561358881794
9181941666.67,-53.51791098719748
9186940000.0,-53.57876370105857
9191938333.33,-53.73459148133166
9196936666.67,-53.76303030777483
9201935000.0,-53.898891535403166
9206933333.33,-54.16633479983621
9211931666.67,-53.98399902094951
9216930000.0,-53.760396503305486
9221928333.33,-53.958475992882796
9226926666.67,-54.02831951946024
9231925000.0,-53.92213587073992
9236923333.33,-53.77333054663963
9241921666.67,-53.608505628370615
9246920000.0,-53.5285168585217
9251918333.33,-53.60045913217363
9256916666.67,-53.550288741207126
9261915000.0,-53.62943737768478
9266913333.33,-53.649134715288696
9271911666.67,-53.696491840823164
9276910000.0,-53.46378021375077
9281908333.33,-53.97451673457763
9286906666.67,-53.638314730982266
9291905000.0,-53.76050171012237
9296903333.33,-53.54290052800267
9301901666.67,-53.684115834615625
9306900000.0,-53.88094868819734
9311898333.33,-53.6335151215288
9316896666.67,-53.59203438161995
9321895000.0,-53.533704648897064
9326893333.33,-53.4629512952796
9331891666.67,-53.22948470785276
9336890000.0,-53.516335689409544
9341888333.33,-53.29919659616835
9346886666.67,-52.94674703498096
9351885000.0,-52.89064680051819
9356883333.33,-52.93677649299637
9361881666.67,-53.17077801725262
9366880000.0,-53.114276631793786
9371878333.33,-53.251078750269045
9376876666.67,-53.24384849719412
9381875000.0,-53.92801908884784
9386873333.33,-53.47328635828752
9391871666.67,-53.640229783998514
9396870000.0,-53.77509239548556
9401868333.33,-53.67320905207087
9406866666.67,-53.40777517007315
9411865000.0,-53.42585201300746
9416863333.33,-53.10479862213224
9421861666.67,-53.24496416972097
9426860000.0,-53.15759382285465
9431858333.33,-53.13446728150879
9436856666.67,-53.50135530352573
9441855000.0,-53.529591144270945
9446853333.33,-53.75121875998724
9451851666.67,-53.82660015105334
9456850000.0,-53.999065677202395
9461848333.33,-54.078072876015185
9466846666.67,-54.07018421058992
9471845000.0,-54.169931210737076
9476843333.33,-54.32010411928184
9481841666.67,-54.44766246321382
9486840000.0,-54.184064104021424
9491838333.33,-54.26250403898612
9496836666.67,-54.186803248599354
9501835000.0,-53.908663925798805
9506833333.33,-53.91318122478195
9511831666.67,-53.61308888249641
9516830000.0,-53.618713516912074
9521828333.33,-53.60144080683749
9526826666.67,-53.586768231865506
9531825000.0,-53.382624945541906
9536823333.33,-53.74138219859772
9541821666.67,-53.7167339976225
9546820000.0,-53.91229702503046
9551818333.33,-54.21047414931583
9556816666.67,-54.05826494314788
9561815000.0,-54.156737725558024
9566813333.33,-53.804509134327674
9571811666.67,-53.895596346518026
9576810000.0,-53.72839887647853
9581808333.33,-53.96796019372009
9586806666.67,-53.43660477979021
9591805000.0,-53.38434380479832
9596803333.33,-53.22347552813738
9601801666.67,-53.14477179948088
9606800000.0,-53.0676954728382
9611798333.33,-53.076622247360426
9616796666.67,-53.21602055937998
9621795000.0,-53.59651818562508
9626793333.33,-53.46511360106486
9631791666.67,-53.70619337948806
9636790000.0,-53.6044211476855
9641788333.33,-53.562880864378535
9646786666.67,-53.86760113748327
9651785000.0,-53.84398415719297
9656783333.33,-53.75935247331953
9661781666.67,-53.80984132952875
9666780000.0,-53.768267709448736
9671778333.33,-53.24173634033394
9676776666.67,-53.12289419697768
9681775000.0,-53.160987786679186
9686773333.33,-53.01316997253272
9691771666.67,-53.08656297623411
9696770000.0,-52.97862090262595
9701768333.33,-53.124674897359455
9706766666.67,-53.07422241436999
9711765000.0,-53.622770742380396
9716763333.33,-53.69113645399787
9721761666.67,-53.68109722881038
9726760000.0,-54.09963861603096
9731758333.33,-53.9252977076727
9736756666.67,-54.26044880985649
9741755000.0,-54.44290790814958
9746753333.33,-54.45962904761746
9751751666.67,-54.18104891741538
9756750000.0,-54.06159795888342
9761748333.33,-54.293531540621494
9766746666.67,-53.99322201213458
9771745000.0,-53.84505041017702
9776743333.33,-53.71864527819339
9781741666.67,-53.832615141509834
9786740000.0,-53.79487103157772
9791738333.33,-53.46753081727424
9796736666.67,-53.83125276317788
9801735000.0,-53.96384006675012
9806733333.33,-54.078769755990805
9811731666.67,-54.158448283634485
9816730000.0,-54.48743300355705
9821728333.33,-54.40546646036246
9826726666.67,-54.36167499918599
9831725000.0,-54.60126964272742
9836723333.33,-54.157538894694675
9841721666.67,-54.49272167892843
9846720000.0,-54.84001150234028
9851718333.33,-54.10683364909922
9856716666.67,-54.10882290599108
9861715000.0,-54.23450695540734
9866713333.33,-54.207017870113546
9871711666.67,-54.153268138791624
9876710000.0,-54.19228403464973
9881708333.33,-54.18564347545572
9886706666.67,-54.23424188590457
9891705000.0,-54.14663008704657
9896703333.33,-54.382190491944
9901701666.67,-54.652827853494685
9906700000.0,-54.278685046952475
9911698333.33,-54.394691931743154
9916696666.67,-54.70481705886576
9921695000.0,-54.54321027081346
9926693333.33,-54.63070445705618
9931691666.67,-54.262711176242405
9936690000.0,-54.498648551110556
9941688333.33,-54.717490699609655
9946686666.67,-54.539762114439654
9951685000.0,-54.675937190653045
9956683333.33,-54.51139622699639
9961681666.67,-54.30785386507421
9966680000.0,-54.556264531972005
9971678333.33,-54.63341836917416
9976676666.67,-54.414271588014444
9981675000.0,-54.60265372882053
9986673333.33,-54.78431194351884
9991671666.67,-54.6134589016237
9996670000.0,-54.84735536819528
10001668333.3,-54.73544280168346
10006666666.7,-54.955188584667084
10011665000.0,-54.60766738750252
10016663333.3,-54.72768286234968
10021661666.7,-54.57297905756483
10026660000.0,-54.56240911506875
10031658333.3,-54.46436593010642
10036656666.7,-54.23747445778581
10041655000.0,-54.30384814941878
10046653333.3,-54.44968628672801
10051651666.7,-54.22414389577039
10056650000.0,-54.76792375632152
10061648333.3,-54.81179342936956
10066646666.7,-54.75058542260521
10071645000.0,-54.62272543793404
10076643333.3,-55.095496698883935
10081641666.7,-54.72819651729117
10086640000.0,-55.13952569946778
10091638333.3,-54.75150526403955
10096636666.7,-55.213543130813996
10101635000.0,-55.07828039867698
10106633333.3,-55.09181867667848
10111631666.7,-55.0809018987421
10116630000.0,-54.718631482682824
10121628333.3,-54.78954188076323
10126626666.7,-54.564931675944585
10131625000.0,-55.03460921503661
10136623333.3,-54.996896689215546
10141621666.7,-54.965917796230556
10146620000.0,-55.31172819914094
10151618333.3,-55.26269319889626
10156616666.7,-55.422038976399676
10161615000.0,-55.6997701951058
10166613333.3,-55.750785726727415
10171611666.7,-55.54074252886231
10176610000.0,-55.71988015832452
10181608333.3,-56.133406341455874
10186606666.7,-55.582089035361435
10191605000.0,-55.55405272288717
10196603333.3,-55.65568939037385
10201601666.7,-55.23958643585661
10206600000.0,-55.14850180047654
10211598333.3,-55.26623006171725
10216596666.7,-55.1889076368069
10221595000.0,-55.53801863172861
10226593333.3,-54.96822206925604
10231591666.7,-55.24060822388649
10236590000.0,-55.44876541134268
10241588333.3,-55.26109375175942
10246586666.7,-55.292871671205795
10251585000.0,-55.30647558795462
10256583333.3,-55.199320744632494
10261581666.7,-55.48168964997265
10266580000.0,-55.41677785488144
10271578333.3,-55.49235890976558
10276576666.7,-55.17548135368659
10281575000.0,-55.19053504777653
10286573333.3,-55.271904861280056
10291571666.7,-55.160446293729095
10296570000.0,-55.13802409358508
10301568333.3,-55.27727498920207
10306566666.7,-54.894790394266096
10311565000.0,-55.059237860778225
10316563333.3,-55.225083697370465
10321561666.7,-55.55200430582802
10326560000.0,-55.28329632255344
10331558333.3,-55.41224602250349
10336556666.7,-55.364809849881794
10341555000.0,-55.650378136781896
10346553333.3,-55.84251634013205
10351551666.7,-55.84462902609274
10356550000.0,-55.393853671524944
10361548333.3,-55.317704623522474
10366546666.7,-55.4820835300479
10371545000.0,-55.13336129966055
10376543333.3,-55.11810449896453
10381541666.7,-54.97463794330465
10386540000.0,-55.350747069768445
10391538333.3,-54.783884849045734
10396536666.7,-55.578650395573035
10401535000.0,-55.28689870618482
10406533333.3,-55.47259057102934
10411531666.7,-55.69529202500044
10416530000.0,-55.46566213328678
10421528333.3,-55.42912692830608
10426526666.7,-55.72828453800245
10431525000.0,-55.6981518165816
10436523333.3,-55.81848323534124
10441521666.7,-55.50366297037607
10446520000.0,-55.253873955671935
10451518333.3,-55.547562228935675
10456516666.7,-55.45687037140144
10461515000.0,-55.47559822757948
10466513333.3,-55.31655577835072
10471511666.7,-55.614777299371816
10476510000.0,-55.764693783520265
10481508333.3,-55.77213393767754
10486506666.7,-55.696812209497004
10491505000.0,-55.80578514897542
10496503333.3,-56.07374771219771
10501501666.7,-55.79809853837177
10506500000.0,-56.158490315479725
10511498333.3,-56.237731843333016
10516496666.7,-55.884468404523645
10521495000.0,-55.69439400035818
10526493333.3,-55.59510927840387
10531491666.7,-55.73125526233207
10536490000.0,-55.67405816396365
10541488333.3,-55.8561595629198
10546486666.7,-55.69533086512119
10551485000.0,-55.460930862118964
10556483333.3,-55.53817843982388
10561481666.7,-55.58906364861696
10566480000.0,-55.48577960641382
10571478333.3,-55.5204363855505
10576476666.7,-56.00365296614308
10581475000.0,-56.213177873968036
10586473333.3,-56.25339927797484
10591471666.7,-55.6936411120804
10596470000.0,-56.10137690669206
10601468333.3,-55.97481408537017
10606466666.7,-56.024734444727414
10611465000.0,-55.70438870562026
10616463333.3,-56.201933893656566
10621461666.7,-55.85094882553057
10626460000.0,-55.597545990069
10631458333.3,-55.9182498389542
10636456666.7,-55.7045653833461
10641455000.0,-55.85507815383384
10646453333.3,-55.720574288864206
10651451666.7,-55.552065615485226
10656450000.0,-55.8176361963391
10661448333.3,-55.94854478620533
10666446666.7,-55.94493673896374
10671445000.0,-56.40349521417911
10676443333.3,-55.96016903532637
10681441666.7,-56.28135541046447
10686440000.0,-56.211014681933314
10691438333.3,-56.094109494485025
10696436666.7,-56.21031152509667
10701435000.0,-55.825844918045526
10706433333.3,-55.89651546587498
10711431666.7,-55.70687767645517
10716430000.0,-55.87975630968593
10721428333.3,-55.57888142781505
10726426666.7,-55.43421341619766
10731425000.0,-55.77038793365632
10736423333.3,-55.917482499550914
10741421666.7,-55.73958879545351
10746420000.0,-55.66729144959017
10751418333.3,-55.85065941706556
10756416666.7,-56.390000375125425
10761415000.0,-55.868531631148066
10766413333.3,-56.513925202753484
10771411666.7,-56.46189091965216
10776410000.0,-56.633667934869635
10781408333.3,-56.376394940074526
10786406666.7,-56.62103572457302
10791405000.0,-56.63342820006454
10796403333.3,-56.70993868087009
10801401666.7,-56.21614732171214
10806400000.0,-56.433400030793536
10811398333.3,-56.06789425391975
10816396666.7,-56.68663275102328
10821395000.0,-56.27317509893043
10826393333.3,-56.54371064978389
10831391666.7,-56.844798069921424
10836390000.0,-56.786955050454104
10841388333.3,-56.78043627448878
10846386666.7,-57.00982278508811
10851385000.0,-57.108959304802255
10856383333.3,-57.204019818848494
10861381666.7,-57.447483335084186
10866380000.0,-56.834666465588924
10871378333.3,-57.50927262631953
10876376666.7,-57.14116448202759
10881375000.0,-57.0738778411856
10886373333.3,-57.039042696205506
10891371666.7,-57.13178778623985
10896370000.0,-56.89839828368473
10901368333.3,-56.90571413365436
10906366666.7,-56.77248032781901
10911365000.0,-56.50414047115464
10916363333.3,-56.788432333606984
10921361666.7,-56.81529082858387
10926360000.0,-57.16870705985876
10931358333.3,-56.96300564401465
10936356666.7,-56.910595301189765
10941355000.0,-57.11635394513631
10946353333.3,-57.20494158956977
10951351666.7,-56.61087502316998
10956350000.0,-57.00544515713158
10961348333.3,-56.52675484270357
10966346666.7,-56.51279305313701
10971345000.0,-56.710574824309404
10976343333.3,-56.849723547261235
10981341666.7,-56.36341692936366
10986340000.0,-56.5896690120637
10991338333.3,-56.59980680967789
10996336666.7,-56.62982541183365
11001335000.0,-56.24317065772192
11006333333.3,-56.54118985598744
11011331666.7,-56.511892852377066
11016330000.0,-57.004334977319544
11021328333.3,-57.14829524588492
11026326666.7,-56.61162700101019
11031325000.0,-56.86701884398797
11036323333.3,-56.9494607778644
11041321666.7,-57.235808222299475
11046320000.0,-56.801857818097396
11051318333.3,-57.03103103916796
11056316666.7,-56.85115654836598
11061315000.0,-56.91107231067836
11066313333.3,-56.27553906575657
11071311666.7,-56.99325825476998
11076310000.0,-56.965690766618124
11081308333.3,-56.896215478194605
11086306666.7,-56.89263617252127
11091305000.0,-57.39651665965033
11096303333.3,-57.077091788903196
11101301666.7,-57.42037611941438
11106300000.0,-57.829704353178755
11111298333.3,-57.42996003735244
11116296666.7,-57.757582339072655
11121295000.0,-58.05237822615155
11126293333.3,-57.89049019917407
11131291666.7,-57.68692969686131
11136290000.0,-57.83489373330535
11141288333.3,-57.2990638271225
11146286666.7,-57.435651563016926
11151285000.0,-57.262317534895445
11156283333.3,-57.629887581336654
11161281666.7,-57.632606104311435
11166280000.0,-57.448695048272775
11171278333.3,-57.914311469054596
11176276666.7,-57.154398323312805
11181275000.0,-57.50294636334723
11186273333.3,-57.62020230671486
11191271666.7,-57.5775920820232
11196270000.0,-57.93583022847823
11201268333.3,-58.20141136942382
11206266666.7,-57.970008358815576
11211265000.0,-57.679506992111214
11216263333.3,-57.92520090193374
11221261666.7,-58.09005513249683
11226260000.0,-57.589891609430445
11231258333.3,-57.515792617398475
11236256666.7,-57.24712396238755
11241255000.0,-57.539062218066704
11246253333.3,-57.08420882645758
11251251666.7,-57.07433855571218
11256250000.0,-57.38679619890896
11261248333.3,-57.393930935694826
11266246666.7,-56.89636425048651
11271245000.0,-56.855681159128096
11276243333.3,-57.11347244651836
11281241666.7,-57.22716650887805
11286240000.0,-57.03341263846123
11291238333.3,-57.17963497245988
11296236666.7,-57.36603334420842
11301235000.0,-57.4064777645482
11306233333.3,-57.27421735028355
11311231666.7,-57.05551329885762
11316230000.0,-57.02457330148367
11321228333.3,-56.85473132918794
11326226666.7,-57.190212513782484
11331225000.0,-56.863317412823065
11336223333.3,-57.25371603035555
11341221666.7,-56.637730599034235
11346220000.0,-57.10355197311449
11351218333.3,-57.42590394963287
11356216666.7,-57.27268355949721
11361215000.0,-57.04457491064786
11366213333.3,-57.49704056826131
11371211666.7,-57.493559527310616
11376210000.0,-57.78935261625898
11381208333.3,-57.50771510109697
11386206666.7,-57.53551596097593
11391205000.0,-57.259455156669496
11396203333.3,-57.538237243747226
11401201666.7,-57.711676853059906
11406200000.0,-57.064996705876524
11411198333.3,-57.30574141401752
11416196666.7,-57.55334900091373
11421195000.0,-56.996347077301934
11426193333.3,-57.032970600755675
11431191666.7,-57.30896319492838
11436190000.0,-57.24750452184501
11441188333.3,-57.76534836641217
11446186666.7,-57.032631337085384
11451185000.0,-57.582081660335604
11456183333.3,-57.4210803520402
11461181666.7,-57.76755417471812
11466180000.0,-58.12457040643817
11471178333.3,-57.89376819337601
11476176666.7,-57.32100214537229
11481175000.0,-57.70822724318619
11486173333.3,-57.453908952320546
11491171666.7,-57.198822241881224
11496170000.0,-57.379415279914106
11501168333.3,-56.854519417989415
11506166666.7,-56.59910598256136
11511165000.0,-57.145065376713795
11516163333.3,-57.31641614483302
11521161666.7,-57.54673721370981
11526160000.0,-57.88070046009704
11531158333.3,-57.38247709969506
11536156666.7,-57.855147063937125
11541155000.0,-57.22504992183211
11546153333.3,-57.803950813321066
11551151666.7,-57.49838812983818
11556150000.0,-57.49794370635439
11561148333.3,-57.404449837204325
11566146666.7,-57.462082845280904
11571145000.0,-57.285587679083676
11576143333.3,-57.31810136965549
11581141666.7,-57.278153839810024
11586140000.0,-56.93213571654446
11591138333.3,-56.77654899582555
11596136666.7,-56.89817305181646
11601135000.0,-57.10071531430942
11606133333.3,-57.093943649887976
11611131666.7,-57.25282790042354
11616130000.0,-57.53693275855068
11621128333.3,-57.27628342412893
11626126666.7,-57.26106112965667
11631125000.0,-57.354676208162374
11636123333.3,-57.65616704051094
11641121666.7,-57.49223220661604
11646120000.0,-57.75150570892894
11651118333.3,-57.289003895620276
11656116666.7,-57.85406824878073
11661115000.0,-57.30454098418463
11666113333.3,-57.25566356123967
11671111666.7,-57.115055136184466
11676110000.0,-57.398965544670666
11681108333.3,-57.02841489640595
11686106666.7,-56.90399229365216
11691105000.0,-56.98403639562208
11696103333.3,-57.17694063071726
11701101666.7,-57.39243083991667
11706100000.0,-57.45779733895827
11711098333.3,-57.54534048459305
11716096666.7,-57.57698775217421
11721095000.0,-57.790398391537934
11726093333.3,-57.55050914931486
11731091666.7,-57.645787901103105
11736090000.0,-57.236697710988686
11741088333.3,-57.52916461943236
11746086666.7,-57.044436060008366
11751085000.0,-57.46948479878191
11756083333.3,-57.532557660702054
11761081666.7,-57.15338459013026
11766080000.0,-56.84795446349459
11771078333.3,-57.437958182005715
11776076666.7,-57.265215479126184
11781075000.0,-57.11926953473721
11786073333.3,-57.17063748280572
11791071666.7,-57.493168765789726
11796070000.0,-57.78458157339944
11801068333.3,-57.937173710628144
11806066666.7,-57.87846425008287
11811065000.0,-58.0482492874265
11816063333.3,-57.91202443864783
11821061666.7,-58.526759995643296
11826060000.0,-57.52566827790365
11831058333.3,-58.154619865649614
11836056666.7,-57.8247832729295
11841055000.0,-57.60454651601723
11846053333.3,-57.848213104002895
11851051666.7,-57.610054744553025
11856050000.0,-57.47415878004048
11861048333.3,-57.46080420308408
11866046666.7,-57.2169592244773
11871045000.0,-57.194260680842355
11876043333.3,-57.86254255993468
11881041666.7,-57.59644604481056
11886040000.0,-57.87923771146747
11891038333.3,-57.83173715910123
11896036666.7,-57.56278133396232
11901035000.0,-58.30111747692466
11906033333.3,-58.124681719031095
11911031666.7,-58.20789745260736
11916030000.0,-57.8200392202454
11921028333.3,-58.12152149851108
11926026666.7,-57.69844718639823
11931025000.0,-57.81227243610196
11936023333.3,-57.83861176590213
11941021666.7,-58.01953201775512
11946020000.0,-58.20693449306145
11951018333.3,-57.90374671559615
11956016666.7,-58.0464718139444
11961015000.0,-58.13104675296857
11966013333.3,-57.85023100358896
11971011666.7,-57.57460544342898
11976010000.0,-58.37577035591355
11981008333.3,-58.2718866420464
11986006666.7,-58.450991503924996
11991005000.0,-57.47757486270541
11996003333.3,-58.143140095847684
12001001666.7,-58.044635935688405
12006000000.0,-57.3604293989745
12010998333.3,-57.38760125060289
12015996666.7,-56.79364411911165
12020995000.0,-57.35862767815583
12025993333.3,-56.92329698216925
12030991666.7,-57.1265499426367
12035990000.0,-57.297365744461345
12040988333.3,-57.109973575629056
12045986666.7,-57.21926859379265
12050985000.0,-58.09105366001906
12055983333.3,-57.25156792622788
12060981666.7,-57.705314225573076
12065980000.0,-57.20156875311355
12070978333.3,-57.975153812224455
12075976666.7,-57.3365893113248
12080975000.0,-57.6998009997359
12085973333.3,-57.34147970786375
12090971666.7,-57.306575397863554
12095970000.0,-57.17788445909516
12100968333.3,-56.93096390525498
12105966666.7,-56.968984299224644
12110965000.0,-57.27170601565838
12115963333.3,-57.13699807088139
12120961666.7,-56.8195420150995
12125960000.0,-57.586682371953025
12130958333.3,-57.298650548214916
12135956666.7,-58.243397451473754
12140955000.0,-57.789694704749756
12145953333.3,-57.710216542953596
12150951666.7,-57.86965720860499
12155950000.0,-57.84091010973529
12160948333.3,-57.81674668693955
12165946666.7,-58.13746390605671
12170945000.0,-58.14192149087522
12175943333.3,-58.03020960097716
12180941666.7,-57.870191697420445
12185940000.0,-57.88271980406181
12190938333.3,-57.36878163147281
12195936666.7,-57.45591239381338
12200935000.0,-57.364511427946034
12205933333.3,-57.75744745372016
12210931666.7,-57.92131410067051
12215930000.0,-57.593280567804676
12220928333.3,-57.85069151037128
12225926666.7,-57.7293126813032
12230925000.0,-57.83163993277924
12235923333.3,-57.856494107490384
12240921666.7,-57.99781942045618
12245920000.0,-58.09636787774764
12250918333.3,-57.973592913320516
12255916666.7,-57.73155040496566
12260915000.0,-58.33061984591478
12265913333.3,-58.37255893212861
12270911666.7,-57.71088134031412
12275910000.0,-57.95079480427245
12280908333.3,-57.497210598377734
12285906666.7,-57.18207248746677
12290905000.0,-57.869275422163334
12295903333.3,-57.59649202327076
12300901666.7,-57.964636150013405
12305900000.0,-57.5044914424414
12310898333.3,-57.47023907038294
12315896666.7,-57.58210144522021
12320895000.0,-57.55611758258251
12325893333.3,-57.189627849924385
12330891666.7,-57.210295878703235
12335890000.0,-56.85735371247165
12340888333.3,-57.16478316806806
12345886666.7,-57.11646785139895
12350885000.0,-57.076307580432925
12355883333.3,-56.92851114149793
12360881666.7,-56.28372970081243
12365880000.0,-57.10858025110383
12370878333.3,-56.79242408929624
12375876666.7,-56.81313081361647
12380875000.0,-56.85714945668483
12385873333.3,-56.759589875622616
12390871666.7,-57.259236046538575
12395870000.0,-57.81799621564549
12400868333.3,-57.254292113727914
12405866666.7,-57.25597910119937
12410865000.0,-57.528126530175854
12415863333.3,-57.53608164029945
12420861666.7,-57.83797292885731
12425860000.0,-57.564018800629874
12430858333.3,-57.42606978114232
12435856666.7,-58.011648143603296
12440855000.0,-57.262397810541195
12445853333.3,-57.556695380562175
12450851666.7,-57.50326330284131
12455850000.0,-57.71735197430278
12460848333.3,-57.02060105261518
12465846666.7,-57.79142231850825
12470845000.0,-57.80134791983536
12475843333.3,-58.327652209129035
12480841666.7,-58.09856778775409
12485840000.0,-58.08073504024691
12490838333.3,-58.07871233477917
12495836666.7,-58.31443562019199
12500835000.0,-58.444086822539404
12505833333.3,-59.15041347837458
12510831666.7,-58.700906978272855
12515830000.0,-58.58510594736451
12520828333.3,-58.593427647517004
12525826666.7,-58.63332716628133
12530825000.0,-58.168329692690506
12535823333.3,-58.185310746302356
12540821666.7,-58.46633039312792
12545820000.0,-58.226457855651304
12550818333.3,-58.1865840043678
12555816666.7,-58.11384895911961
12560815000.0,-58.430459390248245
12565813333.3,-58.10336444385837
12570811666.7,-58.507224250000355
12575810000.0,-58.49615298779729
12580808333.3,-58.2823520170533
12585806666.7,-59.350638968622135
12590805000.0,-58.86998802468412
12595803333.3,-58.74421409041992
12600801666.7,-58.51367872759045
12605800000.0,-58.1684387086048
12610798333.3,-58.317746361756974
12615796666.7,-58.0699164281196
12620795000.0,-57.84947524453183
12625793333.3,-58.18324578446706
12630791666.7,-58.3779165979844
12635790000.0,-58.69978814398416
12640788333.3,-58.37239879169932
12645786666.7,-58.10460732377709
12650785000.0,-58.22383453146421
12655783333.3,-58.784689140607284
12660781666.7,-58.30227916473806
12665780000.0,-58.02615321335434
12670778333.3,-58.489852991527805
12675776666.7,-59.11480354097269
12680775000.0,-58.857795683326074
12685773333.3,-58.682338570146804
12690771666.7,-58.62802136587411
12695770000.0,-58.999816189669964
12700768333.3,-58.37862762666197
12705766666.7,-58.61160870348756
12710765000.0,-57.90311266447449
12715763333.3,-57.99523779502282
12720761666.7,-57.78757048919069
12725760000.0,-58.45797879794767
12730758333.3,-58.737089724229094
12735756666.7,-58.78962567542209
12740755000.0,-58.8291501963666
12745753333.3,-59.25504502821114
12750751666.7,-58.83021508975662
12755750000.0,-58.550451115712164
12760748333.3,-59.17719035234681
12765746666.7,-59.18641666498822
12770745000.0,-59.234932816923376
12775743333.3,-58.593247413534414
12780741666.7,-58.84149949037622
12785740000.0,-58.6965745910171
12790738333.3,-58.89294929236805
12795736666.7,-58.710353082745684
12800735000.0,-58.55076980435288
12805733333.3,-58.87351873204925
12810731666.7,-58.88396130732158
12815730000.0,-59.098068367312834
12820728333.3,-59.02067721495165
12825726666.7,-59.48935654864797
12830725000.0,-59.809749063628466
12835723333.3,-59.48783069803796
12840721666.7,-59.258116557118385
12845720000.0,-60.10847398670431
12850718333.3,-59.59622019069867
12855716666.7,-59.21184538180857
12860715000.0,-59.679412963483855
12865713333.3,-59.438679317246006
12870711666.7,-59.1028004206014
12875710000.0,-59.01415366291946
12880708333.3,-59.49024238437236
12885706666.7,-59.28040550985052
12890705000.0,-59.24773542864536
12895703333.3,-59.22017675153146
12900701666.7,-59.18929540616674
12905700000.0,-59.17231745266495
12910698333.3,-59.199848587980725
12915696666.7,-59.395259640618264
12920695000.0,-59.15802149386831
12925693333.3,-59.38280263318353
12930691666.7,-59.22306064127589
12935690000.0,-59.20045047735111
12940688333.3,-58.79482709255703
12945686666.7,-59.59319926019099
12950685000.0,-59.310680958884404
12955683333.3,-59.230129287489305
12960681666.7,-59.43162397860185
12965680000.0,-59.25247121205433
12970678333.3,-59.22961455727054
12975676666.7,-58.70365589666353
12980675000.0,-59.02794083524217
12985673333.3,-59.65754967709068
12990671666.7,-59.41599156127591
12995670000.0,-60.079703909497184
13000668333.3,-59.71074471861474
13005666666.7,-59.61529340701212
13010665000.0,-60.130172019117644
13015663333.3,-59.851505541553045
13020661666.7,-59.654944998271546
13025660000.0,-60.03144693156883
13030658333.3,-59.50300746459572
13035656666.7,-59.900971929365305
13040655000.0,-59.32395355025959
13045653333.3,-59.615344097380444
13050651666.7,-59.08111391454931
13055650000.0,-58.94575931693765
13060648333.3,-58.976258736001085
13065646666.7,-58.838020444647526
13070645000.0,-59.03795676944028
13075643333.3,-59.19385751658058
13080641666.7,-59.09664764918908
13085640000.0,-58.417611981225825
13090638333.3,-59.34600254999536
13095636666.7,-58.71083354129372
13100635000.0,-59.84034947128898
13105633333.3,-59.877446538888506
13110631666.7,-59.52327895973334
13115630000.0,-58.98035060003983
13120628333.3,-59.21706084969297
13125626666.7,-59.37902336413397
13130625000.0,-59.1109578548432
13135623333.3,-59.0271834090726
13140621666.7,-59.21783653394858
13145620000.0,-59.04958979053383
13150618333.3,-59.313673460754686
13155616666.7,-59.63569317165512
13160615000.0,-59.098968396984205
13165613333.3,-58.72499572103533
13170611666.7,-59.3254048078446
13175610000.0,-58.898331196782365
13180608333.3,-59.31310161708727
13185606666.7,-59.57344644048391
13190605000.0,-59.202077703911755
13195603333.3,-59.37059263575472
13200601666.7,-59.476899943942485
13205600000.0,-59.44418493134763
13210598333.3,-59.12241857659182
13215596666.7,-59.32482570631345
13220595000.0,-59.37032121459042
13225593333.3,-58.86862050280791
13230591666.7,-59.583438113905416
13235590000.0,-59.423735991222806
13240588333.3,-59.32121829747447
13245586666.7,-59.26971724884925
13250585000.0,-59.00574315865225
13255583333.3,-59.73821195634315
13260581666.7,-59.7285497844664
13265580000.0,-60.15534526327219
13270578333.3,-59.959234521289616
13275576666.7,-59.541056883976836
13280575000.0,-59.9313819827742
13285573333.3,-60.02634629906524
13290571666.7,-59.9904874903894
13295570000.0,-59.99628781254873
13300568333.3,-59.38229926191869
13305566666.7,-60.01132030703762
13310565000.0,-59.8512101134576
13315563333.3,-59.82377714211814
13320561666.7,-60.11917012211921
13325560000.0,-59.95589463668079
13330558333.3,-59.814654287378985
13335556666.7,-59.92166390215224
13340555000.0,-59.73565420975815
13345553333.3,-59.89833738707152
13350551666.7,-59.55707896002036
13355550000.0,-59.99431004215615
13360548333.3,-59.85409557275811
13365546666.7,-60.1692113169065
13370545000.0,-59.64225572840962
13375543333.3,-59.58735389453982
13380541666.7,-59.912897352978945
13385540000.0,-59.34275765443377
13390538333.3,-59.90889688615428
13395536666.7,-59.5408203708826
13400535000.0,-59.40582471367544
13405533333.3,-59.253252228174986
13410531666.7,-59.66008484253778
13415530000.0,-59.614536076675435
13420528333.3,-59.971973619071576
13425526666.7,-59.93748219042488
13430525000.0,-60.26420171313266
13435523333.3,-60.57250606399706
13440521666.7,-60.451734519928415
13445520000.0,-60.401075994139944
13450518333.3,-59.591079288777145
13455516666.7,-60.538286629771605
13460515000.0,-59.833944867567766
13465513333.3,-60.29592096130041
13470511666.7,-60.37867847386235
13475510000.0,-60.36224938180393
13480508333.3,-59.7651679321821
13485506666.7,-59.961352463184156
13490505000.0,-59.84826640848918
13495503333.3,-59.84431265336863
13500501666.7,-59.6917523928126
13505500000.0,-60.25154089056152
13510498333.3,-60.49452257807481
13515496666.7,-60.02323141934431
13520495000.0,-59.97671322713523
13525493333.3,-60.603658814211194
13530491666.7,-60.15978392654127
13535490000.0,-60.19521367500048
13540488333.3,-60.309002366875866
13545486666.7,-59.96900631353844
13550485000.0,-60.381322306839195
13555483333.3,-60.58345101287843
13560481666.7,-60.58195691003195
13565480000.0,-60.80970824687448
13570478333.3,-61.07887618471855
13575476666.7,-60.509166483929974
13580475000.0,-60.79808830235799
13585473333.3,-61.17493595977003
13590471666.7,-61.10927911999967
13595470000.0,-60.96413725504462
13600468333.3,-61.467381038954144
13605466666.7,-61.53603303195034
13610465000.0,-61.68440113402539
13615463333.3,-61.57311335626356
13620461666.7,-61.09060306193476
13625460000.0,-61.009096019008425
13630458333.3,-61.2037161759367
13635456666.7,-62.139231483271956
13640455000.0,-61.60829068493722
13645453333.3,-61.07315764378055
13650451666.7,-61.298905939607806
13655450000.0,-61.12203154392424
13660448333.3,-61.21286952124202
13665446666.7,-60.38818030547634
13670445000.0,-61.11419673703622
13675443333.3,-60.84660123803886
13680441666.7,-60.61513091210685
13685440000.0,-61.47047601154756
13690438333.3,-60.88227587891276
13695436666.7,-60.6054302312107
13700435000.0,-60.58937933119278
13705433333.3,-60.24342274039036
13710431666.7,-60.810942807740176
13715430000.0,-60.98274531765505
13720428333.3,-60.20084471444672
13725426666.7,-59.653325149023566
13730425000.0,-60.81566653512945
13735423333.3,-60.00524698931632
13740421666.7,-60.10016172786454
13745420000.0,-61.18341190246598
13750418333.3,-60.49352239801394
13755416666.7,-60.881858614652494
13760415000.0,-61.20297537098577
13765413333.3,-61.2339543192402
13770411666.7,-60.70433131596205
13775410000.0,-60.685632042385
13780408333.3,-61.567495982316885
13785406666.7,-60.941429778322764
13790405000.0,-61.37258107436338
13795403333.3,-60.92772455446054
13800401666.7,-61.07663062409379
13805400000.0,-60.93797375433163
13810398333.3,-61.15130314516004
13815396666.7,-61.87616395622338
13820395000.0,-60.94038670734518
13825393333.3,-60.73611938921146
13830391666.7,-61.09813312691805
13835390000.0,-60.63407377230771
13840388333.3,-60.95853780604849
13845386666.7,-61.441521173074605
13850385000.0,-60.83724613794797
13855383333.3,-61.713756321084844
13860381666.7,-61.5787613355287
13865380000.0,-60.68080266517246
13870378333.3,-61.66360928725524
13875376666.7,-62.22179619646907
13880375000.0,-61.34730481422438
13885373333.3,-61.68565117249247
13890371666.7,-61.47821220665538
13895370000.0,-61.14362491386664
13900368333.3,-61.428757017475384
13905366666.7,-61.14594987312715
13910365000.0,-60.960783615851994
13915363333.3,-61.52888216938141
13920361666.7,-61.10595420863818
13925360000.0,-61.42321826651069
13930358333.3,-62.122499559061396
13935356666.7,-61.82753299380461
13940355000.0,-61.55834169945515
13945353333.3,-61.13202690693103
13950351666.7,-61.348238383016
13955350000.0,-61.84577966254649
13960348333.3,-61.59854503527783
13965346666.7,-62.00536347320935
13970345000.0,-60.507259287997556
13975343333.3,-60.73105767391144
13980341666.7,-60.499342011241225
13985340000.0,-60.50858817168656
13990338333.3,-60.90156889530991
13995336666.7,-60.26185354719301
14000335000.0,-60.24812068274958
14005333333.3,-60.159783767121986
14010331666.7,-60.42713587781981
14015330000.0,-60.13853602085089
14020328333.3,-61.04329797442162
14025326666.7,-60.425859184019224
14030325000.0,-60.49380599072579
14035323333.3,-60.87418816857915
14040321666.7,-60.426947177122095
14045320000.0,-60.20382505700095
14050318333.3,-60.56384122994078
14055316666.7,-60.10331946949763
14060315000.0,-60.1520711021028
14065313333.3,-60.37551448436041
14070311666.7,-59.8743370848338
14075310000.0,-60.860328079536515
14080308333.3,-60.63270310852133
14085306666.7,-60.03965077645994
14090305000.0,-61.188577541941704
14095303333.3,-60.5532651591258
14100301666.7,-60.47629422439867
14105300000.0,-60.04723706046812
14110298333.3,-60.94493197144018
14115296666.7,-60.66405113614099
14120295000.0,-61.394539765900504
14125293333.3,-61.66006421711348
14130291666.7,-61.317746124961154
14135290000.0,-61.5389709191869
14140288333.3,-61.402609617191274
14145286666.7,-61.525731468682814
14150285000.0,-60.099396165339385
14155283333.3,-61.29070350649101
14160281666.7,-61.291321189095235
14165280000.0,-61.02331414243188
14170278333.3,-60.63815876666514
14175276666.7,-60.44051951542106
14180275000.0,-61.174392781624434
14185273333.3,-60.91097704245303
14190271666.7,-61.171948786170915
14195270000.0,-60.8361345735283
14200268333.3,-60.65808529651872
14205266666.7,-61.395635380329736
14210265000.0,-61.151173939535994
14215263333.3,-61.646178307728505
14220261666.7,-61.77582778815178
14225260000.0,-60.916135618392005
14230258333.3,-60.474192545408854
14235256666.7,-60.88822366468585
14240255000.0,-61.66500693627689
14245253333.3,-61.5051444140455
14250251666.7,-60.350216520525954
14255250000.0,-61.1234320447121
14260248333.3,-61.76391213899497
14265246666.7,-61.770035089268106
14270245000.0,-61.561471007126414
14275243333.3,-61.510681298893886
14280241666.7,-61.01412446565583
14285240000.0,-61.83776439114425
14290238333.3,-61.294458888916424
14295236666.7,-61.904843727263376
14300235000.0,-61.86727636635733
14305233333.3,-61.98207981646776
14310231666.7,-61.49710086397212
14315230000.0,-62.288933678642564
14320228333.3,-61.43463295169749
14325226666.7,-61.34545443398895
14330225000.0,-60.82732404745635
14335223333.3,-61.690377812961344
14340221666.7,-61.19087472775122
14345220000.0,-61.26022021259813
14350218333.3,-60.9947067117048
14355216666.7,-61.65271794802984
14360215000.0,-61.29408866311724
14365213333.3,-61.68606177013247
14370211666.7,-61.215332463537564
14375210000.0,-62.17822245972616
14380208333.3,-61.84918824720608
14385206666.7,-61.90270048260872
14390205000.0,-61.92106865990823
14395203333.3,-61.53896113677541
14400201666.7,-61.88857132585194
14405200000.0,-60.93979926859709
14410198333.3,-61.06409046147405
14415196666.7,-61.36058118624369
14420195000.0,-61.19733353141132
14425193333.3,-61.40542178314348
14430191666.7,-61.88036603097792
14435190000.0,-62.02465611809782
14440188333.3,-61.341163629363066
14445186666.7,-62.170386667026165
14450185000.0,-61.945980741355264
14455183333.3,-62.50578544514436
14460181666.7,-62.33931405953421
14465180000.0,-62.70890575767238
14470178333.3,-61.87890842835304
14475176666.7,-62.80809428831774
14480175000.0,-62.508959741246144
14485173333.3,-62.03463842602606
14490171666.7,-62.64180249424267
14495170000.0,-62.00378867232429
14500168333.3,-62.90744674285145
14505166666.7,-61.90296351670551
14510165000.0,-62.05037409824695
14515163333.3,-61.77947671040691
14520161666.7,-62.68662447945208
14525160000.0,-62.94791781297347
14530158333.3,-62.72117676480339
14535156666.7,-62.61391139401728
14540155000.0,-63.49184859349216
14545153333.3,-63.29171176877566
14550151666.7,-63.116583839242296
14555150000.0,-63.19334625459901
14560148333.3,-63.66034857591322
14565146666.7,-63.17455903152595
14570145000.0,-63.17819038971996
14575143333.3,-63.07264177994038
14580141666.7,-62.62562004924338
14585140000.0,-63.67803355454094
14590138333.3,-63.24137375487379
14595136666.7,-63.22992725060267
14600135000.0,-63.12149126468256
14605133333.3,-62.43759573598928
14610131666.7,-62.15921137317419
14615130000.0,-63.308877490665274
14620128333.3,-62.83829448851505
14625126666.7,-62.6233846404685
14630125000.0,-62.779327013354006
14635123333.3,-62.88484357120489
14640121666.7,-63.11565053251663
14645120000.0,-62.74168167389242
14650118333.3,-62.82538891415331
14655116666.7,-62.78013912386869
14660115000.0,-62.91015835574331
14665113333.3,-61.90515237045992
14670111666.7,-62.14619134926809
14675110000.0,-62.29369718273803
14680108333.3,-62.850797387809145
14685106666.7,-62.91009503988487
14690105000.0,-62.508241776060416
14695103333.3,-62.39423875283576
14700101666.7,-62.94126726929974
14705100000.0,-63.1668358051495
14710098333.3,-62.873295202738746
14715096666.7,-63.13799150704491
14720095000.0,-62.97551037259368
14725093333.3,-63.105984050201826
14730091666.7,-61.97456636078347
14735090000.0,-62.833792767413584
14740088333.3,-62.25301610685282
14745086666.7,-63.02100909461501
14750085000.0,-62.43177125012696
14755083333.3,-62.41693647431747
14760081666.7,-62.54224392191185
14765080000.0,-62.542707756670104
14770078333.3,-61.60526139186058
14775076666.7,-62.3972627952123
14780075000.0,-61.906876168634454
14785073333.3,-62.40271071722582
14790071666.7,-62.781262732046336
14795070000.0,-62.548389427866994
14800068333.3,-62.93813253791014
14805066666.7,-62.041573754433074
14810065000.0,-64.16141362402156
14815063333.3,-63.67340858242902
14820061666.7,-63.74915077311603
14825060000.0,-62.689262634843985
14830058333.3,-62.028726609474134
14835056666.7,-62.67017641740925
14840055000.0,-63.692055999014855
14845053333.3,-62.81624944157499
14850051666.7,-62.83320674144921
14855050000.0,-63.792090137948506
14860048333.3,-63.39420085249452
14865046666.7,-62.84225643205053
14870045000.0,-63.213177482073164
14875043333.3,-63.27591328478193
14880041666.7,-63.79132186002221
14885040000.0,-63.72801458100024
14890038333.3,-64.03588837085249
14895036666.7,-64.36698592150134
14900035000.0,-64.09917105706835
14905033333.3,-64.75260856530554
14910031666.7,-64.26172895124994
14915030000.0,-64.40097499877375
14920028333.3,-64.52441117695633
14925026666.7,-63.16531861718619
14930025000.0,-62.91662701640554
14935023333.3,-63.92729876514089
14940021666.7,-63.79477863527925
14945020000.0,-63.44118438204771
14950018333.3,-62.93963094002735
14955016666.7,-62.54380852338768
14960015000.0,-62.338601156161566
14965013333.3,-62.55595321847445
14970011666.7,-63.18714058600421
14975010000.0,-62.37186354639799
14980008333.3,-62.99483782419277
14985006666.7,-62.54311079670417
14990005000.0,-62.5306497317695
14995003333.3,-62.997868195255094
15000001666.7,-62.98747430445883
15005000000.0,-63.52172344871482
15009998333.3,-62.569131602220466
15014996666.7,-62.28467264718199
15019995000.0,-62.42014055498635
15024993333.3,-63.212450135336134
15029991666.7,-62.6864053581191
15034990000.0,-62.11043560443172
15039988333.3,-62.588655655699654
15044986666.7,-63.06059318585264
15049985000.0,-62.84248134798951
15054983333.3,-62.20322946118539
15059981666.7,-62.228908860361585
15064980000.0,-63.45207943435825
15069978333.3,-63.09470217292482
15074976666.7,-62.7393185653336
15079975000.0,-61.359103741781766
15084973333.3,-63.27396507117116
15089971666.7,-62.77581777388257
15094970000.0,-62.54346959902805
15099968333.3,-62.360494245230676
15104966666.7,-63.31367292542447
15109965000.0,-61.89881709590346
15114963333.3,-62.45468324940162
15119961666.7,-62.27494604098359
15124960000.0,-61.97518020199814
15129958333.3,-62.3199017906552
15134956666.7,-62.692099683827756
15139955000.0,-63.27807942974577
15144953333.3,-62.460248830392885
15149951666.7,-62.39487189959738
15154950000.0,-63.504335326463384
15159948333.3,-63.01315911440191
15164946666.7,-63.2444974149756
15169945000.0,-62.93635431382406
15174943333.3,-64.22777681574823
15179941666.7,-64.3774204922489
15184940000.0,-63.856436861753146
15189938333.3,-63.6094456325052
15194936666.7,-63.84618901350645
15199935000.0,-63.803759593094036
15204933333.3,-63.3839612936105
15209931666.7,-63.000789277053
15214930000.0,-63.74710544084125
15219928333.3,-64.41992066524291
15224926666.7,-63.82974747795153
15229925000.0,-63.77622403022326
15234923333.3,-63.69245526581863
15239921666.7,-64.36709603595769
15244920000.0,-64.12003696002427
15249918333.3,-65.72884904211479
15254916666.7,-64.35179910752379
15259915000.0,-63.88505869083589
15264913333.3,-64.2728990718347
15269911666.7,-64.20614168169821
15274910000.0,-65.43689209223547
15279908333.3,-65.46464714069931
15284906666.7,-64.98569612669363
15289905000.0,-64.86254338601765
15294903333.3,-64.05562779840568
15299901666.7,-63.82582548626071
15304900000.0,-64.3137928095353
15309898333.3,-64.72350595593187
15314896666.7,-64.62638951846021
15319895000.0,-63.94342610267805
15324893333.3,-63.84976735495994
15329891666.7,-64.12110239426427
15334890000.0,-65.22574441536658
15339888333.3,-64.14160027585707
15344886666.7,-63.877569565305606
15349885000.0,-64.34494593650209
15354883333.3,-63.87408010566618
15359881666.7,-63.38090169614378
15364880000.0,-63.97008262559743
15369878333.3,-64.61292294938224
15374876666.7,-64.46916857888692
15379875000.0,-63.35037445682958
15384873333.3,-63.54634445257042
15389871666.7,-63.7822826612656
15394870000.0,-63.48647955940764
15399868333.3,-63.14662137131496
15404866666.7,-63.887174402258616
15409865000.0,-64.4567530398545
15414863333.3,-64.59213113758862
15419861666.7,-63.654894105518494
15424860000.0,-63.812724974948566
15429858333.3,-64.13777861076849
15434856666.7,-64.22846071370638
15439855000.0,-64.9464598442962
15444853333.3,-64.04710837966557
15449851666.7,-65.06180633890776
15454850000.0,-64.53440929293049
15459848333.3,-64.73875836433125
15464846666.7,-64.94801809966677
15469845000.0,-64.73170386640174
15474843333.3,-64.0766792112752
15479841666.7,-64.5596786691037
15484840000.0,-65.51326240726009
15489838333.3,-64.81109993888423
15494836666.7,-66.02330882089612
15499835000.0,-64.63123569103062
15504833333.3,-65.39993763811397
15509831666.7,-65.37957313330489
15514830000.0,-65.7700945688323
15519828333.3,-65.36247489491294
15524826666.7,-65.54362239930602
15529825000.0,-65.8688442682452
15534823333.3,-65.41593437978422
15539821666.7,-65.57121673062277
15544820000.0,-65.54008068071532
15549818333.3,-64.76147840342561
15554816666.7,-65.66646011267152
15559815000.0,-65.60986549873304
15564813333.3,-65.22717650872136
15569811666.7,-65.38392527345859
15574810000.0,-65.80815535292847
15579808333.3,-65.37896763324106
15584806666.7,-65.57246050629624
15589805000.0,-66.74643011070526
15594803333.3,-65.85591500130222
15599801666.7,-65.57428765487367
15604800000.0,-64.86907823769823
15609798333.3,-65.8903794463084
15614796666.7,-64.86056963981744
15619795000.0,-65.09386222154711
15624793333.3,-65.96062075450295
15629791666.7,-64.89645347083506
15634790000.0,-64.933200766757
15639788333.3,-64.63502319231593
15644786666.7,-64.5526564464104
15649785000.0,-65.32454628965812
15654783333.3,-64.65887059613438
15659781666.7,-64.86210274921847
15664780000.0,-65.34945858068942
15669778333.3,-64.35196762544805
15674776666.7,-66.50090756570705
15679775000.0,-63.81038030958494
15684773333.3,-65.09528932056892
15689771666.7,-64.04833599437046
15694770000.0,-64.65028869147196
15699768333.3,-64.84187708753247
15704766666.7,-64.02363344925844
15709765000.0,-63.78958238204622
15714763333.3,-64.97936104759523
15719761666.7,-65.02731716319776
15724760000.0,-64.85495996430078
15729758333.3,-65.41728459415177
15734756666.7,-65.1917854016244
15739755000.0,-65.60505961927689
15744753333.3,-64.58154321213541
15749751666.7,-65.84840956182911
15754750000.0,-65.35836651327055
15759748333.3,-67.00245399782486
15764746666.7,-66.41521402210356
15769745000.0,-66.87022695374587
15774743333.3,-67.19523468843965
15779741666.7,-66.55306879032972
15784740000.0,-65.37937416394415
15789738333.3,-65.73524278060654
15794736666.7,-65.22677494285493
15799735000.0,-65.0702639812413
15804733333.3,-64.79510263130773
15809731666.7,-66.02575860474302
15814730000.0,-64.90938327520291
15819728333.3,-64.36389310677347
15824726666.7,-64.19272714519882
15829725000.0,-65.55239129757184
15834723333.3,-66.39689721169228
15839721666.7,-65.44625094490817
15844720000.0,-65.4246533319492
15849718333.3,-64.88235528353454
15854716666.7,-66.75205881688822
15859715000.0,-65.57853432586869
15864713333.3,-65.23402080780993
15869711666.7,-64.54025871330406
15874710000.0,-65.5868593437211
15879708333.3,-66.26208588205354
15884706666.7,-65.29604856734638
15889705000.0,-64.57860460465949
15894703333.3,-64.10358676884834
15899701666.7,-64.30491076831301
15904700000.0,-65.21566380334815
15909698333.3,-65.85533745368411
15914696666.7,-64.74955628317362
15919695000.0,-65.14519712461491
15924693333.3,-65.05179469365855
15929691666.7,-66.12828188793772
15934690000.0,-65.13905260313349
15939688333.3,-65.5671105883244
15944686666.7,-65.84940605358837
15949685000.0,-64.95465525897531
15954683333.3,-65.26876330931148
15959681666.7,-65.39127640608415
15964680000.0,-66.15749673277793
15969678333.3,-66.69217791549863
15974676666.7,-65.7544449926213
15979675000.0,-65.0607360726995
15984673333.3,-65.594689633334
15989671666.7,-65.24166750846194
15994670000.0,-65.07824427331573
15999668333.3,-65.03193478426361
16004666666.7,-65.51330505319838
16009665000.0,-65.2177420070711
16014663333.3,-65.85500685298815
16019661666.7,-66.3033064932556
16024660000.0,-65.65962283953682
16029658333.3,-65.3533218869857
16034656666.7,-64.8921686542804
16039655000.0,-66.31588197653448
16044653333.3,-65.66682336984337
16049651666.7,-66.11681249275694
16054650000.0,-64.72197094961795
16059648333.3,-66.07551667176583
16064646666.7,-65.8126620920175
16069645000.0,-64.93821503474524
16074643333.3,-64.90656383103047
16079641666.7,-65.56036415520578
16084640000.0,-66.3111595268237
16089638333.3,-66.23069432842914
16094636666.7,-66.28746916978871
16099635000.0,-66.18681379147854
16104633333.3,-66.18113356646839
16109631666.7,-67.21543863809588
16114630000.0,-65.67884711130401
16119628333.3,-66.00659496928124
16124626666.7,-66.22344691779317
16129625000.0,-65.68962739172784
16134623333.3,-65.62351334505931
16139621666.7,-66.0741314724049
16144620000.0,-64.81037938640411
16149618333.3,-65.19801589446283
16154616666.7,-64.83724954399439
16159615000.0,-65.4754483425649
16164613333.3,-66.59349660429245
16169611666.7,-67.02448467585118
16174610000.0,-64.92626043189274
16179608333.3,-65.62461274176141
16184606666.7,-65.91081700679105
16189605000.0,-67.6504323708441
16194603333.3,-64.8877866907678
16199601666.7,-66.62076508896271
16204600000.0,-65.23057381737227
16209598333.3,-66.9680517853189
16214596666.7,-65.79994677122924
16219595000.0,-66.4279926553996
16224593333.3,-66.42476483156929
16229591666.7,-66.19580488854662
16234590000.0,-66.378764901949
16239588333.3,-65.99300499922691
16244586666.7,-66.91354872503824
16249585000.0,-66.70693910912468
16254583333.3,-66.76335797383477
16259581666.7,-66.75020205524524
16264580000.0,-66.30864515339651
16269578333.3,-67.50986933080878
16274576666.7,-67.05847548163493
16279575000.0,-65.86726156043366
16284573333.3,-66.40833700942989
16289571666.7,-65.66957104306925
16294570000.0,-67.62133994568234
16299568333.3,-68.089186947951
16304566666.7,-67.3639351703267
16309565000.0,-66.44624182094529
16314563333.3,-67.73535578394656
16319561666.7,-65.8273324527619
16324560000.0,-66.29604043117459
16329558333.3,-66.28325986567178
16334556666.7,-66.39802847044447
16339555000.0,-65.60894618968503
16344553333.3,-66.21794638058421
16349551666.7,-66.50408051782169
16354550000.0,-67.57485217975146
16359548333.3,-65.87486344177006
16364546666.7,-66.79989899971675
16369545000.0,-67.30056256813997
16374543333.3,-66.6058675457785
16379541666.7,-67.36369249926098
16384540000.0,-65.19568349173191
16389538333.3,-65.84755877899356
16394536666.7,-66.5973756380686
16399535000.0,-65.98983080361242
16404533333.3,-66.25673913301031
16409531666.7,-65.78023235722908
16414530000.0,-66.46171774257142
16419528333.3,-66.73877917703842
16424526666.7,-66.91574843779628
16429525000.0,-67.10395384938343
16434523333.3,-66.71510121984164
16439521666.7,-67.48856901802367
16444520000.0,-66.47797487002099
16449518333.3,-66.92127485640486
16454516666.7,-66.55815377109667
16459515000.0,-66.90518470854406
16464513333.3,-67.43778666880901
16469511666.7,-67.23847792784399
16474510000.0,-66.26901623905
16479508333.3,-64.81201798202575
16484506666.7,-66.7998135655488
16489505000.0,-66.90052279659858
16494503333.3,-66.27858703575373
16499501666.7,-66.85634219333481
16504500000.0,-66.69951690233881
16509498333.3,-66.83844059768134
16514496666.7,-65.82846820937802
16519495000.0,-65.86454226455307
16524493333.3,-68.52937706694281
16529491666.7,-67.97523142763174
16534490000.0,-66.7194765754567
16539488333.3,-69.10639991615348
16544486666.7,-68.70814241491658
16549485000.0,-66.88188452074985
16554483333.3,-68.04172434381238
16559481666.7,-68.76933212429529
16564480000.0,-68.19645075845975
16569478333.3,-67.34252119709609
16574476666.7,-67.79635206519609
16579475000.0,-66.57121045942712
16584473333.3,-68.00901194782665
16589471666.7,-68.66975416101656
16594470000.0,-67.43886783364343
16599468333.3,-67.8916715372765
16604466666.7,-67.32001735066726
16609465000.0,-66.91062303042887
16614463333.3,-66.7220381293973
16619461666.7,-66.92979950678983
16624460000.0,-68.22918730665076
16629458333.3,-67.60941157595371
16634456666.7,-67.38020335981803
16639455000.0,-66.69193997720397
16644453333.3,-66.89570832479166
16649451666.7,-66.30955738062221
16654450000.0,-66.7971658917209
16659448333.3,-67.0196034453568
16664446666.7,-66.93884748307678
16669445000.0,-69.3223200533117
16674443333.3,-66.85326912282159
16679441666.7,-67.09347853023179
16684440000.0,-67.52885545801328
16689438333.3,-66.51153195314096
16694436666.7,-67.0024720082488
16699435000.0,-66.08913706633582
16704433333.3,-67.67634316659203
16709431666.7,-67.72181108117876
16714430000.0,-67.64975269047484
16719428333.3,-68.37047134976466
16724426666.7,-67.26961238354318
16729425000.0,-65.29022578767365
16734423333.3,-66.84322344548906
16739421666.7,-66.94414692464281
16744420000.0,-66.49050810044253
16749418333.3,-68.30265140170812
16754416666.7,-66.36321373063667
16759415000.0,-68.00471058055295
16764413333.3,-66.96513760562196
16769411666.7,-66.71635044578868
16774410000.0,-66.60971302334244
16779408333.3,-66.86097400257066
16784406666.7,-66.7940376575474
16789405000.0,-66.84198368800429
16794403333.3,-66.8623198362357
16799401666.7,-65.85846543957175
16804400000.0,-67.4544350581321
16809398333.3,-67.6591660179454
16814396666.7,-66.30118199338831
16819395000.0,-67.89514380677369
16824393333.3,-68.99950091986766
16829391666.7,-66.59908756636831
16834390000.0,-66.79285990359317
16839388333.3,-68.14477043971222
16844386666.7,-66.81537371871218
16849385000.0,-66.14130282236505
16854383333.3,-67.57593018070412
16859381666.7,-66.70656549619639
16864380000.0,-66.32310926539643
16869378333.3,-67.74147368507317
16874376666.7,-67.44359000727793
16879375000.0,-68.5838109024843
16884373333.3,-67.60559330001368
16889371666.7,-67.49839915814735
16894370000.0,-70.17528550425739
16899368333.3,-67.25399627979711
16904366666.7,-68.16329774171523
16909365000.0,-68.48736935212534
16914363333.3,-66.52585490900064
16919361666.7,-68.11819113248248
16924360000.0,-67.15046658427708
16929358333.3,-67.05174522658655
16934356666.7,-66.71709086053077
16939355000.0,-67.31128833694504
16944353333.3,-68.13591495506532
16949351666.7,-68.21499527974483
16954350000.0,-66.03042198959545
16959348333.3,-67.10707858587108
16964346666.7,-66.11762299644701
16969345000.0,-67.66502092679343
16974343333.3,-67.02479679438095
16979341666.7,-67.28073016813578
16984340000.0,-66.68313177229993
16989338333.3,-67.67494383766385
16994336666.7,-66.38548811346291
16999335000.0,-65.72912046132048
17004333333.3,-66.54017862680399
17009331666.7,-65.99829007805012
17014330000.0,-67.57863906141083
17019328333.3,-65.86369061148758
17024326666.7,-66.98886693924594
17029325000.0,-67.62385054745388
17034323333.3,-66.30772775726061
17039321666.7,-67.62163292059873
17044320000.0,-66.67848723242774
17049318333.3,-66.18038828421518
17054316666.7,-66.70349967770372
17059315000.0,-67.05050769387081
17064313333.3,-66.18951957113474
17069311666.7,-65.86182090483635
17074310000.0,-68.23688564320767
17079308333.3,-67.58739439254518
17084306666.7,-67.52805561929081
17089305000.0,-67.59332030663293
17094303333.3,-66.37103447841378
17099301666.7,-66.20165144189484
17104300000.0,-66.99268582135836
17109298333.3,-66.07082412408938
17114296666.7,-67.36833778235214
17119295000.0,-68.46912555527081
17124293333.3,-67.9312557265782
17129291666.7,-68.01628249580527
17134290000.0,-68.672049271342
17139288333.3,-67.4131105891956
17144286666.7,-67.60457157590687
17149285000.0,-67.41469921802506
17154283333.3,-68.04051700296411
17159281666.7,-68.13952261415676
17164280000.0,-68.28654156066432
17169278333.3,-68.13554859069065
17174276666.7,-67.23572148690901
17179275000.0,-68.02583045079587
17184273333.3,-69.58198639100158
17189271666.7,-68.20879325727931
17194270000.0,-67.98326933299818
17199268333.3,-67.00578434349195
17204266666.7,-67.36362736778187
17209265000.0,-66.44064329010885
17214263333.3,-66.4035365863333
17219261666.7,-67.84569798708793
17224260000.0,-68.29273685881081
17229258333.3,-67.89090842472704
17234256666.7,-68.07108224528449
17239255000.0,-67.00121826510893
17244253333.3,-67.48231217401879
17249251666.7,-69.6997453841749
17254250000.0,-66.44828468958386
17259248333.3,-68.95296702851257
17264246666.7,-68.73386971451698
17269245000.0,-68.88235622035484
17274243333.3,-68.62528896470658
17279241666.7,-68.02408021975707
17284240000.0,-67.14501125217095
17289238333.3,-68.37804780857076
17294236666.7,-67.65019774509702
17299235000.0,-67.30443510199443
17304233333.3,-67.79489225268655
17309231666.7,-67.23496866352005
17314230000.0,-68.46138948486082
17319228333.3,-67.71745908686322
17324226666.7,-67.5323153773625
17329225000.0,-67.48879513725026
17334223333.3,-67.35265626113069
17339221666.7,-68.19246637005905
17344220000.0,-67.67847415746951
17349218333.3,-68.42935412861291
17354216666.7,-70.05624517010742
17359215000.0,-68.24908968584543
17364213333.3,-69.26913943688336
17369211666.7,-67.64320739212224
17374210000.0,-67.80805407338866
17379208333.3,-68.46613478275854
17384206666.7,-67.5506483595051
17389205000.0,-68.13483412926031
17394203333.3,-65.70099949454729
17399201666.7,-69.70629960068091
17404200000.0,-69.00526266132034
17409198333.3,-68.6678313933472
17414196666.7,-69.65934445222022
17419195000.0,-68.36157959095925
17424193333.3,-68.42969945924435
17429191666.7,-68.28153821010784
17434190000.0,-69.14403640733971
17439188333.3,-68.47791236305977
17444186666.7,-70.60161254812066
17449185000.0,-69.58672642945426
17454183333.3,-69.4559705848713
17459181666.7,-68.14021102450471
17464180000.0,-67.66629130165852
17469178333.3,-70.2988626487351
17474176666.7,-67.35440130399878
17479175000.0,-66.8769796230365
17484173333.3,-69.47396507202978
17489171666.7,-68.90642516716292
17494170000.0,-69.66264102590151
17499168333.3,-68.70117409104952
17504166666.7,-68.77089472340563
17509165000.0,-67.37211379427941
17514163333.3,-67.60276317472176
17519161666.7,-70.39771164070984
17524160000.0,-67.30248117947583
17529158333.3,-69.14291277401925
17534156666.7,-68.58658771998574
17539155000.0,-67.26038562480906
17544153333.3,-66.95085268484416
17549151666.7,-69.74044364624005
17554150000.0,-68.85850314063616
17559148333.3,-69.80228564882682
17564146666.7,-68.38520136046853
17569145000.0,-67.83529530317101
17574143333.3,-68.20393597484986
17579141666.7,-68.97832570031457
17584140000.0,-68.21721140354599
17589138333.3,-69.55974730965667
17594136666.7,-68.92175270943136
17599135000.0,-68.30204598100325
17604133333.3,-70.72025540364015
17609131666.7,-67.95805508505732
17614130000.0,-68.87832841911502
17619128333.3,-68.85327431535336
17624126666.7,-70.45668947369076
17629125000.0,-69.92060443324702
17634123333.3,-69.83364056220401
17639121666.7,-70.34259686830013
17644120000.0,-69.19356994440344
17649118333.3,-69.02909118421388
17654116666.7,-68.69024368833321
17659115000.0,-68.70256808521495
17664113333.3,-69.35198573319826
17669111666.7,-68.35211695122622
17674110000.0,-69.91633899377527
17679108333.3,-68.78507160554548
17684106666.7,-69.91988883332657
17689105000.0,-68.63485928378714
17694103333.3,-69.17500141208247
17699101666.7,-67.9349198364837
17704100000.0,-69.53818188045994
17709098333.3,-68.749719295008
17714096666.7,-68.60222634340137
17719095000.0,-67.34154549593491
17724093333.3,-67.78370664873587
17729091666.7,-69.45120047387385
17734090000.0,-68.33846765169446
17739088333.3,-68.0766186180922
17744086666.7,-68.44337837366808
17749085000.0,-69.52795382350915
17754083333.3,-66.60387751937844
17759081666.7,-68.22913561268638
17764080000.0,-67.21952967936014
17769078333.3,-70.76474571818619
17774076666.7,-70.66947389856699
17779075000.0,-67.72104989525117
17784073333.3,-68.86686148215719
17789071666.7,-69.27038431702233
17794070000.0,-67.74261056433006
17799068333.3,-69.4511873644572
17804066666.7,-69.83001657222957
17809065000.0,-68.70033628475161
17814063333.3,-67.78796859247015
17819061666.7,-69.5281327415887
17824060000.0,-69.12968535638535
17829058333.3,-65.94167459023686
17834056666.7,-70.20651498640507
17839055000.0,-69.67508914331653
17844053333.3,-67.75574755777642
17849051666.7,-68.96844029888798
17854050000.0,-66.98459326857134
17859048333.3,-68.87118367437958
17864046666.7,-70.18636778112653
17869045000.0,-69.15032945034372
17874043333.3,-68.86081264783603
17879041666.7,-69.29963010828953
17884040000.0,-70.72493304792641
17889038333.3,-68.52570271572917
17894036666.7,-67.61805592188718
17899035000.0,-69.77985600997222
17904033333.3,-69.28109957975627
17909031666.7,-69.03370721639247
17914030000.0,-69.17223600180462
17919028333.3,-70.91409310502759
17924026666.7,-68.12602500251357
17929025000.0,-71.43045659280037
17934023333.3,-71.10989812929189
17939021666.7,-70.11460383211075
17944020000.0,-68.25655335854034
17949018333.3,-69.83071650043027
17954016666.7,-69.47674697450891
17959015000.0,-68.82793415949848
17964013333.3,-68.67969901600377
17969011666.7,-69.25277946626126
17974010000.0,-69.385282691426
17979008333.3,-69.25381246031476
17984006666.7,-70.7279746796287
17989005000.0,-70.13214878073012
17994003333.3,-70.4372298025745
17999001666.7,-67.89267609361224
18004000000.0,-68.87926823353006
18008998333.3,-69.89997398014326
18013996666.7,-68.92132582767506
18018995000.0,-68.93529383231285
18023993333.3,-68.4138191472968
18028991666.7,-67.80963250328138
18033990000.0,-69.43678465974493
18038988333.3,-68.33737045973533
18043986666.7,-68.41058656640288
18048985000.0,-69.9200480095603
18053983333.3,-69.69305446277812
18058981666.7,-71.55556971607301
18063980000.0,-69.63082460144857
18068978333.3,-70.96336127381903
18073976666.7,-70.50485488557658
18078975000.0,-68.94421020449579
18083973333.3,-68.96719267343556
18088971666.7,-70.53145825939596
18093970000.0,-67.75160269122946
18098968333.3,-70.26415397629758
18103966666.7,-70.52203482755148
18108965000.0,-69.44947045044006
18113963333.3,-70.04125068286244
18118961666.7,-69.97168587911106
18123960000.0,-69.75925223344154
18128958333.3,-70.42553692217376
18133956666.7,-68.91060118517325
18138955000.0,-69.19779561486598
18143953333.3,-71.23409031694857
18148951666.7,-70.01739759019043
18153950000.0,-71.7150491091857
18158948333.3,-71.65003030764017
18163946666.7,-69.15891795377392
18168945000.0,-70.42877159293927
18173943333.3,-69.96867076549192
18178941666.7,-69.93992705368746
18183940000.0,-70.25539315855687
18188938333.3,-72.64952149112135
18193936666.7,-69.53074637524423
18198935000.0,-72.25077605169146
18203933333.3,-70.24095311423454
18208931666.7,-71.66980118370576
18213930000.0,-69.91055883522073
18218928333.3,-71.36319511142817
18223926666.7,-70.61351454305675
18228925000.0,-68.97005096238946
18233923333.3,-71.36110514624586
18238921666.7,-70.78194228715685
18243920000.0,-70.02337285040377
18248918333.3,-69.47568012797136
18253916666.7,-72.47664872251819
18258915000.0,-71.55110216422173
18263913333.3,-70.38375329963338
18268911666.7,-69.85699320039598
18273910000.0,-69.91602195999684
18278908333.3,-72.92774346789912
18283906666.7,-71.39427250297332
18288905000.0,-74.42606848622594
18293903333.3,-69.39623704137603
18298901666.7,-72.22794829127557
18303900000.0,-72.10783772088188
18308898333.3,-70.8300302851456
18313896666.7,-70.13786726507477
18318895000.0,-72.08773239694347
18323893333.3,-70.26762153226721
18328891666.7,-71.403890742405
18333890000.0,-70.42759750143782
18338888333.3,-70.78117889645917
18343886666.7,-68.72484147819483
18348885000.0,-73.75429271398372
18353883333.3,-71.79874378836868
18358881666.7,-70.62362056171426
18363880000.0,-67.83663362203575
18368878333.3,-69.25089264160599
18373876666.7,-70.2166220137654
18378875000.0,-69.75989711068713
18383873333.3,-70.16466368417699
18388871666.7,-69.19123015404959
18393870000.0,-70.55071967774153
18398868333.3,-70.30781492063755
18403866666.7,-69.22733081224663
18408865000.0,-69.6400752860525
18413863333.3,-69.94403236907245
18418861666.7,-70.95722241320874
18423860000.0,-72.68946612392197
18428858333.3,-70.94371210571042
18433856666.7,-70.67334023886077
18438855000.0,-72.39412348916092
18443853333.3,-70.08920216736351
18448851666.7,-70.12342709040855
18453850000.0,-69.4417670037096
18458848333.3,-70.5516641025967
18463846666.7,-68.49001651439964
18468845000.0,-72.99005092844966
18473843333.3,-69.98170389148869
18478841666.7,-71.02375627417517
18483840000.0,-69.01810513228594
18488838333.3,-68.60231257369946
18493836666.7,-70.87172630191672
18498835000.0,-72.36383206669589
18503833333.3,-70.40872452309335
18508831666.7,-69.85088247495005
18513830000.0,-72.57294847792788
18518828333.3,-73.29849039445915
18523826666.7,-73.0750733091072
18528825000.0,-70.91497593188711
18533823333.3,-69.18216608392632
18538821666.7,-71.54928162888952
18543820000.0,-70.53123889194121
18548818333.3,-71.35511629243955
18553816666.7,-69.9280548522624
18558815000.0,-69.32824536771784
18563813333.3,-73.36583389679306
18568811666.7,-70.98425633815516
18573810000.0,-72.24458620748163
18578808333.3,-72.36596151453811
18583806666.7,-70.61012549367418
18588805000.0,-70.88024011403236
18593803333.3,-68.41176667524212
18598801666.7,-70.78927218884624
18603800000.0,-72.05061637530575
18608798333.3,-71.937699174909
18613796666.7,-70.21987043709255
18618795000.0,-71.19164668560147
18623793333.3,-71.41271809122226
18628791666.7,-71.09719661577824
18633790000.0,-70.1871682966437
18638788333.3,-70.93194893242304
18643786666.7,-72.48262504869136
18648785000.0,-71.26636926031345
18653783333.3,-72.77036551918802
18658781666.7,-71.52978891461736
18663780000.0,-71.39001514263812
18668778333.3,-71.19625315627627
18673776666.7,-71.64903165634287
18678775000.0,-71.80133023724514
18683773333.3,-70.03040201826842
18688771666.7,-72.75361642184569
18693770000.0,-72.22654705060248
18698768333.3,-71.35106214263975
18703766666.7,-70.88653353463629
18708765000.0,-70.67260766250536
18713763333.3,-70.99970196243362
18718761666.7,-70.75041784077783
18723760000.0,-72.31380917382862
18728758333.3,-71.47255721044829
18733756666.7,-69.37485935320598
18738755000.0,-72.37434153425822
18743753333.3,-72.0804186250041
18748751666.7,-71.16406633199252
18753750000.0,-71.16043658867112
18758748333.3,-69.20861322983808
18763746666.7,-71.71867916240134
18768745000.0,-70.08127073761521
18773743333.3,-70.35818768658665
18778741666.7,-70.76143131248824
18783740000.0,-70.85475375547028
18788738333.3,-72.8769322648802
18793736666.7,-71.28142800408133
18798735000.0,-73.39233702208561
18803733333.3,-72.98846817352991
18808731666.7,-71.26605096144733
18813730000.0,-72.39941698021393
18818728333.3,-71.80348210385353
18823726666.7,-72.52505793907403
18828725000.0,-70.00019553382691
18833723333.3,-73.5378718477964
18838721666.7,-72.66041878547712
18843720000.0,-73.19820027713803
18848718333.3,-72.38318916257273
18853716666.7,-72.81808968087759
18858715000.0,-72.54174233712651
18863713333.3,-75.86505641210324
18868711666.7,-72.83302627165224
18873710000.0,-73.24128631643676
18878708333.3,-73.74844829555313
18883706666.7,-71.2187082366537
18888705000.0,-72.9397460775127
18893703333.3,-71.93650450078485
18898701666.7,-73.49400346188577
18903700000.0,-71.4527289795343
18908698333.3,-70.3071529326954
18913696666.7,-72.64886087749757
18918695000.0,-70.89650257175423
18923693333.3,-70.10826321231788
18928691666.7,-71.0111763820961
18933690000.0,-72.27389339517988
18938688333.3,-74.0493546608618
18943686666.7,-71.42364335758884
18948685000.0,-71.83761494636516
18953683333.3,-70.9753059459696
18958681666.7,-72.78863890596364
18963680000.0,-74.31818981834161
18968678333.3,-70.43909592390136
18973676666.7,-72.13852837401285
18978675000.0,-71.71066499902344
18983673333.3,-73.43400133087302
18988671666.7,-73.05579054469816
18993670000.0,-76.21307757441927
18998668333.3,-72.4737068656877
19003666666.7,-71.52410212128002
19008665000.0,-71.11825197783917
19013663333.3,-73.2040463268566
19018661666.7,-72.24771767802133
19023660000.0,-73.33745220759302
19028658333.3,-76.09699677280614
19033656666.7,-75.98622136304257
19038655000.0,-72.38227822731174
19043653333.3,-74.10092195484532
19048651666.7,-70.39760497254073
19053650000.0,-74.32626476179662
19058648333.3,-71.9167973380728
19063646666.7,-73.9494838544359
19068645000.0,-74.12972794728853
19073643333.3,-71.94599387220566
19078641666.7,-76.28226672466334
19083640000.0,-72.58307942989164
19088638333.3,-72.28317241297627
19093636666.7,-73.3362733341549
19098635000.0,-73.00034434976567
19103633333.3,-72.92190686276969
19108631666.7,-75.29679186975696
19113630000.0,-73.94621133975954
19118628333.3,-72.42874866304206
19123626666.7,-71.45047079338583
19128625000.0,-71.87594328852583
19133623333.3,-72.44541971414876
19138621666.7,-72.97398486643337
19143620000.0,-71.24646667189695
19148618333.3,-74.02026171114484
19153616666.7,-76.00903423985872
19158615000.0,-72.23071106881501
19163613333.3,-73.0027452312099
19168611666.7,-71.0667786088253
19173610000.0,-71.9483516343567
19178608333.3,-74.35659843195695
19183606666.7,-75.61364852029968
19188605000.0,-70.69039804482475
19193603333.3,-72.53904266219874
19198601666.7,-73.9778701453395
19203600000.0,-72.9992266465974
19208598333.3,-74.29512176726465
19213596666.7,-74.52196763112035
19218595000.0,-72.3022549476343
19223593333.3,-72.94996968331009
19228591666.7,-72.54339805449145
19233590000.0,-73.32291471289915
19238588333.3,-74.9495718286965
19243586666.7,-71.79476602673509
19248585000.0,-71.90235765812352
19253583333.3,-72.24331837114032
19258581666.7,-73.00758423012392
19263580000.0,-74.8031497296497
19268578333.3,-73.28483998052121
19273576666.7,-83.6600195706244
19278575000.0,-73.4778869337802
19283573333.3,-70.57267991831245
19288571666.7,-73.14201006597237
19293570000.0,-74.1555474551287
19298568333.3,-72.8549343040926
19303566666.7,-74.09997334488098
19308565000.0,-72.70968048065606
19313563333.3,-73.96435623188181
19318561666.7,-74.38296565799176
19323560000.0,-73.37986314474327
19328558333.3,-73.3384665077045
19333556666.7,-72.17480185641564
19338555000.0,-72.18095511521074
19343553333.3,-74.00723853713566
19348551666.7,-74.75285552317703
19353550000.0,-74.43886521918759
19358548333.3,-75.2444758781682
19363546666.7,-71.87427523911839
19368545000.0,-71.79264956157927
19373543333.3,-71.31065002043825
19378541666.7,-71.79192040466776
19383540000.0,-76.08620323269564
19388538333.3,-72.7522330017178
19393536666.7,-72.57616957037953
19398535000.0,-73.4519082602557
19403533333.3,-79.46559488607801
19408531666.7,-72.76776349573737
19413530000.0,-72.55397183872826
19418528333.3,-71.15061115206196
19423526666.7,-73.44669730283564
19428525000.0,-70.66257847610035
19433523333.3,-74.63084737097904
19438521666.7,-73.63342322842502
19443520000.0,-68.64504972294924
19448518333.3,-74.43098152860026
19453516666.7,-73.12987908733459
19458515000.0,-74.55256613702326
19463513333.3,-70.82160641796665
19468511666.7,-71.76099084110567
19473510000.0,-71.66509952909033
19478508333.3,-71.6577767044405
19483506666.7,-74.10228940818116
19488505000.0,-69.81247717900177
19493503333.3,-73.12564842841657
19498501666.7,-70.60335942511442
19503500000.0,-69.5749489118691
19508498333.3,-71.45949589610825
19513496666.7,-71.90625302758262
19518495000.0,-73.6588086604771
19523493333.3,-73.42260005635083
19528491666.7,-73.88997582561338
19533490000.0,-74.23616511400253
19538488333.3,-75.13776167134368
19543486666.7,-74.38609304298149
19548485000.0,-74.46346779885306
19553483333.3,-72.63910517292932
19558481666.7,-72.59043348116904
19563480000.0,-72.4043659974186
19568478333.3,-73.2164184753337
19573476666.7,-72.26642322873633
19578475000.0,-77.48292060022206
19583473333.3,-73.04327997406705
19588471666.7,-74.39929518594538
19593470000.0,-78.08732844553822
19598468333.3,-75.7572081874792
19603466666.7,-78.47667612566931
19608465000.0,-71.21761128716867
19613463333.3,-79.07912248591016
19618461666.7,-71.36932113315864
19623460000.0,-75.59477214234225
19628458333.3,-78.20613320888884
19633456666.7,-74.20500228777624
19638455000.0,-75.29572159458459
19643453333.3,-73.75967859572634
19648451666.7,-71.99102392729844
19653450000.0,-74.00349703154409
19658448333.3,-73.68869411052644
19663446666.7,-72.3571283361375
19668445000.0,-76.01331420476873
19673443333.3,-71.9556416794103
19678441666.7,-77.196254344615
19683440000.0,-74.25715560723945
19688438333.3,-75.90246298603302
19693436666.7,-72.47825295320686
19698435000.0,-73.0966552242785
19703433333.3,-75.5241396194866
19708431666.7,-74.1750890412214
19713430000.0,-73.09845131311414
19718428333.3,-77.59795055222943
19723426666.7,-74.83152779348016
19728425000.0,-76.40593483304129
19733423333.3,-74.8963051238768
19738421666.7,-73.36542282158983
19743420000.0,-76.71473012559066
19748418333.3,-71.82994211854282
19753416666.7,-76.13495745560469
19758415000.0,-75.20108056629772
19763413333.3,-70.61685488575849
19768411666.7,-76.83579000629508
19773410000.0,-71.26419529763412
19778408333.3,-73.79027190824905
19783406666.7,-75.62480274078149
19788405000.0,-72.23313785123634
19793403333.3,-72.73114501172573
19798401666.7,-77.6519788255144
19803400000.0,-75.87942137721703
19808398333.3,-74.91995290338473
19813396666.7,-74.69962944960773
19818395000.0,-76.89434980595088
19823393333.3,-77.12233183102683
19828391666.7,-71.06552192221078
19833390000.0,-76.9397162916728
19838388333.3,-74.1837977072112
19843386666.7,-77.74826532195733
19848385000.0,-75.60780231618156
19853383333.3,-73.75470171106714
19858381666.7,-71.95637111929837
19863380000.0,-75.9475552953877
19868378333.3,-75.18351751073708
19873376666.7,-75.46826553198657
19878375000.0,-78.85089547011036
19883373333.3,-74.46544866609042
19888371666.7,-76.85339725915138
19893370000.0,-76.17629009847971
19898368333.3,-77.25653717509813
19903366666.7,-74.63863533088717
19908365000.0,-79.30697158982574
19913363333.3,-77.31360770813487
19918361666.7,-76.14952548692155
19923360000.0,-76.72435987042293
19928358333.3,-73.83060983376032
19933356666.7,-74.6761315413082
19938355000.0,-79.63154545017565
19943353333.3,-73.61683801535018
19948351666.7,-76.77316912430103
19953350000.0,-78.37464575000864
19958348333.3,-78.46847576422904
19963346666.7,-76.30712905275557
19968345000.0,-75.63982379056549
19973343333.3,-73.28315986878046
19978341666.7,-74.13460160310787
19983340000.0,-77.7115782055731
19988338333.3,-77.41233148869193
19993336666.7,-73.49576027833811
19998335000.0,-77.25002263480718
20003333333.3,-80.65801469970896
20008331666.7,-75.71632705712523
20013330000.0,-74.96811221040707
20018328333.3,-73.20857449270073
20023326666.7,-74.5126230688464
20028325000.0,-73.07455137318536
20033323333.3,-78.77493218142264
20038321666.7,-71.20544907896314
20043320000.0,-74.41680353495548
20048318333.3,-74.12794783738916
20053316666.7,-78.24260406992128
20058315000.0,-75.12794681408772
20063313333.3,-74.5852892110659
20068311666.7,-77.43625568555139
20073310000.0,-76.1671262998866
20078308333.3,-74.3475218260995
20083306666.7,-74.84118527783892
20088305000.0,-78.18968520631762
20093303333.3,-76.83606053442175
20098301666.7,-77.90097439372353
20103300000.0,-76.68047976341235
20108298333.3,-79.25880029770222
20113296666.7,-73.0311244020462
20118295000.0,-78.70287584108068
20123293333.3,-74.9826938945237
20128291666.7,-79.71478103538816
20133290000.0,-75.9129203206635
20138288333.3,-74.58184756252263
20143286666.7,-81.10351887635221
20148285000.0,-80.44845136883848
20153283333.3,-78.03016973518966
20158281666.7,-75.18790909041022
20163280000.0,-74.5159039792918
20168278333.3,-75.77778970790747
20173276666.7,-80.15278985196217
20178275000.0,-75.9638035793651
20183273333.3,-74.78020413312431
20188271666.7,-76.16372649144832
20193270000.0,-77.20867043274174
20198268333.3,-82.65076462602602
20203266666.7,-76.51841438381328
20208265000.0,-73.24811415484126
20213263333.3,-75.7329704358492
20218261666.7,-75.32560201917525
20223260000.0,-77.48640001216657
20228258333.3,-74.72512310301715
20233256666.7,-83.94687194281362
20238255000.0,-79.76574512363462
20243253333.3,-77.42587826647303
20248251666.7,-82.85909403526455
20253250000.0,-75.54016090767063
20258248333.3,-74.01203926672895
20263246666.7,-76.69646964128569
20268245000.0,-77.86736507229651
20273243333.3,-76.33787291608486
20278241666.7,-75.79256529786244
20283240000.0,-78.28304994639517
20288238333.3,-78.08815544292452
20293236666.7,-84.00382139513607
20298235000.0,-80.07777610414601
20303233333.3,-80.6187646249258
20308231666.7,-77.36423703974155
20313230000.0,-75.92655550889867
20318228333.3,-75.30862746754306
20323226666.7,-78.61280430065939
20328225000.0,-80.5243422607428
20333223333.3,-79.21807074816215
20338221666.7,-77.62934382918829
20343220000.0,-74.7790821768009
20348218333.3,-76.3285239111306
20353216666.7,-72.9116861392487
20358215000.0,-75.13864906150795
20363213333.3,-77.69616849822948
20368211666.7,-80.47239689824141
20373210000.0,-78.7806019930601
20378208333.3,-78.84029357016415
20383206666.7,-82.52888345213867
20388205000.0,-82.71279894038253
20393203333.3,-77.37391196474226
20398201666.7,-74.79763140721458
20403200000.0,-76.13194113735946
20408198333.3,-74.79644634538883
20413196666.7,-76.45101765945616
20418195000.0,-78.83137836569249
20423193333.3,-78.1154508399819
20428191666.7,-76.32166147123327
20433190000.0,-78.34538915641974
20438188333.3,-74.39574888056677
20443186666.7,-74.21084528104241
20448185000.0,-77.17196961336286
20453183333.3,-75.78755377394155
20458181666.7,-76.37220408541519
20463180000.0,-79.22914034466436
20468178333.3,-78.55242876056296
20473176666.7,-74.07112949095846
20478175000.0,-79.80312585773986
20483173333.3,-78.04970317490053
20488171666.7,-78.69687059853844
20493170000.0,-83.11290930957458
20498168333.3,-79.822508444843
20503166666.7,-75.38692366608977
20508165000.0,-80.170129680308
20513163333.3,-79.56773473631428
20518161666.7,-74.70114463981676
20523160000.0,-77.22636320947296
20528158333.3,-78.95278131983957
20533156666.7,-77.73471531736598
20538155000.0,-76.18218957015692
20543153333.3,-75.95278238335018
20548151666.7,-75.97997195281074
20553150000.0,-80.56559766431987
20558148333.3,-82.35577477772217
20563146666.7,-77.74496682844112
20568145000.0,-83.5264829856485
20573143333.3,-77.83742171928758
20578141666.7,-75.05123094747321
20583140000.0,-77.15905508542212
20588138333.3,-79.58001341699924
20593136666.7,-77.9363702493868
20598135000.0,-78.25886652689536
20603133333.3,-77.4923091036129
20608131666.7,-81.03929269921629
20613130000.0,-82.56005996431846
20618128333.3,-76.16154916393155
20623126666.7,-79.95953681840484
20628125000.0,-76.7317063265614
20633123333.3,-73.68447554224775
20638121666.7,-77.00361515189365
20643120000.0,-75.16428479750503
20648118333.3,-82.42580378466371
20653116666.7,-81.99405058264107
20658115000.0,-86.27751386575926
20663113333.3,-77.056707901588
20668111666.7,-78.57916903139002
20673110000.0,-76.55213996104999
20678108333.3,-81.05124617687183
20683106666.7,-75.34567526381548
20688105000.0,-83.0054778268491
20693103333.3,-78.31407496476587
20698101666.7,-77.30191525338178
20703100000.0,-84.12421037131084
20708098333.3,-78.08720276899062
20713096666.7,-79.0428560063504
20718095000.0,-77.03749633429838
20723093333.3,-77.58567599893671
20728091666.7,-84.61499051497233
20733090000.0,-77.74841289878555
20738088333.3,-88.72283130821678
20743086666.7,-83.16015822696507
20748085000.0,-85.92621478217139
20753083333.3,-79.90954582577108
20758081666.7,-81.1230578906955
20763080000.0,-82.02634521289596
20768078333.3,-76.0940767958259
20773076666.7,-81.20317497811234
20778075000.0,-77.5093167399391
20783073333.3,-86.0669287704005
20788071666.7,-82.61646475293017
20793070000.0,-78.07338428134787
20798068333.3,-78.81198711660282
20803066666.7,-94.51256796046265
20808065000.0,-79.75719221643553
20813063333.3,-76.96540487076076
20818061666.7,-76.33342523187922
20823060000.0,-83.9586199762404
20828058333.3,-78.46356893129274
20833056666.7,-78.43141550013621
20838055000.0,-81.21425574433093
20843053333.3,-78.06380260927514
20848051666.7,-75.75213879118812
20853050000.0,-78.57296314927588
20858048333.3,-78.53247716450338
20863046666.7,-74.42720910799339
20868045000.0,-78.1006390538885
20873043333.3,-73.31911817171186
20878041666.7,-77.67009147627147
20883040000.0,-77.88271402987016
20888038333.3,-80.56756792804879
20893036666.7,-76.77358273777595
20898035000.0,-78.06427845786166
20903033333.3,-82.41846065477188
20908031666.7,-79.9609666362023
20913030000.0,-79.24089818175963
20918028333.3,-81.54904352821646
20923026666.7,-80.3464590551319
20928025000.0,-80.77740371591108
20933023333.3,-83.37251477900138
20938021666.7,-78.15659492580028
20943020000.0,-82.4273780374501
20948018333.3,-81.5261726395704
20953016666.7,-80.01781139034263
20958015000.0,-83.17809660773639
20963013333.3,-79.43332435544461
20968011666.7,-78.9989686251717
20973010000.0,-80.50994841130033
20978008333.3,-84.51150237687854
20983006666.7,-84.21735976145199
20988005000.0,-79.0542028420323
20993003333.3,-85.84700279055679
20998001666.7,-79.04604802503165
21003000000.0,-82.68002821205894
21007998333.3,-79.95189581085137
21012996666.7,-82.18127526914796
21017995000.0,-82.81041327280928
21022993333.3,-81.79846003077195
21027991666.7,-82.40228185042754
21032990000.0,-83.18962489436954
21037988333.3,-79.0445054286843
21042986666.7,-80.20281239713137
21047985000.0,-77.05709314524685
21052983333.3,-81.56195430814353
21057981666.7,-81.61069833386208
21062980000.0,-76.95100177801324
21067978333.3,-77.99275465785233
21072976666.7,-82.33985039896129
21077975000.0,-77.81877590298026
21082973333.3,-76.45349467733016
21087971666.7,-77.66779170326214
21092970000.0,-75.32692769596638
21097968333.3,-80.95746850175024
21102966666.7,-79.23564031216657
21107965000.0,-81.72593981206346
21112963333.3,-76.33817610446954
21117961666.7,-83.57448654747552
21122960000.0,-81.94655022787656
21127958333.3,-79.58226119857612
21132956666.7,-76.55250963144339
21137955000.0,-79.25897585436321
21142953333.3,-77.74851118531728
21147951666.7,-79.50124366700436
21152950000.0,-81.8115638969704
21157948333.3,-79.49688782161945
21162946666.7,-80.50631421633153
21167945000.0,-79.86467897851131
21172943333.3,-79.70960269408192
21177941666.7,-90.10814380650754
21182940000.0,-82.0675424854611
21187938333.3,-79.32053830371939
21192936666.7,-80.01091991431372
21197935000.0,-81.51390975845479
21202933333.3,-83.9231959804631
21207931666.7,-81.31387873324806
21212930000.0,-81.46034942327928
21217928333.3,-79.6671411150911
21222926666.7,-81.3562906946956
21227925000.0,-80.97834873967298
21232923333.3,-80.12538956204936
21237921666.7,-78.98329721331754
21242920000.0,-83.48937666988037
21247918333.3,-78.24382370386219
21252916666.7,-86.77268924387562
21257915000.0,-96.45222413378251
21262913333.3,-82.50055511516035
21267911666.7,-80.7684594927717
21272910000.0,-79.40377590107788
21277908333.3,-76.74124747678283
21282906666.7,-78.02426626656379
21287905000.0,-83.16367189597928
21292903333.3,-80.40607156434663
21297901666.7,-84.4105754391708
21302900000.0,-77.10316872100306
21307898333.3,-92.96932446410705
21312896666.7,-84.14886749218027
21317895000.0,-82.0126148917704
21322893333.3,-85.05306895158259
21327891666.7,-78.2347476232267
21332890000.0,-83.33427137099216
21337888333.3,-78.66304994796444
21342886666.7,-88.84409755242248
21347885000.0,-85.22904641021705
21352883333.3,-81.96131953813095
21357881666.7,-82.72587068578325
21362880000.0,-81.08158140738374
21367878333.3,-82.85352176315703
21372876666.7,-79.20712021872335
21377875000.0,-84.35035236925664
21382873333.3,-82.91979091109353
21387871666.7,-86.47854853871998
21392870000.0,-82.22485043598243
21397868333.3,-82.60698003757513
21402866666.7,-80.16699289975121
21407865000.0,-82.49850670533435
21412863333.3,-81.01456205514503
21417861666.7,-74.52332503571017
21422860000.0,-82.95307923676404
21427858333.3,-76.81267249885576
21432856666.7,-78.56946627685724
21437855000.0,-84.01865929991601
21442853333.3,-83.80331318944981
21447851666.7,-83.37979680016196
21452850000.0,-87.55179818100798
21457848333.3,-77.13163885870615
21462846666.7,-84.80779803350538
21467845000.0,-79.70752686852991
21472843333.3,-82.36128941125804
21477841666.7,-83.61473798087522
21482840000.0,-80.14714709710759
21487838333.3,-79.26659761512144
21492836666.7,-82.1901084120297
21497835000.0,-77.89052334792464
21502833333.3,-82.89749895791007
21507831666.7,-91.40349234528409
21512830000.0,-79.09424806885387
21517828333.3,-94.64788320603112
21522826666.7,-90.33754735850155
21527825000.0,-83.22430822551516
21532823333.3,-89.41142133721215
21537821666.7,-89.85366718057873
21542820000.0,-80.22686246439312
21547818333.3,-79.38115577273737
21552816666.7,-79.68828909116853
21557815000.0,-76.01898794042475
21562813333.3,-83.69255739764917
21567811666.7,-84.90727865165888
21572810000.0,-80.1977849978649
21577808333.3,-88.78466651674944
21582806666.7,-80.60798422157971
21587805000.0,-89.44625624330183
21592803333.3,-94.06029874087324
21597801666.7,-90.64420357911787
21602800000.0,-83.27070967077502
21607798333.3,-82.71968511111483
21612796666.7,-84.77551787516725
21617795000.0,-85.65983256821565
21622793333.3,-86.45928925369445
21627791666.7,-79.69397347234023
21632790000.0,-82.75934864725734
21637788333.3,-79.7780261074019
21642786666.7,-77.31386009075477
21647785000.0,-76.76183320041031
21652783333.3,-82.82260341087735
21657781666.7,-82.19396836341417
21662780000.0,-90.68223587376828
21667778333.3,-88.2442622141615
21672776666.7,-85.22792851869372
21677775000.0,-87.53802299293868
21682773333.3,-85.8809152840111
21687771666.7,-80.3876526101331
21692770000.0,-82.27307018007505
21697768333.3,-79.5579234718454
21702766666.7,-87.77285776452979
21707765000.0,-83.53873899299862
21712763333.3,-82.61407799063802
21717761666.7,-83.9504433127826
21722760000.0,-86.24596737497804
21727758333.3,-83.20273421830737
21732756666.7,-83.47994057953889
21737755000.0,-79.1276240543832
21742753333.3,-78.15517761294684
21747751666.7,-79.449892943132
21752750000.0,-87.03293171514788
21757748333.3,-81.57064483673412
21762746666.7,-96.08077964119146
21767745000.0,-93.73877566661884
21772743333.3,-84.00105568164085
21777741666.7,-83.3983334470999
21782740000.0,-89.51566596284964
21787738333.3,-91.29552505758562
21792736666.7,-85.90645155332203
21797735000.0,-81.5594571109039
21802733333.3,-91.93313248731799
21807731666.7,-96.43731168029346
21812730000.0,-77.98172038657155
21817728333.3,-93.01881844956604
21822726666.7,-84.12647926489413
21827725000.0,-79.58759055096249
21832723333.3,-80.06440504726108
21837721666.7,-85.00323879070494
21842720000.0,-86.8943652210315
21847718333.3,-78.1629653261744
21852716666.7,-96.69704840962886
21857715000.0,-79.36473064146315
21862713333.3,-87.8993745539109
21867711666.7,-79.75565865937344
21872710000.0,-86.65277968279597
21877708333.3,-82.86002436461962
21882706666.7,-81.60585519619404
21887705000.0,-81.95470515702286
21892703333.3,-84.63479659092906
21897701666.7,-93.45790845679025
21902700000.0,-95.12040855686408
21907698333.3,-82.41651760597858
21912696666.7,-83.05950093594984
21917695000.0,-76.84387061809795
21922693333.3,-84.78435379092815
21927691666.7,-86.51782350488573
21932690000.0,-82.16275806072244
21937688333.3,-83.48985986470547
21942686666.7,-82.27309812383979
21947685000.0,-85.37001224088412
21952683333.3,-80.56194773666876
21957681666.7,-81.22439933836927
21962680000.0,-84.44557845702849
21967678333.3,-82.42458085658377
21972676666.7,-82.14915834861516
21977675000.0,-84.93864755686766
21982673333.3,-91.99934278137667
21987671666.7,-89.48568582789221
21992670000.0,-86.26203069904207
21997668333.3,-84.8667983651826
22002666666.7,-86.45989330506598
22007665000.0,-82.01921034211128
22012663333.3,-82.68875150627251
22017661666.7,-80.46003673382224
22022660000.0,-77.64518139271776
22027658333.3,-86.03026006672064
22032656666.7,-81.5809960408513
22037655000.0,-86.70644964525165
22042653333.3,-88.59496923145082
22047651666.7,-99.53329256350365
22052650000.0,-81.28056103588484
22057648333.3,-85.28199217462337
22062646666.7,-87.17440416597626
22067645000.0,-80.72726172782352
22072643333.3,-85.68184253887864
22077641666.7,-85.58278464142151
22082640000.0,-85.25863670531608
22087638333.3,-78.73914828772216
22092636666.7,-80.25566581794325
22097635000.0,-77.95674976865847
22102633333.3,-79.41924896276856
22107631666.7,-79.43149900676045
22112630000.0,-83.93322847936494
22117628333.3,-87.51494581189414
22122626666.7,-76.45946666060856
22127625000.0,-82.86332098867098
22132623333.3,-90.10787883301306
22137621666.7,-83.34978184026497
22142620000.0,-82.78020892318719
22147618333.3,-85.75194859478414
22152616666.7,-83.14501515925068
22157615000.0,-97.16280609476425
22162613333.3,-83.20435743552629
22167611666.7,-84.83540496057861
22172610000.0,-86.76888296802757
22177608333.3,-86.03888300229866
22182606666.7,-89.57976985448995
22187605000.0,-80.90188099882985
22192603333.3,-86.25386542155566
22197601666.7,-77.95774462085302
22202600000.0,-82.2221336149672
22207598333.3,-83.6555662294689
22212596666.7,-81.94876333639792
22217595000.0,-94.1972099622017
22222593333.3,-85.62314215702753
22227591666.7,-94.66034764611615
22232590000.0,-111.69729434820228
22237588333.3,-88.49947383811806
22242586666.7,-84.06977361745247
22247585000.0,-86.2820090551409
22252583333.3,-80.395430065675
22257581666.7,-81.6481444406788
22262580000.0,-86.30467966195829
22267578333.3,-85.67424195833277
22272576666.7,-89.9193074732188
22277575000.0,-87.89680121468405
22282573333.3,-83.96237383143408
22287571666.7,-85.22577850987089
22292570000.0,-90.25572710310857
22297568333.3,-81.62669576931637
22302566666.7,-84.82498903338694
22307565000.0,-106.24765361485737
22312563333.3,-91.38788680597679
22317561666.7,-87.85134122852725
22322560000.0,-89.21789571413814
22327558333.3,-83.97591079800598
22332556666.7,-82.39196487831366
22337555000.0,-97.02076187728576
22342553333.3,-81.62359927563173
22347551666.7,-81.34870219033354
22352550000.0,-75.43060067567767
22357548333.3,-95.533162239039
22362546666.7,-85.15454593292966
22367545000.0,-88.04331614824932
22372543333.3,-95.7361124098133
22377541666.7,-87.74525301140984
22382540000.0,-77.57350683593191
22387538333.3,-80.61672266275679
22392536666.7,-84.63245881225659
22397535000.0,-86.11999569399403
22402533333.3,-81.12808343835765
22407531666.7,-82.7431285688161
22412530000.0,-84.72503794588626
22417528333.3,-86.98638092823968
22422526666.7,-81.57317538908048
22427525000.0,-80.04940201692304
22432523333.3,-80.6094346868408
22437521666.7,-83.43892023585605
22442520000.0,-92.67639818202272
22447518333.3,-83.85858211721164
22452516666.7,-86.81924183693242
22457515000.0,-85.36846752762975
22462513333.3,-89.94212619150355
22467511666.7,-90.16034752661908
22472510000.0,-86.16114805437265
22477508333.3,-82.53592861876255
22482506666.7,-81.5819954329475
22487505000.0,-85.24554263223662
22492503333.3,-77.5538929186371
22497501666.7,-78.65487898430402
22502500000.0,-84.37110780345293
22507498333.3,-89.53364242914004
22512496666.7,-87.21437890055411
22517495000.0,-81.41461580879253
22522493333.3,-90.66725947922785
22527491666.7,-76.3115740403325
22532490000.0,-91.63559221082708
22537488333.3,-91.7939599315975
22542486666.7,-102.30490641979635
22547485000.0,-84.14196098651196
22552483333.3,-79.10822128089796
22557481666.7,-95.182064895627
22562480000.0,-81.89407130666764
22567478333.3,-81.26287655464648
22572476666.7,-82.07516830491821
22577475000.0,-85.16222942882968
22582473333.3,-84.87808559791137
22587471666.7,-85.46052918120154
22592470000.0,-84.1687893356547
22597468333.3,-83.9681911632529
22602466666.7,-86.53484326495997
22607465000.0,-82.25088815795742
22612463333.3,-80.08953994440188
22617461666.7,-93.45337286383888
22622460000.0,-93.81878264669218
22627458333.3,-97.99383600058994
22632456666.7,-90.20893254076888
22637455000.0,-86.01489900238514
22642453333.3,-87.41162802102889
22647451666.7,-90.1781054891049
22652450000.0,-88.67070825979397
22657448333.3,-95.90651800995329
22662446666.7,-87.20639125195544
22667445000.0,-85.6427017114092
22672443333.3,-80.16235546335652
22677441666.7,-88.23215301644639
22682440000.0,-83.22824320143143
22687438333.3,-82.00242303461165
22692436666.7,-87.8744069168043
22697435000.0,-89.68391926509467
22702433333.3,-84.7393805685139
22707431666.7,-103.26664756116028
22712430000.0,-83.41301441932295
22717428333.3,-85.00112157516766
22722426666.7,-80.59845239079723
22727425000.0,-84.2246555989735
22732423333.3,-85.41984684022805
22737421666.7,-85.02763245059796
22742420000.0,-84.50204287011198
22747418333.3,-95.51457651269942
22752416666.7,-81.43964094794974
22757415000.0,-95.60409547920328
22762413333.3,-81.06051235114128
22767411666.7,-87.83413292126959
22772410000.0,-82.91173056601221
22777408333.3,-84.92405071792122
22782406666.7,-84.44175383696383
22787405000.0,-84.64470823898898
22792403333.3,-87.92111129400686
22797401666.7,-82.028720301177
22802400000.0,-85.73940031508789
22807398333.3,-89.66685569610519
22812396666.7,-94.91923521913863
22817395000.0,-90.85606521278797
22822393333.3,-83.5161836750226
22827391666.7,-86.40106328323647
22832390000.0,-92.60018123691236
22837388333.3,-83.12735876542374
22842386666.7,-91.38347019957877
22847385000.0,-94.39448249380126
22852383333.3,-82.50809519569445
22857381666.7,-85.2536906649074
22862380000.0,-83.280744823334
22867378333.3,-87.69512246713458
22872376666.7,-88.02786219347816
22877375000.0,-88.20231709430027
22882373333.3,-88.58658412964589
22887371666.7,-86.29077223224235
22892370000.0,-103.3056248911345
22897368333.3,-91.59918412968864
22902366666.7,-80.63102055426249
22907365000.0,-86.68539724869203
22912363333.3,-89.80800698853535
22917361666.7,-83.44097001918672
22922360000.0,-83.84431130069908
22927358333.3,-93.18448550717903
22932356666.7,-110.14951797420524
22937355000.0,-95.98191126306965
22942353333.3,-89.42405536473713
22947351666.7,-80.77201510718604
22952350000.0,-81.89930021947147
22957348333.3,-81.1597882850942
22962346666.7,-85.55680693399133
22967345000.0,-86.03645154676231
22972343333.3,-92.53993526846757
22977341666.7,-85.28747683181695
22982340000.0,-83.40593939173958
22987338333.3,-95.5466351684284
22992336666.7,-84.60753747585004
22997335000.0,-84.8054289137474
23002333333.3,-81.49160805795944
23007331666.7,-89.6416771258979
23012330000.0,-79.87882845327974
23017328333.3,-92.61376276509124
23022326666.7,-87.86730685848104
23027325000.0,-83.0716662935153
23032323333.3,-91.11407930048763
23037321666.7,-93.07721418924726
23042320000.0,-87.45228032347869
23047318333.3,-90.48365731083443
23052316666.7,-82.88529526694468
23057315000.0,-100.41809953427702
23062313333.3,-83.05056133358465
23067311666.7,-86.6011387429031
23072310000.0,-86.32510448492258
23077308333.3,-90.65798796830254
23082306666.7,-87.88047779984893
23087305000.0,-84.16194397869643
23092303333.3,-90.90053826292007
23097301666.7,-86.4293047997642
23102300000.0,-86.23463590435195
23107298333.3,-83.327085017478
23112296666.7,-87.10712234786487
23117295000.0,-97.21032463377557
23122293333.3,-85.81550871299171
23127291666.7,-82.42728574887693
23132290000.0,-84.25821454652136
23137288333.3,-82.90454130363824
23142286666.7,-88.540491876645
23147285000.0,-100.74206296880725
23152283333.3,-85.28231200217942
23157281666.7,-86.61601743758636
23162280000.0,-85.1841927355605
23167278333.3,-87.46387741184697
23172276666.7,-89.09060965602032
23177275000.0,-90.65568878539108
23182273333.3,-89.6166311875241
23187271666.7,-80.59204301105478
23192270000.0,-88.93691464399824
23197268333.3,-81.55126884674864
23202266666.7,-100.5780044665905
23207265000.0,-77.42837797538736
23212263333.3,-82.61145601633245
23217261666.7,-84.66343452127732
23222260000.0,-93.52598959174378
23227258333.3,-84.66392122021406
23232256666.7,-84.04285794957603
23237255000.0,-86.00467995394035
23242253333.3,-89.00322274211625
23247251666.7,-86.10519219539802
23252250000.0,-84.59022858551982
23257248333.3,-88.22829318504454
23262246666.7,-87.47467131217408
23267245000.0,-89.36013851024993
23272243333.3,-87.44932833692543
23277241666.7,-81.34040672165295
23282240000.0,-89.13358333218376
23287238333.3,-95.0205871043295
23292236666.7,-85.03925346362749
23297235000.0,-94.63546898048058
23302233333.3,-83.20603036251242
23307231666.7,-96.32815936940483
23312230000.0,-90.17928938259261
23317228333.3,-84.33867876461834
23322226666.7,-105.6723165823626
23327225000.0,-97.48109508549321
23332223333.3,-81.8394042020085
23337221666.7,-87.56314567339317
23342220000.0,-84.12157700138843
23347218333.3,-90.96178324274055
23352216666.7,-84.07857891000567
23357215000.0,-88.7264451034649
23362213333.3,-82.3893652391263
23367211666.7,-79.58995754081845
23372210000.0,-88.37702975043506
23377208333.3,-87.20043222067942
23382206666.7,-87.11610333489533
23387205000.0,-101.21020041839786
23392203333.3,-84.03139919574976
23397201666.7,-86.53999257171456
23402200000.0,-93.95590463005442
23407198333.3,-97.29821412899447
23412196666.7,-84.62655960154953
23417195000.0,-91.21771128951777
23422193333.3,-87.89107089095805
23427191666.7,-102.63606348705679
23432190000.0,-87.42225316750142
23437188333.3,-80.45530958266735
23442186666.7,-82.06264881347565
23447185000.0,-87.55410000813647
23452183333.3,-89.40065622268236
23457181666.7,-95.05169876662293
23462180000.0,-87.4098876645126
23467178333.3,-81.76533230089746
23472176666.7,-86.78673310064312
23477175000.0,-81.98413644083149
23482173333.3,-86.56149691537011
23487171666.7,-84.70998574667192
23492170000.0,-86.4003999551802
23497168333.3,-81.06458279990562
23502166666.7,-87.00382164717693
23507165000.0,-87.12163968896971
23512163333.3,-94.67762704188202
23517161666.7,-85.57310863096616
23522160000.0,-90.14784240634894
23527158333.3,-83.61185454081335
23532156666.7,-93.21319689374504
23537155000.0,-85.8519330635815
23542153333.3,-87.35240133997907
23547151666.7,-87.35388711010843
23552150000.0,-88.07265968373743
23557148333.3,-87.0717490767673
23562146666.7,-85.00114520398068
23567145000.0,-86.71656731582769
23572143333.3,-90.20667150756228
23577141666.7,-87.28895476904722
23582140000.0,-83.78058709605719
23587138333.3,-92.28433899798958
23592136666.7,-99.80306916321891
23597135000.0,-98.296872841696
23602133333.3,-95.23844964338566
23607131666.7,-83.96933068560877
23612130000.0,-90.1711482806549
23617128333.3,-88.10331793602744
23622126666.7,-101.1730711643379
23627125000.0,-88.45547047931771
23632123333.3,-91.09614001385872
23637121666.7,-93.4840549836619
23642120000.0,-92.75691250305853
23647118333.3,-90.89433394962838
23652116666.7,-92.85245170715612
23657115000.0,-78.72486113791332
23662113333.3,-88.37940217484464
23667111666.7,-82.49113242320762
23672110000.0,-87.92560826032535
23677108333.3,-81.37200985307584
23682106666.7,-89.10589445670298
23687105000.0,-83.541130489845
23692103333.3,-87.71914584973254
23697101666.7,-80.75207860292761
23702100000.0,-85.11034428147475
23707098333.3,-94.82060457318661
23712096666.7,-96.93200105671181
23717095000.0,-86.68972249733318
23722093333.3,-87.17954685364217
23727091666.7,-82.63396557070465
23732090000.0,-100.3375392891344
23737088333.3,-89.82964822319241
23742086666.7,-87.6592344574446
23747085000.0,-83.61858797730683
23752083333.3,-94.96500564081786
23757081666.7,-84.3619385027172
23762080000.0,-83.55697978758089
23767078333.3,-84.4575053327914
23772076666.7,-85.75652365545301
23777075000.0,-82.89077142369607
23782073333.3,-88.04331839089949
23787071666.7,-91.35603646517701
23792070000.0,-85.74698146434118
23797068333.3,-81.40426881656757
23802066666.7,-82.873712400751
23807065000.0,-89.48284462594276
23812063333.3,-89.42515654601067
23817061666.7,-82.4504719078013
23822060000.0,-85.54888182698113
23827058333.3,-90.15745176940193
23832056666.7,-82.25968499854
23837055000.0,-86.1124815091164
23842053333.3,-83.94973050674369
23847051666.7,-84.6762763560077
23852050000.0,-93.87906823218361
23857048333.3,-92.69482663484334
23862046666.7,-83.99467378277207
23867045000.0,-88.05326477771271
23872043333.3,-77.15834148269255
23877041666.7,-96.07331264534167
23882040000.0,-101.29989688504065
23887038333.3,-88.77735494682996
23892036666.7,-84.82460381859352
23897035000.0,-85.64022145835614
23902033333.3,-93.65776109608186
23907031666.7,-88.8666896500225
23912030000.0,-85.79317832286533
23917028333.3,-86.80880853391024
23922026666.7,-81.41248414334525
23927025000.0,-80.72541980890034
23932023333.3,-87.27003951531981
23937021666.7,-84.85386922562485
23942020000.0,-100.25849218520874
23947018333.3,-87.72838527892469
23952016666.7,-96.98325224118787
23957015000.0,-87.15299309874848
23962013333.3,-84.47654985968137
23967011666.7,-79.77401073122192
23972010000.0,-85.27661624763725
23977008333.3,-83.93390606478475
23982006666.7,-80.52322459943053
23987005000.0,-82.51125264447941
23992003333.3,-83.68650282230838
23997001666.7,-90.78969848341939
24002000000.0,-80.8213580774627
24006998333.3,-73.69537836154018
24011996666.7,-79.95461086395704
24016995000.0,-82.08383516682275
24021993333.3,-75.23175539468797
24026991666.7,-80.08297491172881
24031990000.0,-79.07443048436124
24036988333.3,-77.88314627785537
24041986666.7,-76.9062884014862
24046985000.0,-78.23004888489089
24051983333.3,-74.52048780713315
24056981666.7,-78.55973710588688
24061980000.0,-71.97973689069526
24066978333.3,-80.72903418082554
24071976666.7,-73.51774693835922
24076975000.0,-72.63838054613304
24081973333.3,-77.438338594705
24086971666.7,-79.38280596009031
24091970000.0,-70.72829379364511
24096968333.3,-77.93324873857763
24101966666.7,-78.35517295726986
24106965000.0,-75.04834993710823
24111963333.3,-67.29337316779865
24116961666.7,-74.80509727190878
24121960000.0,-80.78784551711618
24126958333.3,-72.99490718270799
24131956666.7,-78.63253842522454
24136955000.0,-72.51717319252867
24141953333.3,-71.29536874208259
24146951666.7,-75.62536786276182
24151950000.0,-70.97550690557624
24156948333.3,-78.271871920507
24161946666.7,-68.48998490577856
24166945000.0,-75.75620420528074
24171943333.3,-92.43510137616377
24176941666.7,-80.05839321416508
24181940000.0,-73.18758667880249
24186938333.3,-80.01575033274024
24191936666.7,-79.23127981022131
24196935000.0,-91.1793051510893
24201933333.3,-73.38635474709963
24206931666.7,-69.64809073729442
24211930000.0,-81.46424991887555
24216928333.3,-73.6928099819846
24221926666.7,-77.30598865916181
24226925000.0,-77.8833383453696
24231923333.3,-71.26963284219946
24236921666.7,-73.36287653387339
24241920000.0,-84.23196925484862
24246918333.3,-79.18166973387044
24251916666.7,-78.40170963301415
24256915000.0,-81.24158684576216
24261913333.3,-73.67919427457576
24266911666.7,-80.15517798259157
24271910000.0,-81.07986959620499
24276908333.3,-70.32068900933797
24281906666.7,-76.04693937702548
24286905000.0,-83.90571919986553
24291903333.3,-88.18375190094076
24296901666.7,-75.16434384855123
24301900000.0,-85.09625192208325
24306898333.3,-75.64840009006703
24311896666.7,-76.92250545970187
24316895000.0,-72.69431784175067
24321893333.3,-80.06550222301848
24326891666.7,-74.7638090733995
24331890000.0,-80.90412974307202
24336888333.3,-66.95081588942958
24341886666.7,-74.41618377709155
24346885000.0,-74.12421392145336
24351883333.3,-75.73746926605536
24356881666.7,-73.22871320112102
24361880000.0,-73.55018360802411
24366878333.3,-80.41723314342649
24371876666.7,-72.30749575337728
24376875000.0,-75.42907625160149
24381873333.3,-67.68125808434658
24386871666.7,-73.85916254555924
24391870000.0,-77.38475059198754
24396868333.3,-74.81052087202815
24401866666.7,-77.89550698728624
24406865000.0,-76.16192410538875
24411863333.3,-88.82647752776245
24416861666.7,-72.02410072895985
24421860000.0,-76.66851446194687
24426858333.3,-76.98775717138294
24431856666.7,-72.82621077238963
24436855000.0,-77.93300459991548
24441853333.3,-75.13702571094908
24446851666.7,-73.25627915827967
24451850000.0,-71.79899303449432
24456848333.3,-78.7486858378564
24461846666.7,-77.99411490326989
24466845000.0,-73.86434232842069
24471843333.3,-77.4107148395328
24476841666.7,-69.4305285046976
24481840000.0,-84.8293087790278
24486838333.3,-85.71348647269686
24491836666.7,-86.62104659211757
24496835000.0,-77.90844438892732
24501833333.3,-74.2864933765692
24506831666.7,-70.3238178646024
24511830000.0,-77.0940296757835
24516828333.3,-93.437582798795
24521826666.7,-79.72295321512173
24526825000.0,-83.57704529283515
24531823333.3,-70.47031296709042
24536821666.7,-77.57939696878279
24541820000.0,-77.74951352994779
24546818333.3,-80.73864093679069
24551816666.7,-72.72798629030132
24556815000.0,-82.73480103830984
24561813333.3,-73.94580073494356
24566811666.7,-100.05870466454311
24571810000.0,-72.48608449029278
24576808333.3,-81.801329319572
24581806666.7,-79.60191470163437
24586805000.0,-85.36290148800515
24591803333.3,-80.03511476923643
24596801666.7,-75.80081414641958
24601800000.0,-77.04284848293216
24606798333.3,-70.7622159719461
24611796666.7,-68.61236898903896
24616795000.0,-80.01324385824799
24621793333.3,-73.45834661687284
24626791666.7,-77.78492677072273
24631790000.0,-80.83181718272469
24636788333.3,-79.31851558324045
24641786666.7,-71.12151710148521
24646785000.0,-83.65025116901703
24651783333.3,-76.39491785970114
24656781666.7,-74.036624631666
24661780000.0,-80.246343358587
24666778333.3,-71.48809246305208
24671776666.7,-76.00604116663325
24676775000.0,-69.43523173818929
24681773333.3,-72.6428765448893
24686771666.7,-80.73051228543805
24691770000.0,-75.32336758690934
24696768333.3,-77.80513931996508
24701766666.7,-70.1005786593384
24706765000.0,-86.78499777736431
24711763333.3,-72.87051794761058
24716761666.7,-76.68779677729478
24721760000.0,-88.6683064321752
24726758333.3,-78.46003461204279
24731756666.7,-74.27358925633347
24736755000.0,-85.7249716166803
24741753333.3,-83.91082700921618
24746751666.7,-72.52824106551655
24751750000.0,-81.01201976466413
24756748333.3,-79.89792982057284
24761746666.7,-75.1828169486204
24766745000.0,-90.11409351300316
24771743333.3,-77.36355326264909
24776741666.7,-68.86497452367587
24781740000.0,-104.22536459072822
24786738333.3,-78.58392283418983
24791736666.7,-81.02902200658433
24796735000.0,-77.75069214592139
24801733333.3,-74.53801410086957
24806731666.7,-80.76798378302183
24811730000.0,-74.84743901991345
24816728333.3,-77.42667937482521
24821726666.7,-77.66288584713597
24826725000.0,-72.65563434574179
24831723333.3,-75.17941768796481
24836721666.7,-76.18578429113042
24841720000.0,-78.97039466066349
24846718333.3,-74.43452478367233
24851716666.7,-69.37410563903852
24856715000.0,-71.82005278880342
24861713333.3,-69.62250079199852
24866711666.7,-70.52867706723957
24871710000.0,-73.6381633053833
24876708333.3,-71.74459703850846
24881706666.7,-73.30176054185138
24886705000.0,-72.42109803684741
24891703333.3,-74.86903611902837
24896701666.7,-71.64789355976856
24901700000.0,-72.22322856011343
24906698333.3,-75.09963489491557
24911696666.7,-88.22521331232961
24916695000.0,-72.3573539577633
24921693333.3,-71.50371466952299
24926691666.7,-82.55106333613215
24931690000.0,-72.22299915682943
24936688333.3,-72.09202756111969
24941686666.7,-76.63695176222706
24946685000.0,-82.95908489772043
24951683333.3,-72.43445743783137
24956681666.7,-78.1614931626628
24961680000.0,-80.47057753941868
24966678333.3,-83.48064442616237
24971676666.7,-69.08342831937416
24976675000.0,-74.34756389763115
24981673333.3,-72.91057694941047
24986671666.7,-80.25698115835583
24991670000.0,-80.49701727404111
24996668333.3,-82.28664897540892
25001666666.7,-81.55168151307029
25006665000.0,-82.97683609993354
25011663333.3,-80.08987570401467
25016661666.7,-82.02599394006326
25021660000.0,-73.54423531764839
25026658333.3,-73.30097818459285
25031656666.7,-79.76184072545091
25036655000.0,-71.60560619834993
25041653333.3,-81.96985763510489
25046651666.7,-78.34394151021992
25051650000.0,-75.04848522224978
25056648333.3,-77.49336226195224
25061646666.7,-71.16689495574497
25066645000.0,-86.37543605377012
25071643333.3,-74.98452079842222
25076641666.7,-73.81934763609254
25081640000.0,-85.83877455457477
25086638333.3,-70.88667093156023
25091636666.7,-74.63648395280369
25096635000.0,-71.63143085168409
25101633333.3,-71.45296872574845
25106631666.7,-78.03418693817727
25111630000.0,-76.06868018524867
25116628333.3,-80.5159782388053
25121626666.7,-87.55341240319275
25126625000.0,-75.21833069117585
25131623333.3,-88.39182605862463
25136621666.7,-82.06322631404377
25141620000.0,-80.21877406413876
25146618333.3,-77.702229660069
25151616666.7,-84.2069736016868
25156615000.0,-79.36355035517599
25161613333.3,-74.59825212482681
25166611666.7,-80.55995821727207
25171610000.0,-97.02720185809889
25176608333.3,-80.00159701593985
25181606666.7,-81.48835346262759
25186605000.0,-75.08190818433201
25191603333.3,-77.85300617645322
25196601666.7,-76.81421108864835
25201600000.0,-83.8447556874508
25206598333.3,-74.61234962188425
25211596666.7,-78.08940060502619
25216595000.0,-77.18962730402691
25221593333.3,-80.46645128321168
25226591666.7,-75.39096326076616
25231590000.0,-82.62029403203303
25236588333.3,-81.02662285943913
25241586666.7,-72.90229423823473
25246585000.0,-75.52998913855919
25251583333.3,-75.5748949218878
25256581666.7,-100.33810086486216
25261580000.0,-82.63883473624668
25266578333.3,-79.86178252899415
25271576666.7,-77.48956065408805
25276575000.0,-75.89542462737056
25281573333.3,-79.27959701274249
25286571666.7,-77.77829636242556
25291570000.0,-74.6956464227473
25296568333.3,-85.06251557089595
25301566666.7,-79.34486140599883
25306565000.0,-77.57049046628906
25311563333.3,-77.43858999367158
25316561666.7,-80.59824746282432
25321560000.0,-78.2377722432005
25326558333.3,-66.94329522664273
25331556666.7,-77.46018678227516
25336555000.0,-73.11551232791447
25341553333.3,-79.67867665890212
25346551666.7,-71.9574821508437
25351550000.0,-79.9048982516046
25356548333.3,-74.4860383839591
25361546666.7,-77.4222225824881
25366545000.0,-78.99968282623023
25371543333.3,-75.87417841594257
25376541666.7,-82.50391508036304
25381540000.0,-88.79002545371955
25386538333.3,-84.30337970788896
25391536666.7,-78.28816283817177
25396535000.0,-76.892534528253
25401533333.3,-72.30855294245484
25406531666.7,-73.50839606903597
25411530000.0,-75.07032228123677
25416528333.3,-73.02698722781128
25421526666.7,-78.3137704023908
25426525000.0,-75.12339863899618
25431523333.3,-78.05502889168999
25436521666.7,-81.65490095210336
25441520000.0,-77.13996145393128
25446518333.3,-81.97139340425478
25451516666.7,-83.72423201842416
25456515000.0,-76.500357250567
25461513333.3,-79.71957920483435
25466511666.7,-70.95960151064708
25471510000.0,-76.42651415884795
25476508333.3,-74.33464667487951
25481506666.7,-85.28387711521576
25486505000.0,-75.58473234816711
25491503333.3,-90.18705259667715
25496501666.7,-77.85964337858867
25501500000.0,-80.84215357761485
25506498333.3,-75.10061967145015
25511496666.7,-77.54111683026531
25516495000.0,-81.52039453292993
25521493333.3,-73.86502669652204
25526491666.7,-76.43291693997506
25531490000.0,-80.8138433889371
25536488333.3,-77.86859357786378
25541486666.7,-71.27060696447975
25546485000.0,-82.69584989558582
25551483333.3,-71.8005698203186
25556481666.7,-75.21708548619384
25561480000.0,-78.27023033996544
25566478333.3,-69.73666704595833
25571476666.7,-77.25595340819858
25576475000.0,-74.55875678056051
25581473333.3,-74.6628268597804
25586471666.7,-80.39668973873732
25591470000.0,-79.25631423427934
25596468333.3,-70.9838209216513
25601466666.7,-99.89037993354012
25606465000.0,-78.41352967438557
25611463333.3,-85.9630365494312
25616461666.7,-81.67067450925157
25621460000.0,-80.81352190729541
25626458333.3,-77.22556704478363
25631456666.7,-74.62561768763112
25636455000.0,-79.14285279074417
25641453333.3,-81.9296089063773
25646451666.7,-72.30204616400637
25651450000.0,-84.23060617710775
25656448333.3,-81.41645157223566
25661446666.7,-76.80905368291232
25666445000.0,-77.79926452703978
25671443333.3,-76.49442173778945
25676441666.7,-82.89175294032987
25681440000.0,-79.5557751696086
25686438333.3,-86.68884464225548
25691436666.7,-74.07565395449481
25696435000.0,-77.25204350409084
25701433333.3,-70.69791894327261
25706431666.7,-83.7202644462667
25711430000.0,-72.0131963038197
25716428333.3,-77.42648595586105
25721426666.7,-78.1402993119269
25726425000.0,-73.89529303735446
25731423333.3,-84.065154656477
25736421666.7,-73.7652515383384
25741420000.0,-78.70186733532373
25746418333.3,-78.21752453311917
25751416666.7,-75.15302844086179
25756415000.0,-77.51881934922345
25761413333.3,-85.97985194521831
25766411666.7,-79.02948786879499
25771410000.0,-86.96314324164767
25776408333.3,-74.0838520857161
25781406666.7,-78.8742908210685
25786405000.0,-76.04875728821372
25791403333.3,-80.36335013475367
25796401666.7,-79.57039117083106
25801400000.0,-69.925847012101
25806398333.3,-81.23700165040104
25811396666.7,-76.71614851581927
25816395000.0,-90.19031850053553
25821393333.3,-83.5875327719923
25826391666.7,-88.17964250263904
25831390000.0,-71.63023525908733
25836388333.3,-71.70559670353823
25841386666.7,-68.85307198959777
25846385000.0,-76.91409530209965
25851383333.3,-73.88024296830443
25856381666.7,-82.26636375179723
25861380000.0,-81.505770921345
25866378333.3,-77.53787384402322
25871376666.7,-75.29151982040142
25876375000.0,-87.09931712026297
25881373333.3,-74.93678696606212
25886371666.7,-74.06746241398454
25891370000.0,-72.13757281790406
25896368333.3,-75.25099558516835
25901366666.7,-91.10995942889845
25906365000.0,-76.19338241576719
25911363333.3,-75.43096966610466
25916361666.7,-75.26384524040158
25921360000.0,-74.58249583961349
25926358333.3,-71.90658714292242
25931356666.7,-73.54991083284662
25936355000.0,-80.90887889364052
25941353333.3,-77.36262186266302
25946351666.7,-75.2945459321903
25951350000.0,-69.75303287128058
25956348333.3,-76.7505978645664
25961346666.7,-71.21021996848903
25966345000.0,-74.6482198036839
25971343333.3,-89.9267900997414
25976341666.7,-79.65093375042373
25981340000.0,-79.08378663605802
25986338333.3,-72.37205277936769
25991336666.7,-78.56699089077219
25996335000.0,-82.13881963785053
26001333333.3,-80.1672394302403
26006331666.7,-74.20956113317571
26011330000.0,-74.80101472019923
26016328333.3,-74.77136825941025
26021326666.7,-73.5899396095201
26026325000.0,-93.22451084263982
26031323333.3,-84.6143299672305
26036321666.7,-70.7043900950986
26041320000.0,-77.37838625432278
26046318333.3,-76.59126822604503
26051316666.7,-82.08146639134301
26056315000.0,-72.12767205306824
26061313333.3,-78.45230384994392
26066311666.7,-87.24245229427387
26071310000.0,-80.06471715217613
26076308333.3,-77.79175017429318
26081306666.7,-75.76634381520304
26086305000.0,-74.99901332888855
26091303333.3,-74.47418677308495
26096301666.7,-83.25697184657372
26101300000.0,-80.7188447687818
26106298333.3,-86.6145952886485
26111296666.7,-74.5695858376527
26116295000.0,-77.90232802165593
26121293333.3,-78.1159324494662
26126291666.7,-74.12201440976986
26131290000.0,-76.49092119603706
26136288333.3,-77.08663278273794
26141286666.7,-82.45039696185543
26146285000.0,-78.13144184647237
26151283333.3,-76.14857626736536
26156281666.7,-82.69021999853206
26161280000.0,-90.93546812892158
26166278333.3,-79.97674069069687
26171276666.7,-86.06751397300098
26176275000.0,-77.23835645708326
26181273333.3,-73.15859456387267
26186271666.7,-78.86613461026003
26191270000.0,-81.67798911629882
26196268333.3,-81.9715554379089
26201266666.7,-73.63769716936937
26206265000.0,-67.37748775850109
26211263333.3,-79.84157386784602
26216261666.7,-80.17913091360101
26221260000.0,-71.79709541550298
26226258333.3,-76.28804680423777
26231256666.7,-78.93186189698125
26236255000.0,-74.8785277719925
26241253333.3,-79.21511996716575
26246251666.7,-71.7838729676611
26251250000.0,-81.77059028369469
26256248333.3,-83.86765915945116
26261246666.7,-81.39570052238555
26266245000.0,-72.93423902915679
26271243333.3,-76.52799006410548
26276241666.7,-72.87177517984563
26281240000.0,-83.64495453485216
26286238333.3,-80.30915911056564
26291236666.7,-80.30814624929343
26296235000.0,-80.69326237284488
26301233333.3,-78.65198351620349
26306231666.7,-76.06709836593372
26311230000.0,-70.39499957869396
26316228333.3,-76.01570454341139
26321226666.7,-102.70820564522933
26326225000.0,-81.77312049923584
26331223333.3,-72.07161624492909
26336221666.7,-76.01322784649581
26341220000.0,-79.23435580899904
26346218333.3,-87.4004421336415
26351216666.7,-76.2245817151345
26356215000.0,-83.02182383145576
26361213333.3,-88.36825711242784
26366211666.7,-74.19426102131115
26371210000.0,-82.1961896415913
26376208333.3,-77.90480479065062
26381206666.7,-88.62521020369465
26386205000.0,-76.17661463930393
26391203333.3,-75.72779816237194
26396201666.7,-75.72905879583398
26401200000.0,-78.12288343134797
26406198333.3,-73.35589415384244
26411196666.7,-72.73551059363518
26416195000.0,-85.64478646409884
26421193333.3,-71.99780775604447
26426191666.7,-77.61475411809538
26431190000.0,-76.36652874962299
26436188333.3,-80.3067707594986
26441186666.7,-77.11668833701947
26446185000.0,-76.58530321988904
26451183333.3,-76.5760954258016
26456181666.7,-78.9985315094965
26461180000.0,-76.1710956205811
26466178333.3,-82.13994502620965
26471176666.7,-71.76434321917215
26476175000.0,-76.41582538035782
26481173333.3,-83.19108385324267
26486171666.7,-74.29354026662932
26491170000.0,-79.95003197551068
26496168333.3,-80.28999346345174
26501166666.7,-76.30795527888408
26506165000.0,-78.09855583805457
26511163333.3,-76.14368902048628
26516161666.7,-75.11513719082878
26521160000.0,-78.72176950170272
26526158333.3,-80.84393059152961
26531156666.7,-75.36818500753326
26536155000.0,-72.40378899965233
26541153333.3,-77.68235556934061
26546151666.7,-85.37237372789451
26551150000.0,-70.86978584254976
26556148333.3,-77.13813666914072
26561146666.7,-76.71959798348367
26566145000.0,-91.9613659512355
26571143333.3,-73.1978190783566
26576141666.7,-83.72672274268048
26581140000.0,-78.81171963057987
26586138333.3,-78.95272383540687
26591136666.7,-72.01566628598665
26596135000.0,-79.40456950010142
26601133333.3,-77.82779090921858
26606131666.7,-72.80654512499366
26611130000.0,-96.80130828601762
26616128333.3,-69.92188186251937
26621126666.7,-72.09237270380298
26626125000.0,-77.69914134138682
26631123333.3,-88.1377273815252
26636121666.7,-79.79812993980704
26641120000.0,-73.32655692057361
26646118333.3,-77.29071075643716
26651116666.7,-79.56909151573298
26656115000.0,-73.41440692073871
26661113333.3,-83.74472696668448
26666111666.7,-75.090203711306
26671110000.0,-86.38663319570531
26676108333.3,-75.64688094879818
26681106666.7,-74.81622881414279
26686105000.0,-72.58085941353895
26691103333.3,-84.18710874282792
26696101666.7,-80.70753484832096
26701100000.0,-89.92730325752092
26706098333.3,-77.00009984450921
26711096666.7,-71.47996183615079
26716095000.0,-76.94231537744113
26721093333.3,-81.77009823091515
26726091666.7,-83.0937952114941
26731090000.0,-74.77456297096892
26736088333.3,-84.49683199078036
26741086666.7,-79.67643157755839
26746085000.0,-80.8666899200246
26751083333.3,-78.99659273389632
26756081666.7,-70.87278931884705
26761080000.0,-73.76115734237779
26766078333.3,-72.353163803691
26771076666.7,-76.15274054183273
26776075000.0,-82.40836478963882
26781073333.3,-77.30681004294192
26786071666.7,-79.50350873803357
26791070000.0,-75.29476303646504
26796068333.3,-80.95611024788597
26801066666.7,-71.61144230868067
26806065000.0,-80.57263761684831
26811063333.3,-75.01775662361966
26816061666.7,-72.64177165508379
26821060000.0,-76.9078111879789
26826058333.3,-74.48188830910378
26831056666.7,-76.12385818210457
26836055000.0,-71.58500665583162
26841053333.3,-77.43692316643887
26846051666.7,-75.13150214544396
26851050000.0,-79.35707938634677
26856048333.3,-85.17736979558927
26861046666.7,-78.74230567605278
26866045000.0,-78.88575549197438
26871043333.3,-74.31523209350229
26876041666.7,-80.94711663145426
26881040000.0,-75.77747046301934
26886038333.3,-71.65006699231871
26891036666.7,-78.78371862140423
26896035000.0,-85.24245617934949
26901033333.3,-79.36293088880015
26906031666.7,-75.59190412243508
26911030000.0,-82.0938469005638
26916028333.3,-82.60943356215245
26921026666.7,-88.29075756437744
26926025000.0,-95.05787664749266
26931023333.3,-76.86798608885664
26936021666.7,-70.26837896835315
26941020000.0,-80.38382603149927
26946018333.3,-77.76070717663015
26951016666.7,-80.91778673439421
26956015000.0,-85.40297678484292
26961013333.3,-77.53764162679941
26966011666.7,-77.60287302246428
26971010000.0,-80.25231940340426
26976008333.3,-73.30488159272822
26981006666.7,-80.24453427713038
26986005000.0,-81.22142757399253
26991003333.3,-73.90550534163157
26996001666.7,-80.67958043940094
27001000000.0,-79.54760643785961
27005998333.3,-77.07658410242232
27010996666.7,-79.61648311763287
27015995000.0,-72.73085350909048
27020993333.3,-82.9427998918309
27025991666.7,-78.80771335074881
27030990000.0,-75.9198652891979
27035988333.3,-72.3050129948861
27040986666.7,-86.0667352015868
27045985000.0,-81.80168259769607
27050983333.3,-77.73604231300995
27055981666.7,-89.37383045050198
27060980000.0,-77.37630057020893
27065978333.3,-74.50326216731347
27070976666.7,-76.72910889594748
27075975000.0,-77.14543055498046
27080973333.3,-83.70340427156265
27085971666.7,-82.32216690912912
27090970000.0,-72.8309477758767
27095968333.3,-78.03470657681201
27100966666.7,-76.70101835951581
27105965000.0,-86.52844353073091
27110963333.3,-74.13558790564265
27115961666.7,-82.86874885681335
27120960000.0,-75.50656087438372
27125958333.3,-80.00938743357335
27130956666.7,-72.26072277823177
27135955000.0,-78.81030530852226
27140953333.3,-76.86336134290009
27145951666.7,-73.16347702266161
27150950000.0,-70.22934896629333
27155948333.3,-76.46623667218597
27160946666.7,-89.14981046019673
27165945000.0,-83.03015674242877
27170943333.3,-76.78658737214609
27175941666.7,-85.42671734016872
27180940000.0,-77.8266683917474
27185938333.3,-91.9909950914795
27190936666.7,-74.42398888237443
27195935000.0,-79.30214776666132
27200933333.3,-81.73854463766739
27205931666.7,-79.49650839352952
27210930000.0,-76.89070354355745
27215928333.3,-76.34547490694082
27220926666.7,-77.40652076118066
27225925000.0,-78.26239786627723
27230923333.3,-79.9982300709829
27235921666.7,-72.07848536683714
27240920000.0,-77.24028072206275
27245918333.3,-83.45489429896321
27250916666.7,-85.54671715431905
27255915000.0,-79.72274787696982
27260913333.3,-78.3230756652381
27265911666.7,-89.66589891368892
27270910000.0,-82.25857350458647
27275908333.3,-77.58363766009668
27280906666.7,-80.5527626767624
27285905000.0,-73.64769859032154
27290903333.3,-77.76324205151343
27295901666.7,-73.37674647390668
27300900000.0,-80.45326937457473
27305898333.3,-76.26440608197548
27310896666.7,-80.68985626496863
27315895000.0,-80.66206330210028
27320893333.3,-88.56092721064981
27325891666.7,-86.54340751432474
27330890000.0,-81.01481947090127
27335888333.3,-77.77718286511141
27340886666.7,-80.50285040260404
27345885000.0,-77.40432683865014
27350883333.3,-80.32275543223669
27355881666.7,-80.67431689533228
27360880000.0,-76.28538393980872
27365878333.3,-79.84228618207332
27370876666.7,-76.49174423741607
27375875000.0,-75.39147575835571
27380873333.3,-75.51759748525963
27385871666.7,-81.80519231463349
27390870000.0,-84.35742237426001
27395868333.3,-82.98293505527752
27400866666.7,-79.49770348498446
27405865000.0,-76.21936688219547
27410863333.3,-72.36110057866055
27415861666.7,-74.20283333022499
27420860000.0,-96.28969731677715
27425858333.3,-76.34352634654397
27430856666.7,-72.79498800778886
27435855000.0,-79.36121288982545
27440853333.3,-81.16738934979004
27445851666.7,-98.3133014804043
27450850000.0,-79.57094662867632
27455848333.3,-78.41676528972623
27460846666.7,-73.16899284919094
27465845000.0,-75.46663342984925
27470843333.3,-74.03982124330868
27475841666.7,-73.70190884353853
27480840000.0,-80.46177927193874
27485838333.3,-73.43602141923306
27490836666.7,-81.83576917528734
27495835000.0,-75.08986921681065
27500833333.3,-73.10449745520832
27505831666.7,-77.65858963012333
27510830000.0,-77.53557729448086
27515828333.3,-74.00058958519031
27520826666.7,-93.96599332790124
27525825000.0,-88.14081021750704
27530823333.3,-86.73384075260614
27535821666.7,-87.01154395059747
27540820000.0,-88.90618046542819
27545818333.3,-79.11928529520331
27550816666.7,-79.18395777163039
27555815000.0,-74.1142999827028
27560813333.3,-77.33075838410501
27565811666.7,-70.34148685862502
27570810000.0,-73.26383690999377
27575808333.3,-81.47520964386963
27580806666.7,-75.4927313884868
27585805000.0,-85.85831883025773
27590803333.3,-82.57473400966978
27595801666.7,-78.44511722534168
27600800000.0,-80.81267780273737
27605798333.3,-81.35285747322715
27610796666.7,-80.06053646993601
27615795000.0,-76.32739558180212
27620793333.3,-77.03745882445052
27625791666.7,-86.67854412307827
27630790000.0,-82.3221437035667
27635788333.3,-80.41873850881186
27640786666.7,-77.62395739586199
27645785000.0,-77.39575002263196
27650783333.3,-76.92861880448453
27655781666.7,-81.09299807258265
27660780000.0,-77.69056861646804
27665778333.3,-78.65292169320769
27670776666.7,-82.1837497241329
27675775000.0,-73.96102361779894
27680773333.3,-69.8815848756232
27685771666.7,-74.39135029522168
27690770000.0,-68.80085057258282
27695768333.3,-75.72062741191166
27700766666.7,-78.74393297694255
27705765000.0,-81.50275835596985
27710763333.3,-74.88129098660436
27715761666.7,-85.1622635067896
27720760000.0,-81.06724393739952
27725758333.3,-77.63945761070744
27730756666.7,-79.32212977369511
27735755000.0,-79.35843280769811
27740753333.3,-73.90610223636365
27745751666.7,-76.32951132387716
27750750000.0,-92.1201305947291
27755748333.3,-79.30202232977037
27760746666.7,-81.16692191489717
27765745000.0,-81.09691863055788
27770743333.3,-75.491581776118
27775741666.7,-70.67163849181938
27780740000.0,-88.64375892918432
27785738333.3,-78.48196703930796
27790736666.7,-78.66128548856128
27795735000.0,-73.50105418273608
27800733333.3,-85.01001391668242
27805731666.7,-81.56035653550529
27810730000.0,-77.66576669074114
27815728333.3,-74.30039987185515
27820726666.7,-70.80566712422015
27825725000.0,-72.07561682581269
27830723333.3,-73.30007662885878
27835721666.7,-75.47899916943831
27840720000.0,-74.44491100758287
27845718333.3,-77.49548814602589
27850716666.7,-74.36056367933342
27855715000.0,-81.6909456815795
27860713333.3,-72.26840294696032
27865711666.7,-72.69753475085236
27870710000.0,-78.97448199841867
27875708333.3,-71.71356335596073
27880706666.7,-82.37294704056734
27885705000.0,-75.91659349448564
27890703333.3,-100.26286254833936
27895701666.7,-86.47577194030879
27900700000.0,-78.88164902670022
27905698333.3,-75.99348241597025
27910696666.7,-83.34478263876676
27915695000.0,-75.01854851192394
27920693333.3,-89.7292735951292
27925691666.7,-77.03782983951689
27930690000.0,-76.5097379816037
27935688333.3,-77.58873128708406
27940686666.7,-79.45320505947936
27945685000.0,-78.93519663196653
27950683333.3,-97.86421223442593
27955681666.7,-81.03315765310698
27960680000.0,-72.66606546603539
27965678333.3,-77.86207353474474
27970676666.7,-73.66687716710203
27975675000.0,-88.7909816651181
27980673333.3,-83.89256000407052
27985671666.7,-84.03458885232631
27990670000.0,-83.21915090415095
27995668333.3,-83.0922611404334
28000666666.7,-73.92993890656868
28005665000.0,-90.57317455007129
28010663333.3,-80.21319494594275
28015661666.7,-82.08410403652289
28020660000.0,-74.14292740916926
28025658333.3,-82.93639685489659
28030656666.7,-75.28819453603802
28035655000.0,-75.78860489843363
28040653333.3,-73.85964484456376
28045651666.7,-83.10640079322664
28050650000.0,-80.36343472205651
28055648333.3,-85.54655404237525
28060646666.7,-78.29906526624464
28065645000.0,-83.81711458406048
28070643333.3,-78.3115721215073
28075641666.7,-77.4273067765738
28080640000.0,-73.71704028565749
28085638333.3,-71.18551856620472
28090636666.7,-74.57706307566686
28095635000.0,-81.69332633161993
28100633333.3,-68.26352452042104
28105631666.7,-78.33854541850265
28110630000.0,-75.40391069479656
28115628333.3,-75.6784999446669
28120626666.7,-88.60393984339277
28125625000.0,-72.60696299186786
28130623333.3,-86.2592135969178
28135621666.7,-84.28003673123283
28140620000.0,-88.27015620273204
28145618333.3,-73.35375636496642
28150616666.7,-85.1116579413397
28155615000.0,-72.38778396207272
28160613333.3,-75.59242528481165
28165611666.7,-77.91153184114849
28170610000.0,-78.781478419868
28175608333.3,-76.77851751900643
28180606666.7,-85.27245010630408
28185605000.0,-77.70585867315945
28190603333.3,-75.79628718253508
28195601666.7,-91.90138380004817
28200600000.0,-74.5024570922549
28205598333.3,-91.05117844255048
28210596666.7,-75.49424549466525
28215595000.0,-77.49455064475607
28220593333.3,-73.09027848554928
28225591666.7,-83.0019568445931
28230590000.0,-74.88046411021607
28235588333.3,-77.7610247335505
28240586666.7,-77.44171209475925
28245585000.0,-74.26345050198107
28250583333.3,-79.08299369117573
28255581666.7,-78.14166455013067
28260580000.0,-77.1849489416969
28265578333.3,-80.43888610415698
28270576666.7,-74.45087705608904
28275575000.0,-80.14852281443275
28280573333.3,-84.28199715410643
28285571666.7,-76.52583110419314
28290570000.0,-80.33590649972795
28295568333.3,-77.81255616121395
28300566666.7,-77.71717730481215
28305565000.0,-77.57293253771073
28310563333.3,-78.5181043640309
28315561666.7,-97.16256766152596
28320560000.0,-79.52543202136026
28325558333.3,-77.63751840930068
28330556666.7,-80.83677981404986
28335555000.0,-86.69563697714663
28340553333.3,-83.75740989292218
28345551666.7,-76.13030344645732
28350550000.0,-83.3505560388682
28355548333.3,-96.8090424029235
28360546666.7,-80.05852565179394
28365545000.0,-80.22258474722238
28370543333.3,-86.56341556757144
28375541666.7,-72.3119304781643
28380540000.0,-78.39577286479897
28385538333.3,-73.81004123219863
28390536666.7,-85.24119886596053
28395535000.0,-75.50853094148508
28400533333.3,-81.58762084093513
28405531666.7,-75.55275904444011
28410530000.0,-88.99726994467628
28415528333.3,-82.17140309376275
28420526666.7,-78.98028303978651
28425525000.0,-80.50439148673846
28430523333.3,-80.21625031880916
28435521666.7,-71.77418454081216
28440520000.0,-79.51186302919511
28445518333.3,-76.97257643366204
28450516666.7,-76.21707692734485
28455515000.0,-75.64376315235931
28460513333.3,-75.39799930885049
28465511666.7,-80.00702111262505
28470510000.0,-76.70465075268359
28475508333.3,-72.88282993685885
28480506666.7,-68.23476318195986
28485505000.0,-77.72274891129933
28490503333.3,-76.21325230622959
28495501666.7,-74.10187818709662
28500500000.0,-78.97200258853067
28505498333.3,-81.69398435251611
28510496666.7,-89.6629120578221
28515495000.0,-79.53310153347586
28520493333.3,-76.07596225701668
28525491666.7,-89.19926233764939
28530490000.0,-78.04678094345827
28535488333.3,-83.60319441800081
28540486666.7,-72.33692555305822
28545485000.0,-72.3385886360854
28550483333.3,-83.96625386156393
28555481666.7,-78.1965943773836
28560480000.0,-79.05248684676926
28565478333.3,-75.51594009662365
28570476666.7,-71.43401541603227
28575475000.0,-76.4707032730354
28580473333.3,-75.88887448104406
28585471666.7,-84.32706013695946
28590470000.0,-82.06359082856468
28595468333.3,-85.41437230072411
28600466666.7,-83.43516148374431
28605465000.0,-80.1916155043017
28610463333.3,-89.57136692775372
28615461666.7,-79.17778136604348
28620460000.0,-80.3514858365165
28625458333.3,-71.02723694900828
28630456666.7,-76.99375555190906
28635455000.0,-93.06868515969379
28640453333.3,-80.9151531390122
28645451666.7,-82.1469785101051
28650450000.0,-77.26081956476561
28655448333.3,-81.21703260484645
28660446666.7,-80.30815315976176
28665445000.0,-74.80803921405844
28670443333.3,-81.83323478529528
28675441666.7,-87.60659787533633
28680440000.0,-88.17154641772024
28685438333.3,-75.41053680735921
28690436666.7,-80.96462406949493
28695435000.0,-75.64573595244194
28700433333.3,-75.7757362982749
28705431666.7,-94.74360977148338
28710430000.0,-76.3049703877162
28715428333.3,-78.52491866698135
28720426666.7,-73.43421054769367
28725425000.0,-80.52589606490022
28730423333.3,-78.18857180722881
28735421666.7,-81.58126553823998
28740420000.0,-76.8614695819637
28745418333.3,-87.35717502175999
28750416666.7,-80.46659789520638
28755415000.0,-82.61702760960377
28760413333.3,-76.51618107725578
28765411666.7,-78.0645531238074
28770410000.0,-83.39933399593745
28775408333.3,-77.85499730700585
28780406666.7,-74.73483324504956
28785405000.0,-75.1358780697233
28790403333.3,-69.5507277181201
28795401666.7,-88.11381184061827
28800400000.0,-71.57274225448725
28805398333.3,-80.37922674503194
28810396666.7,-74.26173362074431
28815395000.0,-87.04029318326957
28820393333.3,-80.39870902575265
28825391666.7,-78.69568298019794
28830390000.0,-76.81514851815345
28835388333.3,-85.77338798605325
28840386666.7,-83.88081655980722
28845385000.0,-78.02770860304851
28850383333.3,-85.27101711064746
28855381666.7,-80.03564184166875
28860380000.0,-77.78725154038594
28865378333.3,-77.24737506079803
28870376666.7,-81.78659718794532
28875375000.0,-74.4665694327809
28880373333.3,-89.18897546144615
28885371666.7,-75.96690234701578
28890370000.0,-81.3305258010046
28895368333.3,-73.66678303710648
28900366666.7,-80.48182978222961
28905365000.0,-77.92909875864052
28910363333.3,-74.00424864041673
28915361666.7,-81.31146553052079
28920360000.0,-78.17961018635978
28925358333.3,-74.78120558503787
28930356666.7,-82.83804138581041
28935355000.0,-86.41777323491475
28940353333.3,-85.55670292612795
28945351666.7,-78.41525617028279
28950350000.0,-73.15522590940256
28955348333.3,-91.43883101300338
28960346666.7,-78.11980756794752
28965345000.0,-75.09808386235296
28970343333.3,-77.26119452713485
28975341666.7,-78.37178769119645
28980340000.0,-79.91275280066438
28985338333.3,-92.9879936338542
28990336666.7,-79.25272400167512
28995335000.0,-84.05847136222009
29000333333.3,-73.41766685658646
29005331666.7,-75.43098503692873
29010330000.0,-78.60412084398709
29015328333.3,-74.18151086512184
29020326666.7,-84.42519446472814
29025325000.0,-73.41466630363117
29030323333.3,-79.61627404411898
29035321666.7,-77.65419396499199
29040320000.0,-75.3462891859668
29045318333.3,-77.57192557729282
29050316666.7,-76.12412172204591
29055315000.0,-73.33934300070504
29060313333.3,-70.21894507943342
29065311666.7,-73.90786426464749
29070310000.0,-86.68904160171394
29075308333.3,-84.71361875794122
29080306666.7,-82.55511609149661
29085305000.0,-73.01180439723387
29090303333.3,-74.0019444239789
29095301666.7,-77.03386276435921
29100300000.0,-83.78314355350514
29105298333.3,-75.28330200232097
29110296666.7,-78.62065838979422
29115295000.0,-71.8934428889399
29120293333.3,-77.45242341460185
29125291666.7,-77.03944611744046
29130290000.0,-74.60021714677242
29135288333.3,-72.63354949214559
29140286666.7,-77.80872554979845
29145285000.0,-81.65293561499311
29150283333.3,-70.33804916351288
29155281666.7,-88.25109389117654
29160280000.0,-76.12907683886738
29165278333.3,-83.16745897594473
29170276666.7,-83.53992285283141
29175275000.0,-79.01878124767013
29180273333.3,-89.90563836977944
29185271666.7,-72.77776168181262
29190270000.0,-86.05514094549955
29195268333.3,-78.73663061995207
29200266666.7,-75.13868665381167
29205265000.0,-71.80436621287225
29210263333.3,-75.24751393641225
29215261666.7,-74.86674606239058
29220260000.0,-81.01373662252114
29225258333.3,-76.57899711601512
29230256666.7,-78.38177827634853
29235255000.0,-75.4405605931576
29240253333.3,-77.04614349631578
29245251666.7,-80.34008366890633
29250250000.0,-74.50176422590802
29255248333.3,-77.11565398835957
29260246666.7,-70.88626075343286
29265245000.0,-74.36241283923742
29270243333.3,-76.63303905660689
29275241666.7,-84.57630767036035
29280240000.0,-75.60599869571442
29285238333.3,-74.82215862823722
29290236666.7,-78.48955183133585
29295235000.0,-79.07266502703773
29300233333.3,-74.28810250043354
29305231666.7,-76.38472870243565
29310230000.0,-77.67705307900265
29315228333.3,-85.09859238880577
29320226666.7,-78.28084309242728
29325225000.0,-79.22405644610224
29330223333.3,-76.85072924437284
29335221666.7,-82.18239785953777
29340220000.0,-74.28185966710517
29345218333.3,-88.85115096927112
29350216666.7,-78.71266274416605
29355215000.0,-81.74015527521627
29360213333.3,-81.10701249115004
29365211666.7,-84.90815555456676
29370210000.0,-84.11902752453081
29375208333.3,-84.53867564815408
29380206666.7,-81.15578785735485
29385205000.0,-80.40694112011866
29390203333.3,-78.19072044773412
29395201666.7,-75.99687988372227
29400200000.0,-85.95226128328636
29405198333.3,-76.69010487312104
29410196666.7,-76.04558373091928
29415195000.0,-77.1778968237595
29420193333.3,-90.78451034361203
29425191666.7,-79.74834129944357
29430190000.0,-72.69266864635898
29435188333.3,-88.49866054018172
29440186666.7,-79.22387229878595
29445185000.0,-85.4746471843945
29450183333.3,-80.35881023714609
29455181666.7,-72.05152797094917
29460180000.0,-93.95096537140995
29465178333.3,-75.90923687153322
29470176666.7,-73.51730342614518
29475175000.0,-92.20564129920604
29480173333.3,-74.65661568909066
29485171666.7,-77.79834530929679
29490170000.0,-76.08640805074806
29495168333.3,-75.6917273790667
29500166666.7,-76.7374062178483
29505165000.0,-76.68609170167852
29510163333.3,-84.35988495101998
29515161666.7,-73.30027946279253
29520160000.0,-72.93134815881237
29525158333.3,-84.89340136392403
29530156666.7,-78.99706004614306
29535155000.0,-73.24261857249994
29540153333.3,-79.0972961408781
29545151666.7,-73.89410328218234
29550150000.0,-83.46902297642512
29555148333.3,-70.33733866562369
29560146666.7,-73.59338152253903
29565145000.0,-87.72309371953244
29570143333.3,-75.44867009392907
29575141666.7,-76.80289673113043
29580140000.0,-77.28965875528827
29585138333.3,-91.103196590435
29590136666.7,-72.19485658706729
29595135000.0,-79.07488317767881
29600133333.3,-81.0596691769689
29605131666.7,-73.30235903805807
29610130000.0,-87.39340542669893
29615128333.3,-77.21976576552022
29620126666.7,-82.63311774107926
29625125000.0,-80.50694767934385
29630123333.3,-80.53480496929247
29635121666.7,-83.71353490754693
29640120000.0,-78.17910648456198
29645118333.3,-86.68781727572741
29650116666.7,-83.82712218787914
29655115000.0,-80.31041623494735
29660113333.3,-84.12817863088625
29665111666.7,-74.27104312188104
29670110000.0,-84.13837217685575
29675108333.3,-78.54148911777006
29680106666.7,-74.1509655300166
29685105000.0,-89.48348385781736
29690103333.3,-74.22352196146798
29695101666.7,-77.24871049474939
29700100000.0,-81.26913532545916
29705098333.3,-81.56617444014094
29710096666.7,-73.22250011233054
29715095000.0,-74.40901927314553
29720093333.3,-77.72663392205686
29725091666.7,-78.99666288665016
29730090000.0,-75.96549673843656
29735088333.3,-83.1557736567234
29740086666.7,-76.49999722480572
29745085000.0,-76.31674697879913
29750083333.3,-73.62106360215022
29755081666.7,-90.10034802796953
29760080000.0,-73.08081664024965
29765078333.3,-79.80859423928206
29770076666.7,-82.66292768115159
29775075000.0,-81.16886208262304
29780073333.3,-85.00382596987112
29785071666.7,-76.29095099768095
29790070000.0,-74.57133361530835
29795068333.3,-77.13991822106347
29800066666.7,-73.21606536240427
29805065000.0,-79.69657724896696
29810063333.3,-79.99560197804287
29815061666.7,-82.1659912252128
29820060000.0,-89.76866876255643
29825058333.3,-81.03833516842556
29830056666.7,-103.40482900958527
29835055000.0,-70.98419533614762
29840053333.3,-72.74832347467961
29845051666.7,-72.77220182186437
29850050000.0,-73.2066035776615
29855048333.3,-82.666568809989
29860046666.7,-77.59516658613992
29865045000.0,-90.49054940982984
29870043333.3,-73.90816181491363
29875041666.7,-82.14609867838398
29880040000.0,-75.04504894958819
29885038333.3,-72.59100681218382
29890036666.7,-85.20061928135492
29895035000.0,-86.25669961577772
29900033333.3,-91.94597433697376
29905031666.7,-80.38728493606578
29910030000.0,-79.30216546376357
29915028333.3,-76.82592359139133
29920026666.7,-87.54377198622451
29925025000.0,-87.29685531586809
29930023333.3,-74.78220882878927
29935021666.7,-80.9890308484807
29940020000.0,-73.45688551602271
29945018333.3,-74.31517713056883
29950016666.7,-82.27557077827207
29955015000.0,-83.23371256525698
29960013333.3,-79.45591229453463
29965011666.7,-79.87539993063089
29970010000.0,-76.97793172300558
29975008333.3,-70.97881740376641
29980006666.7,-72.92314377401252
29985005000.0,-80.48959033155532
29990003333.3,-81.78253396376118
29995001666.7,-77.67947354492725
30000000000.0,-81.25003581033526
