Frequency_Hz,Magnitude_dB
10000000.0,-59.30370012067594
14998333.3333,-66.53038234766761
19996666.6667,-72.06567629606012
24995000.0,-64.39661229314667
29993333.3333,-73.41727170060506
34991666.6667,-76.29788986394777
39990000.0,-82.42274389107251
44988333.3333,-77.47312805628555
49986666.6667,-77.3626241072014
54985000.0,-72.57735314688858
59983333.3333,-74.70741320032532
64981666.6667,-93.69515331340466
69980000.0,-71.07588016733106
74978333.3333,-67.53345630583422
79976666.6667,-82.72353817472755
84975000.0,-91.13057094303572
89973333.3333,-89.27548727643594
94971666.6667,-72.76607431955367
99970000.0,-72.50136515131207
104968333.333,-84.3828059390523
109966666.667,-84.53487400126241
114965000.0,-70.24842020978168
119963333.333,-88.96506434585177
124961666.667,-79.50322011618637
129960000.0,-73.18772529845486
134958333.333,-78.78134364270969
139956666.667,-81.50813863600028
144955000.0,-81.5623698380748
149953333.333,-75.67992730561862
154951666.667,-79.6443838887258
159950000.0,-76.43581991212321
164948333.333,-91.7407938267346
169946666.667,-83.1708426972472
174945000.0,-76.02207069243426
179943333.333,-84.54104331118488
184941666.667,-75.21659409168839
189940000.0,-85.88490300243636
194938333.333,-74.26927782607054
199936666.667,-89.70318083888941
204935000.0,-86.29646147549515
209933333.333,-79.4165458189671
214931666.667,-85.93595832017834
219930000.0,-94.3716225557843
224928333.333,-82.70347740261896
229926666.667,-77.91693684025014
234925000.0,-84.93794100461469
239923333.333,-89.19115860538011
244921666.667,-82.7285611506751
249920000.0,-77.70070194951462
254918333.333,-76.77566282425246
259916666.667,-83.56580025579566
264915000.0,-87.36857242053952
269913333.333,-87.14209797333262
274911666.667,-85.08782061712851
279910000.0,-74.35558969668375
284908333.333,-82.96527846818661
289906666.667,-73.93548155760404
294905000.0,-91.54658916437884
299903333.333,-76.72526006663743
304901666.667,-84.07164577386796
309900000.0,-83.3960740773967
314898333.333,-75.44944857862629
319896666.667,-89.30461835288426
324895000.0,-79.25357820571242
329893333.333,-80.60366804716477
334891666.667,-80.52622167625458
339890000.0,-87.27306381955783
344888333.333,-99.10845256226652
349886666.667,-86.02342660273709
354885000.0,-74.54539963506917
359883333.333,-110.0481218284723
364881666.667,-75.75414499540405
369880000.0,-83.46417006405703
374878333.333,-74.04955498662837
379876666.667,-80.63545133391891
384875000.0,-78.96351863648019
389873333.333,-84.66204820269475
394871666.667,-82.08581038077156
399870000.0,-76.57194521493946
404868333.333,-79.65864454552063
409866666.667,-83.7895451051296
414865000.0,-77.75059355005462
419863333.333,-85.04485866323735
424861666.667,-75.88423521360599
429860000.0,-87.70875148652328
434858333.333,-75.52685305044024
439856666.667,-76.06437001654557
444855000.0,-82.59835308946671
449853333.333,-84.3680837593094
454851666.667,-77.4384418646779
459850000.0,-81.91037986414022
464848333.333,-82.97499067151028
469846666.667,-75.57967244990445
474845000.0,-83.29450368897524
479843333.333,-78.9625424373953
484841666.667,-82.22858030798298
489840000.0,-89.34914685634423
494838333.333,-87.1645703349567
499836666.667,-78.14246570849822
504835000.0,-85.5487401964748
509833333.333,-86.50149925874148
514831666.667,-87.25957838119746
519830000.0,-98.9309649209086
524828333.333,-80.24085312784244
529826666.667,-77.30318207037249
534825000.0,-83.52289100444118
539823333.333,-98.14333191401785
544821666.667,-78.92091182832377
549820000.0,-85.22565688377017
554818333.333,-77.21108390655243
559816666.667,-80.11611808316516
564815000.0,-79.42384689086909
569813333.333,-83.20714521644226
574811666.667,-78.80852367330424
579810000.0,-79.40602989642991
584808333.333,-82.05443159586639
589806666.667,-77.1074385470135
594805000.0,-84.27790838289948
599803333.333,-85.78211982660622
604801666.667,-77.1068577836296
609800000.0,-87.1132849874005
614798333.333,-94.18558116346375
619796666.667,-90.57943482331382
624795000.0,-80.3396435876813
629793333.333,-80.06599796846308
634791666.667,-87.1199917546827
639790000.0,-85.96250487244625
644788333.333,-79.79358855867065
649786666.667,-83.58385339354419
654785000.0,-85.9086473417253
659783333.333,-84.25042633092175
664781666.667,-84.76451979957454
669780000.0,-84.40381192341904
674778333.333,-88.28739417203928
679776666.667,-80.6992737502733
684775000.0,-95.07551629266801
689773333.333,-79.14347149135389
694771666.667,-87.71600405179205
699770000.0,-87.47522937868666
704768333.333,-85.39538144979021
709766666.667,-83.2532205127783
714765000.0,-80.17346963092452
719763333.333,-83.48783006226718
724761666.667,-85.96943358177528
729760000.0,-98.63190807393055
734758333.333,-86.10828678539436
739756666.667,-81.38773221047421
744755000.0,-85.71115516671352
749753333.333,-92.6684282998468
754751666.667,-81.39375544187546
759750000.0,-78.34182088970954
764748333.333,-84.15650036579487
769746666.667,-101.56279724752866
774745000.0,-80.15551439898826
779743333.333,-84.2879126230281
784741666.667,-84.84937829930541
789740000.0,-89.92926302081726
794738333.333,-87.79149340574634
799736666.667,-88.83938181668731
804735000.0,-85.0885894355832
809733333.333,-81.93872862886032
814731666.667,-86.27456868886681
819730000.0,-96.73967564858853
824728333.333,-88.12990581603299
829726666.667,-86.0890856138419
834725000.0,-90.20980688991946
839723333.333,-85.90931476235508
844721666.667,-81.45350439860606
849720000.0,-87.98641809777703
854718333.333,-87.13833287318766
859716666.667,-89.22465407642213
864715000.0,-90.04227335907507
869713333.333,-78.96818118588912
874711666.667,-90.744831848741
879710000.0,-85.53939903722394
884708333.333,-83.60003196851494
889706666.667,-100.44504507909849
894705000.0,-88.11820181888945
899703333.333,-91.09414420707012
904701666.667,-93.03865581742701
909700000.0,-85.0992397851028
914698333.333,-78.34235023874862
919696666.667,-81.35278359888738
924695000.0,-83.49310214837891
929693333.333,-81.6359282865997
934691666.667,-78.27335403579505
939690000.0,-85.9272428402459
944688333.333,-89.39772912439815
949686666.667,-84.43901256738835
954685000.0,-82.18910791138116
959683333.333,-83.54060805970164
964681666.667,-91.04799000611857
969680000.0,-83.04123954873373
974678333.333,-88.02206597267565
979676666.667,-88.43516955698203
984675000.0,-78.37452982898839
989673333.333,-83.88034600907028
994671666.667,-82.85285563755397
999670000.0,-82.26919235523846
1004668333.33,-86.67868149909691
1009666666.67,-81.42216247880997
1014665000.0,-88.87278769242754
1019663333.33,-92.5261651841062
1024661666.67,-88.79578353850641
1029660000.0,-88.82417362962946
1034658333.33,-96.95593354526059
1039656666.67,-89.29514200904627
1044655000.0,-86.67943741448431
1049653333.33,-90.97588850581731
1054651666.67,-87.31162768767511
1059650000.0,-86.55966158133126
1064648333.33,-86.19459380054103
1069646666.67,-84.87036524611423
1074645000.0,-77.82509717060229
1079643333.33,-79.2699184815537
1084641666.67,-83.83901928234826
1089640000.0,-82.10860604484994
1094638333.33,-83.27850110144587
1099636666.67,-86.95026724700277
1104635000.0,-102.01268212939853
1109633333.33,-83.2128702669879
1114631666.67,-89.12008435034264
1119630000.0,-82.29713972316146
1124628333.33,-82.1949881326075
1129626666.67,-84.68796906590065
1134625000.0,-80.98676809019663
1139623333.33,-87.17034940722323
1144621666.67,-112.88241685924446
1149620000.0,-84.92570194997472
1154618333.33,-81.3949141908214
1159616666.67,-97.23779830339623
1164615000.0,-80.24657538999719
1169613333.33,-90.79077436569214
1174611666.67,-89.29777922024753
1179610000.0,-96.89658721679878
1184608333.33,-83.11103023970091
1189606666.67,-86.35644551226537
1194605000.0,-90.44980178677612
1199603333.33,-88.996463306812
1204601666.67,-83.34771548441209
1209600000.0,-85.26052189599818
1214598333.33,-83.43239537317062
1219596666.67,-93.70189173704496
1224595000.0,-92.34924882377967
1229593333.33,-80.80324034398927
1234591666.67,-82.63036388196196
1239590000.0,-88.08121781405154
1244588333.33,-82.65687594592822
1249586666.67,-85.39285656292044
1254585000.0,-86.13034419455404
1259583333.33,-91.7501071852912
1264581666.67,-99.07486267014559
1269580000.0,-96.60913841352541
1274578333.33,-83.78804887092011
1279576666.67,-83.93142528868735
1284575000.0,-82.86376896081278
1289573333.33,-84.07423433117104
1294571666.67,-76.88105552532673
1299570000.0,-84.9881207420705
1304568333.33,-86.70886779974553
1309566666.67,-87.5424386636933
1314565000.0,-91.06613330836208
1319563333.33,-86.16479045548489
1324561666.67,-87.21606290902682
1329560000.0,-81.03342294451454
1334558333.33,-82.25300472467383
1339556666.67,-82.89083544373213
1344555000.0,-81.35235601019112
1349553333.33,-87.17284988842435
1354551666.67,-81.30225549632749
1359550000.0,-90.99061107208931
1364548333.33,-91.90887120788192
1369546666.67,-103.84493842029015
1374545000.0,-86.55296310099473
1379543333.33,-92.9612117995307
1384541666.67,-88.4443011273263
1389540000.0,-83.25869266274697
1394538333.33,-84.10510388005241
1399536666.67,-94.74773630309265
1404535000.0,-85.06540885881832
1409533333.33,-82.02065501564547
1414531666.67,-87.87997562521082
1419530000.0,-81.96857549703152
1424528333.33,-98.2566270807949
1429526666.67,-85.22921470849039
1434525000.0,-85.4351624409293
1439523333.33,-82.30858171349028
1444521666.67,-79.65373023773233
1449520000.0,-86.61839955633866
1454518333.33,-90.51895786317856
1459516666.67,-83.75217862384926
1464515000.0,-81.89461887454463
1469513333.33,-93.98344945973437
1474511666.67,-85.82065505666526
1479510000.0,-81.47780022611181
1484508333.33,-94.54082918148086
1489506666.67,-83.6187206981554
1494505000.0,-84.67224661489503
1499503333.33,-92.97168626607073
1504501666.67,-78.94778180406333
1509500000.0,-83.81626518952339
1514498333.33,-77.45805770175764
1519496666.67,-86.47966610981663
1524495000.0,-83.15584109441859
1529493333.33,-81.09254648411904
1534491666.67,-96.91082066198796
1539490000.0,-85.5577487034205
1544488333.33,-85.18955722782037
1549486666.67,-90.30761403715795
1554485000.0,-81.85920915852655
1559483333.33,-82.06648000180648
1564481666.67,-84.17238658879376
1569480000.0,-82.35645973078695
1574478333.33,-86.33756680105813
1579476666.67,-94.70917736644175
1584475000.0,-85.37987199182547
1589473333.33,-79.93507868061062
1594471666.67,-94.20953603085097
1599470000.0,-79.82482864399921
1604468333.33,-84.91349278279202
1609466666.67,-85.65164472155315
1614465000.0,-85.8511043195407
1619463333.33,-86.72895973988254
1624461666.67,-84.29057049032168
1629460000.0,-84.2409285895441
1634458333.33,-83.84422440085041
1639456666.67,-84.36580363982081
1644455000.0,-79.94541461705228
1649453333.33,-86.80874791242115
1654451666.67,-82.14523537446239
1659450000.0,-87.65820901676929
1664448333.33,-85.81269877510407
1669446666.67,-91.07447292781116
1674445000.0,-85.22345485710258
1679443333.33,-85.0963682629044
1684441666.67,-80.66388043667249
1689440000.0,-85.73872870406404
1694438333.33,-85.50259400201378
1699436666.67,-92.72720144127288
1704435000.0,-93.52422115189226
1709433333.33,-85.32360130374217
1714431666.67,-86.23125392711991
1719430000.0,-80.51615399615397
1724428333.33,-91.14294827901276
1729426666.67,-84.5154063549397
1734425000.0,-95.9008739029516
1739423333.33,-81.5849222599818
1744421666.67,-83.88719458212537
1749420000.0,-86.71565964325148
1754418333.33,-91.37716579133095
1759416666.67,-80.03845113499463
1764415000.0,-85.56905695917494
1769413333.33,-86.16804356700483
1774411666.67,-85.53067522591854
1779410000.0,-82.69817392034463
1784408333.33,-85.24652790290509
1789406666.67,-89.18091016076175
1794405000.0,-85.50417211836148
1799403333.33,-82.14205386262414
1804401666.67,-87.8524427908362
1809400000.0,-84.99534837069491
1814398333.33,-77.72794516634742
1819396666.67,-84.12920652870277
1824395000.0,-88.9513640642202
1829393333.33,-82.24646438280303
1834391666.67,-84.6140425904669
1839390000.0,-98.24570100416159
1844388333.33,-86.62580431909362
1849386666.67,-90.9185030157144
1854385000.0,-81.3273436909451
1859383333.33,-85.93594433789349
1864381666.67,-85.28420986701437
1869380000.0,-81.02631484918312
1874378333.33,-81.80257374575663
1879376666.67,-87.98854277867962
1884375000.0,-80.5319748738002
1889373333.33,-85.63763977904614
1894371666.67,-83.07750949488836
1899370000.0,-86.52588457355148
1904368333.33,-77.53343712034112
1909366666.67,-98.7975775372856
1914365000.0,-93.57370174474073
1919363333.33,-83.09291090285755
1924361666.67,-83.59665130765416
1929360000.0,-83.48360683221303
1934358333.33,-87.03299193201084
1939356666.67,-82.29820668403164
1944355000.0,-84.43439286517446
1949353333.33,-88.58855772680221
1954351666.67,-82.62494760158388
1959350000.0,-85.70731645517375
1964348333.33,-82.02181223997273
1969346666.67,-77.13679900604612
1974345000.0,-83.55843672097349
1979343333.33,-101.28188005072586
1984341666.67,-80.86170597197217
1989340000.0,-88.98460404922866
1994338333.33,-85.36978432836092
1999336666.67,-86.60131782722812
2004335000.0,-89.28298276504924
2009333333.33,-87.68376446453615
2014331666.67,-83.24007560126729
2019330000.0,-84.47699975288248
2024328333.33,-92.7116987987172
2029326666.67,-85.69683756448008
2034325000.0,-99.36112886886082
2039323333.33,-81.97230408670606
2044321666.67,-102.26636197900041
2049320000.0,-82.42431069202125
2054318333.33,-88.76937535579408
2059316666.67,-86.47728468978647
2064315000.0,-84.02491769699388
2069313333.33,-84.26209922824165
2074311666.67,-88.575949371247
2079310000.0,-80.47363819168172
2084308333.33,-84.4273289015716
2089306666.67,-91.54533429578399
2094305000.0,-82.84364459195308
2099303333.33,-86.24901440305321
2104301666.67,-78.41341164895529
2109300000.0,-81.75981739189508
2114298333.33,-87.86319274552825
2119296666.67,-88.44861251685228
2124295000.0,-88.83547055387082
2129293333.33,-83.85700318851356
2134291666.67,-81.98990744524812
2139290000.0,-86.1474181302521
2144288333.33,-84.094114742458
2149286666.67,-83.63148172514828
2154285000.0,-83.71740424765008
2159283333.33,-85.61874256292359
2164281666.67,-84.91913372473489
2169280000.0,-83.47066273035358
2174278333.33,-78.78700047628686
2179276666.67,-95.38791105838894
2184275000.0,-78.98382610000404
2189273333.33,-83.67537680927227
2194271666.67,-87.53076159377187
2199270000.0,-89.64136353805404
2204268333.33,-83.39338980173218
2209266666.67,-82.76273056280729
2214265000.0,-82.00013267887941
2219263333.33,-80.41549695055379
2224261666.67,-85.79226179233005
2229260000.0,-81.3682993033838
2234258333.33,-88.90386902533893
2239256666.67,-84.81609184196054
2244255000.0,-90.25361824386779
2249253333.33,-82.50707200205682
2254251666.67,-94.18483277605324
2259250000.0,-89.07468640815529
2264248333.33,-80.65286381271676
2269246666.67,-79.08400831679774
2274245000.0,-92.78161903064075
2279243333.33,-83.81046705466096
2284241666.67,-85.93029364529714
2289240000.0,-93.70191264658457
2294238333.33,-86.3277666885307
2299236666.67,-88.13292966287446
2304235000.0,-83.02932798826095
2309233333.33,-80.39506212226478
2314231666.67,-84.2437512938871
2319230000.0,-81.49765166681016
2324228333.33,-79.51095742549603
2329226666.67,-95.6622220027017
2334225000.0,-83.92097305075582
2339223333.33,-85.68924783597453
2344221666.67,-79.63989819220025
2349220000.0,-95.45406862000179
2354218333.33,-88.60437749344236
2359216666.67,-87.09804744104282
2364215000.0,-85.07254994520963
2369213333.33,-78.66691461812222
2374211666.67,-83.50087488770798
2379210000.0,-92.75311637679339
2384208333.33,-90.53235133388982
2389206666.67,-86.12356450235161
2394205000.0,-82.18479532773418
2399203333.33,-84.96868921356999
2404201666.67,-88.34359431023238
2409200000.0,-93.46336879791487
2414198333.33,-85.69990546977658
2419196666.67,-87.14353985774832
2424195000.0,-80.75566128749577
2429193333.33,-105.44231323664468
2434191666.67,-84.44625036319273
2439190000.0,-96.4241126233288
2444188333.33,-81.80344024376697
2449186666.67,-83.21410339736723
2454185000.0,-84.95205545122926
2459183333.33,-79.03108387108435
2464181666.67,-77.51721143138309
2469180000.0,-84.31050613328605
2474178333.33,-90.06899075628327
2479176666.67,-80.95141704176577
2484175000.0,-85.62465549280114
2489173333.33,-80.49671971747944
2494171666.67,-85.48362967292059
2499170000.0,-90.61456804328905
2504168333.33,-80.66986463383992
2509166666.67,-99.62120551770802
2514165000.0,-80.13138197677304
2519163333.33,-86.58777054318952
2524161666.67,-82.8846035302544
2529160000.0,-82.7157282726187
2534158333.33,-79.96988830223975
2539156666.67,-80.23638430347924
2544155000.0,-88.07959235721279
2549153333.33,-88.09448121242154
2554151666.67,-85.54963793455117
2559150000.0,-84.55518155219914
2564148333.33,-78.78894608333955
2569146666.67,-88.01319772617234
2574145000.0,-75.8033359573057
2579143333.33,-81.28725603306614
2584141666.67,-81.24147142674869
2589140000.0,-99.01692249145965
2594138333.33,-97.56084246276261
2599136666.67,-84.55695943168315
2604135000.0,-83.76545909004294
2609133333.33,-84.71301127424485
2614131666.67,-82.12483119484571
2619130000.0,-85.47653670556927
2624128333.33,-82.43099714974447
2629126666.67,-87.34433458631274
2634125000.0,-82.81938683006688
2639123333.33,-80.56298899399265
2644121666.67,-82.12782923677315
2649120000.0,-82.97308239341831
2654118333.33,-82.20939078854482
2659116666.67,-77.87530663425295
2664115000.0,-87.45641180710548
2669113333.33,-80.63145049520611
2674111666.67,-83.95810210764543
2679110000.0,-83.66028952645439
2684108333.33,-92.57800002958999
2689106666.67,-80.80288090778836
2694105000.0,-83.96723722716402
2699103333.33,-84.31794015023236
2704101666.67,-85.26815931562533
2709100000.0,-84.50709054596652
2714098333.33,-81.21059872711189
2719096666.67,-85.94488463482168
2724095000.0,-81.38552941041183
2729093333.33,-77.74536222367763
2734091666.67,-81.49070839368738
2739090000.0,-94.22039406005162
2744088333.33,-87.04367726261742
2749086666.67,-86.37804940548209
2754085000.0,-79.28183526817784
2759083333.33,-78.62106604154626
2764081666.67,-86.86181842635474
2769080000.0,-85.19321528278576
2774078333.33,-80.33970394140968
2779076666.67,-89.16646449485937
2784075000.0,-88.87294445479651
2789073333.33,-87.73794121621884
2794071666.67,-81.39690108685562
2799070000.0,-95.87028836131753
2804068333.33,-81.10522985783999
2809066666.67,-86.1140999281396
2814065000.0,-88.56782394982616
2819063333.33,-82.85971138760316
2824061666.67,-83.48929408633711
2829060000.0,-83.16687720540968
2834058333.33,-89.73806885628358
2839056666.67,-86.72673839326498
2844055000.0,-81.63442691663289
2849053333.33,-97.28897824583174
2854051666.67,-89.2205108840977
2859050000.0,-90.44997010364673
2864048333.33,-87.55106169279
2869046666.67,-84.12407714067805
2874045000.0,-77.80320594024826
2879043333.33,-78.02008551737522
2884041666.67,-82.8463433185962
2889040000.0,-83.97152375138695
2894038333.33,-85.35473981354498
2899036666.67,-82.95513710399408
2904035000.0,-80.49214830003572
2909033333.33,-86.84820106684406
2914031666.67,-79.63470977792682
2919030000.0,-84.05321933689122
2924028333.33,-81.89187777612646
2929026666.67,-79.0731687926025
2934025000.0,-80.05002775822635
2939023333.33,-79.07285064060413
2944021666.67,-84.85429694271554
2949020000.0,-86.90856589134845
2954018333.33,-88.7861238760128
2959016666.67,-79.77686621586761
2964015000.0,-86.97747169879308
2969013333.33,-85.24962480105293
2974011666.67,-85.01488589103002
2979010000.0,-86.26687422950096
2984008333.33,-81.75640275184409
2989006666.67,-82.81099998434895
2994005000.0,-82.02216351482252
2999003333.33,-84.15490058261076
3004001666.67,-83.32795665907699
3009000000.0,-81.52846717070324
3013998333.33,-87.62978192129607
3018996666.67,-78.80719035675588
3023995000.0,-78.89765778162976
3028993333.33,-84.98365258076299
3033991666.67,-78.85474949272009
3038990000.0,-85.62101819246101
3043988333.33,-80.70711784569605
3048986666.67,-82.04430924659475
3053985000.0,-86.99997496214122
3058983333.33,-84.2633457158442
3063981666.67,-82.36714428921488
3068980000.0,-81.65960414554317
3073978333.33,-84.0924559982553
3078976666.67,-84.58698135569344
3083975000.0,-76.94702921223893
3088973333.33,-88.43480594052586
3093971666.67,-95.95500251272362
3098970000.0,-83.16426154437562
3103968333.33,-92.13467021687651
3108966666.67,-84.063644368628
3113965000.0,-87.63019749559678
3118963333.33,-80.5487756194033
3123961666.67,-83.98501019929279
3128960000.0,-84.96463667645943
3133958333.33,-88.89546360264748
3138956666.67,-88.84345827931986
3143955000.0,-82.10496271023489
3148953333.33,-86.54586216769525
3153951666.67,-83.39823987788984
3158950000.0,-83.65246909013216
3163948333.33,-91.51147267659786
3168946666.67,-86.9750846319516
3173945000.0,-83.38633633675109
3178943333.33,-87.69039718006702
3183941666.67,-78.36980295957778
3188940000.0,-80.92333784537638
3193938333.33,-89.43037537011372
3198936666.67,-80.82431119537718
3203935000.0,-83.75612254549551
3208933333.33,-82.4794883149005
3213931666.67,-88.10615561322082
3218930000.0,-87.882119223633
3223928333.33,-85.48907081411288
3228926666.67,-85.78415012222897
3233925000.0,-79.16336286189794
3238923333.33,-81.74356131187791
3243921666.67,-84.52970157679779
3248920000.0,-79.35631449106225
3253918333.33,-83.45876674101345
3258916666.67,-80.20273880065409
3263915000.0,-83.57583436482209
3268913333.33,-86.54034388912363
3273911666.67,-90.50390969031768
3278910000.0,-83.97985595172406
3283908333.33,-80.64979295400781
3288906666.67,-83.1511911088093
3293905000.0,-75.97641258509283
3298903333.33,-88.3713443988951
3303901666.67,-78.22910040730906
3308900000.0,-88.29910132868228
3313898333.33,-95.13196789860206
3318896666.67,-83.17109437448158
3323895000.0,-78.39611738460042
3328893333.33,-84.85114006141858
3333891666.67,-109.89816137881745
3338890000.0,-79.99455452362592
3343888333.33,-83.81097517770776
3348886666.67,-93.02103827849733
3353885000.0,-85.32972397251248
3358883333.33,-81.43673673517841
3363881666.67,-82.33291360453475
3368880000.0,-86.96595244577024
3373878333.33,-83.39744211800253
3378876666.67,-88.57298662842375
3383875000.0,-83.78222327733461
3388873333.33,-87.95283195380972
3393871666.67,-76.67369183272187
3398870000.0,-78.13891269060979
3403868333.33,-90.38610721068609
3408866666.67,-87.4921205553866
3413865000.0,-79.73509857963846
3418863333.33,-84.52877396257031
3423861666.67,-78.06514546063892
3428860000.0,-81.80460219084347
3433858333.33,-81.6895000389938
3438856666.67,-95.98366966415922
3443855000.0,-80.40216275568508
3448853333.33,-102.14771662367878
3453851666.67,-87.51089653393541
3458850000.0,-92.72878472486973
3463848333.33,-87.17684687670449
3468846666.67,-81.48776670795951
3473845000.0,-78.43207567795253
3478843333.33,-84.59818567804078
3483841666.67,-86.92833160828044
3488840000.0,-83.92925279637295
3493838333.33,-92.41519501834141
3498836666.67,-81.39907571870282
3503835000.0,-84.9123705303702
3508833333.33,-88.74071346328279
3513831666.67,-83.05390277893144
3518830000.0,-77.66186621744376
3523828333.33,-85.59815978492591
3528826666.67,-82.22824779400382
3533825000.0,-90.40359444990884
3538823333.33,-95.51324480947413
3543821666.67,-84.4829848792607
3548820000.0,-84.37308165988523
3553818333.33,-79.89834929207827
3558816666.67,-80.15568034249058
3563815000.0,-79.16571866092612
3568813333.33,-84.33773864443674
3573811666.67,-87.63499986254129
3578810000.0,-84.82953158705877
3583808333.33,-80.21014917335467
3588806666.67,-81.97798515667897
3593805000.0,-80.08679641046862
3598803333.33,-76.39711652628026
3603801666.67,-82.62506307526495
3608800000.0,-83.56103967301084
3613798333.33,-79.81700565137606
3618796666.67,-86.69062141254665
3623795000.0,-81.18387551843742
3628793333.33,-85.18038782234946
3633791666.67,-80.43695543938306
3638790000.0,-88.56146578126383
3643788333.33,-85.14885916968665
3648786666.67,-79.10383154753858
3653785000.0,-87.20297424588131
3658783333.33,-88.04656506017957
3663781666.67,-84.28980042629885
3668780000.0,-81.18321291601521
3673778333.33,-91.6985200571342
3678776666.67,-81.50722679284071
3683775000.0,-77.21409009571832
3688773333.33,-91.2274620570881
3693771666.67,-82.79741961564972
3698770000.0,-101.23183333464843
3703768333.33,-79.79772466514078
3708766666.67,-86.9525830915618
3713765000.0,-82.46349552844092
3718763333.33,-81.54651260624419
3723761666.67,-87.78389607520408
3728760000.0,-82.58003067422399
3733758333.33,-86.67413075226797
3738756666.67,-79.16069987209471
3743755000.0,-87.02234473153607
3748753333.33,-84.1301550916364
3753751666.67,-79.5508802536852
3758750000.0,-79.55923257993962
3763748333.33,-83.95495712501621
3768746666.67,-88.28758495809564
3773745000.0,-90.42466669341584
3778743333.33,-83.82260030998724
3783741666.67,-81.46584742175094
3788740000.0,-82.43133336358751
3793738333.33,-81.66963031915115
3798736666.67,-78.05507485475839
3803735000.0,-84.78171372633304
3808733333.33,-91.09740821686171
3813731666.67,-96.87604832306243
3818730000.0,-86.40042690491279
3823728333.33,-85.97437024393768
3828726666.67,-78.50518805549682
3833725000.0,-80.49152900071107
3838723333.33,-85.9831252645548
3843721666.67,-84.26645430020463
3848720000.0,-90.54623183298858
3853718333.33,-83.39482580018333
3858716666.67,-82.69361245865775
3863715000.0,-82.08820411156792
3868713333.33,-89.70501590691639
3873711666.67,-84.38682445624174
3878710000.0,-84.28131193924243
3883708333.33,-91.18627636914277
3888706666.67,-86.91847312537203
3893705000.0,-79.86087649829132
3898703333.33,-81.10060497203943
3903701666.67,-80.5624042333797
3908700000.0,-86.8145070125221
3913698333.33,-83.45329888514632
3918696666.67,-87.52412917367477
3923695000.0,-82.26198694629431
3928693333.33,-83.05129850916882
3933691666.67,-82.58463352842588
3938690000.0,-96.855629857226
3943688333.33,-90.75630319452978
3948686666.67,-81.44186176159316
3953685000.0,-85.59163194591787
3958683333.33,-77.0370742861916
3963681666.67,-80.93470682192643
3968680000.0,-81.47684466421138
3973678333.33,-81.20819134443212
3978676666.67,-80.57832239150574
3983675000.0,-89.3113485695649
3988673333.33,-85.94924519671483
3993671666.67,-87.0121175561518
3998670000.0,-80.72728914606836
4003668333.33,-85.93506175331089
4008666666.67,-79.52180517529757
4013665000.0,-85.0112186116663
4018663333.33,-84.64827756855463
4023661666.67,-85.03384972827942
4028660000.0,-88.27011782223471
4033658333.33,-84.91137368379344
4038656666.67,-79.33237657119253
4043655000.0,-92.14810956891775
4048653333.33,-82.39627996332055
4053651666.67,-91.21439371320989
4058650000.0,-80.73179732585082
4063648333.33,-86.43550574837933
4068646666.67,-84.05764470982275
4073645000.0,-81.32017704903262
4078643333.33,-81.42332252179915
4083641666.67,-87.04593875911382
4088640000.0,-80.29217718635795
4093638333.33,-90.83150225593108
4098636666.67,-86.63103437020314
4103635000.0,-81.31846396002962
4108633333.33,-90.2866153210274
4113631666.67,-92.22022065090451
4118630000.0,-87.66445356861351
4123628333.33,-84.44346774557262
4128626666.67,-85.6032954489932
4133625000.0,-84.00573126038657
4138623333.33,-93.66256514186558
4143621666.67,-82.01239285581977
4148620000.0,-86.94346100167387
4153618333.33,-91.1965877251778
4158616666.67,-89.86618969538037
4163615000.0,-83.78882886712306
4168613333.33,-85.31332493710252
4173611666.67,-83.85730763319286
4178610000.0,-82.58354065782007
4183608333.33,-78.73312073897931
4188606666.67,-78.37205886771864
4193605000.0,-83.0029677406313
4198603333.33,-84.22008438902877
4203601666.67,-90.77385036314158
4208600000.0,-94.2992395615431
4213598333.33,-78.69318110223185
4218596666.67,-86.99319095083072
4223595000.0,-80.63600278111093
4228593333.33,-82.3311091226935
4233591666.67,-96.52502377282262
4238590000.0,-84.76848628688556
4243588333.33,-79.71238249658686
4248586666.67,-85.37240611557074
4253585000.0,-82.04178772808008
4258583333.33,-86.17834764243264
4263581666.67,-83.64654997257809
4268580000.0,-88.35497994756848
4273578333.33,-85.40863082823775
4278576666.67,-88.92098012801542
4283575000.0,-78.91477417865447
4288573333.33,-89.01758762242606
4293571666.67,-84.19597316936984
4298570000.0,-81.19314494266612
4303568333.33,-85.3492979192497
4308566666.67,-82.85497019285836
4313565000.0,-88.73620641046455
4318563333.33,-86.47247720713972
4323561666.67,-82.8453260309869
4328560000.0,-79.17910232633184
4333558333.33,-97.96542763362147
4338556666.67,-87.46532969726482
4343555000.0,-79.37483039803257
4348553333.33,-84.34802856021474
4353551666.67,-75.48703365552944
4358550000.0,-105.85331330667698
4363548333.33,-82.6944711662877
4368546666.67,-80.37079284455649
4373545000.0,-90.460009715226
4378543333.33,-81.00071586698814
4383541666.67,-84.37585703253619
4388540000.0,-78.28574470833811
4393538333.33,-84.27856647118367
4398536666.67,-87.12288262018674
4403535000.0,-82.86805945668416
4408533333.33,-101.13840691459627
4413531666.67,-83.964903030768
4418530000.0,-83.54698735577081
4423528333.33,-81.364799703811
4428526666.67,-88.28498127229457
4433525000.0,-91.45502719901806
4438523333.33,-80.5904090568975
4443521666.67,-86.20674402237127
4448520000.0,-82.34257624214663
4453518333.33,-92.4830848399199
4458516666.67,-82.9224489923884
4463515000.0,-86.31531886321424
4468513333.33,-82.75843164961393
4473511666.67,-77.00583190485023
4478510000.0,-86.39416598565262
4483508333.33,-85.05022702439335
4488506666.67,-86.79401943546331
4493505000.0,-81.4460695508337
4498503333.33,-77.08385346609047
4503501666.67,-86.31681573121931
4508500000.0,-77.97560288235326
4513498333.33,-79.32867519052724
4518496666.67,-84.96894573524351
4523495000.0,-82.83390303427579
4528493333.33,-85.83719334301381
4533491666.67,-79.65891582921886
4538490000.0,-87.31311632442674
4543488333.33,-83.3809361679623
4548486666.67,-81.02836114861275
4553485000.0,-88.14677974430167
4558483333.33,-84.29990346668704
4563481666.67,-82.17861094155863
4568480000.0,-85.54574480193435
4573478333.33,-79.19870369520298
4578476666.67,-80.28256274813839
4583475000.0,-81.62848780453064
4588473333.33,-84.51304765427481
4593471666.67,-85.22240239189857
4598470000.0,-81.23522150879828
4603468333.33,-84.19294990810985
4608466666.67,-85.00620156644855
4613465000.0,-81.3791017230921
4618463333.33,-79.8636842529661
4623461666.67,-82.64658163530243
4628460000.0,-81.70217084473254
4633458333.33,-80.08875272511119
4638456666.67,-80.3600648719256
4643455000.0,-78.17050368836024
4648453333.33,-87.73213282686868
4653451666.67,-87.27020825307957
4658450000.0,-84.15515275192193
4663448333.33,-80.24742069027167
4668446666.67,-81.71288219637296
4673445000.0,-80.87036727047294
4678443333.33,-92.16228136825617
4683441666.67,-80.63085445549079
4688440000.0,-83.1053275398969
4693438333.33,-88.33106616392762
4698436666.67,-90.82789354287755
4703435000.0,-85.80171359590815
4708433333.33,-87.12982250483462
4713431666.67,-79.77860105609491
4718430000.0,-82.059902172221
4723428333.33,-80.99571473910507
4728426666.67,-83.12997066277786
4733425000.0,-81.54540756772285
4738423333.33,-81.23819804186374
4743421666.67,-84.17416077137557
4748420000.0,-79.41884475909339
4753418333.33,-84.37161084123719
4758416666.67,-79.85731645374906
4763415000.0,-86.01335544912301
4768413333.33,-91.41030595786381
4773411666.67,-79.20531446004564
4778410000.0,-84.66153414286475
4783408333.33,-84.8551886533442
4788406666.67,-82.92143307257936
4793405000.0,-84.12076523768269
4798403333.33,-89.944976814137
4803401666.67,-81.44971425312839
4808400000.0,-80.16633498645317
4813398333.33,-99.82137227768533
4818396666.67,-79.85472539472472
4823395000.0,-79.5838521586339
4828393333.33,-91.63798755619925
4833391666.67,-87.57740814836916
4838390000.0,-82.06560353283214
4843388333.33,-80.32358883902765
4848386666.67,-77.42585763293799
4853385000.0,-81.57980526122742
4858383333.33,-92.52760816156669
4863381666.67,-79.43018671359684
4868380000.0,-87.25164766637286
4873378333.33,-82.25353168096356
4878376666.67,-81.31064216047066
4883375000.0,-81.73084856021251
4888373333.33,-80.77548322882583
4893371666.67,-88.72637403651791
4898370000.0,-81.3415106633562
4903368333.33,-94.4737671333055
4908366666.67,-88.02245514395568
4913365000.0,-79.4910616618635
4918363333.33,-85.97743445070697
4923361666.67,-82.42284589230628
4928360000.0,-84.79910835895262
4933358333.33,-83.63713550107019
4938356666.67,-86.6766772912684
4943355000.0,-78.18525342173989
4948353333.33,-80.75182060656344
4953351666.67,-91.38089410141637
4958350000.0,-83.73904776251577
4963348333.33,-84.49003702766021
4968346666.67,-79.70178939378643
4973345000.0,-78.21686169117957
4978343333.33,-84.8335595908068
4983341666.67,-79.0114522529524
4988340000.0,-83.35845828066057
4993338333.33,-82.6289346630201
4998336666.67,-89.14300542028597
5003335000.0,-85.44020824684877
5008333333.33,-86.49697082104166
5013331666.67,-81.10174592051987
5018330000.0,-81.57832901197332
5023328333.33,-79.26592981399135
5028326666.67,-79.90716981699295
5033325000.0,-81.54148326135795
5038323333.33,-82.10960740251028
5043321666.67,-83.62375479151623
5048320000.0,-80.15512841000012
5053318333.33,-81.00613123136006
5058316666.67,-84.16719838199549
5063315000.0,-82.00629276757292
5068313333.33,-88.02647174918198
5073311666.67,-78.89322467843891
5078310000.0,-87.2520764858585
5083308333.33,-87.65313023161139
5088306666.67,-81.7215313964693
5093305000.0,-83.42054616977984
5098303333.33,-80.31963528132066
5103301666.67,-79.48818274350305
5108300000.0,-83.62130804971058
5113298333.33,-80.44113568411984
5118296666.67,-82.46175181802803
5123295000.0,-75.91502612882225
5128293333.33,-78.23106900443585
5133291666.67,-81.77984883031041
5138290000.0,-81.29940191535475
5143288333.33,-90.93021058625294
5148286666.67,-88.98603513521608
5153285000.0,-79.96297583872351
5158283333.33,-81.81343600348683
5163281666.67,-82.11703125679115
5168280000.0,-78.48700565642105
5173278333.33,-79.97509544590517
5178276666.67,-78.44333473663313
5183275000.0,-77.09199467819074
5188273333.33,-87.99296946778504
5193271666.67,-92.36581199256342
5198270000.0,-83.33163479300151
5203268333.33,-79.61306512989105
5208266666.67,-78.50892770090131
5213265000.0,-78.82835597774643
5218263333.33,-80.28101367081095
5223261666.67,-89.832616077511
5228260000.0,-85.37266047442502
5233258333.33,-80.66953737792761
5238256666.67,-81.57665815853235
5243255000.0,-81.47007524859617
5248253333.33,-84.92651130242481
5253251666.67,-81.13491524929694
5258250000.0,-81.81401296498125
5263248333.33,-83.59796211611368
5268246666.67,-84.93526473458857
5273245000.0,-84.7739455121645
5278243333.33,-80.11819824123398
5283241666.67,-80.41522248002477
5288240000.0,-81.09475543386193
5293238333.33,-84.52132739470174
5298236666.67,-81.83837793966269
5303235000.0,-83.09884889111981
5308233333.33,-86.2779049099931
5313231666.67,-81.69196205010277
5318230000.0,-82.0209520265012
5323228333.33,-83.89497669897246
5328226666.67,-79.70973941354366
5333225000.0,-84.03282398612168
5338223333.33,-77.28160078393282
5343221666.67,-78.34268366916235
5348220000.0,-79.58451688908012
5353218333.33,-81.01245610565789
5358216666.67,-80.99409366757118
5363215000.0,-79.20146484722316
5368213333.33,-81.92439851359944
5373211666.67,-89.00803640332455
5378210000.0,-82.4568244436086
5383208333.33,-88.77874804962566
5388206666.67,-84.24647094848038
5393205000.0,-82.39486579696211
5398203333.33,-80.79905311003225
5403201666.67,-83.25148060939804
5408200000.0,-79.29556444190402
5413198333.33,-80.8406887240762
5418196666.67,-81.16568363693563
5423195000.0,-83.67260508183854
5428193333.33,-82.34611501959121
5433191666.67,-81.42706183484235
5438190000.0,-86.01407592082671
5443188333.33,-84.06497422891962
5448186666.67,-88.1542264910985
5453185000.0,-82.18667028697831
5458183333.33,-88.05125182399496
5463181666.67,-76.78311481331917
5468180000.0,-84.78860232996014
5473178333.33,-87.44722542486824
5478176666.67,-89.76600868176914
5483175000.0,-88.54649054801763
5488173333.33,-84.26460511940778
5493171666.67,-88.54363999056653
5498170000.0,-83.31593543705723
5503168333.33,-102.93441453891454
5508166666.67,-81.62404166433217
5513165000.0,-84.82176235572759
5518163333.33,-82.59742746308903
5523161666.67,-87.16747460434009
5528160000.0,-85.45359687085677
5533158333.33,-82.13922428030935
5538156666.67,-77.63488799423995
5543155000.0,-80.2250137699488
5548153333.33,-82.60138166254607
5553151666.67,-75.9649485072191
5558150000.0,-85.90633610262489
5563148333.33,-80.971996637481
5568146666.67,-85.57023127726914
5573145000.0,-82.14671497591809
5578143333.33,-83.0984555927896
5583141666.67,-87.82472282840358
5588140000.0,-86.93661510350915
5593138333.33,-83.18466824079292
5598136666.67,-85.98616407534955
5603135000.0,-78.86937985903617
5608133333.33,-83.53096279504955
5613131666.67,-82.64553112226126
5618130000.0,-82.82000839800506
5623128333.33,-83.27132333898577
5628126666.67,-83.01450159850147
5633125000.0,-80.54639723458239
5638123333.33,-78.86076575931745
5643121666.67,-78.74738616052527
5648120000.0,-98.13014751935056
5653118333.33,-82.97287152402659
5658116666.67,-88.33871044217729
5663115000.0,-84.90155795044673
5668113333.33,-81.56885682511161
5673111666.67,-83.59197235209427
5678110000.0,-81.29857696108911
5683108333.33,-87.52373935765394
5688106666.67,-82.87975105363253
5693105000.0,-77.50499226219004
5698103333.33,-79.1010322372928
5703101666.67,-82.45327159536077
5708100000.0,-89.89939611843882
5713098333.33,-85.12425800994072
5718096666.67,-87.53469763552118
5723095000.0,-83.3013010194089
5728093333.33,-85.55305820187809
5733091666.67,-80.21182860536709
5738090000.0,-80.19772855437128
5743088333.33,-80.66963699539885
5748086666.67,-78.80781870018323
5753085000.0,-81.99711194533906
5758083333.33,-84.81822859381984
5763081666.67,-85.51023634217145
5768080000.0,-79.39134868772803
5773078333.33,-84.03529491320054
5778076666.67,-88.08746756698747
5783075000.0,-77.72828356420833
5788073333.33,-78.95118843590335
5793071666.67,-78.17841371493064
5798070000.0,-80.57373445508821
5803068333.33,-84.94240875037141
5808066666.67,-76.22560671028403
5813065000.0,-87.79751152213683
5818063333.33,-76.50462858891122
5823061666.67,-86.38073681335273
5828060000.0,-81.45800675680094
5833058333.33,-82.76085302120302
5838056666.67,-80.5067333585958
5843055000.0,-84.28632625366889
5848053333.33,-77.99725829104106
5853051666.67,-81.0446204528206
5858050000.0,-99.66370588161048
5863048333.33,-98.53945699423906
5868046666.67,-90.5350368427917
5873045000.0,-79.50834320505008
5878043333.33,-84.045647101631
5883041666.67,-84.48160715761361
5888040000.0,-84.04102195745335
5893038333.33,-82.61253694956567
5898036666.67,-87.97255688684399
5903035000.0,-80.89733738390002
5908033333.33,-80.62384744660483
5913031666.67,-78.5806018022795
5918030000.0,-87.82900567468783
5923028333.33,-79.2356210136375
5928026666.67,-79.99756318651907
5933025000.0,-84.06957826992678
5938023333.33,-80.55202892471317
5943021666.67,-82.19773429980583
5948020000.0,-84.6615646991701
5953018333.33,-85.58573950238619
5958016666.67,-83.43437152843285
5963015000.0,-80.52760894460633
5968013333.33,-80.00356539014776
5973011666.67,-78.45294885131398
5978010000.0,-80.3292678968856
5983008333.33,-83.98245401056354
5988006666.67,-79.72806636314279
5993005000.0,-81.84291445292031
5998003333.33,-79.74092425874377
6003001666.67,-77.97843266261164
6008000000.0,-80.0691659235988
6012998333.33,-83.00059513758305
6017996666.67,-79.55272893137217
6022995000.0,-84.82227783192957
6027993333.33,-76.77711284826822
6032991666.67,-87.83358579132494
6037990000.0,-86.15019266544131
6042988333.33,-82.57903355810993
6047986666.67,-82.76231639148465
6052985000.0,-80.17006658334664
6057983333.33,-79.52193926943679
6062981666.67,-94.12493401840348
6067980000.0,-78.96273518298355
6072978333.33,-80.23363116553541
6077976666.67,-78.62765940857687
6082975000.0,-80.3117029045737
6087973333.33,-82.09373198616436
6092971666.67,-83.00929883644571
6097970000.0,-81.96131473996098
6102968333.33,-85.58821547309869
6107966666.67,-81.57023263181776
6112965000.0,-83.34638643317676
6117963333.33,-86.8713541536722
6122961666.67,-83.09943078037725
6127960000.0,-81.97937647425857
6132958333.33,-84.09870937949931
6137956666.67,-85.80138663670385
6142955000.0,-82.8217700950612
6147953333.33,-87.79107323739547
6152951666.67,-87.01160104372852
6157950000.0,-77.7115453210257
6162948333.33,-81.57623712561046
6167946666.67,-83.3340936848856
6172945000.0,-90.63548755916038
6177943333.33,-85.15768613549781
6182941666.67,-86.99033971940725
6187940000.0,-78.13569725759619
6192938333.33,-78.75042175144083
6197936666.67,-80.40606135511881
6202935000.0,-81.28862997922695
6207933333.33,-80.76778706882351
6212931666.67,-88.67785702029813
6217930000.0,-80.96588706976938
6222928333.33,-85.01868315467549
6227926666.67,-80.49042548812444
6232925000.0,-83.00862184203447
6237923333.33,-96.69705037838318
6242921666.67,-82.19803281816183
6247920000.0,-80.21779986284906
6252918333.33,-81.09434157537096
6257916666.67,-76.3724338940948
6262915000.0,-78.00719592501916
6267913333.33,-79.39124844804648
6272911666.67,-79.61617288323862
6277910000.0,-80.1187410686151
6282908333.33,-82.22821103388979
6287906666.67,-80.74025790579336
6292905000.0,-77.65559769045709
6297903333.33,-86.03478380014026
6302901666.67,-78.68673125790816
6307900000.0,-86.26942605469337
6312898333.33,-77.27564279956839
6317896666.67,-83.9832164226864
6322895000.0,-79.71854975741984
6327893333.33,-80.6255363911977
6332891666.67,-82.42477199063109
6337890000.0,-83.53526186528259
6342888333.33,-86.10809129151389
6347886666.67,-81.49620476841272
6352885000.0,-80.17564548389764
6357883333.33,-80.4989760903954
6362881666.67,-82.78202116198062
6367880000.0,-80.31907144196127
6372878333.33,-84.11692896914802
6377876666.67,-81.16700996619144
6382875000.0,-83.90733680566805
6387873333.33,-85.40147995804364
6392871666.67,-80.68130529045327
6397870000.0,-82.2173368437638
6402868333.33,-85.3210486231997
6407866666.67,-78.67788471039782
6412865000.0,-80.48101792602179
6417863333.33,-86.16696182816754
6422861666.67,-82.86852499050752
6427860000.0,-78.18059834730323
6432858333.33,-80.31374215422227
6437856666.67,-88.66625204432151
6442855000.0,-96.5525597452023
6447853333.33,-82.76342496377575
6452851666.67,-94.39842716540431
6457850000.0,-83.99029559119188
6462848333.33,-77.78303531408311
6467846666.67,-83.60371066137516
6472845000.0,-81.87750838822726
6477843333.33,-81.59114205654483
6482841666.67,-86.8190333951305
6487840000.0,-75.1045814561033
6492838333.33,-79.20892310166874
6497836666.67,-77.17661137094132
6502835000.0,-81.05537009726943
6507833333.33,-78.92441047874041
6512831666.67,-85.59675338021832
6517830000.0,-81.4312547557133
6522828333.33,-92.85235717119961
6527826666.67,-79.61863983099455
6532825000.0,-81.08031462946434
6537823333.33,-80.05137388886011
6542821666.67,-85.78314049462821
6547820000.0,-78.21500949652804
6552818333.33,-83.75962120516402
6557816666.67,-80.35250310312733
6562815000.0,-75.990097872682
6567813333.33,-77.15993513396336
6572811666.67,-81.92907539799856
6577810000.0,-80.69316338037137
6582808333.33,-81.47430336559788
6587806666.67,-79.77856561153584
6592805000.0,-88.08769654373741
6597803333.33,-81.92660299059429
6602801666.67,-76.87045662024518
6607800000.0,-79.91716629901826
6612798333.33,-82.25346321525899
6617796666.67,-80.25125606942126
6622795000.0,-79.85229304371695
6627793333.33,-85.82500876344882
6632791666.67,-81.08515638222813
6637790000.0,-78.36837984891075
6642788333.33,-80.9870216695161
6647786666.67,-104.06568868059885
6652785000.0,-83.58640038025482
6657783333.33,-87.14593654209538
6662781666.67,-83.23410680855046
6667780000.0,-80.23085320779721
6672778333.33,-81.79928139126928
6677776666.67,-77.76845842592061
6682775000.0,-82.58692694379116
6687773333.33,-84.0875801530906
6692771666.67,-80.985140005606
6697770000.0,-82.69796746738996
6702768333.33,-82.8356243676939
6707766666.67,-79.38031383444708
6712765000.0,-81.35409874386552
6717763333.33,-83.29202845788964
6722761666.67,-81.30243046246655
6727760000.0,-87.51769226861819
6732758333.33,-79.31542558015403
6737756666.67,-79.48826356430614
6742755000.0,-79.86458430144866
6747753333.33,-81.89238911844357
6752751666.67,-79.07917855366101
6757750000.0,-79.14901943939856
6762748333.33,-81.15483846180744
6767746666.67,-80.0379789990965
6772745000.0,-79.35775203083061
6777743333.33,-78.38372035945402
6782741666.67,-83.5729065829456
6787740000.0,-86.43442961952046
6792738333.33,-84.01995141386494
6797736666.67,-81.80347953579685
6802735000.0,-79.369688796244
6807733333.33,-86.37064210078977
6812731666.67,-82.35764170090293
6817730000.0,-83.08490909993944
6822728333.33,-80.61182023552676
6827726666.67,-80.3086612670642
6832725000.0,-85.08213269739208
6837723333.33,-81.7085705250457
6842721666.67,-82.1069188703698
6847720000.0,-82.41399023489728
6852718333.33,-80.00628398606331
6857716666.67,-79.41755434287886
6862715000.0,-78.25827775898715
6867713333.33,-80.31631385153752
6872711666.67,-83.73946280987134
6877710000.0,-81.90223131787157
6882708333.33,-79.94418725927224
6887706666.67,-80.26192343288986
6892705000.0,-84.25182324400862
6897703333.33,-80.07834202770798
6902701666.67,-78.4793414498173
6907700000.0,-82.73778194556778
6912698333.33,-78.17791225254643
6917696666.67,-83.52137195213899
6922695000.0,-78.98700181948078
6927693333.33,-82.90317830051441
6932691666.67,-81.21027677342778
6937690000.0,-80.01164174424926
6942688333.33,-79.79586374502455
6947686666.67,-81.49560659026746
6952685000.0,-77.78758752881468
6957683333.33,-81.45217140154475
6962681666.67,-84.8858031287091
6967680000.0,-79.07475614903169
6972678333.33,-84.282145524682
6977676666.67,-81.64676886647689
6982675000.0,-91.45605710467967
6987673333.33,-87.45823676334085
6992671666.67,-79.5216111394062
6997670000.0,-77.1674491925778
7002668333.33,-80.36610491286693
7007666666.67,-81.17552077496515
7012665000.0,-80.94306311651229
7017663333.33,-79.39069235372887
7022661666.67,-91.42954000277618
7027660000.0,-84.76815710094195
7032658333.33,-81.72104341653038
7037656666.67,-78.25169722753134
7042655000.0,-79.94974813848933
7047653333.33,-84.30428643208602
7052651666.67,-90.46985614498098
7057650000.0,-79.83471135755426
7062648333.33,-83.54683148981823
7067646666.67,-85.46063251807914
7072645000.0,-79.87055742442502
7077643333.33,-82.42786150703112
7082641666.67,-82.8771648364412
7087640000.0,-97.22731775086152
7092638333.33,-83.1673989350076
7097636666.67,-80.93430577283164
7102635000.0,-79.96076066826373
7107633333.33,-78.12037142791006
7112631666.67,-87.82490623017038
7117630000.0,-84.98306903585215
7122628333.33,-80.25376926471814
7127626666.67,-81.76705677971992
7132625000.0,-79.02831644669901
7137623333.33,-83.72641823675438
7142621666.67,-87.80659917257822
7147620000.0,-84.8803603655311
7152618333.33,-81.8799609500744
7157616666.67,-82.78200090853824
7162615000.0,-78.80007270038607
7167613333.33,-82.66817304809342
7172611666.67,-82.49184787854509
7177610000.0,-79.83974342545932
7182608333.33,-83.54876209488936
7187606666.67,-78.88313467633638
7192605000.0,-80.5832395476675
7197603333.33,-82.34442077731674
7202601666.67,-81.68740980510849
7207600000.0,-80.51363062048938
7212598333.33,-81.66090145076288
7217596666.67,-80.62518272997937
7222595000.0,-85.96519628305396
7227593333.33,-82.9779084112192
7232591666.67,-81.34518588029874
7237590000.0,-82.67274799297755
7242588333.33,-83.10397633848801
7247586666.67,-78.81377340242094
7252585000.0,-83.96971857078996
7257583333.33,-81.61958945215679
7262581666.67,-86.58952607338352
7267580000.0,-95.02691516721825
7272578333.33,-85.59499608765941
7277576666.67,-79.0809069258631
7282575000.0,-85.79353087655636
7287573333.33,-78.36189585279435
7292571666.67,-82.46381621941573
7297570000.0,-81.89247460532255
7302568333.33,-86.27923839797359
7307566666.67,-89.09967074628872
7312565000.0,-85.37377019960665
7317563333.33,-89.07588095837139
7322561666.67,-77.9271997932534
7327560000.0,-84.90847644884059
7332558333.33,-84.74756932300988
7337556666.67,-81.58932353056525
7342555000.0,-85.58513578292094
7347553333.33,-77.19854421242151
7352551666.67,-80.45010181698488
7357550000.0,-79.68095709000545
7362548333.33,-86.2509961736319
7367546666.67,-85.29685912768127
7372545000.0,-80.1660114112458
7377543333.33,-77.14576605322019
7382541666.67,-80.74272283673906
7387540000.0,-89.0768417292303
7392538333.33,-87.6407074213469
7397536666.67,-86.47564536744974
7402535000.0,-79.15538667197261
7407533333.33,-78.00457947951645
7412531666.67,-79.75431893108703
7417530000.0,-79.03971390756497
7422528333.33,-84.80548489002665
7427526666.67,-80.64108023556366
7432525000.0,-78.09918250335785
7437523333.33,-74.07450888727719
7442521666.67,-77.88036270599056
7447520000.0,-81.45133773234592
7452518333.33,-79.16176281768428
7457516666.67,-80.0569654294476
7462515000.0,-77.4967761636067
7467513333.33,-78.77584316492599
7472511666.67,-78.6516807524715
7477510000.0,-78.28712359245911
7482508333.33,-86.77472099543854
7487506666.67,-79.2848611028059
7492505000.0,-83.75884579025025
7497503333.33,-78.04722664172618
7502501666.67,-81.60628865555155
7507500000.0,-78.29649173521084
7512498333.33,-90.11638665256
7517496666.67,-80.94899494176366
7522495000.0,-76.97417966636762
7527493333.33,-76.77999260813735
7532491666.67,-80.09414412563845
7537490000.0,-80.82933068606235
7542488333.33,-80.58500158134306
7547486666.67,-81.9139777388963
7552485000.0,-79.37736738413531
7557483333.33,-82.41840410156529
7562481666.67,-82.07845103034
7567480000.0,-77.81234534060562
7572478333.33,-78.6805248320624
7577476666.67,-82.30627951906236
7582475000.0,-78.74168093663923
7587473333.33,-80.47403041860025
7592471666.67,-83.25075062629232
7597470000.0,-83.74589497858138
7602468333.33,-78.30765205288283
7607466666.67,-88.87220846863578
7612465000.0,-74.72905597763473
7617463333.33,-81.81465251953888
7622461666.67,-79.32658945925417
7627460000.0,-81.46400358829112
7632458333.33,-80.8867536367873
7637456666.67,-76.66463244088716
7642455000.0,-81.42490231626843
7647453333.33,-82.53233518592137
7652451666.67,-82.77324149712149
7657450000.0,-90.65736310790368
7662448333.33,-77.91567482625184
7667446666.67,-81.78464973398093
7672445000.0,-80.16603293470759
7677443333.33,-81.61253265598432
7682441666.67,-79.48485793154374
7687440000.0,-77.8579340908499
7692438333.33,-76.07410515657816
7697436666.67,-84.53383990746653
7702435000.0,-78.03434713559915
7707433333.33,-77.49074456915056
7712431666.67,-78.83402844956107
7717430000.0,-81.54253428637432
7722428333.33,-82.23596322242592
7727426666.67,-84.46196193131682
7732425000.0,-79.26201792820157
7737423333.33,-77.88143544133291
7742421666.67,-80.9978458145037
7747420000.0,-78.30827433875582
7752418333.33,-84.88393703530616
7757416666.67,-78.03224523600373
7762415000.0,-81.65929784069601
7767413333.33,-76.57875620209273
7772411666.67,-80.24018741469692
7777410000.0,-77.76946230648383
7782408333.33,-88.58140178786974
7787406666.67,-79.68469841988427
7792405000.0,-81.421394217068
7797403333.33,-78.34224876091886
7802401666.67,-84.52946036865296
7807400000.0,-78.24192808563791
7812398333.33,-81.63748372046402
7817396666.67,-78.16588581256204
7822395000.0,-81.19493058786153
7827393333.33,-88.63992532255395
7832391666.67,-80.12215725827357
7837390000.0,-81.98942625248323
7842388333.33,-87.6692838304705
7847386666.67,-79.4307123887034
7852385000.0,-81.47502349342528
7857383333.33,-85.01511018900001
7862381666.67,-90.02463424841666
7867380000.0,-82.55172562126951
7872378333.33,-82.4670787304045
7877376666.67,-86.4762249146027
7882375000.0,-80.12993523720944
7887373333.33,-88.22733813665948
7892371666.67,-80.00696369442613
7897370000.0,-80.76850835094932
7902368333.33,-80.88725913177396
7907366666.67,-84.10858610264094
7912365000.0,-83.69850928361052
7917363333.33,-79.05406746921005
7922361666.67,-80.54821934608611
7927360000.0,-86.67897786737073
7932358333.33,-81.8823029907739
7937356666.67,-80.98993557382981
7942355000.0,-78.5722085590723
7947353333.33,-82.06857156028457
7952351666.67,-77.37900720373379
7957350000.0,-81.79023734808598
7962348333.33,-83.43332460255141
7967346666.67,-84.29306926772959
7972345000.0,-88.8583936454082
7977343333.33,-81.42230838339364
7982341666.67,-96.1328592615712
7987340000.0,-80.49862226079495
7992338333.33,-88.87998866975073
7997336666.67,-83.94292918294713
8002335000.0,-78.71983576746932
8007333333.33,-80.27547199731039
8012331666.67,-74.50922375061327
8017330000.0,-76.67942927242254
8022328333.33,-81.49205172868712
8027326666.67,-85.91322355229568
8032325000.0,-80.1435382645773
8037323333.33,-78.85728287180869
8042321666.67,-73.93580949958643
8047320000.0,-84.12187894892963
8052318333.33,-79.4747555493184
8057316666.67,-82.23688825315799
8062315000.0,-80.50094637709068
8067313333.33,-79.32659492172279
8072311666.67,-80.38086296043002
8077310000.0,-86.45987759178978
8082308333.33,-81.83862582364769
8087306666.67,-83.56842930318471
8092305000.0,-78.20971992014532
8097303333.33,-82.55592785936572
8102301666.67,-79.47032692910399
8107300000.0,-81.35245084029903
8112298333.33,-88.95460087568112
8117296666.67,-86.89722178344987
8122295000.0,-81.97560145087009
8127293333.33,-76.97256579301508
8132291666.67,-82.94897857087082
8137290000.0,-88.89009105626825
8142288333.33,-81.97026092636136
8147286666.67,-84.28150430494324
8152285000.0,-83.66944699770693
8157283333.33,-83.1152721268446
8162281666.67,-98.12076808403194
8167280000.0,-77.32743530135096
8172278333.33,-82.10031815674897
8177276666.67,-83.29268073597545
8182275000.0,-84.33773111175064
8187273333.33,-77.15670887487613
8192271666.67,-79.95945149116878
8197270000.0,-87.714883409719
8202268333.33,-82.76552700869661
8207266666.67,-86.93305855843101
8212265000.0,-88.1436335571378
8217263333.33,-82.09127182584564
8222261666.67,-90.79912664067324
8227260000.0,-83.19277869193748
8232258333.33,-80.089299816644
8237256666.67,-84.13327468733435
8242255000.0,-87.27514785735696
8247253333.33,-79.83947811745578
8252251666.67,-83.82631185154156
8257250000.0,-80.42553010232011
8262248333.33,-82.9221432554638
8267246666.67,-76.5537774056544
8272245000.0,-83.41756099358334
8277243333.33,-80.3465132762316
8282241666.67,-76.68555607980929
8287240000.0,-78.1335925792623
8292238333.33,-77.92961259405158
8297236666.67,-82.69251285018298
8302235000.0,-80.67578429755058
8307233333.33,-81.47822819972133
8312231666.67,-92.41465449694556
8317230000.0,-81.91247974257345
8322228333.33,-80.24629164598062
8327226666.67,-81.67106709968444
8332225000.0,-82.36138334139775
8337223333.33,-80.70137882548983
8342221666.67,-81.62710924914607
8347220000.0,-86.628111742792
8352218333.33,-80.7371464647018
8357216666.67,-78.48886157162556
8362215000.0,-80.58650984021202
8367213333.33,-81.74140841940897
8372211666.67,-77.95921333681443
8377210000.0,-81.3347900406731
8382208333.33,-82.27809548429562
8387206666.67,-83.08225369172587
8392205000.0,-80.65421981202229
8397203333.33,-83.92349336364767
8402201666.67,-80.42557824754725
8407200000.0,-75.29513107842295
8412198333.33,-92.49786955580782
8417196666.67,-77.90043750360864
8422195000.0,-82.91735983996435
8427193333.33,-82.88914555266837
8432191666.67,-89.10118272093061
8437190000.0,-81.35290068645217
8442188333.33,-82.61982037514834
8447186666.67,-82.17206605061972
8452185000.0,-88.8483317274696
8457183333.33,-85.96844778729542
8462181666.67,-79.85527184729577
8467180000.0,-77.66120696715849
8472178333.33,-78.0113213021148
8477176666.67,-84.04557293213179
8482175000.0,-80.85175434364756
8487173333.33,-84.87813480218726
8492171666.67,-78.97866806519717
8497170000.0,-81.08776449697913
8502168333.33,-80.32205724188456
8507166666.67,-82.48545853109691
8512165000.0,-80.65018202618047
8517163333.33,-89.38124896482121
8522161666.67,-81.10975654644933
8527160000.0,-85.77948018270732
8532158333.33,-82.29840631483718
8537156666.67,-82.22813388798834
8542155000.0,-81.50523134505409
8547153333.33,-84.9498518327624
8552151666.67,-86.41293329975652
8557150000.0,-82.21280549247447
8562148333.33,-78.47615574325096
8567146666.67,-76.79050398698374
8572145000.0,-80.28447224028818
8577143333.33,-79.58113890120872
8582141666.67,-79.35372012746873
8587140000.0,-84.70565869798462
8592138333.33,-81.48395440689865
8597136666.67,-81.97585791073756
8602135000.0,-91.26255141740741
8607133333.33,-76.95852725049062
8612131666.67,-87.6115208826033
8617130000.0,-80.94934046472406
8622128333.33,-76.5469019088039
8627126666.67,-82.01431447437075
8632125000.0,-87.24428894210342
8637123333.33,-79.38887027818642
8642121666.67,-88.36503045543905
8647120000.0,-82.16677606334302
8652118333.33,-83.82930398281104
8657116666.67,-91.4654871303204
8662115000.0,-78.26668401771686
8667113333.33,-88.50999204187465
8672111666.67,-82.2717015270785
8677110000.0,-79.93166276814816
8682108333.33,-79.65312487159049
8687106666.67,-77.81167409462964
8692105000.0,-86.62268361717253
8697103333.33,-79.31159825979864
8702101666.67,-77.48427863015836
8707100000.0,-81.32344114730628
8712098333.33,-80.39674578153023
8717096666.67,-81.02847605880967
8722095000.0,-80.49075170866763
8727093333.33,-85.31078438719368
8732091666.67,-82.40749531286889
8737090000.0,-78.89834082601593
8742088333.33,-88.15446935411572
8747086666.67,-83.2223698858239
8752085000.0,-82.06185338886719
8757083333.33,-84.45282500708572
8762081666.67,-79.25860851663191
8767080000.0,-82.28739083107273
8772078333.33,-81.07562619446992
8777076666.67,-84.69256499711825
8782075000.0,-84.01390620796376
8787073333.33,-87.76801453728436
8792071666.67,-83.1949860535062
8797070000.0,-83.19585286299207
8802068333.33,-80.73700835113522
8807066666.67,-79.93964418306348
8812065000.0,-83.15141358656767
8817063333.33,-81.18927133303843
8822061666.67,-85.22609696578839
8827060000.0,-82.74705672856476
8832058333.33,-86.7622287415048
8837056666.67,-79.27655653251814
8842055000.0,-81.16999296739324
8847053333.33,-76.08380813782554
8852051666.67,-88.8466927380952
8857050000.0,-83.5423638649496
8862048333.33,-81.96418342116645
8867046666.67,-76.56604433688085
8872045000.0,-80.93157190099069
8877043333.33,-82.69035307148407
8882041666.67,-81.0967112445463
8887040000.0,-80.70318023711826
8892038333.33,-81.53203068855473
8897036666.67,-80.82630624009971
8902035000.0,-83.64605827845624
8907033333.33,-81.17867276478394
8912031666.67,-81.08519799390876
8917030000.0,-81.83640461235085
8922028333.33,-76.71325960869251
8927026666.67,-79.68680359268026
8932025000.0,-78.11438553405131
8937023333.33,-81.69926577768933
8942021666.67,-81.97572459658382
8947020000.0,-82.74464600797076
8952018333.33,-81.19571919520759
8957016666.67,-84.98324825787655
8962015000.0,-82.6676947439732
8967013333.33,-84.38160583987182
8972011666.67,-83.31097547488542
8977010000.0,-75.74816899528167
8982008333.33,-77.89442270788389
8987006666.67,-81.43286176153345
8992005000.0,-81.6833510009903
8997003333.33,-85.47937503314549
9002001666.67,-81.58119495421997
9007000000.0,-81.35230406993657
9011998333.33,-80.05260115252712
9016996666.67,-85.77931040543643
9021995000.0,-84.44430506285214
9026993333.33,-91.70409109607994
9031991666.67,-83.43335414355182
9036990000.0,-82.1809341759746
9041988333.33,-80.83382607610174
9046986666.67,-85.07546222360736
9051985000.0,-77.18272233672022
9056983333.33,-82.82030664074192
9061981666.67,-80.24530271295289
9066980000.0,-82.43634752317521
9071978333.33,-79.34198249495924
9076976666.67,-79.42046069240654
9081975000.0,-77.883319177261
9086973333.33,-87.85999050328334
9091971666.67,-86.94875841148134
9096970000.0,-83.7186742308374
9101968333.33,-76.62698345082327
9106966666.67,-80.85047559579893
9111965000.0,-79.30720147639204
9116963333.33,-79.76451641054413
9121961666.67,-78.74635862903723
9126960000.0,-79.91234617887602
9131958333.33,-81.33516712833496
9136956666.67,-83.64349798460219
9141955000.0,-82.98027636220688
9146953333.33,-78.71107650718754
9151951666.67,-86.7260860356416
9156950000.0,-77.00887649402902
9161948333.33,-81.85397696047482
9166946666.67,-91.1273940165766
9171945000.0,-78.84215959126345
9176943333.33,-81.47296042851366
9181941666.67,-86.90885202437488
9186940000.0,-78.1220509810121
9191938333.33,-82.53716525908783
9196936666.67,-82.68888895743328
9201935000.0,-79.67454261262566
9206933333.33,-82.43799196424204
9211931666.67,-75.72978851484592
9216930000.0,-80.68941507195431
9221928333.33,-79.67142220419461
9226926666.67,-89.42262934075674
9231925000.0,-81.87470641429013
9236923333.33,-83.47453983716362
9241921666.67,-84.04283240179953
9246920000.0,-78.75882095205472
9251918333.33,-83.39355276532996
9256916666.67,-80.78116069376199
9261915000.0,-82.22010085136549
9266913333.33,-78.51863719974745
9271911666.67,-83.06812748443218
9276910000.0,-79.72715690574657
9281908333.33,-82.94205249602393
9286906666.67,-84.84430055154616
9291905000.0,-78.19207564553469
9296903333.33,-79.10192932108532
9301901666.67,-80.00224227843985
9306900000.0,-81.47493308947789
9311898333.33,-85.8984563978496
9316896666.67,-84.69439596026317
9321895000.0,-81.18449025316283
9326893333.33,-81.0399325509784
9331891666.67,-84.84822117542674
9336890000.0,-88.23990182758946
9341888333.33,-78.34420589327931
9346886666.67,-79.62846591351415
9351885000.0,-89.70921460176798
9356883333.33,-78.24355658567272
9361881666.67,-82.40414767249192
9366880000.0,-76.11095990785714
9371878333.33,-80.32114321017347
9376876666.67,-78.20681079527445
9381875000.0,-80.33996125699684
9386873333.33,-82.27294322163095
9391871666.67,-78.40043694675275
9396870000.0,-82.94052416196729
9401868333.33,-81.44491515970662
9406866666.67,-85.78021330696939
9411865000.0,-80.6402944609813
9416863333.33,-81.18426235514954
9421861666.67,-80.89400249759846
9426860000.0,-82.11471044894742
9431858333.33,-77.49541480566107
9436856666.67,-85.14425736873855
9441855000.0,-75.74083845479377
9446853333.33,-76.51591965008936
9451851666.67,-80.28357271961112
9456850000.0,-80.03126145031518
9461848333.33,-78.61841293806124
9466846666.67,-76.70827717996553
9471845000.0,-87.89293453075375
9476843333.33,-82.17185005136378
9481841666.67,-86.26689858766056
9486840000.0,-81.7228039636447
9491838333.33,-80.24874106759759
9496836666.67,-79.46451420682072
9501835000.0,-78.07290596674596
9506833333.33,-80.98933967298785
9511831666.67,-79.68434965044948
9516830000.0,-83.84350567600006
9521828333.33,-81.66123742951297
9526826666.67,-88.34800781325885
9531825000.0,-100.82979571005257
9536823333.33,-88.32935997014187
9541821666.67,-82.21486318006711
9546820000.0,-78.87770637805114
9551818333.33,-81.28048492788402
9556816666.67,-81.59295822239775
9561815000.0,-84.45729291865648
9566813333.33,-81.9492980379834
9571811666.67,-91.68149061197212
9576810000.0,-77.30902589934435
9581808333.33,-81.52254189057025
9586806666.67,-84.53836545321283
9591805000.0,-89.32368945421439
9596803333.33,-85.54620221570063
9601801666.67,-76.03184858138317
9606800000.0,-88.53143079672981
9611798333.33,-82.3906512568762
9616796666.67,-80.35790117356794
9621795000.0,-82.34019014152464
9626793333.33,-83.81511760155134
9631791666.67,-82.26540858382961
9636790000.0,-76.43892225513207
9641788333.33,-81.93898469900557
9646786666.67,-77.91900098636756
9651785000.0,-78.01478343840691
9656783333.33,-75.83245373952467
9661781666.67,-76.38461940729098
9666780000.0,-82.49101880481459
9671778333.33,-83.96755835681476
9676776666.67,-75.93059135378078
9681775000.0,-82.5659781721642
9686773333.33,-86.09980096737901
9691771666.67,-81.99549716533195
9696770000.0,-83.93550149481896
9701768333.33,-77.70536031061863
9706766666.67,-77.35626705789187
9711765000.0,-86.53901381377617
9716763333.33,-84.53456356785487
9721761666.67,-78.63423381701178
9726760000.0,-87.88294931743928
9731758333.33,-79.08612738083619
9736756666.67,-83.70506547374077
9741755000.0,-91.1193598545121
9746753333.33,-83.47753524894722
9751751666.67,-91.06456983892545
9756750000.0,-85.24614309533185
9761748333.33,-77.51944392232001
9766746666.67,-85.24313265111003
9771745000.0,-87.16437862729785
9776743333.33,-81.35782649018248
9781741666.67,-78.17119189217816
9786740000.0,-85.98559668862295
9791738333.33,-80.65843706285348
9796736666.67,-77.53303616807662
9801735000.0,-76.88323181705107
9806733333.33,-77.56776576113276
9811731666.67,-81.28889477035523
9816730000.0,-84.21417631217511
9821728333.33,-77.48688005524012
9826726666.67,-76.11223970553853
9831725000.0,-87.23803684274672
9836723333.33,-76.74686134853384
9841721666.67,-79.02916894837996
9846720000.0,-83.26225719140575
9851718333.33,-80.9052119716892
9856716666.67,-78.78478437555893
9861715000.0,-85.43695432564242
9866713333.33,-80.65517340279408
9871711666.67,-85.75127483840734
9876710000.0,-85.02535839419103
9881708333.33,-79.34180416720268
9886706666.67,-80.55779065610426
9891705000.0,-79.90460361693115
9896703333.33,-80.11395756847924
9901701666.67,-83.03955893287245
9906700000.0,-80.8962444594078
9911698333.33,-84.91519675459199
9916696666.67,-79.00220817990521
9921695000.0,-82.20176584793313
9926693333.33,-80.46804876422777
9931691666.67,-78.69763371043719
9936690000.0,-79.0394209574309
9941688333.33,-77.99391826455816
9946686666.67,-80.02177040589726
9951685000.0,-84.11489078263727
9956683333.33,-80.85142635573632
9961681666.67,-77.70699039831369
9966680000.0,-78.75687510131945
9971678333.33,-88.99885389546796
9976676666.67,-84.58761561915479
9981675000.0,-82.6467143677402
9986673333.33,-80.9230174411436
9991671666.67,-82.2583732759155
9996670000.0,-79.30491545484978
10001668333.3,-76.16043225985845
10006666666.7,-80.73122022403906
10011665000.0,-86.03376046199672
10016663333.3,-79.46095829226377
10021661666.7,-79.81884628652045
10026660000.0,-78.25717753321786
10031658333.3,-80.99688392716698
10036656666.7,-81.89723392282824
10041655000.0,-77.56969744909172
10046653333.3,-84.74706742919162
10051651666.7,-85.6588526714887
10056650000.0,-78.04814843728204
10061648333.3,-76.30228600396887
10066646666.7,-87.96945147051085
10071645000.0,-81.27687591775228
10076643333.3,-82.6782849920466
10081641666.7,-85.40726083763552
10086640000.0,-83.6394226264158
10091638333.3,-91.274979858062
10096636666.7,-76.16865736197579
10101635000.0,-77.43850151421769
10106633333.3,-85.64234058491833
10111631666.7,-82.71963711268923
10116630000.0,-81.63190954980269
10121628333.3,-80.45935577594186
10126626666.7,-78.44825924744417
10131625000.0,-76.42898209179383
10136623333.3,-81.12886981656888
10141621666.7,-81.73201977685457
10146620000.0,-80.5332175582993
10151618333.3,-80.93182766839037
10156616666.7,-83.04211815507838
10161615000.0,-82.67773034791338
10166613333.3,-79.6103995704411
10171611666.7,-88.39024636866164
10176610000.0,-77.95959456307217
10181608333.3,-89.09041813581811
10186606666.7,-85.37366672128289
10191605000.0,-82.15258932927917
10196603333.3,-84.99624645475538
10201601666.7,-82.85432001533407
10206600000.0,-79.96165189815022
10211598333.3,-88.80903718362448
10216596666.7,-83.01445599223285
10221595000.0,-86.00655480612305
10226593333.3,-95.3037389556194
10231591666.7,-77.82770024249376
10236590000.0,-82.82442187137292
10241588333.3,-78.37878515225188
10246586666.7,-81.46725171077026
10251585000.0,-81.82239008828118
10256583333.3,-79.52367470462173
10261581666.7,-76.92284039434801
10266580000.0,-80.11391286163254
10271578333.3,-80.81939175737624
10276576666.7,-83.85649946973396
10281575000.0,-89.58204598001885
10286573333.3,-78.6406587302926
10291571666.7,-90.06684310158624
10296570000.0,-77.7930203817671
10301568333.3,-79.44986281428157
10306566666.7,-81.57993175971505
10311565000.0,-81.03025875679322
10316563333.3,-80.1690078030674
10321561666.7,-81.61433910215804
10326560000.0,-80.78080725437339
10331558333.3,-78.88255297707477
10336556666.7,-84.61238157030975
10341555000.0,-76.13274421444915
10346553333.3,-79.40206436849802
10351551666.7,-76.70483632576348
10356550000.0,-79.25190204297147
10361548333.3,-80.80463758461208
10366546666.7,-81.03411760636044
10371545000.0,-86.5843308641544
10376543333.3,-79.8559183358544
10381541666.7,-80.10098442653664
10386540000.0,-81.59318574841109
10391538333.3,-86.77105620647654
10396536666.7,-78.1514668962078
10401535000.0,-75.45181310776482
10406533333.3,-85.2907029987874
10411531666.7,-82.62238749505005
10416530000.0,-79.71725074891098
10421528333.3,-79.13280558066639
10426526666.7,-78.50453180968113
10431525000.0,-81.31565106988668
10436523333.3,-81.33295007657273
10441521666.7,-79.3162719214184
10446520000.0,-88.22296102990987
10451518333.3,-79.73595490390495
10456516666.7,-78.73180432533991
10461515000.0,-81.24026083942232
10466513333.3,-76.59746691607313
10471511666.7,-78.55166534043376
10476510000.0,-80.82106997135668
10481508333.3,-80.38059003495422
10486506666.7,-81.75942742361669
10491505000.0,-78.22232349061342
10496503333.3,-78.95329322985604
10501501666.7,-84.67764985789421
10506500000.0,-87.17968914922815
10511498333.3,-82.25994495382147
10516496666.7,-78.68484138507395
10521495000.0,-76.03421863617613
10526493333.3,-80.24298176815262
10531491666.7,-77.96774283567608
10536490000.0,-80.41135359233265
10541488333.3,-78.56823056771879
10546486666.7,-85.67861757775661
10551485000.0,-83.3278467899892
10556483333.3,-82.58859209176656
10561481666.7,-77.87323757819979
10566480000.0,-84.45333562142665
10571478333.3,-79.12569429550685
10576476666.7,-77.76606769343935
10581475000.0,-81.41029495552088
10586473333.3,-81.04262985084526
10591471666.7,-84.67466744137988
10596470000.0,-81.67334302935096
10601468333.3,-82.32163023991433
10606466666.7,-85.2258534568241
10611465000.0,-80.5175246659919
10616463333.3,-77.2436303241208
10621461666.7,-75.81462657687267
10626460000.0,-80.95909642756745
10631458333.3,-78.26215420581252
10636456666.7,-78.73492667217116
10641455000.0,-87.58026414025954
10646453333.3,-85.29326951084244
10651451666.7,-81.43634657467119
10656450000.0,-79.71751951845083
10661448333.3,-79.78151650988328
10666446666.7,-83.38213581876934
10671445000.0,-86.3285141024315
10676443333.3,-84.16397960347739
10681441666.7,-87.20796827219024
10686440000.0,-81.08902013547493
10691438333.3,-80.2738884993739
10696436666.7,-79.96399866732307
10701435000.0,-79.32679709893416
10706433333.3,-80.50214320470174
10711431666.7,-79.08124187082399
10716430000.0,-87.21724702324641
10721428333.3,-80.56102168084985
10726426666.7,-87.39127158372091
10731425000.0,-78.3269969853093
10736423333.3,-81.62195871411144
10741421666.7,-80.62142337222542
10746420000.0,-79.10572149663773
10751418333.3,-82.46619095803541
10756416666.7,-93.16643892268311
10761415000.0,-75.31580513021231
10766413333.3,-79.30529263567342
10771411666.7,-86.46863803737938
10776410000.0,-80.46395123980004
10781408333.3,-81.24811569658314
10786406666.7,-76.89939531451326
10791405000.0,-80.89810753465153
10796403333.3,-81.91851945567905
10801401666.7,-84.54566850215994
10806400000.0,-80.64537315126636
10811398333.3,-76.98891153854919
10816396666.7,-76.35245306375977
10821395000.0,-81.6795709247569
10826393333.3,-77.76932834574085
10831391666.7,-85.21750489124123
10836390000.0,-79.90792250141087
10841388333.3,-87.0530227135412
10846386666.7,-86.64167193051304
10851385000.0,-79.08944836640613
10856383333.3,-75.98614914492187
10861381666.7,-86.41010340977178
10866380000.0,-84.02923853779112
10871378333.3,-79.02051962404735
10876376666.7,-78.51514631855962
10881375000.0,-79.11598495337091
10886373333.3,-79.09784027877274
10891371666.7,-83.75363853703207
10896370000.0,-81.23878165458916
10901368333.3,-85.66565588786983
10906366666.7,-80.18768148800402
10911365000.0,-80.87617659871482
10916363333.3,-79.74686490231187
10921361666.7,-79.46798885466433
10926360000.0,-76.41582863259751
10931358333.3,-82.24084890073186
10936356666.7,-77.74825416300202
10941355000.0,-83.7175237777347
10946353333.3,-86.00788140753164
10951351666.7,-80.23520493733966
10956350000.0,-79.40347687155275
10961348333.3,-82.11083052997955
10966346666.7,-79.39227848515384
10971345000.0,-80.19779189419283
10976343333.3,-79.05566564992229
10981341666.7,-78.8229664142877
10986340000.0,-78.79465110631016
10991338333.3,-77.52424901469358
10996336666.7,-78.00901045131182
11001335000.0,-84.2440508628535
11006333333.3,-81.39967161909837
11011331666.7,-81.906547709453
11016330000.0,-78.57682085124053
11021328333.3,-78.7595080078422
11026326666.7,-78.3725183062879
11031325000.0,-82.24557951502146
11036323333.3,-81.33302690532363
11041321666.7,-82.2551838759004
11046320000.0,-86.84215051571137
11051318333.3,-87.6921630377015
11056316666.7,-81.8397781751234
11061315000.0,-79.31419359332125
11066313333.3,-78.19410274963715
11071311666.7,-80.54484350617267
11076310000.0,-85.34453363494586
11081308333.3,-93.59252535350487
11086306666.7,-77.13608184464833
11091305000.0,-82.78783123733572
11096303333.3,-79.0114921277452
11101301666.7,-81.62274723695923
11106300000.0,-85.94619922599114
11111298333.3,-92.53243172889236
11116296666.7,-80.11686902867214
11121295000.0,-82.65113456367735
11126293333.3,-83.01370013740517
11131291666.7,-83.42708686294071
11136290000.0,-80.46417963846443
11141288333.3,-92.6107332406003
11146286666.7,-80.14952813673872
11151285000.0,-81.6206093744108
11156283333.3,-81.911807343755
11161281666.7,-81.62524878254342
11166280000.0,-77.8640528661513
11171278333.3,-78.64505063085036
11176276666.7,-80.89971186335217
11181275000.0,-81.62511384025356
11186273333.3,-84.91484357657983
11191271666.7,-81.90397208320027
11196270000.0,-78.37086815639985
11201268333.3,-80.35402093753405
11206266666.7,-80.45617452773186
11211265000.0,-83.04586712046324
11216263333.3,-81.1099215446475
11221261666.7,-81.46715883176542
11226260000.0,-77.89403499060789
11231258333.3,-77.95270071299201
11236256666.7,-79.3710710146649
11241255000.0,-87.21557353346958
11246253333.3,-79.42578658296488
11251251666.7,-83.43660293927782
11256250000.0,-80.7337477602986
11261248333.3,-78.57165815392449
11266246666.7,-78.95606699547568
11271245000.0,-81.53339554651794
11276243333.3,-77.07690313069607
11281241666.7,-80.90633047240247
11286240000.0,-81.36380459214325
11291238333.3,-83.07341118996393
11296236666.7,-78.54408877844554
11301235000.0,-78.2897602048923
11306233333.3,-78.9403425507117
11311231666.7,-80.40343426509031
11316230000.0,-75.28724873207561
11321228333.3,-79.65372146513793
11326226666.7,-75.605591511636
11331225000.0,-77.88920590127017
11336223333.3,-77.28135911923692
11341221666.7,-81.91810071303013
11346220000.0,-82.59895887298319
11351218333.3,-83.34230876295928
11356216666.7,-82.64127998060773
11361215000.0,-80.86742851980463
11366213333.3,-76.7519665190684
11371211666.7,-77.61270899296902
11376210000.0,-79.08685964115512
11381208333.3,-80.79723306942832
11386206666.7,-77.20181113572005
11391205000.0,-80.7963082889929
11396203333.3,-78.29295155452668
11401201666.7,-82.83982963343837
11406200000.0,-81.99847275693195
11411198333.3,-79.83751734642597
11416196666.7,-75.97910455818662
11421195000.0,-77.25503464714754
11426193333.3,-81.07769609412327
11431191666.7,-78.2302341412194
11436190000.0,-75.62445207874262
11441188333.3,-77.18112085843495
11446186666.7,-76.9846775460156
11451185000.0,-78.39450385238047
11456183333.3,-80.88611614681255
11461181666.7,-77.96456593967794
11466180000.0,-80.89933264231564
11471178333.3,-78.97017415008514
11476176666.7,-88.11686897588504
11481175000.0,-78.38654136505997
11486173333.3,-76.67406312432264
11491171666.7,-77.31362191392114
11496170000.0,-78.01501935265729
11501168333.3,-81.00086276743781
11506166666.7,-78.4470445478705
11511165000.0,-75.94930572520875
11516163333.3,-83.27187306030655
11521161666.7,-75.74455461181955
11526160000.0,-82.77218956698968
11531158333.3,-79.22090906179432
11536156666.7,-78.01142367645727
11541155000.0,-74.63058849712226
11546153333.3,-79.9109555220441
11551151666.7,-82.27555985816471
11556150000.0,-82.82642024135127
11561148333.3,-77.4099996010382
11566146666.7,-79.49629633157389
11571145000.0,-79.29181132908307
11576143333.3,-78.4378837213789
11581141666.7,-74.21154132638333
11586140000.0,-79.88049953045773
11591138333.3,-74.25732557923348
11596136666.7,-83.06906914455627
11601135000.0,-75.85702570789806
11606133333.3,-78.75825247290577
11611131666.7,-78.39673582034021
11616130000.0,-80.26546756019512
11621128333.3,-78.01635117987935
11626126666.7,-78.78184766709184
11631125000.0,-76.02973365829173
11636123333.3,-78.73637747832375
11641121666.7,-79.28130815801185
11646120000.0,-81.13297402582663
11651118333.3,-78.3797055326079
11656116666.7,-81.98116882870686
11661115000.0,-80.667326823571
11666113333.3,-77.20585544123428
11671111666.7,-75.91279093857494
11676110000.0,-78.42885687431007
11681108333.3,-77.75439655752157
11686106666.7,-79.08621162104333
11691105000.0,-80.47428286662581
11696103333.3,-81.74538487648002
11701101666.7,-76.62744662332818
11706100000.0,-82.69900940806507
11711098333.3,-77.69385473523634
11716096666.7,-76.72799896742956
11721095000.0,-78.76480954893091
11726093333.3,-80.64259667243059
11731091666.7,-76.62659822244598
11736090000.0,-75.56183737233214
11741088333.3,-74.235817899372
11746086666.7,-78.60339550149203
11751085000.0,-74.42678426029211
11756083333.3,-78.78767501128135
11761081666.7,-79.84169412645427
11766080000.0,-76.41224803710446
11771078333.3,-75.0216550265541
11776076666.7,-78.0188460057157
11781075000.0,-78.85346200600948
11786073333.3,-82.29464569310974
11791071666.7,-77.99961801723212
11796070000.0,-80.03391455249766
11801068333.3,-78.74938882951476
11806066666.7,-84.45966756055105
11811065000.0,-81.26576753873823
11816063333.3,-81.62289437690262
11821061666.7,-73.25384491837046
11826060000.0,-78.90965906993314
11831058333.3,-76.87408181141993
11836056666.7,-78.80958816521776
11841055000.0,-76.85574415599545
11846053333.3,-78.63146997533025
11851051666.7,-77.57923677993529
11856050000.0,-81.61412262940976
11861048333.3,-80.73286755276587
11866046666.7,-78.32783801058466
11871045000.0,-81.05584293350148
11876043333.3,-74.5927717866765
11881041666.7,-77.77763857941555
11886040000.0,-83.14756153157809
11891038333.3,-80.15383303365431
11896036666.7,-78.88818360192778
11901035000.0,-77.8051982959928
11906033333.3,-84.03303916297709
11911031666.7,-77.14865990998432
11916030000.0,-80.66242745589734
11921028333.3,-75.33604460715088
11926026666.7,-75.97837130174001
11931025000.0,-77.45869251778004
11936023333.3,-80.70158699697802
11941021666.7,-75.51725535998172
11946020000.0,-75.84758678121989
11951018333.3,-77.16646390442611
11956016666.7,-76.16164056513264
11961015000.0,-78.65276154613164
11966013333.3,-78.37981512822134
11971011666.7,-79.18502007193884
11976010000.0,-81.16705157215996
11981008333.3,-78.7008448031724
11986006666.7,-78.9888019423678
11991005000.0,-78.53111478530774
11996003333.3,-74.23652812955888
12001001666.7,-76.62836163270799
12006000000.0,-74.66822759116977
12010998333.3,-79.09152463843544
12015996666.7,-77.03448481209391
12020995000.0,-76.17746962241542
12025993333.3,-74.64548243241482
12030991666.7,-81.58043795260139
12035990000.0,-75.14846404590126
12040988333.3,-80.2206972924053
12045986666.7,-75.76134978361411
12050985000.0,-78.75273916496322
12055983333.3,-77.56889728827325
12060981666.7,-73.7225830781495
12065980000.0,-75.8216240621171
12070978333.3,-83.38351808836266
12075976666.7,-77.1750906666129
12080975000.0,-76.42748150431144
12085973333.3,-80.30921363457057
12090971666.7,-76.40270425516408
12095970000.0,-73.7683818108569
12100968333.3,-80.28755646333971
12105966666.7,-77.56827407449627
12110965000.0,-75.4819342176075
12115963333.3,-77.55347621398278
12120961666.7,-75.75455925573658
12125960000.0,-73.69980955609608
12130958333.3,-75.94163168684949
12135956666.7,-77.88875241730187
12140955000.0,-73.1337425975301
12145953333.3,-78.56320225262692
12150951666.7,-76.59133237300716
12155950000.0,-75.30781264506268
12160948333.3,-78.66889591984611
12165946666.7,-78.53031486595218
12170945000.0,-77.12538569399725
12175943333.3,-83.86299847333589
12180941666.7,-74.14009593992047
12185940000.0,-82.56726234862015
12190938333.3,-73.51758038429654
12195936666.7,-76.02516342999073
12200935000.0,-75.00658960895713
12205933333.3,-77.44047788484794
12210931666.7,-77.10787879214081
12215930000.0,-74.94170520007438
12220928333.3,-75.43673729485248
12225926666.7,-77.57825365588536
12230925000.0,-77.09062648767411
12235923333.3,-75.03337405879651
12240921666.7,-77.39543926763274
12245920000.0,-79.25061594771583
12250918333.3,-77.2641849173467
12255916666.7,-76.93704465626817
12260915000.0,-78.84386181993676
12265913333.3,-81.15191022851036
12270911666.7,-75.82276465177746
12275910000.0,-74.14653134341665
12280908333.3,-74.40768080374365
12285906666.7,-76.47249808642711
12290905000.0,-74.80325839097546
12295903333.3,-80.86549677857201
12300901666.7,-75.55359348677247
12305900000.0,-75.75043664371799
12310898333.3,-74.35301008494051
12315896666.7,-81.916893572742
12320895000.0,-75.92590511504291
12325893333.3,-75.29641728602208
12330891666.7,-73.82582698675984
12335890000.0,-76.92030668245421
12340888333.3,-76.8848673221191
12345886666.7,-77.94093349735809
12350885000.0,-78.1644344563719
12355883333.3,-76.21047726361743
12360881666.7,-80.1566103509818
12365880000.0,-76.66317324327161
12370878333.3,-78.20052553903801
12375876666.7,-80.90667400499703
12380875000.0,-74.32948480556733
12385873333.3,-72.98652186709293
12390871666.7,-75.19529151843395
12395870000.0,-75.95786257479325
12400868333.3,-75.80373465944055
12405866666.7,-73.90914816932529
12410865000.0,-73.13352655064318
12415863333.3,-72.96935384712762
12420861666.7,-76.78296959296566
12425860000.0,-73.9088036304563
12430858333.3,-76.24828827388879
12435856666.7,-73.9185859601327
12440855000.0,-75.42924138129153
12445853333.3,-74.68184864157894
12450851666.7,-77.2939060113704
12455850000.0,-76.30665835387143
12460848333.3,-73.51567819758729
12465846666.7,-75.25558934184546
12470845000.0,-77.93795846246573
12475843333.3,-81.35889157507548
12480841666.7,-80.17559978695556
12485840000.0,-75.78180475405807
12490838333.3,-81.73483798016002
12495836666.7,-76.10304355136206
12500835000.0,-75.07114925907457
12505833333.3,-75.86801369760036
12510831666.7,-76.30275321002455
12515830000.0,-77.94634703158812
12520828333.3,-73.86966731676742
12525826666.7,-77.92911376307318
12530825000.0,-78.05610448255783
12535823333.3,-73.59067698864636
12540821666.7,-75.98083177064404
12545820000.0,-74.24337136235471
12550818333.3,-77.08656068481284
12555816666.7,-74.59622320884878
12560815000.0,-77.31040768512972
12565813333.3,-72.84202121313959
12570811666.7,-73.69801544284604
12575810000.0,-74.68700993620939
12580808333.3,-75.32083248716434
12585806666.7,-76.40133691297959
12590805000.0,-78.5602408964173
12595803333.3,-76.47453085181156
12600801666.7,-75.72228175778038
12605800000.0,-78.3626127087954
12610798333.3,-75.36781017298269
12615796666.7,-75.76837257174886
12620795000.0,-74.81870726762963
12625793333.3,-74.75878381124957
12630791666.7,-73.57238237228395
12635790000.0,-75.8578603752686
12640788333.3,-76.40790759548351
12645786666.7,-73.56471863157944
12650785000.0,-76.09567205832745
12655783333.3,-73.42121675856487
12660781666.7,-74.97752411471683
12665780000.0,-73.39354451537926
12670778333.3,-73.86672882269885
12675776666.7,-74.13354662037258
12680775000.0,-79.42558298616535
12685773333.3,-75.80455823005431
12690771666.7,-75.98843590282763
12695770000.0,-76.71163347468311
12700768333.3,-74.52300475346847
12705766666.7,-73.65970781465705
12710765000.0,-74.69179553401435
12715763333.3,-75.85766842093676
12720761666.7,-77.30269909359755
12725760000.0,-73.33888052890539
12730758333.3,-77.94925816682955
12735756666.7,-77.45403179619007
12740755000.0,-75.70294962954763
12745753333.3,-76.97843333605319
12750751666.7,-76.3998038572089
12755750000.0,-75.09123906544174
12760748333.3,-76.22096302774503
12765746666.7,-74.03790894381282
12770745000.0,-74.20843905298736
12775743333.3,-74.59400391912745
12780741666.7,-72.85362841909644
12785740000.0,-78.21089855099916
12790738333.3,-73.82391115614982
12795736666.7,-74.99382156395065
12800735000.0,-75.8645694224347
12805733333.3,-77.49355321855971
12810731666.7,-73.3351639630305
12815730000.0,-81.50948627173138
12820728333.3,-74.94786413717117
12825726666.7,-78.94213717935996
12830725000.0,-75.7342484642084
12835723333.3,-76.8630391232047
12840721666.7,-75.83842724055546
12845720000.0,-75.66163210280565
12850718333.3,-75.87365466340728
12855716666.7,-72.9642546580648
12860715000.0,-75.14736643689085
12865713333.3,-77.85184624511132
12870711666.7,-77.92385889027558
12875710000.0,-77.73404845206515
12880708333.3,-76.04901100613125
12885706666.7,-75.35840542642332
12890705000.0,-75.34996464991006
12895703333.3,-74.20992864825496
12900701666.7,-74.22613418296903
12905700000.0,-76.9658595829598
12910698333.3,-82.2008119614668
12915696666.7,-75.24602235251898
12920695000.0,-74.47085895713491
12925693333.3,-76.9253237005373
12930691666.7,-73.57807068861943
12935690000.0,-72.74066816880179
12940688333.3,-74.7344117439886
12945686666.7,-73.04830704929925
12950685000.0,-73.59782655671654
12955683333.3,-75.19912244606532
12960681666.7,-76.69106758582339
12965680000.0,-73.98769138855143
12970678333.3,-74.3127423796486
12975676666.7,-75.42630092095328
12980675000.0,-73.47909670797026
12985673333.3,-74.7874302420025
12990671666.7,-73.12352517154186
12995670000.0,-78.60933324724128
13000668333.3,-74.79495035536306
13005666666.7,-75.7296863217258
13010665000.0,-75.69154843518638
13015663333.3,-76.99238113261006
13020661666.7,-78.37276635797166
13025660000.0,-78.79271827436453
13030658333.3,-74.28616659747307
13035656666.7,-78.41876134968585
13040655000.0,-76.1825409432895
13045653333.3,-73.82574909715021
13050651666.7,-74.28148442781944
13055650000.0,-76.00987719144447
13060648333.3,-73.48920914920471
13065646666.7,-76.23416877698273
13070645000.0,-72.92459214242682
13075643333.3,-80.0642887942272
13080641666.7,-73.79815130536352
13085640000.0,-74.39912426323258
13090638333.3,-72.95860840102455
13095636666.7,-76.09858244555843
13100635000.0,-73.33316481828176
13105633333.3,-71.8482768593408
13110631666.7,-75.20334643002556
13115630000.0,-75.51979781818079
13120628333.3,-74.25070775085689
13125626666.7,-74.78081715857061
13130625000.0,-72.72938984071212
13135623333.3,-75.0329682326326
13140621666.7,-75.55940740772957
13145620000.0,-77.45468352765847
13150618333.3,-72.43373223295873
13155616666.7,-73.91483578569702
13160615000.0,-73.92590529480843
13165613333.3,-75.54916899523269
13170611666.7,-73.10942266314557
13175610000.0,-75.53056931458316
13180608333.3,-75.71977553237099
13185606666.7,-74.13473669344191
13190605000.0,-73.12938226468974
13195603333.3,-75.86897971800848
13200601666.7,-72.594638725306
13205600000.0,-72.62078435802817
13210598333.3,-72.30721948700771
13215596666.7,-74.66360098499973
13220595000.0,-76.06010909359252
13225593333.3,-73.39999612138436
13230591666.7,-73.75241097150679
13235590000.0,-73.85515515425894
13240588333.3,-75.11589441287569
13245586666.7,-74.32616769650502
13250585000.0,-73.26888755391482
13255583333.3,-73.60252158635919
13260581666.7,-73.99661773924487
13265580000.0,-71.37510846423697
13270578333.3,-73.28480648887205
13275576666.7,-75.2646330342177
13280575000.0,-75.69018663121352
13285573333.3,-77.24322561224244
13290571666.7,-75.33458416587462
13295570000.0,-73.62373003321834
13300568333.3,-72.35353343344993
13305566666.7,-72.34884574026827
13310565000.0,-74.55729225537371
13315563333.3,-74.56072246530132
13320561666.7,-76.29896549095663
13325560000.0,-73.59618329170766
13330558333.3,-72.90404394626646
13335556666.7,-74.24145829894533
13340555000.0,-73.3578682062738
13345553333.3,-75.05926101208594
13350551666.7,-74.4485191326788
13355550000.0,-76.22357120334698
13360548333.3,-74.20006853769799
13365546666.7,-72.96751412702126
13370545000.0,-73.51059373564057
13375543333.3,-73.15831146252906
13380541666.7,-72.31671643815909
13385540000.0,-76.42171695980488
13390538333.3,-74.008581164651
13395536666.7,-72.32631406425712
13400535000.0,-73.10973256565515
13405533333.3,-71.09574367191443
13410531666.7,-73.4654674586224
13415530000.0,-71.46341274429321
13420528333.3,-73.5106043813794
13425526666.7,-71.97688175621067
13430525000.0,-74.89731464335689
13435523333.3,-72.78987457981341
13440521666.7,-73.4286296034376
13445520000.0,-73.52941990394997
13450518333.3,-74.54638642972664
13455516666.7,-74.21588658142633
13460515000.0,-73.79693641629059
13465513333.3,-73.27809540394418
13470511666.7,-74.3316276328604
13475510000.0,-69.9737395546477
13480508333.3,-71.13292093929618
13485506666.7,-72.89004355773875
13490505000.0,-76.65256630839734
13495503333.3,-73.54603011132166
13500501666.7,-72.22165514156957
13505500000.0,-72.93861021303307
13510498333.3,-72.91684584646126
13515496666.7,-71.86927423851732
13520495000.0,-74.55237052874855
13525493333.3,-72.10420467108217
13530491666.7,-75.43846824429194
13535490000.0,-72.55968468747956
13540488333.3,-72.85125252938403
13545486666.7,-70.6562373253914
13550485000.0,-75.0530695135737
13555483333.3,-74.91013046687648
13560481666.7,-72.3523614649962
13565480000.0,-73.82671215485315
13570478333.3,-74.52586463431209
13575476666.7,-75.20698355922197
13580475000.0,-72.99868422663499
13585473333.3,-73.10794260755942
13590471666.7,-74.77065207818092
13595470000.0,-73.80821869301735
13600468333.3,-72.28520643277801
13605466666.7,-74.06996906435577
13610465000.0,-75.37138299043576
13615463333.3,-75.20040659806078
13620461666.7,-75.46635051275808
13625460000.0,-75.10937408851015
13630458333.3,-73.07893830131304
13635456666.7,-76.78464439657628
13640455000.0,-74.05389533566614
13645453333.3,-75.15710997087099
13650451666.7,-75.01009439300906
13655450000.0,-74.97318795004917
13660448333.3,-73.37546415817332
13665446666.7,-73.15681904820322
13670445000.0,-73.4824475790277
13675443333.3,-71.88377531936277
13680441666.7,-72.73872356002234
13685440000.0,-72.74913258686674
13690438333.3,-70.5278706456516
13695436666.7,-72.04116924814791
13700435000.0,-71.80753149808011
13705433333.3,-72.37684179740522
13710431666.7,-73.30382343251404
13715430000.0,-72.08716609713223
13720428333.3,-72.88661265661877
13725426666.7,-70.00263807910117
13730425000.0,-71.01584450132569
13735423333.3,-73.15433445878301
13740421666.7,-72.27521222568966
13745420000.0,-73.26470121171349
13750418333.3,-74.45579266411005
13755416666.7,-72.2953105805899
13760415000.0,-72.610190092939
13765413333.3,-71.51024207108456
13770411666.7,-71.84349540856638
13775410000.0,-72.66607655604534
13780408333.3,-71.95725822969659
13785406666.7,-73.27854563077737
13790405000.0,-71.61259738568837
13795403333.3,-70.48885268094052
13800401666.7,-72.89415700302484
13805400000.0,-71.2108107078175
13810398333.3,-73.95732574701961
13815396666.7,-71.64696753727719
13820395000.0,-72.86481095176529
13825393333.3,-70.87054844466631
13830391666.7,-70.60212376854676
13835390000.0,-72.94507006337129
13840388333.3,-70.92578713491478
13845386666.7,-72.14664958090644
13850385000.0,-70.48935566162372
13855383333.3,-69.93711704253563
13860381666.7,-72.77147557236403
13865380000.0,-72.1775375876357
13870378333.3,-72.76742453492474
13875376666.7,-72.76829134622149
13880375000.0,-74.04207164070199
13885373333.3,-73.06232165802808
13890371666.7,-71.42526587962405
13895370000.0,-71.84960493320051
13900368333.3,-70.96955655160133
13905366666.7,-70.2818661493161
13910365000.0,-70.72533805907517
13915363333.3,-71.44138933637292
13920361666.7,-72.51813462935637
13925360000.0,-73.29160052293216
13930358333.3,-72.13282069785699
13935356666.7,-72.68401830571588
13940355000.0,-70.54078499111151
13945353333.3,-71.61469418102956
13950351666.7,-71.55392047459848
13955350000.0,-71.24907929763958
13960348333.3,-72.06771927722507
13965346666.7,-70.57590329159167
13970345000.0,-70.75646254422179
13975343333.3,-70.96261340925108
13980341666.7,-70.10946482472762
13985340000.0,-70.01212729673344
13990338333.3,-68.92522721595083
13995336666.7,-71.68237200298077
14000335000.0,-67.61813710974137
14005333333.3,-69.07085208826653
14010331666.7,-70.10225333080996
14015330000.0,-70.33058723256264
14020328333.3,-69.99455421543013
14025326666.7,-70.88589250122502
14030325000.0,-69.53728114138445
14035323333.3,-71.1415066264063
14040321666.7,-71.71715986798141
14045320000.0,-70.32799375653651
14050318333.3,-70.35359262490974
14055316666.7,-71.07092275800167
14060315000.0,-70.49921087237676
14065313333.3,-70.80851130684383
14070311666.7,-69.35171112295461
14075310000.0,-68.47135130771031
14080308333.3,-68.73703635308921
14085306666.7,-69.11100110056904
14090305000.0,-68.9400381486955
14095303333.3,-71.22518449934014
14100301666.7,-69.82241903646836
14105300000.0,-72.83133490659581
14110298333.3,-71.18061015343999
14115296666.7,-68.9888759311353
14120295000.0,-68.5094037481643
14125293333.3,-69.62521300521387
14130291666.7,-69.64176363410783
14135290000.0,-69.34068467373153
14140288333.3,-69.50989704544301
14145286666.7,-70.27137800256759
14150285000.0,-70.13333907414035
14155283333.3,-68.56167690702426
14160281666.7,-70.43287216614006
14165280000.0,-69.89887163793468
14170278333.3,-71.29024114690525
14175276666.7,-69.57391064425717
14180275000.0,-68.44083580762168
14185273333.3,-70.78315416949162
14190271666.7,-70.36227906016954
14195270000.0,-68.4317127923645
14200268333.3,-70.84711509366508
14205266666.7,-70.28941737356368
14210265000.0,-69.11917445229695
14215263333.3,-68.73341594771551
14220261666.7,-70.67863104430448
14225260000.0,-70.96454974894942
14230258333.3,-70.84451516898982
14235256666.7,-67.81670647335595
14240255000.0,-70.86344150245903
14245253333.3,-68.19529480306866
14250251666.7,-69.26942477826547
14255250000.0,-69.30355047699307
14260248333.3,-70.34203741617684
14265246666.7,-71.10429149189594
14270245000.0,-68.98958957337685
14275243333.3,-70.96849819616945
14280241666.7,-69.44813146568197
14285240000.0,-69.76043337243647
14290238333.3,-71.42542904248421
14295236666.7,-69.98715464393467
14300235000.0,-69.274135426858
14305233333.3,-69.11890102708661
14310231666.7,-70.30761543173564
14315230000.0,-70.743799371415
14320228333.3,-69.44503405016499
14325226666.7,-67.81095440204409
14330225000.0,-67.27065939186426
14335223333.3,-68.7417032053531
14340221666.7,-71.22219903011099
14345220000.0,-68.28847276537014
14350218333.3,-70.23136394216932
14355216666.7,-67.1849029101909
14360215000.0,-68.33152301955258
14365213333.3,-69.49330409717685
14370211666.7,-68.47925799706357
14375210000.0,-68.94891467777926
14380208333.3,-68.16192139401291
14385206666.7,-70.51537356591221
14390205000.0,-69.63231709145509
14395203333.3,-68.8803011896508
14400201666.7,-69.03865308620911
14405200000.0,-68.76929124281199
14410198333.3,-67.996687132549
14415196666.7,-69.2969628200047
14420195000.0,-67.7735411558203
14425193333.3,-67.74418833485954
14430191666.7,-67.8086463194893
14435190000.0,-67.2687765832677
14440188333.3,-68.97578498293798
14445186666.7,-66.8108603640202
14450185000.0,-68.86096044131683
14455183333.3,-68.20953050022722
14460181666.7,-68.2115455143275
14465180000.0,-68.50696763680116
14470178333.3,-68.93076583836417
14475176666.7,-69.43086163353843
14480175000.0,-68.92454512421745
14485173333.3,-68.58178691354772
14490171666.7,-68.83836267027677
14495170000.0,-68.80246304261975
14500168333.3,-69.1553655171931
14505166666.7,-66.90466859885656
14510165000.0,-67.46386752559107
14515163333.3,-68.85762563837282
14520161666.7,-69.10878422210958
14525160000.0,-69.20208030470411
14530158333.3,-69.20849808143926
14535156666.7,-68.37533088016525
14540155000.0,-70.20387855755888
14545153333.3,-67.87009533357607
14550151666.7,-68.9016612019118
14555150000.0,-68.14636014374751
14560148333.3,-68.11781714611837
14565146666.7,-70.44793259321906
14570145000.0,-70.88414959994834
14575143333.3,-68.6938414138575
14580141666.7,-69.10879648570977
14585140000.0,-68.86905126582617
14590138333.3,-67.6014570061126
14595136666.7,-67.88809622798983
14600135000.0,-68.00084026777456
14605133333.3,-67.29213502187517
14610131666.7,-67.49592086275993
14615130000.0,-69.37355505967587
14620128333.3,-68.00681216503789
14625126666.7,-67.77667706618347
14630125000.0,-68.04219900027728
14635123333.3,-67.28728358490733
14640121666.7,-67.46488252599514
14645120000.0,-68.54169926226538
14650118333.3,-68.4420214007253
14655116666.7,-66.58464580834146
14660115000.0,-66.71042164769675
14665113333.3,-67.93953208243525
14670111666.7,-67.40492625112563
14675110000.0,-66.40087913379949
14680108333.3,-67.24060481992882
14685106666.7,-68.31346444650016
14690105000.0,-68.3281919525273
14695103333.3,-67.44982142741318
14700101666.7,-67.63409473433475
14705100000.0,-68.0804302084353
14710098333.3,-67.40070259259535
14715096666.7,-67.02242835053684
14720095000.0,-67.11009589697348
14725093333.3,-67.2602551957689
14730091666.7,-67.0657896460964
14735090000.0,-67.75436482305702
14740088333.3,-66.2791827771907
14745086666.7,-68.07611466968065
14750085000.0,-66.65188057442576
14755083333.3,-67.44616010018152
14760081666.7,-66.08902581268447
14765080000.0,-66.00376145374251
14770078333.3,-65.85238609283826
14775076666.7,-65.47647678415385
14780075000.0,-65.74612692195755
14785073333.3,-67.07960984299673
14790071666.7,-65.3063838650619
14795070000.0,-66.1356571315385
14800068333.3,-67.09212090862117
14805066666.7,-66.57394848149752
14810065000.0,-65.53983773772495
14815063333.3,-66.51142269411416
14820061666.7,-66.7145772843176
14825060000.0,-66.20372618006677
14830058333.3,-66.70194284795807
14835056666.7,-66.67783940888476
14840055000.0,-66.3971716428499
14845053333.3,-64.84448288672249
14850051666.7,-65.8042055072689
14855050000.0,-65.90810024325049
14860048333.3,-66.63609576113953
14865046666.7,-65.06070587669183
14870045000.0,-66.70734390892065
14875043333.3,-66.1682599951863
14880041666.7,-65.87056044197676
14885040000.0,-67.14580961030408
14890038333.3,-66.91077117047021
14895036666.7,-66.73416971238092
14900035000.0,-66.19280375007477
14905033333.3,-66.19747107897548
14910031666.7,-66.35541310545713
14915030000.0,-66.90500328897262
14920028333.3,-66.43720541373143
14925026666.7,-66.21099415944389
14930025000.0,-65.21935251659541
14935023333.3,-65.8487244801868
14940021666.7,-64.16497595870501
14945020000.0,-64.30655725712083
14950018333.3,-64.79575123575688
14955016666.7,-64.25003452490796
14960015000.0,-64.85680657955444
14965013333.3,-64.7221262581412
14970011666.7,-64.28540209666677
14975010000.0,-65.08153596365254
14980008333.3,-64.55728026557429
14985006666.7,-64.93905018259872
14990005000.0,-63.38699605740062
14995003333.3,-63.72365870353522
15000001666.7,-63.903931364166155
15005000000.0,-65.27619892523403
15009998333.3,-63.82963913799685
15014996666.7,-65.29838571173818
15019995000.0,-64.32414918836932
15024993333.3,-63.52879051620542
15029991666.7,-63.21486525741096
15034990000.0,-64.43357677973167
15039988333.3,-63.527542663631294
15044986666.7,-63.67169529847801
15049985000.0,-63.95670603832434
15054983333.3,-63.334044959625935
15059981666.7,-62.826969757790174
15064980000.0,-63.49779277731433
15069978333.3,-64.65666392173046
15074976666.7,-64.32115836963823
15079975000.0,-63.82297976877632
15084973333.3,-63.608050837690385
15089971666.7,-62.847494410945906
15094970000.0,-62.28616045433223
15099968333.3,-62.548706969783716
15104966666.7,-62.438893736549915
15109965000.0,-62.20699532801392
15114963333.3,-62.309861327689276
15119961666.7,-62.92538857527562
15124960000.0,-63.03006410704289
15129958333.3,-62.78691347851965
15134956666.7,-62.74739319144102
15139955000.0,-62.58937559065198
15144953333.3,-62.63309756297013
15149951666.7,-62.52762561842009
15154950000.0,-63.90795303871385
15159948333.3,-63.438327639099185
15164946666.7,-63.11456873301228
15169945000.0,-62.54730849551343
15174943333.3,-63.06937264939239
15179941666.7,-62.679925086824696
15184940000.0,-63.05021608095841
15189938333.3,-62.77412129410418
15194936666.7,-63.19260272730147
15199935000.0,-63.07035304614689
15204933333.3,-62.73071277597794
15209931666.7,-63.038027387622634
15214930000.0,-62.730033737136694
15219928333.3,-62.24932845208961
15224926666.7,-63.71132449270149
15229925000.0,-63.691601302668985
15234923333.3,-64.16060970877541
15239921666.7,-63.25831316076629
15244920000.0,-63.26839323762411
15249918333.3,-63.612917072417865
15254916666.7,-63.51501860603827
15259915000.0,-62.95709775977887
15264913333.3,-63.368097847702714
15269911666.7,-63.06397741424504
15274910000.0,-62.823537522280255
15279908333.3,-61.874886190904846
15284906666.7,-62.48794952833907
15289905000.0,-62.27477243237614
15294903333.3,-61.70028749924806
15299901666.7,-61.87944371244246
15304900000.0,-60.936064740153725
15309898333.3,-61.69488198912619
15314896666.7,-61.46568156869521
15319895000.0,-62.64183182347868
15324893333.3,-61.946303948297086
15329891666.7,-61.55001741391574
15334890000.0,-61.68534198605602
15339888333.3,-61.67249096438796
15344886666.7,-61.40121540156906
15349885000.0,-61.517252702324
15354883333.3,-61.35287273665699
15359881666.7,-61.263024954249445
15364880000.0,-60.943349938241475
15369878333.3,-60.65519959578444
15374876666.7,-60.69873704124855
15379875000.0,-60.40400483874371
15384873333.3,-60.57889560168011
15389871666.7,-60.42941057286123
15394870000.0,-60.68334299826475
15399868333.3,-60.23743460768753
15404866666.7,-60.52115444834631
15409865000.0,-59.91187095231239
15414863333.3,-60.283881820023026
15419861666.7,-60.36553100528486
15424860000.0,-60.293109826596655
15429858333.3,-60.236060292069176
15434856666.7,-60.59781450716383
15439855000.0,-60.142424281641865
15444853333.3,-60.30067059347442
15449851666.7,-60.51448590635537
15454850000.0,-60.14864857541019
15459848333.3,-60.307036321714904
15464846666.7,-60.19387519696696
15469845000.0,-59.77417906203269
15474843333.3,-60.24972419910846
15479841666.7,-60.375455550669095
15484840000.0,-60.6190784243124
15489838333.3,-60.39455212038665
15494836666.7,-60.22993640542935
15499835000.0,-60.53219619039177
15504833333.3,-60.62302983594102
15509831666.7,-60.48251724004372
15514830000.0,-60.68574201696548
15519828333.3,-60.21749249545097
15524826666.7,-60.558418645769365
15529825000.0,-59.89282620470653
15534823333.3,-59.74422348583852
15539821666.7,-59.938667225291724
15544820000.0,-59.867488425667624
15549818333.3,-59.5273301250164
15554816666.7,-59.66814404670788
15559815000.0,-60.00319543845909
15564813333.3,-60.01311661831724
15569811666.7,-59.579862278051834
15574810000.0,-59.3515867351071
15579808333.3,-59.625892432830284
15584806666.7,-59.44896586403612
15589805000.0,-59.674228180319886
15594803333.3,-59.35220904732518
15599801666.7,-59.30822465971923
15604800000.0,-59.119098001550306
15609798333.3,-59.01819622925903
15614796666.7,-58.54567881328745
15619795000.0,-58.17607683233884
15624793333.3,-58.542381779317274
15629791666.7,-58.48456179315153
15634790000.0,-57.852520597219296
15639788333.3,-57.73519840134436
15644786666.7,-57.80633520812076
15649785000.0,-57.74074978046262
15654783333.3,-57.27667152715
15659781666.7,-58.010080730784196
15664780000.0,-57.69662276772429
15669778333.3,-57.3066439769535
15674776666.7,-57.51567299100984
15679775000.0,-57.10337825616872
15684773333.3,-57.433159431124274
15689771666.7,-56.96363279438827
15694770000.0,-56.896891919495985
15699768333.3,-56.77234978309556
15704766666.7,-56.99819563273426
15709765000.0,-56.453961580316175
15714763333.3,-56.263147970082095
15719761666.7,-56.609519683000045
15724760000.0,-56.40602658782721
15729758333.3,-56.40939396049994
15734756666.7,-56.461607037940055
15739755000.0,-57.00689683383014
15744753333.3,-56.898567812242966
15749751666.7,-57.081513783357344
15754750000.0,-57.319398330290795
15759748333.3,-58.001772089430624
15764746666.7,-57.069799859969464
15769745000.0,-57.29558160787871
15774743333.3,-57.283349525271625
15779741666.7,-57.06954416262208
15784740000.0,-56.583537515547924
15789738333.3,-56.29227743624405
15794736666.7,-56.199224321011236
15799735000.0,-56.362350728193476
15804733333.3,-56.24197584126208
15809731666.7,-55.65333179557864
15814730000.0,-55.59486580383411
15819728333.3,-55.66295128739196
15824726666.7,-55.502286794482806
15829725000.0,-55.55790225249842
15834723333.3,-55.81393039851132
15839721666.7,-55.40956807710879
15844720000.0,-55.52372998933646
15849718333.3,-55.858864474617164
15854716666.7,-55.45958409645604
15859715000.0,-55.276923196411154
15864713333.3,-54.74531567615355
15869711666.7,-54.75995271963348
15874710000.0,-54.77318538093522
15879708333.3,-54.57252836581611
15884706666.7,-54.44680584671721
15889705000.0,-54.10732681621415
15894703333.3,-54.18847205801474
15899701666.7,-53.91734753876836
15904700000.0,-54.1635366005812
15909698333.3,-54.43312191697109
15914696666.7,-54.06114490677891
15919695000.0,-54.368687010211886
15924693333.3,-54.65622035485321
15929691666.7,-54.40393867011145
15934690000.0,-54.873126465587
15939688333.3,-54.68782792388239
15944686666.7,-54.80586226212612
15949685000.0,-54.951776293128354
15954683333.3,-54.59026729638947
15959681666.7,-54.565037206883176
15964680000.0,-54.32951827303617
15969678333.3,-54.0564771879429
15974676666.7,-54.14620799826856
15979675000.0,-54.141267955493824
15984673333.3,-54.07045659424112
15989671666.7,-54.070852814358965
15994670000.0,-53.85841756559313
15999668333.3,-54.01883049720907
16004666666.7,-54.165286689473824
16009665000.0,-54.017397390898694
16014663333.3,-53.95264492976487
16019661666.7,-53.827767024036596
16024660000.0,-54.12969098557297
16029658333.3,-53.95264959343916
16034656666.7,-54.1112372727894
16039655000.0,-53.92043683228807
16044653333.3,-54.00479229176576
16049651666.7,-54.025337830371775
16054650000.0,-54.123635598239986
16059648333.3,-54.036893683943774
16064646666.7,-54.07816078791126
16069645000.0,-53.88618513878284
16074643333.3,-54.049262389716056
16079641666.7,-54.2642073315049
16084640000.0,-54.31754691551926
16089638333.3,-54.41283745434325
16094636666.7,-54.70257124686444
16099635000.0,-54.63764931019569
16104633333.3,-55.04183038274014
16109631666.7,-54.50715566471192
16114630000.0,-54.84156377019129
16119628333.3,-54.355888109518474
16124626666.7,-54.90054970436056
16129625000.0,-54.37529789825308
16134623333.3,-54.924782066814196
16139621666.7,-54.29360942161273
16144620000.0,-54.15482178405362
16149618333.3,-53.88180248267005
16154616666.7,-53.92599589926026
16159615000.0,-53.97069084654604
16164613333.3,-53.81456788387247
16169611666.7,-54.027205501176994
16174610000.0,-54.23202954197262
16179608333.3,-54.39279824941137
16184606666.7,-54.49323648878101
16189605000.0,-54.84096472066654
16194603333.3,-55.11467448610557
16199601666.7,-55.538687632765985
16204600000.0,-55.7046648714655
16209598333.3,-55.38337037489945
16214596666.7,-55.50931601773226
16219595000.0,-55.63673558172261
16224593333.3,-55.187468105539224
16229591666.7,-55.70171712216644
16234590000.0,-55.505746787052175
16239588333.3,-55.39063746559137
16244586666.7,-55.619601407083515
16249585000.0,-55.45368607838503
16254583333.3,-55.894971391068474
16259581666.7,-56.13838340784227
16264580000.0,-55.987251362631184
16269578333.3,-56.365630526047084
16274576666.7,-56.262082247587614
16279575000.0,-57.17478857436507
16284573333.3,-56.64764907320549
16289571666.7,-56.68924134978418
16294570000.0,-56.99280892093866
16299568333.3,-57.01663334166548
16304566666.7,-57.037878348648825
16309565000.0,-57.25621910384419
16314563333.3,-56.83596215522077
16319561666.7,-56.867543502951804
16324560000.0,-56.68689134909225
16329558333.3,-56.62649766805477
16334556666.7,-56.75833873443799
16339555000.0,-56.37630717983519
16344553333.3,-56.73599035997707
16349551666.7,-56.27118292036042
16354550000.0,-56.810189598390124
16359548333.3,-57.231768282034785
16364546666.7,-57.33223307493476
16369545000.0,-56.874073332529804
16374543333.3,-57.18685497793602
16379541666.7,-57.03507934233787
16384540000.0,-57.377258918703234
16389538333.3,-57.27795069236495
16394536666.7,-57.90868856485055
16399535000.0,-57.4442688972067
16404533333.3,-57.299994858676044
16409531666.7,-57.45139685969416
16414530000.0,-57.68758661780754
16419528333.3,-58.04646454796834
16424526666.7,-57.64725299484313
16429525000.0,-57.914014816943194
16434523333.3,-57.536472389520334
16439521666.7,-58.0954183508672
16444520000.0,-57.634846633079164
16449518333.3,-58.045561700510504
16454516666.7,-58.008508534906326
16459515000.0,-58.13195966038796
16464513333.3,-57.77483701820813
16469511666.7,-58.19614047740019
16474510000.0,-58.09573446449734
16479508333.3,-58.51097038680915
16484506666.7,-58.14479415739178
16489505000.0,-58.42873627927564
16494503333.3,-58.22315386323663
16499501666.7,-58.84732925026529
16504500000.0,-58.62364397132865
16509498333.3,-58.5793341314782
16514496666.7,-58.60923350629819
16519495000.0,-58.655292626732674
16524493333.3,-58.69299779059329
16529491666.7,-59.2925421956819
16534490000.0,-59.5622574157586
16539488333.3,-59.46309852752188
16544486666.7,-59.465422310197134
16549485000.0,-59.83333277644586
16554483333.3,-59.971965807386425
16559481666.7,-59.88383215287084
16564480000.0,-59.71881593464525
16569478333.3,-60.09303697204417
16574476666.7,-59.74837077268938
16579475000.0,-60.350364802507286
16584473333.3,-59.77751721515952
16589471666.7,-59.7871610323356
16594470000.0,-59.975978945734106
16599468333.3,-59.77550334376046
16604466666.7,-60.41801498290031
16609465000.0,-59.69136823494023
16614463333.3,-60.26991427131981
16619461666.7,-60.13488611239598
16624460000.0,-60.214011596215244
16629458333.3,-59.750532337652906
16634456666.7,-60.535801605697756
16639455000.0,-60.20839124730696
16644453333.3,-59.935500402784015
16649451666.7,-60.118618718102965
16654450000.0,-60.21793284937759
16659448333.3,-60.348958853835555
16664446666.7,-60.0873918480658
16669445000.0,-60.195560499916276
16674443333.3,-60.395468279507284
16679441666.7,-60.246503472172165
16684440000.0,-59.903591595869855
16689438333.3,-60.338641270321034
16694436666.7,-59.91536010512705
16699435000.0,-60.41554074393589
16704433333.3,-61.092377076137566
16709431666.7,-60.94217398937288
16714430000.0,-60.33849995744654
16719428333.3,-60.78976679393121
16724426666.7,-61.10350408655087
16729425000.0,-60.81167004745208
16734423333.3,-60.40238145270811
16739421666.7,-60.694554104708835
16744420000.0,-60.5841588880319
16749418333.3,-61.0345219264378
16754416666.7,-60.69782736023476
16759415000.0,-60.78544877416324
16764413333.3,-60.40393076386971
16769411666.7,-61.08135330859036
16774410000.0,-61.32586893651219
16779408333.3,-60.57490846384468
16784406666.7,-60.715589487089545
16789405000.0,-61.024976988100775
16794403333.3,-61.17213554947982
16799401666.7,-61.196824265442906
16804400000.0,-61.15501875666763
16809398333.3,-60.6552431759603
16814396666.7,-60.65618504018882
16819395000.0,-61.086413023816405
16824393333.3,-61.18597597485586
16829391666.7,-60.86014660137952
16834390000.0,-61.56556995098026
16839388333.3,-61.605836239968674
16844386666.7,-62.84302181951276
16849385000.0,-61.316988352385884
16854383333.3,-62.23265708096712
16859381666.7,-61.58057434175612
16864380000.0,-61.8717767335768
16869378333.3,-62.403638164779764
16874376666.7,-62.88111142663776
16879375000.0,-62.97080530248631
16884373333.3,-62.97700251313843
16889371666.7,-62.74450268443865
16894370000.0,-62.57161155011032
16899368333.3,-62.193442751510176
16904366666.7,-62.97138615326147
16909365000.0,-62.05632468652672
16914363333.3,-62.118306344804466
16919361666.7,-62.60569297659373
16924360000.0,-61.797648249697545
16929358333.3,-62.634115884694275
16934356666.7,-62.99118972984735
16939355000.0,-62.41230354865444
16944353333.3,-62.557187345752766
16949351666.7,-61.635877265464885
16954350000.0,-62.33500702988556
16959348333.3,-61.722439833114784
16964346666.7,-62.100787756544314
16969345000.0,-61.78379742612375
16974343333.3,-62.002371243777226
16979341666.7,-62.281660567526416
16984340000.0,-62.33357727664044
16989338333.3,-62.486990154448954
16994336666.7,-61.91423757933172
16999335000.0,-61.440743650875085
17004333333.3,-61.49238018155067
17009331666.7,-61.70928725540713
17014330000.0,-61.749617963893996
17019328333.3,-61.658380410219415
17024326666.7,-61.564327121349656
17029325000.0,-61.784277909519076
17034323333.3,-61.9809913804968
17039321666.7,-62.64651370174669
17044320000.0,-61.96775980464756
17049318333.3,-62.858512480929974
17054316666.7,-62.345749345933406
17059315000.0,-63.47860569050507
17064313333.3,-62.80470214670632
17069311666.7,-62.35089014473179
17074310000.0,-62.32002413643491
17079308333.3,-62.16813524045538
17084306666.7,-62.16590780812958
17089305000.0,-63.16749561141651
17094303333.3,-63.16116271835586
17099301666.7,-62.76735538571019
17104300000.0,-63.0753155322553
17109298333.3,-63.1054741554837
17114296666.7,-62.43262958150459
17119295000.0,-62.599011831877824
17124293333.3,-62.66088844937886
17129291666.7,-62.10277854412573
17134290000.0,-63.64414960993861
17139288333.3,-63.578254355831234
17144286666.7,-64.50273001617731
17149285000.0,-65.1552615253145
17154283333.3,-64.19829674660153
17159281666.7,-63.368299438320875
17164280000.0,-64.39306002130964
17169278333.3,-64.75139042955024
17174276666.7,-64.3829674994067
17179275000.0,-64.3236689760949
17184273333.3,-63.904187718110414
17189271666.7,-64.20134674220796
17194270000.0,-64.06859222136673
17199268333.3,-63.72723873850355
17204266666.7,-64.09878301198015
17209265000.0,-63.105641272886864
17214263333.3,-64.33270639447313
17219261666.7,-64.29282223929626
17224260000.0,-64.75043885475303
17229258333.3,-63.77435352369028
17234256666.7,-63.870176427746145
17239255000.0,-64.1251383389972
17244253333.3,-64.03344699991892
17249251666.7,-65.08316098593234
17254250000.0,-63.91562312502892
17259248333.3,-64.06602772422617
17264246666.7,-64.46685298329275
17269245000.0,-64.15516700620495
17274243333.3,-63.35980474648005
17279241666.7,-64.77488159210341
17284240000.0,-64.29654984554794
17289238333.3,-63.05801023078344
17294236666.7,-64.36114165895493
17299235000.0,-64.23013738860992
17304233333.3,-64.1024908236819
17309231666.7,-63.51735765880327
17314230000.0,-64.21785736868337
17319228333.3,-63.3049841731841
17324226666.7,-64.0435722625227
17329225000.0,-63.45949718309035
17334223333.3,-62.876307749724816
17339221666.7,-63.935044529961715
17344220000.0,-64.7591344592176
17349218333.3,-64.46064047440983
17354216666.7,-63.50174116371199
17359215000.0,-63.94490009764937
17364213333.3,-63.725006341053785
17369211666.7,-64.70576986205613
17374210000.0,-65.56880603411783
17379208333.3,-65.37428595536431
17384206666.7,-64.4417252088079
17389205000.0,-64.87151717997614
17394203333.3,-65.02396142633954
17399201666.7,-64.77176029920723
17404200000.0,-65.15370581645314
17409198333.3,-64.86113701643187
17414196666.7,-65.41402293533073
17419195000.0,-65.13504733142726
17424193333.3,-65.43501562283957
17429191666.7,-64.55258801395684
17434190000.0,-64.77019959661176
17439188333.3,-65.95275674211503
17444186666.7,-66.0442324074064
17449185000.0,-65.83366631433394
17454183333.3,-65.60951830426005
17459181666.7,-66.28057360648639
17464180000.0,-64.52751667478876
17469178333.3,-65.13296794719892
17474176666.7,-66.00793932816352
17479175000.0,-64.8175907550112
17484173333.3,-65.52574110649499
17489171666.7,-65.17630739562743
17494170000.0,-63.775293047335296
17499168333.3,-65.87981732819513
17504166666.7,-65.50727434867096
17509165000.0,-65.52475968806364
17514163333.3,-64.64437429713713
17519161666.7,-65.77211150296934
17524160000.0,-65.16182746044956
17529158333.3,-64.78922355645315
17534156666.7,-65.17759597079214
17539155000.0,-64.82122097217221
17544153333.3,-65.61523231382996
17549151666.7,-64.2674696793799
17554150000.0,-65.12714843075543
17559148333.3,-66.28430124455318
17564146666.7,-66.0052599016186
17569145000.0,-64.95116045627731
17574143333.3,-66.57941879045389
17579141666.7,-65.67865898135211
17584140000.0,-65.95055473756796
17589138333.3,-66.34829111004447
17594136666.7,-64.77348270258412
17599135000.0,-65.9950718066606
17604133333.3,-65.37675944599502
17609131666.7,-67.84496669071578
17614130000.0,-66.42627339772956
17619128333.3,-65.84621641287713
17624126666.7,-65.33171476196222
17629125000.0,-65.7909590335463
17634123333.3,-65.48615911905964
17639121666.7,-66.11506536744751
17644120000.0,-66.79601437980303
17649118333.3,-66.41786472691577
17654116666.7,-65.71444885286942
17659115000.0,-65.71345983704153
17664113333.3,-65.62009889337227
17669111666.7,-65.16945393698934
17674110000.0,-65.26094603045739
17679108333.3,-66.35046075334986
17684106666.7,-65.58047563211065
17689105000.0,-65.26362332865477
17694103333.3,-66.68384849960029
17699101666.7,-66.63416841114936
17704100000.0,-66.30489920404347
17709098333.3,-65.42531109588266
17714096666.7,-65.2389410968231
17719095000.0,-65.14175594097762
17724093333.3,-66.23864419496913
17729091666.7,-65.26456093192056
17734090000.0,-65.99823115524111
17739088333.3,-65.93119789349711
17744086666.7,-66.73424243840199
17749085000.0,-67.24729004502025
17754083333.3,-65.51958885453391
17759081666.7,-66.65221626948075
17764080000.0,-65.78498931559312
17769078333.3,-66.02038031664708
17774076666.7,-65.73835175086852
17779075000.0,-65.42159038062057
17784073333.3,-65.00126655896094
17789071666.7,-65.53073375216091
17794070000.0,-65.30607313923764
17799068333.3,-65.7350116277361
17804066666.7,-66.42274008193314
17809065000.0,-64.78059101463485
17814063333.3,-65.60918225580771
17819061666.7,-66.58407582828482
17824060000.0,-65.17541460978666
17829058333.3,-65.04858924949015
17834056666.7,-66.31962232484167
17839055000.0,-66.73296894204542
17844053333.3,-65.1871896283449
17849051666.7,-66.07482134905226
17854050000.0,-66.04489059479313
17859048333.3,-66.62218611095801
17864046666.7,-66.895439683193
17869045000.0,-66.46694828815126
17874043333.3,-66.90737769560344
17879041666.7,-66.4746215648585
17884040000.0,-66.7660256800146
17889038333.3,-67.24819184909994
17894036666.7,-65.54707588107792
17899035000.0,-66.58600627823566
17904033333.3,-67.09744041770675
17909031666.7,-67.28588296900197
17914030000.0,-67.11750642898511
17919028333.3,-66.47234720908737
17924026666.7,-66.5720739393119
17929025000.0,-66.89237835241633
17934023333.3,-67.18470476039047
17939021666.7,-66.34205696274277
17944020000.0,-68.80679560489119
17949018333.3,-67.66215786105225
17954016666.7,-67.89553343642541
17959015000.0,-68.24122047272
17964013333.3,-67.18572044424602
17969011666.7,-66.826624207919
17974010000.0,-66.67721617361624
17979008333.3,-66.53149153626904
17984006666.7,-66.54911764505819
17989005000.0,-66.56411805713986
17994003333.3,-65.50381852903777
17999001666.7,-66.56447590079135
18004000000.0,-66.3987252251202
18008998333.3,-65.1175018075127
18013996666.7,-66.54338654498817
18018995000.0,-65.68259083036901
18023993333.3,-66.95864805817924
18028991666.7,-67.05010332136838
18033990000.0,-65.55254281062923
18038988333.3,-66.49122942773346
18043986666.7,-66.3469018349229
18048985000.0,-66.67602544259238
18053983333.3,-67.3272859973494
18058981666.7,-67.60419860458983
18063980000.0,-66.9308933808711
18068978333.3,-66.52415578827784
18073976666.7,-68.18144262931239
18078975000.0,-66.3349281920727
18083973333.3,-67.57311436958338
18088971666.7,-68.30162975294263
18093970000.0,-67.38178355488233
18098968333.3,-66.91233651908178
18103966666.7,-66.57063303947173
18108965000.0,-68.21444599665931
18113963333.3,-66.84048494588153
18118961666.7,-68.40348419069073
18123960000.0,-66.83810582333822
18128958333.3,-68.26719892943734
18133956666.7,-67.84774172077205
18138955000.0,-67.24475625770175
18143953333.3,-68.07401891063492
18148951666.7,-67.38945754923124
18153950000.0,-68.19540573275785
18158948333.3,-68.37659055286063
18163946666.7,-68.8530140969139
18168945000.0,-67.40058182631701
18173943333.3,-67.72363000201946
18178941666.7,-67.65209971060928
18183940000.0,-68.44818126028349
18188938333.3,-67.0403189044399
18193936666.7,-66.9815595889173
18198935000.0,-68.57163855083418
18203933333.3,-67.76136423896722
18208931666.7,-68.20583346269119
18213930000.0,-67.59240357880495
18218928333.3,-69.41051261457093
18223926666.7,-68.00322274362415
18228925000.0,-67.7606304651358
18233923333.3,-69.4885436502703
18238921666.7,-68.36200466475964
18243920000.0,-68.06415590640182
18248918333.3,-68.59902100504142
18253916666.7,-68.77112493520349
18258915000.0,-66.84628027214211
18263913333.3,-68.43153176579186
18268911666.7,-67.53758817447454
18273910000.0,-68.43050576887153
18278908333.3,-68.6794241797781
18283906666.7,-67.94164999251775
18288905000.0,-68.60990547999299
18293903333.3,-69.08969947568694
18298901666.7,-68.60246664573329
18303900000.0,-68.0795314723448
18308898333.3,-67.88530861273071
18313896666.7,-68.74846485149935
18318895000.0,-67.84482679662558
18323893333.3,-67.42377302999003
18328891666.7,-67.94277996452203
18333890000.0,-67.84543269458905
18338888333.3,-67.4224345953616
18343886666.7,-68.96054626618363
18348885000.0,-67.93605906972932
18353883333.3,-68.97772104594179
18358881666.7,-69.00088708129967
18363880000.0,-67.49634063552162
18368878333.3,-68.88650100571849
18373876666.7,-68.2903125342068
18378875000.0,-69.30284396078756
18383873333.3,-68.32818019070312
18388871666.7,-67.75613628140844
18393870000.0,-70.08373792687969
18398868333.3,-68.5815564068015
18403866666.7,-68.89031378028895
18408865000.0,-69.59000177250053
18413863333.3,-67.33757964141381
18418861666.7,-68.29073421836908
18423860000.0,-67.62346141586579
18428858333.3,-67.82737099549726
18433856666.7,-67.6354511018968
18438855000.0,-66.92246736874142
18443853333.3,-67.35017801342865
18448851666.7,-67.37122062838971
18453850000.0,-68.55052789938736
18458848333.3,-68.2390655111536
18463846666.7,-68.23935846802888
18468845000.0,-67.28286181843804
18473843333.3,-66.77313704800778
18478841666.7,-67.47136202995983
18483840000.0,-68.59141870439038
18488838333.3,-70.70562957645058
18493836666.7,-68.06215484986325
18498835000.0,-69.22780579731149
18503833333.3,-68.21698138811468
18508831666.7,-69.43123805887463
18513830000.0,-67.88694729361627
18518828333.3,-68.56320493724166
18523826666.7,-68.97329896629952
18528825000.0,-68.45411573908093
18533823333.3,-68.80696001573531
18538821666.7,-69.61315120840966
18543820000.0,-67.90056097870772
18548818333.3,-69.26507119013576
18553816666.7,-68.63068883895936
18558815000.0,-69.32891311278092
18563813333.3,-69.95296851758297
18568811666.7,-69.36504113220082
18573810000.0,-69.8218669794906
18578808333.3,-68.67246671763684
18583806666.7,-69.20386501092719
18588805000.0,-68.12864880078378
18593803333.3,-68.42550945999984
18598801666.7,-68.57181361704716
18603800000.0,-68.76366564422754
18608798333.3,-68.84036946261239
18613796666.7,-68.42163618507254
18618795000.0,-69.49774606221416
18623793333.3,-70.03873963695948
18628791666.7,-70.34609128273853
18633790000.0,-68.77222192966416
18638788333.3,-68.50911313111611
18643786666.7,-68.82406927350532
18648785000.0,-69.76747196661412
18653783333.3,-69.50451639524454
18658781666.7,-69.72958788234588
18663780000.0,-68.25160957572217
18668778333.3,-69.6186245553536
18673776666.7,-68.97803250749024
18678775000.0,-68.25984755133946
18683773333.3,-69.53759897382147
18688771666.7,-70.83041787249303
18693770000.0,-69.03137850036131
18698768333.3,-69.34458289781668
18703766666.7,-69.27486713976683
18708765000.0,-68.32413965018522
18713763333.3,-69.51581703362444
18718761666.7,-68.14864171570835
18723760000.0,-69.2950566020774
18728758333.3,-68.04662023688265
18733756666.7,-69.08288563157035
18738755000.0,-69.24992806327532
18743753333.3,-68.45204680096663
18748751666.7,-67.74990354356385
18753750000.0,-67.39500609881165
18758748333.3,-69.53316131853319
18763746666.7,-68.02396972397187
18768745000.0,-67.92591276905847
18773743333.3,-68.8380120840933
18778741666.7,-68.7282351890043
18783740000.0,-68.61234661530277
18788738333.3,-69.15993456291348
18793736666.7,-69.56466435599297
18798735000.0,-68.75979861922357
18803733333.3,-69.33147745304177
18808731666.7,-67.44098702603407
18813730000.0,-68.80780240787333
18818728333.3,-68.81990162559781
18823726666.7,-68.9193143274711
18828725000.0,-68.40652799719992
18833723333.3,-70.53078208641375
18838721666.7,-70.523175985531
18843720000.0,-68.95584433381062
18848718333.3,-69.9204672507515
18853716666.7,-69.6033610508686
18858715000.0,-70.12962552123771
18863713333.3,-70.26119927193754
18868711666.7,-69.83623250549898
18873710000.0,-70.44836127304526
18878708333.3,-70.73009805738326
18883706666.7,-68.92490873522985
18888705000.0,-69.39534605828395
18893703333.3,-68.60710723283862
18898701666.7,-69.94618852935876
18903700000.0,-68.82291418569815
18908698333.3,-68.09113201785894
18913696666.7,-70.3749510613101
18918695000.0,-68.90860466566122
18923693333.3,-70.39653363260213
18928691666.7,-69.12671885007595
18933690000.0,-68.89735791086953
18938688333.3,-70.6908001593232
18943686666.7,-68.38517124514956
18948685000.0,-69.24663924309515
18953683333.3,-68.7106341635943
18958681666.7,-68.43776291018497
18963680000.0,-69.0530170835014
18968678333.3,-69.46665110843169
18973676666.7,-70.24190835043824
18978675000.0,-68.31194987421216
18983673333.3,-71.27094035765772
18988671666.7,-69.25584992891106
18993670000.0,-70.4728225097769
18998668333.3,-70.42124948538597
19003666666.7,-69.56709383772942
19008665000.0,-69.22760427998561
19013663333.3,-72.34028423477747
19018661666.7,-68.60047401083614
19023660000.0,-70.31806412740477
19028658333.3,-69.92075255615192
19033656666.7,-71.44992039237295
19038655000.0,-68.8012962105856
19043653333.3,-70.69653870328455
19048651666.7,-68.6079644226068
19053650000.0,-70.02144261154692
19058648333.3,-69.01863640926753
19063646666.7,-71.96495333166907
19068645000.0,-69.34240067323076
19073643333.3,-68.90812162051988
19078641666.7,-68.78127000384879
19083640000.0,-71.0961585960853
19088638333.3,-70.58527846071223
19093636666.7,-70.08997085271042
19098635000.0,-70.89664089751221
19103633333.3,-68.93642473827946
19108631666.7,-68.45334065361102
19113630000.0,-70.43066036609943
19118628333.3,-69.19771241017766
19123626666.7,-68.70634048392363
19128625000.0,-67.50656848505022
19133623333.3,-68.54208273296832
19138621666.7,-68.80185821301811
19143620000.0,-70.91916033033799
19148618333.3,-69.43202131059005
19153616666.7,-70.98593578125617
19158615000.0,-69.76107346067215
19163613333.3,-69.486385164598
19168611666.7,-68.8500931622385
19173610000.0,-69.77704493619163
19178608333.3,-68.75805524425262
19183606666.7,-70.40717258771937
19188605000.0,-71.23133705877036
19193603333.3,-68.63130314532495
19198601666.7,-69.64211650538981
19203600000.0,-69.31568724926662
19208598333.3,-69.45088935855884
19213596666.7,-69.04723149953868
19218595000.0,-68.60618089289099
19223593333.3,-68.42347498076126
19228591666.7,-69.12334363312387
19233590000.0,-69.37053901664078
19238588333.3,-68.67301180555151
19243586666.7,-72.15238897212636
19248585000.0,-70.14720730466776
19253583333.3,-71.47314702656483
19258581666.7,-70.14084591443267
19263580000.0,-70.51861365066813
19268578333.3,-69.88421319357107
19273576666.7,-69.44156227886688
19278575000.0,-69.00376280409714
19283573333.3,-71.34190555143279
19288571666.7,-69.60992056525154
19293570000.0,-70.76255343543251
19298568333.3,-69.58216171467052
19303566666.7,-71.69206804513895
19308565000.0,-69.77437962823194
19313563333.3,-69.65183919795275
19318561666.7,-69.08521762555843
19323560000.0,-70.87461997932931
19328558333.3,-70.16477628314877
19333556666.7,-69.01108381513384
19338555000.0,-73.32934692163754
19343553333.3,-70.28845039295265
19348551666.7,-70.42238138705736
19353550000.0,-69.14595662370306
19358548333.3,-71.3404049445312
19363546666.7,-69.32011884822683
19368545000.0,-69.2669587312275
19373543333.3,-70.73504484092763
19378541666.7,-69.31844425034208
19383540000.0,-71.5016419683126
19388538333.3,-69.57449408718244
19393536666.7,-69.20465981227936
19398535000.0,-71.37668926999014
19403533333.3,-69.11453945732734
19408531666.7,-69.84214485801053
19413530000.0,-71.25182388451105
19418528333.3,-66.62777265706883
19423526666.7,-70.04405891421929
19428525000.0,-69.1793061463876
19433523333.3,-69.20231830457338
19438521666.7,-70.68051747296306
19443520000.0,-70.21248599181872
19448518333.3,-67.416024199644
19453516666.7,-67.40552530074196
19458515000.0,-69.8684394462747
19463513333.3,-70.60638575365981
19468511666.7,-67.42200475532046
19473510000.0,-67.88038282040426
19478508333.3,-66.88580754577436
19483506666.7,-67.83740876903204
19488505000.0,-67.27002007201266
19493503333.3,-67.63344927920582
19498501666.7,-68.11147197313176
19503500000.0,-68.581315925506
19508498333.3,-69.46461598640131
19513496666.7,-68.93401592774784
19518495000.0,-69.2914608829292
19523493333.3,-70.84956947500882
19528491666.7,-69.97938319887987
19533490000.0,-70.30215679907472
19538488333.3,-71.03952387523924
19543486666.7,-67.72439064263979
19548485000.0,-70.75588373858774
19553483333.3,-68.33100629018978
19558481666.7,-70.67725403828604
19563480000.0,-68.75798759494347
19568478333.3,-68.53291951072285
19573476666.7,-68.84318920195938
19578475000.0,-71.6476637551616
19583473333.3,-68.26776259150205
19588471666.7,-69.73611156190825
19593470000.0,-68.65717956481278
19598468333.3,-69.86860285988982
19603466666.7,-69.66955567435906
19608465000.0,-68.85118656464135
19613463333.3,-71.14060603591031
19618461666.7,-74.02027413925504
19623460000.0,-70.8463503345159
19628458333.3,-69.57444829172574
19633456666.7,-68.24673293254237
19638455000.0,-69.30940371107395
19643453333.3,-70.16646121244781
19648451666.7,-68.89259682834971
19653450000.0,-68.59574715123433
19658448333.3,-70.06724710234715
19663446666.7,-69.80099922637662
19668445000.0,-69.94144053416109
19673443333.3,-69.86231709331801
19678441666.7,-70.96151708606294
19683440000.0,-69.54950669806288
19688438333.3,-69.8129806577729
19693436666.7,-68.70758280987842
19698435000.0,-72.18697023640787
19703433333.3,-71.06050581903135
19708431666.7,-69.51966634772414
19713430000.0,-69.41964167977955
19718428333.3,-70.73936249959756
19723426666.7,-70.77621034094882
19728425000.0,-73.10848808523782
19733423333.3,-73.38038393745312
19738421666.7,-68.88423994737603
19743420000.0,-70.6861384756959
19748418333.3,-71.00429172980883
19753416666.7,-69.60330221477734
19758415000.0,-72.52209771997056
19763413333.3,-69.05652718249942
19768411666.7,-69.30693164980917
19773410000.0,-71.29198666332276
19778408333.3,-72.13427661841592
19783406666.7,-68.68290527995259
19788405000.0,-72.42414028549626
19793403333.3,-71.44757238743287
19798401666.7,-68.51303261173727
19803400000.0,-70.74810655389018
19808398333.3,-68.22915579635372
19813396666.7,-70.91441138751308
19818395000.0,-70.25634352565332
19823393333.3,-70.14120388319951
19828391666.7,-69.9593639021499
19833390000.0,-72.49011332215503
19838388333.3,-70.6987801551922
19843386666.7,-73.48204730532332
19848385000.0,-71.68947761451157
19853383333.3,-71.71881984573983
19858381666.7,-71.53897288375121
19863380000.0,-72.73391279166188
19868378333.3,-71.1723635218705
19873376666.7,-71.92597483311962
19878375000.0,-71.35302925991732
19883373333.3,-70.41388541873484
19888371666.7,-71.22635217159046
19893370000.0,-70.74986382818749
19898368333.3,-71.49650028189238
19903366666.7,-70.26605898885899
19908365000.0,-72.5587873203799
19913363333.3,-71.1075128493653
19918361666.7,-71.90678953155343
19923360000.0,-69.05843799961158
19928358333.3,-70.79511834466588
19933356666.7,-72.05511677282229
19938355000.0,-71.496439518334
19943353333.3,-71.71847976642282
19948351666.7,-69.75598429455724
19953350000.0,-73.78967912934682
19958348333.3,-70.11895203771624
19963346666.7,-71.27857383408268
19968345000.0,-70.8015673139833
19973343333.3,-70.37355694736432
19978341666.7,-70.63105859578046
19983340000.0,-73.41939010042468
19988338333.3,-71.46976994314143
19993336666.7,-71.1605137246956
19998335000.0,-70.24779999343525
20003333333.3,-71.6790392251288
20008331666.7,-71.95531320616294
20013330000.0,-74.98673556640165
20018328333.3,-71.37602220895329
20023326666.7,-71.80834086982719
20028325000.0,-71.20078459738754
20033323333.3,-70.0144465911689
20038321666.7,-71.88499522912282
20043320000.0,-71.49316136040893
20048318333.3,-71.86309375744513
20053316666.7,-74.32496892453132
20058315000.0,-72.23812510141228
20063313333.3,-71.05528671590763
20068311666.7,-69.9989417254636
20073310000.0,-71.36816045607904
20078308333.3,-68.85598513861636
20083306666.7,-70.53895995912579
20088305000.0,-72.85388086327545
20093303333.3,-70.77504257987567
20098301666.7,-71.21729479815441
20103300000.0,-73.57061378843598
20108298333.3,-68.94756799731687
20113296666.7,-72.93092076645644
20118295000.0,-69.55083807994994
20123293333.3,-69.48619404348602
20128291666.7,-71.12418372464165
20133290000.0,-71.34697690413743
20138288333.3,-73.62018699935032
20143286666.7,-72.78542901475996
20148285000.0,-71.57124674048832
20153283333.3,-73.75665082115762
20158281666.7,-71.47885157335676
20163280000.0,-69.84601587668824
20168278333.3,-70.76975676190534
20173276666.7,-73.70797620022132
20178275000.0,-71.25381433460457
20183273333.3,-73.86650055167692
20188271666.7,-73.13065571728211
20193270000.0,-71.27580490018104
20198268333.3,-72.50903842869795
20203266666.7,-73.52156389627925
20208265000.0,-70.90252301138088
20213263333.3,-72.18986316521634
20218261666.7,-74.02502042583318
20223260000.0,-70.50730560615398
20228258333.3,-73.95481990493282
20233256666.7,-73.00280245622886
20238255000.0,-72.96587316798409
20243253333.3,-71.96356473763787
20248251666.7,-70.82600745999022
20253250000.0,-70.97378465276915
20258248333.3,-74.65110000881712
20263246666.7,-73.24088801832188
20268245000.0,-69.75084538369408
20273243333.3,-72.46432575015736
20278241666.7,-71.78010106033524
20283240000.0,-70.52166919326737
20288238333.3,-72.17208300174757
20293236666.7,-70.9072729931039
20298235000.0,-72.73612094666069
20303233333.3,-72.95751604729924
20308231666.7,-71.89512368943791
20313230000.0,-71.24896364122519
20318228333.3,-73.83478079252504
20323226666.7,-70.89836321197909
20328225000.0,-72.80627111806464
20333223333.3,-72.07225451459144
20338221666.7,-70.70852836850956
20343220000.0,-71.8418530585852
20348218333.3,-73.68895462985927
20353216666.7,-71.80385382969163
20358215000.0,-77.54974805391696
20363213333.3,-72.03270726176173
20368211666.7,-70.89340583969948
20373210000.0,-73.1748330261079
20378208333.3,-73.3605542877703
20383206666.7,-70.40047616967576
20388205000.0,-71.12030616911186
20393203333.3,-71.45455523112469
20398201666.7,-73.00354790013583
20403200000.0,-72.83100011954359
20408198333.3,-72.14615081780605
20413196666.7,-70.71162750163823
20418195000.0,-72.05378268778612
20423193333.3,-71.70832977017656
20428191666.7,-71.06145874326587
20433190000.0,-71.95130638635564
20438188333.3,-71.74093959158468
20443186666.7,-69.91087147312639
20448185000.0,-73.21816638823212
20453183333.3,-73.57504016193869
20458181666.7,-72.6684093018321
20463180000.0,-72.28456253435036
20468178333.3,-72.34704248080243
20473176666.7,-73.9367431759861
20478175000.0,-74.08032015874787
20483173333.3,-70.91644496227306
20488171666.7,-74.66331728972905
20493170000.0,-73.58051275690813
20498168333.3,-76.13365345501934
20503166666.7,-71.34930631513306
20508165000.0,-73.30061771113395
20513163333.3,-70.92190345931652
20518161666.7,-72.1317679220072
20523160000.0,-71.17186718319111
20528158333.3,-72.50904333952447
20533156666.7,-72.62374445634771
20538155000.0,-70.58192213112854
20543153333.3,-71.266706616807
20548151666.7,-71.59211393489568
20553150000.0,-71.77845461722698
20558148333.3,-71.50111409490006
20563146666.7,-72.34677215501661
20568145000.0,-71.97856291216135
20573143333.3,-74.59571494108965
20578141666.7,-72.81946834235814
20583140000.0,-71.09235369735211
20588138333.3,-71.85719609083091
20593136666.7,-72.23061760050217
20598135000.0,-75.22040056479646
20603133333.3,-74.77941187755653
20608131666.7,-71.67059205960277
20613130000.0,-75.12281210000413
20618128333.3,-69.45092707355008
20623126666.7,-73.21390271084945
20628125000.0,-70.99202993819817
20633123333.3,-73.61371676226963
20638121666.7,-71.71772427324724
20643120000.0,-72.74266924404044
20648118333.3,-73.49520905341359
20653116666.7,-74.51503293700267
20658115000.0,-75.85547559851486
20663113333.3,-71.55826873970234
20668111666.7,-74.2297178582905
20673110000.0,-72.86028198316663
20678108333.3,-72.79439959014607
20683106666.7,-72.19802966363437
20688105000.0,-75.49621397429489
20693103333.3,-72.96027058728319
20698101666.7,-72.30818214827464
20703100000.0,-74.23712184004143
20708098333.3,-72.84370101158433
20713096666.7,-73.56996114353731
20718095000.0,-74.45427888901344
20723093333.3,-73.60751035203157
20728091666.7,-74.62578703021835
20733090000.0,-73.28217956605644
20738088333.3,-75.58801555802314
20743086666.7,-71.5097945026853
20748085000.0,-71.38269299016265
20753083333.3,-75.47323465336184
20758081666.7,-72.96540306399986
20763080000.0,-76.1266994862031
20768078333.3,-72.80833519193548
20773076666.7,-71.80295184775235
20778075000.0,-73.94169380211525
20783073333.3,-74.08414728896246
20788071666.7,-72.84435856526011
20793070000.0,-71.12400364810875
20798068333.3,-71.07611348870081
20803066666.7,-71.20197706659228
20808065000.0,-73.39222754114671
20813063333.3,-70.54974974115925
20818061666.7,-74.13352172236793
20823060000.0,-75.58750850461784
20828058333.3,-74.61712650060755
20833056666.7,-73.76919880583948
20838055000.0,-74.13811600088957
20843053333.3,-76.7092604683093
20848051666.7,-71.69418392166209
20853050000.0,-75.11875650021365
20858048333.3,-74.41269243335347
20863046666.7,-71.48082707667542
20868045000.0,-71.6519630446101
20873043333.3,-75.99634749169282
20878041666.7,-71.87337955228456
20883040000.0,-73.50592637136712
20888038333.3,-72.00775981941382
20893036666.7,-72.5436854447054
20898035000.0,-74.14600576013876
20903033333.3,-73.21020613853389
20908031666.7,-76.59671632413153
20913030000.0,-73.50519979678367
20918028333.3,-75.18925871542208
20923026666.7,-73.4823450205703
20928025000.0,-73.97915400229873
20933023333.3,-73.20919515332164
20938021666.7,-76.87581701582326
20943020000.0,-74.8977322456557
20948018333.3,-74.44596696026233
20953016666.7,-74.62008218198675
20958015000.0,-73.79799802897422
20963013333.3,-75.09145684191174
20968011666.7,-72.56170248541008
20973010000.0,-74.96370094099258
20978008333.3,-75.56761171097247
20983006666.7,-73.17588079281262
20988005000.0,-75.25965974837897
20993003333.3,-75.68762589389502
20998001666.7,-75.0128836925297
21003000000.0,-73.99437063434034
21007998333.3,-74.60622040650777
21012996666.7,-74.2410441410941
21017995000.0,-74.38645674173644
21022993333.3,-73.4115759400262
21027991666.7,-74.47032095266088
21032990000.0,-73.06027384646187
21037988333.3,-74.47982311116138
21042986666.7,-72.4539394778092
21047985000.0,-71.41752582272484
21052983333.3,-74.22901453942514
21057981666.7,-71.79105389800921
21062980000.0,-71.56558776064657
21067978333.3,-72.8735930061624
21072976666.7,-73.9866724217667
21077975000.0,-74.17591014225754
21082973333.3,-74.72561228991763
21087971666.7,-73.56973447664392
21092970000.0,-73.37041357535196
21097968333.3,-73.70701232970896
21102966666.7,-73.49481911656439
21107965000.0,-72.83448308271369
21112963333.3,-74.13547931247652
21117961666.7,-72.37150241370381
21122960000.0,-74.57944833232887
21127958333.3,-75.28338518113605
21132956666.7,-71.76945945897151
21137955000.0,-73.69843928369863
21142953333.3,-74.36212047758248
21147951666.7,-71.64885310691909
21152950000.0,-74.08955500392341
21157948333.3,-72.35602586009387
21162946666.7,-76.1291739258878
21167945000.0,-73.06084799210626
21172943333.3,-76.65849464342416
21177941666.7,-73.82603217291994
21182940000.0,-74.71863196878284
21187938333.3,-73.75253751272597
21192936666.7,-75.47853531534113
21197935000.0,-73.3387347355468
21202933333.3,-73.21015056028804
21207931666.7,-73.86948675802088
21212930000.0,-73.96014130513001
21217928333.3,-74.12709330154729
21222926666.7,-75.34381909217002
21227925000.0,-72.52746906674756
21232923333.3,-74.1336909288115
21237921666.7,-74.47588548152987
21242920000.0,-73.55289238177855
21247918333.3,-73.1087191645331
21252916666.7,-77.92065252457354
21257915000.0,-74.0783532711802
21262913333.3,-75.91237190534804
21267911666.7,-73.22524033698558
21272910000.0,-74.86847307672961
21277908333.3,-73.32966796568422
21282906666.7,-73.45971265127248
21287905000.0,-76.3217351176386
21292903333.3,-75.52633985742044
21297901666.7,-74.97008499705247
21302900000.0,-73.85368772550788
21307898333.3,-73.57364386440375
21312896666.7,-72.85482351857087
21317895000.0,-71.62685043671769
21322893333.3,-72.95304919281027
21327891666.7,-74.02817899298947
21332890000.0,-72.40936359490325
21337888333.3,-73.71532113330947
21342886666.7,-72.7465935541744
21347885000.0,-74.17382376875268
21352883333.3,-72.8066213976714
21357881666.7,-72.52816648837931
21362880000.0,-73.37754196744532
21367878333.3,-74.5918044234536
21372876666.7,-72.35079038688184
21377875000.0,-74.27351674701045
21382873333.3,-73.3549132887293
21387871666.7,-73.09135253198706
21392870000.0,-74.09171254550016
21397868333.3,-72.46891465846797
21402866666.7,-72.23006481330934
21407865000.0,-76.6964730992455
21412863333.3,-72.50992040896381
21417861666.7,-72.08924505142973
21422860000.0,-74.11988648136523
21427858333.3,-72.0467554064897
21432856666.7,-74.98924772298804
21437855000.0,-74.25215508917903
21442853333.3,-72.4927468666233
21447851666.7,-74.82320374428349
21452850000.0,-74.18991054798924
21457848333.3,-73.39537758577255
21462846666.7,-72.5429755797729
21467845000.0,-76.89578706275688
21472843333.3,-72.80513637256584
21477841666.7,-73.26002847058548
21482840000.0,-73.4341382155767
21487838333.3,-70.00713054043467
21492836666.7,-73.20479470157534
21497835000.0,-75.72112016881275
21502833333.3,-74.21145543118918
21507831666.7,-76.10387376086206
21512830000.0,-72.17270233926241
21517828333.3,-72.56163566659347
21522826666.7,-72.21489678545012
21527825000.0,-72.91210452953793
21532823333.3,-70.9930866063553
21537821666.7,-74.50714056724242
21542820000.0,-74.1806588535576
21547818333.3,-73.07014799526969
21552816666.7,-74.26878034891186
21557815000.0,-73.3601038435579
21562813333.3,-70.9880526425302
21567811666.7,-72.30069645011747
21572810000.0,-71.87669402165922
21577808333.3,-71.19223006311613
21582806666.7,-74.95499674287403
21587805000.0,-72.45185247697003
21592803333.3,-74.37698159152619
21597801666.7,-73.82217560654654
21602800000.0,-73.81156693061811
21607798333.3,-74.52291872619091
21612796666.7,-72.14943914089875
21617795000.0,-73.0160793060661
21622793333.3,-74.87489501390122
21627791666.7,-72.74816689467042
21632790000.0,-71.12810293435385
21637788333.3,-75.69885641177619
21642786666.7,-74.3862559345194
21647785000.0,-74.05176382516346
21652783333.3,-72.47164280325536
21657781666.7,-72.91240485712477
21662780000.0,-73.55293943663776
21667778333.3,-72.73363538602392
21672776666.7,-71.45234016892884
21677775000.0,-75.87725352298152
21682773333.3,-73.01548439047119
21687771666.7,-76.05394393246623
21692770000.0,-73.11996422118267
21697768333.3,-73.01394880566095
21702766666.7,-75.24197300469594
21707765000.0,-73.60246079038842
21712763333.3,-71.22674989269785
21717761666.7,-72.4162522292257
21722760000.0,-72.18422682616081
21727758333.3,-71.39896598614642
21732756666.7,-73.06848923943458
21737755000.0,-71.2600245476959
21742753333.3,-78.63765580859405
21747751666.7,-73.17628306993407
21752750000.0,-73.53594018806338
21757748333.3,-73.35282850813688
21762746666.7,-73.1814814749603
21767745000.0,-73.86186649471368
21772743333.3,-74.4035096068325
21777741666.7,-73.59164900414923
21782740000.0,-71.65171187502294
21787738333.3,-74.55430806527646
21792736666.7,-73.4438296561676
21797735000.0,-71.51149249162872
21802733333.3,-74.98711570907082
21807731666.7,-73.98276763890796
21812730000.0,-75.85245132161698
21817728333.3,-75.9428203405338
21822726666.7,-71.37709340596925
21827725000.0,-73.46397615938693
21832723333.3,-72.53929144614702
21837721666.7,-73.97536704155841
21842720000.0,-72.72384704649903
21847718333.3,-75.53868488866274
21852716666.7,-75.33333518104432
21857715000.0,-77.94717084799527
21862713333.3,-72.18951370226671
21867711666.7,-74.79390687469923
21872710000.0,-73.66168080769978
21877708333.3,-73.94029098593424
21882706666.7,-75.14782851779839
21887705000.0,-72.4956749958658
21892703333.3,-74.51856142579231
21897701666.7,-73.75798062092103
21902700000.0,-71.95749188706925
21907698333.3,-75.37810414188645
21912696666.7,-78.10750095485477
21917695000.0,-75.50280272313661
21922693333.3,-79.134481444319
21927691666.7,-74.1656113452042
21932690000.0,-73.14689495606795
21937688333.3,-71.6456904077652
21942686666.7,-77.57981174992813
21947685000.0,-77.30393982290163
21952683333.3,-76.54577787037115
21957681666.7,-75.60742899567941
21962680000.0,-72.85590671881357
21967678333.3,-75.47620822092541
21972676666.7,-72.77938636634595
21977675000.0,-75.57481872292868
21982673333.3,-75.17189108232716
21987671666.7,-73.85274422894943
21992670000.0,-76.59998215359134
21997668333.3,-74.21130781228813
22002666666.7,-76.92871592683161
22007665000.0,-75.56165970809116
22012663333.3,-73.60845323600151
22017661666.7,-74.91741363846933
22022660000.0,-72.1918497186521
22027658333.3,-80.66872211630559
22032656666.7,-77.0040291222969
22037655000.0,-76.83159162994434
22042653333.3,-72.41007411220714
22047651666.7,-74.40532801668206
22052650000.0,-76.92216737303754
22057648333.3,-75.5381294974189
22062646666.7,-73.56864503825969
22067645000.0,-72.9167644222458
22072643333.3,-73.2932505000102
22077641666.7,-70.86473644170884
22082640000.0,-71.6514019771422
22087638333.3,-74.03225339660338
22092636666.7,-73.89942080674228
22097635000.0,-72.93468279787795
22102633333.3,-74.05377953074867
22107631666.7,-74.70646064117778
22112630000.0,-74.5512911243762
22117628333.3,-75.39437450467923
22122626666.7,-72.32644732954805
22127625000.0,-73.25521784034548
22132623333.3,-75.52504252252083
22137621666.7,-78.17605007526433
22142620000.0,-72.73388461715632
22147618333.3,-72.51349370021659
22152616666.7,-76.86184500109913
22157615000.0,-75.13891860642643
22162613333.3,-75.36652222815019
22167611666.7,-72.442710230565
22172610000.0,-73.43876545615447
22177608333.3,-76.91032931702817
22182606666.7,-77.37363892534587
22187605000.0,-74.3841507891197
22192603333.3,-75.57730962769216
22197601666.7,-72.34065153916973
22202600000.0,-72.10953024835281
22207598333.3,-74.52108126019458
22212596666.7,-75.41984559491921
22217595000.0,-73.67245808841466
22222593333.3,-73.31528518113869
22227591666.7,-73.93857504790192
22232590000.0,-76.077831937875
22237588333.3,-75.71980863797732
22242586666.7,-75.5519286736193
22247585000.0,-77.30340412737303
22252583333.3,-72.97947679617468
22257581666.7,-75.04056055855051
22262580000.0,-72.38099049029384
22267578333.3,-73.33412320257591
22272576666.7,-72.81759141219413
22277575000.0,-75.01975952499754
22282573333.3,-74.48780477633473
22287571666.7,-74.14193347421394
22292570000.0,-75.83334108706266
22297568333.3,-74.98447817486854
22302566666.7,-76.7192431882775
22307565000.0,-73.61567254994173
22312563333.3,-72.92560338362313
22317561666.7,-76.65419568325825
22322560000.0,-75.56200348443703
22327558333.3,-71.3974534186026
22332556666.7,-73.45294299042811
22337555000.0,-73.89952644982375
22342553333.3,-76.75442837745584
22347551666.7,-75.14748728729553
22352550000.0,-76.14328370807367
22357548333.3,-73.08172257685057
22362546666.7,-76.12765587882674
22367545000.0,-74.97479451988129
22372543333.3,-73.67143313646429
22377541666.7,-73.88955583139905
22382540000.0,-72.28611131142577
22387538333.3,-74.27174769883622
22392536666.7,-72.13803373115377
22397535000.0,-75.43667556319117
22402533333.3,-77.45678462947014
22407531666.7,-73.99596697832689
22412530000.0,-73.2911693686256
22417528333.3,-75.08419638312944
22422526666.7,-73.74510676574532
22427525000.0,-76.97053310827197
22432523333.3,-73.73940693365253
22437521666.7,-79.26530533381788
22442520000.0,-74.56814218642072
22447518333.3,-72.98248604256763
22452516666.7,-74.85553603055324
22457515000.0,-75.7280745937311
22462513333.3,-74.16722311249394
22467511666.7,-75.26569639399179
22472510000.0,-74.63275758646739
22477508333.3,-73.64870013104883
22482506666.7,-73.74115309996155
22487505000.0,-73.69502990378524
22492503333.3,-73.35043452131315
22497501666.7,-74.44662619365339
22502500000.0,-75.14646440903769
22507498333.3,-75.9462131620501
22512496666.7,-73.31199525220859
22517495000.0,-76.42830515470985
22522493333.3,-72.02940900532997
22527491666.7,-72.59048334709833
22532490000.0,-73.76370999804752
22537488333.3,-73.06138182552061
22542486666.7,-73.0701935532336
22547485000.0,-76.15026254985301
22552483333.3,-74.02025379356733
22557481666.7,-74.67555993420504
22562480000.0,-76.49029682244704
22567478333.3,-79.0408024180633
22572476666.7,-72.13830490275109
22577475000.0,-74.15332067785508
22582473333.3,-78.18089355365346
22587471666.7,-77.07148433152354
22592470000.0,-78.10228071870036
22597468333.3,-75.00424017583751
22602466666.7,-75.87471765896774
22607465000.0,-75.07046079749063
22612463333.3,-76.76377677391957
22617461666.7,-75.0712274983497
22622460000.0,-73.83024951456439
22627458333.3,-74.47261451097131
22632456666.7,-74.87342014280048
22637455000.0,-75.84493075169769
22642453333.3,-76.5405759716086
22647451666.7,-76.64027357158395
22652450000.0,-75.54413930571566
22657448333.3,-74.54767879268454
22662446666.7,-75.78078976998418
22667445000.0,-78.60746940010549
22672443333.3,-76.5193006392313
22677441666.7,-73.71819227899935
22682440000.0,-73.978759548774
22687438333.3,-74.69323606591415
22692436666.7,-75.48727421039014
22697435000.0,-74.11080004395687
22702433333.3,-75.10690811197873
22707431666.7,-76.34328077713565
22712430000.0,-72.29677631691698
22717428333.3,-71.9228799967874
22722426666.7,-75.84955732391619
22727425000.0,-73.71940529424215
22732423333.3,-75.0084348018233
22737421666.7,-74.1828827307295
22742420000.0,-72.21281874303317
22747418333.3,-76.4600524841332
22752416666.7,-74.43932834803478
22757415000.0,-76.34412717182401
22762413333.3,-73.80080798470432
22767411666.7,-75.72066225548204
22772410000.0,-74.55072978780984
22777408333.3,-74.13195679285924
22782406666.7,-76.69838568647344
22787405000.0,-79.01109989588964
22792403333.3,-78.34351021441962
22797401666.7,-75.36362788304389
22802400000.0,-74.42647904796033
22807398333.3,-72.50572392637905
22812396666.7,-75.3787458041691
22817395000.0,-80.62346762741102
22822393333.3,-76.30582110295484
22827391666.7,-76.96025928641545
22832390000.0,-76.66892754257145
22837388333.3,-73.05902123988342
22842386666.7,-76.8787087623906
22847385000.0,-82.0702860737041
22852383333.3,-73.05567752636622
22857381666.7,-76.3199566553693
22862380000.0,-74.58986825786228
22867378333.3,-76.05641959521563
22872376666.7,-76.19851044100331
22877375000.0,-79.09945486049585
22882373333.3,-73.20830055962938
22887371666.7,-75.09077670612993
22892370000.0,-74.69266261493128
22897368333.3,-75.81877592330054
22902366666.7,-77.25418709438351
22907365000.0,-77.61106471402398
22912363333.3,-77.82899671896281
22917361666.7,-76.03804255866567
22922360000.0,-74.35761832266299
22927358333.3,-81.6834143851551
22932356666.7,-75.71581088893089
22937355000.0,-74.67119364951863
22942353333.3,-78.27042402476775
22947351666.7,-77.70394916645824
22952350000.0,-74.26289455927656
22957348333.3,-73.41688827954935
22962346666.7,-74.43351747637585
22967345000.0,-72.42335597564677
22972343333.3,-73.90977205399858
22977341666.7,-75.85771329305176
22982340000.0,-73.46003128121762
22987338333.3,-73.58623844486988
22992336666.7,-76.48335183151742
22997335000.0,-77.0166074006132
23002333333.3,-75.72554335582203
23007331666.7,-77.31484427550778
23012330000.0,-77.08122725499786
23017328333.3,-81.06545610244943
23022326666.7,-75.98680401495363
23027325000.0,-74.27992363576271
23032323333.3,-73.90705681737701
23037321666.7,-79.41897890869632
23042320000.0,-75.0106884923521
23047318333.3,-75.52708311403211
23052316666.7,-75.96070099923617
23057315000.0,-77.2619524517195
23062313333.3,-76.22615823767912
23067311666.7,-74.08685819068788
23072310000.0,-78.4608354221987
23077308333.3,-77.0751863433697
23082306666.7,-79.49932405439841
23087305000.0,-76.31352982822654
23092303333.3,-78.98260516577498
23097301666.7,-78.57535657505369
23102300000.0,-76.80338819799957
23107298333.3,-76.42204450938073
23112296666.7,-76.97077916110148
23117295000.0,-77.66032377943768
23122293333.3,-75.6216488333107
23127291666.7,-74.16019006877332
23132290000.0,-74.6441335320065
23137288333.3,-76.10450784745153
23142286666.7,-77.34802206139446
23147285000.0,-75.25364010076723
23152283333.3,-75.677771892723
23157281666.7,-76.15253548596797
23162280000.0,-78.02887302355657
23167278333.3,-75.82611802935212
23172276666.7,-76.48706412173684
23177275000.0,-79.29703693743063
23182273333.3,-77.3865296754273
23187271666.7,-74.38828752524851
23192270000.0,-75.63770818313455
23197268333.3,-75.27221174899067
23202266666.7,-76.19715550519204
23207265000.0,-76.12186735148012
23212263333.3,-75.4934274075343
23217261666.7,-76.35595499818756
23222260000.0,-76.3823752010963
23227258333.3,-73.33253368420957
23232256666.7,-76.45470937688837
23237255000.0,-75.81432278102616
23242253333.3,-74.99253211790766
23247251666.7,-80.09016761648195
23252250000.0,-75.75472965010444
23257248333.3,-75.80732938038418
23262246666.7,-76.43388930667105
23267245000.0,-75.43105321056262
23272243333.3,-73.93977297808803
23277241666.7,-80.50261753573281
23282240000.0,-76.93830483206993
23287238333.3,-76.4937539614971
23292236666.7,-77.85225493274194
23297235000.0,-77.4992943538724
23302233333.3,-76.13002139808751
23307231666.7,-76.32222364510534
23312230000.0,-77.02301879363546
23317228333.3,-74.7715399449814
23322226666.7,-76.52645338915693
23327225000.0,-77.84260994051535
23332223333.3,-77.39152037620228
23337221666.7,-81.79788021126316
23342220000.0,-80.35511411363879
23347218333.3,-76.37116842369278
23352216666.7,-76.91270401528223
23357215000.0,-77.50300279921265
23362213333.3,-75.78568497175513
23367211666.7,-73.77132196239343
23372210000.0,-79.9616085827544
23377208333.3,-79.5884136234855
23382206666.7,-76.17803211526906
23387205000.0,-76.9934550601367
23392203333.3,-76.45172412744236
23397201666.7,-78.66173349824156
23402200000.0,-75.67353794125074
23407198333.3,-79.2513077608585
23412196666.7,-75.7309602412206
23417195000.0,-78.05325199278995
23422193333.3,-75.06292168679795
23427191666.7,-74.47769554412757
23432190000.0,-77.19066330741157
23437188333.3,-77.44561579187175
23442186666.7,-74.49697353517027
23447185000.0,-75.73656547096773
23452183333.3,-79.2582812555944
23457181666.7,-74.85643082570478
23462180000.0,-76.42495132439518
23467178333.3,-78.63243334574827
23472176666.7,-77.00418482391727
23477175000.0,-76.12996890093386
23482173333.3,-74.5653440771678
23487171666.7,-75.584656749407
23492170000.0,-76.32396951573371
23497168333.3,-79.00414403626007
23502166666.7,-77.44362835002397
23507165000.0,-74.63600286863718
23512163333.3,-79.27144104213045
23517161666.7,-79.16984064598562
23522160000.0,-73.72775041796476
23527158333.3,-75.37234284999721
23532156666.7,-78.59413336216973
23537155000.0,-76.69751089403695
23542153333.3,-74.72301669762626
23547151666.7,-78.63927417381218
23552150000.0,-74.2152940684389
23557148333.3,-77.67897637071951
23562146666.7,-76.31337007798469
23567145000.0,-79.42907784259322
23572143333.3,-78.62701880220266
23577141666.7,-82.2728174554698
23582140000.0,-76.98283623337848
23587138333.3,-74.68324497386492
23592136666.7,-76.44843967077249
23597135000.0,-74.30736789390875
23602133333.3,-74.81101156915034
23607131666.7,-77.38097904129161
23612130000.0,-75.77077497830165
23617128333.3,-73.56352496162879
23622126666.7,-79.97230720649887
23627125000.0,-78.06932251911496
23632123333.3,-75.16357012248658
23637121666.7,-77.63888158916912
23642120000.0,-75.30340388422452
23647118333.3,-75.40515296096953
23652116666.7,-79.69495018384289
23657115000.0,-80.62822222152852
23662113333.3,-77.86037636971439
23667111666.7,-76.94990743498634
23672110000.0,-77.73488780385125
23677108333.3,-76.57605569676494
23682106666.7,-77.97171183053409
23687105000.0,-73.43085510266762
23692103333.3,-78.6242561521424
23697101666.7,-76.69817725806934
23702100000.0,-73.5359397768227
23707098333.3,-72.85792633850212
23712096666.7,-76.3780378137642
23717095000.0,-81.26388266880575
23722093333.3,-78.92680378139409
23727091666.7,-76.1083562981608
23732090000.0,-76.39941460943716
23737088333.3,-76.48442165667649
23742086666.7,-76.26883164993656
23747085000.0,-76.22060812807585
23752083333.3,-79.25560076040496
23757081666.7,-77.54420214334199
23762080000.0,-77.35465189669073
23767078333.3,-79.2894423448302
23772076666.7,-78.9820062280117
23777075000.0,-74.30618012771592
23782073333.3,-74.94577555083497
23787071666.7,-77.06586971862957
23792070000.0,-79.35790020390735
23797068333.3,-77.05704182729887
23802066666.7,-74.59704888616541
23807065000.0,-76.06740198326511
23812063333.3,-82.96340341037694
23817061666.7,-77.2944654243737
23822060000.0,-76.52409426977664
23827058333.3,-81.56904685979964
23832056666.7,-80.48111776474124
23837055000.0,-77.72741760038146
23842053333.3,-75.44674261186904
23847051666.7,-75.33077294151428
23852050000.0,-77.89126060598636
23857048333.3,-75.01151442059341
23862046666.7,-77.4891013284058
23867045000.0,-76.80145847579995
23872043333.3,-78.52471358735241
23877041666.7,-76.48306552140292
23882040000.0,-78.7837445365385
23887038333.3,-78.58075951252762
23892036666.7,-75.67589724892663
23897035000.0,-78.63472420985775
23902033333.3,-77.57764981448258
23907031666.7,-74.0483579723309
23912030000.0,-74.43209336866205
23917028333.3,-76.14331916789186
23922026666.7,-77.66693075868186
23927025000.0,-78.28138770679148
23932023333.3,-76.31553029724626
23937021666.7,-74.55764165390539
23942020000.0,-75.491635903607
23947018333.3,-74.57262558255329
23952016666.7,-74.11532381862204
23957015000.0,-76.86237459912044
23962013333.3,-73.14092306396452
23967011666.7,-76.00828658671904
23972010000.0,-81.42665859000842
23977008333.3,-76.2601298540818
23982006666.7,-79.57593253234893
23987005000.0,-78.89922703643367
23992003333.3,-75.25487295441701
23997001666.7,-72.65500535837563
24002000000.0,-72.22725553574213
24006998333.3,-73.49298630324779
24011996666.7,-85.8581109473556
24016995000.0,-76.2579612715704
24021993333.3,-72.34255348033598
24026991666.7,-66.8941829507925
24031990000.0,-80.12321218015599
24036988333.3,-76.79273083978356
24041986666.7,-72.77646795690097
24046985000.0,-72.87966807683954
24051983333.3,-72.79496139447093
24056981666.7,-70.95094738094159
24061980000.0,-79.45678445174055
24066978333.3,-78.91730539426321
24071976666.7,-69.34642994478287
24076975000.0,-72.15301690668377
24081973333.3,-68.78494815690048
24086971666.7,-84.0991341955338
24091970000.0,-67.37282164354531
24096968333.3,-76.73357622715999
24101966666.7,-73.89330408759564
24106965000.0,-68.60868945955373
24111963333.3,-71.2664485303888
24116961666.7,-76.24712078050219
24121960000.0,-75.86016854257194
24126958333.3,-76.95707199978762
24131956666.7,-67.25351525442247
24136955000.0,-81.8765788525719
24141953333.3,-73.19662019000839
24146951666.7,-70.91716017996997
24151950000.0,-70.07040756564054
24156948333.3,-77.34200284176276
24161946666.7,-74.45468723111394
24166945000.0,-72.76438307993332
24171943333.3,-70.08300037696176
24176941666.7,-68.4502259167162
24181940000.0,-79.85234216420024
24186938333.3,-73.37229901126179
24191936666.7,-69.5777858774155
24196935000.0,-76.51487571782577
24201933333.3,-73.11440012190693
24206931666.7,-71.826020068824
24211930000.0,-76.57242690820948
24216928333.3,-80.52940261645803
24221926666.7,-74.25839156211251
24226925000.0,-71.36391757415461
24231923333.3,-74.66309252962292
24236921666.7,-80.21635742237193
24241920000.0,-76.11360587776966
24246918333.3,-69.59893351456454
24251916666.7,-79.37478150845295
24256915000.0,-74.76413101188737
24261913333.3,-66.49566324822436
24266911666.7,-73.00748902299863
24271910000.0,-77.08278210883834
24276908333.3,-72.30049692245996
24281906666.7,-76.08502843077592
24286905000.0,-73.89426832557639
24291903333.3,-76.61350251748047
24296901666.7,-79.99784461098012
24301900000.0,-74.77784290295324
24306898333.3,-74.39745507239823
24311896666.7,-68.83170822208598
24316895000.0,-70.8286518836338
24321893333.3,-86.04064061734542
24326891666.7,-76.59255950355725
24331890000.0,-69.51830147062928
24336888333.3,-68.92933122844491
24341886666.7,-75.34889787323854
24346885000.0,-77.18014121224265
24351883333.3,-73.79320341151731
24356881666.7,-78.54671381089601
24361880000.0,-71.44575369878868
24366878333.3,-69.98978586042266
24371876666.7,-77.23480992332
24376875000.0,-72.03527725482161
24381873333.3,-70.44320894244268
24386871666.7,-72.77069665749795
24391870000.0,-70.50388456630921
24396868333.3,-73.71596249406686
24401866666.7,-77.94471860663656
24406865000.0,-77.79894953728906
24411863333.3,-67.80125708860172
24416861666.7,-76.58566236893351
24421860000.0,-72.608436089349
24426858333.3,-80.18157826282008
24431856666.7,-71.72062745100742
24436855000.0,-70.99963722031873
24441853333.3,-72.60605421009294
24446851666.7,-68.46530441572236
24451850000.0,-73.70429860363055
24456848333.3,-73.31936696667653
24461846666.7,-77.854657363398
24466845000.0,-73.34932964664799
24471843333.3,-75.73861698388984
24476841666.7,-76.54448922076634
24481840000.0,-76.72128393130463
24486838333.3,-75.81569536319435
24491836666.7,-81.73120619616638
24496835000.0,-73.10999405609563
24501833333.3,-70.5631918699022
24506831666.7,-79.98349170181368
24511830000.0,-67.32383908896213
24516828333.3,-76.46992427148257
24521826666.7,-77.08077340202414
24526825000.0,-77.38419725648824
24531823333.3,-79.3424687040184
24536821666.7,-78.52279197214432
24541820000.0,-74.55038141065988
24546818333.3,-73.5544526843595
24551816666.7,-71.73630768251671
24556815000.0,-73.51171326824928
24561813333.3,-78.51933085919215
24566811666.7,-67.30038762820601
24571810000.0,-82.75706929525086
24576808333.3,-79.76342482931075
24581806666.7,-79.49022427393443
24586805000.0,-73.23603408161816
24591803333.3,-75.52455809983958
24596801666.7,-69.16047016616523
24601800000.0,-71.44572155196268
24606798333.3,-74.78527808061199
24611796666.7,-73.24933333413772
24616795000.0,-76.06286525608714
24621793333.3,-70.07591060887704
24626791666.7,-95.53521272895216
24631790000.0,-72.98075590729759
24636788333.3,-72.12583076388518
24641786666.7,-77.32028618159055
24646785000.0,-75.1566480153373
24651783333.3,-71.53218074096307
24656781666.7,-74.03803466101154
24661780000.0,-69.69720911576425
24666778333.3,-81.08474596744841
24671776666.7,-70.00366921646933
24676775000.0,-72.33417725786542
24681773333.3,-70.75479637588461
24686771666.7,-75.14576784119492
24691770000.0,-76.7709504392014
24696768333.3,-68.86326335103189
24701766666.7,-78.30477500173647
24706765000.0,-81.43479149662029
24711763333.3,-70.83612679283226
24716761666.7,-71.89342190018922
24721760000.0,-74.90981517902357
24726758333.3,-66.87891952223383
24731756666.7,-71.71272978477462
24736755000.0,-74.30310665302436
24741753333.3,-73.91228293961093
24746751666.7,-71.66494651405698
24751750000.0,-75.41628996969705
24756748333.3,-83.06336967873224
24761746666.7,-75.0632192717673
24766745000.0,-83.06137561557617
24771743333.3,-79.07665746565715
24776741666.7,-71.74245559412563
24781740000.0,-74.098988871095
24786738333.3,-74.15175513071247
24791736666.7,-84.05572367013906
24796735000.0,-77.51505487969024
24801733333.3,-75.14160483290867
24806731666.7,-69.62460518082744
24811730000.0,-75.24043015116742
24816728333.3,-74.97086724110385
24821726666.7,-74.48693302144653
24826725000.0,-79.3034307322637
24831723333.3,-77.98729933880092
24836721666.7,-83.1584038851014
24841720000.0,-72.87179900238922
24846718333.3,-76.87553831286796
24851716666.7,-73.52364274130807
24856715000.0,-80.90578934686877
24861713333.3,-70.08857222853705
24866711666.7,-77.35250027274388
24871710000.0,-79.02996798229556
24876708333.3,-82.4356254241896
24881706666.7,-70.73293411177093
24886705000.0,-74.84027670057084
24891703333.3,-74.57961849592715
24896701666.7,-69.58250958356882
24901700000.0,-70.83992822516367
24906698333.3,-71.92001352712981
24911696666.7,-70.42928769533651
24916695000.0,-71.50985383822476
24921693333.3,-79.34210883223864
24926691666.7,-79.12034620518371
24931690000.0,-74.1370944025377
24936688333.3,-75.9487938037373
24941686666.7,-88.0815001547164
24946685000.0,-72.27282000420527
24951683333.3,-80.70518788430971
24956681666.7,-69.34204299334053
24961680000.0,-83.14664022778001
24966678333.3,-77.36056584873488
24971676666.7,-75.27681188893314
24976675000.0,-72.49528966175025
24981673333.3,-82.66536936878276
24986671666.7,-93.80295037146395
24991670000.0,-82.42121628712574
24996668333.3,-77.4629784506699
25001666666.7,-71.57860318820396
25006665000.0,-81.21046233705755
25011663333.3,-79.74236731452162
25016661666.7,-81.3699357430019
25021660000.0,-82.15978426588464
25026658333.3,-70.07767895911657
25031656666.7,-74.12351257097784
25036655000.0,-80.12752274586475
25041653333.3,-70.0118727271773
25046651666.7,-71.03015403602654
25051650000.0,-74.41767911342512
25056648333.3,-71.89846006788943
25061646666.7,-79.580424292252
25066645000.0,-72.3630034515383
25071643333.3,-80.61683379891849
25076641666.7,-72.9649692579563
25081640000.0,-68.90656923189769
25086638333.3,-78.20962889717251
25091636666.7,-72.34042260373886
25096635000.0,-75.32208174900462
25101633333.3,-80.74699626685214
25106631666.7,-76.99496487208557
25111630000.0,-76.86196802336671
25116628333.3,-78.94481326743853
25121626666.7,-77.36504578748539
25126625000.0,-76.78802930101321
25131623333.3,-73.99321885638605
25136621666.7,-73.29558565991752
25141620000.0,-74.16481234103843
25146618333.3,-69.59372834778192
25151616666.7,-72.85918710094498
25156615000.0,-72.5770006377901
25161613333.3,-79.81535988533079
25166611666.7,-84.9267613210666
25171610000.0,-75.89040080866879
25176608333.3,-79.84169303852977
25181606666.7,-80.6559717842741
25186605000.0,-73.3320930613603
25191603333.3,-74.3444798665727
25196601666.7,-75.44117610209572
25201600000.0,-77.91688480615905
25206598333.3,-79.45440261167153
25211596666.7,-81.8874784462473
25216595000.0,-78.80944951945258
25221593333.3,-70.14131168939406
25226591666.7,-73.45743774169088
25231590000.0,-86.84544422947164
25236588333.3,-77.6379545319609
25241586666.7,-73.19007374487403
25246585000.0,-77.6703655727909
25251583333.3,-78.48703217239688
25256581666.7,-72.25449821565097
25261580000.0,-76.20507110753738
25266578333.3,-80.3339449961635
25271576666.7,-74.68959812815416
25276575000.0,-78.78668989976047
25281573333.3,-73.73999091428934
25286571666.7,-76.92076665168125
25291570000.0,-74.56347386153877
25296568333.3,-68.7827084863708
25301566666.7,-73.06691347509158
25306565000.0,-76.42127085228785
25311563333.3,-69.8537791926682
25316561666.7,-83.36960294444509
25321560000.0,-72.88167384588043
25326558333.3,-77.80639610637705
25331556666.7,-81.01399330281822
25336555000.0,-78.15588610462905
25341553333.3,-70.69488351140895
25346551666.7,-83.81585877276964
25351550000.0,-69.01449400459404
25356548333.3,-75.23176187882606
25361546666.7,-73.4073054049006
25366545000.0,-78.46227518346006
25371543333.3,-84.38492004392805
25376541666.7,-78.0253058262941
25381540000.0,-72.44484786548495
25386538333.3,-72.4957306428089
25391536666.7,-74.72470780285778
25396535000.0,-73.33622066961419
25401533333.3,-78.08470494795115
25406531666.7,-75.55299610862185
25411530000.0,-74.54473671396487
25416528333.3,-71.31592560863233
25421526666.7,-81.2442190855744
25426525000.0,-73.80902402150993
25431523333.3,-79.48269534235581
25436521666.7,-73.29455360043686
25441520000.0,-76.8984517785097
25446518333.3,-78.0057643756993
25451516666.7,-79.89513910105778
25456515000.0,-82.21900538555731
25461513333.3,-79.41554985192279
25466511666.7,-73.05792016268643
25471510000.0,-87.03374977264954
25476508333.3,-89.08867495416962
25481506666.7,-80.08379248707669
25486505000.0,-84.40641337511377
25491503333.3,-87.43446074367117
25496501666.7,-68.34398764916445
25501500000.0,-78.75104735204675
25506498333.3,-75.71924324116776
25511496666.7,-76.43432960026315
25516495000.0,-73.71743172109035
25521493333.3,-85.92558428737617
25526491666.7,-80.76573937574138
25531490000.0,-70.10013972955863
25536488333.3,-83.68788787330267
25541486666.7,-83.78053201224931
25546485000.0,-77.10995597295141
25551483333.3,-79.37666565802397
25556481666.7,-76.8387005431717
25561480000.0,-78.12523879676634
25566478333.3,-82.49007859365531
25571476666.7,-83.4136856839025
25576475000.0,-84.24521317462414
25581473333.3,-77.69801157819904
25586471666.7,-74.58654759549538
25591470000.0,-75.24716744040441
25596468333.3,-71.46711053876746
25601466666.7,-74.49309141849213
25606465000.0,-75.83112069623513
25611463333.3,-71.94962274437856
25616461666.7,-71.07782796964999
25621460000.0,-80.17685513907871
25626458333.3,-74.9762616734336
25631456666.7,-71.10795470689895
25636455000.0,-73.19399120635148
25641453333.3,-71.66178390301357
25646451666.7,-72.42242006970706
25651450000.0,-72.57557309977295
25656448333.3,-72.38181797373507
25661446666.7,-72.4582858755839
25666445000.0,-76.63261966046129
25671443333.3,-75.2303895882066
25676441666.7,-75.17929432136435
25681440000.0,-81.16233359648788
25686438333.3,-79.7839502726991
25691436666.7,-82.14637816285816
25696435000.0,-81.065719788945
25701433333.3,-80.76473018312106
25706431666.7,-77.15080362254353
25711430000.0,-82.84984731555494
25716428333.3,-77.02127191891887
25721426666.7,-79.6611213884966
25726425000.0,-72.71464505781923
25731423333.3,-86.2744892634049
25736421666.7,-84.92324775470324
25741420000.0,-75.81085417792018
25746418333.3,-82.7878130049912
25751416666.7,-67.4536543798567
25756415000.0,-67.44657740252865
25761413333.3,-70.65719110904367
25766411666.7,-72.76845901936674
25771410000.0,-87.29419271636411
25776408333.3,-73.46398114650229
25781406666.7,-87.82406242126797
25786405000.0,-77.45083172282182
25791403333.3,-77.5617074965293
25796401666.7,-74.61271434412988
25801400000.0,-87.54176261666457
25806398333.3,-70.08844127574005
25811396666.7,-82.82396375688613
25816395000.0,-70.06423719142705
25821393333.3,-73.56310989276115
25826391666.7,-74.93837602073259
25831390000.0,-80.94003414735988
25836388333.3,-80.35051379228697
25841386666.7,-75.57096195759952
25846385000.0,-68.98826848255958
25851383333.3,-73.65674206507417
25856381666.7,-85.17060680115115
25861380000.0,-78.69761444617465
25866378333.3,-82.50072125861551
25871376666.7,-80.1626637768487
25876375000.0,-76.83569746835299
25881373333.3,-71.02918814952119
25886371666.7,-82.12586895043886
25891370000.0,-83.8729294481519
25896368333.3,-72.52644431594055
25901366666.7,-74.43394642439907
25906365000.0,-76.03497540164808
25911363333.3,-70.9059870539308
25916361666.7,-75.7075947135972
25921360000.0,-69.64418974323151
25926358333.3,-81.16712630074112
25931356666.7,-68.82582034348236
25936355000.0,-68.55100144449726
25941353333.3,-74.7350813512544
25946351666.7,-70.59764079621785
25951350000.0,-78.29575710159357
25956348333.3,-85.37048382833417
25961346666.7,-82.7011554190077
25966345000.0,-74.10824330161358
25971343333.3,-81.448619000046
25976341666.7,-76.08356774475263
25981340000.0,-79.6373136591278
25986338333.3,-67.85255665191544
25991336666.7,-83.19354002787863
25996335000.0,-78.63177603447429
26001333333.3,-71.63533050825968
26006331666.7,-83.91823725574874
26011330000.0,-89.1768539691862
26016328333.3,-66.20268719761124
26021326666.7,-73.47066115559414
26026325000.0,-83.7386090187836
26031323333.3,-74.90023870260069
26036321666.7,-77.1757899026015
26041320000.0,-72.46750515062972
26046318333.3,-69.82157929018535
26051316666.7,-89.2382394529102
26056315000.0,-75.67858590537242
26061313333.3,-76.38250322576653
26066311666.7,-70.654099916679
26071310000.0,-69.57459092134292
26076308333.3,-74.94014226957569
26081306666.7,-80.17827684657817
26086305000.0,-83.20966476222152
26091303333.3,-71.00661787118325
26096301666.7,-73.25354756769894
26101300000.0,-74.70652985397903
26106298333.3,-74.51915177362318
26111296666.7,-72.81574031344687
26116295000.0,-93.45900583823538
26121293333.3,-77.01075140408592
26126291666.7,-76.56451931306228
26131290000.0,-77.0693146623311
26136288333.3,-76.8432810909045
26141286666.7,-80.04666448588222
26146285000.0,-75.5601881211002
26151283333.3,-69.41437499266223
26156281666.7,-75.54474696194926
26161280000.0,-82.73535582046564
26166278333.3,-85.98710656584603
26171276666.7,-78.08908480670654
26176275000.0,-83.23730552849457
26181273333.3,-67.27898295720964
26186271666.7,-73.12631399559302
26191270000.0,-77.6801493301071
26196268333.3,-74.72503949239001
26201266666.7,-72.10348823341425
26206265000.0,-72.86054981992082
26211263333.3,-74.22538225453293
26216261666.7,-71.23294059736993
26221260000.0,-90.00506519791797
26226258333.3,-80.31832232864951
26231256666.7,-78.32707292790658
26236255000.0,-80.50432914903823
26241253333.3,-73.16935802026077
26246251666.7,-70.24432572406731
26251250000.0,-78.11734133894544
26256248333.3,-71.8852454752741
26261246666.7,-82.94416049332906
26266245000.0,-74.4845346601395
26271243333.3,-67.12400898998351
26276241666.7,-71.44024919540695
26281240000.0,-77.81444468796057
26286238333.3,-78.70146384459727
26291236666.7,-74.80989699613242
26296235000.0,-80.27591942554075
26301233333.3,-68.85645072387058
26306231666.7,-77.09381193687398
26311230000.0,-82.20635338522246
26316228333.3,-75.25726028196179
26321226666.7,-75.53916141203982
26326225000.0,-77.60172145448117
26331223333.3,-71.20668543469242
26336221666.7,-77.13049909517005
26341220000.0,-83.8519198744905
26346218333.3,-81.00819780816732
26351216666.7,-80.1995771618096
26356215000.0,-70.47326805835438
26361213333.3,-72.32732788395299
26366211666.7,-73.41941971747889
26371210000.0,-77.51290122430034
26376208333.3,-80.83152449756724
26381206666.7,-75.45529492387486
26386205000.0,-73.46436158528317
26391203333.3,-75.15926850935502
26396201666.7,-71.08937591281646
26401200000.0,-73.71902701972445
26406198333.3,-81.232085251375
26411196666.7,-78.01678494449388
26416195000.0,-84.25485781932542
26421193333.3,-76.55150744762861
26426191666.7,-76.21260730450233
26431190000.0,-84.26529137000517
26436188333.3,-74.95358880124991
26441186666.7,-78.80987018194412
26446185000.0,-75.33925573493715
26451183333.3,-72.0665308274739
26456181666.7,-81.95479098724016
26461180000.0,-68.98405398204166
26466178333.3,-71.71281935263396
26471176666.7,-77.04658060879578
26476175000.0,-76.9540108623489
26481173333.3,-84.58650684381416
26486171666.7,-75.22006998087555
26491170000.0,-73.31607230298897
26496168333.3,-71.10068175179703
26501166666.7,-78.81137260256023
26506165000.0,-77.24554668804777
26511163333.3,-73.72219409325386
26516161666.7,-73.20487691635478
26521160000.0,-79.40588208598739
26526158333.3,-69.50843162104636
26531156666.7,-72.67011939032824
26536155000.0,-74.61764716997263
26541153333.3,-79.29662226633293
26546151666.7,-74.6478157844087
26551150000.0,-80.19304836307012
26556148333.3,-79.29631108033165
26561146666.7,-72.46451014823063
26566145000.0,-73.95033011496004
26571143333.3,-91.4865996204464
26576141666.7,-77.20457170267383
26581140000.0,-84.08048263022239
26586138333.3,-77.23822886496914
26591136666.7,-79.61360282163301
26596135000.0,-72.80031380143804
26601133333.3,-73.16155265665431
26606131666.7,-76.02314676593176
26611130000.0,-75.68217921983579
26616128333.3,-75.66595538942775
26621126666.7,-76.46012971160988
26626125000.0,-72.24973080527113
26631123333.3,-78.02198317177609
26636121666.7,-85.13019018481762
26641120000.0,-75.13914057720085
26646118333.3,-70.4983383387223
26651116666.7,-80.06245607345426
26656115000.0,-74.8752497499323
26661113333.3,-78.37266714416211
26666111666.7,-74.5296331331847
26671110000.0,-81.14116215867008
26676108333.3,-76.61605313509644
26681106666.7,-71.78105516445315
26686105000.0,-72.83440523956168
26691103333.3,-71.18001507501505
26696101666.7,-75.11512057019368
26701100000.0,-94.44783245911766
26706098333.3,-73.67708746173557
26711096666.7,-74.36447987429528
26716095000.0,-77.43077250268365
26721093333.3,-76.89299700899124
26726091666.7,-71.30316631566939
26731090000.0,-80.53808274778127
26736088333.3,-72.58640540442707
26741086666.7,-78.29884918890899
26746085000.0,-77.81634375509154
26751083333.3,-71.22819925699645
26756081666.7,-77.98575778825325
26761080000.0,-76.2012487011734
26766078333.3,-74.79346261872885
26771076666.7,-77.93580632749271
26776075000.0,-71.1120014694602
26781073333.3,-70.25106192363806
26786071666.7,-73.52984971520554
26791070000.0,-72.94451422863372
26796068333.3,-72.8077209532515
26801066666.7,-72.65032667944841
26806065000.0,-72.63288300794909
26811063333.3,-79.13298783130715
26816061666.7,-98.81275070861156
26821060000.0,-74.41490051680606
26826058333.3,-78.27934588481793
26831056666.7,-72.99458862100292
26836055000.0,-70.6036125473673
26841053333.3,-79.63584534828111
26846051666.7,-75.80576552240342
26851050000.0,-78.90767740726432
26856048333.3,-86.78202471728625
26861046666.7,-72.2654035970142
26866045000.0,-74.67194717766812
26871043333.3,-76.67946685591636
26876041666.7,-69.59244501703189
26881040000.0,-72.58708001921318
26886038333.3,-78.1571719301132
26891036666.7,-75.10941438977837
26896035000.0,-73.59071453886136
26901033333.3,-72.01019752715152
26906031666.7,-86.3509064718348
26911030000.0,-73.19990897866904
26916028333.3,-74.98853352243285
26921026666.7,-82.12266475607069
26926025000.0,-72.5336592992843
26931023333.3,-76.6614986798472
26936021666.7,-71.38540373844674
26941020000.0,-70.59457446733065
26946018333.3,-78.79172661854523
26951016666.7,-74.81817192956767
26956015000.0,-69.83771668564461
26961013333.3,-73.67046710002698
26966011666.7,-76.16036480518801
26971010000.0,-72.80096352856643
26976008333.3,-73.21826384421055
26981006666.7,-71.9387756115037
26986005000.0,-73.68674093700113
26991003333.3,-77.4596654484149
26996001666.7,-72.0157123578339
27001000000.0,-71.66005975749208
27005998333.3,-67.09793866093436
27010996666.7,-77.089782937266
27015995000.0,-74.72941163623007
27020993333.3,-75.8164133933001
27025991666.7,-75.31709112782237
27030990000.0,-69.45969507950696
27035988333.3,-71.95815172984337
27040986666.7,-75.03497348190224
27045985000.0,-73.05703069876438
27050983333.3,-76.6660741673568
27055981666.7,-74.63637364432549
27060980000.0,-73.2538552799493
27065978333.3,-72.22222171355887
27070976666.7,-78.39211621794605
27075975000.0,-69.86051984278971
27080973333.3,-72.89544587163937
27085971666.7,-75.31749262949248
27090970000.0,-72.9915495077588
27095968333.3,-73.88516841859216
27100966666.7,-74.60359112257653
27105965000.0,-78.48385083770066
27110963333.3,-75.21613341950331
27115961666.7,-70.97022155198195
27120960000.0,-71.89189262039758
27125958333.3,-82.66347023366814
27130956666.7,-72.34152987891869
27135955000.0,-73.40096310802011
27140953333.3,-80.45554003776986
27145951666.7,-79.1082758027508
27150950000.0,-73.70042409106516
27155948333.3,-71.50129795493419
27160946666.7,-69.51247308745334
27165945000.0,-76.39453838528426
27170943333.3,-75.13561436870076
27175941666.7,-78.40483254720311
27180940000.0,-79.88600539203782
27185938333.3,-77.12051195155576
27190936666.7,-86.29513553620811
27195935000.0,-70.62314229138558
27200933333.3,-77.1026066472023
27205931666.7,-81.42729047277425
27210930000.0,-71.60430853703765
27215928333.3,-75.00771394231415
27220926666.7,-80.47590031936663
27225925000.0,-74.09956643754451
27230923333.3,-91.67054460297211
27235921666.7,-72.75839563590823
27240920000.0,-79.24661917814525
27245918333.3,-73.17216816768988
27250916666.7,-76.25665348557823
27255915000.0,-82.38770402939386
27260913333.3,-72.009573847298
27265911666.7,-79.10903389541454
27270910000.0,-85.07635413031151
27275908333.3,-73.42662444533617
27280906666.7,-75.2440719429406
27285905000.0,-78.74869948262342
27290903333.3,-76.66923133083321
27295901666.7,-73.90544365676777
27300900000.0,-71.94633130705805
27305898333.3,-76.59379473266375
27310896666.7,-72.01421076258522
27315895000.0,-75.87708386936286
27320893333.3,-86.5760300604582
27325891666.7,-76.46291183032098
27330890000.0,-79.48761877804901
27335888333.3,-69.70434929820766
27340886666.7,-79.20649022859111
27345885000.0,-74.34865131400778
27350883333.3,-72.24430127391878
27355881666.7,-78.03150517005801
27360880000.0,-77.36444788739999
27365878333.3,-76.77802967784683
27370876666.7,-73.51795395447493
27375875000.0,-78.70943870068898
27380873333.3,-78.96817167109904
27385871666.7,-68.78807362991901
27390870000.0,-79.56850352902106
27395868333.3,-75.84792156094524
27400866666.7,-77.98307486618941
27405865000.0,-74.91344834907869
27410863333.3,-75.68200922405757
27415861666.7,-70.7525329067854
27420860000.0,-85.24560719007371
27425858333.3,-77.1277140673894
27430856666.7,-76.15125407586292
27435855000.0,-80.00654096275656
27440853333.3,-71.99203868487521
27445851666.7,-91.26199904215495
27450850000.0,-71.17995299840489
27455848333.3,-70.56276940287131
27460846666.7,-79.94009628418854
27465845000.0,-74.395340999495
27470843333.3,-72.71266799037781
27475841666.7,-89.02009649850885
27480840000.0,-75.65079901263049
27485838333.3,-77.16676359208802
27490836666.7,-68.56652905034287
27495835000.0,-78.8812899711111
27500833333.3,-71.37158596146
27505831666.7,-82.22291387321482
27510830000.0,-80.02645216912698
27515828333.3,-83.43443571073847
27520826666.7,-76.0388032470485
27525825000.0,-81.0649853565417
27530823333.3,-75.39679921152265
27535821666.7,-77.4475846323527
27540820000.0,-73.80216253196538
27545818333.3,-77.60112481482211
27550816666.7,-77.96652161811463
27555815000.0,-79.28530909451683
27560813333.3,-80.36639235188169
27565811666.7,-73.81833353773479
27570810000.0,-74.36450098678199
27575808333.3,-76.94123045753919
27580806666.7,-81.38350466636587
27585805000.0,-72.85519344984097
27590803333.3,-78.85879997765554
27595801666.7,-85.15071980525673
27600800000.0,-72.75244015262933
27605798333.3,-72.91085432243504
27610796666.7,-71.96170151398417
27615795000.0,-76.4222158655586
27620793333.3,-81.14557133559575
27625791666.7,-90.34698307611035
27630790000.0,-91.43552896015348
27635788333.3,-76.13920427409803
27640786666.7,-79.22475040226536
27645785000.0,-72.66239787392423
27650783333.3,-72.45869439532315
27655781666.7,-71.029901272837
27660780000.0,-81.11610185350513
27665778333.3,-76.39982265116492
27670776666.7,-80.21628643660688
27675775000.0,-81.76812715136982
27680773333.3,-74.60919894557144
27685771666.7,-76.07534455568819
27690770000.0,-75.75053969486747
27695768333.3,-78.26035838834686
27700766666.7,-76.00443519220092
27705765000.0,-74.90159933353493
27710763333.3,-72.55900943335183
27715761666.7,-74.03436430371596
27720760000.0,-80.23823867635238
27725758333.3,-79.86061670901955
27730756666.7,-78.63327037921741
27735755000.0,-75.09816984274818
27740753333.3,-71.01484133496906
27745751666.7,-75.16970219635172
27750750000.0,-77.66212373366186
27755748333.3,-73.8810549167723
27760746666.7,-74.64530201267617
27765745000.0,-82.95611994182671
27770743333.3,-85.67938800386088
27775741666.7,-86.35853967038038
27780740000.0,-79.36478302434887
27785738333.3,-83.54754582206576
27790736666.7,-75.07967238116949
27795735000.0,-91.32511834486424
27800733333.3,-71.7396835782079
27805731666.7,-70.97328812599746
27810730000.0,-70.16070473819396
27815728333.3,-72.9602656955734
27820726666.7,-69.78733072520872
27825725000.0,-71.38989715638688
27830723333.3,-75.01738108694617
27835721666.7,-105.39290561607429
27840720000.0,-72.1723165870226
27845718333.3,-78.86009997040782
27850716666.7,-76.85206399973451
27855715000.0,-77.06666986133419
27860713333.3,-73.48391057802229
27865711666.7,-76.92654642244801
27870710000.0,-70.10023083345163
27875708333.3,-77.33475439793482
27880706666.7,-73.97152225931353
27885705000.0,-89.33610941864843
27890703333.3,-76.59001714686302
27895701666.7,-80.53112897627818
27900700000.0,-70.12727425803283
27905698333.3,-71.11763369215868
27910696666.7,-80.69092604874378
27915695000.0,-85.30164395494289
27920693333.3,-71.25691638248037
27925691666.7,-81.03767755836571
27930690000.0,-76.33558491772044
27935688333.3,-73.85091861676244
27940686666.7,-76.0447631258635
27945685000.0,-84.05361121044415
27950683333.3,-78.00952336969432
27955681666.7,-71.8108416874243
27960680000.0,-78.21568882224386
27965678333.3,-71.53907454134401
27970676666.7,-76.04977726991342
27975675000.0,-72.15755062987472
27980673333.3,-72.74706919389362
27985671666.7,-72.4020086124012
27990670000.0,-73.9491368666074
27995668333.3,-80.22775043395532
28000666666.7,-78.5475835439878
28005665000.0,-81.32792042442364
28010663333.3,-75.49461962985163
28015661666.7,-71.54712906454674
28020660000.0,-85.38824697174698
28025658333.3,-80.7527293386857
28030656666.7,-72.15152723407122
28035655000.0,-81.51903203740434
28040653333.3,-84.44621849548892
28045651666.7,-91.91724153003592
28050650000.0,-78.41789809304122
28055648333.3,-75.80691837693661
28060646666.7,-78.7918365942915
28065645000.0,-74.90736767175359
28070643333.3,-77.41941489309676
28075641666.7,-69.36736751364333
28080640000.0,-76.46227013951408
28085638333.3,-71.37766251513224
28090636666.7,-85.56613833171858
28095635000.0,-73.30259809669019
28100633333.3,-78.11074167163858
28105631666.7,-77.83939191021202
28110630000.0,-70.96083295140532
28115628333.3,-72.14286767689974
28120626666.7,-76.19540615070261
28125625000.0,-84.31604583838742
28130623333.3,-83.17318606260406
28135621666.7,-75.30408463951099
28140620000.0,-81.59675204211312
28145618333.3,-91.12947481036939
28150616666.7,-82.62082135118806
28155615000.0,-82.89338960963758
28160613333.3,-71.32629453757983
28165611666.7,-86.1337721124147
28170610000.0,-73.63668171477202
28175608333.3,-73.12823116146716
28180606666.7,-84.08730310511038
28185605000.0,-72.03869544543895
28190603333.3,-75.57291440923969
28195601666.7,-74.14224933511215
28200600000.0,-71.00505549528908
28205598333.3,-75.67521178097867
28210596666.7,-70.3913885475922
28215595000.0,-71.0068649584481
28220593333.3,-73.0646240273272
28225591666.7,-77.39746536065795
28230590000.0,-77.9888064496319
28235588333.3,-76.22918396209363
28240586666.7,-74.72012005481955
28245585000.0,-82.88643569741352
28250583333.3,-74.08873606552446
28255581666.7,-95.85147081722698
28260580000.0,-79.27570897891775
28265578333.3,-80.84781169043445
28270576666.7,-87.73156332624824
28275575000.0,-76.75322493780848
28280573333.3,-90.9618690930372
28285571666.7,-75.25614215026098
28290570000.0,-74.91054528193438
28295568333.3,-77.1522757918096
28300566666.7,-75.67930733864172
28305565000.0,-82.85692769362923
28310563333.3,-96.52816866890126
28315561666.7,-81.67557397649406
28320560000.0,-79.35378898275438
28325558333.3,-76.57439662953693
28330556666.7,-70.2828468759351
28335555000.0,-80.05142549992368
28340553333.3,-75.83504084701107
28345551666.7,-85.30959857478608
28350550000.0,-80.13363031675476
28355548333.3,-83.65107788783477
28360546666.7,-77.0672950186973
28365545000.0,-77.2770556448693
28370543333.3,-76.3002332608742
28375541666.7,-78.89996305719399
28380540000.0,-87.85706961116557
28385538333.3,-79.56681585590566
28390536666.7,-70.83943938950605
28395535000.0,-70.61041989654576
28400533333.3,-79.69191748484312
28405531666.7,-77.53918008418991
28410530000.0,-84.29439342945969
28415528333.3,-73.75120487068808
28420526666.7,-72.2804409999385
28425525000.0,-73.89174482534143
28430523333.3,-79.96686501605937
28435521666.7,-88.36476886347626
28440520000.0,-75.66352933677385
28445518333.3,-71.30633780843843
28450516666.7,-73.2509143278555
28455515000.0,-88.1316683168992
28460513333.3,-79.37922287403603
28465511666.7,-76.89880489100464
28470510000.0,-85.19601340114306
28475508333.3,-74.17799833551088
28480506666.7,-77.32197406269331
28485505000.0,-84.8428578389941
28490503333.3,-70.41022523791918
28495501666.7,-72.39472613409289
28500500000.0,-80.837289175753
28505498333.3,-73.83258957871408
28510496666.7,-78.93338527530832
28515495000.0,-77.91628112661675
28520493333.3,-77.94255306305156
28525491666.7,-72.44987391793208
28530490000.0,-75.18237864188899
28535488333.3,-78.51573903368947
28540486666.7,-76.46829140179312
28545485000.0,-74.57448474733316
28550483333.3,-82.17444440917913
28555481666.7,-72.11592898528787
28560480000.0,-75.45196636470757
28565478333.3,-74.464468262423
28570476666.7,-72.67427898652801
28575475000.0,-88.41292901554942
28580473333.3,-73.57176068452806
28585471666.7,-78.42896880283104
28590470000.0,-76.864497057788
28595468333.3,-77.75552695994767
28600466666.7,-84.46848886436132
28605465000.0,-81.74712572507784
28610463333.3,-81.75036040410454
28615461666.7,-81.2149024933734
28620460000.0,-70.24070636432809
28625458333.3,-76.20767779094967
28630456666.7,-78.9525041691825
28635455000.0,-75.41430623873809
28640453333.3,-75.26741138713851
28645451666.7,-79.452646300586
28650450000.0,-81.38391112841191
28655448333.3,-74.6518115869026
28660446666.7,-75.2826410853275
28665445000.0,-85.14831358283718
28670443333.3,-76.11793713426738
28675441666.7,-75.54219827709365
28680440000.0,-73.29370689267111
28685438333.3,-81.21568602784748
28690436666.7,-74.51549211204662
28695435000.0,-75.33678677173486
28700433333.3,-76.01556189025695
28705431666.7,-89.01939347334776
28710430000.0,-75.38306125798157
28715428333.3,-69.87333523068502
28720426666.7,-73.72700644763961
28725425000.0,-82.05572192529647
28730423333.3,-75.01641848316348
28735421666.7,-74.50477238931747
28740420000.0,-80.48768240786758
28745418333.3,-70.96587096329196
28750416666.7,-78.55997375948797
28755415000.0,-71.82130193828233
28760413333.3,-80.07913233102003
28765411666.7,-68.51614254030635
28770410000.0,-77.73923721527922
28775408333.3,-81.25815043169966
28780406666.7,-77.5426792040344
28785405000.0,-77.94444076643289
28790403333.3,-79.75150453359377
28795401666.7,-76.5794708131187
28800400000.0,-77.61031588774931
28805398333.3,-88.49081330120481
28810396666.7,-74.31985898132007
28815395000.0,-77.1452659963917
28820393333.3,-72.25011759211606
28825391666.7,-87.40583100855463
28830390000.0,-76.23097897302242
28835388333.3,-71.55517828719766
28840386666.7,-75.06036789661283
28845385000.0,-71.5191949485602
28850383333.3,-78.9833137759418
28855381666.7,-76.03511773869756
28860380000.0,-74.00215588659546
28865378333.3,-92.27306722917156
28870376666.7,-72.36418740950755
28875375000.0,-79.92671289933965
28880373333.3,-82.32025011879452
28885371666.7,-76.5389043008071
28890370000.0,-73.59224814886338
28895368333.3,-74.10640563522168
28900366666.7,-81.68333733054355
28905365000.0,-72.14926387349348
28910363333.3,-76.98244193400002
28915361666.7,-96.94971907425852
28920360000.0,-73.161850996271
28925358333.3,-76.10317610752658
28930356666.7,-79.39564989087002
28935355000.0,-82.96545340750676
28940353333.3,-75.1740548607492
28945351666.7,-82.94177194977833
28950350000.0,-84.28260216603826
28955348333.3,-75.62466224079904
28960346666.7,-80.99168564757804
28965345000.0,-79.59000588396029
28970343333.3,-72.62203794075226
28975341666.7,-94.07911975186718
28980340000.0,-75.9782099667138
28985338333.3,-77.30860105478563
28990336666.7,-74.98076447953694
28995335000.0,-72.32952998981511
29000333333.3,-72.31665570261883
29005331666.7,-80.27556923801036
29010330000.0,-77.36730380748381
29015328333.3,-72.21102526632583
29020326666.7,-79.37559041945549
29025325000.0,-76.71071633690956
29030323333.3,-72.48263738311917
29035321666.7,-74.83740701051553
29040320000.0,-75.65870221287857
29045318333.3,-71.90583739087296
29050316666.7,-76.07931946205537
29055315000.0,-82.07745864585385
29060313333.3,-76.05866262793154
29065311666.7,-76.3287386141465
29070310000.0,-100.69583731515462
29075308333.3,-83.5738513622972
29080306666.7,-76.2890493085716
29085305000.0,-73.98777382831177
29090303333.3,-82.74875450396095
29095301666.7,-83.69648475406846
29100300000.0,-75.0451668438085
29105298333.3,-85.85858190673167
29110296666.7,-80.18548539199327
29115295000.0,-85.42831826470719
29120293333.3,-72.96114847804962
29125291666.7,-80.38474750837032
29130290000.0,-73.16405913574182
29135288333.3,-82.30192377877897
29140286666.7,-73.17086086818006
29145285000.0,-76.83045080016046
29150283333.3,-77.08960561564234
29155281666.7,-74.47896882486354
29160280000.0,-76.75223550694903
29165278333.3,-70.64295052412577
29170276666.7,-70.83924740736944
29175275000.0,-78.71739088297484
29180273333.3,-71.02691399090483
29185271666.7,-88.31920626144075
29190270000.0,-76.83058215190371
29195268333.3,-76.95104764764463
29200266666.7,-80.23797024432498
29205265000.0,-84.53313510186558
29210263333.3,-74.18635334556494
29215261666.7,-78.0428734279396
29220260000.0,-77.85471283993684
29225258333.3,-74.98298640425125
29230256666.7,-76.82675695216086
29235255000.0,-76.21288139675633
29240253333.3,-73.57604805253794
29245251666.7,-80.05849875359203
29250250000.0,-74.80716875820453
29255248333.3,-75.20855917402699
29260246666.7,-82.73515791467466
29265245000.0,-76.07991880757848
29270243333.3,-74.82025902771584
29275241666.7,-88.76760174996713
29280240000.0,-82.00465106477853
29285238333.3,-83.99820013063339
29290236666.7,-72.81787899198739
29295235000.0,-78.43105900959394
29300233333.3,-75.82557532983908
29305231666.7,-79.6352937010899
29310230000.0,-77.16596150894681
29315228333.3,-81.07649524208705
29320226666.7,-73.86959722032393
29325225000.0,-82.80626881710083
29330223333.3,-77.07503582200489
29335221666.7,-72.43697167246196
29340220000.0,-75.53597242535538
29345218333.3,-75.60585897229487
29350216666.7,-73.92652753975274
29355215000.0,-72.26441815495045
29360213333.3,-76.452913862653
29365211666.7,-74.11927403936437
29370210000.0,-75.41380574267072
29375208333.3,-72.51491001516295
29380206666.7,-77.07013515374422
29385205000.0,-82.889935789195
29390203333.3,-72.33414826195332
29395201666.7,-76.46239712230121
29400200000.0,-77.25969327385467
29405198333.3,-81.51184621385059
29410196666.7,-78.05648058179625
29415195000.0,-78.06926347609692
29420193333.3,-82.49157989583657
29425191666.7,-73.81224818517342
29430190000.0,-73.48065724519233
29435188333.3,-73.91494405390716
29440186666.7,-79.29023453446194
29445185000.0,-74.8286238689132
29450183333.3,-79.17256570659858
29455181666.7,-77.1826365691148
29460180000.0,-78.91334165892195
29465178333.3,-81.59810250969642
29470176666.7,-72.15901688864261
29475175000.0,-80.43333415359317
29480173333.3,-87.01862235503206
29485171666.7,-78.97873251007735
29490170000.0,-85.11172560330809
29495168333.3,-81.35326175673372
29500166666.7,-75.93717527094631
29505165000.0,-76.31994146596027
29510163333.3,-80.52127100726976
29515161666.7,-77.49930599367018
29520160000.0,-69.16786497171584
29525158333.3,-73.59627129622473
29530156666.7,-70.88836206611111
29535155000.0,-73.67631570501868
29540153333.3,-75.06263900247231
29545151666.7,-80.59356397082765
29550150000.0,-72.91234807796961
29555148333.3,-82.45051452707088
29560146666.7,-81.73870010614586
29565145000.0,-81.91512503480233
29570143333.3,-74.45926116528528
29575141666.7,-80.37546856973171
29580140000.0,-82.36664379800044
29585138333.3,-82.89869945989776
29590136666.7,-74.23437822775779
29595135000.0,-76.1226175174052
29600133333.3,-78.35471380741878
29605131666.7,-73.94407013495089
29610130000.0,-77.8901900440494
29615128333.3,-74.58849709173263
29620126666.7,-84.03434690281665
29625125000.0,-75.77212184931695
29630123333.3,-81.87871758423364
29635121666.7,-76.12983255286669
29640120000.0,-84.72103641591826
29645118333.3,-79.26164237016896
29650116666.7,-77.58559069414366
29655115000.0,-72.63775422273348
29660113333.3,-77.02278325568963
29665111666.7,-79.85623451874949
29670110000.0,-94.24030555935538
29675108333.3,-83.67948875967237
29680106666.7,-83.54107880915683
29685105000.0,-78.80296276387361
29690103333.3,-73.41006686417815
29695101666.7,-74.338371227795
29700100000.0,-89.2225706626332
29705098333.3,-70.96543787763531
29710096666.7,-77.09251775802801
29715095000.0,-76.31076359036484
29720093333.3,-79.04816168545507
29725091666.7,-78.8108588054123
29730090000.0,-82.7334476102834
29735088333.3,-75.29226115926355
29740086666.7,-86.48869724590634
29745085000.0,-77.43132830468717
29750083333.3,-77.99496423484672
29755081666.7,-86.65045679489543
29760080000.0,-79.5713173312215
29765078333.3,-78.2379416986915
29770076666.7,-74.61431834767822
29775075000.0,-90.09390282743678
29780073333.3,-76.3386622151504
29785071666.7,-81.61218958153452
29790070000.0,-72.41593657571659
29795068333.3,-73.703932452746
29800066666.7,-75.91822755638967
29805065000.0,-94.29610906187605
29810063333.3,-74.02639569822941
29815061666.7,-72.33429327772424
29820060000.0,-80.98802590499496
29825058333.3,-74.74059629711535
29830056666.7,-76.3249759591761
29835055000.0,-71.4669131510301
29840053333.3,-75.17722308071637
29845051666.7,-74.63935450257297
29850050000.0,-73.40523341265497
29855048333.3,-89.1382062170112
29860046666.7,-71.1745780563954
29865045000.0,-88.3992465640837
29870043333.3,-87.94238291807714
29875041666.7,-80.3297762877172
29880040000.0,-76.53202628593363
29885038333.3,-87.43005471876002
29890036666.7,-81.31178148293091
29895035000.0,-95.07009643622499
29900033333.3,-87.01614801702385
29905031666.7,-83.45932130000394
29910030000.0,-86.15501950894856
29915028333.3,-77.54725676599426
29920026666.7,-76.36246295663544
29925025000.0,-77.42365218937776
29930023333.3,-73.47788954747584
29935021666.7,-74.29323861561605
29940020000.0,-73.66900848145285
29945018333.3,-82.12544455134011
29950016666.7,-75.37617310430606
29955015000.0,-83.3628515534857
29960013333.3,-85.7223015666718
29965011666.7,-76.05723580589031
29970010000.0,-76.7836124273739
29975008333.3,-72.32284730098245
29980006666.7,-73.17522457422398
29985005000.0,-79.20892986650418
29990003333.3,-72.7264684112641
29995001666.7,-80.93355725197652
30000000000.0,-78.16445749464508
