Frequency_Hz,Magnitude_dB
10000000.0,-58.210939968618504
14998333.3333,-72.35343681103971
19996666.6667,-62.01413522663766
24995000.0,-57.44518670337135
29993333.3333,-58.880648580826545
34991666.6667,-58.3327501415016
39990000.0,-61.26167700017341
44988333.3333,-58.72201478990846
49986666.6667,-60.3658012434698
54985000.0,-58.23261629267162
59983333.3333,-60.27531197939218
64981666.6667,-56.760505003630115
69980000.0,-57.78101083679377
74978333.3333,-59.82727343302344
79976666.6667,-58.04390197859209
84975000.0,-58.21979048163812
89973333.3333,-60.42976329480897
94971666.6667,-58.33925476775975
99970000.0,-58.22177283611371
104968333.333,-58.43228653309278
109966666.667,-58.97117113854311
114965000.0,-59.01110585054079
119963333.333,-58.172570753271266
124961666.667,-59.35897245654922
129960000.0,-58.919870291692824
134958333.333,-58.5093694452281
139956666.667,-59.250425666063805
144955000.0,-58.319759574960905
149953333.333,-59.06571982645954
154951666.667,-58.56805880593542
159950000.0,-58.58603065933796
164948333.333,-59.232157091730464
169946666.667,-59.59272782454211
174945000.0,-59.39900954881356
179943333.333,-58.79786145289319
184941666.667,-60.256180544093695
189940000.0,-59.09255438831694
194938333.333,-59.03288376646036
199936666.667,-58.879883134940556
204935000.0,-60.129969654818794
209933333.333,-59.19745960042161
214931666.667,-59.35151931258978
219930000.0,-58.84885070504271
224928333.333,-59.89783026895469
229926666.667,-59.089116792351064
234925000.0,-59.32992897767665
239923333.333,-59.992351162236126
244921666.667,-58.91063872044835
249920000.0,-59.984444244021304
254918333.333,-61.07791442379644
259916666.667,-59.850786545881704
264915000.0,-59.75071352913125
269913333.333,-59.256158328426764
274911666.667,-59.99356931565798
279910000.0,-60.16560203725747
284908333.333,-59.1181793771645
289906666.667,-58.98337875416005
294905000.0,-61.67645366679789
299903333.333,-61.727046475678435
304901666.667,-59.462220670890844
309900000.0,-59.868549831297344
314898333.333,-59.59704457435977
319896666.667,-60.163947158975255
324895000.0,-60.717189423770165
329893333.333,-59.57172173128522
334891666.667,-59.875087057069194
339890000.0,-59.122498673022164
344888333.333,-60.77592742963414
349886666.667,-60.391731043695145
354885000.0,-60.47102371323548
359883333.333,-60.212962913067265
364881666.667,-59.635758885688226
369880000.0,-59.72900962714953
374878333.333,-60.801422630260504
379876666.667,-59.56409745578203
384875000.0,-60.650377594884795
389873333.333,-59.87849194483025
394871666.667,-59.632028042639256
399870000.0,-59.88690865892921
404868333.333,-59.704262569014084
409866666.667,-59.13967501833099
414865000.0,-60.0938486839061
419863333.333,-59.215201218634505
424861666.667,-59.336537974292554
429860000.0,-59.531411581640576
434858333.333,-59.59524192181913
439856666.667,-60.0607875130335
444855000.0,-59.297505023463685
449853333.333,-59.930484530609576
454851666.667,-59.5071528006612
459850000.0,-60.43552078334312
464848333.333,-60.06684107297982
469846666.667,-59.492170262593724
474845000.0,-60.7906057718087
479843333.333,-60.626721240597035
484841666.667,-59.14268780642451
489840000.0,-60.64615727585311
494838333.333,-60.0573287398871
499836666.667,-60.27717049076705
504835000.0,-59.6427899226756
509833333.333,-59.6239314015272
514831666.667,-59.04919700385604
519830000.0,-59.882700312678566
524828333.333,-59.51381418024187
529826666.667,-59.79118469090304
534825000.0,-59.69030506185014
539823333.333,-59.08603443860939
544821666.667,-59.705076638619715
549820000.0,-59.47966881070157
554818333.333,-59.33677485447199
559816666.667,-59.60024649837224
564815000.0,-59.76718530339558
569813333.333,-58.79337906202463
574811666.667,-60.296775741524556
579810000.0,-59.03149208092064
584808333.333,-59.23651994001237
589806666.667,-59.74226893189356
594805000.0,-60.59840397806765
599803333.333,-60.78176135485937
604801666.667,-59.27328428979952
609800000.0,-60.1403706047488
614798333.333,-59.60641300684777
619796666.667,-58.95526760470141
624795000.0,-59.44724437920834
629793333.333,-59.57110741708429
634791666.667,-59.70314945809726
639790000.0,-59.49381357118591
644788333.333,-59.487481301543596
649786666.667,-59.35996009714807
654785000.0,-59.367039616592905
659783333.333,-59.3687852088543
664781666.667,-59.28415585457637
669780000.0,-58.5659244906857
674778333.333,-59.66616042854061
679776666.667,-59.661219950072336
684775000.0,-59.392506342094684
689773333.333,-59.36921774345623
694771666.667,-59.447307953705185
699770000.0,-59.84153416271567
704768333.333,-60.03825661104241
709766666.667,-59.12635465179446
714765000.0,-59.29206940259913
719763333.333,-58.426834146309766
724761666.667,-59.49732856213063
729760000.0,-58.80050987296418
734758333.333,-59.843416519369
739756666.667,-59.28679181679334
744755000.0,-59.19336326843677
749753333.333,-58.46022759681007
754751666.667,-59.52472363926232
759750000.0,-59.67039203874893
764748333.333,-59.65905609032211
769746666.667,-58.96698349647373
774745000.0,-59.127143492638794
779743333.333,-58.94746811610371
784741666.667,-59.757578091450014
789740000.0,-59.052818073525515
794738333.333,-59.74816888690605
799736666.667,-59.32555977192638
804735000.0,-59.001851431390776
809733333.333,-58.20528217497299
814731666.667,-58.670182884967545
819730000.0,-59.15270711417574
824728333.333,-58.76798813733554
829726666.667,-59.16614005279182
834725000.0,-59.24879932621538
839723333.333,-59.22036470292043
844721666.667,-59.27404750203701
849720000.0,-59.0758538848508
854718333.333,-59.51400397026948
859716666.667,-59.198124232127185
864715000.0,-59.397269793548524
869713333.333,-59.26653763862984
874711666.667,-59.37989860240407
879710000.0,-58.859656041594604
884708333.333,-59.56976893703171
889706666.667,-59.063160780354245
894705000.0,-59.17171947577013
899703333.333,-59.254132730163775
904701666.667,-59.23527777210589
909700000.0,-58.630987163650985
914698333.333,-59.08355462576345
919696666.667,-58.592265503900364
924695000.0,-58.88622913578299
929693333.333,-58.44165171087685
934691666.667,-58.874436641633174
939690000.0,-58.432422360267786
944688333.333,-58.8574869416501
949686666.667,-59.37327926283744
954685000.0,-58.911935360968855
959683333.333,-58.86813557871594
964681666.667,-58.885938154714125
969680000.0,-58.80042310870963
974678333.333,-58.67215418156853
979676666.667,-59.136006289021566
984675000.0,-58.85461247884486
989673333.333,-59.30602623284127
994671666.667,-58.223730114777055
999670000.0,-58.86973480496371
1004668333.33,-58.885380318635335
1009666666.67,-59.16875634896983
1014665000.0,-58.97460876482377
1019663333.33,-59.072617547104
1024661666.67,-58.97741995577577
1029660000.0,-59.35261551873484
1034658333.33,-58.90892777981162
1039656666.67,-59.45559252917831
1044655000.0,-58.98142832015991
1049653333.33,-59.00519812436605
1054651666.67,-59.50619143039784
1059650000.0,-59.638431410533556
1064648333.33,-58.96703333166922
1069646666.67,-59.23759139376784
1074645000.0,-59.02763127979956
1079643333.33,-59.29228696213494
1084641666.67,-59.1636063081134
1089640000.0,-59.313035196131274
1094638333.33,-59.00907179630021
1099636666.67,-59.85912478883981
1104635000.0,-58.69615149838259
1109633333.33,-59.275547250539745
1114631666.67,-59.081790107978335
1119630000.0,-59.47103111849387
1124628333.33,-59.53525488965479
1129626666.67,-59.65896266637667
1134625000.0,-59.138402184240746
1139623333.33,-59.647166555634016
1144621666.67,-59.36031369008618
1149620000.0,-59.30807051642993
1154618333.33,-59.49928798332641
1159616666.67,-59.76175064266246
1164615000.0,-59.104606496416416
1169613333.33,-58.97584286691494
1174611666.67,-59.03581749025099
1179610000.0,-59.639894126424686
1184608333.33,-58.72102570847568
1189606666.67,-59.83663320144133
1194605000.0,-59.29930323956925
1199603333.33,-59.18085252578476
1204601666.67,-58.623144819859654
1209600000.0,-58.67940793948123
1214598333.33,-59.14522785365687
1219596666.67,-58.92227979067394
1224595000.0,-59.126551034216234
1229593333.33,-58.76786652576791
1234591666.67,-59.36056488323496
1239590000.0,-58.60155914070229
1244588333.33,-58.59318844338871
1249586666.67,-59.34484029090592
1254585000.0,-58.567376855457795
1259583333.33,-59.12103872479192
1264581666.67,-58.530533680031326
1269580000.0,-59.36176218679445
1274578333.33,-58.883705953206594
1279576666.67,-58.80086264362279
1284575000.0,-58.71881782172201
1289573333.33,-58.95367030909025
1294571666.67,-58.96422374067025
1299570000.0,-58.27060675870908
1304568333.33,-58.73199244977784
1309566666.67,-59.09793349631897
1314565000.0,-58.336545112385295
1319563333.33,-59.06895272147913
1324561666.67,-58.768512501688875
1329560000.0,-58.88605762545243
1334558333.33,-59.01230419396333
1339556666.67,-58.67912160016333
1344555000.0,-59.146018039492276
1349553333.33,-59.460924589432196
1354551666.67,-59.16501191485768
1359550000.0,-59.48710973345679
1364548333.33,-59.2269678536791
1369546666.67,-59.478322301500924
1374545000.0,-59.022929573289545
1379543333.33,-58.82182271410717
1384541666.67,-58.99202557624049
1389540000.0,-58.94079675330084
1394538333.33,-59.2300277375259
1399536666.67,-59.33438322860928
1404535000.0,-58.91054974380425
1409533333.33,-59.41262418998772
1414531666.67,-59.11384727890627
1419530000.0,-58.83830889939652
1424528333.33,-59.0341206064754
1429526666.67,-59.582223883833436
1434525000.0,-58.890196884655175
1439523333.33,-59.4026081213794
1444521666.67,-58.732503751168665
1449520000.0,-58.61277360194889
1454518333.33,-59.065674380083976
1459516666.67,-59.07755521768115
1464515000.0,-58.85401199645669
1469513333.33,-59.030270107197964
1474511666.67,-59.38594358228553
1479510000.0,-58.743040283155956
1484508333.33,-58.74783545473989
1489506666.67,-59.236608325194304
1494505000.0,-58.3934198730897
1499503333.33,-58.77077594884249
1504501666.67,-58.41930773432357
1509500000.0,-58.27328524910491
1514498333.33,-58.953327533774996
1519496666.67,-58.85323738529892
1524495000.0,-58.41152280617095
1529493333.33,-58.61831690461458
1534491666.67,-58.87246897916778
1539490000.0,-59.152831634525384
1544488333.33,-58.893950082181206
1549486666.67,-58.610415882215314
1554485000.0,-59.276506025982485
1559483333.33,-58.51672616454748
1564481666.67,-58.361925726990705
1569480000.0,-59.198950622966024
1574478333.33,-58.791671883264
1579476666.67,-58.93925446448637
1584475000.0,-59.64592500935595
1589473333.33,-58.67950387546739
1594471666.67,-58.998196081969496
1599470000.0,-58.42225001475527
1604468333.33,-59.10545970698719
1609466666.67,-59.36458804013078
1614465000.0,-59.11287891949315
1619463333.33,-58.89600272799578
1624461666.67,-58.96102903870677
1629460000.0,-59.24216811349436
1634458333.33,-59.06736287864264
1639456666.67,-59.070613593319045
1644455000.0,-58.98035354858182
1649453333.33,-58.849759073477216
1654451666.67,-59.226972401308004
1659450000.0,-58.87122043463654
1664448333.33,-58.83383693016935
1669446666.67,-59.42246811619725
1674445000.0,-59.49325858380196
1679443333.33,-59.659480229872024
1684441666.67,-59.236366107698984
1689440000.0,-58.958404821268275
1694438333.33,-59.32940934820523
1699436666.67,-58.78520067234541
1704435000.0,-59.12057133002825
1709433333.33,-59.65814057618804
1714431666.67,-59.14548524163135
1719430000.0,-59.521679042140065
1724428333.33,-58.78905696423815
1729426666.67,-59.481882365681386
1734425000.0,-59.13960863490526
1739423333.33,-59.36671789049793
1744421666.67,-59.32788115886227
1749420000.0,-59.343181962362365
1754418333.33,-59.30284607235737
1759416666.67,-58.57669750295247
1764415000.0,-59.247641885483546
1769413333.33,-59.509956083790314
1774411666.67,-59.091225740549035
1779410000.0,-59.282240778215154
1784408333.33,-59.530293218371014
1789406666.67,-59.587017201112396
1794405000.0,-59.069451613760016
1799403333.33,-59.32392755873168
1804401666.67,-59.55550043516044
1809400000.0,-58.50773327776808
1814398333.33,-58.95407385661386
1819396666.67,-59.39479321539878
1824395000.0,-59.68920067246692
1829393333.33,-59.08991193141952
1834391666.67,-58.612041145862825
1839390000.0,-59.2349627891626
1844388333.33,-59.14108243798992
1849386666.67,-59.25066118767697
1854385000.0,-59.5443624724323
1859383333.33,-59.29209262338591
1864381666.67,-59.190369897609955
1869380000.0,-59.673372169020084
1874378333.33,-58.92457124687067
1879376666.67,-59.132333322729224
1884375000.0,-59.545656981770904
1889373333.33,-59.32603432744646
1894371666.67,-59.50020612270797
1899370000.0,-58.92536954597417
1904368333.33,-59.53411769719046
1909366666.67,-59.53290566858806
1914365000.0,-59.77497550399065
1919363333.33,-58.827931548376114
1924361666.67,-59.228300952326805
1929360000.0,-58.96010838149927
1934358333.33,-58.80576111286573
1939356666.67,-58.88038690806023
1944355000.0,-59.463378669383815
1949353333.33,-59.56148472569204
1954351666.67,-59.041966903699496
1959350000.0,-59.28565033892426
1964348333.33,-59.261063597002504
1969346666.67,-58.86258487994398
1974345000.0,-58.96803499037038
1979343333.33,-59.2942386642669
1984341666.67,-58.75339978616046
1989340000.0,-59.347491462935416
1994338333.33,-58.57353021638624
1999336666.67,-59.24600891718452
2004335000.0,-59.480178091474045
2009333333.33,-59.350846334251116
2014331666.67,-59.24537275062246
2019330000.0,-59.5493612452007
2024328333.33,-59.63980946010682
2029326666.67,-58.76885222930192
2034325000.0,-58.93130222591936
2039323333.33,-59.47020983300454
2044321666.67,-58.527481554863414
2049320000.0,-59.09536345967359
2054318333.33,-59.22162642042814
2059316666.67,-59.520473819764376
2064315000.0,-59.43742409017986
2069313333.33,-59.03261270825474
2074311666.67,-59.718817811799845
2079310000.0,-58.660434680970035
2084308333.33,-59.363111059703684
2089306666.67,-59.11319269517719
2094305000.0,-59.09337626194842
2099303333.33,-59.46480927270545
2104301666.67,-59.58974219024657
2109300000.0,-58.889837280859474
2114298333.33,-58.96232520517814
2119296666.67,-59.40687424125991
2124295000.0,-58.640091940805576
2129293333.33,-58.945591220183466
2134291666.67,-59.089559550187374
2139290000.0,-59.379549913120854
2144288333.33,-59.006890683049804
2149286666.67,-59.157579017412914
2154285000.0,-59.26670412444656
2159283333.33,-58.87890696768152
2164281666.67,-59.0864748803162
2169280000.0,-59.3399441206214
2174278333.33,-59.09857274088101
2179276666.67,-59.261890008815186
2184275000.0,-59.08054192499543
2189273333.33,-59.142074461512955
2194271666.67,-58.861421902380194
2199270000.0,-59.032847477329796
2204268333.33,-58.81436821275392
2209266666.67,-59.10128756364821
2214265000.0,-59.119572865028225
2219263333.33,-58.95503565491859
2224261666.67,-58.97557906985061
2229260000.0,-58.84514775222719
2234258333.33,-59.1325477119931
2239256666.67,-58.88216813539654
2244255000.0,-58.856078649123276
2249253333.33,-58.955080270046594
2254251666.67,-58.81998341165562
2259250000.0,-59.2187327908298
2264248333.33,-58.99721158416456
2269246666.67,-59.2668868104778
2274245000.0,-58.78213137895031
2279243333.33,-59.05357674031191
2284241666.67,-59.01758078438229
2289240000.0,-58.61053966504823
2294238333.33,-58.8358501287657
2299236666.67,-59.303512353391845
2304235000.0,-59.36593701849152
2309233333.33,-58.92786390533439
2314231666.67,-58.88480357826531
2319230000.0,-58.963917977638765
2324228333.33,-58.85750256668856
2329226666.67,-59.05902262229085
2334225000.0,-59.248174185076614
2339223333.33,-58.7826299627628
2344221666.67,-59.014522813171986
2349220000.0,-59.08904849212293
2354218333.33,-59.298416972486166
2359216666.67,-58.96477066998162
2364215000.0,-58.70673662300941
2369213333.33,-59.32186980272189
2374211666.67,-59.77178163151989
2379210000.0,-59.48606692310185
2384208333.33,-59.08073773616141
2389206666.67,-59.08921371793136
2394205000.0,-59.07968745101926
2399203333.33,-58.78133150639063
2404201666.67,-59.13013885711956
2409200000.0,-58.79846763861941
2414198333.33,-58.76649578159057
2419196666.67,-59.0379858615379
2424195000.0,-58.36313897321776
2429193333.33,-58.46676720062935
2434191666.67,-58.83692911460979
2439190000.0,-59.09032653986309
2444188333.33,-58.59007545867663
2449186666.67,-59.114895587416065
2454185000.0,-58.64078016420081
2459183333.33,-58.7337871039674
2464181666.67,-58.53876259412999
2469180000.0,-58.194940469129406
2474178333.33,-59.00395195089467
2479176666.67,-58.59489844002083
2484175000.0,-58.759761702758475
2489173333.33,-58.515647730534745
2494171666.67,-58.79420092946798
2499170000.0,-58.43257171669168
2504168333.33,-58.809730093126916
2509166666.67,-58.620147221678764
2514165000.0,-58.25296206784408
2519163333.33,-58.19457288564018
2524161666.67,-58.63520310431256
2529160000.0,-58.6440492445243
2534158333.33,-58.60790599572348
2539156666.67,-58.708843346041334
2544155000.0,-58.47051005690788
2549153333.33,-58.63146307961837
2554151666.67,-58.57084472292942
2559150000.0,-58.62911950090247
2564148333.33,-58.71511594632055
2569146666.67,-58.35611935127919
2574145000.0,-58.82498300684319
2579143333.33,-59.07014461693652
2584141666.67,-59.29211665087669
2589140000.0,-58.74952120594414
2594138333.33,-58.718906986200345
2599136666.67,-58.91487003107248
2604135000.0,-58.42196420330575
2609133333.33,-58.80479858093708
2614131666.67,-59.19624959799926
2619130000.0,-58.68079223231334
2624128333.33,-58.59096935319898
2629126666.67,-58.836553456563294
2634125000.0,-59.09005803885197
2639123333.33,-59.36478678977096
2644121666.67,-58.70575850854082
2649120000.0,-58.62968559544697
2654118333.33,-58.64374888288563
2659116666.67,-58.95668294583831
2664115000.0,-58.77107901620663
2669113333.33,-58.752990921031916
2674111666.67,-58.525303712050146
2679110000.0,-58.751341081521446
2684108333.33,-58.54893775094063
2689106666.67,-58.88203565587914
2694105000.0,-58.989767372179756
2699103333.33,-58.606987234243505
2704101666.67,-58.58764168559289
2709100000.0,-59.31404022797618
2714098333.33,-58.32671815437554
2719096666.67,-58.46698740592782
2724095000.0,-58.46471117933867
2729093333.33,-58.52431573982534
2734091666.67,-58.18491335013743
2739090000.0,-58.843703174163096
2744088333.33,-58.59384207600381
2749086666.67,-58.85013202087153
2754085000.0,-58.58530546823073
2759083333.33,-59.00112921132987
2764081666.67,-58.38636299621883
2769080000.0,-58.31139488072279
2774078333.33,-58.412139063771775
2779076666.67,-58.268880022381886
2784075000.0,-58.661511088029954
2789073333.33,-58.39276529103895
2794071666.67,-58.54306200181276
2799070000.0,-58.248081090204984
2804068333.33,-58.37674812067049
2809066666.67,-58.21337796893414
2814065000.0,-57.99304733717632
2819063333.33,-58.48029761964847
2824061666.67,-58.24092368977691
2829060000.0,-58.45678150842125
2834058333.33,-58.31718441944436
2839056666.67,-58.38778816177281
2844055000.0,-58.05483723908858
2849053333.33,-58.107882391383
2854051666.67,-58.02497916294095
2859050000.0,-58.22596383353555
2864048333.33,-58.40725043907369
2869046666.67,-58.41695359277669
2874045000.0,-58.07284628007516
2879043333.33,-58.30646606441695
2884041666.67,-58.09968771259888
2889040000.0,-58.00302624816198
2894038333.33,-58.498938869578936
2899036666.67,-58.27928042287372
2904035000.0,-58.32257749531631
2909033333.33,-58.40229080730845
2914031666.67,-58.15853605934529
2919030000.0,-58.572515931711486
2924028333.33,-58.0329592296047
2929026666.67,-58.3909827313191
2934025000.0,-58.41727535452752
2939023333.33,-58.26193757459193
2944021666.67,-58.50966386525875
2949020000.0,-58.8458474865825
2954018333.33,-58.60170599243102
2959016666.67,-58.687602184706506
2964015000.0,-58.47773237674158
2969013333.33,-57.99206873801897
2974011666.67,-58.3080897710743
2979010000.0,-58.517785044109786
2984008333.33,-58.56084611277606
2989006666.67,-58.47006419582413
2994005000.0,-58.44877768062928
2999003333.33,-58.14053011470485
3004001666.67,-58.35828697982286
3009000000.0,-58.222001688056366
3013998333.33,-58.325732836424145
3018996666.67,-58.26932661094625
3023995000.0,-58.492413177380584
3028993333.33,-58.4999155261616
3033991666.67,-58.29606439906571
3038990000.0,-58.37709917103168
3043988333.33,-58.27005818953161
3048986666.67,-58.60657954764982
3053985000.0,-58.499223121754696
3058983333.33,-58.46530242039243
3063981666.67,-58.182809051381696
3068980000.0,-57.98079333105725
3073978333.33,-58.33845236224636
3078976666.67,-58.29841934128565
3083975000.0,-58.32072611826176
3088973333.33,-58.16844273838857
3093971666.67,-58.217634896115726
3098970000.0,-57.981690365954314
3103968333.33,-58.533865800169664
3108966666.67,-58.645437763903736
3113965000.0,-58.405181440466365
3118963333.33,-58.18418099315216
3123961666.67,-58.174778731935525
3128960000.0,-57.682317083041504
3133958333.33,-58.06031506707944
3138956666.67,-58.13387478984272
3143955000.0,-57.98391957675325
3148953333.33,-57.9654069306107
3153951666.67,-58.285690987433114
3158950000.0,-58.061608249698715
3163948333.33,-57.9507966823737
3168946666.67,-58.22404227176321
3173945000.0,-57.90860733233384
3178943333.33,-58.30963063320834
3183941666.67,-58.07077209618804
3188940000.0,-58.059205181175955
3193938333.33,-57.80990406191037
3198936666.67,-57.73893389743851
3203935000.0,-57.95328600928596
3208933333.33,-57.679314656136455
3213931666.67,-58.049904396520596
3218930000.0,-58.016148962764184
3223928333.33,-58.436726423856086
3228926666.67,-58.18910008869072
3233925000.0,-58.53288973142568
3238923333.33,-57.970221295832545
3243921666.67,-58.11248110231227
3248920000.0,-58.06628915495129
3253918333.33,-57.592651104213736
3258916666.67,-58.35835787633015
3263915000.0,-58.45873051432116
3268913333.33,-57.585110533714065
3273911666.67,-58.29904087661224
3278910000.0,-58.066388272651324
3283908333.33,-57.98372214028801
3288906666.67,-58.12235031332692
3293905000.0,-57.95557611638
3298903333.33,-58.25423160430718
3303901666.67,-57.89692384439271
3308900000.0,-58.467723301472915
3313898333.33,-57.74276266660351
3318896666.67,-57.46545516869652
3323895000.0,-58.167562090554014
3328893333.33,-58.268065943787974
3333891666.67,-58.48231554087964
3338890000.0,-57.77808019965952
3343888333.33,-57.83405483945714
3348886666.67,-57.86119860083546
3353885000.0,-57.75757784077763
3358883333.33,-58.032302314660726
3363881666.67,-58.007585323871105
3368880000.0,-58.032150840803794
3373878333.33,-57.31870193191184
3378876666.67,-57.754415840773945
3383875000.0,-58.31739696065388
3388873333.33,-58.47249014114105
3393871666.67,-58.07159578471358
3398870000.0,-57.62913912692129
3403868333.33,-57.70154505711402
3408866666.67,-57.947757968813995
3413865000.0,-57.83996323212296
3418863333.33,-57.99940957610008
3423861666.67,-57.60961308330815
3428860000.0,-57.728171006825384
3433858333.33,-58.606052744269476
3438856666.67,-58.145058748225836
3443855000.0,-57.42272147920913
3448853333.33,-57.79187054441036
3453851666.67,-58.13214614869609
3458850000.0,-58.111212899607416
3463848333.33,-57.42420597122908
3468846666.67,-57.80390449550602
3473845000.0,-57.89277868002918
3478843333.33,-57.76881721099143
3483841666.67,-57.85928527490487
3488840000.0,-57.73286836091286
3493838333.33,-58.176585220690214
3498836666.67,-57.890217679613684
3503835000.0,-57.978933216638495
3508833333.33,-57.9734382311391
3513831666.67,-58.24744751695416
3518830000.0,-57.46404687443303
3523828333.33,-57.749436327569015
3528826666.67,-57.810280911455806
3533825000.0,-58.13559908396971
3538823333.33,-57.95877206835364
3543821666.67,-57.24510577489702
3548820000.0,-57.63341930561179
3553818333.33,-57.624133234094835
3558816666.67,-57.6472238402414
3563815000.0,-58.06538136567745
3568813333.33,-57.50470533804822
3573811666.67,-57.6289248543009
3578810000.0,-57.945579537166225
3583808333.33,-57.75127315139166
3588806666.67,-57.88120050304829
3593805000.0,-57.50682002558541
3598803333.33,-58.11906498622036
3603801666.67,-57.739047055306514
3608800000.0,-57.60806833228471
3613798333.33,-58.05397098126637
3618796666.67,-57.81214498678702
3623795000.0,-57.838732678877385
3628793333.33,-57.891901549463036
3633791666.67,-57.27484498577975
3638790000.0,-57.33385486725564
3643788333.33,-57.71821648701846
3648786666.67,-57.507719248340464
3653785000.0,-58.02763757963198
3658783333.33,-57.89119728853158
3663781666.67,-57.66453498984732
3668780000.0,-57.45598467049937
3673778333.33,-57.69923138424897
3678776666.67,-58.07844488110192
3683775000.0,-58.096050836135866
3688773333.33,-57.89605516010699
3693771666.67,-58.36851136583097
3698770000.0,-57.682981736095485
3703768333.33,-58.24439590368556
3708766666.67,-57.882603349060055
3713765000.0,-58.294739358081074
3718763333.33,-58.29464091393787
3723761666.67,-58.111115056801054
3728760000.0,-58.19003464807
3733758333.33,-57.99720610958015
3738756666.67,-58.36404144607219
3743755000.0,-58.30941694078736
3748753333.33,-57.7643748135569
3753751666.67,-57.97297078807255
3758750000.0,-57.97954857377967
3763748333.33,-58.691636916953634
3768746666.67,-57.89961357219301
3773745000.0,-58.0290226455577
3778743333.33,-58.19682710973599
3783741666.67,-58.464563278138
3788740000.0,-58.47683301415336
3793738333.33,-58.79932414234321
3798736666.67,-58.52043324556046
3803735000.0,-58.55391675211333
3808733333.33,-58.099201858010886
3813731666.67,-58.18504828695538
3818730000.0,-57.922013842200855
3823728333.33,-58.03669374972984
3828726666.67,-57.47625545091673
3833725000.0,-57.76816692940852
3838723333.33,-57.689233581820744
3843721666.67,-58.20292846812813
3848720000.0,-58.074302743419814
3853718333.33,-57.54763338440103
3858716666.67,-57.43112702044538
3863715000.0,-57.531191774703686
3868713333.33,-57.3195573958894
3873711666.67,-57.923298380984356
3878710000.0,-57.585626664404955
3883708333.33,-57.50958399799157
3888706666.67,-57.725758459536266
3893705000.0,-57.676928171096066
3898703333.33,-57.91668587666527
3903701666.67,-57.25082477251767
3908700000.0,-57.88901238344291
3913698333.33,-57.663110282278055
3918696666.67,-57.783447625302735
3923695000.0,-57.63818794268194
3928693333.33,-57.812323611101974
3933691666.67,-57.4985841064385
3938690000.0,-57.58751636803758
3943688333.33,-57.77248529642833
3948686666.67,-58.2460783657303
3953685000.0,-57.60813443634555
3958683333.33,-58.0170789211828
3963681666.67,-58.023249474481204
3968680000.0,-57.67965533796896
3973678333.33,-57.87686546348971
3978676666.67,-58.56385040042021
3983675000.0,-57.760446729949884
3988673333.33,-58.46780587282454
3993671666.67,-57.96166284923663
3998670000.0,-58.40563764976479
4003668333.33,-58.13143487334359
4008666666.67,-58.00628807575369
4013665000.0,-58.50045609812092
4018663333.33,-59.0490675895468
4023661666.67,-58.05563553906512
4028660000.0,-58.63913253501475
4033658333.33,-57.92368982903699
4038656666.67,-58.28479652901551
4043655000.0,-58.5504928736512
4048653333.33,-58.347114948111454
4053651666.67,-58.20204267139409
4058650000.0,-58.026122153614985
4063648333.33,-57.812332709242604
4068646666.67,-58.29033712796202
4073645000.0,-57.946002122327386
4078643333.33,-58.044133721637515
4083641666.67,-57.59473593452216
4088640000.0,-57.536510757120396
4093638333.33,-57.487429962781164
4098636666.67,-58.00861830802245
4103635000.0,-57.45936402191815
4108633333.33,-57.66460774625024
4113631666.67,-57.34183948031255
4118630000.0,-57.27678560510411
4123628333.33,-57.48526646620818
4128626666.67,-57.443310209409276
4133625000.0,-58.067744405768025
4138623333.33,-57.161405486066776
4143621666.67,-57.52549335970084
4148620000.0,-57.77887177604396
4153618333.33,-57.74431543049947
4158616666.67,-57.30554016187529
4163615000.0,-57.1826470780626
4168613333.33,-57.319100937906356
4173611666.67,-57.387512388093285
4178610000.0,-57.17501431683264
4183608333.33,-57.0775571027379
4188606666.67,-56.98567230703333
4193605000.0,-57.643192273792955
4198603333.33,-57.865068233221244
4203601666.67,-57.54612191406178
4208600000.0,-57.12356807448145
4213598333.33,-57.12466507176353
4218596666.67,-57.3971840355566
4223595000.0,-57.155621620813626
4228593333.33,-57.03340418673812
4233591666.67,-57.2788247827993
4238590000.0,-57.5195376075949
4243588333.33,-57.5751977370569
4248586666.67,-57.78136072576045
4253585000.0,-57.62093128236275
4258583333.33,-57.10254131871147
4263581666.67,-57.247924130470636
4268580000.0,-57.5648606710536
4273578333.33,-57.30567566874135
4278576666.67,-57.16818973704985
4283575000.0,-57.35198768107446
4288573333.33,-57.31557917820944
4293571666.67,-57.2733571830707
4298570000.0,-57.252463720328265
4303568333.33,-57.53994366316124
4308566666.67,-57.19602343067599
4313565000.0,-57.59478409131576
4318563333.33,-57.327911667193064
4323561666.67,-57.0926176555367
4328560000.0,-57.282637214606396
4333558333.33,-57.20062145814921
4338556666.67,-57.31661364144809
4343555000.0,-57.14625588941602
4348553333.33,-57.17089098263985
4353551666.67,-57.47278565459684
4358550000.0,-57.25071742953492
4363548333.33,-57.192488519376504
4368546666.67,-56.96690069995761
4373545000.0,-57.05574252424832
4378543333.33,-57.226049622927555
4383541666.67,-57.02686249711883
4388540000.0,-56.98766309962943
4393538333.33,-57.01871628400131
4398536666.67,-56.79821796858156
4403535000.0,-56.9099545788183
4408533333.33,-56.58015543079805
4413531666.67,-56.86095483279671
4418530000.0,-57.05432926289191
4423528333.33,-56.84856897026747
4428526666.67,-56.87265838203019
4433525000.0,-56.7957829828126
4438523333.33,-56.75098456291327
4443521666.67,-56.410890008325126
4448520000.0,-56.79812221219558
4453518333.33,-56.84763029352009
4458516666.67,-56.76601956069029
4463515000.0,-57.16236646053302
4468513333.33,-56.9076471215731
4473511666.67,-57.04294504901665
4478510000.0,-57.061805716978725
4483508333.33,-56.505935874546836
4488506666.67,-56.66068772133638
4493505000.0,-56.52670436407743
4498503333.33,-56.813432855988864
4503501666.67,-56.68482501017
4508500000.0,-56.69565268869554
4513498333.33,-56.533526388549916
4518496666.67,-56.495013973585145
4523495000.0,-56.51852885830412
4528493333.33,-56.65877534622945
4533491666.67,-56.96787667878924
4538490000.0,-56.87489648513313
4543488333.33,-56.8838028159378
4548486666.67,-56.83597126431999
4553485000.0,-56.949602940493314
4558483333.33,-56.64146179034905
4563481666.67,-56.76868068409404
4568480000.0,-56.51948563838856
4573478333.33,-56.444615760037706
4578476666.67,-56.70105328859569
4583475000.0,-56.46154694053119
4588473333.33,-56.510936372790695
4593471666.67,-57.02054101367925
4598470000.0,-56.85572900143232
4603468333.33,-56.48242414693772
4608466666.67,-56.34329912250006
4613465000.0,-56.47535309982974
4618463333.33,-56.426706697015604
4623461666.67,-56.12942363641973
4628460000.0,-56.65306137345656
4633458333.33,-56.4317697563028
4638456666.67,-56.49750967179199
4643455000.0,-56.5162538756804
4648453333.33,-56.322180104782106
4653451666.67,-56.56630535844842
4658450000.0,-56.481247902265096
4663448333.33,-56.695160252172954
4668446666.67,-56.758828741310424
4673445000.0,-56.58509961929285
4678443333.33,-56.308070769959116
4683441666.67,-56.49499413698585
4688440000.0,-56.14740811329135
4693438333.33,-56.123683079769116
4698436666.67,-56.084394879531374
4703435000.0,-56.07795530032503
4708433333.33,-56.184656306480875
4713431666.67,-56.516964311456235
4718430000.0,-56.40359991168651
4723428333.33,-56.74267291307967
4728426666.67,-56.50247884036007
4733425000.0,-56.8345741844941
4738423333.33,-56.35258929685823
4743421666.67,-56.79393040184741
4748420000.0,-56.52027810724053
4753418333.33,-56.653461978872755
4758416666.67,-56.45764241659684
4763415000.0,-56.18672616711086
4768413333.33,-56.28214960694925
4773411666.67,-56.31563665364883
4778410000.0,-56.115187207282666
4783408333.33,-55.919571807086484
4788406666.67,-56.2876602485299
4793405000.0,-55.75094982643361
4798403333.33,-55.91840569403885
4803401666.67,-56.167528184478044
4808400000.0,-55.850451607389914
4813398333.33,-56.27665222663825
4818396666.67,-56.23755842842125
4823395000.0,-55.63036756535948
4828393333.33,-55.90996254635567
4833391666.67,-56.08934603791855
4838390000.0,-56.04755573895204
4843388333.33,-56.175303782550216
4848386666.67,-56.1466672085967
4853385000.0,-56.11888929590176
4858383333.33,-55.6221714519691
4863381666.67,-56.18714581983095
4868380000.0,-55.838069852265654
4873378333.33,-55.616577754889356
4878376666.67,-56.092042636748936
4883375000.0,-55.88919043702997
4888373333.33,-55.63418611983687
4893371666.67,-55.94806097574336
4898370000.0,-56.00736834021178
4903368333.33,-55.83875515783091
4908366666.67,-55.90881239086605
4913365000.0,-55.886915969284665
4918363333.33,-55.77000108113741
4923361666.67,-55.92905245422316
4928360000.0,-55.81570538014675
4933358333.33,-56.025882321186764
4938356666.67,-55.696033680167204
4943355000.0,-55.887507103756846
4948353333.33,-55.622697755984866
4953351666.67,-55.58970182083197
4958350000.0,-55.568266796749
4963348333.33,-55.7339921012627
4968346666.67,-55.476955853409216
4973345000.0,-55.36614936863727
4978343333.33,-55.89339569714311
4983341666.67,-55.71044683480486
4988340000.0,-55.909106656601466
4993338333.33,-55.660458833467565
4998336666.67,-55.75785591681574
5003335000.0,-55.59632203038149
5008333333.33,-55.324937768726095
5013331666.67,-55.485783307156005
5018330000.0,-55.22941578317717
5023328333.33,-55.45579219732726
5028326666.67,-55.35793025984933
5033325000.0,-55.44719764394348
5038323333.33,-55.66505601446009
5043321666.67,-55.41323625504624
5048320000.0,-55.16142367906894
5053318333.33,-55.07313432054165
5058316666.67,-55.48217033782887
5063315000.0,-55.07999997129173
5068313333.33,-55.507186467729895
5073311666.67,-55.62064675869989
5078310000.0,-55.31858803988888
5083308333.33,-55.61709054793128
5088306666.67,-55.30018395174273
5093305000.0,-55.26420696797206
5098303333.33,-55.275080287322666
5103301666.67,-55.231223646464585
5108300000.0,-55.09781222345873
5113298333.33,-55.05118644879423
5118296666.67,-55.136115638846476
5123295000.0,-55.099470661796516
5128293333.33,-54.97289460445682
5133291666.67,-55.07247681924917
5138290000.0,-55.153661791516825
5143288333.33,-54.99167664526375
5148286666.67,-55.04802244162185
5153285000.0,-54.79463482649795
5158283333.33,-55.16742517463
5163281666.67,-55.252217425900376
5168280000.0,-55.3605519254257
5173278333.33,-55.32529900048697
5178276666.67,-55.436448684989614
5183275000.0,-55.225829317989934
5188273333.33,-55.25150128625603
5193271666.67,-55.10994388492729
5198270000.0,-55.14419650554367
5203268333.33,-55.10370755747176
5208266666.67,-55.30187081007178
5213265000.0,-54.850477421443564
5218263333.33,-55.05911613533656
5223261666.67,-55.05066731928618
5228260000.0,-54.702363608024484
5233258333.33,-55.02841339543047
5238256666.67,-54.89753096843167
5243255000.0,-54.651131896656516
5248253333.33,-54.6543449225048
5253251666.67,-54.91503595908766
5258250000.0,-54.80423233724032
5263248333.33,-54.638764392604
5268246666.67,-54.78382636053239
5273245000.0,-54.56450576720222
5278243333.33,-54.718432974231604
5283241666.67,-54.9764066922966
5288240000.0,-54.659411750666735
5293238333.33,-54.9450220999525
5298236666.67,-54.701601837273046
5303235000.0,-54.42517229744668
5308233333.33,-54.66008571915923
5313231666.67,-54.75774670927875
5318230000.0,-54.8690052937031
5323228333.33,-54.409860970717844
5328226666.67,-54.49831290442301
5333225000.0,-54.81341781167227
5338223333.33,-54.75079324878054
5343221666.67,-54.597550379470036
5348220000.0,-54.81690851034422
5353218333.33,-54.347815076132704
5358216666.67,-54.57195646487862
5363215000.0,-54.616396856400804
5368213333.33,-54.534344131958946
5373211666.67,-54.60150956560091
5378210000.0,-54.69058638948242
5383208333.33,-54.50863561572405
5388206666.67,-54.66628767148507
5393205000.0,-54.68447497638927
5398203333.33,-54.54952451086733
5403201666.67,-54.76171858724853
5408200000.0,-54.75729403549803
5413198333.33,-54.591966774717726
5418196666.67,-54.862729408338566
5423195000.0,-54.67377680932848
5428193333.33,-54.683133376158544
5433191666.67,-54.90990086724637
5438190000.0,-54.819782959695395
5443188333.33,-54.58134552794018
5448186666.67,-54.48347975029125
5453185000.0,-54.73512505534592
5458183333.33,-54.64182626800305
5463181666.67,-54.71773394362681
5468180000.0,-54.59624975182842
5473178333.33,-54.3874535632217
5478176666.67,-54.40824670706114
5483175000.0,-54.57782941785499
5488173333.33,-54.681475748423345
5493171666.67,-54.77113299953069
5498170000.0,-54.38979814447205
5503168333.33,-54.71404158944152
5508166666.67,-54.267797446046266
5513165000.0,-54.891438168996736
5518163333.33,-54.39106268024504
5523161666.67,-54.373070213171246
5528160000.0,-54.590911522644646
5533158333.33,-54.273776385755156
5538156666.67,-54.332635522360206
5543155000.0,-54.402508248419835
5548153333.33,-54.11837593188813
5553151666.67,-53.9576450387064
5558150000.0,-54.012977555778825
5563148333.33,-53.99334796801373
5568146666.67,-54.061662753890324
5573145000.0,-53.88145490448639
5578143333.33,-54.19533759508863
5583141666.67,-54.11463648616347
5588140000.0,-54.34463828651999
5593138333.33,-54.13341967552567
5598136666.67,-54.195861309752004
5603135000.0,-54.57093969298464
5608133333.33,-54.41840160233443
5613131666.67,-54.194907846179404
5618130000.0,-54.40057403188095
5623128333.33,-54.15206959389428
5628126666.67,-54.19292280407312
5633125000.0,-54.31292794031429
5638123333.33,-54.292250603453695
5643121666.67,-54.01114279393924
5648120000.0,-54.377561385088725
5653118333.33,-54.49649769437493
5658116666.67,-54.194527996576625
5663115000.0,-54.18008277014018
5668113333.33,-54.106988432672864
5673111666.67,-54.36468610993479
5678110000.0,-54.232617005002616
5683108333.33,-54.31533997426352
5688106666.67,-54.173774767991326
5693105000.0,-54.2329801171842
5698103333.33,-53.92004637918434
5703101666.67,-54.20142213565062
5708100000.0,-54.184936613329214
5713098333.33,-53.881424278647756
5718096666.67,-54.10853343342059
5723095000.0,-54.3131102157158
5728093333.33,-54.12289537817308
5733091666.67,-53.898847532274665
5738090000.0,-53.58234788150093
5743088333.33,-53.73455026350104
5748086666.67,-53.64029871484672
5753085000.0,-53.715936269516064
5758083333.33,-53.52114047294026
5763081666.67,-53.65876061933982
5768080000.0,-53.634842125926795
5773078333.33,-53.59086795478066
5778076666.67,-53.851822291509606
5783075000.0,-53.50735189994519
5788073333.33,-53.75607545809559
5793071666.67,-53.56446678255531
5798070000.0,-53.48751487737759
5803068333.33,-53.31885536521004
5808066666.67,-53.44309394030476
5813065000.0,-53.58492212299525
5818063333.33,-53.722753034288
5823061666.67,-53.54635184264876
5828060000.0,-53.63341927659444
5833058333.33,-53.39193849620703
5838056666.67,-53.78892360307315
5843055000.0,-53.60361187908055
5848053333.33,-53.592073710354626
5853051666.67,-53.85572757360367
5858050000.0,-53.898797351615634
5863048333.33,-53.67591531766842
5868046666.67,-53.71441372445424
5873045000.0,-53.543035330842834
5878043333.33,-53.50328734124758
5883041666.67,-53.43075505251413
5888040000.0,-53.420885816291786
5893038333.33,-53.513091912561066
5898036666.67,-53.7291536010011
5903035000.0,-53.51041377402184
5908033333.33,-53.55389014254945
5913031666.67,-53.454861471750746
5918030000.0,-53.476761458110175
5923028333.33,-53.54907908419832
5928026666.67,-53.69133572101723
5933025000.0,-53.47988130669286
5938023333.33,-53.776436292717655
5943021666.67,-53.64063859798533
5948020000.0,-53.50470027192661
5953018333.33,-53.4271535938894
5958016666.67,-53.33012214774569
5963015000.0,-53.44520921015291
5968013333.33,-53.4009965235855
5973011666.67,-53.18578806065176
5978010000.0,-53.24109872470938
5983008333.33,-53.39951486633063
5988006666.67,-53.23509060974449
5993005000.0,-53.26382444338711
5998003333.33,-53.29822006985704
6003001666.67,-53.263807809198774
6008000000.0,-53.03685428128279
6012998333.33,-53.19524882993971
6017996666.67,-53.14562878579398
6022995000.0,-53.11485617208959
6027993333.33,-53.07726317774848
6032991666.67,-53.17284400393024
6037990000.0,-53.20859681876697
6042988333.33,-53.015835921041806
6047986666.67,-53.01204404337849
6052985000.0,-52.97686979228618
6057983333.33,-52.720721013922535
6062981666.67,-52.55051781339121
6067980000.0,-52.75669824871889
6072978333.33,-52.62572308037164
6077976666.67,-52.69341504652453
6082975000.0,-52.78599093665039
6087973333.33,-52.58991878112758
6092971666.67,-52.65382300781991
6097970000.0,-52.852073100221375
6102968333.33,-52.659579431765884
6107966666.67,-52.82861873581101
6112965000.0,-52.7632010754731
6117963333.33,-52.73244431334413
6122961666.67,-52.87402160627984
6127960000.0,-52.98983228003583
6132958333.33,-52.931385274634565
6137956666.67,-52.884068935858195
6142955000.0,-53.05864567303222
6147953333.33,-52.79376225817985
6152951666.67,-52.78174835393189
6157950000.0,-52.775313674866396
6162948333.33,-52.71643689717692
6167946666.67,-52.993485399981594
6172945000.0,-52.928450426407984
6177943333.33,-53.05962068796226
6182941666.67,-53.00639923562743
6187940000.0,-52.91715864710237
6192938333.33,-53.002165137603626
6197936666.67,-52.84983669946122
6202935000.0,-52.79532727463753
6207933333.33,-52.858157764108846
6212931666.67,-53.044278488767034
6217930000.0,-52.562752103289
6222928333.33,-52.617225477874385
6227926666.67,-52.51710511299159
6232925000.0,-52.48831252043624
6237923333.33,-52.562639301699335
6242921666.67,-52.60077938406407
6247920000.0,-52.34796892496008
6252918333.33,-52.62150274243173
6257916666.67,-52.521798772962896
6262915000.0,-52.561029056438
6267913333.33,-52.73051568298486
6272911666.67,-52.523709892298925
6277910000.0,-52.511278022964866
6282908333.33,-52.32085341647075
6287906666.67,-52.604700683981676
6292905000.0,-52.373802262148565
6297903333.33,-52.56352014512612
6302901666.67,-52.27904023926317
6307900000.0,-52.37499259717389
6312898333.33,-52.32741507435012
6317896666.67,-52.35912511153359
6322895000.0,-52.3005936940585
6327893333.33,-52.517292512722435
6332891666.67,-52.291813330850104
6337890000.0,-52.73346905520982
6342888333.33,-52.432838541302374
6347886666.67,-52.623001506332265
6352885000.0,-52.40893893047054
6357883333.33,-52.54999934933637
6362881666.67,-52.64278599915856
6367880000.0,-52.54589939005945
6372878333.33,-52.52315727982165
6377876666.67,-52.46873394543769
6382875000.0,-52.547478733168795
6387873333.33,-52.380954390203456
6392871666.67,-52.30507319407884
6397870000.0,-52.43093828881504
6402868333.33,-52.066822001975
6407866666.67,-52.14355751049752
6412865000.0,-51.98670329653218
6417863333.33,-52.27467065321819
6422861666.67,-52.072419376358155
6427860000.0,-52.11041058423902
6432858333.33,-51.81218555075191
6437856666.67,-52.12547100370932
6442855000.0,-52.115604307852564
6447853333.33,-52.20350271666292
6452851666.67,-52.054342005050344
6457850000.0,-52.00133813210747
6462848333.33,-51.73040729605902
6467846666.67,-52.00665887633936
6472845000.0,-52.036310569906036
6477843333.33,-51.87867459059221
6482841666.67,-51.88697681472024
6487840000.0,-51.834662700248046
6492838333.33,-51.7497790906469
6497836666.67,-51.780490299124374
6502835000.0,-51.7670108324323
6507833333.33,-51.86071518791109
6512831666.67,-51.84007734175178
6517830000.0,-51.72253639175135
6522828333.33,-51.86547903129892
6527826666.67,-51.84290810851556
6532825000.0,-52.129159606232
6537823333.33,-51.922933215954714
6542821666.67,-51.86061047533657
6547820000.0,-51.94247055602736
6552818333.33,-51.95406912313458
6557816666.67,-51.83937417069858
6562815000.0,-51.80208063781053
6567813333.33,-51.760612349116926
6572811666.67,-51.66268754904407
6577810000.0,-51.70540255464597
6582808333.33,-51.58759997001205
6587806666.67,-51.64093701613229
6592805000.0,-51.3753747428799
6597803333.33,-51.29983068189351
6602801666.67,-51.43947428002409
6607800000.0,-51.73689240709032
6612798333.33,-51.72731616340104
6617796666.67,-51.478335165637404
6622795000.0,-51.57081572857125
6627793333.33,-51.6659665925322
6632791666.67,-51.62144169631517
6637790000.0,-51.595615853137915
6642788333.33,-51.55485306992244
6647786666.67,-51.44632647733267
6652785000.0,-51.47496407084806
6657783333.33,-51.17151649797971
6662781666.67,-51.19960486523798
6667780000.0,-51.12756919574313
6672778333.33,-51.237682295370846
6677776666.67,-51.113251975371945
6682775000.0,-51.142796269022654
6687773333.33,-50.91511920392655
6692771666.67,-51.08183240905924
6697770000.0,-51.11972113219296
6702768333.33,-50.94288566082818
6707766666.67,-51.212398507002774
6712765000.0,-50.920737542615456
6717763333.33,-50.963295280060414
6722761666.67,-51.057963017531236
6727760000.0,-50.97758319491773
6732758333.33,-50.668948262156775
6737756666.67,-50.81147398405677
6742755000.0,-50.68196370677887
6747753333.33,-50.84232240653884
6752751666.67,-50.56705158018974
6757750000.0,-50.66169793287146
6762748333.33,-50.55568709676542
6767746666.67,-50.755273609104464
6772745000.0,-50.80682117286052
6777743333.33,-50.70380642806345
6782741666.67,-50.63676338823416
6787740000.0,-50.550530415285095
6792738333.33,-50.6487162340555
6797736666.67,-50.70109441176773
6802735000.0,-50.49581977337557
6807733333.33,-50.61597069794508
6812731666.67,-50.611788846240074
6817730000.0,-50.39999981267041
6822728333.33,-50.43436574912239
6827726666.67,-50.569990325738374
6832725000.0,-50.34805319586355
6837723333.33,-50.50552175295284
6842721666.67,-50.53991014322292
6847720000.0,-50.38943435211779
6852718333.33,-50.568348787109684
6857716666.67,-50.69831241629758
6862715000.0,-50.82530053398336
6867713333.33,-50.44810117785584
6872711666.67,-50.66514330893951
6877710000.0,-50.613700453155495
6882708333.33,-50.582570843244156
6887706666.67,-50.68292327807384
6892705000.0,-50.381249078350294
6897703333.33,-50.469952299045616
6902701666.67,-50.180481110058764
6907700000.0,-50.104795935370774
6912698333.33,-49.98634383319156
6917696666.67,-49.83386250969785
6922695000.0,-49.95407610555298
6927693333.33,-50.105255368087185
6932691666.67,-49.70422332146847
6937690000.0,-49.73194972194162
6942688333.33,-49.62782758588816
6947686666.67,-49.706349882155834
6952685000.0,-49.69166104673175
6957683333.33,-49.82413164214351
6962681666.67,-49.81632475756294
6967680000.0,-49.72345543341547
6972678333.33,-49.66758414392896
6977676666.67,-49.61522574172187
6982675000.0,-49.41703399990428
6987673333.33,-49.543841504532196
6992671666.67,-49.28507654191469
6997670000.0,-49.40192918346695
7002668333.33,-49.370050761759856
7007666666.67,-49.309950598801436
7012665000.0,-49.19186033019459
7017663333.33,-49.264269913238365
7022661666.67,-49.24139745182298
7027660000.0,-49.352299083861055
7032658333.33,-49.3378721083715
7037656666.67,-49.452892619644395
7042655000.0,-49.43737089685038
7047653333.33,-49.578483820651755
7052651666.67,-49.48550576669355
7057650000.0,-49.66420185656907
7062648333.33,-49.6581234057038
7067646666.67,-49.70793495585302
7072645000.0,-49.47313331482563
7077643333.33,-49.464382772802
7082641666.67,-49.5312144126774
7087640000.0,-49.56715685383255
7092638333.33,-49.37016508679946
7097636666.67,-49.396445820528925
7102635000.0,-49.19889700721296
7107633333.33,-49.188341274562994
7112631666.67,-49.228984604315045
7117630000.0,-49.18031075310611
7122628333.33,-49.207602822281025
7127626666.67,-49.31994015323163
7132625000.0,-49.276493342503464
7137623333.33,-49.231161300295724
7142621666.67,-49.25024512092267
7147620000.0,-49.23824489223756
7152618333.33,-48.98433385634236
7157616666.67,-49.146795119243755
7162615000.0,-48.94604810833977
7167613333.33,-48.86412549405034
7172611666.67,-48.881533679061995
7177610000.0,-48.96134593593182
7182608333.33,-48.90189120685467
7187606666.67,-48.841657801439766
7192605000.0,-48.83302533202791
7197603333.33,-48.89944698701041
7202601666.67,-48.96202407397059
7207600000.0,-48.97033289062322
7212598333.33,-48.955344498102356
7217596666.67,-49.05519321282522
7222595000.0,-48.9111325698159
7227593333.33,-48.937619993436805
7232591666.67,-48.913808615902425
7237590000.0,-48.6535744349031
7242588333.33,-48.668837489625936
7247586666.67,-48.547719027374896
7252585000.0,-48.490852424167194
7257583333.33,-48.50849350325202
7262581666.67,-48.42628876675198
7267580000.0,-48.3195055531601
7272578333.33,-48.38289589319406
7277576666.67,-48.35828106250547
7282575000.0,-48.47559819726662
7287573333.33,-48.525678166330664
7292571666.67,-48.69807483756468
7297570000.0,-48.5755012235022
7302568333.33,-48.5832096113834
7307566666.67,-48.6129459382864
7312565000.0,-48.71054677684718
7317563333.33,-48.66070786582836
7322561666.67,-48.60746867728159
7327560000.0,-48.51871977417895
7332558333.33,-48.47120617584133
7337556666.67,-48.31414913498087
7342555000.0,-48.18010976734105
7347553333.33,-48.093136493617116
7352551666.67,-48.10138165499622
7357550000.0,-48.015663809546545
7362548333.33,-47.99415932768674
7367546666.67,-48.011408478984954
7372545000.0,-47.99775116251891
7377543333.33,-48.01783987092412
7382541666.67,-48.12266856729157
7387540000.0,-48.122439651336855
7392538333.33,-48.19080037520847
7397536666.67,-48.07560988755526
7402535000.0,-48.08914531262627
7407533333.33,-48.11493569217305
7412531666.67,-47.92269349468401
7417530000.0,-47.82570826626694
7422528333.33,-47.679085050530254
7427526666.67,-47.706666241832
7432525000.0,-47.558969052505404
7437523333.33,-47.38580615859063
7442521666.67,-47.3048308971451
7447520000.0,-47.26721228287856
7452518333.33,-47.2667093290343
7457516666.67,-47.14217274214537
7462515000.0,-47.335832115598045
7467513333.33,-47.40068032112771
7472511666.67,-47.33539394372095
7477510000.0,-47.572344767246825
7482508333.33,-47.545926037435976
7487506666.67,-47.62069744736315
7492505000.0,-47.57784689525825
7497503333.33,-47.59474477104598
7502501666.67,-47.72874612307209
7507500000.0,-47.670319094968534
7512498333.33,-47.530207066671515
7517496666.67,-47.553354873868805
7522495000.0,-47.41704302490078
7527493333.33,-47.388967007290226
7532491666.67,-47.27298856746843
7537490000.0,-47.26299039185684
7542488333.33,-47.24385986264905
7547486666.67,-47.22829196781472
7552485000.0,-47.32019766458624
7557483333.33,-47.353091301942655
7562481666.67,-47.328896412452615
7567480000.0,-47.21927091717606
7572478333.33,-47.321470266930774
7577476666.67,-47.42202442798046
7582475000.0,-47.25121724054485
7587473333.33,-47.23498532774215
7592471666.67,-47.108307766464144
7597470000.0,-47.095320369827505
7602468333.33,-46.9619915119455
7607466666.67,-46.80823263122682
7612465000.0,-46.70205388087926
7617463333.33,-46.61748349072897
7622461666.67,-46.58774427441151
7627460000.0,-46.49979010608034
7632458333.33,-46.45374035330404
7637456666.67,-46.440284603151596
7642455000.0,-46.412657883900806
7647453333.33,-46.31484344761115
7652451666.67,-46.261629886999216
7657450000.0,-46.17912960533875
7662448333.33,-46.13725677547591
7667446666.67,-46.16417334708054
7672445000.0,-46.07478261765391
7677443333.33,-45.84340785079754
7682441666.67,-45.691184226786746
7687440000.0,-45.64562726843769
7692438333.33,-45.50624104343052
7697436666.67,-45.343611282744064
7702435000.0,-45.349398110118
7707433333.33,-45.151667219467654
7712431666.67,-45.1695794070679
7717430000.0,-45.34774102890836
7722428333.33,-45.31501474423831
7727426666.67,-45.110919560395644
7732425000.0,-45.34178882083994
7737423333.33,-45.40431808716739
7742421666.67,-45.40806362789925
7747420000.0,-45.489554054519374
7752418333.33,-45.67458625673502
7757416666.67,-45.56780065376043
7762415000.0,-45.4905229835624
7767413333.33,-45.450312642298044
7772411666.67,-45.53353682949242
7777410000.0,-45.42412767154445
7782408333.33,-45.37566555709893
7787406666.67,-45.3717989167039
7792405000.0,-45.38767160752623
7797403333.33,-45.372958881311334
7802401666.67,-45.41561952199497
7807400000.0,-45.55508879462721
7812398333.33,-45.57518640388976
7817396666.67,-45.762796652782825
7822395000.0,-45.705978612024225
7827393333.33,-45.83096689166745
7832391666.67,-45.831567799591
7837390000.0,-45.913730722174535
7842388333.33,-45.696737291956126
7847386666.67,-45.71684686904226
7852385000.0,-45.579947132473116
7857383333.33,-45.49010421524046
7862381666.67,-45.41613254257288
7867380000.0,-45.326113361244175
7872378333.33,-45.23025841115211
7877376666.67,-45.09976476305604
7882375000.0,-45.06987738096384
7887373333.33,-44.81401531603605
7892371666.67,-44.88113606725123
7897370000.0,-44.820686790403414
7902368333.33,-44.7680952815778
7907366666.67,-44.69484877338764
7912365000.0,-44.65149317921296
7917363333.33,-44.74265549551564
7922361666.67,-44.766890057528606
7927360000.0,-44.60851678912215
7932358333.33,-44.50576925100179
7937356666.67,-44.51695286051593
7942355000.0,-44.51120075699575
7947353333.33,-44.18413107251109
7952351666.67,-44.30597073307317
7957350000.0,-44.17279150899549
7962348333.33,-44.02463593453718
7967346666.67,-44.01512240697565
7972345000.0,-43.95698778001232
7977343333.33,-44.04921714829082
7982341666.67,-44.05786395476313
7987340000.0,-43.967119328210586
7992338333.33,-44.1459410354349
7997336666.67,-44.14270093932934
8002335000.0,-44.089512436989295
8007333333.33,-44.072340952152615
8012331666.67,-43.9871556432043
8017330000.0,-43.9688001992016
8022328333.33,-43.919278564120255
8027326666.67,-43.90971954282146
8032325000.0,-43.67613843228143
8037323333.33,-43.691376536249635
8042321666.67,-43.694689560908216
8047320000.0,-43.70123173045791
8052318333.33,-43.62626259372459
8057316666.67,-43.674029452845566
8062315000.0,-43.69030506308832
8067313333.33,-43.690361480899455
8072311666.67,-43.87482298130635
8077310000.0,-43.98154196115816
8082308333.33,-43.897479275115955
8087306666.67,-43.996570209394754
8092305000.0,-44.041683241480605
8097303333.33,-44.06916422011993
8102301666.67,-44.074580705855155
8107300000.0,-43.99679020364326
8112298333.33,-44.09256140886928
8117296666.67,-44.02484302256529
8122295000.0,-43.91426165012974
8127293333.33,-43.912418686116695
8132291666.67,-43.81840289241226
8137290000.0,-43.8364915291939
8142288333.33,-43.85008069758564
8147286666.67,-43.805897461231794
8152285000.0,-43.780847976323585
8157283333.33,-43.84456253829753
8162281666.67,-43.747623521950125
8167280000.0,-43.823698403634815
8172278333.33,-43.82892145160848
8177276666.67,-43.65480762858709
8182275000.0,-43.65588804836057
8187273333.33,-43.63741799980839
8192271666.67,-43.513444903861
8197270000.0,-43.323247109323226
8202268333.33,-43.31854046953974
8207266666.67,-43.21343946347468
8212265000.0,-43.21386994139417
8217263333.33,-43.14449360134806
8222261666.67,-43.159171405778345
8227260000.0,-43.1225153529728
8232258333.33,-43.22423079162556
8237256666.67,-43.30559550675953
8242255000.0,-43.28241382232373
8247253333.33,-43.27303451923151
8252251666.67,-43.41006366097861
8257250000.0,-43.33846854675663
8262248333.33,-43.37002569308127
8267246666.67,-43.17485770664273
8272245000.0,-43.080972670709556
8277243333.33,-42.931759429728906
8282241666.67,-42.829315480445295
8287240000.0,-42.68860797182924
8292238333.33,-42.52549009183581
8297236666.67,-42.35346750696536
8302235000.0,-42.3520099878957
8307233333.33,-42.31551452419832
8312231666.67,-42.23854644758571
8317230000.0,-42.29507135250462
8322228333.33,-42.39747696709113
8327226666.67,-42.39176264875017
8332225000.0,-42.48515719615849
8337223333.33,-42.51816374949662
8342221666.67,-42.54634140610751
8347220000.0,-42.49376720919174
8352218333.33,-42.503353826033276
8357216666.67,-42.40067560497437
8362215000.0,-42.32056212132251
8367213333.33,-42.12453120594787
8372211666.67,-41.955207640794484
8377210000.0,-41.83842806441001
8382208333.33,-41.79651888280213
8387206666.67,-41.593583413131725
8392205000.0,-41.559294407864655
8397203333.33,-41.48783250063207
8402201666.67,-41.48363024174553
8407200000.0,-41.5247015439908
8412198333.33,-41.59888840132052
8417196666.67,-41.63337325397964
8422195000.0,-41.77639478886881
8427193333.33,-41.7899431005356
8432191666.67,-41.851039884285754
8437190000.0,-41.80465606635062
8442188333.33,-41.81687839200717
8447186666.67,-41.72903054832295
8452185000.0,-41.63791523504128
8457183333.33,-41.495614423520294
8462181666.67,-41.392081204545434
8467180000.0,-41.23102781273904
8472178333.33,-41.178441849746264
8477176666.67,-41.11820284774487
8482175000.0,-41.05436397875514
8487173333.33,-40.98734082662608
8492171666.67,-40.947743669100085
8497170000.0,-41.06348463656579
8502168333.33,-40.98958729836825
8507166666.67,-41.075581015957226
8512165000.0,-41.111720518980746
8517163333.33,-41.19151464175153
8522161666.67,-41.12952135776952
8527160000.0,-41.04374445548673
8532158333.33,-40.98507792410879
8537156666.67,-40.870565712167625
8542155000.0,-40.79126560687101
8547153333.33,-40.629174926402214
8552151666.67,-40.44466854928957
8557150000.0,-40.316855095571064
8562148333.33,-40.2137151032862
8567146666.67,-40.18267837185883
8572145000.0,-40.03814737324335
8577143333.33,-40.02635614868724
8582141666.67,-40.04861992272765
8587140000.0,-39.98131481061774
8592138333.33,-40.06428842855779
8597136666.67,-39.918442743847
8602135000.0,-39.80467298256775
8607133333.33,-39.83958825337385
8612131666.67,-39.669855457183125
8617130000.0,-39.55525907947192
8622128333.33,-39.37253177362076
8627126666.67,-39.179883341940986
8632125000.0,-39.020142308271076
8637123333.33,-38.89869865146174
8642121666.67,-38.64595279436914
8647120000.0,-38.62701036904746
8652118333.33,-38.567985061105155
8657116666.67,-38.590277968955824
8662115000.0,-38.58918173977084
8667113333.33,-38.704062695959145
8672111666.67,-38.77743420707351
8677110000.0,-38.88714872243577
8682108333.33,-39.0152574062176
8687106666.67,-39.103672110286745
8692105000.0,-39.02982538733011
8697103333.33,-39.06962670122769
8702101666.67,-39.015898965707876
8707100000.0,-38.82740209607903
8712098333.33,-38.71059815855722
8717096666.67,-38.54168598240206
8722095000.0,-38.29778959107687
8727093333.33,-38.09304140835348
8732091666.67,-37.899540150131166
8737090000.0,-37.63763705741081
8742088333.33,-37.54367926897079
8747086666.67,-37.45438116123927
8752085000.0,-37.43391200868305
8757083333.33,-37.46734811921465
8762081666.67,-37.52352034682639
8767080000.0,-37.58201263750027
8772078333.33,-37.67321526482158
8777076666.67,-37.76379084151071
8782075000.0,-37.81029659601084
8787073333.33,-37.763901065263774
8792071666.67,-37.70617293044138
8797070000.0,-37.625540800683005
8802068333.33,-37.57274549118953
8807066666.67,-37.39853894917859
8812065000.0,-37.234464339188605
8817063333.33,-37.06979167316539
8822061666.67,-36.937140636018675
8827060000.0,-36.81313074366946
8832058333.33,-36.71275867966593
8837056666.67,-36.6341659557724
8842055000.0,-36.611625174753094
8847053333.33,-36.66078544344979
8852051666.67,-36.71628676428634
8857050000.0,-36.76072662304851
8862048333.33,-36.79078264467448
8867046666.67,-36.850730232142155
8872045000.0,-36.84331208841404
8877043333.33,-36.83572562379897
8882041666.67,-36.75097517702322
8887040000.0,-36.657896382193876
8892038333.33,-36.49695607299721
8897036666.67,-36.46482154811203
8902035000.0,-36.26109236989383
8907033333.33,-36.10025227860073
8912031666.67,-35.924672085898365
8917030000.0,-35.802973529674
8922028333.33,-35.71187366942246
8927026666.67,-35.65665865697197
8932025000.0,-35.6545503835562
8937023333.33,-35.648609753141216
8942021666.67,-35.68808109399661
8947020000.0,-35.70875871180914
8952018333.33,-35.72512141636272
8957016666.67,-35.7169307110887
8962015000.0,-35.708198937974515
8967013333.33,-35.65688000619654
8972011666.67,-35.66262515000644
8977010000.0,-35.541569493484445
8982008333.33,-35.42151374519878
8987006666.67,-35.314571242331255
8992005000.0,-35.22549822499492
8997003333.33,-35.135965682551
9002001666.67,-35.02722392103156
9007000000.0,-35.009467375729606
9011998333.33,-34.98275367110386
9016996666.67,-34.98632785409502
9021995000.0,-34.96845706714127
9026993333.33,-34.96639824371807
9031991666.67,-34.93393767757937
9036990000.0,-34.950292216871674
9041988333.33,-34.91910242421415
9046986666.67,-34.846708329833056
9051985000.0,-34.73098846103839
9056983333.33,-34.68582170700673
9061981666.67,-34.554120646310594
9066980000.0,-34.3666179857755
9071978333.33,-34.25559278558497
9076976666.67,-34.12346994534437
9081975000.0,-34.08480274000389
9086973333.33,-33.98442962690837
9091971666.67,-33.96709388198269
9096970000.0,-33.97029795259166
9101968333.33,-34.01295377095356
9106966666.67,-34.12295173870117
9111965000.0,-34.200132703002026
9116963333.33,-34.28148233448512
9121961666.67,-34.416750763096566
9126960000.0,-34.4930084845557
9131958333.33,-34.59572826874769
9136956666.67,-34.64484932038626
9141955000.0,-34.70422481669211
9146953333.33,-34.68435542818809
9151951666.67,-34.71113714244346
9156950000.0,-34.66635410653876
9161948333.33,-34.62952527679193
9166946666.67,-34.594158911159305
9171945000.0,-34.64565710963455
9176943333.33,-34.65071520094378
9181941666.67,-34.645859499676696
9186940000.0,-34.68794567497262
9191938333.33,-34.74814339464699
9196936666.67,-34.807754812720304
9201935000.0,-34.905864135096095
9206933333.33,-34.930258824240745
9211931666.67,-34.95352765439955
9216930000.0,-35.016939334890324
9221928333.33,-35.003121982641034
9226926666.67,-34.99184678448162
9231925000.0,-34.972327928421684
9236923333.33,-34.9359965089538
9241921666.67,-34.873958184924604
9246920000.0,-34.8476841919206
9251918333.33,-34.84303123763118
9256916666.67,-34.797912860906834
9261915000.0,-34.83987291132978
9266913333.33,-34.93028965444553
9271911666.67,-34.92263855617094
9276910000.0,-35.056330952391164
9281908333.33,-35.06237027375613
9286906666.67,-35.13965642271599
9291905000.0,-35.174999828307925
9296903333.33,-35.23493669347647
9301901666.67,-35.25098585086593
9306900000.0,-35.153801254773434
9311898333.33,-35.12867892591125
9316896666.67,-35.090398868099236
9321895000.0,-34.99550401105914
9326893333.33,-34.929555363616586
9331891666.67,-34.8551169012699
9336890000.0,-34.78738207007878
9341888333.33,-34.80578198969711
9346886666.67,-34.798642271179226
9351885000.0,-34.87646911685209
9356883333.33,-34.97282923386856
9361881666.67,-35.06091690187714
9366880000.0,-35.215183978384985
9371878333.33,-35.3525848334799
9376876666.67,-35.45598895248348
9381875000.0,-35.57771456783092
9386873333.33,-35.6283505365723
9391871666.67,-35.750854863342425
9396870000.0,-35.764061528507895
9401868333.33,-35.76963722210739
9406866666.67,-35.79160306841692
9411865000.0,-35.78711857564495
9416863333.33,-35.754962679055026
9421861666.67,-35.841496918718924
9426860000.0,-35.83243775810577
9431858333.33,-35.94978499824519
9436856666.67,-36.09660872366025
9441855000.0,-36.22758721013127
9446853333.33,-36.40438739569195
9451851666.67,-36.56553343210993
9456850000.0,-36.76816303732864
9461848333.33,-36.97935980512591
9466846666.67,-37.150232294104654
9471845000.0,-37.21511831563441
9476843333.33,-37.30962714638474
9481841666.67,-37.351612392464745
9486840000.0,-37.379570558557866
9491838333.33,-37.33284824595286
9496836666.67,-37.30747378818338
9501835000.0,-37.220529575230586
9506833333.33,-37.16193858688495
9511831666.67,-37.17250231131523
9516830000.0,-37.17183742941177
9521828333.33,-37.16474044970659
9526826666.67,-37.22176522052204
9531825000.0,-37.31176186000631
9536823333.33,-37.43358567858686
9541821666.67,-37.593226933492986
9546820000.0,-37.69088561235964
9551818333.33,-37.77270049473363
9556816666.67,-37.896470765391484
9561815000.0,-37.91353280976062
9566813333.33,-37.96194256295061
9571811666.67,-37.952960364938306
9576810000.0,-37.89025756370108
9581808333.33,-37.87821476736058
9586806666.67,-37.8153059928042
9591805000.0,-37.76469896484735
9596803333.33,-37.723405832913535
9601801666.67,-37.733210918351624
9606800000.0,-37.786091102076995
9611798333.33,-37.79858530155866
9616796666.67,-37.88539046363499
9621795000.0,-38.00699038241521
9626793333.33,-38.19756932494854
9631791666.67,-38.295283058400884
9636790000.0,-38.40782360076579
9641788333.33,-38.5480203287366
9646786666.67,-38.579022359604814
9651785000.0,-38.6277869273775
9656783333.33,-38.6407891175118
9661781666.67,-38.60595339521116
9666780000.0,-38.584576467055605
9671778333.33,-38.49482524962676
9676776666.67,-38.483237791365724
9681775000.0,-38.45666330241717
9686773333.33,-38.44162252573197
9691771666.67,-38.495641276319745
9696770000.0,-38.60432438750139
9701768333.33,-38.707088905319594
9706766666.67,-38.866214939053386
9711765000.0,-38.99784183522191
9716763333.33,-39.26668505509753
9721761666.67,-39.51243381391612
9726760000.0,-39.75442264266674
9731758333.33,-39.92406960999193
9736756666.67,-40.00630203012987
9741755000.0,-40.13309622979093
9746753333.33,-40.096862881079495
9751751666.67,-40.06633812116135
9756750000.0,-40.01473568602019
9761748333.33,-39.9359236500631
9766746666.67,-39.86173118039583
9771745000.0,-39.825853308552965
9776743333.33,-39.82836291665662
9781741666.67,-39.807059631774266
9786740000.0,-39.87553402327548
9791738333.33,-39.98622216384969
9796736666.67,-40.0888058424118
9801735000.0,-40.38058899107932
9806733333.33,-40.457632093250396
9811731666.67,-40.672843742583936
9816730000.0,-40.836818580003424
9821728333.33,-40.90284945132741
9826726666.67,-40.98368308100662
9831725000.0,-41.087540326859454
9836723333.33,-41.08066619438928
9841721666.67,-41.017011855193275
9846720000.0,-40.990431089282
9851718333.33,-40.88789415291025
9856716666.67,-40.894226181948056
9861715000.0,-40.89065312308219
9866713333.33,-40.84841272911477
9871711666.67,-40.835246414005546
9876710000.0,-40.96499070901502
9881708333.33,-41.039958852706306
9886706666.67,-41.18078759635516
9891705000.0,-41.2803533077238
9896703333.33,-41.4725008746905
9901701666.67,-41.563460907799566
9906700000.0,-41.7389524567908
9911698333.33,-41.86123138087423
9916696666.67,-41.90181435493472
9921695000.0,-41.98704138420837
9926693333.33,-41.93319054239509
9931691666.67,-41.90871720283924
9936690000.0,-41.85566043953531
9941688333.33,-41.796980296665105
9946686666.67,-41.7657430906139
9951685000.0,-41.74915962520677
9956683333.33,-41.87818451462764
9961681666.67,-41.83754117153824
9966680000.0,-42.03850000546833
9971678333.33,-42.05435028505609
9976676666.67,-42.18597102660358
9981675000.0,-42.433967944628904
9986673333.33,-42.47690704813881
9991671666.67,-42.50205736470198
9996670000.0,-42.699104074463634
10001668333.3,-42.75878802044101
10006666666.7,-42.774584833409726
10011665000.0,-42.77291712918556
10016663333.3,-42.73556109528032
10021661666.7,-42.766338307534326
10026660000.0,-42.679293550416006
10031658333.3,-42.66795354891492
10036656666.7,-42.57029900883205
10041655000.0,-42.610569281078945
10046653333.3,-42.70763118042104
10051651666.7,-42.80026207063191
10056650000.0,-42.88057834472356
10061648333.3,-43.03421284738063
10066646666.7,-43.07302107995486
10071645000.0,-43.16772656282406
10076643333.3,-43.288566609757325
10081641666.7,-43.39677534125989
10086640000.0,-43.45046115376812
10091638333.3,-43.5439992059674
10096636666.7,-43.57240865085549
10101635000.0,-43.57949280630844
10106633333.3,-43.57091841143995
10111631666.7,-43.508358140076425
10116630000.0,-43.571257766773314
10121628333.3,-43.60975526751165
10126626666.7,-43.60645217053965
10131625000.0,-43.74587469402546
10136623333.3,-43.85475278067392
10141621666.7,-43.891947377412954
10146620000.0,-44.13645143479209
10151618333.3,-44.29715946440395
10156616666.7,-44.43004882940822
10161615000.0,-44.549956311865856
10166613333.3,-44.61492556836552
10171611666.7,-44.66340972946864
10176610000.0,-44.58312164980602
10181608333.3,-44.57355320094977
10186606666.7,-44.65842782806783
10191605000.0,-44.71174574989035
10196603333.3,-44.57552063352967
10201601666.7,-44.56013688093472
10206600000.0,-44.555862864491345
10211598333.3,-44.48611728477941
10216596666.7,-44.433834006591354
10221595000.0,-44.53308559902809
10226593333.3,-44.51422034050064
10231591666.7,-44.52478268430788
10236590000.0,-44.67683005461297
10241588333.3,-44.76680873239532
10246586666.7,-44.78907587134751
10251585000.0,-44.778072645162645
10256583333.3,-44.77355644653285
10261581666.7,-44.80045376819219
10266580000.0,-44.793741756464804
10271578333.3,-44.792281099340116
10276576666.7,-44.67697710105352
10281575000.0,-44.76342355038036
10286573333.3,-44.562967306229176
10291571666.7,-44.74367632116427
10296570000.0,-44.934769935286226
10301568333.3,-44.83434535590465
10306566666.7,-45.02421986652175
10311565000.0,-44.98607589021213
10316563333.3,-45.11006920548667
10321561666.7,-45.27292342397018
10326560000.0,-45.37767583410521
10331558333.3,-45.416583478605475
10336556666.7,-45.45900771026158
10341555000.0,-45.43944682387846
10346553333.3,-45.458468632000184
10351551666.7,-45.439459443533075
10356550000.0,-45.39923737058187
10361548333.3,-45.38946048856054
10366546666.7,-45.29240488869383
10371545000.0,-45.37315776530116
10376543333.3,-45.294144274110224
10381541666.7,-45.329101026257405
10386540000.0,-45.34124318934968
10391538333.3,-45.355795733457555
10396536666.7,-45.44038176930114
10401535000.0,-45.583213497549515
10406533333.3,-45.61480467362634
10411531666.7,-45.815055619040976
10416530000.0,-45.88934515809364
10421528333.3,-45.901425213679445
10426526666.7,-46.00875329634861
10431525000.0,-46.01695518495114
10436523333.3,-46.03722194822056
10441521666.7,-45.953570584469325
10446520000.0,-45.9899008876448
10451518333.3,-45.89584943159261
10456516666.7,-45.86547050669103
10461515000.0,-45.980161659852726
10466513333.3,-46.05802398331471
10471511666.7,-46.12197257334997
10476510000.0,-46.12005409238488
10481508333.3,-46.2047377700162
10486506666.7,-46.321126393189104
10491505000.0,-46.40179253535755
10496503333.3,-46.434958613501706
10501501666.7,-46.70450309831132
10506500000.0,-46.73620974591604
10511498333.3,-46.650629054208146
10516496666.7,-46.6414544107126
10521495000.0,-46.77136057994634
10526493333.3,-46.57210827414219
10531491666.7,-46.62763531657551
10536490000.0,-46.415290436099326
10541488333.3,-46.37331934151617
10546486666.7,-46.406179130945176
10551485000.0,-46.32665793893185
10556483333.3,-46.433821169733676
10561481666.7,-46.438708345915856
10566480000.0,-46.505488689752504
10571478333.3,-46.768822540521725
10576476666.7,-46.724692446948595
10581475000.0,-46.766582672433124
10586473333.3,-46.99448267484078
10591471666.7,-47.03739897352226
10596470000.0,-47.16593559913549
10601468333.3,-47.14389999234727
10606466666.7,-47.03059432368117
10611465000.0,-46.977362658511495
10616463333.3,-47.17176118529345
10621461666.7,-47.02096246734147
10626460000.0,-46.915078860033276
10631458333.3,-46.94884796085077
10636456666.7,-46.91737823670846
10641455000.0,-47.003175135780594
10646453333.3,-47.05805073108688
10651451666.7,-47.14014934826426
10656450000.0,-47.3307771285084
10661448333.3,-47.213168937831014
10666446666.7,-47.45856122226066
10671445000.0,-47.591827887510945
10676443333.3,-47.535658091279956
10681441666.7,-47.730120843395085
10686440000.0,-47.643677453847666
10691438333.3,-47.6779521059794
10696436666.7,-47.52931534168412
10701435000.0,-47.46528614382196
10706433333.3,-47.357509494988584
10711431666.7,-47.253183388533074
10716430000.0,-47.110604338526976
10721428333.3,-47.21501532690727
10726426666.7,-47.098959807375955
10731425000.0,-47.197858120671114
10736423333.3,-47.36757176381183
10741421666.7,-47.407105394049964
10746420000.0,-47.56353218652773
10751418333.3,-47.749162685509496
10756416666.7,-47.956233454043165
10761415000.0,-48.0933118445639
10766413333.3,-48.250202115640306
10771411666.7,-48.41153782385735
10776410000.0,-48.25394883704058
10781408333.3,-48.52289213167414
10786406666.7,-48.29227902164828
10791405000.0,-48.37983144841354
10796403333.3,-48.25985788896916
10801401666.7,-48.22536030921148
10806400000.0,-48.24089345781861
10811398333.3,-47.98052784644682
10816396666.7,-48.11366764971833
10821395000.0,-48.221638329319305
10826393333.3,-48.417273419350025
10831391666.7,-48.44826801316739
10836390000.0,-48.70309235346885
10841388333.3,-48.766745494813335
10846386666.7,-48.987383717005685
10851385000.0,-49.16907872274671
10856383333.3,-49.40068622277596
10861381666.7,-49.482147869346775
10866380000.0,-49.33414144893583
10871378333.3,-49.432321343642016
10876376666.7,-49.46765567978025
10881375000.0,-49.26621575778121
10886373333.3,-49.15429543278546
10891371666.7,-49.0629559657886
10896370000.0,-48.99535465113146
10901368333.3,-48.84449946016889
10906366666.7,-48.78601913416691
10911365000.0,-48.802148221110855
10916363333.3,-48.815150833112
10921361666.7,-49.117801442674036
10926360000.0,-49.166960207877054
10931358333.3,-49.149718369075714
10936356666.7,-49.17846429951628
10941355000.0,-49.16324833309116
10946353333.3,-49.26459330033639
10951351666.7,-49.31328901227508
10956350000.0,-49.311767578422376
10961348333.3,-49.1827401686331
10966346666.7,-49.077708540389715
10971345000.0,-49.19814120737159
10976343333.3,-49.04504700050119
10981341666.7,-49.06431386039539
10986340000.0,-48.95504513602141
10991338333.3,-48.862673838309405
10996336666.7,-48.83786974114568
11001335000.0,-48.84397059373656
11006333333.3,-49.088380890831935
11011331666.7,-49.051326752543325
11016330000.0,-49.263084885320445
11021328333.3,-49.24470283962253
11026326666.7,-49.55747313911694
11031325000.0,-49.60232389275053
11036323333.3,-49.64919485789356
11041321666.7,-49.69866681737233
11046320000.0,-49.704612097364695
11051318333.3,-49.63840521633203
11056316666.7,-49.68216813632442
11061315000.0,-49.54642555053258
11066313333.3,-49.49277399168108
11071311666.7,-49.654916708504985
11076310000.0,-49.7010584743728
11081308333.3,-49.61082435593069
11086306666.7,-49.673944782647006
11091305000.0,-49.98156076984978
11096303333.3,-50.01888540698321
11101301666.7,-50.21337499003437
11106300000.0,-50.19570826625773
11111298333.3,-50.267986871466576
11116296666.7,-50.46008064380281
11121295000.0,-50.63442028001694
11126293333.3,-50.61179863951676
11131291666.7,-50.57860916171224
11136290000.0,-50.53981646381493
11141288333.3,-50.418232813344076
11146286666.7,-50.48849808185041
11151285000.0,-50.39390088388497
11156283333.3,-50.38915448361437
11161281666.7,-50.43731456242732
11166280000.0,-50.30236883462634
11171278333.3,-50.339689271377736
11176276666.7,-50.52422975813394
11181275000.0,-50.57885567825708
11186273333.3,-50.89699651364313
11191271666.7,-50.60140994919486
11196270000.0,-50.612848194278314
11201268333.3,-50.82018257886388
11206266666.7,-50.82724699429845
11211265000.0,-50.794765844663516
11216263333.3,-50.61401158833033
11221261666.7,-50.60650542538273
11226260000.0,-50.59967310102416
11231258333.3,-50.39896919085209
11236256666.7,-50.27739745102647
11241255000.0,-50.24089070077804
11246253333.3,-50.19797968501358
11251251666.7,-50.303385418556125
11256250000.0,-50.21672093274979
11261248333.3,-50.214759136617026
11266246666.7,-50.32208220262465
11271245000.0,-50.30663958030967
11276243333.3,-50.271934347769474
11281241666.7,-50.43800406084565
11286240000.0,-50.31747671387364
11291238333.3,-50.60009750845615
11296236666.7,-50.37084462820105
11301235000.0,-50.24244687259422
11306233333.3,-50.4526721719257
11311231666.7,-50.319922907046994
11316230000.0,-50.32098632070324
11321228333.3,-50.28147146334747
11326226666.7,-50.299391729898474
11331225000.0,-50.38849683476063
11336223333.3,-50.33506247151857
11341221666.7,-50.47427679434708
11346220000.0,-50.436745972470035
11351218333.3,-50.66509808311514
11356216666.7,-50.82209363201354
11361215000.0,-51.00575130711271
11366213333.3,-50.97516387184507
11371211666.7,-50.94209896121225
11376210000.0,-51.061006664432625
11381208333.3,-51.15885552474633
11386206666.7,-50.997005915741696
11391205000.0,-50.981596959461186
11396203333.3,-51.131138017802506
11401201666.7,-50.907674652952444
11406200000.0,-50.940805219626796
11411198333.3,-50.74559143180516
11416196666.7,-50.756410884078385
11421195000.0,-50.82973657944816
11426193333.3,-50.65479320411083
11431191666.7,-50.93625175017334
11436190000.0,-51.14258735428664
11441188333.3,-50.923211512554545
11446186666.7,-51.17754345452163
11451185000.0,-51.21195712226661
11456183333.3,-51.4554686917768
11461181666.7,-51.17876950625317
11466180000.0,-51.16582795221579
11471178333.3,-51.3475874798199
11476176666.7,-51.25125627391683
11481175000.0,-51.23679973860777
11486173333.3,-51.147637834277624
11491171666.7,-50.963584372795964
11496170000.0,-51.00128550653302
11501168333.3,-50.70867689871512
11506166666.7,-50.723734515698766
11511165000.0,-50.999468379233036
11516163333.3,-50.986528428126405
11521161666.7,-51.04994546643476
11526160000.0,-51.2064098226402
11531158333.3,-51.21237724627867
11536156666.7,-51.272245596022124
11541155000.0,-51.188224631226056
11546153333.3,-51.38485957446332
11551151666.7,-51.40478765994675
11556150000.0,-51.38471701391321
11561148333.3,-51.28506475869105
11566146666.7,-51.133596889059724
11571145000.0,-51.16267499583519
11576143333.3,-51.037205048924164
11581141666.7,-50.82898124578656
11586140000.0,-50.94888516578591
11591138333.3,-51.01457093404666
11596136666.7,-50.76334779275524
11601135000.0,-50.9988397119766
11606133333.3,-51.28737053356539
11611131666.7,-51.207277677934826
11616130000.0,-51.26757670741136
11621128333.3,-51.34472769252177
11626126666.7,-51.60373286615631
11631125000.0,-51.542045504712995
11636123333.3,-51.585001522626285
11641121666.7,-51.40530203697808
11646120000.0,-51.58933624139812
11651118333.3,-51.36874691475835
11656116666.7,-51.36056637435623
11661115000.0,-51.371111242172766
11666113333.3,-51.098289485535105
11671111666.7,-51.16037785618489
11676110000.0,-51.19637796986812
11681108333.3,-51.15634673609808
11686106666.7,-51.23293347232102
11691105000.0,-51.479681149007625
11696103333.3,-51.34881309117845
11701101666.7,-51.53159987564894
11706100000.0,-51.678566715329204
11711098333.3,-51.7886981506447
11716096666.7,-51.922839709185894
11721095000.0,-51.800385407004285
11726093333.3,-51.65259739009813
11731091666.7,-51.799305232915515
11736090000.0,-51.87226045454765
11741088333.3,-51.73881891699583
11746086666.7,-51.52649919342106
11751085000.0,-51.426562037832284
11756083333.3,-51.314605989818396
11761081666.7,-51.4063135415701
11766080000.0,-51.16153968436337
11771078333.3,-51.44216126654493
11776076666.7,-51.480216411335924
11781075000.0,-51.34423123514721
11786073333.3,-51.812682754419335
11791071666.7,-51.811863728838155
11796070000.0,-51.94952360509611
11801068333.3,-52.2330157498212
11806066666.7,-52.346532738837354
11811065000.0,-52.45398510408238
11816063333.3,-52.195788320827134
11821061666.7,-52.35012615345637
11826060000.0,-52.1334001981288
11831058333.3,-52.15412286944253
11836056666.7,-51.77467881541307
11841055000.0,-51.93985041380594
11846053333.3,-51.854865272652106
11851051666.7,-51.87830246893726
11856050000.0,-52.11900647124986
11861048333.3,-51.78559730007276
11866046666.7,-51.74359375681273
11871045000.0,-52.16567609596102
11876043333.3,-52.113779263717646
11881041666.7,-52.14596775281122
11886040000.0,-52.26958146808713
11891038333.3,-52.44662533051618
11896036666.7,-52.59352129541082
11901035000.0,-52.40837591339641
11906033333.3,-52.366858790955455
11911031666.7,-52.350110041430504
11916030000.0,-52.201187405261464
11921028333.3,-52.23524716411851
11926026666.7,-52.15342553955463
11931025000.0,-52.250190664105844
11936023333.3,-52.39244483321025
11941021666.7,-52.36879347168993
11946020000.0,-52.45812888764366
11951018333.3,-52.42800576895479
11956016666.7,-52.11979427851943
11961015000.0,-52.65528179895661
11966013333.3,-52.66993072491158
11971011666.7,-52.60261821343854
11976010000.0,-52.47773822565889
11981008333.3,-52.5158997185336
11986006666.7,-52.3942429838798
11991005000.0,-52.48246937174635
11996003333.3,-52.30747267159256
12001001666.7,-52.38053419959194
12006000000.0,-52.30906154124091
12010998333.3,-51.729450681235214
12015996666.7,-51.86189454099611
12020995000.0,-51.78742719974557
12025993333.3,-51.67093446362316
12030991666.7,-51.65283328846775
12035990000.0,-51.72099323564325
12040988333.3,-51.68866829861062
12045986666.7,-51.497572716811185
12050985000.0,-51.871998474568166
12055983333.3,-51.85257520565681
12060981666.7,-52.0516104857792
12065980000.0,-52.22428109206436
12070978333.3,-52.29194161808735
12075976666.7,-52.36400463661965
12080975000.0,-51.999413839630726
12085973333.3,-52.058644347256774
12090971666.7,-51.87231417773903
12095970000.0,-51.88714466089216
12100968333.3,-51.71776496201179
12105966666.7,-52.064602863780536
12110965000.0,-51.74641974328446
12115963333.3,-51.57993047660065
12120961666.7,-51.968942936751816
12125960000.0,-52.000217374275806
12130958333.3,-52.13888296777757
12135956666.7,-52.20773609519937
12140955000.0,-52.32312091170317
12145953333.3,-52.63458135619381
12150951666.7,-52.699538502103415
12155950000.0,-52.760016745910264
12160948333.3,-52.45019929587616
12165946666.7,-52.633984993327225
12170945000.0,-52.65064195859238
12175943333.3,-52.28264839017703
12180941666.7,-52.593073095986746
12185940000.0,-52.62807463698551
12190938333.3,-52.53942149241038
12195936666.7,-52.44140174219546
12200935000.0,-52.35657677931373
12205933333.3,-52.460979270305224
12210931666.7,-52.52302507364148
12215930000.0,-52.37795942184821
12220928333.3,-52.77598060700534
12225926666.7,-52.70484201398811
12230925000.0,-52.81332110963358
12235923333.3,-52.93961593444335
12240921666.7,-53.06936253800828
12245920000.0,-52.77831017042832
12250918333.3,-53.11871638181646
12255916666.7,-52.77249034258958
12260915000.0,-52.99620846490584
12265913333.3,-52.885033807396
12270911666.7,-52.617840032594614
12275910000.0,-52.454847851597684
12280908333.3,-52.61397717881222
12285906666.7,-52.509480726474074
12290905000.0,-52.420716062392316
12295903333.3,-52.55616727524802
12300901666.7,-52.49427843357441
12305900000.0,-52.57568727478848
12310898333.3,-52.28888185971522
12315896666.7,-52.44600006631082
12320895000.0,-52.3287450663927
12325893333.3,-52.42787424657657
12330891666.7,-52.14298305654396
12335890000.0,-52.275236052656744
12340888333.3,-52.1412649367652
12345886666.7,-51.90885157689855
12350885000.0,-51.666712985947655
12355883333.3,-51.665458827348246
12360881666.7,-51.9152548724034
12365880000.0,-51.682538256430746
12370878333.3,-51.62910480741044
12375876666.7,-51.885306446477585
12380875000.0,-52.05681594049081
12385873333.3,-52.04235155137229
12390871666.7,-52.05998330020992
12395870000.0,-52.34666309012303
12400868333.3,-52.60689107524178
12405866666.7,-52.358436320743245
12410865000.0,-52.76063172487959
12415863333.3,-52.68908640728235
12420861666.7,-52.9139523969784
12425860000.0,-52.646677858804196
12430858333.3,-52.60297026207041
12435856666.7,-52.34104862159799
12440855000.0,-52.44650641758912
12445853333.3,-52.63076300063682
12450851666.7,-52.478117853624006
12455850000.0,-52.52707017414404
12460848333.3,-52.66636629506099
12465846666.7,-52.87504292730398
12470845000.0,-52.63916259494507
12475843333.3,-52.859986794159745
12480841666.7,-53.32080550811671
12485840000.0,-53.13410907552388
12490838333.3,-53.29133950757093
12495836666.7,-53.48235639035187
12500835000.0,-53.72176151760112
12505833333.3,-53.34300598384986
12510831666.7,-53.75597447679592
12515830000.0,-53.571558261648384
12520828333.3,-53.53389776180841
12525826666.7,-53.5570134103333
12530825000.0,-53.49116777726387
12535823333.3,-53.6495914085974
12540821666.7,-53.27994650279702
12545820000.0,-53.48130757692469
12550818333.3,-53.73645904261817
12555816666.7,-53.69076020621522
12560815000.0,-53.46368430669537
12565813333.3,-53.64284213830204
12570811666.7,-53.8447814096495
12575810000.0,-53.67032005660866
12580808333.3,-53.635049718062916
12585806666.7,-53.77524540740573
12590805000.0,-53.81820856191469
12595803333.3,-53.57856828153154
12600801666.7,-53.42149483209844
12605800000.0,-53.68229196077836
12610798333.3,-53.83983512929226
12615796666.7,-53.47343001715107
12620795000.0,-53.41687851340232
12625793333.3,-53.210937580250956
12630791666.7,-53.20548055938925
12635790000.0,-53.416491484619606
12640788333.3,-53.55170850673702
12645786666.7,-53.343337318271466
12650785000.0,-53.500790736039306
12655783333.3,-53.731227642157194
12660781666.7,-53.623859349013834
12665780000.0,-53.63074412664393
12670778333.3,-53.64430682536124
12675776666.7,-53.749603659504075
12680775000.0,-53.93918894651441
12685773333.3,-53.79669089442714
12690771666.7,-54.004456520437785
12695770000.0,-53.8296711572412
12700768333.3,-53.71942493343709
12705766666.7,-53.71023402514204
12710765000.0,-53.951113430755655
12715763333.3,-54.16577357524189
12720761666.7,-53.89703224521733
12725760000.0,-53.989371839064475
12730758333.3,-54.09454316871803
12735756666.7,-54.15719401653096
12740755000.0,-54.52062202395812
12745753333.3,-54.517857521393324
12750751666.7,-54.293987404120536
12755750000.0,-54.50584693308738
12760748333.3,-54.18910839093555
12765746666.7,-54.33647034235869
12770745000.0,-54.347778761236036
12775743333.3,-54.49148766948757
12780741666.7,-54.36631228649144
12785740000.0,-54.22763119315846
12790738333.3,-54.08244764056082
12795736666.7,-53.95636698852354
12800735000.0,-54.5780143133441
12805733333.3,-54.18940281947677
12810731666.7,-54.776016823888526
12815730000.0,-54.518918979568525
12820728333.3,-54.82296168685426
12825726666.7,-54.751235414551246
12830725000.0,-55.13963648778736
12835723333.3,-54.95316121687065
12840721666.7,-55.06146494458048
12845720000.0,-55.190873622449494
12850718333.3,-54.96477498035961
12855716666.7,-55.026070070236955
12860715000.0,-55.14664354316511
12865713333.3,-55.02916540633943
12870711666.7,-54.979844786606584
12875710000.0,-54.74743560234642
12880708333.3,-54.667736771468405
12885706666.7,-54.93715414277153
12890705000.0,-54.772356100078376
12895703333.3,-54.745466625888184
12900701666.7,-54.56966375131187
12905700000.0,-54.623637694262364
12910698333.3,-54.93372320249168
12915696666.7,-54.92908971016483
12920695000.0,-54.8608442108765
12925693333.3,-54.90211692449331
12930691666.7,-55.16962544505284
12935690000.0,-54.96900224496835
12940688333.3,-55.01787289449747
12945686666.7,-55.24272776024964
12950685000.0,-55.054454508477626
12955683333.3,-54.857307671523266
12960681666.7,-54.931098470051495
12965680000.0,-54.655544796062316
12970678333.3,-54.516153907153225
12975676666.7,-54.7335597033856
12980675000.0,-54.88358247932788
12985673333.3,-55.02913406176055
12990671666.7,-54.92912261721496
12995670000.0,-55.21621319911002
13000668333.3,-55.23430783302508
13005666666.7,-55.10922226977249
13010665000.0,-55.12934832558037
13015663333.3,-54.98742563833492
13020661666.7,-55.34151416748805
13025660000.0,-55.2997249085161
13030658333.3,-55.212849360553584
13035656666.7,-54.99606533334678
13040655000.0,-54.804899536202186
13045653333.3,-55.07421610299274
13050651666.7,-54.781649307771865
13055650000.0,-55.015208244253
13060648333.3,-54.546662714608665
13065646666.7,-54.68038551061195
13070645000.0,-54.846042597745196
13075643333.3,-54.70871192954439
13080641666.7,-54.69525184487939
13085640000.0,-54.83141831935128
13090638333.3,-54.75443667471983
13095636666.7,-55.14027845301626
13100635000.0,-54.81260003092912
13105633333.3,-54.89400651195854
13110631666.7,-55.04696644962731
13115630000.0,-55.32779398008171
13120628333.3,-54.63340202311424
13125626666.7,-54.87626549536906
13130625000.0,-54.6613865765587
13135623333.3,-54.6728253299606
13140621666.7,-54.687023195702565
13145620000.0,-54.7979916263873
13150618333.3,-54.83309431862188
13155616666.7,-54.677345893935055
13160615000.0,-54.798534244093105
13165613333.3,-54.94477474977522
13170611666.7,-54.948235578138885
13175610000.0,-54.685592643760124
13180608333.3,-55.101384217611276
13185606666.7,-54.89759874830053
13190605000.0,-55.08588515590886
13195603333.3,-55.13480918255308
13200601666.7,-55.06286294462867
13205600000.0,-55.1641286676968
13210598333.3,-55.023572909371374
13215596666.7,-54.90774713799831
13220595000.0,-55.343397360447796
13225593333.3,-54.929700225972375
13230591666.7,-55.216439763067164
13235590000.0,-55.117806954316066
13240588333.3,-55.41723851021403
13245586666.7,-55.35352797166924
13250585000.0,-55.372890778844656
13255583333.3,-55.405748943742914
13260581666.7,-55.834033107545636
13265580000.0,-55.42279010919627
13270578333.3,-55.40996204713707
13275576666.7,-55.65481333660361
13280575000.0,-55.96796547561928
13285573333.3,-55.683205843382986
13290571666.7,-55.47939729518858
13295570000.0,-55.674038444273215
13300568333.3,-55.62112154911829
13305566666.7,-55.52212329008073
13310565000.0,-55.62393176641326
13315563333.3,-55.78480929359894
13320561666.7,-55.48136312060984
13325560000.0,-55.9091307594164
13330558333.3,-55.75491882554274
13335556666.7,-55.931913153462375
13340555000.0,-55.55442359034836
13345553333.3,-55.429309498776334
13350551666.7,-55.9796603929304
13355550000.0,-55.656195373576196
13360548333.3,-55.99011243094039
13365546666.7,-55.58200399743568
13370545000.0,-55.45086084903626
13375543333.3,-55.6087919757763
13380541666.7,-55.502455353105546
13385540000.0,-55.54607591139242
13390538333.3,-55.17377740190793
13395536666.7,-55.025961211784924
13400535000.0,-55.2813206377244
13405533333.3,-55.442912560202416
13410531666.7,-55.37392391624309
13415530000.0,-55.77815513521103
13420528333.3,-55.76303275720757
13425526666.7,-55.529347806695874
13430525000.0,-55.91308658990638
13435523333.3,-55.602668991395426
13440521666.7,-55.60267896933881
13445520000.0,-55.93491370179309
13450518333.3,-56.1416611544222
13455516666.7,-55.89157643373768
13460515000.0,-56.5232966238191
13465513333.3,-56.29433089547395
13470511666.7,-55.980212331627925
13475510000.0,-56.29061003687964
13480508333.3,-55.997124041540744
13485506666.7,-55.96503354991221
13490505000.0,-55.74014897128082
13495503333.3,-56.05953334622506
13500501666.7,-55.79633534788407
13505500000.0,-56.07360267691064
13510498333.3,-55.801211996493734
13515496666.7,-56.401568005468185
13520495000.0,-56.28825896616529
13525493333.3,-56.23086669717029
13530491666.7,-55.940090837312155
13535490000.0,-56.23296400590861
13540488333.3,-56.51875848022645
13545486666.7,-56.18953363491349
13550485000.0,-56.49877453197486
13555483333.3,-56.32083792349856
13560481666.7,-56.51451947593284
13565480000.0,-56.612933318269484
13570478333.3,-56.755072707444604
13575476666.7,-56.62784732007775
13580475000.0,-56.93424357535153
13585473333.3,-56.91180998841604
13590471666.7,-57.407747995524836
13595470000.0,-57.09884747965777
13600468333.3,-57.01744322361502
13605466666.7,-57.15716340692731
13610465000.0,-57.56538910382478
13615463333.3,-57.59689169704224
13620461666.7,-57.32611711190418
13625460000.0,-56.981121217814
13630458333.3,-56.72959279983277
13635456666.7,-57.1271261634751
13640455000.0,-57.01287553700624
13645453333.3,-56.58952919987016
13650451666.7,-56.83611999489928
13655450000.0,-57.13500147702977
13660448333.3,-57.06298622237022
13665446666.7,-56.97106357181034
13670445000.0,-56.407314824134154
13675443333.3,-56.881403597050394
13680441666.7,-56.97673376731765
13685440000.0,-56.83309684375371
13690438333.3,-56.63938029618622
13695436666.7,-57.00042605150471
13700435000.0,-56.36253388776904
13705433333.3,-57.11048622612929
13710431666.7,-56.494328743674274
13715430000.0,-56.436327217935414
13720428333.3,-56.41734188303989
13725426666.7,-56.27160324113822
13730425000.0,-56.46473238756219
13735423333.3,-56.08241392045894
13740421666.7,-56.65207823000266
13745420000.0,-56.51908839588774
13750418333.3,-56.57450554846224
13755416666.7,-56.85133043051637
13760415000.0,-56.85350370308715
13765413333.3,-56.66663527531636
13770411666.7,-56.62520493977506
13775410000.0,-56.42542790093114
13780408333.3,-56.803466841803065
13785406666.7,-57.13104930345618
13790405000.0,-56.892058746590656
13795403333.3,-57.25232922677301
13800401666.7,-57.42908196709328
13805400000.0,-56.83992886116534
13810398333.3,-57.336291218334196
13815396666.7,-56.98358797865703
13820395000.0,-56.91405476854598
13825393333.3,-57.093215179005874
13830391666.7,-57.20319906597665
13835390000.0,-56.90860808350685
13840388333.3,-57.418805285927085
13845386666.7,-57.341369589698886
13850385000.0,-57.24321509154776
13855383333.3,-57.29493076972615
13860381666.7,-57.37221556700955
13865380000.0,-57.62189665799547
13870378333.3,-57.31296962068043
13875376666.7,-57.50532424500335
13880375000.0,-57.52732042241928
13885373333.3,-57.56132472516854
13890371666.7,-57.57120361117199
13895370000.0,-57.12591790808597
13900368333.3,-57.15580479390931
13905366666.7,-57.0057389193214
13910365000.0,-57.19162362808187
13915363333.3,-57.168528848682094
13920361666.7,-57.21967652974713
13925360000.0,-57.55627185262041
13930358333.3,-56.936701288234445
13935356666.7,-57.26878451711688
13940355000.0,-57.14546544002311
13945353333.3,-57.45684390544242
13950351666.7,-57.223228615647805
13955350000.0,-57.215759324696535
13960348333.3,-57.501331620464484
13965346666.7,-56.96735988908853
13970345000.0,-57.39473437458639
13975343333.3,-57.36438334628094
13980341666.7,-56.73622463465996
13985340000.0,-56.730318490325246
13990338333.3,-56.64584333697678
13995336666.7,-56.93251500430438
14000335000.0,-57.04164497946937
14005333333.3,-56.8233360433249
14010331666.7,-57.00369705789633
14015330000.0,-56.742135087131906
14020328333.3,-56.67667560042322
14025326666.7,-56.718866296160044
14030325000.0,-56.70019697996526
14035323333.3,-56.62173470160958
14040321666.7,-56.77278905951766
14045320000.0,-56.39836672483929
14050318333.3,-56.58189475331736
14055316666.7,-56.28372641959206
14060315000.0,-56.45323842959439
14065313333.3,-56.44172077921924
14070311666.7,-56.6252505687724
14075310000.0,-56.63422470365968
14080308333.3,-57.034899040971716
14085306666.7,-56.53800854384012
14090305000.0,-56.98789536403058
14095303333.3,-56.52933213229703
14100301666.7,-56.763431465992085
14105300000.0,-57.14825087156453
14110298333.3,-56.463532746487644
14115296666.7,-56.7708290114274
14120295000.0,-57.312667881362245
14125293333.3,-57.344654196058
14130291666.7,-57.02341590083306
14135290000.0,-57.181372863349566
14140288333.3,-56.91971359794849
14145286666.7,-57.545993887913795
14150285000.0,-56.74608132141774
14155283333.3,-57.35596010711555
14160281666.7,-57.29232363597923
14165280000.0,-57.469638171674234
14170278333.3,-57.149821247122816
14175276666.7,-57.208370772636755
14180275000.0,-57.33535762757272
14185273333.3,-57.22939025863277
14190271666.7,-57.314170192366156
14195270000.0,-57.16164742208686
14200268333.3,-57.84521476807143
14205266666.7,-57.26218676082424
14210265000.0,-57.41254162777455
14215263333.3,-57.559232087328155
14220261666.7,-57.237416681708154
14225260000.0,-57.45439862047177
14230258333.3,-57.29766555878616
14235256666.7,-57.30973302445978
14240255000.0,-56.991069004440845
14245253333.3,-56.88849760808058
14250251666.7,-57.49364049216575
14255250000.0,-57.136351114659085
14260248333.3,-56.74652817787674
14265246666.7,-57.292812234171784
14270245000.0,-57.54543726323106
14275243333.3,-57.18109978263878
14280241666.7,-58.05838326420914
14285240000.0,-57.77731832106703
14290238333.3,-57.751723042512936
14295236666.7,-57.38036790492706
14300235000.0,-58.092707241747206
14305233333.3,-57.85877680838453
14310231666.7,-57.94059895368007
14315230000.0,-57.956549739770466
14320228333.3,-57.123408498351125
14325226666.7,-57.54889653310108
14330225000.0,-57.197608936776156
14335223333.3,-57.64112667364958
14340221666.7,-57.15430888038008
14345220000.0,-57.40542896931313
14350218333.3,-57.39818012234657
14355216666.7,-57.593233412742315
14360215000.0,-57.810293680357425
14365213333.3,-57.96592781950764
14370211666.7,-57.518944740472655
14375210000.0,-58.111562018830455
14380208333.3,-57.806077608006916
14385206666.7,-57.55083702684704
14390205000.0,-57.74093400186785
14395203333.3,-57.572586798937984
14400201666.7,-57.64388928089198
14405200000.0,-57.543429892271156
14410198333.3,-57.75436911230158
14415196666.7,-57.69015692322416
14420195000.0,-57.62169252389231
14425193333.3,-57.20979248388352
14430191666.7,-57.889756290452524
14435190000.0,-57.203939701014626
14440188333.3,-57.84027860511966
14445186666.7,-57.78342378907767
14450185000.0,-58.106687511942894
14455183333.3,-58.219496431423224
14460181666.7,-57.98330934142651
14465180000.0,-58.08987632312565
14470178333.3,-58.009056534576246
14475176666.7,-58.73865612749623
14480175000.0,-58.409155370634
14485173333.3,-58.061425413000016
14490171666.7,-58.17297231683713
14495170000.0,-58.160483938398414
14500168333.3,-57.89922816282618
14505166666.7,-58.26974310788895
14510165000.0,-58.01119861457917
14515163333.3,-58.44647266920249
14520161666.7,-58.63170429667058
14525160000.0,-58.685376533679545
14530158333.3,-58.24665070967025
14535156666.7,-59.09793803472455
14540155000.0,-58.9512742718589
14545153333.3,-59.12444965533723
14550151666.7,-59.067381314556684
14555150000.0,-58.93589957994435
14560148333.3,-59.092158311884646
14565146666.7,-59.149379348528655
14570145000.0,-59.13763407632147
14575143333.3,-59.02274555742337
14580141666.7,-59.024573112317015
14585140000.0,-59.28998545670311
14590138333.3,-59.14269775967678
14595136666.7,-58.8018750594707
14600135000.0,-59.00504089280414
14605133333.3,-58.84202506935827
14610131666.7,-59.09869068389976
14615130000.0,-58.820441014477744
14620128333.3,-59.191523459033576
14625126666.7,-58.97095209580395
14630125000.0,-58.78007817302988
14635123333.3,-58.79601729142589
14640121666.7,-59.37090714231174
14645120000.0,-59.3320885135078
14650118333.3,-59.062438725743874
14655116666.7,-58.75836143171627
14660115000.0,-58.80472837369545
14665113333.3,-58.60334082574344
14670111666.7,-58.555386118680616
14675110000.0,-58.483558552195376
14680108333.3,-58.33966482276523
14685106666.7,-58.63635493042372
14690105000.0,-58.829808309909154
14695103333.3,-58.85190668533583
14700101666.7,-58.688317233278546
14705100000.0,-59.28831712405591
14710098333.3,-58.723189777947226
14715096666.7,-58.91537915249678
14720095000.0,-59.246761349713196
14725093333.3,-59.40274949265586
14730091666.7,-58.809193675919936
14735090000.0,-58.87593001942712
14740088333.3,-58.75005047058194
14745086666.7,-58.13569809957433
14750085000.0,-58.39086143190787
14755083333.3,-58.32510487164312
14760081666.7,-57.79327060474194
14765080000.0,-58.19364521917186
14770078333.3,-57.9538704254295
14775076666.7,-58.34465758210081
14780075000.0,-58.5216205428463
14785073333.3,-58.497974276125646
14790071666.7,-58.48563856728973
14795070000.0,-58.61076946105506
14800068333.3,-58.441433875658426
14805066666.7,-59.0326485224972
14810065000.0,-58.756914172968735
14815063333.3,-58.83012598126732
14820061666.7,-59.27829680974825
14825060000.0,-59.06346958464643
14830058333.3,-59.27914840147449
14835056666.7,-58.99260577699284
14840055000.0,-58.90753985728547
14845053333.3,-58.96326786221441
14850051666.7,-58.78954450127875
14855050000.0,-59.21998679482166
14860048333.3,-58.55189341101186
14865046666.7,-59.16362725658422
14870045000.0,-58.75350904773449
14875043333.3,-58.93575521202124
14880041666.7,-59.04748462592848
14885040000.0,-59.76294079867667
14890038333.3,-59.27556829803491
14895036666.7,-60.44691937179521
14900035000.0,-60.270878485858084
14905033333.3,-60.17704113756651
14910031666.7,-60.11623171903117
14915030000.0,-59.36565121710263
14920028333.3,-59.5046783038104
14925026666.7,-59.77735029597881
14930025000.0,-59.46245579789136
14935023333.3,-58.752958381859564
14940021666.7,-58.96255368902739
14945020000.0,-58.701291517138536
14950018333.3,-58.684621704104316
14955016666.7,-58.46927138645425
14960015000.0,-58.647344292023654
14965013333.3,-58.3062310487839
14970011666.7,-58.82243107441626
14975010000.0,-58.397048934858915
14980008333.3,-58.68612895218176
14985006666.7,-58.49400834999777
14990005000.0,-58.57426283333641
14995003333.3,-58.707574018929876
15000001666.7,-58.88488346499227
15005000000.0,-58.99020492323446
15009998333.3,-58.519873599264315
15014996666.7,-58.35258889247132
15019995000.0,-59.10535773925361
15024993333.3,-58.92190968199461
15029991666.7,-59.00801363385982
15034990000.0,-58.943080637852596
15039988333.3,-58.50098233841748
15044986666.7,-58.7773309202387
15049985000.0,-58.54653150739476
15054983333.3,-58.70184216354719
15059981666.7,-59.12498775028269
15064980000.0,-58.57971611571132
15069978333.3,-58.99581556348966
15074976666.7,-58.94741272552851
15079975000.0,-58.584997221011086
15084973333.3,-58.52052650918034
15089971666.7,-58.69393003466555
15094970000.0,-58.172408428020894
15099968333.3,-58.636521304565264
15104966666.7,-58.29189870475264
15109965000.0,-58.237467517307316
15114963333.3,-58.220230939461715
15119961666.7,-57.59527410587722
15124960000.0,-58.41088194621193
15129958333.3,-58.64394727498563
15134956666.7,-58.4327579165491
15139955000.0,-58.84499441362722
15144953333.3,-59.289264013928936
15149951666.7,-59.40727183924365
15154950000.0,-59.31720146779631
15159948333.3,-59.18087026369876
15164946666.7,-59.54098059214183
15169945000.0,-59.03514789528768
15174943333.3,-59.311080392444055
15179941666.7,-59.31789456571149
15184940000.0,-59.44106632869649
15189938333.3,-59.610531783656775
15194936666.7,-58.6391617028005
15199935000.0,-59.160470419854974
15204933333.3,-59.161858332283316
15209931666.7,-59.97182961841935
15214930000.0,-59.590972137551496
15219928333.3,-59.73533782648222
15224926666.7,-59.87734405523582
15229925000.0,-60.196026106853544
15234923333.3,-60.385852736890236
15239921666.7,-60.65450155102837
15244920000.0,-60.272364348714156
15249918333.3,-60.17956340592593
15254916666.7,-60.7940946745414
15259915000.0,-60.759865889516995
15264913333.3,-60.236103981776054
15269911666.7,-60.64609523819386
15274910000.0,-60.340294248596834
15279908333.3,-60.24442665631117
15284906666.7,-60.30082857312931
15289905000.0,-59.96870992125484
15294903333.3,-59.42633496671193
15299901666.7,-59.374464308247674
15304900000.0,-59.63657040509276
15309898333.3,-59.66023790933532
15314896666.7,-59.89436626419288
15319895000.0,-59.78410192377413
15324893333.3,-59.56478540443375
15329891666.7,-59.9001865670993
15334890000.0,-60.460823868651104
15339888333.3,-59.97924072233083
15344886666.7,-59.66464030553282
15349885000.0,-60.277359396071844
15354883333.3,-59.96391277388737
15359881666.7,-59.34310170481552
15364880000.0,-60.12290811852721
15369878333.3,-59.09257500466383
15374876666.7,-59.524184833983256
15379875000.0,-59.9828408968768
15384873333.3,-58.986597927442574
15389871666.7,-59.369823847282525
15394870000.0,-59.08991148874536
15399868333.3,-59.51655056231263
15404866666.7,-59.80211542344168
15409865000.0,-59.50374621202161
15414863333.3,-59.8387062074041
15419861666.7,-59.959952537589885
15424860000.0,-59.95294283634932
15429858333.3,-60.364106383788034
15434856666.7,-59.74761496896714
15439855000.0,-59.81956260497348
15444853333.3,-60.0344347607841
15449851666.7,-60.304687338717386
15454850000.0,-59.419417302103376
15459848333.3,-60.272286296183125
15464846666.7,-60.4471654548476
15469845000.0,-60.387089611670994
15474843333.3,-60.86887817727066
15479841666.7,-60.129173589123965
15484840000.0,-61.49735097671571
15489838333.3,-61.268424108477376
15494836666.7,-60.75573063089199
15499835000.0,-60.716694719783355
15504833333.3,-60.80512572077845
15509831666.7,-61.209319074504826
15514830000.0,-61.6191724765638
15519828333.3,-61.55654255249705
15524826666.7,-60.82406886078825
15529825000.0,-61.23453294674946
15534823333.3,-61.03331275676264
15539821666.7,-60.96705327486178
15544820000.0,-61.202048112872305
15549818333.3,-61.137694090639336
15554816666.7,-60.661640731042084
15559815000.0,-61.34294322601937
15564813333.3,-60.95424601210339
15569811666.7,-61.847421088455604
15574810000.0,-61.551342934670046
15579808333.3,-61.431094848641735
15584806666.7,-61.28814166107898
15589805000.0,-61.31283336659416
15594803333.3,-61.66530005290067
15599801666.7,-61.692393183906596
15604800000.0,-61.321672702389456
15609798333.3,-60.25107767941988
15614796666.7,-60.75926112417591
15619795000.0,-61.170903084822925
15624793333.3,-60.67087104472325
15629791666.7,-60.494750667615165
15634790000.0,-59.9058324732204
15639788333.3,-60.29675809854017
15644786666.7,-60.60381633603926
15649785000.0,-60.0667614160877
15654783333.3,-60.44728229539734
15659781666.7,-60.936380854044344
15664780000.0,-61.31984183166403
15669778333.3,-60.57768607495332
15674776666.7,-61.25289836967384
15679775000.0,-60.53048979423732
15684773333.3,-60.129287697149266
15689771666.7,-61.089642623843744
15694770000.0,-60.97160978306093
15699768333.3,-60.52813789446816
15704766666.7,-60.81067094993334
15709765000.0,-59.80349886050219
15714763333.3,-60.78107324778831
15719761666.7,-60.12630179284079
15724760000.0,-60.62159261205104
15729758333.3,-60.79585748848761
15734756666.7,-60.761631001022
15739755000.0,-60.97421739220982
15744753333.3,-60.772004200043675
15749751666.7,-61.10167335762903
15754750000.0,-61.23034622320951
15759748333.3,-61.261201763618956
15764746666.7,-62.233609441214625
15769745000.0,-61.36885439975152
15774743333.3,-61.66761051286062
15779741666.7,-61.848672688462344
15784740000.0,-61.277808338028606
15789738333.3,-61.18003561272458
15794736666.7,-61.21044569218839
15799735000.0,-61.37200190124841
15804733333.3,-61.136068127050734
15809731666.7,-60.5126649096825
15814730000.0,-60.430281483420046
15819728333.3,-60.51584509488542
15824726666.7,-60.94403182295043
15829725000.0,-61.17702593159473
15834723333.3,-60.781656985838424
15839721666.7,-61.08363415020979
15844720000.0,-60.77463114897146
15849718333.3,-60.73097788629071
15854716666.7,-60.96792503629413
15859715000.0,-60.85522889477164
15864713333.3,-60.91442350212736
15869711666.7,-61.071504016999675
15874710000.0,-60.87338247083415
15879708333.3,-61.24407325993602
15884706666.7,-60.38654825147379
15889705000.0,-60.75064005538855
15894703333.3,-60.61848270063666
15899701666.7,-60.64240724712412
15904700000.0,-60.483184398036855
15909698333.3,-60.48943040916229
15914696666.7,-60.91037004038748
15919695000.0,-60.95193903896663
15924693333.3,-60.828484884470825
15929691666.7,-61.3340159200787
15934690000.0,-61.010376011120485
15939688333.3,-61.04828909622928
15944686666.7,-61.64531124055469
15949685000.0,-61.05485686329224
15954683333.3,-61.84336051181855
15959681666.7,-60.783330483598085
15964680000.0,-61.435964754184226
15969678333.3,-61.01116966841875
15974676666.7,-61.46414338646838
15979675000.0,-60.64284655831764
15984673333.3,-61.099377660730696
15989671666.7,-60.98906530977085
15994670000.0,-61.21921521339961
15999668333.3,-60.13877694553635
16004666666.7,-60.3262396336821
16009665000.0,-61.176366237836305
16014663333.3,-61.2058932179109
16019661666.7,-61.253329332028194
16024660000.0,-60.88960560936533
16029658333.3,-60.92198812427129
16034656666.7,-61.286718273095104
16039655000.0,-61.03454821434742
16044653333.3,-60.38079586762688
16049651666.7,-60.67245702248158
16054650000.0,-60.42521829347591
16059648333.3,-60.71990183157493
16064646666.7,-60.75110715926151
16069645000.0,-60.718742132504495
16074643333.3,-61.229599651256606
16079641666.7,-61.50699610664524
16084640000.0,-61.27319134807528
16089638333.3,-62.73259664851052
16094636666.7,-61.723617953914804
16099635000.0,-61.67946137104985
16104633333.3,-61.650565649056205
16109631666.7,-62.66664713816311
16114630000.0,-61.141710579663844
16119628333.3,-61.07211677204016
16124626666.7,-61.26667794523929
16129625000.0,-60.87410892370511
16134623333.3,-61.38797255621958
16139621666.7,-61.6898096070533
16144620000.0,-60.31815412269492
16149618333.3,-60.230445219385985
16154616666.7,-60.68884934602556
16159615000.0,-60.029616816233855
16164613333.3,-59.750181488479555
16169611666.7,-60.18715287178188
16174610000.0,-60.89835497304108
16179608333.3,-61.21992007444268
16184606666.7,-61.476446240101836
16189605000.0,-60.676726488231
16194603333.3,-61.41743357311455
16199601666.7,-61.725209046194124
16204600000.0,-62.11321687849933
16209598333.3,-61.73773667924324
16214596666.7,-61.259550932107906
16219595000.0,-61.5274122546192
16224593333.3,-61.453910969587575
16229591666.7,-61.351738321574246
16234590000.0,-61.29007663251994
16239588333.3,-62.09188912641288
16244586666.7,-61.444599749169775
16249585000.0,-61.73856824407963
16254583333.3,-61.54402111466134
16259581666.7,-61.28868339195453
16264580000.0,-61.204934926692104
16269578333.3,-61.282430861156776
16274576666.7,-61.84825592129437
16279575000.0,-61.606660392257176
16284573333.3,-62.16224299005805
16289571666.7,-61.61599504869898
16294570000.0,-62.05626218297631
16299568333.3,-62.06607764492564
16304566666.7,-62.85824913981064
16309565000.0,-61.951374189113125
16314563333.3,-61.28207035533046
16319561666.7,-61.19850247214356
16324560000.0,-61.78648863910095
16329558333.3,-60.96966151854783
16334556666.7,-61.774341910054304
16339555000.0,-61.6045911291841
16344553333.3,-61.31524243820847
16349551666.7,-61.36385371769314
16354550000.0,-61.59254302986507
16359548333.3,-61.57111511545007
16364546666.7,-61.429957944817744
16369545000.0,-61.07153780069837
16374543333.3,-61.46084466697994
16379541666.7,-62.06282236688135
16384540000.0,-61.880071945754594
16389538333.3,-60.715390297789
16394536666.7,-61.160925756930894
16399535000.0,-61.51897135992311
16404533333.3,-61.5851353342483
16409531666.7,-61.33387503482172
16414530000.0,-61.85157864286662
16419528333.3,-61.46299596928366
16424526666.7,-61.90217277715337
16429525000.0,-61.92122598688662
16434523333.3,-61.689210155354814
16439521666.7,-62.06867301159468
16444520000.0,-62.10217546825895
16449518333.3,-61.86862788239498
16454516666.7,-61.73921862479622
16459515000.0,-61.64258366608114
16464513333.3,-61.80764483704553
16469511666.7,-61.63476725779081
16474510000.0,-61.64497042790623
16479508333.3,-61.27818619799463
16484506666.7,-61.2180618831666
16489505000.0,-61.32922310329618
16494503333.3,-60.7295747733596
16499501666.7,-61.65562756046914
16504500000.0,-61.264232830388224
16509498333.3,-61.5461039169695
16514496666.7,-61.71947465618649
16519495000.0,-61.90609461452362
16524493333.3,-62.83194381300484
16529491666.7,-62.05907342806231
16534490000.0,-62.295946289050185
16539488333.3,-62.50133712040288
16544486666.7,-62.73678912185119
16549485000.0,-62.208477413928726
16554483333.3,-62.197611439904776
16559481666.7,-61.84782558654711
16564480000.0,-61.564266009444424
16569478333.3,-62.895731881031736
16574476666.7,-61.55038664934504
16579475000.0,-62.28903209656543
16584473333.3,-61.550117611206105
16589471666.7,-62.44646751794286
16594470000.0,-62.19566618880642
16599468333.3,-62.12950983771201
16604466666.7,-63.15159791440723
16609465000.0,-61.79393094359401
16614463333.3,-62.33577068719616
16619461666.7,-61.96816509317787
16624460000.0,-62.30049210945516
16629458333.3,-62.07017298851969
16634456666.7,-62.34929137488568
16639455000.0,-61.624643731053006
16644453333.3,-62.81909658247578
16649451666.7,-61.9601554230548
16654450000.0,-61.637778300014446
16659448333.3,-61.63150609558576
16664446666.7,-61.69653412427187
16669445000.0,-62.01522173130865
16674443333.3,-62.09287743209678
16679441666.7,-61.81313542356521
16684440000.0,-61.71796721608889
16689438333.3,-61.84233469890552
16694436666.7,-61.534212147504036
16699435000.0,-60.86056225128697
16704433333.3,-61.808131693740094
16709431666.7,-61.29604727350484
16714430000.0,-61.688193690831895
16719428333.3,-62.07533363402937
16724426666.7,-61.72778855526245
16729425000.0,-61.9664304632418
16734423333.3,-62.39032187816248
16739421666.7,-61.32710358762545
16744420000.0,-61.46826247192987
16749418333.3,-61.33828531922607
16754416666.7,-61.44398017657382
16759415000.0,-61.67465010485106
16764413333.3,-61.80254672293832
16769411666.7,-61.47886571805724
16774410000.0,-61.9499877888332
16779408333.3,-61.8018505607339
16784406666.7,-61.41024910586744
16789405000.0,-61.966935361360306
16794403333.3,-61.39982580740042
16799401666.7,-61.724023770486376
16804400000.0,-62.031081032140776
16809398333.3,-61.89858373484124
16814396666.7,-61.70894438229317
16819395000.0,-61.59245629286504
16824393333.3,-62.3735318185436
16829391666.7,-61.57073585510024
16834390000.0,-61.69660269466668
16839388333.3,-61.54586326679286
16844386666.7,-62.19554146038309
16849385000.0,-61.779480572413014
16854383333.3,-61.58165290244344
16859381666.7,-61.996402745967565
16864380000.0,-61.963115939291114
16869378333.3,-62.27765979184756
16874376666.7,-62.11942592278117
16879375000.0,-61.89444558081361
16884373333.3,-62.182654223228504
16889371666.7,-62.4275714802081
16894370000.0,-62.37018188177137
16899368333.3,-61.708970728438885
16904366666.7,-63.94902082242435
16909365000.0,-62.47863873001259
16914363333.3,-62.62292048657163
16919361666.7,-62.357565279894736
16924360000.0,-61.80747366798222
16929358333.3,-62.146201510807515
16934356666.7,-62.0664787329141
16939355000.0,-61.522392259307814
16944353333.3,-61.74102787282906
16949351666.7,-61.514384751182554
16954350000.0,-62.49939453303461
16959348333.3,-61.687808557226916
16964346666.7,-61.72086663655297
16969345000.0,-61.52062341188721
16974343333.3,-61.304656993459076
16979341666.7,-61.84706319929978
16984340000.0,-61.63426728225978
16989338333.3,-60.82817525245164
16994336666.7,-61.49028338015707
16999335000.0,-60.93518654038743
17004333333.3,-61.35446820483026
17009331666.7,-61.18692200815055
17014330000.0,-61.94837386859703
17019328333.3,-60.68722104870689
17024326666.7,-60.73339788770855
17029325000.0,-60.86096068469335
17034323333.3,-61.433026681746206
17039321666.7,-61.253271561828775
17044320000.0,-61.029416656847886
17049318333.3,-62.067775392615914
17054316666.7,-62.0875491003497
17059315000.0,-62.29255144777069
17064313333.3,-61.65409041076646
17069311666.7,-61.88289370356054
17074310000.0,-60.70820905717582
17079308333.3,-61.37741301261088
17084306666.7,-61.574279259545506
17089305000.0,-61.91892808879571
17094303333.3,-61.09644612911019
17099301666.7,-61.58658485879098
17104300000.0,-61.1168804018315
17109298333.3,-62.360805781612385
17114296666.7,-61.28054404336464
17119295000.0,-61.74554213986093
17124293333.3,-60.78508059905453
17129291666.7,-62.481694650833276
17134290000.0,-61.88902431235013
17139288333.3,-61.73832230798378
17144286666.7,-62.635225637758225
17149285000.0,-62.07613444581575
17154283333.3,-62.89238081046242
17159281666.7,-63.010216839665425
17164280000.0,-62.36475663761706
17169278333.3,-61.88742987207903
17174276666.7,-62.70839247400442
17179275000.0,-61.759909877084326
17184273333.3,-63.06341764626615
17189271666.7,-61.46168791561558
17194270000.0,-61.935091177394796
17199268333.3,-61.654747269511404
17204266666.7,-61.725441793806375
17209265000.0,-61.900499614166534
17214263333.3,-61.97346198624028
17219261666.7,-62.274279769828766
17224260000.0,-61.462521898194204
17229258333.3,-62.365289229000275
17234256666.7,-62.722436617641044
17239255000.0,-62.2819003150118
17244253333.3,-61.59836633543993
17249251666.7,-62.36623706763311
17254250000.0,-62.55906531325031
17259248333.3,-63.068060926727505
17264246666.7,-62.8227122186251
17269245000.0,-63.43178116367387
17274243333.3,-62.04762794550362
17279241666.7,-62.06821724226859
17284240000.0,-62.25113917594114
17289238333.3,-61.54640933431671
17294236666.7,-61.692371638144365
17299235000.0,-61.70419514764794
17304233333.3,-62.35104703559845
17309231666.7,-62.09613627450797
17314230000.0,-62.0127902308709
17319228333.3,-61.45977061329475
17324226666.7,-61.03575100748319
17329225000.0,-61.57046123819883
17334223333.3,-61.113126095085015
17339221666.7,-61.88875499728915
17344220000.0,-62.650673262843426
17349218333.3,-61.16164438506877
17354216666.7,-62.09801284119155
17359215000.0,-62.13567698444909
17364213333.3,-62.01346507676143
17369211666.7,-62.7104129711058
17374210000.0,-61.9664016541964
17379208333.3,-62.43383980215164
17384206666.7,-62.11023099842369
17389205000.0,-62.89709176999886
17394203333.3,-63.04488344027348
17399201666.7,-62.64197673745913
17404200000.0,-63.16931224483123
17409198333.3,-62.65593528135014
17414196666.7,-62.88351846945078
17419195000.0,-62.26393960003903
17424193333.3,-62.62335010193715
17429191666.7,-62.37287385624342
17434190000.0,-62.42168173367287
17439188333.3,-62.52047070987702
17444186666.7,-63.0422598613132
17449185000.0,-62.29870381070691
17454183333.3,-63.71904427548715
17459181666.7,-63.439166218985896
17464180000.0,-62.7991230859314
17469178333.3,-63.10282514178701
17474176666.7,-62.97141910804577
17479175000.0,-63.468917735035575
17484173333.3,-62.33744719292778
17489171666.7,-62.13813301949705
17494170000.0,-62.616175919147864
17499168333.3,-61.63784436281155
17504166666.7,-62.11185405255698
17509165000.0,-62.02721806590989
17514163333.3,-61.83918356894622
17519161666.7,-62.508447316945215
17524160000.0,-61.321625458731155
17529158333.3,-62.675378339022735
17534156666.7,-61.91309059676484
17539155000.0,-61.73424117978264
17544153333.3,-62.70044320002073
17549151666.7,-62.199375554692466
17554150000.0,-62.66820006858562
17559148333.3,-61.781677932147375
17564146666.7,-62.6727328035264
17569145000.0,-62.54497214415451
17574143333.3,-61.8783587520212
17579141666.7,-62.34619460208222
17584140000.0,-62.18829604331967
17589138333.3,-62.19964247478275
17594136666.7,-63.52376912510522
17599135000.0,-62.47835222892898
17604133333.3,-63.01307578171037
17609131666.7,-62.75762291401884
17614130000.0,-62.440034718382556
17619128333.3,-62.84379989153258
17624126666.7,-63.16927117716703
17629125000.0,-63.48152631088911
17634123333.3,-62.85814781921452
17639121666.7,-62.615159271728515
17644120000.0,-62.08961488663831
17649118333.3,-62.934203496843686
17654116666.7,-62.82361063018079
17659115000.0,-62.80764472160398
17664113333.3,-62.23012869838328
17669111666.7,-63.315746772302965
17674110000.0,-62.80946955494605
17679108333.3,-63.9716442284399
17684106666.7,-61.89998039012313
17689105000.0,-62.66484966053998
17694103333.3,-62.01784492842488
17699101666.7,-62.245487274878634
17704100000.0,-62.05157179305553
17709098333.3,-61.82697338672607
17714096666.7,-62.263518949458
17719095000.0,-61.54556331076486
17724093333.3,-61.61474158910927
17729091666.7,-62.33494835885558
17734090000.0,-62.781811113642775
17739088333.3,-61.6383823791839
17744086666.7,-62.50387790271382
17749085000.0,-62.65274231202295
17754083333.3,-62.41369479681042
17759081666.7,-61.68724064102412
17764080000.0,-62.595087212887684
17769078333.3,-61.59951779203128
17774076666.7,-62.07408873774704
17779075000.0,-62.29369503584805
17784073333.3,-62.14036874350404
17789071666.7,-63.11871794349071
17794070000.0,-61.64544189092076
17799068333.3,-62.417674094977826
17804066666.7,-62.24653535851418
17809065000.0,-61.49130159208923
17814063333.3,-61.528782835778756
17819061666.7,-61.719874035276234
17824060000.0,-61.49529437167569
17829058333.3,-62.157198256548995
17834056666.7,-61.99262171360354
17839055000.0,-61.71256382597052
17844053333.3,-62.42783965822906
17849051666.7,-63.13746619384326
17854050000.0,-62.42853663355138
17859048333.3,-62.3332229481675
17864046666.7,-62.65441502367821
17869045000.0,-63.012268829391985
17874043333.3,-63.12845342739607
17879041666.7,-63.595492438697164
17884040000.0,-63.63922487252832
17889038333.3,-63.08543998964729
17894036666.7,-63.37214119118422
17899035000.0,-62.32163299004355
17904033333.3,-62.933108555072856
17909031666.7,-63.37591721929751
17914030000.0,-64.11286474415333
17919028333.3,-62.474235107249676
17924026666.7,-61.99712044068634
17929025000.0,-62.867313830669964
17934023333.3,-63.00142016548027
17939021666.7,-62.58491417512117
17944020000.0,-63.00590917820071
17949018333.3,-63.044815601330335
17954016666.7,-62.87280934937385
17959015000.0,-63.56786240017338
17964013333.3,-63.44386848197985
17969011666.7,-62.81567613812683
17974010000.0,-62.926683338304784
17979008333.3,-62.151926391199865
17984006666.7,-62.37058422217774
17989005000.0,-62.38444968928151
17994003333.3,-62.82971746887556
17999001666.7,-62.85153402642478
18004000000.0,-62.245290501428876
18008998333.3,-61.74508923168177
18013996666.7,-62.49423226466672
18018995000.0,-62.718076487164716
18023993333.3,-63.53965047662446
18028991666.7,-62.37819184468782
18033990000.0,-62.95226515662912
18038988333.3,-62.36371710055244
18043986666.7,-62.40685037581254
18048985000.0,-62.21923414284265
18053983333.3,-62.32509868044176
18058981666.7,-62.95632108706792
18063980000.0,-62.49169882330631
18068978333.3,-62.4471598046962
18073976666.7,-62.17811684205398
18078975000.0,-62.71914380862697
18083973333.3,-63.639146990379516
18088971666.7,-62.37561232567103
18093970000.0,-61.9683531727227
18098968333.3,-61.98201019070066
18103966666.7,-63.13167599036578
18108965000.0,-62.71358810531635
18113963333.3,-63.70639418308427
18118961666.7,-62.37392120478206
18123960000.0,-63.35910847665423
18128958333.3,-63.285240242308845
18133956666.7,-62.53944413580256
18138955000.0,-63.90260231605786
18143953333.3,-63.1382533811377
18148951666.7,-63.55295850561008
18153950000.0,-62.37708391434309
18158948333.3,-63.07027624509867
18163946666.7,-63.62879692604896
18168945000.0,-63.7502186306496
18173943333.3,-63.688281016619925
18178941666.7,-63.77678451551488
18183940000.0,-63.444744156100995
18188938333.3,-63.018087910604955
18193936666.7,-63.59037387851486
18198935000.0,-63.68713332266974
18203933333.3,-63.467006730769114
18208931666.7,-63.6252651257695
18213930000.0,-63.08351357510229
18218928333.3,-63.24148093496551
18223926666.7,-63.777131533141244
18228925000.0,-63.29650720853313
18233923333.3,-63.542230686601336
18238921666.7,-64.93427297464372
18243920000.0,-64.00612424405799
18248918333.3,-63.427381826490105
18253916666.7,-62.94903716031876
18258915000.0,-63.97983303746432
18263913333.3,-64.32285437429233
18268911666.7,-63.84497599986581
18273910000.0,-64.29689693967583
18278908333.3,-63.34604025562763
18283906666.7,-64.08135374508973
18288905000.0,-63.28836453068825
18293903333.3,-63.702118170863415
18298901666.7,-62.79643914032738
18303900000.0,-64.26543463497686
18308898333.3,-63.997838927652396
18313896666.7,-63.30358028270969
18318895000.0,-63.89133245153584
18323893333.3,-63.39923782714237
18328891666.7,-63.508187350166374
18333890000.0,-63.223429766959185
18338888333.3,-63.98889925534452
18343886666.7,-64.03581522463597
18348885000.0,-63.67495815066462
18353883333.3,-63.012102680292664
18358881666.7,-63.988211104665574
18363880000.0,-63.36060727256292
18368878333.3,-63.300732578300455
18373876666.7,-63.65789567071068
18378875000.0,-63.60653947530747
18383873333.3,-63.208052652591526
18388871666.7,-63.947130053528824
18393870000.0,-63.65640730369314
18398868333.3,-63.18761354421528
18403866666.7,-63.256363077324835
18408865000.0,-63.59898913270018
18413863333.3,-62.97377757329037
18418861666.7,-64.03624371456044
18423860000.0,-63.68008978645761
18428858333.3,-62.64630320130941
18433856666.7,-62.56795979301344
18438855000.0,-63.11297962200083
18443853333.3,-63.1526486047779
18448851666.7,-62.8040830015492
18453850000.0,-62.35286620185535
18458848333.3,-62.31657248062745
18463846666.7,-63.7246687127259
18468845000.0,-62.808370529339925
18473843333.3,-63.091537411457026
18478841666.7,-63.77114161884827
18483840000.0,-62.783455891255564
18488838333.3,-62.898269280977665
18493836666.7,-63.494502594041755
18498835000.0,-64.63148079496544
18503833333.3,-63.79484795012019
18508831666.7,-63.057716534575604
18513830000.0,-63.08910802558738
18518828333.3,-63.67575683998416
18523826666.7,-63.97789981567276
18528825000.0,-64.22502098441251
18533823333.3,-64.42028916111595
18538821666.7,-64.13031479952677
18543820000.0,-63.691226016719895
18548818333.3,-63.388423337793974
18553816666.7,-63.28488811727417
18558815000.0,-63.875966293653704
18563813333.3,-64.72224982785909
18568811666.7,-64.15685631576136
18573810000.0,-63.611535180000374
18578808333.3,-63.73447150073525
18583806666.7,-64.67223751970565
18588805000.0,-64.11431196030541
18593803333.3,-63.529872675600146
18598801666.7,-63.48304973433464
18603800000.0,-63.599496332529014
18608798333.3,-63.88930427889271
18613796666.7,-63.46243870961874
18618795000.0,-63.479536922791425
18623793333.3,-64.22350341511594
18628791666.7,-63.45142105092823
18633790000.0,-63.93848750437417
18638788333.3,-62.98400444743247
18643786666.7,-64.14868825738536
18648785000.0,-63.39455767904809
18653783333.3,-63.95513111670195
18658781666.7,-63.70253954401712
18663780000.0,-63.42856343105254
18668778333.3,-63.428230528567596
18673776666.7,-64.07832282864945
18678775000.0,-63.34294423708915
18683773333.3,-63.874773549305516
18688771666.7,-62.438609835196786
18693770000.0,-62.639024517160315
18698768333.3,-62.76739061652912
18703766666.7,-63.403476899395855
18708765000.0,-64.12608911091692
18713763333.3,-63.39988001929669
18718761666.7,-63.10882754095053
18723760000.0,-62.75438786291812
18728758333.3,-63.17350827080587
18733756666.7,-63.338123946705764
18738755000.0,-63.83215831933671
18743753333.3,-63.00519940124271
18748751666.7,-62.793683593315805
18753750000.0,-63.862034755593136
18758748333.3,-63.31623027787412
18763746666.7,-63.4670190383984
18768745000.0,-63.87111754019295
18773743333.3,-63.58529274370249
18778741666.7,-63.312639579265195
18783740000.0,-63.02213006067406
18788738333.3,-63.38939668167772
18793736666.7,-64.20711094880116
18798735000.0,-63.39338291697828
18803733333.3,-64.8526030365097
18808731666.7,-62.572502297583846
18813730000.0,-63.95681416929969
18818728333.3,-64.16442705271405
18823726666.7,-64.43823306726522
18828725000.0,-65.56477645044285
18833723333.3,-65.22747367586858
18838721666.7,-65.71009188619631
18843720000.0,-64.25597736305681
18848718333.3,-64.5582853387705
18853716666.7,-65.22233516918948
18858715000.0,-64.68519079769591
18863713333.3,-65.06761028915142
18868711666.7,-65.00851282527195
18873710000.0,-64.71680030052269
18878708333.3,-64.70216289476946
18883706666.7,-63.9332290729605
18888705000.0,-63.75494863602303
18893703333.3,-65.11764653751692
18898701666.7,-63.90767506283836
18903700000.0,-63.97510549756201
18908698333.3,-64.94977382956631
18913696666.7,-64.2769323671398
18918695000.0,-64.4150536566579
18923693333.3,-63.93324948921571
18928691666.7,-64.70684749186888
18933690000.0,-63.93889383844804
18938688333.3,-64.27976055260812
18943686666.7,-63.922713988939364
18948685000.0,-63.457254426865994
18953683333.3,-63.488601204090436
18958681666.7,-63.846444513702004
18963680000.0,-64.63945310202192
18968678333.3,-64.50494661700863
18973676666.7,-63.908240418059904
18978675000.0,-62.880153310305865
18983673333.3,-64.66012716766488
18988671666.7,-64.73933909613424
18993670000.0,-64.68001317247526
18998668333.3,-65.55943461283061
19003666666.7,-64.41193344727989
19008665000.0,-64.11273519621449
19013663333.3,-64.54492225928432
19018661666.7,-65.39728585541748
19023660000.0,-64.44756430145335
19028658333.3,-64.38059541488735
19033656666.7,-64.37517651052885
19038655000.0,-64.47118137254596
19043653333.3,-64.60839486976414
19048651666.7,-64.32247717494589
19053650000.0,-64.62884194182833
19058648333.3,-63.99547880630843
19063646666.7,-63.9488977804417
19068645000.0,-64.98491798572613
19073643333.3,-64.70024333373763
19078641666.7,-64.3253382138849
19083640000.0,-64.94023730043882
19088638333.3,-64.59383074487947
19093636666.7,-65.0935290771536
19098635000.0,-64.50626402816822
19103633333.3,-64.0246423914591
19108631666.7,-64.69610484976883
19113630000.0,-63.690171159814255
19118628333.3,-64.01717822597095
19123626666.7,-64.33777551108142
19128625000.0,-64.76691503934074
19133623333.3,-63.70519959377425
19138621666.7,-64.09205102032163
19143620000.0,-63.38874444268515
19148618333.3,-63.60795021792045
19153616666.7,-63.82324266382298
19158615000.0,-63.551797974460925
19163613333.3,-64.33506789997315
19168611666.7,-65.26734871380424
19173610000.0,-64.36160183479798
19178608333.3,-64.06176101745876
19183606666.7,-64.47004281949484
19188605000.0,-64.26151233275246
19193603333.3,-63.96318936268989
19198601666.7,-63.210509072514995
19203600000.0,-64.11179507788691
19208598333.3,-64.83718064511918
19213596666.7,-63.77950065456421
19218595000.0,-64.17925456674583
19223593333.3,-64.33387962378208
19228591666.7,-63.74898053886582
19233590000.0,-64.22376373227935
19238588333.3,-63.90484121436807
19243586666.7,-64.94732245988996
19248585000.0,-64.28554740115179
19253583333.3,-64.35813664066492
19258581666.7,-65.50740772763639
19263580000.0,-64.7394692273002
19268578333.3,-65.34526096842173
19273576666.7,-64.69800753307817
19278575000.0,-64.19252176187717
19283573333.3,-63.85954885580708
19288571666.7,-64.43301077879035
19293570000.0,-65.44962330368529
19298568333.3,-64.78234163145716
19303566666.7,-64.61370655477106
19308565000.0,-65.1841982982709
19313563333.3,-64.02641394960825
19318561666.7,-64.33342818037846
19323560000.0,-64.8529918798897
19328558333.3,-65.29890290942942
19333556666.7,-63.18323922329293
19338555000.0,-65.2720910798788
19343553333.3,-64.7295831227492
19348551666.7,-64.17432031839392
19353550000.0,-65.22489332228675
19358548333.3,-64.91842312244265
19363546666.7,-65.30569336160869
19368545000.0,-65.37663451530952
19373543333.3,-65.31292699636963
19378541666.7,-64.04016560350483
19383540000.0,-65.54368951825657
19388538333.3,-65.52449519733517
19393536666.7,-64.07855191092307
19398535000.0,-63.675059486153735
19403533333.3,-63.12985103362593
19408531666.7,-63.804327649762115
19413530000.0,-64.2210519659502
19418528333.3,-63.25029193394392
19423526666.7,-63.46854046093714
19428525000.0,-63.14526893618812
19433523333.3,-63.87624635594082
19438521666.7,-63.4055571875955
19443520000.0,-63.60834343183082
19448518333.3,-63.72145954871534
19453516666.7,-63.42825117616856
19458515000.0,-63.04371986701657
19463513333.3,-64.61755301202228
19468511666.7,-63.23640177196903
19473510000.0,-62.801600851484
19478508333.3,-63.26505630638766
19483506666.7,-63.858401101388935
19488505000.0,-62.8469998751285
19493503333.3,-64.16272042777994
19498501666.7,-62.6045503118539
19503500000.0,-63.20133007158552
19508498333.3,-63.69161081901452
19513496666.7,-64.04772660618279
19518495000.0,-63.61860854718565
19523493333.3,-63.852479129182
19528491666.7,-64.10276817490475
19533490000.0,-64.0850542750363
19538488333.3,-64.12011649752733
19543486666.7,-63.84505424738093
19548485000.0,-65.23029173134282
19553483333.3,-64.88781020670727
19558481666.7,-64.82557054133012
19563480000.0,-64.4627842520486
19568478333.3,-64.70867008239028
19573476666.7,-64.82538480981
19578475000.0,-65.19757034237631
19583473333.3,-64.676882489551
19588471666.7,-65.29378608419071
19593470000.0,-64.25874342703187
19598468333.3,-64.67915840594591
19603466666.7,-65.24029013736752
19608465000.0,-65.48604099983186
19613463333.3,-64.3556969230775
19618461666.7,-64.68451163994585
19623460000.0,-65.33018775835924
19628458333.3,-64.75838147780138
19633456666.7,-64.33711077247904
19638455000.0,-64.95225833422624
19643453333.3,-64.19295838885147
19648451666.7,-65.80838156549505
19653450000.0,-64.56101261859258
19658448333.3,-64.74485621042106
19663446666.7,-64.4663136924642
19668445000.0,-65.39497821755411
19673443333.3,-64.20377808795205
19678441666.7,-64.44002328415112
19683440000.0,-64.05155696430543
19688438333.3,-67.46095744199903
19693436666.7,-64.87327938579065
19698435000.0,-63.954595127388245
19703433333.3,-65.14528868702743
19708431666.7,-65.40056747170314
19713430000.0,-63.24398505685265
19718428333.3,-64.0839908676481
19723426666.7,-64.0666961975571
19728425000.0,-66.66131635607262
19733423333.3,-65.04610863691367
19738421666.7,-64.95011247794785
19743420000.0,-65.02368096812192
19748418333.3,-65.10193451204438
19753416666.7,-65.0750842668021
19758415000.0,-64.3920421460266
19763413333.3,-65.28754938842542
19768411666.7,-65.19363824275023
19773410000.0,-64.99232336373052
19778408333.3,-63.90108788142243
19783406666.7,-64.52054581087494
19788405000.0,-64.12200797881782
19793403333.3,-65.6931549207775
19798401666.7,-64.93676422779723
19803400000.0,-65.30330230003734
19808398333.3,-64.47239808759818
19813396666.7,-64.49481182059355
19818395000.0,-64.53160336850844
19823393333.3,-64.62045969837148
19828391666.7,-64.45121208109066
19833390000.0,-64.27566662226042
19838388333.3,-65.03173369663904
19843386666.7,-64.90445389169379
19848385000.0,-65.95210401490932
19853383333.3,-66.12968310075276
19858381666.7,-65.28986694426736
19863380000.0,-66.25565230185244
19868378333.3,-66.06883938483166
19873376666.7,-64.67800302707636
19878375000.0,-65.28059547376073
19883373333.3,-66.16000281306798
19888371666.7,-68.06108424120252
19893370000.0,-66.60761777821295
19898368333.3,-65.63434739007269
19903366666.7,-66.89420565781668
19908365000.0,-66.53398183890684
19913363333.3,-65.687713759125
19918361666.7,-65.23021992862195
19923360000.0,-65.81182294855842
19928358333.3,-65.9632488810644
19933356666.7,-65.22050037641394
19938355000.0,-65.36265467879632
19943353333.3,-66.44640404387292
19948351666.7,-65.70184031126576
19953350000.0,-65.34167344893662
19958348333.3,-66.3629384366914
19963346666.7,-65.63762314753369
19968345000.0,-66.73920524857185
19973343333.3,-65.6083006942456
19978341666.7,-65.60237792701118
19983340000.0,-67.1149788728208
19988338333.3,-66.4281910698819
19993336666.7,-65.9429854838902
19998335000.0,-65.49353576698351
20003333333.3,-66.52898443337185
20008331666.7,-65.46624990252943
20013330000.0,-65.29232972631921
20018328333.3,-66.46459081739269
20023326666.7,-66.4895622993727
20028325000.0,-66.39081381744153
20033323333.3,-68.16517905730498
20038321666.7,-67.98042150181915
20043320000.0,-67.9513857420476
20048318333.3,-66.9251490953598
20053316666.7,-66.84655801279455
20058315000.0,-67.09985653915243
20063313333.3,-66.95990044479782
20068311666.7,-66.6527617246601
20073310000.0,-65.59870888607486
20078308333.3,-66.66932356865689
20083306666.7,-65.68620521157673
20088305000.0,-66.59112330282841
20093303333.3,-65.98299628128346
20098301666.7,-66.73738018533139
20103300000.0,-65.10988842727252
20108298333.3,-66.4873558441214
20113296666.7,-66.47330951263334
20118295000.0,-65.80413847762999
20123293333.3,-66.71729167617356
20128291666.7,-66.4354606519964
20133290000.0,-67.16129227238373
20138288333.3,-66.58852411057603
20143286666.7,-66.89987716229113
20148285000.0,-65.73395427223461
20153283333.3,-66.41050022278681
20158281666.7,-66.37678833500959
20163280000.0,-66.72478256775827
20168278333.3,-65.57124564667437
20173276666.7,-67.1675029415014
20178275000.0,-67.9577900486199
20183273333.3,-67.03272457493131
20188271666.7,-66.65775870090644
20193270000.0,-66.94393081186101
20198268333.3,-67.71793269709829
20203266666.7,-66.94857967019081
20208265000.0,-67.34861769772013
20213263333.3,-66.07517248895061
20218261666.7,-67.39866185849057
20223260000.0,-68.02734848901434
20228258333.3,-67.69061073875176
20233256666.7,-67.60533532377407
20238255000.0,-66.614259604741
20243253333.3,-66.55625829946013
20248251666.7,-66.44624450005497
20253250000.0,-65.87328563283353
20258248333.3,-66.24744035767493
20263246666.7,-66.83160406995063
20268245000.0,-66.90876417936454
20273243333.3,-66.71789766709429
20278241666.7,-65.20395847431247
20283240000.0,-66.28095026255471
20288238333.3,-66.79987760867799
20293236666.7,-68.15461946652267
20298235000.0,-67.9551404547043
20303233333.3,-66.87248024384533
20308231666.7,-66.47259328084513
20313230000.0,-65.19613090974565
20318228333.3,-66.23768366603394
20323226666.7,-67.63208779198764
20328225000.0,-66.53541552130467
20333223333.3,-66.2440800678335
20338221666.7,-66.27499633878185
20343220000.0,-65.49183571041883
20348218333.3,-67.31345990037752
20353216666.7,-67.12329645052498
20358215000.0,-66.10380865901193
20363213333.3,-67.17341144678505
20368211666.7,-67.26082326102251
20373210000.0,-67.72002516739198
20378208333.3,-66.79839803205451
20383206666.7,-67.6377849897222
20388205000.0,-67.41807900861589
20393203333.3,-68.0269757820158
20398201666.7,-67.44805607128409
20403200000.0,-67.74871489538428
20408198333.3,-67.34567539693727
20413196666.7,-68.05194337734005
20418195000.0,-67.58675932966534
20423193333.3,-67.59183173008749
20428191666.7,-66.84915807208486
20433190000.0,-66.6263034718175
20438188333.3,-66.72176355828805
20443186666.7,-67.52761805378621
20448185000.0,-65.81555470775962
20453183333.3,-67.02754736193509
20458181666.7,-67.78643590052977
20463180000.0,-67.5920547819328
20468178333.3,-68.18184418337603
20473176666.7,-66.819892744116
20478175000.0,-67.99660578561448
20483173333.3,-69.0683759684008
20488171666.7,-67.96594824562126
20493170000.0,-68.16575804868067
20498168333.3,-67.00260229781084
20503166666.7,-67.07059643523027
20508165000.0,-66.86320280402677
20513163333.3,-66.39774162789114
20518161666.7,-66.195603850849
20523160000.0,-66.9592127452665
20528158333.3,-66.2022449967897
20533156666.7,-67.79298745643177
20538155000.0,-68.6312052955272
20543153333.3,-67.6146810383136
20548151666.7,-67.47930763422013
20553150000.0,-66.83119153028719
20558148333.3,-66.67029675652971
20563146666.7,-66.949174749857
20568145000.0,-66.94276265657626
20573143333.3,-67.91824820267806
20578141666.7,-67.36120717174964
20583140000.0,-67.66651710393134
20588138333.3,-67.30983879979311
20593136666.7,-67.64406656369356
20598135000.0,-66.94864195689925
20603133333.3,-66.92453644041797
20608131666.7,-66.5728016747585
20613130000.0,-66.25840418289259
20618128333.3,-67.05591952791795
20623126666.7,-66.83836567640188
20628125000.0,-67.32756013698572
20633123333.3,-67.75443848710174
20638121666.7,-66.8741516790874
20643120000.0,-66.65168776035944
20648118333.3,-69.56193971659059
20653116666.7,-68.5298434352744
20658115000.0,-68.81333421757587
20663113333.3,-70.0940523944446
20668111666.7,-67.72220020722168
20673110000.0,-68.43024235725254
20678108333.3,-66.99253029552058
20683106666.7,-67.94907041050962
20688105000.0,-68.58001372124731
20693103333.3,-67.89397063558083
20698101666.7,-67.72134797515028
20703100000.0,-69.12619696198803
20708098333.3,-69.23248752256544
20713096666.7,-68.93135117008481
20718095000.0,-69.14246500062319
20723093333.3,-67.60918069140695
20728091666.7,-68.43298079789417
20733090000.0,-69.5148561444578
20738088333.3,-68.02969281505784
20743086666.7,-68.94911986440322
20748085000.0,-68.61224372407754
20753083333.3,-68.85598138915353
20758081666.7,-68.73206218403854
20763080000.0,-68.76268482668726
20768078333.3,-68.1804869414839
20773076666.7,-67.99581534567331
20778075000.0,-67.55455551018541
20783073333.3,-67.43104461141426
20788071666.7,-67.88312309564714
20793070000.0,-67.75085728686237
20798068333.3,-68.7438529238627
20803066666.7,-68.85577926792854
20808065000.0,-67.81410833548551
20813063333.3,-69.0855535654232
20818061666.7,-68.28790745577317
20823060000.0,-67.97759266843534
20828058333.3,-70.29101135007168
20833056666.7,-68.62069162217344
20838055000.0,-68.12955361040794
20843053333.3,-68.68634550001785
20848051666.7,-69.3542511783781
20853050000.0,-68.41211094861323
20858048333.3,-67.47377970958438
20863046666.7,-68.6201410322702
20868045000.0,-68.85201516725103
20873043333.3,-68.39692869914678
20878041666.7,-69.97482066705912
20883040000.0,-68.02657416042418
20888038333.3,-68.13739475773998
20893036666.7,-69.41350368544033
20898035000.0,-69.684537884728
20903033333.3,-68.65082452619957
20908031666.7,-70.6661324420275
20913030000.0,-69.65610897924725
20918028333.3,-69.46065395959026
20923026666.7,-71.08348841150126
20928025000.0,-69.52372153689385
20933023333.3,-69.51752963724586
20938021666.7,-70.14120751511004
20943020000.0,-70.35677223266117
20948018333.3,-68.74524787425267
20953016666.7,-70.60806503073132
20958015000.0,-69.81769415538265
20963013333.3,-69.62891207997441
20968011666.7,-70.11795457702881
20973010000.0,-71.05789374948175
20978008333.3,-70.30877317906501
20983006666.7,-70.94770548024626
20988005000.0,-70.3851221888989
20993003333.3,-70.45365772719381
20998001666.7,-69.94380526261995
21003000000.0,-71.32807701989951
21007998333.3,-70.65987958510071
21012996666.7,-69.2100744288197
21017995000.0,-69.5349145258013
21022993333.3,-69.2297677803014
21027991666.7,-68.78648284708325
21032990000.0,-69.3373591349517
21037988333.3,-68.79677644771002
21042986666.7,-68.61184888472849
21047985000.0,-67.83193048080769
21052983333.3,-68.51634584655676
21057981666.7,-69.88474235357711
21062980000.0,-68.80923988950153
21067978333.3,-69.52015234152594
21072976666.7,-67.67044402727238
21077975000.0,-68.99065201786898
21082973333.3,-68.72851204383144
21087971666.7,-69.48810353770368
21092970000.0,-68.3927443329993
21097968333.3,-69.15391100380678
21102966666.7,-69.01614789794411
21107965000.0,-69.28964177988686
21112963333.3,-69.23921346786072
21117961666.7,-68.0274918154275
21122960000.0,-68.6134301155996
21127958333.3,-69.43495556045407
21132956666.7,-67.99902720145596
21137955000.0,-68.95271017906867
21142953333.3,-68.81758574539002
21147951666.7,-68.1219458149592
21152950000.0,-69.04005558880253
21157948333.3,-69.03450149729454
21162946666.7,-68.210520040386
21167945000.0,-70.39799189705202
21172943333.3,-70.71542581659651
21177941666.7,-70.28377638312381
21182940000.0,-69.95472381755536
21187938333.3,-69.83146877983177
21192936666.7,-69.32242154509248
21197935000.0,-69.79723520979923
21202933333.3,-69.88550863895473
21207931666.7,-69.77173964237055
21212930000.0,-71.17138895211527
21217928333.3,-70.07341908390684
21222926666.7,-68.71842820435712
21227925000.0,-70.18205582883759
21232923333.3,-69.66557898193437
21237921666.7,-69.83200900287771
21242920000.0,-71.11270000452103
21247918333.3,-69.30306930914415
21252916666.7,-68.86927745015633
21257915000.0,-71.41909696712253
21262913333.3,-71.17795734075925
21267911666.7,-70.22013172218628
21272910000.0,-69.53730411231376
21277908333.3,-70.12758095613242
21282906666.7,-69.78926110261753
21287905000.0,-68.57994348390896
21292903333.3,-68.31662504404454
21297901666.7,-67.80433288494415
21302900000.0,-69.64086277565049
21307898333.3,-68.91441748763532
21312896666.7,-69.33449561582405
21317895000.0,-71.46387367244996
21322893333.3,-70.30193062951342
21327891666.7,-70.244453006615
21332890000.0,-69.68326704280992
21337888333.3,-68.78229336194268
21342886666.7,-69.44549031835338
21347885000.0,-68.92475548208435
21352883333.3,-68.67004551042197
21357881666.7,-69.32504861329629
21362880000.0,-70.49334869439785
21367878333.3,-69.00072953509411
21372876666.7,-67.76099168355978
21377875000.0,-68.54775794885802
21382873333.3,-69.4310522130037
21387871666.7,-68.1829498228363
21392870000.0,-69.01646608465663
21397868333.3,-68.36529474246757
21402866666.7,-68.72415352360228
21407865000.0,-70.32057873578043
21412863333.3,-69.89440051970975
21417861666.7,-70.11671899743804
21422860000.0,-69.00875790319358
21427858333.3,-71.33946734245798
21432856666.7,-70.69688374464099
21437855000.0,-71.55839371625235
21442853333.3,-70.51008755784528
21447851666.7,-68.57666253470616
21452850000.0,-70.01851084749933
21457848333.3,-69.14281452325548
21462846666.7,-70.78831692014757
21467845000.0,-69.33117790234056
21472843333.3,-70.00052754143123
21477841666.7,-67.81811183582792
21482840000.0,-69.23488425188583
21487838333.3,-70.72545439207202
21492836666.7,-70.3318822615154
21497835000.0,-70.00058161322674
21502833333.3,-68.8138737499502
21507831666.7,-69.98157322389002
21512830000.0,-68.8888879311761
21517828333.3,-69.4542154531383
21522826666.7,-70.52998075730274
21527825000.0,-69.80326283896933
21532823333.3,-69.15421251504235
21537821666.7,-69.77292624933953
21542820000.0,-69.19856508152095
21547818333.3,-70.26687671744749
21552816666.7,-69.68898909150079
21557815000.0,-68.96287064183652
21562813333.3,-69.57821825511301
21567811666.7,-67.91026761586802
21572810000.0,-68.43286761614333
21577808333.3,-69.07972114834324
21582806666.7,-69.97957762015953
21587805000.0,-69.54439839103634
21592803333.3,-70.4200527486962
21597801666.7,-70.21379179537489
21602800000.0,-69.08963574715101
21607798333.3,-68.398548934155
21612796666.7,-68.32179271094145
21617795000.0,-70.7784923703806
21622793333.3,-68.66391595393443
21627791666.7,-67.39538801994068
21632790000.0,-70.05360418960134
21637788333.3,-68.32999630088923
21642786666.7,-69.62870296620962
21647785000.0,-68.59456246302707
21652783333.3,-68.29963159975355
21657781666.7,-68.6833350362141
21662780000.0,-69.88069885234114
21667778333.3,-69.9281252084263
21672776666.7,-71.06099047572984
21677775000.0,-70.76977626273764
21682773333.3,-71.01058278008165
21687771666.7,-68.87785790312363
21692770000.0,-69.68665868154005
21697768333.3,-69.48485136179696
21702766666.7,-68.65260632031612
21707765000.0,-70.14990961042437
21712763333.3,-68.28091306033419
21717761666.7,-70.61216698216141
21722760000.0,-69.43835107116502
21727758333.3,-70.22803205110596
21732756666.7,-70.01073501069014
21737755000.0,-71.5393641709472
21742753333.3,-69.24282022595665
21747751666.7,-69.5962430017008
21752750000.0,-69.59394151574993
21757748333.3,-70.16171850879131
21762746666.7,-68.51134011036241
21767745000.0,-68.76492045904934
21772743333.3,-69.92752189594164
21777741666.7,-70.1668180691176
21782740000.0,-70.16665357470106
21787738333.3,-70.3677595007085
21792736666.7,-68.92618472538041
21797735000.0,-70.29132339831526
21802733333.3,-70.82602876480814
21807731666.7,-70.77573371504003
21812730000.0,-72.87785289462221
21817728333.3,-70.66260526999034
21822726666.7,-68.40157909142428
21827725000.0,-69.52414240198169
21832723333.3,-70.28620287634507
21837721666.7,-69.30121990803228
21842720000.0,-70.34936002417015
21847718333.3,-71.25152039842266
21852716666.7,-70.8649510532903
21857715000.0,-71.10047278813485
21862713333.3,-71.84705857303666
21867711666.7,-72.30958160849399
21872710000.0,-72.25551138356255
21877708333.3,-70.85847029068954
21882706666.7,-70.86197461997841
21887705000.0,-71.95861558231094
21892703333.3,-71.35005444237406
21897701666.7,-71.43779404991807
21902700000.0,-69.30696550830615
21907698333.3,-71.05819010572762
21912696666.7,-69.50358899999453
21917695000.0,-71.51038546368481
21922693333.3,-69.91560861463326
21927691666.7,-72.91262685721632
21932690000.0,-71.16470311766139
21937688333.3,-71.33948976623759
21942686666.7,-72.56814818246315
21947685000.0,-72.51259793556142
21952683333.3,-71.7480052424032
21957681666.7,-72.33435933176058
21962680000.0,-72.02000145801729
21967678333.3,-72.27517019656034
21972676666.7,-72.0769340458108
21977675000.0,-72.49658469073124
21982673333.3,-70.33474347859625
21987671666.7,-70.63046431414547
21992670000.0,-71.70711633720454
21997668333.3,-71.31227749470347
22002666666.7,-71.23482185214999
22007665000.0,-71.08933793673438
22012663333.3,-73.00128747072661
22017661666.7,-73.38741482123285
22022660000.0,-71.95088295444532
22027658333.3,-70.78834265648021
22032656666.7,-69.87049088832751
22037655000.0,-72.31985208660075
22042653333.3,-71.88428473710668
22047651666.7,-71.26087839997132
22052650000.0,-71.05526421541222
22057648333.3,-71.72416178990832
22062646666.7,-72.09044380499495
22067645000.0,-71.02887384531137
22072643333.3,-72.68387139415425
22077641666.7,-70.9532228561488
22082640000.0,-71.35193068363388
22087638333.3,-71.37960501550731
22092636666.7,-70.96613656568032
22097635000.0,-70.73691054754468
22102633333.3,-71.4380815258024
22107631666.7,-72.39164396448093
22112630000.0,-73.55442031439993
22117628333.3,-72.43789763648992
22122626666.7,-70.72411689802556
22127625000.0,-70.29263489175199
22132623333.3,-70.5077957531055
22137621666.7,-72.11622402933915
22142620000.0,-72.17563976498154
22147618333.3,-71.07181175635453
22152616666.7,-71.06840719939521
22157615000.0,-71.45115844448496
22162613333.3,-72.37169068885822
22167611666.7,-72.2743373453336
22172610000.0,-70.81385408474203
22177608333.3,-72.12486814026892
22182606666.7,-72.01020213909192
22187605000.0,-71.96325125933944
22192603333.3,-72.53616677742038
22197601666.7,-69.55575525599514
22202600000.0,-70.94394505608305
22207598333.3,-71.16592698290694
22212596666.7,-70.83297158610218
22217595000.0,-70.90836213628008
22222593333.3,-70.42063266121252
22227591666.7,-69.38137225397315
22232590000.0,-74.30838839935944
22237588333.3,-69.87793871308969
22242586666.7,-70.43208085428165
22247585000.0,-72.05760278515552
22252583333.3,-68.79462250680267
22257581666.7,-69.97839466412772
22262580000.0,-69.19380820496976
22267578333.3,-73.54467087128103
22272576666.7,-71.62523772283502
22277575000.0,-70.4473416734248
22282573333.3,-71.4621060358114
22287571666.7,-71.11790347784033
22292570000.0,-71.3785290214593
22297568333.3,-72.9294152437092
22302566666.7,-70.87667611470422
22307565000.0,-74.95705458500466
22312563333.3,-72.38508399869656
22317561666.7,-74.15499343021891
22322560000.0,-73.48612005844359
22327558333.3,-70.77159556751167
22332556666.7,-73.810628401575
22337555000.0,-71.43320109980435
22342553333.3,-74.55489254572967
22347551666.7,-71.79138492106021
22352550000.0,-71.98141821915435
22357548333.3,-71.70106007018495
22362546666.7,-72.63618411797181
22367545000.0,-70.48293082419272
22372543333.3,-73.01604940265297
22377541666.7,-72.72610807070339
22382540000.0,-74.12874168156874
22387538333.3,-69.96078119256681
22392536666.7,-71.24185834344236
22397535000.0,-73.78285435134622
22402533333.3,-72.1122410033669
22407531666.7,-71.68827680648184
22412530000.0,-72.95952545515266
22417528333.3,-73.34373077634247
22422526666.7,-71.97557826012502
22427525000.0,-70.08808137496686
22432523333.3,-72.06139107792227
22437521666.7,-70.03793672845836
22442520000.0,-73.34159888576197
22447518333.3,-70.8807369512761
22452516666.7,-72.34445213933252
22457515000.0,-70.0997681592922
22462513333.3,-72.55178140823894
22467511666.7,-73.3612649648539
22472510000.0,-70.6258764968481
22477508333.3,-69.94106811541768
22482506666.7,-73.06829255366705
22487505000.0,-71.55584343078887
22492503333.3,-75.0858999485536
22497501666.7,-71.50935778366888
22502500000.0,-69.74344119977758
22507498333.3,-72.6552345516116
22512496666.7,-71.34036258223713
22517495000.0,-71.77461967849858
22522493333.3,-70.12498841337786
22527491666.7,-71.99149737947411
22532490000.0,-73.25620392462989
22537488333.3,-72.92789084363397
22542486666.7,-70.50998599600496
22547485000.0,-73.09695989129952
22552483333.3,-73.37949886182469
22557481666.7,-73.12693683988141
22562480000.0,-72.61961109242233
22567478333.3,-72.52707726497906
22572476666.7,-72.8204328152287
22577475000.0,-71.77484455573935
22582473333.3,-72.89202887984945
22587471666.7,-73.73814087172433
22592470000.0,-75.02231288152052
22597468333.3,-72.74900854273989
22602466666.7,-74.40588269601147
22607465000.0,-73.93954177460432
22612463333.3,-73.3694363094705
22617461666.7,-73.45765918317645
22622460000.0,-73.3972447045127
22627458333.3,-78.14246624667652
22632456666.7,-73.81554718795566
22637455000.0,-76.39733548564148
22642453333.3,-72.30120282884354
22647451666.7,-75.14092957692047
22652450000.0,-72.72774948517036
22657448333.3,-73.17030840250303
22662446666.7,-75.55269898757354
22667445000.0,-76.11636897007722
22672443333.3,-75.16447259374235
22677441666.7,-75.33549948409367
22682440000.0,-72.33151694083433
22687438333.3,-74.14584580935053
22692436666.7,-74.46054603166145
22697435000.0,-75.85654238505734
22702433333.3,-72.36805127232117
22707431666.7,-74.3013153841814
22712430000.0,-75.00436453703202
22717428333.3,-73.3915788258161
22722426666.7,-73.9412907167889
22727425000.0,-72.72941622329266
22732423333.3,-73.83132853939584
22737421666.7,-73.71445275732084
22742420000.0,-72.44680360111951
22747418333.3,-73.89340748292548
22752416666.7,-73.46439744043552
22757415000.0,-73.66578133609532
22762413333.3,-73.6203155759107
22767411666.7,-72.76319870698374
22772410000.0,-73.13723997139809
22777408333.3,-76.20021372691654
22782406666.7,-76.76502727662134
22787405000.0,-74.31883137626114
22792403333.3,-74.7910465571276
22797401666.7,-74.60081216333043
22802400000.0,-74.78493982951119
22807398333.3,-74.88504976002659
22812396666.7,-77.9310672608207
22817395000.0,-74.88373791576896
22822393333.3,-75.31838235885643
22827391666.7,-72.70584493178383
22832390000.0,-76.49978331179264
22837388333.3,-74.65834473172632
22842386666.7,-74.18130017684317
22847385000.0,-75.11274391278006
22852383333.3,-75.0507585849743
22857381666.7,-73.90928683826631
22862380000.0,-74.39613461550955
22867378333.3,-75.07759786712552
22872376666.7,-75.66340402684831
22877375000.0,-74.48646914978477
22882373333.3,-75.23561242768622
22887371666.7,-75.16821759672526
22892370000.0,-75.18960715771445
22897368333.3,-76.99970688443243
22902366666.7,-75.50139474664134
22907365000.0,-75.72122470609591
22912363333.3,-77.25239069624766
22917361666.7,-75.30731045331565
22922360000.0,-75.56639228519697
22927358333.3,-75.11099884020864
22932356666.7,-73.62137229858166
22937355000.0,-77.1858558191494
22942353333.3,-73.96428646323652
22947351666.7,-75.36687831286233
22952350000.0,-73.72514357723888
22957348333.3,-78.566890199867
22962346666.7,-77.2919341111011
22967345000.0,-76.87331270672944
22972343333.3,-74.38961531426861
22977341666.7,-76.36541247951777
22982340000.0,-75.00182808005411
22987338333.3,-77.52197728976923
22992336666.7,-76.75791764071954
22997335000.0,-77.42940979862455
23002333333.3,-73.72848151576744
23007331666.7,-72.72602004221453
23012330000.0,-75.6589581249119
23017328333.3,-72.6454981797087
23022326666.7,-76.51841609976871
23027325000.0,-77.3649761582569
23032323333.3,-75.65744574495977
23037321666.7,-74.31189697288454
23042320000.0,-74.08619347936842
23047318333.3,-72.5751607418139
23052316666.7,-75.81704162042125
23057315000.0,-73.55356592728921
23062313333.3,-75.27643559939007
23067311666.7,-77.02043494719939
23072310000.0,-74.46156337307455
23077308333.3,-78.52028548752388
23082306666.7,-76.6348232674106
23087305000.0,-73.30692181957838
23092303333.3,-76.16218779733438
23097301666.7,-75.90044006750212
23102300000.0,-75.93438840580573
23107298333.3,-74.41053107837939
23112296666.7,-77.92492443307937
23117295000.0,-76.46730617457341
23122293333.3,-80.30991087228058
23127291666.7,-74.10495619523914
23132290000.0,-75.37242441516196
23137288333.3,-76.08150028547661
23142286666.7,-77.27299202950134
23147285000.0,-75.138072763039
23152283333.3,-75.67700106656385
23157281666.7,-77.22382823559957
23162280000.0,-79.10335986784445
23167278333.3,-75.46259351007018
23172276666.7,-74.64450922556038
23177275000.0,-77.80203331185274
23182273333.3,-79.84766873225946
23187271666.7,-74.51065958010778
23192270000.0,-78.9904943054822
23197268333.3,-73.85145776154067
23202266666.7,-75.87931324147584
23207265000.0,-75.25201327250663
23212263333.3,-75.61296556287105
23217261666.7,-78.51862900396274
23222260000.0,-77.54908863091535
23227258333.3,-78.17621642518367
23232256666.7,-76.49651353468833
23237255000.0,-76.43569666975388
23242253333.3,-73.42234153305212
23247251666.7,-75.46563090426162
23252250000.0,-75.7472868104401
23257248333.3,-80.22926213874302
23262246666.7,-74.7081120802771
23267245000.0,-77.49104658287509
23272243333.3,-76.66341230376064
23277241666.7,-78.9014440756973
23282240000.0,-75.6036773174594
23287238333.3,-75.87580154346001
23292236666.7,-78.74175733481292
23297235000.0,-76.2779763208177
23302233333.3,-76.72971941788474
23307231666.7,-75.7568450731557
23312230000.0,-77.82750443429126
23317228333.3,-77.9418744272897
23322226666.7,-75.28613304446493
23327225000.0,-76.77276204381201
23332223333.3,-75.48433815350825
23337221666.7,-78.97001512096767
23342220000.0,-76.75236296471253
23347218333.3,-77.52550176695405
23352216666.7,-80.0141809322397
23357215000.0,-78.14197845270031
23362213333.3,-75.04517233661447
23367211666.7,-79.44057800578756
23372210000.0,-80.644945366043
23377208333.3,-79.52502073049625
23382206666.7,-79.73726641911082
23387205000.0,-75.21566678604303
23392203333.3,-75.16805283927133
23397201666.7,-78.9277282567045
23402200000.0,-79.31972459916898
23407198333.3,-78.24625022338012
23412196666.7,-75.37501581798415
23417195000.0,-76.46518359520631
23422193333.3,-75.09299483355743
23427191666.7,-76.2132409895209
23432190000.0,-83.10392244550056
23437188333.3,-78.52953579116794
23442186666.7,-75.7077900848648
23447185000.0,-76.14419050571043
23452183333.3,-80.43071155296418
23457181666.7,-82.24514269812886
23462180000.0,-79.89147606888628
23467178333.3,-81.77944937834158
23472176666.7,-77.20316564515522
23477175000.0,-75.56869520066664
23482173333.3,-75.85807752977534
23487171666.7,-76.33712031509279
23492170000.0,-82.03964108838579
23497168333.3,-77.38614735787169
23502166666.7,-77.71511721756832
23507165000.0,-79.02241468553349
23512163333.3,-80.9307649403283
23517161666.7,-79.47006270444129
23522160000.0,-77.17957807787252
23527158333.3,-77.72631429400585
23532156666.7,-79.75449783249552
23537155000.0,-77.66996567880584
23542153333.3,-76.25276574503842
23547151666.7,-78.28469495542633
23552150000.0,-82.33969956166733
23557148333.3,-75.51510763826234
23562146666.7,-77.06229103893901
23567145000.0,-75.583122567678
23572143333.3,-80.47478924142803
23577141666.7,-80.63140408443394
23582140000.0,-84.3636095723067
23587138333.3,-75.54302288973125
23592136666.7,-77.05677165499773
23597135000.0,-76.95276475286303
23602133333.3,-78.43428151322543
23607131666.7,-79.65512697052476
23612130000.0,-75.91125419291676
23617128333.3,-82.03247377249164
23622126666.7,-73.73000856567697
23627125000.0,-79.24785842705663
23632123333.3,-82.49918345623193
23637121666.7,-80.65695400050537
23642120000.0,-79.40597989383906
23647118333.3,-77.90692318273712
23652116666.7,-77.71247487368998
23657115000.0,-77.98924262971116
23662113333.3,-78.11552769540324
23667111666.7,-77.99400851829988
23672110000.0,-74.2958605256458
23677108333.3,-75.65412625623077
23682106666.7,-78.45301350731935
23687105000.0,-76.18340313018733
23692103333.3,-76.38370522220858
23697101666.7,-78.54666485074925
23702100000.0,-75.15355975507639
23707098333.3,-75.60056217601195
23712096666.7,-78.05579949537888
23717095000.0,-78.47595674876665
23722093333.3,-78.0823097439236
23727091666.7,-77.15128987306909
23732090000.0,-80.83309294975908
23737088333.3,-75.85224069541583
23742086666.7,-78.46061780360333
23747085000.0,-77.98063098636294
23752083333.3,-77.59533116535444
23757081666.7,-82.4405529238
23762080000.0,-75.35906766053289
23767078333.3,-79.74349535369102
23772076666.7,-77.71108728719058
23777075000.0,-77.1416841026808
23782073333.3,-79.32591235442328
23787071666.7,-79.21389874295967
23792070000.0,-77.37752354752483
23797068333.3,-74.47334073746325
23802066666.7,-83.34474605732497
23807065000.0,-77.57482323837807
23812063333.3,-81.23386539361975
23817061666.7,-77.99716191794201
23822060000.0,-76.3341333083663
23827058333.3,-81.33220141788917
23832056666.7,-81.96752053929185
23837055000.0,-76.27002075706582
23842053333.3,-77.88011119191029
23847051666.7,-73.44078911941489
23852050000.0,-76.1249353641576
23857048333.3,-80.74082484086915
23862046666.7,-75.69470991078165
23867045000.0,-79.67669568652914
23872043333.3,-79.39325994602746
23877041666.7,-76.83385658859441
23882040000.0,-82.17177030323697
23887038333.3,-83.4655346820864
23892036666.7,-81.50777540883325
23897035000.0,-85.69736640584827
23902033333.3,-77.70602773431891
23907031666.7,-77.80602415571909
23912030000.0,-85.21781376590228
23917028333.3,-76.01220548928309
23922026666.7,-80.45615560943192
23927025000.0,-79.92565536120922
23932023333.3,-82.24428482775116
23937021666.7,-75.52100916233539
23942020000.0,-80.5999822701426
23947018333.3,-76.11341640826035
23952016666.7,-78.35715272059221
23957015000.0,-79.29778893073077
23962013333.3,-83.13007490460285
23967011666.7,-76.0559982181124
23972010000.0,-76.76729651657968
23977008333.3,-79.53857580035609
23982006666.7,-78.08468222969681
23987005000.0,-75.98442855700955
23992003333.3,-77.54927919042548
23997001666.7,-81.39969447600485
24002000000.0,-73.81315583437538
24006998333.3,-72.82595899913639
24011996666.7,-78.7541877583888
24016995000.0,-92.50472384698243
24021993333.3,-79.91272770251354
24026991666.7,-82.2542357658968
24031990000.0,-83.51783757119435
24036988333.3,-79.10153816109842
24041986666.7,-73.95864648137777
24046985000.0,-80.18312049168934
24051983333.3,-68.06398403826896
24056981666.7,-68.97268264722557
24061980000.0,-80.51856722141969
24066978333.3,-77.61802255759483
24071976666.7,-69.99447709229302
24076975000.0,-66.8872714254526
24081973333.3,-69.85772344746582
24086971666.7,-70.25166237532606
24091970000.0,-87.71774416977112
24096968333.3,-69.30882521857883
24101966666.7,-69.16751195912073
24106965000.0,-77.42836047788816
24111963333.3,-68.95305127069568
24116961666.7,-72.88000177605178
24121960000.0,-68.1444438671031
24126958333.3,-84.45979265048939
24131956666.7,-76.69651071455698
24136955000.0,-72.26155204308058
24141953333.3,-71.44251621719468
24146951666.7,-92.54584294181684
24151950000.0,-81.02476672705448
24156948333.3,-71.9394641815696
24161946666.7,-69.56010703019257
24166945000.0,-79.24982628058065
24171943333.3,-76.73116255329222
24176941666.7,-67.42664525229179
24181940000.0,-73.3824320659094
24186938333.3,-68.54716629354107
24191936666.7,-82.49304156582909
24196935000.0,-67.93126935154669
24201933333.3,-78.62750593225596
24206931666.7,-75.01935840148695
24211930000.0,-74.28035733194
24216928333.3,-71.57816493712518
24221926666.7,-71.62614461659173
24226925000.0,-80.83468756952843
24231923333.3,-81.07322615197496
24236921666.7,-80.31977663044712
24241920000.0,-78.43678230740173
24246918333.3,-90.6713142915641
24251916666.7,-87.66061305343216
24256915000.0,-77.27645527610935
24261913333.3,-71.08279008611717
24266911666.7,-79.23106910260226
24271910000.0,-87.32738937644757
24276908333.3,-80.64032699361937
24281906666.7,-80.09860645453485
24286905000.0,-76.03728177383465
24291903333.3,-73.07439584524238
24296901666.7,-75.80413648581491
24301900000.0,-82.86946256454648
24306898333.3,-77.4654133773585
24311896666.7,-79.24973611195419
24316895000.0,-67.78718978446103
24321893333.3,-72.70604080364359
24326891666.7,-77.44979319731691
24331890000.0,-81.87378531313114
24336888333.3,-75.41343703454712
24341886666.7,-79.70575369463441
24346885000.0,-70.81769424036217
24351883333.3,-69.09634933007696
24356881666.7,-73.01884513126805
24361880000.0,-73.83104529160553
24366878333.3,-70.33286469573387
24371876666.7,-75.47094755130617
24376875000.0,-83.15694772269381
24381873333.3,-87.42290851421289
24386871666.7,-73.26728308056495
24391870000.0,-72.4603408652678
24396868333.3,-88.46098312728856
24401866666.7,-78.62846263817934
24406865000.0,-72.34267928366863
24411863333.3,-78.66610899512465
24416861666.7,-72.57163425426609
24421860000.0,-76.9861756488481
24426858333.3,-68.91321699578648
24431856666.7,-78.38739528988755
24436855000.0,-78.71906066299437
24441853333.3,-81.09256524939877
24446851666.7,-80.65221445989884
24451850000.0,-75.52701283694805
24456848333.3,-77.76352108407468
24461846666.7,-74.44225324732197
24466845000.0,-80.08685087711018
24471843333.3,-69.87035585712934
24476841666.7,-77.12613077463428
24481840000.0,-77.06553268475027
24486838333.3,-79.66526119809316
24491836666.7,-78.42149139135947
24496835000.0,-74.87758731115
24501833333.3,-78.00379135565217
24506831666.7,-71.78650685846205
24511830000.0,-78.13215644118078
24516828333.3,-78.20498845286937
24521826666.7,-75.22932950902066
24526825000.0,-75.67638141022492
24531823333.3,-74.75420908449681
24536821666.7,-76.15613208155561
24541820000.0,-84.41405841175923
24546818333.3,-81.03053078344333
24551816666.7,-80.71401129049961
24556815000.0,-70.42582208127708
24561813333.3,-76.09633867403016
24566811666.7,-75.66562025526795
24571810000.0,-78.75865851901449
24576808333.3,-88.0978855964655
24581806666.7,-78.65530381565746
24586805000.0,-77.51100492378667
24591803333.3,-76.68439381316281
24596801666.7,-73.0545761963869
24601800000.0,-75.36256901933706
24606798333.3,-75.4707674872934
24611796666.7,-81.8246667630502
24616795000.0,-79.20600651057822
24621793333.3,-76.85640141197295
24626791666.7,-72.45508320072881
24631790000.0,-78.18203498508825
24636788333.3,-83.382565265961
24641786666.7,-74.03928566575959
24646785000.0,-73.08868735912145
24651783333.3,-79.44614312246871
24656781666.7,-72.62325043374497
24661780000.0,-78.97736379383004
24666778333.3,-71.2387554185974
24671776666.7,-81.6401774353814
24676775000.0,-79.56852977069244
24681773333.3,-77.86542244449988
24686771666.7,-76.20638778893219
24691770000.0,-74.70044941032732
24696768333.3,-76.4452438837532
24701766666.7,-74.636693405263
24706765000.0,-81.32882666676866
24711763333.3,-74.45409838095662
24716761666.7,-73.46829666876845
24721760000.0,-85.08021659826143
24726758333.3,-76.34485527870596
24731756666.7,-77.65182179491946
24736755000.0,-81.59252207183829
24741753333.3,-79.6414979630652
24746751666.7,-87.33740621081782
24751750000.0,-81.43105870805462
24756748333.3,-77.71035519557402
24761746666.7,-69.40432411428725
24766745000.0,-74.52471891123486
24771743333.3,-74.94619571120738
24776741666.7,-78.52843082714061
24781740000.0,-84.37365677894508
24786738333.3,-74.62876455648984
24791736666.7,-75.80454760601802
24796735000.0,-91.97254423533931
24801733333.3,-74.42572605822232
24806731666.7,-72.74819039609578
24811730000.0,-78.3496022481893
24816728333.3,-71.32111025562742
24821726666.7,-75.39197374892345
24826725000.0,-74.17638076638423
24831723333.3,-76.4374128173475
24836721666.7,-82.78472182219286
24841720000.0,-75.4482841005276
24846718333.3,-73.61189862903048
24851716666.7,-83.77107801139798
24856715000.0,-81.99744941675165
24861713333.3,-74.81423750604492
24866711666.7,-79.25301403875706
24871710000.0,-88.49087321928721
24876708333.3,-84.18153477705737
24881706666.7,-76.67472225202948
24886705000.0,-73.33381300733014
24891703333.3,-67.90654661435275
24896701666.7,-82.61179646843425
24901700000.0,-73.71940497263137
24906698333.3,-85.2143587464021
24911696666.7,-78.21694862735461
24916695000.0,-79.10094168704785
24921693333.3,-79.21217610366713
24926691666.7,-76.36940249399242
24931690000.0,-96.10444238102485
24936688333.3,-83.59525943660825
24941686666.7,-83.06916200062423
24946685000.0,-86.15582029129996
24951683333.3,-73.77958757305788
24956681666.7,-75.22977927467855
24961680000.0,-75.68531423487758
24966678333.3,-77.05353848040411
24971676666.7,-72.03790225898759
24976675000.0,-73.60033453782502
24981673333.3,-80.10866411530648
24986671666.7,-77.2008847666322
24991670000.0,-77.06819306786323
24996668333.3,-78.38357617623977
25001666666.7,-79.87113461024985
25006665000.0,-73.80087187005228
25011663333.3,-75.49298993199974
25016661666.7,-76.19681220362531
25021660000.0,-73.17509861921899
25026658333.3,-78.63138907715532
25031656666.7,-81.09150108042277
25036655000.0,-77.57392994083186
25041653333.3,-82.5141168069716
25046651666.7,-73.22307070978314
25051650000.0,-74.82007790431844
25056648333.3,-76.82371790094257
25061646666.7,-71.99242329947134
25066645000.0,-82.02033920918021
25071643333.3,-71.95474111915514
25076641666.7,-76.29198431943547
25081640000.0,-77.45928948304952
25086638333.3,-75.54144164678132
25091636666.7,-89.21650777258247
25096635000.0,-75.68220564934425
25101633333.3,-72.9455356137434
25106631666.7,-81.03909777483794
25111630000.0,-73.53101626439798
25116628333.3,-78.3549629425815
25121626666.7,-71.05909672549134
25126625000.0,-79.78855975997871
25131623333.3,-80.01322635266476
25136621666.7,-70.98662578599303
25141620000.0,-77.20605864323961
25146618333.3,-79.13687683139527
25151616666.7,-78.89467683973596
25156615000.0,-80.63634392935319
25161613333.3,-82.51258633187007
25166611666.7,-96.52088102016575
25171610000.0,-87.52088854909096
25176608333.3,-76.09930980508481
25181606666.7,-72.53920360274077
25186605000.0,-72.02946380684084
25191603333.3,-72.82936605788946
25196601666.7,-101.49337806588395
25201600000.0,-75.5629722135986
25206598333.3,-73.29654169939116
25211596666.7,-87.54212979599427
25216595000.0,-80.42403481712617
25221593333.3,-80.04503755135204
25226591666.7,-80.26968544654079
25231590000.0,-74.72336617430724
25236588333.3,-82.0684417368082
25241586666.7,-80.38262820866868
25246585000.0,-71.92862539977435
25251583333.3,-80.30935071779993
25256581666.7,-81.60311195690211
25261580000.0,-77.96680856665641
25266578333.3,-77.19177915613925
25271576666.7,-75.06911339420128
25276575000.0,-77.93967723820936
25281573333.3,-72.68680112519438
25286571666.7,-81.81123524945377
25291570000.0,-81.15904934127127
25296568333.3,-75.92159690624601
25301566666.7,-73.92398701666762
25306565000.0,-79.80219770266275
25311563333.3,-75.5812006459475
25316561666.7,-77.9837192813814
25321560000.0,-74.22151347016491
25326558333.3,-76.15058454400865
25331556666.7,-83.40299728437486
25336555000.0,-76.35460224941698
25341553333.3,-79.70235960067112
25346551666.7,-92.06433952700692
25351550000.0,-83.84982025038093
25356548333.3,-82.64068766439232
25361546666.7,-76.32116652748378
25366545000.0,-75.15656276683748
25371543333.3,-72.16937763131727
25376541666.7,-71.86984528246012
25381540000.0,-76.97585806601239
25386538333.3,-80.04478650923852
25391536666.7,-74.65591596537894
25396535000.0,-83.08709849304844
25401533333.3,-78.50209621170599
25406531666.7,-75.94891474302578
25411530000.0,-77.24541706361954
25416528333.3,-85.34268372124265
25421526666.7,-80.43289266231626
25426525000.0,-79.44641721161007
25431523333.3,-76.06273914668564
25436521666.7,-84.15436960429459
25441520000.0,-73.16361250425601
25446518333.3,-76.76530867965498
25451516666.7,-78.21785997871343
25456515000.0,-88.58910390000885
25461513333.3,-76.18632433807514
25466511666.7,-81.29640367206915
25471510000.0,-74.52614874432571
25476508333.3,-86.76570176341811
25481506666.7,-81.48325874906492
25486505000.0,-73.62227565273056
25491503333.3,-86.52051654496907
25496501666.7,-87.0139368644856
25501500000.0,-75.58214072201787
25506498333.3,-79.94140647544648
25511496666.7,-83.99280085459004
25516495000.0,-80.24334136793749
25521493333.3,-76.39671492917984
25526491666.7,-74.62184017688355
25531490000.0,-76.58347944308332
25536488333.3,-75.49793322058287
25541486666.7,-73.38212440700025
25546485000.0,-78.53336816804085
25551483333.3,-82.2111963462878
25556481666.7,-80.4843896177587
25561480000.0,-74.73163202560377
25566478333.3,-76.2764608919223
25571476666.7,-80.61725402448373
25576475000.0,-72.54062745618195
25581473333.3,-73.5932635634127
25586471666.7,-67.7022054091613
25591470000.0,-86.50315281089604
25596468333.3,-73.29382628639577
25601466666.7,-88.87508209738577
25606465000.0,-73.12982624614949
25611463333.3,-89.17928616968342
25616461666.7,-80.33793298856207
25621460000.0,-75.20025000216431
25626458333.3,-72.6070912177461
25631456666.7,-78.76121539726498
25636455000.0,-78.471929502437
25641453333.3,-74.75352220387359
25646451666.7,-92.46365521845183
25651450000.0,-84.68405180906318
25656448333.3,-75.35112084504024
25661446666.7,-77.54781751989803
25666445000.0,-73.42515011415986
25671443333.3,-81.40596867429741
25676441666.7,-80.48556542453031
25681440000.0,-83.0082740326341
25686438333.3,-81.48006870210268
25691436666.7,-78.94209160399397
25696435000.0,-77.41342626000241
25701433333.3,-81.33556137131514
25706431666.7,-73.58815767036405
25711430000.0,-95.26902302810127
25716428333.3,-80.78943228535196
25721426666.7,-91.70748664999735
25726425000.0,-76.93998666507767
25731423333.3,-71.11519418004906
25736421666.7,-81.12434145574547
25741420000.0,-81.37299144818812
25746418333.3,-82.96141148081645
25751416666.7,-75.69615761623243
25756415000.0,-77.9951931920406
25761413333.3,-79.4768612672305
25766411666.7,-81.42925539408067
25771410000.0,-81.53832800499592
25776408333.3,-84.1082363526089
25781406666.7,-77.7975346090223
25786405000.0,-89.89245785993388
25791403333.3,-92.56907325895652
25796401666.7,-80.1215433929253
25801400000.0,-81.21936959732012
25806398333.3,-79.22942113030287
25811396666.7,-75.15907660698848
25816395000.0,-72.37994189860107
25821393333.3,-78.38104491386288
25826391666.7,-78.08864026732954
25831390000.0,-82.70283647574601
25836388333.3,-74.25025132187331
25841386666.7,-80.42448196461557
25846385000.0,-78.21012186243799
25851383333.3,-73.88708879784866
25856381666.7,-72.37649112603717
25861380000.0,-78.26401433547551
25866378333.3,-92.52312740746834
25871376666.7,-87.22266737533192
25876375000.0,-71.41425420793531
25881373333.3,-84.54092595524526
25886371666.7,-71.02108563008191
25891370000.0,-90.46989494701087
25896368333.3,-75.99674045889243
25901366666.7,-81.07468058712578
25906365000.0,-82.02391640790962
25911363333.3,-76.78248199520445
25916361666.7,-77.61213029565124
25921360000.0,-74.71474315366022
25926358333.3,-81.64620751578633
25931356666.7,-77.00083698788863
25936355000.0,-74.9010918262644
25941353333.3,-75.90078648824581
25946351666.7,-81.59693142845585
25951350000.0,-73.05948959952786
25956348333.3,-83.546479723061
25961346666.7,-81.12174643740389
25966345000.0,-82.22157876150091
25971343333.3,-76.87445808399046
25976341666.7,-72.70685212106909
25981340000.0,-82.77422511360795
25986338333.3,-76.35538633959176
25991336666.7,-83.53099404065303
25996335000.0,-80.6165821320877
26001333333.3,-75.6865371143138
26006331666.7,-76.7928434138717
26011330000.0,-76.98924828511048
26016328333.3,-77.4338238935047
26021326666.7,-74.26390836462708
26026325000.0,-75.9865065704621
26031323333.3,-75.61550087080066
26036321666.7,-75.74567665434354
26041320000.0,-78.90157412071264
26046318333.3,-74.66912469318427
26051316666.7,-83.47455833517381
26056315000.0,-77.60244795350417
26061313333.3,-79.76067414908343
26066311666.7,-72.66155475163744
26071310000.0,-72.61199995379928
26076308333.3,-84.96202033834635
26081306666.7,-76.72601460718676
26086305000.0,-77.41320888595394
26091303333.3,-74.006826576596
26096301666.7,-83.86050596159814
26101300000.0,-78.764221423456
26106298333.3,-77.58669684311899
26111296666.7,-78.46599892632297
26116295000.0,-82.48813604374521
26121293333.3,-77.52997633660988
26126291666.7,-83.88878561387821
26131290000.0,-74.73861988512124
26136288333.3,-76.01480583470847
26141286666.7,-77.12550336602736
26146285000.0,-77.82586436162534
26151283333.3,-77.51441891476298
26156281666.7,-73.7145856204918
26161280000.0,-77.84876305419934
26166278333.3,-73.93559634938929
26171276666.7,-78.19689602535202
26176275000.0,-78.13083632139781
26181273333.3,-72.81143490097621
26186271666.7,-80.51403516767421
26191270000.0,-76.83266824783864
26196268333.3,-86.76590262492215
26201266666.7,-79.87044433725954
26206265000.0,-82.69916207914895
26211263333.3,-75.49450114809635
26216261666.7,-85.06135290566463
26221260000.0,-71.36037461207562
26226258333.3,-74.35709538743644
26231256666.7,-75.38301178713222
26236255000.0,-75.82205508946629
26241253333.3,-75.11898868471735
26246251666.7,-80.50299049034885
26251250000.0,-75.23352243027122
26256248333.3,-76.93617042134795
26261246666.7,-78.2125492671403
26266245000.0,-72.7220895451312
26271243333.3,-77.47807900827551
26276241666.7,-75.70573600229824
26281240000.0,-77.97560450604685
26286238333.3,-86.85539517950966
26291236666.7,-72.47565325249005
26296235000.0,-80.37620680744921
26301233333.3,-74.42233237825076
26306231666.7,-74.77879203693672
26311230000.0,-73.68285873609706
26316228333.3,-102.42853653234332
26321226666.7,-78.25830513130319
26326225000.0,-85.59592448060951
26331223333.3,-75.21678645491761
26336221666.7,-77.03524750112034
26341220000.0,-78.56353130164119
26346218333.3,-81.69972636125178
26351216666.7,-82.40131517546314
26356215000.0,-82.80300833525858
26361213333.3,-72.62343815712457
26366211666.7,-81.95015616055123
26371210000.0,-82.98597607728144
26376208333.3,-89.77626289258578
26381206666.7,-81.04408036148402
26386205000.0,-81.39621711244679
26391203333.3,-82.20215412696425
26396201666.7,-75.64492686139775
26401200000.0,-76.74894106762014
26406198333.3,-74.26906945777213
26411196666.7,-79.3607836213532
26416195000.0,-88.23432914152376
26421193333.3,-77.94238061728629
26426191666.7,-76.64097938833527
26431190000.0,-74.82803562272427
26436188333.3,-80.20843034653852
26441186666.7,-79.65276909299581
26446185000.0,-73.10022920563084
26451183333.3,-84.4351909315584
26456181666.7,-79.54571523063719
26461180000.0,-76.87302888396235
26466178333.3,-77.47744482659226
26471176666.7,-77.1805955202342
26476175000.0,-78.2800553582885
26481173333.3,-75.35903759652625
26486171666.7,-80.72786293699599
26491170000.0,-76.46393490480368
26496168333.3,-69.59573402298875
26501166666.7,-83.80953988214358
26506165000.0,-72.87331956507049
26511163333.3,-89.19003210377903
26516161666.7,-79.0365883330958
26521160000.0,-71.19578671040694
26526158333.3,-81.76699995146186
26531156666.7,-83.44719868990408
26536155000.0,-75.9592323403637
26541153333.3,-81.38303215472729
26546151666.7,-94.04780685348743
26551150000.0,-76.12614912856235
26556148333.3,-79.08243708062251
26561146666.7,-74.64417118627262
26566145000.0,-78.91682293365817
26571143333.3,-83.3613367544163
26576141666.7,-76.96600258963406
26581140000.0,-73.86957953630717
26586138333.3,-83.38139804321202
26591136666.7,-88.2515241630867
26596135000.0,-77.87709514450714
26601133333.3,-74.81135552132186
26606131666.7,-73.50469894994251
26611130000.0,-76.89669789934179
26616128333.3,-78.57816046695854
26621126666.7,-73.02437038806457
26626125000.0,-77.35147041787266
26631123333.3,-92.67875168213826
26636121666.7,-75.99751032003475
26641120000.0,-83.53643962503139
26646118333.3,-76.71213885144321
26651116666.7,-80.13736998086324
26656115000.0,-87.8055197498878
26661113333.3,-73.81935375993356
26666111666.7,-92.21952873678056
26671110000.0,-72.43375025786406
26676108333.3,-86.70979084030961
26681106666.7,-76.11040824233987
26686105000.0,-79.49055100949224
26691103333.3,-75.5122160522993
26696101666.7,-79.50316239897765
26701100000.0,-74.80810216186758
26706098333.3,-86.40658826000619
26711096666.7,-73.08757181206728
26716095000.0,-79.37551057144175
26721093333.3,-76.28758268116496
26726091666.7,-72.20437745948844
26731090000.0,-85.39788467183544
26736088333.3,-86.04321551343874
26741086666.7,-86.37800448545626
26746085000.0,-75.62230346227577
26751083333.3,-79.68465927049654
26756081666.7,-78.00616401246185
26761080000.0,-75.62219043531745
26766078333.3,-81.84770951295717
26771076666.7,-75.89747202638058
26776075000.0,-82.02617867363038
26781073333.3,-97.69923964786977
26786071666.7,-89.94198188516584
26791070000.0,-88.36332206459963
26796068333.3,-77.75081600903884
26801066666.7,-88.78451423385832
26806065000.0,-74.40313843450244
26811063333.3,-79.10126738939783
26816061666.7,-87.02336924874352
26821060000.0,-91.25468377121975
26826058333.3,-85.96133547069232
26831056666.7,-80.2879519612745
26836055000.0,-73.0951416245104
26841053333.3,-82.92951882005
26846051666.7,-75.45008570893594
26851050000.0,-87.99848653544274
26856048333.3,-76.51992712679166
26861046666.7,-80.4662419590982
26866045000.0,-77.08790014825244
26871043333.3,-82.04508611854772
26876041666.7,-87.5561973765882
26881040000.0,-85.18851646392505
26886038333.3,-76.74046618939883
26891036666.7,-84.09061629746952
26896035000.0,-82.5544907564377
26901033333.3,-79.41244478905874
26906031666.7,-96.15305125845717
26911030000.0,-76.98966244628974
26916028333.3,-85.89524377981047
26921026666.7,-81.43328848089374
26926025000.0,-73.86128268996603
26931023333.3,-77.11819668255725
26936021666.7,-76.56496110496177
26941020000.0,-73.09381702961983
26946018333.3,-70.71353081083738
26951016666.7,-75.05968500013668
26956015000.0,-87.48440170142084
26961013333.3,-76.47358787927644
26966011666.7,-77.95175569292422
26971010000.0,-88.79859725916492
26976008333.3,-84.91910802862287
26981006666.7,-97.90165545622818
26986005000.0,-83.65275339212158
26991003333.3,-83.02358683828615
26996001666.7,-77.60687947111758
27001000000.0,-85.51944002241416
27005998333.3,-80.07010224792259
27010996666.7,-79.43833904414171
27015995000.0,-69.73699949527459
27020993333.3,-82.83585481470877
27025991666.7,-77.80527859869287
27030990000.0,-83.69080507816213
27035988333.3,-78.7872450775941
27040986666.7,-78.76810869644481
27045985000.0,-77.05428633480341
27050983333.3,-92.68703397876607
27055981666.7,-79.77934335366514
27060980000.0,-89.25331901160013
27065978333.3,-79.2280165489932
27070976666.7,-72.76343816492479
27075975000.0,-74.40618948536434
27080973333.3,-78.3058061532118
27085971666.7,-87.61067031101602
27090970000.0,-78.91565070180836
27095968333.3,-72.8683270934136
27100966666.7,-72.75693504606247
27105965000.0,-85.17049327207948
27110963333.3,-78.25254082222251
27115961666.7,-77.33877105349904
27120960000.0,-83.74009186239768
27125958333.3,-87.13434714592455
27130956666.7,-80.96263042052199
27135955000.0,-92.69395322477101
27140953333.3,-79.81320554282216
27145951666.7,-87.58657987203462
27150950000.0,-74.16057889936275
27155948333.3,-80.39096631128552
27160946666.7,-79.9232402199807
27165945000.0,-87.6658441798454
27170943333.3,-80.8417863568048
27175941666.7,-86.37993331082481
27180940000.0,-84.78752300150525
27185938333.3,-72.88719149353368
27190936666.7,-86.32715089337
27195935000.0,-79.08400519097133
27200933333.3,-79.50541239710348
27205931666.7,-77.97133333250403
27210930000.0,-76.83836613772681
27215928333.3,-72.23995600765562
27220926666.7,-75.24682726918772
27225925000.0,-82.2875924645473
27230923333.3,-76.31220264234747
27235921666.7,-85.52587924172146
27240920000.0,-84.95076434724209
27245918333.3,-84.62575938851091
27250916666.7,-86.63800432241217
27255915000.0,-75.33384809064015
27260913333.3,-71.54447257306633
27265911666.7,-81.18448808727544
27270910000.0,-72.58505506978025
27275908333.3,-89.0210828321016
27280906666.7,-80.72462732680678
27285905000.0,-79.01325247645775
27290903333.3,-79.92971943052706
27295901666.7,-84.76542572427915
27300900000.0,-76.39855970794963
27305898333.3,-90.24167535292813
27310896666.7,-79.61359547915299
27315895000.0,-78.3294480699544
27320893333.3,-76.14104371247328
27325891666.7,-80.15314424827079
27330890000.0,-90.66111125588537
27335888333.3,-74.54801537585779
27340886666.7,-96.57314834944728
27345885000.0,-87.12456110039753
27350883333.3,-80.87930570737353
27355881666.7,-80.90290263407408
27360880000.0,-72.96479311899029
27365878333.3,-80.84681135738413
27370876666.7,-81.82877028270732
27375875000.0,-85.55616140997742
27380873333.3,-80.2308128831774
27385871666.7,-93.72891589327212
27390870000.0,-89.0294674845291
27395868333.3,-85.95302204745585
27400866666.7,-80.73627201281437
27405865000.0,-77.20816276851652
27410863333.3,-76.21593842483281
27415861666.7,-80.41588355286865
27420860000.0,-77.71211384012774
27425858333.3,-84.57841514780347
27430856666.7,-79.55294320177302
27435855000.0,-79.16656923135488
27440853333.3,-85.3576319346348
27445851666.7,-85.48415792321073
27450850000.0,-77.49531018191605
27455848333.3,-83.86031929192269
27460846666.7,-80.75506218676979
27465845000.0,-78.09720201948703
27470843333.3,-73.91917376232341
27475841666.7,-78.54455602181366
27480840000.0,-76.12240598044583
27485838333.3,-82.62582671254276
27490836666.7,-79.8674846307266
27495835000.0,-71.66628601740585
27500833333.3,-74.3404335082391
27505831666.7,-83.45910603560401
27510830000.0,-80.25623016075222
27515828333.3,-74.42487490796137
27520826666.7,-74.68156226697997
27525825000.0,-80.76330070943966
27530823333.3,-74.81889619399398
27535821666.7,-72.79339486086805
27540820000.0,-78.99391178679312
27545818333.3,-75.55629487182343
27550816666.7,-77.89273704345446
27555815000.0,-82.45312337388395
27560813333.3,-84.83494803900254
27565811666.7,-75.51086637479384
27570810000.0,-77.85696264959584
27575808333.3,-73.74129480035931
27580806666.7,-94.4896060792471
27585805000.0,-73.95613440571637
27590803333.3,-79.1538145434135
27595801666.7,-78.63022955880703
27600800000.0,-81.1767512477082
27605798333.3,-81.99238836496876
27610796666.7,-76.44830723821875
27615795000.0,-85.65172611227332
27620793333.3,-79.66043915617567
27625791666.7,-81.01994695227695
27630790000.0,-81.49702674964135
27635788333.3,-81.99849184332776
27640786666.7,-78.52198451959454
27645785000.0,-79.19165931357007
27650783333.3,-79.06910140065592
27655781666.7,-78.20313875144465
27660780000.0,-77.50180599915365
27665778333.3,-91.01018160749037
27670776666.7,-85.36779096091138
27675775000.0,-77.96431772216532
27680773333.3,-92.60273699724652
27685771666.7,-79.66944302532707
27690770000.0,-88.44328503222512
27695768333.3,-87.89655903024011
27700766666.7,-75.1784759740771
27705765000.0,-81.10088575503352
27710763333.3,-85.9814434031318
27715761666.7,-73.3915504483249
27720760000.0,-76.53017149819513
27725758333.3,-79.01917004328006
27730756666.7,-75.44789625283747
27735755000.0,-78.4700310249645
27740753333.3,-75.47058095687211
27745751666.7,-76.22763174769366
27750750000.0,-84.260724165312
27755748333.3,-80.11644576735357
27760746666.7,-81.51902121467117
27765745000.0,-78.12443070024828
27770743333.3,-73.19245898205739
27775741666.7,-76.03014641873582
27780740000.0,-78.18512142817579
27785738333.3,-76.3491320947837
27790736666.7,-70.13519972060539
27795735000.0,-86.43862844142038
27800733333.3,-77.86186216071177
27805731666.7,-81.35645612659053
27810730000.0,-77.69581907457916
27815728333.3,-85.0167999355011
27820726666.7,-78.34072549740533
27825725000.0,-76.8214770859536
27830723333.3,-93.16732974922759
27835721666.7,-81.06044485969215
27840720000.0,-71.62229705647934
27845718333.3,-84.88295482930289
27850716666.7,-85.1035777403308
27855715000.0,-90.74174725630557
27860713333.3,-72.51259743945246
27865711666.7,-77.62814002558092
27870710000.0,-77.87859569455728
27875708333.3,-79.56645198306917
27880706666.7,-71.85139817847738
27885705000.0,-79.48079953659129
27890703333.3,-82.0671876893251
27895701666.7,-75.24729130021306
27900700000.0,-79.3890346185274
27905698333.3,-76.28559727073774
27910696666.7,-77.12774807179294
27915695000.0,-78.08294381011332
27920693333.3,-81.38434045146056
27925691666.7,-78.01509076355428
27930690000.0,-77.5825207626942
27935688333.3,-80.34644166520167
27940686666.7,-78.58006029258071
27945685000.0,-83.84771931460021
27950683333.3,-87.9779781257281
27955681666.7,-83.3095446511067
27960680000.0,-82.88605499223047
27965678333.3,-83.88371184761655
27970676666.7,-88.27677257093433
27975675000.0,-79.80438913451243
27980673333.3,-75.44670656572929
27985671666.7,-81.3345596691532
27990670000.0,-75.4893884779412
27995668333.3,-86.70579537428728
28000666666.7,-78.8315365261754
28005665000.0,-82.65075681806755
28010663333.3,-89.52972912846518
28015661666.7,-80.57627226123742
28020660000.0,-82.21205436193138
28025658333.3,-74.1731798551614
28030656666.7,-79.62366020012612
28035655000.0,-73.76942135933854
28040653333.3,-72.02425290547582
28045651666.7,-75.83600214197438
28050650000.0,-73.41066951332147
28055648333.3,-90.75853084747189
28060646666.7,-82.92813913922713
28065645000.0,-82.46842786599896
28070643333.3,-87.25200249480756
28075641666.7,-92.21375288138208
28080640000.0,-83.93249311026781
28085638333.3,-107.1158305606335
28090636666.7,-74.32857003788203
28095635000.0,-74.47418035447068
28100633333.3,-78.60522926647214
28105631666.7,-79.64960692031487
28110630000.0,-78.92984614999547
28115628333.3,-78.59605471472695
28120626666.7,-79.79696431444512
28125625000.0,-92.29499819126643
28130623333.3,-75.20055603871697
28135621666.7,-96.84477654801753
28140620000.0,-85.53221355269102
28145618333.3,-75.16998903846284
28150616666.7,-79.5382424518701
28155615000.0,-75.9222305846773
28160613333.3,-79.56983876537346
28165611666.7,-86.47167643612246
28170610000.0,-78.37287763128445
28175608333.3,-80.00061854283322
28180606666.7,-78.34283138229686
28185605000.0,-76.33634288935924
28190603333.3,-83.1937981400708
28195601666.7,-75.12882161753336
28200600000.0,-77.7866577719955
28205598333.3,-85.63482438186006
28210596666.7,-71.93172267767198
28215595000.0,-81.19390857141258
28220593333.3,-75.3751000148421
28225591666.7,-82.25837144224015
28230590000.0,-75.52282053638142
28235588333.3,-78.51905127988344
28240586666.7,-92.57250328125664
28245585000.0,-87.10073000997552
28250583333.3,-73.27986000681685
28255581666.7,-81.64626446763556
28260580000.0,-74.8364074250657
28265578333.3,-82.19463316730041
28270576666.7,-74.57476091913294
28275575000.0,-81.54967662148172
28280573333.3,-80.04891196123005
28285571666.7,-76.35150354274488
28290570000.0,-72.32457391215601
28295568333.3,-79.24718357944995
28300566666.7,-83.91888652395838
28305565000.0,-79.16795224506902
28310563333.3,-86.0439649260748
28315561666.7,-76.64711903634617
28320560000.0,-81.8530385535564
28325558333.3,-100.13244899992762
28330556666.7,-76.93234062593785
28335555000.0,-78.0585055134732
28340553333.3,-76.55092819408213
28345551666.7,-81.54312182011368
28350550000.0,-82.78165295223707
28355548333.3,-84.97155443279821
28360546666.7,-74.80265421732214
28365545000.0,-82.94405282398833
28370543333.3,-83.09988427589775
28375541666.7,-73.89898464746705
28380540000.0,-78.5091739858056
28385538333.3,-89.39649963829473
28390536666.7,-97.64616478721126
28395535000.0,-74.4418457474975
28400533333.3,-78.0906064223147
28405531666.7,-82.39251671833404
28410530000.0,-84.7544994904838
28415528333.3,-79.07382019793137
28420526666.7,-77.57471945866536
28425525000.0,-79.86790971786027
28430523333.3,-76.50503299911233
28435521666.7,-73.44601954500119
28440520000.0,-77.40189543738676
28445518333.3,-81.63490735693584
28450516666.7,-77.84968640703366
28455515000.0,-81.71529386661567
28460513333.3,-72.86588435463868
28465511666.7,-72.78212800004053
28470510000.0,-88.08628513974111
28475508333.3,-96.50526450244797
28480506666.7,-77.42497726594827
28485505000.0,-81.41253787816817
28490503333.3,-78.89946145308309
28495501666.7,-82.08890565092689
28500500000.0,-77.22683733941112
28505498333.3,-78.91853251975121
28510496666.7,-78.79619422068437
28515495000.0,-76.2626467868973
28520493333.3,-75.23692938680136
28525491666.7,-93.71899802157492
28530490000.0,-85.49521814610063
28535488333.3,-88.21727670926188
28540486666.7,-79.47941629012956
28545485000.0,-76.323484001564
28550483333.3,-83.06373973200914
28555481666.7,-92.27785222329821
28560480000.0,-82.46708764635531
28565478333.3,-73.61784160910516
28570476666.7,-74.17865546120021
28575475000.0,-80.12115291927577
28580473333.3,-75.32090717912587
28585471666.7,-74.18771878620787
28590470000.0,-76.7929600214062
28595468333.3,-83.18764258535327
28600466666.7,-87.97386502057988
28605465000.0,-77.80252459474939
28610463333.3,-79.75827669478883
28615461666.7,-72.47859834186212
28620460000.0,-76.47509569677914
28625458333.3,-81.41040529144924
28630456666.7,-75.83180122654849
28635455000.0,-82.44791056293528
28640453333.3,-91.23369195536878
28645451666.7,-87.6989498318255
28650450000.0,-72.03169511630773
28655448333.3,-74.12976607937561
28660446666.7,-74.34035769886385
28665445000.0,-80.69432823811788
28670443333.3,-83.55070549341436
28675441666.7,-103.56689203159036
28680440000.0,-77.39495645056049
28685438333.3,-80.0512787786086
28690436666.7,-75.84429134255635
28695435000.0,-76.52028006383702
28700433333.3,-84.23218172966203
28705431666.7,-82.50776480888346
28710430000.0,-86.7929262237962
28715428333.3,-71.3004928091601
28720426666.7,-79.9957323515464
28725425000.0,-75.45875706686842
28730423333.3,-74.6450023727254
28735421666.7,-87.08214170073136
28740420000.0,-78.10971582872705
28745418333.3,-81.27867846371583
28750416666.7,-78.89149841231873
28755415000.0,-91.04116973084308
28760413333.3,-75.66061546324538
28765411666.7,-79.35741988668099
28770410000.0,-78.9733018705318
28775408333.3,-76.38720740767486
28780406666.7,-86.52318755898116
28785405000.0,-76.09108342933634
28790403333.3,-73.33339042998594
28795401666.7,-82.3046451816043
28800400000.0,-79.9977098075691
28805398333.3,-80.38388231267567
28810396666.7,-75.71189895486556
28815395000.0,-77.71028217836755
28820393333.3,-83.21499786343196
28825391666.7,-77.99807670710942
28830390000.0,-76.38937608322797
28835388333.3,-79.06548147494632
28840386666.7,-73.59368604613712
28845385000.0,-77.0972002299882
28850383333.3,-72.4994630171079
28855381666.7,-75.59183332435937
28860380000.0,-93.12842316392613
28865378333.3,-81.06573946004931
28870376666.7,-71.21818879963979
28875375000.0,-90.05902380776556
28880373333.3,-82.1242662343187
28885371666.7,-80.40493426558481
28890370000.0,-79.39182774297677
28895368333.3,-84.40373849939053
28900366666.7,-75.46554100845577
28905365000.0,-74.59160971052243
28910363333.3,-83.95420659672934
28915361666.7,-86.28310854503036
28920360000.0,-80.37710273304751
28925358333.3,-84.24428438893656
28930356666.7,-81.69171459440977
28935355000.0,-100.26495521807006
28940353333.3,-73.62041591141504
28945351666.7,-81.2343056424362
28950350000.0,-74.27038082866422
28955348333.3,-76.85381625496277
28960346666.7,-82.82471724515963
28965345000.0,-85.66563674976429
28970343333.3,-77.80834828603558
28975341666.7,-83.08716256748552
28980340000.0,-89.74231801085841
28985338333.3,-77.65003673738934
28990336666.7,-79.70442273944738
28995335000.0,-81.14782982907974
29000333333.3,-82.06423754118431
29005331666.7,-80.22666828372827
29010330000.0,-77.23258111772351
29015328333.3,-74.9567026405142
29020326666.7,-87.89364748800347
29025325000.0,-82.62539715517094
29030323333.3,-88.3353246088891
29035321666.7,-76.87697978027825
29040320000.0,-74.66936972324658
29045318333.3,-77.80297011192106
29050316666.7,-76.3252248958696
29055315000.0,-76.62374521234827
29060313333.3,-87.05172357125788
29065311666.7,-75.69229764966057
29070310000.0,-74.42765876744878
29075308333.3,-79.49269568009818
29080306666.7,-77.61887217697452
29085305000.0,-83.34203020200525
29090303333.3,-86.82723735044857
29095301666.7,-73.61860544345045
29100300000.0,-74.39774209536677
29105298333.3,-79.07897210483804
29110296666.7,-71.99722966460784
29115295000.0,-70.54090885212852
29120293333.3,-74.6509031928396
29125291666.7,-86.89054014936927
29130290000.0,-92.88258599011934
29135288333.3,-84.3858256573946
29140286666.7,-74.02476721938861
29145285000.0,-77.2762563564524
29150283333.3,-73.39031066143278
29155281666.7,-74.94897952883964
29160280000.0,-84.00300351532566
29165278333.3,-87.5492210101686
29170276666.7,-75.85453500642734
29175275000.0,-83.13273783885676
29180273333.3,-80.2008384835676
29185271666.7,-82.73379153561238
29190270000.0,-76.60238290880878
29195268333.3,-82.04911292866373
29200266666.7,-87.57127336775562
29205265000.0,-85.62715381294468
29210263333.3,-73.33274088024389
29215261666.7,-76.71013232575103
29220260000.0,-77.18352599799347
29225258333.3,-84.16178872594686
29230256666.7,-79.57126642258993
29235255000.0,-78.27392392435502
29240253333.3,-89.09465350206908
29245251666.7,-80.68223348945881
29250250000.0,-75.20590125782924
29255248333.3,-76.92224812415823
29260246666.7,-79.6263295670627
29265245000.0,-84.2883146273793
29270243333.3,-75.37043977852372
29275241666.7,-79.71485791952958
29280240000.0,-76.53441327099104
29285238333.3,-83.66924302243993
29290236666.7,-80.8829998609809
29295235000.0,-80.20704227098952
29300233333.3,-76.8635106054412
29305231666.7,-81.85151849650993
29310230000.0,-77.20066281087374
29315228333.3,-83.57344230460697
29320226666.7,-84.11622316097677
29325225000.0,-77.08293729935376
29330223333.3,-73.41364427323845
29335221666.7,-74.03063503116368
29340220000.0,-71.57667754910644
29345218333.3,-86.16847450935492
29350216666.7,-77.65796598528308
29355215000.0,-77.9380453080947
29360213333.3,-83.74540423367023
29365211666.7,-78.04548255645935
29370210000.0,-83.76502412767752
29375208333.3,-84.96474172617295
29380206666.7,-76.31140634120902
29385205000.0,-70.09293528290905
29390203333.3,-73.27698478948345
29395201666.7,-84.82075956040768
29400200000.0,-72.10467029046981
29405198333.3,-87.28682330191496
29410196666.7,-75.4478722225848
29415195000.0,-82.41464013225325
29420193333.3,-81.92374929904632
29425191666.7,-78.06634222327222
29430190000.0,-89.89458183504553
29435188333.3,-73.57871611360655
29440186666.7,-82.0361921639519
29445185000.0,-77.97562930880156
29450183333.3,-77.5937255278816
29455181666.7,-73.04967432799968
29460180000.0,-76.20483598245585
29465178333.3,-78.98695927881215
29470176666.7,-76.45498918021524
29475175000.0,-81.69723467639787
29480173333.3,-89.13643969406718
29485171666.7,-77.37343378596948
29490170000.0,-72.31775084166664
29495168333.3,-79.27959069478284
29500166666.7,-77.7721929540505
29505165000.0,-88.02016504735928
29510163333.3,-83.31818880514135
29515161666.7,-100.70950111530212
29520160000.0,-78.16775930145891
29525158333.3,-81.16553966870057
29530156666.7,-77.93479772273707
29535155000.0,-84.0450185068765
29540153333.3,-76.60055275814365
29545151666.7,-72.53382358662616
29550150000.0,-75.39468182326922
29555148333.3,-85.03367071441225
29560146666.7,-79.24895959777822
29565145000.0,-80.81102228939648
29570143333.3,-79.39482689222308
29575141666.7,-75.9992890870183
29580140000.0,-86.77385593723882
29585138333.3,-83.18165886914105
29590136666.7,-77.98881284957585
29595135000.0,-80.06517412203297
29600133333.3,-77.88697788276323
29605131666.7,-87.10818402618517
29610130000.0,-88.18762268565581
29615128333.3,-78.38379971858983
29620126666.7,-83.73902725732214
29625125000.0,-71.93847072402716
29630123333.3,-86.98359637623417
29635121666.7,-78.89095691461974
29640120000.0,-82.63296676615988
29645118333.3,-75.37056565026498
29650116666.7,-81.9242428948665
29655115000.0,-74.08369058374903
29660113333.3,-83.12189986393065
29665111666.7,-85.12617860313222
29670110000.0,-70.12075215205175
29675108333.3,-75.542887218245
29680106666.7,-77.09018157138325
29685105000.0,-82.68582292978223
29690103333.3,-75.97679585272576
29695101666.7,-80.49403975343608
29700100000.0,-78.60920665356555
29705098333.3,-73.32289367771067
29710096666.7,-90.02557402015131
29715095000.0,-74.06302725507398
29720093333.3,-78.34678739820157
29725091666.7,-76.56815011835099
29730090000.0,-81.4921504204372
29735088333.3,-86.82313954033454
29740086666.7,-81.48345717567577
29745085000.0,-80.09901631594656
29750083333.3,-84.42015498202574
29755081666.7,-83.54864618652854
29760080000.0,-78.90825145832846
29765078333.3,-71.85972570273532
29770076666.7,-76.69685899424375
29775075000.0,-81.1844066244076
29780073333.3,-83.58952971738674
29785071666.7,-77.28204878609694
29790070000.0,-80.35897242615195
29795068333.3,-84.22794200688361
29800066666.7,-79.23350936599945
29805065000.0,-81.02397024999632
29810063333.3,-80.7140782322272
29815061666.7,-80.24377124557915
29820060000.0,-81.50443826357524
29825058333.3,-73.33037330850162
29830056666.7,-81.08764669491214
29835055000.0,-80.30636148186159
29840053333.3,-75.55722321806346
29845051666.7,-89.73357221852038
29850050000.0,-90.76810420459189
29855048333.3,-82.01657232977848
29860046666.7,-73.56901880263243
29865045000.0,-71.85923232932485
29870043333.3,-89.20348694714109
29875041666.7,-80.93011873729733
29880040000.0,-74.68391715658706
29885038333.3,-76.91409025905939
29890036666.7,-83.63167859762999
29895035000.0,-79.06798542153639
29900033333.3,-80.39178785021346
29905031666.7,-87.95457390377402
29910030000.0,-76.93554659945806
29915028333.3,-82.10613644024451
29920026666.7,-84.62520855974519
29925025000.0,-97.56832428198442
29930023333.3,-80.18762416480696
29935021666.7,-86.50817511757128
29940020000.0,-75.81261010764969
29945018333.3,-76.66731122482605
29950016666.7,-77.84912643600308
29955015000.0,-74.67126466756446
29960013333.3,-80.17807489105996
29965011666.7,-74.99028436208891
29970010000.0,-76.7940763104521
29975008333.3,-80.11727563019278
29980006666.7,-79.31221189680716
29985005000.0,-74.77475095096305
29990003333.3,-80.82227260450416
29995001666.7,-80.10705245325391
30000000000.0,-80.24779833041293
