Frequency_Hz,Magnitude_dB
10000000.0,-47.00698984503507
14998333.3333,-54.80931902933043
19996666.6667,-45.94097533432415
24995000.0,-33.220294636333776
29993333.3333,-58.01721788070945
34991666.6667,-59.911173643953305
39990000.0,-59.13999885188183
44988333.3333,-63.429195845961395
49986666.6667,-55.76255422794438
54985000.0,-58.89731929208479
59983333.3333,-58.827697233220846
64981666.6667,-59.65717752708589
69980000.0,-62.23289667468664
74978333.3333,-60.62063229685432
79976666.6667,-58.71577095851645
84975000.0,-59.56739220769605
89973333.3333,-57.93140065930875
94971666.6667,-60.49986288468637
99970000.0,-58.05720473192248
104968333.333,-55.956223167993706
109966666.667,-60.131558279038224
114965000.0,-56.62948126461414
119963333.333,-57.98407884121196
124961666.667,-59.00873846743134
129960000.0,-57.09103536675741
134958333.333,-59.2375545140649
139956666.667,-59.327676822385754
144955000.0,-58.854837585226
149953333.333,-59.91855229635307
154951666.667,-60.25149990368746
159950000.0,-58.24140094794867
164948333.333,-59.341370634067886
169946666.667,-58.95093101983801
174945000.0,-58.78956320937452
179943333.333,-57.61685510802052
184941666.667,-59.155944467221616
189940000.0,-58.4914153209937
194938333.333,-58.424621981726084
199936666.667,-58.49722667234863
204935000.0,-58.322267386341494
209933333.333,-58.470890333594866
214931666.667,-58.93071808172343
219930000.0,-57.969548797464334
224928333.333,-58.648671041261494
229926666.667,-58.37932017089038
234925000.0,-58.393622477285646
239923333.333,-59.04345895132471
244921666.667,-58.58668048515675
249920000.0,-58.214624631156966
254918333.333,-58.06122208777922
259916666.667,-59.95301724336325
264915000.0,-56.954933498707774
269913333.333,-58.093532277556804
274911666.667,-59.12871287272808
279910000.0,-58.74152423563004
284908333.333,-59.00444099718023
289906666.667,-58.60227260488194
294905000.0,-57.95498251901026
299903333.333,-58.9276798643094
304901666.667,-58.742119305933464
309900000.0,-59.17285440243829
314898333.333,-60.140807812858725
319896666.667,-59.078598535211725
324895000.0,-57.62082278135072
329893333.333,-58.24951994495716
334891666.667,-58.3670702733187
339890000.0,-58.514697163982234
344888333.333,-58.73878413930876
349886666.667,-61.670318312770895
354885000.0,-60.11591099381065
359883333.333,-59.705153057501725
364881666.667,-61.81149997595293
369880000.0,-60.96448094123126
374878333.333,-59.90721144491063
379876666.667,-61.26070700229298
384875000.0,-61.58838283253236
389873333.333,-62.39856315862741
394871666.667,-62.68069587148685
399870000.0,-62.05109634530896
404868333.333,-61.129960953846535
409866666.667,-62.043810254554174
414865000.0,-61.41870650603518
419863333.333,-62.54863401314854
424861666.667,-61.562702354334924
429860000.0,-62.560681045695716
434858333.333,-62.517166277857534
439856666.667,-64.11176700298525
444855000.0,-63.51569574664187
449853333.333,-63.92392769727937
454851666.667,-63.925585105637154
459850000.0,-64.36845882903107
464848333.333,-65.34875109916608
469846666.667,-66.10089443378415
474845000.0,-64.87752211621638
479843333.333,-67.85746503914308
484841666.667,-66.20165988843485
489840000.0,-67.07997796492698
494838333.333,-68.94033478067885
499836666.667,-67.94015601275224
504835000.0,-68.2996867438483
509833333.333,-72.23522364150116
514831666.667,-68.81135186485919
519830000.0,-69.2201276244015
524828333.333,-71.28672225169225
529826666.667,-70.94335443172028
534825000.0,-68.62312079390938
539823333.333,-71.94269594220927
544821666.667,-71.5795772559281
549820000.0,-68.82260026173442
554818333.333,-69.75396038774359
559816666.667,-74.45397209519648
564815000.0,-72.9080568823888
569813333.333,-77.153954509014
574811666.667,-71.9892307342627
579810000.0,-71.25337759912
584808333.333,-74.03597061706894
589806666.667,-71.4564478804168
594805000.0,-75.70234923095254
599803333.333,-70.77410172873039
604801666.667,-70.84411425960566
609800000.0,-70.68401345902078
614798333.333,-80.29460269747125
619796666.667,-71.4610485076943
624795000.0,-76.90246894291218
629793333.333,-74.70178480379157
634791666.667,-71.53398334764098
639790000.0,-71.35615132979271
644788333.333,-78.15659301997081
649786666.667,-70.58596100542641
654785000.0,-67.66790422942378
659783333.333,-69.57327158649485
664781666.667,-68.73347611986391
669780000.0,-69.96532624849803
674778333.333,-67.7509411236245
679776666.667,-67.39192297536371
684775000.0,-65.66017213748127
689773333.333,-65.3943621630994
694771666.667,-67.53304952495535
699770000.0,-66.41383245965584
704768333.333,-66.21594941378117
709766666.667,-65.59390979109449
714765000.0,-69.0572995360524
719763333.333,-67.48015188882243
724761666.667,-66.34342580856354
729760000.0,-67.2677703393319
734758333.333,-65.29677808410051
739756666.667,-65.64568303697533
744755000.0,-65.25593507455983
749753333.333,-65.36040283528749
754751666.667,-64.39593134485034
759750000.0,-64.93004738369306
764748333.333,-65.70331777756876
769746666.667,-65.26988327379952
774745000.0,-65.03618100844905
779743333.333,-64.09971283830453
784741666.667,-64.33303140626575
789740000.0,-63.8828108321281
794738333.333,-63.97922146820271
799736666.667,-63.556489917904884
804735000.0,-63.72262497208062
809733333.333,-63.56305341811834
814731666.667,-63.15238346098074
819730000.0,-62.978015716608
824728333.333,-63.41966264470678
829726666.667,-62.826955381398946
834725000.0,-63.880395311726744
839723333.333,-62.9232238910174
844721666.667,-63.623682254816586
849720000.0,-64.29332390299591
854718333.333,-63.276973216772596
859716666.667,-63.65060816678783
864715000.0,-62.51671130464249
869713333.333,-62.89387290000689
874711666.667,-63.44516138991619
879710000.0,-62.37164660939924
884708333.333,-61.82158156340265
889706666.667,-61.71230711048235
894705000.0,-61.92220878563411
899703333.333,-62.56812876325146
904701666.667,-61.31595867507362
909700000.0,-61.858337247194996
914698333.333,-61.44916798491768
919696666.667,-61.10204824781735
924695000.0,-62.10277718419399
929693333.333,-61.279526127019786
934691666.667,-61.3965424401339
939690000.0,-61.327781593994686
944688333.333,-61.871208629940384
949686666.667,-61.30331797400437
954685000.0,-61.20261744752484
959683333.333,-61.42167467092527
964681666.667,-61.349620679858816
969680000.0,-61.80108278754513
974678333.333,-61.11243810095023
979676666.667,-61.06650544697645
984675000.0,-61.22958238877767
989673333.333,-60.94202242752619
994671666.667,-60.72540730580401
999670000.0,-61.36035454128102
1004668333.33,-61.273135658018305
1009666666.67,-61.02555587282655
1014665000.0,-61.11582332311943
1019663333.33,-61.071155273818015
1024661666.67,-60.19614808006751
1029660000.0,-60.948089600705714
1034658333.33,-60.58135028967768
1039656666.67,-61.034228061337615
1044655000.0,-61.429880816087525
1049653333.33,-61.013851380270964
1054651666.67,-60.7348510516358
1059650000.0,-60.74781688819197
1064648333.33,-60.486210929474176
1069646666.67,-60.97011256007104
1074645000.0,-61.07334938343559
1079643333.33,-60.72716680570921
1084641666.67,-61.07916417169369
1089640000.0,-60.78691555028299
1094638333.33,-60.793960936719564
1099636666.67,-61.390369210210565
1104635000.0,-60.95453181921529
1109633333.33,-60.539259778379815
1114631666.67,-60.84523418999035
1119630000.0,-60.147782248605786
1124628333.33,-60.583261091050616
1129626666.67,-60.6475026988414
1134625000.0,-59.97295931700559
1139623333.33,-60.57573165620369
1144621666.67,-60.731306497573875
1149620000.0,-59.91820183191248
1154618333.33,-60.22619529266633
1159616666.67,-60.36303816658596
1164615000.0,-60.481467281863985
1169613333.33,-59.926806117226484
1174611666.67,-60.60365972393963
1179610000.0,-60.08916275598765
1184608333.33,-60.761993685319325
1189606666.67,-59.94132677869554
1194605000.0,-60.1536385789306
1199603333.33,-61.03167789821786
1204601666.67,-59.96647055032251
1209600000.0,-60.4856622172595
1214598333.33,-59.86068909050675
1219596666.67,-60.0038552583933
1224595000.0,-60.162535818459816
1229593333.33,-59.8013259362848
1234591666.67,-59.605651733511394
1239590000.0,-59.76523837374788
1244588333.33,-59.57708181135725
1249586666.67,-59.66571506686333
1254585000.0,-59.920936285458765
1259583333.33,-59.82573368523038
1264581666.67,-59.86665537501121
1269580000.0,-59.56653448993973
1274578333.33,-59.80907088128309
1279576666.67,-60.08442639307613
1284575000.0,-59.1526625830364
1289573333.33,-60.200682825991514
1294571666.67,-59.566283174312204
1299570000.0,-60.17973194537134
1304568333.33,-59.505224420296074
1309566666.67,-60.012482220788726
1314565000.0,-59.73424742336715
1319563333.33,-59.852347834484576
1324561666.67,-59.95210831880022
1329560000.0,-59.182896340295166
1334558333.33,-60.443997294510865
1339556666.67,-60.152630674028764
1344555000.0,-59.722377636088346
1349553333.33,-60.08309766647891
1354551666.67,-59.735066807351565
1359550000.0,-59.541676172455055
1364548333.33,-60.380061911976874
1369546666.67,-60.20018693688732
1374545000.0,-60.46294331760615
1379543333.33,-60.32537806905707
1384541666.67,-60.68081294921413
1389540000.0,-60.68526575261323
1394538333.33,-60.28889905248177
1399536666.67,-60.943219473492356
1404535000.0,-60.46253878065666
1409533333.33,-60.964193536559776
1414531666.67,-60.941491537383605
1419530000.0,-60.55369113760023
1424528333.33,-60.26849778359952
1429526666.67,-60.3024044912564
1434525000.0,-61.160962189810554
1439523333.33,-60.57447816338663
1444521666.67,-60.16096231729489
1449520000.0,-60.194768096602154
1454518333.33,-60.492929919525
1459516666.67,-60.64086671971885
1464515000.0,-60.74529174769268
1469513333.33,-60.792024120416066
1474511666.67,-60.97633901689082
1479510000.0,-60.78605989840184
1484508333.33,-60.81449927706451
1489506666.67,-61.53616723966934
1494505000.0,-60.92998051053742
1499503333.33,-61.03111235454237
1504501666.67,-60.82040104977779
1509500000.0,-61.161474077211714
1514498333.33,-60.795963867000644
1519496666.67,-60.47303656370555
1524495000.0,-61.780447816396645
1529493333.33,-60.92612093452655
1534491666.67,-61.26125120510659
1539490000.0,-60.53744773708318
1544488333.33,-60.82078122731629
1549486666.67,-60.68293002891258
1554485000.0,-61.3251250952752
1559483333.33,-60.61261224850158
1564481666.67,-60.766218611159914
1569480000.0,-61.782038193916755
1574478333.33,-61.83324113703016
1579476666.67,-61.649879656020026
1584475000.0,-62.0650307892802
1589473333.33,-62.418940328634434
1594471666.67,-61.81183740353684
1599470000.0,-61.606238557331416
1604468333.33,-61.79948744369155
1609466666.67,-61.62330885541369
1614465000.0,-61.09878447294634
1619463333.33,-62.033506993213976
1624461666.67,-62.62065464693254
1629460000.0,-62.07464652899514
1634458333.33,-62.495600387604036
1639456666.67,-61.38288832074274
1644455000.0,-61.609790093192615
1649453333.33,-61.579873274764424
1654451666.67,-61.6962325419351
1659450000.0,-61.20603345941652
1664448333.33,-62.81535159553174
1669446666.67,-61.796629368488965
1674445000.0,-62.01393855806809
1679443333.33,-62.33983334848192
1684441666.67,-62.40717303104309
1689440000.0,-61.81701034938264
1694438333.33,-62.91864531510889
1699436666.67,-62.73189268678037
1704435000.0,-62.69304978961138
1709433333.33,-63.02730710850744
1714431666.67,-62.65251046658633
1719430000.0,-62.78008760857885
1724428333.33,-62.514265077427744
1729426666.67,-62.99914795963378
1734425000.0,-63.2353244137345
1739423333.33,-62.81513702906983
1744421666.67,-63.020565978888186
1749420000.0,-62.72844566826915
1754418333.33,-63.87415742419597
1759416666.67,-63.814743226615825
1764415000.0,-62.42143528300791
1769413333.33,-62.90233315829458
1774411666.67,-62.68874236450206
1779410000.0,-63.32301165302773
1784408333.33,-62.88708151350391
1789406666.67,-62.937099606235094
1794405000.0,-62.91028420247271
1799403333.33,-63.81796597686089
1804401666.67,-63.64183186250658
1809400000.0,-63.38197804696819
1814398333.33,-63.518297911742295
1819396666.67,-62.80610916818191
1824395000.0,-64.44095203117587
1829393333.33,-64.17935803629791
1834391666.67,-64.71654927596539
1839390000.0,-63.37045232971704
1844388333.33,-63.77288712275628
1849386666.67,-63.4074185725441
1854385000.0,-63.83192644091408
1859383333.33,-64.19115648696963
1864381666.67,-63.83179232682744
1869380000.0,-63.511194016888055
1874378333.33,-64.27174137838806
1879376666.67,-64.74215968914804
1884375000.0,-64.05359994363401
1889373333.33,-63.93540736446244
1894371666.67,-64.2763118348323
1899370000.0,-64.83405505040758
1904368333.33,-64.09641565921359
1909366666.67,-64.19960736052265
1914365000.0,-65.25556113873736
1919363333.33,-64.84215369295396
1924361666.67,-65.97073337820291
1929360000.0,-64.97415139490057
1934358333.33,-64.97707890218298
1939356666.67,-64.6143060032868
1944355000.0,-64.66384799933172
1949353333.33,-64.6942842700558
1954351666.67,-64.99028057007723
1959350000.0,-64.50429965450854
1964348333.33,-64.44315990559835
1969346666.67,-64.8212377493738
1974345000.0,-64.66783558301071
1979343333.33,-64.27405660614302
1984341666.67,-64.97907674538975
1989340000.0,-65.66635692729568
1994338333.33,-64.36559768741438
1999336666.67,-64.70168876902923
2004335000.0,-65.4903935529409
2009333333.33,-65.01060773197867
2014331666.67,-64.3880592871644
2019330000.0,-64.85696846557572
2024328333.33,-65.62779519103155
2029326666.67,-66.46222368217688
2034325000.0,-66.02917209189124
2039323333.33,-66.08700696715177
2044321666.67,-65.33148030986696
2049320000.0,-65.43363537058926
2054318333.33,-65.64225931583348
2059316666.67,-65.52355960008785
2064315000.0,-65.96542834152616
2069313333.33,-65.98320911305022
2074311666.67,-65.21200230962168
2079310000.0,-65.96988114433775
2084308333.33,-66.65466169622624
2089306666.67,-66.54585667876509
2094305000.0,-66.72406109949607
2099303333.33,-66.31875980799607
2104301666.67,-65.41657827938792
2109300000.0,-65.47123038775955
2114298333.33,-67.21999618154285
2119296666.67,-66.15566853398235
2124295000.0,-66.84113757226189
2129293333.33,-66.78286414262178
2134291666.67,-66.23768661650458
2139290000.0,-66.23717442737805
2144288333.33,-66.62488781395301
2149286666.67,-65.71640031012093
2154285000.0,-67.15413758671278
2159283333.33,-66.17808659304026
2164281666.67,-65.91318558815172
2169280000.0,-66.45634106550216
2174278333.33,-65.6547317891844
2179276666.67,-66.92659615800322
2184275000.0,-66.8909102621146
2189273333.33,-66.52823184782783
2194271666.67,-67.0964131758519
2199270000.0,-65.860052161819
2204268333.33,-66.8182971689546
2209266666.67,-67.90831351500262
2214265000.0,-67.62298009934297
2219263333.33,-66.54188511728087
2224261666.67,-67.23144456953794
2229260000.0,-66.53283151947224
2234258333.33,-66.63406591958375
2239256666.67,-66.97627491699686
2244255000.0,-67.6127598753032
2249253333.33,-66.36359949358273
2254251666.67,-67.47265144006181
2259250000.0,-66.11690703427831
2264248333.33,-66.7261536686375
2269246666.67,-66.93114752318347
2274245000.0,-66.59307399612717
2279243333.33,-66.4595644545159
2284241666.67,-67.16033864885657
2289240000.0,-67.20061102223497
2294238333.33,-67.18173360961666
2299236666.67,-67.23734389852284
2304235000.0,-66.45119041285336
2309233333.33,-67.60997296211683
2314231666.67,-67.92091904010263
2319230000.0,-66.81731704861433
2324228333.33,-67.3602775350812
2329226666.67,-67.73739150474243
2334225000.0,-67.80653297480514
2339223333.33,-67.55411307784084
2344221666.67,-67.80712219414666
2349220000.0,-66.72932135534833
2354218333.33,-68.62974817232123
2359216666.67,-67.52179321285345
2364215000.0,-67.61874093839103
2369213333.33,-67.17386223013361
2374211666.67,-67.09714287797331
2379210000.0,-67.85120320641045
2384208333.33,-68.08154705609083
2389206666.67,-67.87352497482622
2394205000.0,-67.18594064883781
2399203333.33,-67.24976732923705
2404201666.67,-67.57540814961145
2409200000.0,-67.93803188750499
2414198333.33,-68.20920371588625
2419196666.67,-68.12930967628218
2424195000.0,-67.85250692015515
2429193333.33,-68.26640309558779
2434191666.67,-68.27971546569154
2439190000.0,-68.5710382970324
2444188333.33,-68.37699381159449
2449186666.67,-67.97007777730056
2454185000.0,-67.91693669270137
2459183333.33,-67.19663134803258
2464181666.67,-68.39791836266835
2469180000.0,-66.87751063408751
2474178333.33,-68.15049545674054
2479176666.67,-68.42632305662782
2484175000.0,-67.63877137540953
2489173333.33,-67.42804483478136
2494171666.67,-68.18874909657224
2499170000.0,-68.33262822349562
2504168333.33,-67.72204430497878
2509166666.67,-68.08032694529739
2514165000.0,-68.9781184137168
2519163333.33,-67.64258366833742
2524161666.67,-68.13082071927451
2529160000.0,-68.94779930045553
2534158333.33,-68.15076891521015
2539156666.67,-68.11446171016803
2544155000.0,-68.0825828409594
2549153333.33,-68.61914832139468
2554151666.67,-69.32379781133473
2559150000.0,-70.3773591248391
2564148333.33,-69.02608132780897
2569146666.67,-68.95892994921577
2574145000.0,-68.91797723018936
2579143333.33,-68.40202099431393
2584141666.67,-69.71160313545543
2589140000.0,-68.52631973737806
2594138333.33,-69.36584109134988
2599136666.67,-69.34865522302097
2604135000.0,-67.80539762836533
2609133333.33,-69.47686499899933
2614131666.67,-69.46666144517566
2619130000.0,-68.80835944128023
2624128333.33,-69.0383399733634
2629126666.67,-68.92046611247278
2634125000.0,-69.19377518343074
2639123333.33,-68.07493459567785
2644121666.67,-68.95969371173517
2649120000.0,-69.41845093084522
2654118333.33,-70.07712089418293
2659116666.67,-68.84874220579667
2664115000.0,-69.72004676694002
2669113333.33,-69.93108994715455
2674111666.67,-68.59911830837385
2679110000.0,-69.00979168121955
2684108333.33,-69.30334082738597
2689106666.67,-70.76914393875462
2694105000.0,-69.03551586882948
2699103333.33,-69.48563659406504
2704101666.67,-69.14453069264255
2709100000.0,-69.71402473735355
2714098333.33,-68.82601626442026
2719096666.67,-69.6753685931159
2724095000.0,-69.01951535617309
2729093333.33,-68.81517011280636
2734091666.67,-68.46043447185667
2739090000.0,-70.16755786521804
2744088333.33,-69.1940079783395
2749086666.67,-70.57474020291225
2754085000.0,-69.6009916300686
2759083333.33,-70.14410075793499
2764081666.67,-70.02436433942475
2769080000.0,-69.83443224482284
2774078333.33,-69.53187241564608
2779076666.67,-69.42083305203502
2784075000.0,-69.83209132508912
2789073333.33,-71.14371147798121
2794071666.67,-68.74914515215687
2799070000.0,-68.945826756344
2804068333.33,-70.46668365605359
2809066666.67,-69.02884994987762
2814065000.0,-70.052232590917
2819063333.33,-68.57508856149913
2824061666.67,-70.66237239854705
2829060000.0,-69.29285798647925
2834058333.33,-70.37282233862594
2839056666.67,-68.53468407429439
2844055000.0,-71.01228873019407
2849053333.33,-69.91482900117072
2854051666.67,-68.85411446483192
2859050000.0,-71.2891834333635
2864048333.33,-70.16267175644717
2869046666.67,-70.31503489070539
2874045000.0,-70.56170104457361
2879043333.33,-71.07499025142876
2884041666.67,-69.93248681238414
2889040000.0,-69.36835534303157
2894038333.33,-68.60652174937513
2899036666.67,-70.72017007133476
2904035000.0,-69.52462069576922
2909033333.33,-70.46238899882158
2914031666.67,-69.00625301741943
2919030000.0,-69.42953056647782
2924028333.33,-68.75005980714009
2929026666.67,-71.03072315447326
2934025000.0,-70.11445436191272
2939023333.33,-72.48496936638503
2944021666.67,-70.76077589182131
2949020000.0,-71.06757219618859
2954018333.33,-70.04729310772557
2959016666.67,-70.75372732946508
2964015000.0,-71.2080766934618
2969013333.33,-71.74827815419351
2974011666.67,-71.05550995975717
2979010000.0,-71.1212829382895
2984008333.33,-71.19238869786801
2989006666.67,-69.98803787160047
2994005000.0,-70.96957145138249
2999003333.33,-70.6711149341736
3004001666.67,-72.27347557779363
3009000000.0,-72.57483491740237
3013998333.33,-72.20601754432019
3018996666.67,-70.25174250970974
3023995000.0,-69.78088471056158
3028993333.33,-72.43520419949922
3033991666.67,-70.65800416866752
3038990000.0,-70.06078316440758
3043988333.33,-70.35136505770608
3048986666.67,-70.7079455038467
3053985000.0,-71.4026974394681
3058983333.33,-69.83479153112454
3063981666.67,-71.04436689075047
3068980000.0,-71.31147950972311
3073978333.33,-71.57768492510482
3078976666.67,-71.69463884102831
3083975000.0,-71.2798325609299
3088973333.33,-69.71079598393331
3093971666.67,-70.77020222237651
3098970000.0,-72.79454950704319
3103968333.33,-70.23377509279521
3108966666.67,-69.9885862710749
3113965000.0,-70.86257757418075
3118963333.33,-69.84608767901742
3123961666.67,-70.09862115922851
3128960000.0,-71.79731167030764
3133958333.33,-70.86791432225324
3138956666.67,-69.09557380951631
3143955000.0,-70.12277998536851
3148953333.33,-70.99367873637146
3153951666.67,-69.74954987925152
3158950000.0,-72.06006755422081
3163948333.33,-72.74172279738133
3168946666.67,-70.48335762268675
3173945000.0,-72.48688251073042
3178943333.33,-71.39171319939797
3183941666.67,-72.14005117090471
3188940000.0,-71.02766551718534
3193938333.33,-71.95798643556509
3198936666.67,-71.99263313272245
3203935000.0,-73.86732308495726
3208933333.33,-72.0448939421407
3213931666.67,-72.86315133307818
3218930000.0,-72.09916442654593
3223928333.33,-68.75811593848431
3228926666.67,-73.38308135071628
3233925000.0,-72.15250233506633
3238923333.33,-70.948065110351
3243921666.67,-72.4581743002328
3248920000.0,-74.3664000142893
3253918333.33,-72.76041754235797
3258916666.67,-71.74430431909096
3263915000.0,-71.40771726165656
3268913333.33,-70.23250609164519
3273911666.67,-74.11093983653774
3278910000.0,-73.04345313208114
3283908333.33,-71.58223722213661
3288906666.67,-72.16048237651367
3293905000.0,-71.58855014286019
3298903333.33,-72.79236617170629
3303901666.67,-71.3733036037826
3308900000.0,-72.05796761030795
3313898333.33,-71.16603437165301
3318896666.67,-71.52457540502827
3323895000.0,-71.51099897481896
3328893333.33,-73.3921577413156
3333891666.67,-70.66486026945887
3338890000.0,-72.16171705387937
3343888333.33,-71.41714358547743
3348886666.67,-74.64934207611202
3353885000.0,-70.67050135603024
3358883333.33,-73.52663298991706
3363881666.67,-72.56377415393396
3368880000.0,-74.46050545353201
3373878333.33,-74.36246262995058
3378876666.67,-71.50561709131523
3383875000.0,-72.87876116901934
3388873333.33,-73.74376502870871
3393871666.67,-73.62074043710305
3398870000.0,-70.76457294229971
3403868333.33,-72.16884943410253
3408866666.67,-71.10139922893404
3413865000.0,-72.31042764150334
3418863333.33,-73.72705089044914
3423861666.67,-74.57401612376316
3428860000.0,-71.75561863438864
3433858333.33,-72.56318811222332
3438856666.67,-72.38393718926224
3443855000.0,-72.2123427678697
3448853333.33,-72.39542832006192
3453851666.67,-71.43036949485922
3458850000.0,-72.44864038657758
3463848333.33,-72.32918420577471
3468846666.67,-73.46388828492918
3473845000.0,-73.24921539219402
3478843333.33,-74.68953108326306
3483841666.67,-74.15159790967752
3488840000.0,-73.8517231405975
3493838333.33,-74.00942480969043
3498836666.67,-74.50932224928016
3503835000.0,-73.48786466118268
3508833333.33,-75.40586345400438
3513831666.67,-72.7817437106095
3518830000.0,-75.22573856716707
3523828333.33,-74.70604268997329
3528826666.67,-72.67537033257824
3533825000.0,-73.09737044244669
3538823333.33,-72.56380711355598
3543821666.67,-71.7024357133219
3548820000.0,-73.45517153655197
3553818333.33,-72.4573698261872
3558816666.67,-73.11103466378819
3563815000.0,-72.64662275547663
3568813333.33,-72.44424534330201
3573811666.67,-74.77376962249325
3578810000.0,-70.82128420896937
3583808333.33,-71.40709971928244
3588806666.67,-73.28485893774658
3593805000.0,-73.65976561783758
3598803333.33,-72.71976940377012
3603801666.67,-75.33905719082045
3608800000.0,-74.05855474814398
3613798333.33,-71.9041183435595
3618796666.67,-73.86096510328476
3623795000.0,-72.48043603121778
3628793333.33,-72.8571174204916
3633791666.67,-71.5828730471902
3638790000.0,-71.4855045919118
3643788333.33,-72.89596567808516
3648786666.67,-72.6686266691733
3653785000.0,-74.3046929640663
3658783333.33,-73.83578807126436
3663781666.67,-71.83943061915272
3668780000.0,-73.15441507168347
3673778333.33,-73.19252013770186
3678776666.67,-73.09078902117881
3683775000.0,-71.85727070056511
3688773333.33,-72.52108998564847
3693771666.67,-74.70500304836705
3698770000.0,-73.33925644024933
3703768333.33,-73.74816424743237
3708766666.67,-73.91107105324883
3713765000.0,-72.9624109200749
3718763333.33,-75.4833802659305
3723761666.67,-72.10177212818904
3728760000.0,-74.53421441131559
3733758333.33,-75.03801020678947
3738756666.67,-73.60566629118945
3743755000.0,-73.29387386161508
3748753333.33,-73.1468520983484
3753751666.67,-72.19919539829596
3758750000.0,-73.7076018553635
3763748333.33,-71.39535371583271
3768746666.67,-74.16795373654706
3773745000.0,-73.0013123506472
3778743333.33,-74.9484704063964
3783741666.67,-76.86952997987945
3788740000.0,-73.43690577344412
3793738333.33,-73.58092979136788
3798736666.67,-72.98895256024622
3803735000.0,-72.71796748373643
3808733333.33,-74.29920135695687
3813731666.67,-73.82470446778227
3818730000.0,-76.60176074915904
3823728333.33,-75.38346365558196
3828726666.67,-72.22210146745527
3833725000.0,-73.99413040669758
3838723333.33,-74.214213724167
3843721666.67,-73.34304861782505
3848720000.0,-72.34311130021715
3853718333.33,-73.40963092386814
3858716666.67,-76.01532754853993
3863715000.0,-73.96606888148975
3868713333.33,-75.06576450355902
3873711666.67,-72.73709687011545
3878710000.0,-72.26545883355331
3883708333.33,-71.5772280153401
3888706666.67,-73.48848311478444
3893705000.0,-75.20978913059129
3898703333.33,-71.68740007530143
3903701666.67,-75.08578600431238
3908700000.0,-75.02749730438694
3913698333.33,-73.51226283025997
3918696666.67,-72.92788039103259
3923695000.0,-73.80377333856545
3928693333.33,-75.28568603220427
3933691666.67,-71.8276157710709
3938690000.0,-73.73187483024438
3943688333.33,-71.49435577243963
3948686666.67,-73.5089044733611
3953685000.0,-74.82398396365146
3958683333.33,-72.95386461584715
3963681666.67,-72.83317872511726
3968680000.0,-73.00105776934242
3973678333.33,-71.71131425903461
3978676666.67,-73.0793743177703
3983675000.0,-73.10638648615578
3988673333.33,-72.87058479117397
3993671666.67,-74.26382487639195
3998670000.0,-76.9815247499333
4003668333.33,-74.83338077642779
4008666666.67,-76.8953807494317
4013665000.0,-75.35018817094615
4018663333.33,-74.55946445543398
4023661666.67,-75.87159347712286
4028660000.0,-72.63955841369183
4033658333.33,-75.47110191795642
4038656666.67,-77.63929364580211
4043655000.0,-74.86278860849906
4048653333.33,-77.2604080039576
4053651666.67,-75.20174431050057
4058650000.0,-75.00496809098897
4063648333.33,-73.1794126678906
4068646666.67,-74.61668220139478
4073645000.0,-75.80201781235304
4078643333.33,-76.76438142865182
4083641666.67,-73.3200508573718
4088640000.0,-75.2169813464272
4093638333.33,-75.5399794176644
4098636666.67,-74.51662985108942
4103635000.0,-75.62375888028124
4108633333.33,-75.00184566983762
4113631666.67,-77.18252712626423
4118630000.0,-73.54458312377152
4123628333.33,-75.31197073424616
4128626666.67,-81.06281527804846
4133625000.0,-76.8811894795835
4138623333.33,-73.54670274776419
4143621666.67,-74.71388525227263
4148620000.0,-73.35845851124616
4153618333.33,-74.0762850505889
4158616666.67,-71.16860555235871
4163615000.0,-76.48122844728624
4168613333.33,-74.518845194745
4173611666.67,-74.81999807214474
4178610000.0,-76.01037693055238
4183608333.33,-74.45714311800619
4188606666.67,-73.95209424032086
4193605000.0,-71.75760271456939
4198603333.33,-75.98356471146434
4203601666.67,-73.7408575169951
4208600000.0,-74.57444565565991
4213598333.33,-74.31121465699529
4218596666.67,-76.1527283490107
4223595000.0,-77.37231166233637
4228593333.33,-74.34527221671532
4233591666.67,-73.84057254899926
4238590000.0,-74.66813194492647
4243588333.33,-74.7414731301218
4248586666.67,-76.12718746654306
4253585000.0,-75.89917802590024
4258583333.33,-73.51797268987481
4263581666.67,-75.49163969660809
4268580000.0,-73.4808750359631
4273578333.33,-75.33257709585571
4278576666.67,-75.84814965715009
4283575000.0,-74.50769202950585
4288573333.33,-76.30014369441409
4293571666.67,-73.85630168045488
4298570000.0,-78.09722416616525
4303568333.33,-77.49804988930136
4308566666.67,-74.57339343929235
4313565000.0,-74.85174273433631
4318563333.33,-74.72720364873533
4323561666.67,-75.96186989377287
4328560000.0,-75.99841253409754
4333558333.33,-74.8209250917641
4338556666.67,-75.39988864836513
4343555000.0,-75.22072790437477
4348553333.33,-75.68198498715734
4353551666.67,-75.50552175801472
4358550000.0,-72.24592748754156
4363548333.33,-77.95224967368989
4368546666.67,-79.74411531576146
4373545000.0,-73.86779464594949
4378543333.33,-74.40878602270475
4383541666.67,-74.88896495407091
4388540000.0,-74.62029680560087
4393538333.33,-74.73062159215561
4398536666.67,-76.53210015157103
4403535000.0,-78.53624628407552
4408533333.33,-76.26845071945826
4413531666.67,-76.59643528103435
4418530000.0,-74.31356555488509
4423528333.33,-74.49889707697493
4428526666.67,-73.85455732706225
4433525000.0,-77.4177294386153
4438523333.33,-74.06077690038573
4443521666.67,-73.57157620934547
4448520000.0,-76.96189805389919
4453518333.33,-77.68586349174045
4458516666.67,-74.56402796987616
4463515000.0,-76.76149196260607
4468513333.33,-74.07672964898354
4473511666.67,-75.2027918972554
4478510000.0,-76.40100974584753
4483508333.33,-74.91582022522647
4488506666.67,-75.35534672174
4493505000.0,-75.12030672166068
4498503333.33,-72.44861917145305
4503501666.67,-74.53697719957025
4508500000.0,-74.69112676126049
4513498333.33,-77.25249477996728
4518496666.67,-76.49495388381673
4523495000.0,-74.5089962979133
4528493333.33,-77.38085843215057
4533491666.67,-75.69568561774177
4538490000.0,-77.8997604321441
4543488333.33,-74.31323226585842
4548486666.67,-74.21954621410985
4553485000.0,-76.84425483942681
4558483333.33,-75.46293167201816
4563481666.67,-74.681020465144
4568480000.0,-74.22150398444019
4573478333.33,-75.4890552375787
4578476666.67,-76.3532578350078
4583475000.0,-72.61555193651076
4588473333.33,-75.263764329516
4593471666.67,-73.01548283089586
4598470000.0,-74.28843883081639
4603468333.33,-74.70543209135197
4608466666.67,-76.74795327045186
4613465000.0,-75.78746806520684
4618463333.33,-73.79522611647988
4623461666.67,-75.78331145066996
4628460000.0,-79.5593814215371
4633458333.33,-76.92369962587755
4638456666.67,-78.88868041984777
4643455000.0,-76.86077764746281
4648453333.33,-75.3015903637448
4653451666.67,-74.12118903500162
4658450000.0,-76.62623670074267
4663448333.33,-77.02359671253369
4668446666.67,-76.10858506065898
4673445000.0,-75.68625636544121
4678443333.33,-74.28741926002695
4683441666.67,-74.98984846658804
4688440000.0,-76.39956399211898
4693438333.33,-74.90597179366789
4698436666.67,-74.68131922225241
4703435000.0,-75.80208888724593
4708433333.33,-73.5684742069302
4713431666.67,-75.0803311324886
4718430000.0,-75.14408215597004
4723428333.33,-77.27266838422472
4728426666.67,-77.77872267888787
4733425000.0,-75.61296040647338
4738423333.33,-77.84811651375237
4743421666.67,-76.50366123253863
4748420000.0,-77.30164744123768
4753418333.33,-76.61867421771883
4758416666.67,-77.13438107145737
4763415000.0,-78.36015188310847
4768413333.33,-77.21453186966868
4773411666.67,-75.53428936172052
4778410000.0,-74.67616100893869
4783408333.33,-74.94225986910898
4788406666.67,-76.38154197202627
4793405000.0,-76.38723086455701
4798403333.33,-75.23488083646969
4803401666.67,-75.63064741708979
4808400000.0,-74.18100780494429
4813398333.33,-74.04539556780966
4818396666.67,-76.50594701508582
4823395000.0,-75.43713318903038
4828393333.33,-78.16309357245763
4833391666.67,-75.91679582482745
4838390000.0,-73.707502988397
4843388333.33,-75.11108315084064
4848386666.67,-74.808661428904
4853385000.0,-74.9092244581414
4858383333.33,-75.87009565539933
4863381666.67,-76.18705655347469
4868380000.0,-77.35170649282117
4873378333.33,-75.98803720230657
4878376666.67,-74.76883985003829
4883375000.0,-74.2448950470896
4888373333.33,-76.7276309829073
4893371666.67,-75.46145810894907
4898370000.0,-78.81727413147762
4903368333.33,-73.88894104068031
4908366666.67,-78.52382344766066
4913365000.0,-75.81936933615096
4918363333.33,-75.04843766874063
4923361666.67,-75.8432460160771
4928360000.0,-78.56348790906188
4933358333.33,-75.08292162623883
4938356666.67,-79.81668866953429
4943355000.0,-78.2327473131311
4948353333.33,-75.54126074417005
4953351666.67,-75.95050337183683
4958350000.0,-76.43004961338545
4963348333.33,-77.4060139796193
4968346666.67,-74.39814417149987
4973345000.0,-76.47436103297495
4978343333.33,-77.72344924858562
4983341666.67,-76.1925358639254
4988340000.0,-75.42749957375699
4993338333.33,-78.02919147377911
4998336666.67,-75.0031617082287
5003335000.0,-76.38268672363652
5008333333.33,-76.00606961539862
5013331666.67,-75.57026865390259
5018330000.0,-75.97025268509837
5023328333.33,-78.20486683344771
5028326666.67,-76.42779728646384
5033325000.0,-76.97410563421397
5038323333.33,-76.91662092489837
5043321666.67,-79.31240112222343
5048320000.0,-73.55152130639
5053318333.33,-76.0509610592832
5058316666.67,-74.85133223832192
5063315000.0,-74.39055264130378
5068313333.33,-76.22226017901512
5073311666.67,-77.03502855548301
5078310000.0,-77.69206293371651
5083308333.33,-76.54075225520671
5088306666.67,-77.67625156595086
5093305000.0,-75.6907027018793
5098303333.33,-75.44756068325579
5103301666.67,-78.76949502058012
5108300000.0,-77.29787412673988
5113298333.33,-75.90657075170202
5118296666.67,-74.48774236786218
5123295000.0,-77.25119506438665
5128293333.33,-78.03453488240939
5133291666.67,-75.42414487938461
5138290000.0,-80.54469063125399
5143288333.33,-77.99518555978509
5148286666.67,-76.66021952658173
5153285000.0,-76.6531432569228
5158283333.33,-75.07686799860228
5163281666.67,-75.02206813723872
5168280000.0,-74.79269095061072
5173278333.33,-78.01459250530174
5178276666.67,-76.14008550318297
5183275000.0,-76.1446681147365
5188273333.33,-75.48462394596592
5193271666.67,-75.40251865427557
5198270000.0,-75.22542304119447
5203268333.33,-79.04864215662892
5208266666.67,-76.49453222555825
5213265000.0,-74.6803336961241
5218263333.33,-74.67296428042522
5223261666.67,-77.14723420552707
5228260000.0,-78.27162346288435
5233258333.33,-78.21573672874581
5238256666.67,-74.80697376268395
5243255000.0,-76.24102736983596
5248253333.33,-77.40669235356927
5253251666.67,-76.47593795106576
5258250000.0,-76.77202394137213
5263248333.33,-74.64278134664255
5268246666.67,-75.44961390277157
5273245000.0,-75.42956249452247
5278243333.33,-75.52961057449829
5283241666.67,-75.54216082058329
5288240000.0,-76.96681854829055
5293238333.33,-75.8259161720218
5298236666.67,-77.7926971458205
5303235000.0,-76.20491291716755
5308233333.33,-75.36610388399095
5313231666.67,-78.53569013012628
5318230000.0,-75.94599742774241
5323228333.33,-75.88190434631557
5328226666.67,-77.29297660111186
5333225000.0,-76.90419395109585
5338223333.33,-78.45741950421672
5343221666.67,-77.62077156479414
5348220000.0,-75.32503896032676
5353218333.33,-79.27334786148944
5358216666.67,-77.59525506314453
5363215000.0,-79.24647695474378
5368213333.33,-74.9341223789216
5373211666.67,-76.45525308708594
5378210000.0,-75.43090096647953
5383208333.33,-77.54722046314652
5388206666.67,-76.85201067183228
5393205000.0,-76.37953663280874
5398203333.33,-78.32471718296256
5403201666.67,-77.50977445227024
5408200000.0,-76.26979106587667
5413198333.33,-75.21945857286812
5418196666.67,-75.60051459006806
5423195000.0,-77.2782581578596
5428193333.33,-77.72682475106663
5433191666.67,-78.08826481041551
5438190000.0,-79.76401846587376
5443188333.33,-78.94682730093908
5448186666.67,-76.30142255706367
5453185000.0,-79.24263970490324
5458183333.33,-75.65487661636587
5463181666.67,-75.59387754249191
5468180000.0,-79.56723567039228
5473178333.33,-75.6954134756017
5478176666.67,-79.08377017844592
5483175000.0,-78.19302039021187
5488173333.33,-78.1612029296905
5493171666.67,-74.6614956066822
5498170000.0,-78.24347776007693
5503168333.33,-76.95297379600306
5508166666.67,-80.51492108784883
5513165000.0,-76.2368305427601
5518163333.33,-75.89230717175239
5523161666.67,-77.33005620246888
5528160000.0,-74.32865273166217
5533158333.33,-76.80575146355321
5538156666.67,-76.01332125474998
5543155000.0,-75.96147471733178
5548153333.33,-79.16328565702032
5553151666.67,-75.6694615788904
5558150000.0,-79.66969332477683
5563148333.33,-75.31018558048522
5568146666.67,-81.22385305439624
5573145000.0,-78.7626177152866
5578143333.33,-78.52492831915856
5583141666.67,-77.35567901765197
5588140000.0,-75.92725140403186
5593138333.33,-79.95858565024858
5598136666.67,-78.25851671049783
5603135000.0,-77.83116570072946
5608133333.33,-76.7624540498912
5613131666.67,-76.82479757294728
5618130000.0,-75.53235224468018
5623128333.33,-76.90768396402572
5628126666.67,-77.70487509717047
5633125000.0,-81.90588244854848
5638123333.33,-74.70246356447302
5643121666.67,-76.01397609892626
5648120000.0,-77.02316172609991
5653118333.33,-76.02926091353493
5658116666.67,-78.60530219335621
5663115000.0,-79.53073840208279
5668113333.33,-77.10502810845234
5673111666.67,-77.34596320060118
5678110000.0,-74.75982584229632
5683108333.33,-76.56577315236339
5688106666.67,-74.78065166770449
5693105000.0,-79.79100386855433
5698103333.33,-77.0065313527303
5703101666.67,-79.20604547606382
5708100000.0,-78.63178789208351
5713098333.33,-74.42327982308133
5718096666.67,-78.68587370981636
5723095000.0,-79.3237826687878
5728093333.33,-82.70080792881451
5733091666.67,-76.34794432920516
5738090000.0,-79.15283392166016
5743088333.33,-75.70431218619471
5748086666.67,-77.79166241001425
5753085000.0,-76.40028045312805
5758083333.33,-74.26025593333092
5763081666.67,-75.81725012353924
5768080000.0,-79.52780003530928
5773078333.33,-78.42097155626215
5778076666.67,-76.84345322779622
5783075000.0,-77.34206631619753
5788073333.33,-73.5100063552534
5793071666.67,-78.48432303982915
5798070000.0,-77.71509198295483
5803068333.33,-77.39418888788961
5808066666.67,-77.76646343707601
5813065000.0,-80.6852315983694
5818063333.33,-76.7184711201131
5823061666.67,-75.22590401052982
5828060000.0,-80.18772464639264
5833058333.33,-76.66163591372705
5838056666.67,-75.39305485137075
5843055000.0,-78.89358334874144
5848053333.33,-79.88925478017043
5853051666.67,-79.65274980148435
5858050000.0,-74.43033207692766
5863048333.33,-76.29170190066557
5868046666.67,-77.92018210670886
5873045000.0,-75.76925226617266
5878043333.33,-78.05537223130474
5883041666.67,-75.64321238014404
5888040000.0,-76.83052774335705
5893038333.33,-76.65988834869503
5898036666.67,-73.89151194370756
5903035000.0,-76.00020600322799
5908033333.33,-77.47661395362107
5913031666.67,-77.96541162761682
5918030000.0,-80.73928272100828
5923028333.33,-74.79060365455274
5928026666.67,-76.21184767890968
5933025000.0,-81.88165248652389
5938023333.33,-73.13517982968163
5943021666.67,-75.84380821576006
5948020000.0,-81.76420007083544
5953018333.33,-83.3030589787157
5958016666.67,-80.61546474081275
5963015000.0,-78.46031570956598
5968013333.33,-86.22169578574471
5973011666.67,-79.49542479226471
5978010000.0,-78.69631581906613
5983008333.33,-80.14030988194818
5988006666.67,-78.65219553148277
5993005000.0,-75.75154183432812
5998003333.33,-83.7282330988557
6003001666.67,-79.82790427504503
6008000000.0,-77.9181490086172
6012998333.33,-76.98660279915794
6017996666.67,-78.92468266452616
6022995000.0,-79.78137620043225
6027993333.33,-75.52980092949608
6032991666.67,-81.8076805920023
6037990000.0,-75.40814397932839
6042988333.33,-79.36515313825902
6047986666.67,-81.51711924142653
6052985000.0,-78.37358851634801
6057983333.33,-73.79785968871339
6062981666.67,-77.65665121405314
6067980000.0,-77.26472152023828
6072978333.33,-78.91420767079582
6077976666.67,-77.69983346706681
6082975000.0,-77.42450643174566
6087973333.33,-76.18236976701021
6092971666.67,-76.66386376899061
6097970000.0,-81.16170836389132
6102968333.33,-77.86173874103399
6107966666.67,-78.73487812591955
6112965000.0,-77.16334894821601
6117963333.33,-76.86351390892867
6122961666.67,-76.75712231501139
6127960000.0,-82.61465370241143
6132958333.33,-78.1893932648135
6137956666.67,-77.50798543371818
6142955000.0,-80.23766309937928
6147953333.33,-76.0862359064452
6152951666.67,-79.96084715966951
6157950000.0,-80.1474390884137
6162948333.33,-78.33152449584938
6167946666.67,-78.81250165119228
6172945000.0,-78.12721366166116
6177943333.33,-77.3023851976426
6182941666.67,-75.46141534986317
6187940000.0,-78.28090434715418
6192938333.33,-79.25245793868488
6197936666.67,-83.75215542580568
6202935000.0,-75.72481697834752
6207933333.33,-76.90537452510239
6212931666.67,-79.26843341044703
6217930000.0,-79.91202737729965
6222928333.33,-78.6907440726794
6227926666.67,-76.98830481592853
6232925000.0,-79.32569641214636
6237923333.33,-85.51914380281401
6242921666.67,-78.48331771260374
6247920000.0,-77.49179552515037
6252918333.33,-76.68801393457946
6257916666.67,-77.95506333647364
6262915000.0,-76.35181173104192
6267913333.33,-76.96241520572748
6272911666.67,-77.64704975925923
6277910000.0,-79.3251392376255
6282908333.33,-78.88647291827442
6287906666.67,-78.53875023108323
6292905000.0,-76.60517413097465
6297903333.33,-77.19644701106485
6302901666.67,-78.72148774270414
6307900000.0,-79.63075962529152
6312898333.33,-79.1466634328764
6317896666.67,-76.64225166029804
6322895000.0,-77.95285160709012
6327893333.33,-78.49054241852399
6332891666.67,-77.34708339785075
6337890000.0,-76.27418062502859
6342888333.33,-76.0760848697536
6347886666.67,-79.21950171343906
6352885000.0,-77.78453048743037
6357883333.33,-78.89628124260088
6362881666.67,-78.72391045302783
6367880000.0,-77.55763782015877
6372878333.33,-77.99758155217906
6377876666.67,-81.37295801023106
6382875000.0,-77.29364340586633
6387873333.33,-77.33968786122531
6392871666.67,-81.9249036012076
6397870000.0,-77.46874551947765
6402868333.33,-81.00663554168258
6407866666.67,-77.05499166262398
6412865000.0,-77.3518594403601
6417863333.33,-75.75122053514826
6422861666.67,-74.89011125176701
6427860000.0,-75.96297801297064
6432858333.33,-79.08898840763912
6437856666.67,-84.51081109443243
6442855000.0,-78.06772365070125
6447853333.33,-77.36567962310065
6452851666.67,-81.48531879501147
6457850000.0,-77.0553801390226
6462848333.33,-75.60819179614994
6467846666.67,-77.12617094044982
6472845000.0,-82.15021441108378
6477843333.33,-76.97339754240295
6482841666.67,-82.1540293993597
6487840000.0,-79.94299962641568
6492838333.33,-78.80407760501055
6497836666.67,-79.33457449484293
6502835000.0,-78.69638335840047
6507833333.33,-76.56799586365975
6512831666.67,-78.48913174323809
6517830000.0,-80.38040202336026
6522828333.33,-80.06229763987653
6527826666.67,-76.25841971301253
6532825000.0,-78.27720919463394
6537823333.33,-76.23326545421591
6542821666.67,-78.62497980876851
6547820000.0,-77.4844494653876
6552818333.33,-80.5836689435269
6557816666.67,-78.10765080620487
6562815000.0,-75.96578492663467
6567813333.33,-76.81044802958489
6572811666.67,-81.13766105885306
6577810000.0,-80.51330792131311
6582808333.33,-80.47498444574168
6587806666.67,-77.82323127000376
6592805000.0,-76.65612360613723
6597803333.33,-79.84865793546578
6602801666.67,-77.69090692887059
6607800000.0,-80.56991170086218
6612798333.33,-79.39377519715559
6617796666.67,-77.71178774094649
6622795000.0,-75.00941565317866
6627793333.33,-81.2438175985908
6632791666.67,-77.78630587857259
6637790000.0,-82.17144937974075
6642788333.33,-80.73320643878333
6647786666.67,-77.98377873488008
6652785000.0,-79.30204921644729
6657783333.33,-78.95716822025172
6662781666.67,-78.287767404552
6667780000.0,-79.12350137339484
6672778333.33,-76.94167482099503
6677776666.67,-78.92727597806274
6682775000.0,-78.90527285608418
6687773333.33,-78.79284578742039
6692771666.67,-78.06863507359992
6697770000.0,-79.67464283818362
6702768333.33,-75.91522750638713
6707766666.67,-78.8356964864715
6712765000.0,-76.58175056169087
6717763333.33,-78.54515670035762
6722761666.67,-76.85760251221095
6727760000.0,-78.08714548953654
6732758333.33,-77.2791521485949
6737756666.67,-78.30572177374384
6742755000.0,-78.06318520392051
6747753333.33,-82.72835202035449
6752751666.67,-78.58931492459318
6757750000.0,-79.78448330339262
6762748333.33,-77.48587957002101
6767746666.67,-83.55869809192329
6772745000.0,-73.87335584814852
6777743333.33,-78.29052878766157
6782741666.67,-80.11373683079023
6787740000.0,-79.5949898389336
6792738333.33,-80.70668830871533
6797736666.67,-76.5768607646026
6802735000.0,-78.53246447206945
6807733333.33,-78.8479657935512
6812731666.67,-79.1313196776919
6817730000.0,-80.06953768641347
6822728333.33,-76.19053178624951
6827726666.67,-80.07727912399832
6832725000.0,-78.78065245626382
6837723333.33,-78.71416599091846
6842721666.67,-79.09462020609084
6847720000.0,-77.78537260548018
6852718333.33,-85.51661668646359
6857716666.67,-77.26826499339523
6862715000.0,-78.36986780719889
6867713333.33,-79.2717396325513
6872711666.67,-79.68056280414936
6877710000.0,-78.84559573056009
6882708333.33,-80.72594037965985
6887706666.67,-77.95366566103733
6892705000.0,-80.9335664092786
6897703333.33,-80.73861104167159
6902701666.67,-79.60364562724958
6907700000.0,-83.30706772047026
6912698333.33,-81.74718841515087
6917696666.67,-81.20772667404238
6922695000.0,-78.12965319674156
6927693333.33,-80.62830429077519
6932691666.67,-84.91213774193116
6937690000.0,-76.30443676934148
6942688333.33,-76.99384763592215
6947686666.67,-77.11261022182018
6952685000.0,-82.27368066507026
6957683333.33,-77.69053111155581
6962681666.67,-77.77879194525514
6967680000.0,-80.56199527042452
6972678333.33,-83.99213460619183
6977676666.67,-78.89074994236123
6982675000.0,-80.11349358078976
6987673333.33,-80.9147143710846
6992671666.67,-77.70881953426824
6997670000.0,-82.84381538631037
7002668333.33,-77.02474128409197
7007666666.67,-79.07188250057524
7012665000.0,-83.3592893094708
7017663333.33,-76.2817600961992
7022661666.67,-80.95731893630939
7027660000.0,-78.07774489123412
7032658333.33,-78.01131098569816
7037656666.67,-84.46364454104334
7042655000.0,-78.87577310346936
7047653333.33,-81.16021192574641
7052651666.67,-78.52518078424617
7057650000.0,-79.45237582782825
7062648333.33,-79.452268959205
7067646666.67,-78.33022438672059
7072645000.0,-79.25485351247016
7077643333.33,-80.26422448075999
7082641666.67,-77.33829115228562
7087640000.0,-80.44441466068938
7092638333.33,-78.84831098072132
7097636666.67,-83.76916782688369
7102635000.0,-77.42997559322599
7107633333.33,-77.78518972608475
7112631666.67,-76.29555275977525
7117630000.0,-79.95417071804036
7122628333.33,-81.47084266498581
7127626666.67,-78.52596068863318
7132625000.0,-81.32671252543516
7137623333.33,-77.2276230541332
7142621666.67,-78.85515809009357
7147620000.0,-76.71564464404965
7152618333.33,-80.72819588165223
7157616666.67,-82.78896204430735
7162615000.0,-79.43546206346794
7167613333.33,-79.31784558409574
7172611666.67,-81.48265046988851
7177610000.0,-79.43037925196661
7182608333.33,-76.54241079209396
7187606666.67,-81.7095454074918
7192605000.0,-79.29953542747954
7197603333.33,-78.04600221449805
7202601666.67,-78.03643984012777
7207600000.0,-78.64729956170859
7212598333.33,-82.56558894488295
7217596666.67,-80.76595710045083
7222595000.0,-76.20272252443678
7227593333.33,-76.80881591834344
7232591666.67,-79.55579706593615
7237590000.0,-77.71411329079095
7242588333.33,-82.5101256956272
7247586666.67,-75.43551527193371
7252585000.0,-80.92408176388585
7257583333.33,-77.29912312533419
7262581666.67,-81.24592835344005
7267580000.0,-81.21106239720521
7272578333.33,-78.37052102094451
7277576666.67,-80.2241952932088
7282575000.0,-83.85749223195113
7287573333.33,-79.95816374485189
7292571666.67,-75.61207741775681
7297570000.0,-79.26163749191332
7302568333.33,-77.17280588993472
7307566666.67,-80.60745769462036
7312565000.0,-79.13271199786267
7317563333.33,-78.22787642475095
7322561666.67,-76.82155173416733
7327560000.0,-77.79053499553187
7332558333.33,-79.72367954102616
7337556666.67,-78.6633605419062
7342555000.0,-78.82556160981662
7347553333.33,-76.19437620362194
7352551666.67,-78.73625048763255
7357550000.0,-78.90874102634126
7362548333.33,-78.20112569148644
7367546666.67,-77.40849407872102
7372545000.0,-80.41875473683433
7377543333.33,-77.23402725416912
7382541666.67,-77.02843619108197
7387540000.0,-78.35226750038053
7392538333.33,-83.79421634638692
7397536666.67,-80.33696444185153
7402535000.0,-81.54797943577711
7407533333.33,-78.67398072912762
7412531666.67,-80.07693789218969
7417530000.0,-80.19611241176068
7422528333.33,-80.1269052417376
7427526666.67,-78.92561427448805
7432525000.0,-82.54289355343457
7437523333.33,-76.89424960497335
7442521666.67,-79.16690072044884
7447520000.0,-80.33292695604955
7452518333.33,-81.80071280103853
7457516666.67,-81.20094202350346
7462515000.0,-77.56291800922969
7467513333.33,-79.28820555952093
7472511666.67,-75.48344169182256
7477510000.0,-77.51644640800816
7482508333.33,-79.62622731064754
7487506666.67,-76.84369366712032
7492505000.0,-78.68277627871866
7497503333.33,-77.54903345997437
7502501666.67,-77.21000075347962
7507500000.0,-79.33615776019076
7512498333.33,-76.36119103027896
7517496666.67,-78.56933277739827
7522495000.0,-82.44099782751857
7527493333.33,-79.57949373357789
7532491666.67,-88.08540739638826
7537490000.0,-78.53119148923082
7542488333.33,-80.82817074872317
7547486666.67,-85.80870719431374
7552485000.0,-80.80176645672904
7557483333.33,-79.76132646560289
7562481666.67,-86.41819044912273
7567480000.0,-81.33035146493347
7572478333.33,-80.91903575754714
7577476666.67,-81.78244759409128
7582475000.0,-79.1673927555639
7587473333.33,-81.11839039157954
7592471666.67,-79.68824498300212
7597470000.0,-87.34241281495846
7602468333.33,-79.72253837878944
7607466666.67,-80.23588894034287
7612465000.0,-76.24759602545706
7617463333.33,-78.8443889319701
7622461666.67,-81.64674094970056
7627460000.0,-77.91201387624267
7632458333.33,-80.62284750233111
7637456666.67,-77.60247381428536
7642455000.0,-81.28607600744324
7647453333.33,-75.24153826470848
7652451666.67,-78.35244820191538
7657450000.0,-80.31546062205581
7662448333.33,-77.23784064250312
7667446666.67,-81.6434954975478
7672445000.0,-81.10575600619546
7677443333.33,-79.83499015552223
7682441666.67,-81.8546147902321
7687440000.0,-77.75812740127898
7692438333.33,-78.78397276476217
7697436666.67,-80.07072773047724
7702435000.0,-76.98582026086241
7707433333.33,-81.81367601581265
7712431666.67,-75.50297668003799
7717430000.0,-79.57755008099767
7722428333.33,-80.76979117236037
7727426666.67,-74.2267933940413
7732425000.0,-76.41578843495427
7737423333.33,-82.35963489749514
7742421666.67,-80.43891809615148
7747420000.0,-78.17998028477759
7752418333.33,-79.18281777296046
7757416666.67,-78.14645057986893
7762415000.0,-81.65665362497151
7767413333.33,-75.90072172179647
7772411666.67,-78.33471697198901
7777410000.0,-82.5051535718663
7782408333.33,-82.57450064836675
7787406666.67,-84.42983758159315
7792405000.0,-77.20709748674145
7797403333.33,-85.16550141868055
7802401666.67,-79.10635605242385
7807400000.0,-81.61834238071167
7812398333.33,-89.50134241679342
7817396666.67,-82.24652506793456
7822395000.0,-80.48108911654265
7827393333.33,-93.94033543771378
7832391666.67,-78.2161242685658
7837390000.0,-79.17665298768462
7842388333.33,-83.09399060229018
7847386666.67,-79.12512193648662
7852385000.0,-79.42450084146263
7857383333.33,-86.83520462536805
7862381666.67,-81.33242005123891
7867380000.0,-79.83713791188647
7872378333.33,-79.41578484626939
7877376666.67,-80.0675187756994
7882375000.0,-75.50304483172755
7887373333.33,-82.28854790370153
7892371666.67,-79.3231563637453
7897370000.0,-79.54310863182131
7902368333.33,-82.70743687204309
7907366666.67,-78.32968238829052
7912365000.0,-80.26588528429355
7917363333.33,-76.68919930471431
7922361666.67,-77.41836094141314
7927360000.0,-83.08199151652391
7932358333.33,-79.96236790006479
7937356666.67,-82.33317183812689
7942355000.0,-75.39654043355009
7947353333.33,-76.91598256777247
7952351666.67,-80.92675078617026
7957350000.0,-78.88968059437678
7962348333.33,-77.17723754416093
7967346666.67,-79.28144418368049
7972345000.0,-80.43380735632839
7977343333.33,-77.53725660262573
7982341666.67,-89.57744800882074
7987340000.0,-83.22552266315043
7992338333.33,-80.9093519612816
7997336666.67,-86.20214767883729
8002335000.0,-79.86769886704988
8007333333.33,-76.19443249685703
8012331666.67,-81.12034529781002
8017330000.0,-77.29711117618413
8022328333.33,-76.70319864542589
8027326666.67,-77.29387002856508
8032325000.0,-78.52951164072901
8037323333.33,-88.42820697965533
8042321666.67,-80.10989818306041
8047320000.0,-77.07247815766947
8052318333.33,-81.66289901287487
8057316666.67,-76.50876623363649
8062315000.0,-86.63630226988306
8067313333.33,-78.48747054741592
8072311666.67,-78.8476309324954
8077310000.0,-79.87041775892402
8082308333.33,-77.70970764582033
8087306666.67,-81.59827138096699
8092305000.0,-80.12753874713134
8097303333.33,-77.41116710456326
8102301666.67,-80.5616291644539
8107300000.0,-83.08761589148817
8112298333.33,-80.35314037955813
8117296666.67,-88.78174326550315
8122295000.0,-86.0613231883585
8127293333.33,-78.83258035933662
8132291666.67,-78.83448077768522
8137290000.0,-78.31596577376799
8142288333.33,-85.50528834934764
8147286666.67,-82.09517533660946
8152285000.0,-80.33567753869733
8157283333.33,-79.31934957767939
8162281666.67,-78.24883017331598
8167280000.0,-78.29340102488956
8172278333.33,-80.0184006614883
8177276666.67,-80.39655941293915
8182275000.0,-80.89878893587696
8187273333.33,-80.2238710956606
8192271666.67,-75.68611981653677
8197270000.0,-80.14299445032685
8202268333.33,-77.30741925326492
8207266666.67,-79.53524126870292
8212265000.0,-83.76372415596424
8217263333.33,-82.93772231848104
8222261666.67,-81.9028999544296
8227260000.0,-82.96797705661675
8232258333.33,-77.12903348622937
8237256666.67,-82.96924179676446
8242255000.0,-78.98525020892097
8247253333.33,-78.27460673108567
8252251666.67,-77.66177850019942
8257250000.0,-90.2443393381632
8262248333.33,-82.82019733113515
8267246666.67,-83.87045064974919
8272245000.0,-82.38239220276861
8277243333.33,-80.62711706695859
8282241666.67,-81.49938942650898
8287240000.0,-80.52179128081427
8292238333.33,-77.34284438366288
8297236666.67,-81.1998447165663
8302235000.0,-78.32631467264352
8307233333.33,-82.30641497331723
8312231666.67,-84.5073243473597
8317230000.0,-88.0452487699657
8322228333.33,-83.04334542132426
8327226666.67,-78.25013529872275
8332225000.0,-77.8719618746493
8337223333.33,-81.19480729109205
8342221666.67,-92.19450871503682
8347220000.0,-81.98610443990013
8352218333.33,-80.19004928094009
8357216666.67,-78.73788480542247
8362215000.0,-79.93062290873813
8367213333.33,-83.4872077701918
8372211666.67,-77.29193559952395
8377210000.0,-77.80370261453665
8382208333.33,-85.27578989460383
8387206666.67,-83.017229781981
8392205000.0,-82.65382742838813
8397203333.33,-84.23032787839104
8402201666.67,-78.951091278571
8407200000.0,-81.14555210490933
8412198333.33,-88.39588423847721
8417196666.67,-78.50951286640178
8422195000.0,-80.73376459225643
8427193333.33,-87.60170263426429
8432191666.67,-92.40144827893756
8437190000.0,-81.29955435437076
8442188333.33,-82.26168784122751
8447186666.67,-79.46487563749491
8452185000.0,-80.7378675092653
8457183333.33,-83.01044187503614
8462181666.67,-86.10343774937569
8467180000.0,-76.20862988707711
8472178333.33,-87.31168565858859
8477176666.67,-82.80629425462092
8482175000.0,-83.17751754278582
8487173333.33,-90.00494264803814
8492171666.67,-85.77500875510941
8497170000.0,-83.55773305658836
8502168333.33,-79.13614079591963
8507166666.67,-83.56140282413315
8512165000.0,-79.4034473479396
8517163333.33,-83.10117380306521
8522161666.67,-80.61175633449795
8527160000.0,-84.81164126903138
8532158333.33,-82.36423978844851
8537156666.67,-78.26958875013345
8542155000.0,-79.22308587420788
8547153333.33,-82.20482608887008
8552151666.67,-84.35464969597176
8557150000.0,-80.49128142622676
8562148333.33,-81.43145676237422
8567146666.67,-91.31098699483698
8572145000.0,-80.13660962582777
8577143333.33,-83.09180396130006
8582141666.67,-82.80864707952524
8587140000.0,-89.57135440692329
8592138333.33,-83.66917934427653
8597136666.67,-84.14240339874371
8602135000.0,-84.14560633410801
8607133333.33,-80.23287742261027
8612131666.67,-81.50610988090592
8617130000.0,-80.8868413462097
8622128333.33,-80.61724139418718
8627126666.67,-80.51967778996391
8632125000.0,-85.95249815200668
8637123333.33,-78.48646981501012
8642121666.67,-80.21579238122564
8647120000.0,-80.1680615107131
8652118333.33,-78.57537299560538
8657116666.67,-82.84359943576376
8662115000.0,-80.47129215280764
8667113333.33,-82.99025972164432
8672111666.67,-82.70960217379053
8677110000.0,-81.00455084838396
8682108333.33,-86.04376287080994
8687106666.67,-81.34077111948608
8692105000.0,-84.58709022056418
8697103333.33,-83.01726454674827
8702101666.67,-84.70843783154339
8707100000.0,-76.70340071824077
8712098333.33,-79.22974787155314
8717096666.67,-82.30107720223481
8722095000.0,-80.59970688179317
8727093333.33,-81.15486602703731
8732091666.67,-81.23172363187159
8737090000.0,-84.09263286895876
8742088333.33,-80.2640492573104
8747086666.67,-82.13962096322479
8752085000.0,-79.02459006745735
8757083333.33,-79.27993339939698
8762081666.67,-79.8834394422011
8767080000.0,-79.83236480475134
8772078333.33,-81.92125607349054
8777076666.67,-83.06820552017652
8782075000.0,-81.69127226773257
8787073333.33,-81.56905527680493
8792071666.67,-80.94159846416309
8797070000.0,-81.15744849332245
8802068333.33,-79.6468903939051
8807066666.67,-81.63665938793783
8812065000.0,-86.11690951632528
8817063333.33,-85.59712007425189
8822061666.67,-80.73995401075868
8827060000.0,-81.05145650551266
8832058333.33,-76.28511043674564
8837056666.67,-84.24093291076827
8842055000.0,-79.08724012605143
8847053333.33,-82.21961430102422
8852051666.67,-83.62521539403551
8857050000.0,-83.48860561659714
8862048333.33,-84.97628131155739
8867046666.67,-82.34634221649037
8872045000.0,-78.94718125322622
8877043333.33,-81.46839085685326
8882041666.67,-84.24673243531386
8887040000.0,-82.81364723524385
8892038333.33,-81.73312213762536
8897036666.67,-82.92982203571401
8902035000.0,-78.62043958316308
8907033333.33,-84.44498550322969
8912031666.67,-85.92837967526955
8917030000.0,-77.13304733374261
8922028333.33,-80.99342569135095
8927026666.67,-81.46887680283116
8932025000.0,-84.03685419306586
8937023333.33,-80.91665493502208
8942021666.67,-80.99254182311093
8947020000.0,-78.74932855058356
8952018333.33,-81.10039001970662
8957016666.67,-81.83215377934978
8962015000.0,-80.80694373069151
8967013333.33,-81.17216512587105
8972011666.67,-107.03855350121853
8977010000.0,-81.08962791135795
8982008333.33,-80.78575148321504
8987006666.67,-79.58031812247236
8992005000.0,-83.40497036120198
8997003333.33,-83.06701127580808
9002001666.67,-79.27314847189047
9007000000.0,-78.8306322567039
9011998333.33,-82.93124979415643
9016996666.67,-87.5913101181216
9021995000.0,-85.17126175764528
9026993333.33,-81.79846515684112
9031991666.67,-84.877376042708
9036990000.0,-85.1774505714211
9041988333.33,-78.47899914532621
9046986666.67,-87.32158852838185
9051985000.0,-86.81731211435334
9056983333.33,-88.71368578955492
9061981666.67,-86.21940165460119
9066980000.0,-76.77691049624262
9071978333.33,-85.37475078338974
9076976666.67,-78.5794958344191
9081975000.0,-81.24052111138111
9086973333.33,-82.88184311782643
9091971666.67,-80.91421207328536
9096970000.0,-84.10501768211145
9101968333.33,-83.84349397717257
9106966666.67,-89.52297879790471
9111965000.0,-81.44083031304018
9116963333.33,-81.83836202541977
9121961666.67,-81.46475072125548
9126960000.0,-82.3148224244813
9131958333.33,-81.23394753915329
9136956666.67,-82.70706948680032
9141955000.0,-80.25221874796287
9146953333.33,-83.23063626693246
9151951666.67,-90.684084517531
9156950000.0,-78.05645196868197
9161948333.33,-79.3719478217752
9166946666.67,-77.35294551644158
9171945000.0,-81.16114293879727
9176943333.33,-81.66372247515042
9181941666.67,-87.66829079224712
9186940000.0,-79.7092591527092
9191938333.33,-82.55229475933038
9196936666.67,-85.13565744126487
9201935000.0,-78.80444680414263
9206933333.33,-79.55435271588301
9211931666.67,-83.1891796785043
9216930000.0,-82.42095201287059
9221928333.33,-80.66659598390959
9226926666.67,-82.58840121716477
9231925000.0,-84.04535140800513
9236923333.33,-82.35073155402931
9241921666.67,-79.16428426904449
9246920000.0,-85.16282510377037
9251918333.33,-78.90744385186758
9256916666.67,-81.38520586427359
9261915000.0,-84.10844565960576
9266913333.33,-92.25593841402811
9271911666.67,-81.21944994050295
9276910000.0,-83.43285100216659
9281908333.33,-87.75840382724176
9286906666.67,-76.47167701356442
9291905000.0,-88.92052485138088
9296903333.33,-89.7901886487577
9301901666.67,-87.19476361571785
9306900000.0,-81.88557224162452
9311898333.33,-83.6345561493952
9316896666.67,-98.39835114240415
9321895000.0,-81.250881223064
9326893333.33,-80.34015270741507
9331891666.67,-79.71738741938127
9336890000.0,-79.51148747446635
9341888333.33,-78.75289152484369
9346886666.67,-79.43534483082624
9351885000.0,-85.09572706108747
9356883333.33,-85.59913516985984
9361881666.67,-82.31851932828667
9366880000.0,-85.75309931805877
9371878333.33,-84.59225202625294
9376876666.67,-79.93482771815223
9381875000.0,-83.64645639294132
9386873333.33,-87.01288390496413
9391871666.67,-90.33505258809761
9396870000.0,-80.46241727542082
9401868333.33,-89.09767992579748
9406866666.67,-82.34739054787542
9411865000.0,-84.42862669019786
9416863333.33,-82.83221145050247
9421861666.67,-84.21994302736336
9426860000.0,-80.47497454667563
9431858333.33,-78.65466945242122
9436856666.67,-82.60510034604822
9441855000.0,-83.39912022440826
9446853333.33,-75.66978577696092
9451851666.67,-81.63823101468763
9456850000.0,-82.80971712595864
9461848333.33,-95.23629452584969
9466846666.67,-83.08774401523577
9471845000.0,-83.17015576077594
9476843333.33,-84.15927674524154
9481841666.67,-83.96664390821417
9486840000.0,-86.0308118935479
9491838333.33,-87.08108055755459
9496836666.67,-80.43246671343773
9501835000.0,-86.09964069696309
9506833333.33,-91.97592465552943
9511831666.67,-79.70637579666646
9516830000.0,-78.8298123441185
9521828333.33,-84.13293107012157
9526826666.67,-79.2263167948326
9531825000.0,-88.82341005223341
9536823333.33,-79.70318416784752
9541821666.67,-83.42679498691412
9546820000.0,-80.58744538907919
9551818333.33,-80.96310986035688
9556816666.67,-83.26703280260531
9561815000.0,-82.54262876852158
9566813333.33,-92.01889216332376
9571811666.67,-82.9340697736136
9576810000.0,-82.25117308052809
9581808333.33,-82.12653338762857
9586806666.67,-83.76786238868189
9591805000.0,-81.833317521189
9596803333.33,-82.26143206280584
9601801666.67,-76.15055636568421
9606800000.0,-81.3889245120224
9611798333.33,-80.62775815768916
9616796666.67,-80.14270617499679
9621795000.0,-83.19521939248112
9626793333.33,-83.36758500410504
9631791666.67,-82.49486569280253
9636790000.0,-79.01917766890773
9641788333.33,-77.38074608074501
9646786666.67,-86.30681788714793
9651785000.0,-76.54273727791525
9656783333.33,-85.17873128639823
9661781666.67,-81.61519866971089
9666780000.0,-79.7388024368917
9671778333.33,-82.72968644270065
9676776666.67,-80.9512214400047
9681775000.0,-85.93992323063142
9686773333.33,-81.31549227738225
9691771666.67,-82.62915523502028
9696770000.0,-84.15453361137551
9701768333.33,-79.2555626280699
9706766666.67,-85.2766800480284
9711765000.0,-89.56527447307496
9716763333.33,-83.8039448648955
9721761666.67,-78.79039643126261
9726760000.0,-82.15567586802281
9731758333.33,-94.19983110298973
9736756666.67,-83.58077554722813
9741755000.0,-85.52615153110054
9746753333.33,-91.74467923627088
9751751666.67,-77.10548779639642
9756750000.0,-80.32171449012905
9761748333.33,-83.64659568171439
9766746666.67,-80.91797717986682
9771745000.0,-81.24889976463464
9776743333.33,-83.69250209497316
9781741666.67,-77.63070240692399
9786740000.0,-86.23781066803964
9791738333.33,-83.63694645960064
9796736666.67,-80.51313829015075
9801735000.0,-88.29606776631734
9806733333.33,-79.56455693923542
9811731666.67,-82.60869418752807
9816730000.0,-81.67013943612025
9821728333.33,-98.93841562169303
9826726666.67,-80.6263332720525
9831725000.0,-75.59371159259244
9836723333.33,-89.54151580902568
9841721666.67,-79.7628975483443
9846720000.0,-80.19868426459907
9851718333.33,-87.72486701296332
9856716666.67,-78.27421998051571
9861715000.0,-82.92908310872815
9866713333.33,-86.89458427213157
9871711666.67,-82.70381916861729
9876710000.0,-88.31643101899438
9881708333.33,-82.00600268009165
9886706666.67,-84.11691692523719
9891705000.0,-84.51209841374785
9896703333.33,-77.11060153001216
9901701666.67,-93.1696625403325
9906700000.0,-80.82827354135713
9911698333.33,-78.95890362664662
9916696666.67,-79.86615156947762
9921695000.0,-81.44870851918094
9926693333.33,-87.20757288726547
9931691666.67,-78.27216453822689
9936690000.0,-90.01831389583364
9941688333.33,-84.5290824971936
9946686666.67,-83.88894240851528
9951685000.0,-81.9471627255688
9956683333.33,-80.70595312452554
9961681666.67,-79.34652774061323
9966680000.0,-77.0262623320409
9971678333.33,-90.46564652352836
9976676666.67,-80.13851141240963
9981675000.0,-81.17145019602413
9986673333.33,-85.1756797386691
9991671666.67,-80.74024948625862
9996670000.0,-84.32147429084642
10001668333.3,-84.25330720157335
10006666666.7,-83.98330707307544
10011665000.0,-92.71399526486464
10016663333.3,-83.92764720227832
10021661666.7,-83.82463920937892
10026660000.0,-94.14885794670036
10031658333.3,-82.89450129441985
10036656666.7,-79.70763594928195
10041655000.0,-83.33375313990416
10046653333.3,-90.04759894222127
10051651666.7,-88.89837256529867
10056650000.0,-81.26334783208708
10061648333.3,-79.46524170173595
10066646666.7,-80.7140478978894
10071645000.0,-82.45390450962404
10076643333.3,-82.00562967522657
10081641666.7,-77.97073455978314
10086640000.0,-84.05281239511558
10091638333.3,-84.2555885266089
10096636666.7,-81.08533447401041
10101635000.0,-86.97254126663664
10106633333.3,-83.45614824499528
10111631666.7,-86.69819753559501
10116630000.0,-86.49026383755255
10121628333.3,-86.62208409442415
10126626666.7,-82.21680882507286
10131625000.0,-76.81794030574117
10136623333.3,-77.01166212532344
10141621666.7,-77.41529807231007
10146620000.0,-81.60479730565869
10151618333.3,-85.92152935553855
10156616666.7,-79.78478546973163
10161615000.0,-85.13065302287386
10166613333.3,-99.21950501839846
10171611666.7,-84.16249144190306
10176610000.0,-83.58757228785333
10181608333.3,-79.71516897790877
10186606666.7,-81.4526982167807
10191605000.0,-80.94662345018696
10196603333.3,-87.67191963471973
10201601666.7,-83.44033466503176
10206600000.0,-77.97405146707513
10211598333.3,-88.74807749929842
10216596666.7,-82.75375905593376
10221595000.0,-83.45851696808958
10226593333.3,-82.34882609816918
10231591666.7,-86.54113255093671
10236590000.0,-84.86207138003985
10241588333.3,-98.6193506607328
10246586666.7,-77.94038057886813
10251585000.0,-89.59758725014062
10256583333.3,-87.95436544262174
10261581666.7,-80.14683977754346
10266580000.0,-88.38225102576209
10271578333.3,-113.79012456030965
10276576666.7,-81.2045120980175
10281575000.0,-81.31869558474972
10286573333.3,-80.96026776587173
10291571666.7,-85.12491625888748
10296570000.0,-81.21144466376164
10301568333.3,-83.46486243782529
10306566666.7,-86.72782911366063
10311565000.0,-79.39200710429213
10316563333.3,-80.73914237230593
10321561666.7,-80.47658913789603
10326560000.0,-80.4780844449583
10331558333.3,-84.61755218638518
10336556666.7,-88.43555768217003
10341555000.0,-80.28403494946191
10346553333.3,-77.77605752140785
10351551666.7,-82.60908920496473
10356550000.0,-80.66707669756256
10361548333.3,-81.74640816533145
10366546666.7,-79.46502251668957
10371545000.0,-82.1122092538863
10376543333.3,-83.93792907114943
10381541666.7,-80.54829333440217
10386540000.0,-80.35572204041662
10391538333.3,-86.10542385421093
10396536666.7,-93.66880332371298
10401535000.0,-82.92132878161773
10406533333.3,-84.32271600340592
10411531666.7,-82.97766360268
10416530000.0,-81.93738460400395
10421528333.3,-90.2645401520188
10426526666.7,-85.2480936001412
10431525000.0,-78.1413481323335
10436523333.3,-82.83545724146494
10441521666.7,-85.57705499724256
10446520000.0,-94.16057173042864
10451518333.3,-82.10061052420458
10456516666.7,-86.56214288613421
10461515000.0,-80.35733725617725
10466513333.3,-82.5487144178158
10471511666.7,-84.02481649882681
10476510000.0,-82.68876843635113
10481508333.3,-89.89441206496544
10486506666.7,-83.74077762548782
10491505000.0,-81.59702479949686
10496503333.3,-86.23532564100059
10501501666.7,-81.22823871030647
10506500000.0,-82.56235204516777
10511498333.3,-81.91894203711325
10516496666.7,-80.36519084794732
10521495000.0,-80.86039535184989
10526493333.3,-84.29638101166994
10531491666.7,-79.70977269357185
10536490000.0,-82.823472172029
10541488333.3,-86.69626858726149
10546486666.7,-83.61111548550463
10551485000.0,-86.95812751940778
10556483333.3,-83.11206070860226
10561481666.7,-81.96608220431878
10566480000.0,-79.83631208937831
10571478333.3,-84.48981616978777
10576476666.7,-79.82907915648477
10581475000.0,-82.87980672750905
10586473333.3,-79.29019795786894
10591471666.7,-90.68600140685243
10596470000.0,-84.3755950881772
10601468333.3,-78.00497693339454
10606466666.7,-78.23182968053197
10611465000.0,-80.1583433205542
10616463333.3,-99.84258680647798
10621461666.7,-80.76293462632522
10626460000.0,-80.5308282826224
10631458333.3,-80.99831541199755
10636456666.7,-86.8905692488851
10641455000.0,-93.09841581975743
10646453333.3,-82.5360933642292
10651451666.7,-83.94541939384816
10656450000.0,-83.7549295965821
10661448333.3,-77.34092366350677
10666446666.7,-79.63393012602405
10671445000.0,-85.85495245576388
10676443333.3,-79.45917643915864
10681441666.7,-82.51343378935744
10686440000.0,-86.94287701527715
10691438333.3,-90.20240721163228
10696436666.7,-101.05816192059442
10701435000.0,-82.31956237118294
10706433333.3,-81.42252740426001
10711431666.7,-84.8972904879389
10716430000.0,-82.0912512951378
10721428333.3,-83.6045825306922
10726426666.7,-84.60719704886147
10731425000.0,-82.15199094912599
10736423333.3,-83.03803827210551
10741421666.7,-80.59609178866991
10746420000.0,-84.08911845735776
10751418333.3,-79.71085124233538
10756416666.7,-82.46006329617475
10761415000.0,-85.28770018128581
10766413333.3,-83.342098191077
10771411666.7,-90.16553434437648
10776410000.0,-81.03094467678964
10781408333.3,-82.91260352191739
10786406666.7,-87.97974047745615
10791405000.0,-93.34822600705346
10796403333.3,-84.17582456608322
10801401666.7,-80.669054045455
10806400000.0,-90.41621750355833
10811398333.3,-81.826847394065
10816396666.7,-83.66099253435178
10821395000.0,-82.58452252632596
10826393333.3,-83.4280852879456
10831391666.7,-79.93387391484886
10836390000.0,-81.81721641238929
10841388333.3,-84.3809391794706
10846386666.7,-87.36150418331336
10851385000.0,-85.42918851804784
10856383333.3,-80.2451938645224
10861381666.7,-83.60477999815231
10866380000.0,-85.49257200286583
10871378333.3,-92.07233244039844
10876376666.7,-83.5664258330054
10881375000.0,-85.08334752205317
10886373333.3,-91.59499648167443
10891371666.7,-85.12698007934338
10896370000.0,-86.29746945927779
10901368333.3,-86.61629560965079
10906366666.7,-82.76938701522495
10911365000.0,-83.40845640674793
10916363333.3,-94.94759967531088
10921361666.7,-84.37480193823089
10926360000.0,-83.70414433466851
10931358333.3,-84.766433036022
10936356666.7,-80.18764123234976
10941355000.0,-84.95674279478168
10946353333.3,-80.48494343819924
10951351666.7,-83.40813203685072
10956350000.0,-82.84995287099142
10961348333.3,-86.01023084795469
10966346666.7,-81.63061585643877
10971345000.0,-83.1510461131306
10976343333.3,-83.53208120789827
10981341666.7,-92.47054483984255
10986340000.0,-81.66369040546313
10991338333.3,-85.760109619505
10996336666.7,-90.21227903944983
11001335000.0,-86.05948581426122
11006333333.3,-80.28536003157136
11011331666.7,-89.63128140712435
11016330000.0,-79.30542169496073
11021328333.3,-86.93153714221313
11026326666.7,-83.1693464693084
11031325000.0,-79.53652907042269
11036323333.3,-80.79455128728937
11041321666.7,-84.67167390042184
11046320000.0,-81.45977759440865
11051318333.3,-81.14053162228535
11056316666.7,-82.43047308820671
11061315000.0,-84.71702235979784
11066313333.3,-93.87948130709943
11071311666.7,-86.18085229792486
11076310000.0,-91.89225034376298
11081308333.3,-87.66271151355824
11086306666.7,-78.87717946274564
11091305000.0,-86.89767934956694
11096303333.3,-83.19093718064494
11101301666.7,-77.78996210495936
11106300000.0,-85.12875289088194
11111298333.3,-89.17082988398903
11116296666.7,-86.72431322230103
11121295000.0,-80.45432687363588
11126293333.3,-87.91211252878134
11131291666.7,-86.09929758621595
11136290000.0,-85.95519124223897
11141288333.3,-94.34553834817685
11146286666.7,-85.37330376149241
11151285000.0,-83.223120411039
11156283333.3,-82.94818114351071
11161281666.7,-79.67419768792173
11166280000.0,-83.38368772888076
11171278333.3,-79.64289424297176
11176276666.7,-90.2447955077858
11181275000.0,-80.32794863663825
11186273333.3,-83.54678761717993
11191271666.7,-85.40854102985381
11196270000.0,-82.8300975475943
11201268333.3,-85.90462818532765
11206266666.7,-80.96775783251097
11211265000.0,-87.7485436207098
11216263333.3,-81.06413610171218
11221261666.7,-79.30993338871676
11226260000.0,-96.79707384555805
11231258333.3,-80.61594320184084
11236256666.7,-83.04157367411578
11241255000.0,-81.72363825007331
11246253333.3,-88.83572358881787
11251251666.7,-90.77196814649673
11256250000.0,-81.70738189555401
11261248333.3,-80.33538430227671
11266246666.7,-81.89926012829154
11271245000.0,-89.65738964740888
11276243333.3,-85.63644798900576
11281241666.7,-86.29303081543925
11286240000.0,-85.38874954515416
11291238333.3,-82.39002448145055
11296236666.7,-82.4029648181444
11301235000.0,-86.22407301695269
11306233333.3,-85.87684185850419
11311231666.7,-83.73716675830156
11316230000.0,-77.7088608189157
11321228333.3,-86.23094517087563
11326226666.7,-87.32006939336047
11331225000.0,-81.5349889697628
11336223333.3,-85.34842703878141
11341221666.7,-86.0925619644176
11346220000.0,-81.81433298837166
11351218333.3,-86.54677295134809
11356216666.7,-82.40148100733333
11361215000.0,-83.7538750153496
11366213333.3,-87.49759027455414
11371211666.7,-78.2367099809001
11376210000.0,-81.5540787771947
11381208333.3,-85.99213875260702
11386206666.7,-84.60274273763179
11391205000.0,-98.92432138453152
11396203333.3,-83.58828290629918
11401201666.7,-83.33470374820955
11406200000.0,-80.41305667883101
11411198333.3,-88.1122520624773
11416196666.7,-82.71685453250889
11421195000.0,-82.32048765428375
11426193333.3,-92.66358294553089
11431191666.7,-98.69567506794111
11436190000.0,-81.86522077517557
11441188333.3,-95.32284592018384
11446186666.7,-82.57330095057554
11451185000.0,-84.11179497795585
11456183333.3,-83.13112251672925
11461181666.7,-90.35931558935889
11466180000.0,-103.45528303213115
11471178333.3,-79.29425665710211
11476176666.7,-89.16537102288564
11481175000.0,-91.33814598934484
11486173333.3,-83.46746699849118
11491171666.7,-81.24507637297727
11496170000.0,-81.8014188128671
11501168333.3,-87.04897501576804
11506166666.7,-89.75141249403669
11511165000.0,-82.2627378749793
11516163333.3,-78.81347945271104
11521161666.7,-83.77299140961946
11526160000.0,-89.23860628318904
11531158333.3,-77.54989968262049
11536156666.7,-82.18117061590455
11541155000.0,-80.17292746900927
11546153333.3,-84.37685505876964
11551151666.7,-81.32523048975955
11556150000.0,-82.45473524565226
11561148333.3,-82.33995641780665
11566146666.7,-99.83753071577439
11571145000.0,-85.1048444387524
11576143333.3,-80.05871428361934
11581141666.7,-80.2555804813637
11586140000.0,-79.48093740761291
11591138333.3,-78.32087685776602
11596136666.7,-88.27543193958591
11601135000.0,-77.77126364077712
11606133333.3,-81.60850967892812
11611131666.7,-82.14900449717743
11616130000.0,-84.24157021162736
11621128333.3,-79.9892483470124
11626126666.7,-92.21197868835823
11631125000.0,-85.6504232724228
11636123333.3,-90.76191673194629
11641121666.7,-89.91855235186387
11646120000.0,-81.29664700939806
11651118333.3,-83.2053847198296
11656116666.7,-87.44712190577218
11661115000.0,-82.13771627972748
11666113333.3,-88.51339653025511
11671111666.7,-78.42109482947217
11676110000.0,-85.51635498608618
11681108333.3,-83.06735137102349
11686106666.7,-81.31502630313389
11691105000.0,-86.07106100383915
11696103333.3,-89.09055851763634
11701101666.7,-83.05499952443171
11706100000.0,-86.82765058043238
11711098333.3,-86.75477309572824
11716096666.7,-81.81809892561915
11721095000.0,-80.92988436722182
11726093333.3,-81.9068309154687
11731091666.7,-84.99459364442848
11736090000.0,-80.27893754145227
11741088333.3,-82.34409278865863
11746086666.7,-92.14539099850768
11751085000.0,-81.20455206554345
11756083333.3,-85.3833559071552
11761081666.7,-82.0535526837792
11766080000.0,-84.06064018372889
11771078333.3,-80.49368599799898
11776076666.7,-86.51798260930525
11781075000.0,-81.18245447896777
11786073333.3,-81.61051347953813
11791071666.7,-88.05877582918382
11796070000.0,-82.2368965648964
11801068333.3,-86.83264183597352
11806066666.7,-83.87027050460307
11811065000.0,-94.41760907873741
11816063333.3,-87.6286711618661
11821061666.7,-81.07474657467677
11826060000.0,-78.18715201622891
11831058333.3,-78.32003143676721
11836056666.7,-87.63539181380607
11841055000.0,-80.91690011366951
11846053333.3,-83.57994502425538
11851051666.7,-81.60887111313008
11856050000.0,-79.99460875456609
11861048333.3,-89.77544204718444
11866046666.7,-95.02118196199152
11871045000.0,-84.39035193198093
11876043333.3,-82.74110692049214
11881041666.7,-82.92894230574406
11886040000.0,-80.1897876082582
11891038333.3,-86.75623226437014
11896036666.7,-81.45889423410259
11901035000.0,-87.38451323765624
11906033333.3,-85.00150686068477
11911031666.7,-84.09790670311708
11916030000.0,-80.21191366119169
11921028333.3,-83.2407753527992
11926026666.7,-86.90422633170881
11931025000.0,-82.55478946850278
11936023333.3,-88.03437398597788
11941021666.7,-85.15939992137666
11946020000.0,-83.94635625477324
11951018333.3,-82.03025413665603
11956016666.7,-77.90435785373577
11961015000.0,-83.91125760096182
11966013333.3,-84.42056075576444
11971011666.7,-85.62207024070281
11976010000.0,-90.21145968988495
11981008333.3,-85.68678810995127
11986006666.7,-87.5255549031493
11991005000.0,-84.08407326989013
11996003333.3,-89.0251207333126
12001001666.7,-79.96694275632107
12006000000.0,-79.23487362080901
12010998333.3,-93.41784615641637
12015996666.7,-82.00990624075371
12020995000.0,-86.00854728301313
12025993333.3,-82.26164234144949
12030991666.7,-80.52215818964146
12035990000.0,-84.85164380201019
12040988333.3,-88.77299684317373
12045986666.7,-86.13098241325946
12050985000.0,-82.66662627418988
12055983333.3,-85.15179567088987
12060981666.7,-89.26563273653876
12065980000.0,-78.81850153756065
12070978333.3,-83.40359952100525
12075976666.7,-78.3241756318597
12080975000.0,-91.28288512594237
12085973333.3,-84.7303697875219
12090971666.7,-81.7123611555415
12095970000.0,-83.84850024145467
12100968333.3,-82.11142272005985
12105966666.7,-82.11654539157635
12110965000.0,-82.06534918423839
12115963333.3,-81.29417053652837
12120961666.7,-83.2575061769709
12125960000.0,-83.03274879614449
12130958333.3,-88.88900683662813
12135956666.7,-82.09838991535563
12140955000.0,-93.88604752502428
12145953333.3,-84.01802598185897
12150951666.7,-80.03145624187029
12155950000.0,-83.2429233725799
12160948333.3,-81.93233674136636
12165946666.7,-84.07264314858875
12170945000.0,-81.19462687900194
12175943333.3,-89.62360133391023
12180941666.7,-83.07683536347415
12185940000.0,-85.94999390605184
12190938333.3,-80.8553053806456
12195936666.7,-81.33817140656454
12200935000.0,-79.98661603663378
12205933333.3,-87.17471065684688
12210931666.7,-86.66265606509171
12215930000.0,-81.65798289270361
12220928333.3,-84.86252562712059
12225926666.7,-83.37026852651229
12230925000.0,-81.06270750598398
12235923333.3,-83.78194679653716
12240921666.7,-83.5693913590525
12245920000.0,-87.14145810403656
12250918333.3,-82.91604693388784
12255916666.7,-80.90900421608035
12260915000.0,-79.79384724109748
12265913333.3,-79.58046219488578
12270911666.7,-92.55239706164548
12275910000.0,-92.2361788028172
12280908333.3,-79.78880249277937
12285906666.7,-82.09875976913388
12290905000.0,-87.37223009389645
12295903333.3,-82.1730822142971
12300901666.7,-82.49289736021966
12305900000.0,-77.32030097012175
12310898333.3,-79.09233857492328
12315896666.7,-84.46852823551545
12320895000.0,-86.46697670190419
12325893333.3,-91.28244534165793
12330891666.7,-81.2904960462291
12335890000.0,-82.16627660226608
12340888333.3,-87.83543997732103
12345886666.7,-85.39332213333013
12350885000.0,-81.44691152387401
12355883333.3,-82.7347838180112
12360881666.7,-78.38040249329151
12365880000.0,-83.04378255464164
12370878333.3,-86.17936341719886
12375876666.7,-80.46584511940259
12380875000.0,-86.66572473675666
12385873333.3,-77.97393582926398
12390871666.7,-83.31508723531189
12395870000.0,-87.95588745297577
12400868333.3,-86.99563789290069
12405866666.7,-81.19570715373634
12410865000.0,-78.39947412714224
12415863333.3,-81.71597323362099
12420861666.7,-78.33119307305756
12425860000.0,-83.60477550485459
12430858333.3,-85.21825057526155
12435856666.7,-82.04432459980379
12440855000.0,-80.96592038250145
12445853333.3,-93.62082922516257
12450851666.7,-88.14134051902288
12455850000.0,-83.01809227843967
12460848333.3,-80.74043579003185
12465846666.7,-97.9041481297209
12470845000.0,-87.82939074660335
12475843333.3,-84.05467260444647
12480841666.7,-85.87392781392352
12485840000.0,-80.81890787821182
12490838333.3,-80.684131966179
12495836666.7,-87.1633956384258
12500835000.0,-84.34641589808695
12505833333.3,-94.65051899744651
12510831666.7,-80.82477762165689
12515830000.0,-81.21808961705244
12520828333.3,-83.47524179494472
12525826666.7,-82.20569212202895
12530825000.0,-82.84737270231852
12535823333.3,-85.36598897297517
12540821666.7,-87.3280936859345
12545820000.0,-84.29563483425048
12550818333.3,-88.15739613817627
12555816666.7,-80.89142772775102
12560815000.0,-77.9264162468925
12565813333.3,-84.64375249046773
12570811666.7,-83.38964384945973
12575810000.0,-81.25486941792079
12580808333.3,-84.01597180454618
12585806666.7,-92.02105089123144
12590805000.0,-81.99895145240643
12595803333.3,-78.93151012298833
12600801666.7,-84.75613127967702
12605800000.0,-81.1862031713723
12610798333.3,-82.8705037767095
12615796666.7,-80.12367008274667
12620795000.0,-80.94947537573842
12625793333.3,-86.13420277830956
12630791666.7,-91.10477146128778
12635790000.0,-82.24716198459481
12640788333.3,-81.8927536276542
12645786666.7,-91.2253719837779
12650785000.0,-86.91465100344494
12655783333.3,-89.59396743948872
12660781666.7,-83.75093150847275
12665780000.0,-86.04577395727037
12670778333.3,-87.97091369728835
12675776666.7,-91.19167743134656
12680775000.0,-88.49159996186904
12685773333.3,-80.24837477949802
12690771666.7,-84.33294428146183
12695770000.0,-85.63635440604318
12700768333.3,-85.18493190952003
12705766666.7,-85.7424764470919
12710765000.0,-79.84445391877395
12715763333.3,-85.90862754063957
12720761666.7,-90.97639588282377
12725760000.0,-82.5898837217042
12730758333.3,-81.42107052616768
12735756666.7,-85.49235793051345
12740755000.0,-79.06547026747337
12745753333.3,-87.87753776210495
12750751666.7,-88.80850125542479
12755750000.0,-77.63874294441027
12760748333.3,-82.2075758318584
12765746666.7,-84.16582919651478
12770745000.0,-83.59069228898731
12775743333.3,-88.97202212747565
12780741666.7,-80.05970985014118
12785740000.0,-82.76787158106123
12790738333.3,-91.43752036831089
12795736666.7,-86.17087685121119
12800735000.0,-93.48320310850049
12805733333.3,-81.81416150620598
12810731666.7,-84.30424323106783
12815730000.0,-83.26448575627575
12820728333.3,-80.6993176961989
12825726666.7,-94.2706301578607
12830725000.0,-82.3234980648516
12835723333.3,-85.18770379162483
12840721666.7,-80.43518823702443
12845720000.0,-88.93632608097849
12850718333.3,-88.60823582325374
12855716666.7,-83.66084155353167
12860715000.0,-85.89856997433783
12865713333.3,-78.51503303443552
12870711666.7,-92.46957983472382
12875710000.0,-85.13386974888904
12880708333.3,-85.6865909528873
12885706666.7,-84.28699230618876
12890705000.0,-82.53159286211391
12895703333.3,-94.13880158302328
12900701666.7,-83.51532633729
12905700000.0,-78.54571628698483
12910698333.3,-85.09996624187474
12915696666.7,-81.11663518466047
12920695000.0,-89.76141320564372
12925693333.3,-81.98575066314703
12930691666.7,-85.28141539244125
12935690000.0,-82.44910816941922
12940688333.3,-79.69463051681443
12945686666.7,-81.79307867730029
12950685000.0,-87.41777859062678
12955683333.3,-81.37275025679259
12960681666.7,-85.48515231316954
12965680000.0,-86.61067261779999
12970678333.3,-97.3960979167255
12975676666.7,-83.62802775953875
12980675000.0,-87.35347190149125
12985673333.3,-86.09037550843466
12990671666.7,-91.47361616171338
12995670000.0,-82.54182225417293
13000668333.3,-96.43421925065284
13005666666.7,-80.18478904495943
13010665000.0,-80.97405794297005
13015663333.3,-89.95024708519084
13020661666.7,-85.49749212363241
13025660000.0,-83.74246426218109
13030658333.3,-80.19879552789016
13035656666.7,-80.53026788874925
13040655000.0,-85.82827435749255
13045653333.3,-86.88268083560367
13050651666.7,-87.35225492126716
13055650000.0,-84.18192576287757
13060648333.3,-91.33012299726735
13065646666.7,-81.30955393507918
13070645000.0,-90.07245373209633
13075643333.3,-90.94600394779305
13080641666.7,-80.67643444013808
13085640000.0,-97.84178672364662
13090638333.3,-94.03749638688383
13095636666.7,-80.45135374199084
13100635000.0,-97.57756699074504
13105633333.3,-92.29584030569667
13110631666.7,-94.80257168723543
13115630000.0,-93.84407724624504
13120628333.3,-84.00952592063624
13125626666.7,-88.5893421254888
13130625000.0,-82.17016181401874
13135623333.3,-86.71753267329059
13140621666.7,-96.0415013758878
13145620000.0,-89.2405643989086
13150618333.3,-86.83570668977774
13155616666.7,-84.25858149464023
13160615000.0,-84.56361811124182
13165613333.3,-92.2600256706107
13170611666.7,-86.76915958634902
13175610000.0,-86.16252159048173
13180608333.3,-84.92606568766689
13185606666.7,-86.96799839037921
13190605000.0,-87.13519091245475
13195603333.3,-87.75285917637355
13200601666.7,-96.45460387669027
13205600000.0,-81.49460378884862
13210598333.3,-89.75037065452855
13215596666.7,-88.71256090193276
13220595000.0,-87.53859458993482
13225593333.3,-85.62784059095645
13230591666.7,-92.81788426927207
13235590000.0,-81.48892765373645
13240588333.3,-84.87305881664936
13245586666.7,-90.27524202298693
13250585000.0,-84.72731034977411
13255583333.3,-92.762139659273
13260581666.7,-81.72137056709197
13265580000.0,-84.35092865755168
13270578333.3,-81.81709918285149
13275576666.7,-84.82229711191815
13280575000.0,-84.81644239798938
13285573333.3,-108.61895027580616
13290571666.7,-86.05782725798177
13295570000.0,-93.43566455479986
13300568333.3,-94.13713281465546
13305566666.7,-89.11090812119781
13310565000.0,-86.7987387710728
13315563333.3,-88.843495649042
13320561666.7,-91.60567131407885
13325560000.0,-83.34038183443758
13330558333.3,-83.3933722505667
13335556666.7,-88.79235228764513
13340555000.0,-80.03179620766802
13345553333.3,-85.51565797907952
13350551666.7,-92.86572326897713
13355550000.0,-85.12509682724041
13360548333.3,-90.83101225366829
13365546666.7,-85.19441843356789
13370545000.0,-83.05927131223591
13375543333.3,-83.99854984159829
13380541666.7,-100.15646433007582
13385540000.0,-80.4427487721017
13390538333.3,-85.0036703472859
13395536666.7,-87.14053922454929
13400535000.0,-80.93737960040275
13405533333.3,-85.05509138964273
13410531666.7,-84.2556475643103
13415530000.0,-89.30250866067357
13420528333.3,-84.3747626041111
13425526666.7,-86.03845757117392
13430525000.0,-92.26313043304545
13435523333.3,-89.0418680913195
13440521666.7,-86.376670970836
13445520000.0,-84.07490805918522
13450518333.3,-84.14894906140151
13455516666.7,-86.80303421955375
13460515000.0,-80.78811156733084
13465513333.3,-86.68788702937819
13470511666.7,-82.73085665392209
13475510000.0,-83.07150026024296
13480508333.3,-86.31369797370803
13485506666.7,-86.8018480636013
13490505000.0,-81.84091111412425
13495503333.3,-83.63603340806131
13500501666.7,-81.10731579593251
13505500000.0,-84.85400626505512
13510498333.3,-78.61999331453994
13515496666.7,-90.84120991651675
13520495000.0,-81.38210088484072
13525493333.3,-88.28159538027855
13530491666.7,-85.77889774315297
13535490000.0,-89.919498912732
13540488333.3,-86.45332984620283
13545486666.7,-84.69421330664616
13550485000.0,-87.76733102692955
13555483333.3,-102.66948307721347
13560481666.7,-81.36948264848814
13565480000.0,-84.34334772385357
13570478333.3,-80.70959316918304
13575476666.7,-84.66037130720656
13580475000.0,-82.73905908249317
13585473333.3,-87.0629839905742
13590471666.7,-89.58258210302267
13595470000.0,-87.84901582391923
13600468333.3,-90.94931880979829
13605466666.7,-92.59878599636275
13610465000.0,-101.91497846376926
13615463333.3,-81.06240339966004
13620461666.7,-85.2762381454786
13625460000.0,-93.42828819205009
13630458333.3,-82.91435455857099
13635456666.7,-90.79201635221463
13640455000.0,-86.23266253671753
13645453333.3,-82.66864936460671
13650451666.7,-82.08657328264317
13655450000.0,-82.95323392697397
13660448333.3,-93.03999100094147
13665446666.7,-88.29499068120698
13670445000.0,-82.87198918503844
13675443333.3,-84.44271455982155
13680441666.7,-82.31701045557429
13685440000.0,-81.86625415128265
13690438333.3,-86.92103360203359
13695436666.7,-82.73826865831407
13700435000.0,-90.00194097734273
13705433333.3,-88.92963512208041
13710431666.7,-86.28890851155761
13715430000.0,-89.57975063236367
13720428333.3,-87.5408068542913
13725426666.7,-84.48775138330564
13730425000.0,-84.4903178519702
13735423333.3,-84.28010988343453
13740421666.7,-91.8073865990268
13745420000.0,-84.11341026701146
13750418333.3,-82.63166040710124
13755416666.7,-98.12806168940014
13760415000.0,-82.37663663894737
13765413333.3,-83.64302393600134
13770411666.7,-89.35306085513659
13775410000.0,-88.14968526888794
13780408333.3,-88.34012160928096
13785406666.7,-88.14107938797483
13790405000.0,-86.10309520971975
13795403333.3,-84.89748931819136
13800401666.7,-85.02143625343965
13805400000.0,-100.28766742053998
13810398333.3,-92.4688235671417
13815396666.7,-104.8061516201755
13820395000.0,-93.97906240249243
13825393333.3,-91.60793160168929
13830391666.7,-94.37358536032875
13835390000.0,-86.17169146516406
13840388333.3,-85.85104082779492
13845386666.7,-83.55732159467254
13850385000.0,-84.98174919776488
13855383333.3,-81.79321184679209
13860381666.7,-87.92981005919847
13865380000.0,-87.46516692171826
13870378333.3,-91.57039139875705
13875376666.7,-102.0827114461213
13880375000.0,-91.18663128706679
13885373333.3,-84.97609765737329
13890371666.7,-93.47965623280305
13895370000.0,-91.5444497152204
13900368333.3,-83.40998046313281
13905366666.7,-91.72810555731702
13910365000.0,-86.14906041976111
13915363333.3,-94.37371166065819
13920361666.7,-84.78137493137638
13925360000.0,-87.55864645371179
13930358333.3,-100.97564269706297
13935356666.7,-89.4110603652311
13940355000.0,-86.13306243917465
13945353333.3,-88.86253031149936
13950351666.7,-88.99975035395053
13955350000.0,-86.71639579539644
13960348333.3,-81.70422074437651
13965346666.7,-82.0739854445689
13970345000.0,-92.59226451914613
13975343333.3,-89.21787709173552
13980341666.7,-89.39130951125384
13985340000.0,-85.84857438178025
13990338333.3,-82.1421006756978
13995336666.7,-83.66642537055986
14000335000.0,-85.27052589174558
14005333333.3,-92.93035554686097
14010331666.7,-82.23597922026988
14015330000.0,-87.90890400366453
14020328333.3,-88.637611017224
14025326666.7,-90.9386622156398
14030325000.0,-80.50924686328672
14035323333.3,-83.68083097558761
14040321666.7,-92.26606150646606
14045320000.0,-88.92266727520946
14050318333.3,-90.28603913147401
14055316666.7,-85.25010269579519
14060315000.0,-85.97822406418173
14065313333.3,-89.84907988863415
14070311666.7,-95.97776160267523
14075310000.0,-82.68055201228863
14080308333.3,-89.54239990957569
14085306666.7,-91.22732671300257
14090305000.0,-84.45120698055474
14095303333.3,-88.90063653762033
14100301666.7,-83.47827379990423
14105300000.0,-93.53390157203067
14110298333.3,-102.47341892377447
14115296666.7,-80.51782575126799
14120295000.0,-99.15782239253046
14125293333.3,-91.48156100911619
14130291666.7,-86.58661688394723
14135290000.0,-83.80068848602761
14140288333.3,-89.09197500119538
14145286666.7,-94.21258126419502
14150285000.0,-84.46431218825597
14155283333.3,-90.8975364250031
14160281666.7,-88.73045633186277
14165280000.0,-86.20112781981399
14170278333.3,-85.24914855860486
14175276666.7,-84.55927627913707
14180275000.0,-86.87387431256579
14185273333.3,-95.20001678734747
14190271666.7,-85.97763015855536
14195270000.0,-81.33055933806833
14200268333.3,-81.22634253842403
14205266666.7,-81.86581412464442
14210265000.0,-87.73934942159066
14215263333.3,-81.70186570064253
14220261666.7,-84.14158313237957
14225260000.0,-80.86385318211913
14230258333.3,-90.7018953458736
14235256666.7,-84.76677965693779
14240255000.0,-89.33705433544745
14245253333.3,-89.74932222511741
14250251666.7,-82.88986363141775
14255250000.0,-89.820050699643
14260248333.3,-82.93073981345339
14265246666.7,-83.71443289583077
14270245000.0,-98.95844309328726
14275243333.3,-85.64566041461853
14280241666.7,-80.01431658313274
14285240000.0,-90.31212091163597
14290238333.3,-84.88864727050462
14295236666.7,-81.11451579960173
14300235000.0,-91.73233275530494
14305233333.3,-85.55188809872064
14310231666.7,-82.98347196599275
14315230000.0,-94.34494666464724
14320228333.3,-83.64799961717827
14325226666.7,-87.74126131540059
14330225000.0,-77.53000044804551
14335223333.3,-87.72327411523086
14340221666.7,-89.01390476736886
14345220000.0,-78.76025172448422
14350218333.3,-85.49448574441647
14355216666.7,-85.93560022875094
14360215000.0,-89.50562189302941
14365213333.3,-83.70131360435636
14370211666.7,-86.82896167666112
14375210000.0,-79.92907879603506
14380208333.3,-84.89631032280265
14385206666.7,-87.52790072500406
14390205000.0,-95.10691896683346
14395203333.3,-90.35109344854055
14400201666.7,-82.04097151422275
14405200000.0,-92.62757959977424
14410198333.3,-81.27207054813339
14415196666.7,-83.16370678682658
14420195000.0,-85.9064084967858
14425193333.3,-107.02853895502739
14430191666.7,-86.10083458925315
14435190000.0,-85.9419909372262
14440188333.3,-84.82185681366965
14445186666.7,-88.65407248381541
14450185000.0,-88.17204835654744
14455183333.3,-83.71709027466272
14460181666.7,-88.13666267058912
14465180000.0,-84.54736945600443
14470178333.3,-77.24229183727088
14475176666.7,-93.69510261290544
14480175000.0,-95.82311044433195
14485173333.3,-84.44759638456318
14490171666.7,-89.55533588077175
14495170000.0,-84.43491203531013
14500168333.3,-84.76252666348304
14505166666.7,-90.23457883135164
14510165000.0,-88.92862801732204
14515163333.3,-86.35622643026122
14520161666.7,-85.66998947177493
14525160000.0,-86.28891510777267
14530158333.3,-85.94450438438182
14535156666.7,-88.31245763209674
14540155000.0,-95.37772510606786
14545153333.3,-86.80568242455385
14550151666.7,-86.70274276185388
14555150000.0,-85.35017193912222
14560148333.3,-85.68456991336525
14565146666.7,-85.00137408914634
14570145000.0,-90.93241875926196
14575143333.3,-89.98576316279818
14580141666.7,-88.58495717347532
14585140000.0,-108.79924883406964
14590138333.3,-85.76753279790962
14595136666.7,-95.21960451157051
14600135000.0,-84.41232081178734
14605133333.3,-86.55540027357966
14610131666.7,-88.89016548243097
14615130000.0,-87.08690077246794
14620128333.3,-86.3337135863683
14625126666.7,-94.34656360724472
14630125000.0,-90.46404610845232
14635123333.3,-90.46311588555277
14640121666.7,-88.66837445384178
14645120000.0,-86.78349520017123
14650118333.3,-85.14731841836193
14655116666.7,-83.19409456055186
14660115000.0,-84.19399107466653
14665113333.3,-91.76996993094745
14670111666.7,-95.12033550591792
14675110000.0,-85.99858143184468
14680108333.3,-87.68807743667253
14685106666.7,-79.39745679011037
14690105000.0,-107.64122095204277
14695103333.3,-96.74794620632144
14700101666.7,-89.1395383130152
14705100000.0,-94.61772989847019
14710098333.3,-82.75546631986843
14715096666.7,-85.47780223085597
14720095000.0,-89.69925684070583
14725093333.3,-85.81674717771932
14730091666.7,-101.31852766322689
14735090000.0,-99.30034211038952
14740088333.3,-84.39460140557205
14745086666.7,-86.22639735015498
14750085000.0,-100.21604106859657
14755083333.3,-81.78566355249862
14760081666.7,-82.70386610682557
14765080000.0,-87.68215891382566
14770078333.3,-88.88576219430388
14775076666.7,-86.29709792384139
14780075000.0,-83.80566465243427
14785073333.3,-86.77945222122561
14790071666.7,-85.42145929665568
14795070000.0,-106.26299153875031
14800068333.3,-88.23223037121251
14805066666.7,-83.10440874635971
14810065000.0,-88.18444954593471
14815063333.3,-98.19994087349771
14820061666.7,-87.35824846995146
14825060000.0,-95.25028840601756
14830058333.3,-82.57061872337755
14835056666.7,-88.15301317095539
14840055000.0,-84.57541299550213
14845053333.3,-84.69608931719841
14850051666.7,-91.1271500687709
14855050000.0,-89.04251486039806
14860048333.3,-86.45893197918028
14865046666.7,-89.24173839666338
14870045000.0,-83.38172843653359
14875043333.3,-101.8066141378842
14880041666.7,-92.1585307727242
14885040000.0,-88.82940834645098
14890038333.3,-85.14460892911467
14895036666.7,-93.87797896632887
14900035000.0,-90.31862950516557
14905033333.3,-87.03408605639395
14910031666.7,-85.84443408723517
14915030000.0,-88.31012139746059
14920028333.3,-87.95129968106941
14925026666.7,-87.75494920361082
14930025000.0,-90.97847255071585
14935023333.3,-83.66386315105218
14940021666.7,-87.34746258909175
14945020000.0,-84.57254620127861
14950018333.3,-93.66180538410065
14955016666.7,-87.42446876793194
14960015000.0,-88.0159351685485
14965013333.3,-87.38861612040081
14970011666.7,-88.13363254058324
14975010000.0,-91.41188730235355
14980008333.3,-85.33760444267224
14985006666.7,-84.91314487526091
14990005000.0,-82.82189930273256
14995003333.3,-83.99578800528647
15000001666.7,-84.12309688781647
15005000000.0,-81.4361130910079
15009998333.3,-88.5317275339224
15014996666.7,-85.08784037141339
15019995000.0,-91.32603763652129
15024993333.3,-88.87180540119124
15029991666.7,-83.83472337656123
15034990000.0,-87.5926483936614
15039988333.3,-100.06901628503891
15044986666.7,-84.28663167026833
15049985000.0,-79.49180678448269
15054983333.3,-94.67923219497833
15059981666.7,-85.8036462984251
15064980000.0,-83.70602524153844
15069978333.3,-83.9813153474856
15074976666.7,-85.0407780708158
15079975000.0,-82.31516759083489
15084973333.3,-89.88333797241557
15089971666.7,-85.63621382527424
15094970000.0,-85.41891813349548
15099968333.3,-80.40012071837076
15104966666.7,-83.26361816356084
15109965000.0,-83.34462974585493
15114963333.3,-83.12647440238558
15119961666.7,-83.78620958522605
15124960000.0,-86.28287686196224
15129958333.3,-82.32432202523316
15134956666.7,-80.32468723166188
15139955000.0,-89.53370677328415
15144953333.3,-88.14462185055379
15149951666.7,-88.99781709195469
15154950000.0,-89.1315831952057
15159948333.3,-102.39365045367086
15164946666.7,-90.80484537031796
15169945000.0,-85.9003920928671
15174943333.3,-102.83451756209816
15179941666.7,-80.02518342784063
15184940000.0,-100.57666786967536
15189938333.3,-86.38570945849018
15194936666.7,-87.17312168192532
15199935000.0,-86.54032694586147
15204933333.3,-83.07385709385255
15209931666.7,-82.19700907663767
15214930000.0,-88.3834139815971
15219928333.3,-95.40979625625162
15224926666.7,-91.24895221555464
15229925000.0,-95.28036094915038
15234923333.3,-87.33657512710775
15239921666.7,-93.57654930495306
15244920000.0,-85.62338324443708
15249918333.3,-92.02746212883291
15254916666.7,-93.38681085948791
15259915000.0,-87.13118516927152
15264913333.3,-93.85215211743942
15269911666.7,-88.26921762216662
15274910000.0,-90.80495165950808
15279908333.3,-84.29415207978371
15284906666.7,-93.20860123436746
15289905000.0,-84.3958897546099
15294903333.3,-79.89521112864514
15299901666.7,-86.41985918846476
15304900000.0,-91.61393272376488
15309898333.3,-94.5187634673
15314896666.7,-106.12107766070613
15319895000.0,-85.30793271095517
15324893333.3,-91.57666093651925
15329891666.7,-103.79109324836527
15334890000.0,-82.36922715870935
15339888333.3,-83.04787343441188
15344886666.7,-85.87201809565066
15349885000.0,-97.79982566853371
15354883333.3,-83.02638009468248
15359881666.7,-95.26855541103423
15364880000.0,-83.41131888805415
15369878333.3,-87.13880347713561
15374876666.7,-87.51241601489403
15379875000.0,-85.1838933715876
15384873333.3,-86.15899974621354
15389871666.7,-87.14385208686424
15394870000.0,-86.09736812743229
15399868333.3,-84.92248962017497
15404866666.7,-89.17437635705969
15409865000.0,-95.02857524138518
15414863333.3,-97.62044707153623
15419861666.7,-90.10356568400931
15424860000.0,-85.42802082217696
15429858333.3,-86.15163049571636
15434856666.7,-90.00543227535474
15439855000.0,-98.72259694815769
15444853333.3,-95.49500971242202
15449851666.7,-86.12032708561958
15454850000.0,-90.42949364106293
15459848333.3,-98.43557033636043
15464846666.7,-90.26950334269489
15469845000.0,-83.80576302575571
15474843333.3,-92.74171376597144
15479841666.7,-83.98798658631111
15484840000.0,-80.79971747489301
15489838333.3,-90.45944628965842
15494836666.7,-87.6828673740748
15499835000.0,-92.7332914702484
15504833333.3,-89.11253980350739
15509831666.7,-86.41390604679466
15514830000.0,-89.20787672637138
15519828333.3,-83.98638990828596
15524826666.7,-95.16324271811344
15529825000.0,-102.0956719906186
15534823333.3,-93.97571345971741
15539821666.7,-88.93173741097307
15544820000.0,-96.66966133316022
15549818333.3,-89.96271995648647
15554816666.7,-86.81036030901146
15559815000.0,-90.19498899639615
15564813333.3,-102.52783751686884
15569811666.7,-102.1676627179606
15574810000.0,-89.2564565856249
15579808333.3,-85.7438319353098
15584806666.7,-95.80732826499153
15589805000.0,-86.99093718101997
15594803333.3,-88.00777555445569
15599801666.7,-90.49114826429388
15604800000.0,-85.66074938722267
15609798333.3,-95.73195194276097
15614796666.7,-84.73459378993954
15619795000.0,-84.99356412973889
15624793333.3,-82.62620919831056
15629791666.7,-91.15723305797442
15634790000.0,-87.99265115170965
15639788333.3,-85.63971872537167
15644786666.7,-81.53306258138485
15649785000.0,-88.81871001361975
15654783333.3,-92.98622042332796
15659781666.7,-89.17704770590993
15664780000.0,-82.12562023191933
15669778333.3,-89.96605260525428
15674776666.7,-97.43488404943153
15679775000.0,-88.1679558641641
15684773333.3,-87.41301386210608
15689771666.7,-97.54564166201568
15694770000.0,-86.8226756469639
15699768333.3,-82.20614667373754
15704766666.7,-80.42067699508719
15709765000.0,-84.37528393459371
15714763333.3,-91.83037070681661
15719761666.7,-90.1970478621688
15724760000.0,-81.4600048358576
15729758333.3,-82.1084448283255
15734756666.7,-91.45735343556811
15739755000.0,-90.21094867853755
15744753333.3,-85.66934332067595
15749751666.7,-85.83567203534125
15754750000.0,-90.5591870065673
15759748333.3,-87.24072862161057
15764746666.7,-92.34398636727678
15769745000.0,-87.10855791535852
15774743333.3,-90.23534063709464
15779741666.7,-94.71453730208489
15784740000.0,-91.00228922767165
15789738333.3,-90.25279050424538
15794736666.7,-85.02540343458247
15799735000.0,-82.77246890428421
15804733333.3,-91.9844164474469
15809731666.7,-91.70532564759368
15814730000.0,-81.8774916371662
15819728333.3,-87.60024807196233
15824726666.7,-85.50230107274567
15829725000.0,-92.81489494249158
15834723333.3,-96.65555492637095
15839721666.7,-82.41583911789064
15844720000.0,-84.0224830143316
15849718333.3,-88.67820365072171
15854716666.7,-86.85813939302793
15859715000.0,-89.52556404431269
15864713333.3,-96.26589657645995
15869711666.7,-89.01500880350889
15874710000.0,-89.31648026817322
15879708333.3,-85.32791620372586
15884706666.7,-89.91807337658665
15889705000.0,-90.01908800333024
15894703333.3,-85.39913945958901
15899701666.7,-85.9128657491754
15904700000.0,-95.28029925728347
15909698333.3,-93.85873808315301
15914696666.7,-94.27119834308616
15919695000.0,-98.09733044317377
15924693333.3,-91.00554015236597
15929691666.7,-85.26670737507655
15934690000.0,-87.29238056058536
15939688333.3,-85.50204573343068
15944686666.7,-95.73873663360416
15949685000.0,-86.2604768963228
15954683333.3,-92.83968854544486
15959681666.7,-88.12557259885634
15964680000.0,-85.33357536095724
15969678333.3,-88.65751142292395
15974676666.7,-84.97567471185953
15979675000.0,-97.21061977084037
15984673333.3,-90.44587025828712
15989671666.7,-90.93046060512422
15994670000.0,-104.97402449184541
15999668333.3,-87.0191330928356
16004666666.7,-83.37765993384978
16009665000.0,-86.94235932482277
16014663333.3,-87.19229368448882
16019661666.7,-86.59325319253314
16024660000.0,-82.78843992264399
16029658333.3,-92.15978888482697
16034656666.7,-90.4056745717036
16039655000.0,-84.72130853247053
16044653333.3,-87.05859354042813
16049651666.7,-88.20285106861724
16054650000.0,-87.40358974576563
16059648333.3,-87.29362113170383
16064646666.7,-87.029382706716
16069645000.0,-91.25929049349932
16074643333.3,-97.85114424099432
16079641666.7,-87.54450894837836
16084640000.0,-85.62373373571762
16089638333.3,-84.42292039030085
16094636666.7,-83.73611353880683
16099635000.0,-87.58735649472268
16104633333.3,-91.23317169916788
16109631666.7,-82.95542415932046
16114630000.0,-81.68068035662697
16119628333.3,-86.41940861175058
16124626666.7,-83.38310067061394
16129625000.0,-91.71595021034115
16134623333.3,-91.13102416463556
16139621666.7,-88.62686742262817
16144620000.0,-89.70107920991104
16149618333.3,-84.66346336357462
16154616666.7,-92.93116047942563
16159615000.0,-86.64002269777092
16164613333.3,-85.6905589383335
16169611666.7,-91.55945742617895
16174610000.0,-92.25775302629305
16179608333.3,-88.5170197264513
16184606666.7,-92.95697541308263
16189605000.0,-85.34502929490904
16194603333.3,-84.16052199789664
16199601666.7,-88.63005042569955
16204600000.0,-90.88353942378663
16209598333.3,-99.76603254584697
16214596666.7,-83.429392785185
16219595000.0,-91.16573239923713
16224593333.3,-85.81899604972561
16229591666.7,-91.21815101532148
16234590000.0,-84.50719215448757
16239588333.3,-80.87699736243974
16244586666.7,-83.58475662754958
16249585000.0,-86.686488050399
16254583333.3,-86.36073890243401
16259581666.7,-85.4244739424338
16264580000.0,-86.93571676469946
16269578333.3,-88.00526214263033
16274576666.7,-102.32420065447032
16279575000.0,-82.96083545366473
16284573333.3,-104.13198437521754
16289571666.7,-87.4947682762337
16294570000.0,-95.44684158260378
16299568333.3,-81.12508961453686
16304566666.7,-87.48379792956791
16309565000.0,-94.35703303093001
16314563333.3,-87.88220823541111
16319561666.7,-87.68754470092938
16324560000.0,-88.20470484530293
16329558333.3,-88.8777793797641
16334556666.7,-88.60139621185931
16339555000.0,-89.25376415845507
16344553333.3,-82.32364737949148
16349551666.7,-84.81735198452125
16354550000.0,-88.07680226571271
16359548333.3,-82.92636099467336
16364546666.7,-95.0376727484253
16369545000.0,-83.4600561486816
16374543333.3,-90.214334996804
16379541666.7,-87.37187029720991
16384540000.0,-87.83335824466697
16389538333.3,-88.1672829080261
16394536666.7,-89.3939857316752
16399535000.0,-82.65073278014529
16404533333.3,-90.92106454304592
16409531666.7,-82.92451263223752
16414530000.0,-83.70783123035204
16419528333.3,-90.99545106765866
16424526666.7,-88.14547312440693
16429525000.0,-82.25750097835785
16434523333.3,-86.645469386767
16439521666.7,-83.5079063307154
16444520000.0,-94.15063485277797
16449518333.3,-100.78628419381829
16454516666.7,-85.83333835239586
16459515000.0,-102.06237528410585
16464513333.3,-93.25112422486976
16469511666.7,-92.79356829726646
16474510000.0,-86.10418658738256
16479508333.3,-86.44403554142693
16484506666.7,-94.9203724342287
16489505000.0,-95.45033559084169
16494503333.3,-95.06881906732656
16499501666.7,-86.59197784357909
16504500000.0,-86.39960963032108
16509498333.3,-89.90883080261291
16514496666.7,-90.37727231953934
16519495000.0,-89.64596125711844
16524493333.3,-87.26710777777208
16529491666.7,-82.17477168744855
16534490000.0,-83.49060121438073
16539488333.3,-86.26866294423601
16544486666.7,-87.19871914212447
16549485000.0,-87.3010952260903
16554483333.3,-109.47620797259805
16559481666.7,-83.21365213059102
16564480000.0,-94.28094609664154
16569478333.3,-83.50370608738197
16574476666.7,-85.87223468479374
16579475000.0,-92.62041338748985
16584473333.3,-88.02548253802902
16589471666.7,-87.47577434493058
16594470000.0,-90.40477428031706
16599468333.3,-99.78049581502701
16604466666.7,-85.19192330073142
16609465000.0,-79.54903962021825
16614463333.3,-90.54623585443309
16619461666.7,-87.20921306769925
16624460000.0,-88.94894876239569
16629458333.3,-91.17487352788575
16634456666.7,-81.38457653303843
16639455000.0,-94.68987128273751
16644453333.3,-90.71288923382136
16649451666.7,-94.63831226050556
16654450000.0,-87.28067716364538
16659448333.3,-97.06125965519294
16664446666.7,-85.18652909978569
16669445000.0,-92.23000043860823
16674443333.3,-85.24525971488583
16679441666.7,-81.92712771414213
16684440000.0,-88.63699834466766
16689438333.3,-96.89264277402019
16694436666.7,-84.57978723385185
16699435000.0,-92.44146693217131
16704433333.3,-92.3676384582798
16709431666.7,-85.44956692285072
16714430000.0,-84.30118519971757
16719428333.3,-83.98099488946966
16724426666.7,-91.22997137685627
16729425000.0,-87.66952782614844
16734423333.3,-88.07022027530174
16739421666.7,-89.37901539057503
16744420000.0,-95.8770103909925
16749418333.3,-88.99585437397859
16754416666.7,-90.13357809319982
16759415000.0,-83.88969494120259
16764413333.3,-81.74552009909773
16769411666.7,-99.11061039798861
16774410000.0,-81.45310053979506
16779408333.3,-84.93786633842504
16784406666.7,-87.9854466761043
16789405000.0,-95.14928778711125
16794403333.3,-87.31020252155972
16799401666.7,-96.96452411930382
16804400000.0,-94.3009308405706
16809398333.3,-98.81815837979475
16814396666.7,-90.42678269333314
16819395000.0,-85.75761078494463
16824393333.3,-84.70146515658469
16829391666.7,-87.70795634973732
16834390000.0,-86.20413454998487
16839388333.3,-108.43759589840774
16844386666.7,-90.17357010816235
16849385000.0,-82.03219648951604
16854383333.3,-87.49149274628815
16859381666.7,-86.40972225909074
16864380000.0,-93.80064538474217
16869378333.3,-91.24775734542891
16874376666.7,-88.4647603027169
16879375000.0,-95.1286561988106
16884373333.3,-85.50605861679509
16889371666.7,-84.28457127881305
16894370000.0,-80.78866548950052
16899368333.3,-98.80522358913184
16904366666.7,-90.17475060615453
16909365000.0,-91.40146391392645
16914363333.3,-92.07231493146301
16919361666.7,-83.57354662288682
16924360000.0,-100.58717079549042
16929358333.3,-100.17682063503054
16934356666.7,-84.4247425319807
16939355000.0,-86.10148845980504
16944353333.3,-92.06169738629093
16949351666.7,-87.49994922814159
16954350000.0,-92.75257238303807
16959348333.3,-97.85416681740062
16964346666.7,-90.11932622300462
16969345000.0,-91.5524323793222
16974343333.3,-88.63803890497339
16979341666.7,-82.84222959445549
16984340000.0,-85.46973701229751
16989338333.3,-85.78661319833374
16994336666.7,-85.7701233912928
16999335000.0,-86.2266181903853
17004333333.3,-83.19683404423617
17009331666.7,-90.25454353970187
17014330000.0,-87.46128454263881
17019328333.3,-88.31874206683075
17024326666.7,-89.05662971055645
17029325000.0,-84.16425791614179
17034323333.3,-87.73316859235477
17039321666.7,-80.29982955976378
17044320000.0,-92.78272183337891
17049318333.3,-85.34283999654087
17054316666.7,-86.14573488690931
17059315000.0,-87.53008487776022
17064313333.3,-87.30284665327751
17069311666.7,-91.16750514200739
17074310000.0,-84.54732647113772
17079308333.3,-98.5037935582963
17084306666.7,-89.74548142363994
17089305000.0,-83.51687826684609
17094303333.3,-91.9792513994856
17099301666.7,-98.36860602419044
17104300000.0,-90.52865676108848
17109298333.3,-84.40311162221423
17114296666.7,-84.15982710910075
17119295000.0,-87.75433060591199
17124293333.3,-88.56095038468787
17129291666.7,-80.38583222442314
17134290000.0,-88.47204736141258
17139288333.3,-83.51847519892539
17144286666.7,-94.58732910156472
17149285000.0,-106.14751573062436
17154283333.3,-93.71753515588637
17159281666.7,-85.54271492988232
17164280000.0,-84.11507907252725
17169278333.3,-88.397936832625
17174276666.7,-87.35818282567331
17179275000.0,-91.66427361394196
17184273333.3,-90.26773248800669
17189271666.7,-87.22586028117595
17194270000.0,-83.75353242978528
17199268333.3,-92.03531653078299
17204266666.7,-92.5389929742849
17209265000.0,-89.60073443416151
17214263333.3,-90.54063784060727
17219261666.7,-93.06138574013579
17224260000.0,-90.44461320646435
17229258333.3,-84.9052776643598
17234256666.7,-86.38756341300052
17239255000.0,-87.01852337068587
17244253333.3,-89.70191813691517
17249251666.7,-87.50923235689413
17254250000.0,-92.62874999767617
17259248333.3,-85.0175918101684
17264246666.7,-83.61447684803578
17269245000.0,-86.68865886076878
17274243333.3,-93.81946199654747
17279241666.7,-93.32232338582214
17284240000.0,-87.63379971889485
17289238333.3,-82.98427827333254
17294236666.7,-89.22427495745097
17299235000.0,-85.26639655720746
17304233333.3,-84.78310975965329
17309231666.7,-86.13393133962359
17314230000.0,-86.29330475931455
17319228333.3,-81.33635689581288
17324226666.7,-83.11700570210647
17329225000.0,-82.1727763460564
17334223333.3,-83.8408190184429
17339221666.7,-86.09005258345351
17344220000.0,-103.82340578516832
17349218333.3,-83.63002054476016
17354216666.7,-83.65822947013842
17359215000.0,-83.8292126721931
17364213333.3,-98.43254027833126
17369211666.7,-82.8558942853376
17374210000.0,-86.6160701032041
17379208333.3,-91.21593054161673
17384206666.7,-86.63958429542127
17389205000.0,-85.76378869877328
17394203333.3,-84.80808548595553
17399201666.7,-90.51903208435333
17404200000.0,-89.20221218054417
17409198333.3,-86.82267980067601
17414196666.7,-79.86987257282922
17419195000.0,-86.12219816687426
17424193333.3,-89.5286978068495
17429191666.7,-96.11849999984366
17434190000.0,-90.89385751246252
17439188333.3,-90.61625789487195
17444186666.7,-86.30071459062614
17449185000.0,-91.22080997849247
17454183333.3,-93.92517309903286
17459181666.7,-91.5881655834221
17464180000.0,-97.2498091711791
17469178333.3,-90.41853976335544
17474176666.7,-90.4404339350036
17479175000.0,-101.01667093732985
17484173333.3,-87.27248081981386
17489171666.7,-87.70433465716184
17494170000.0,-84.46639128348636
17499168333.3,-87.95108881842445
17504166666.7,-90.5519400354726
17509165000.0,-87.67419524512417
17514163333.3,-81.79848671690577
17519161666.7,-86.25453309847161
17524160000.0,-85.16250767519792
17529158333.3,-87.74194638240688
17534156666.7,-90.41698011155361
17539155000.0,-86.20954034651653
17544153333.3,-86.72556677817042
17549151666.7,-84.28556123936772
17554150000.0,-83.22781981101761
17559148333.3,-96.37970258350877
17564146666.7,-91.24940803156844
17569145000.0,-82.89778539897324
17574143333.3,-84.48913503914807
17579141666.7,-88.26719563667766
17584140000.0,-93.87180061975748
17589138333.3,-87.64503808601332
17594136666.7,-92.36354203902329
17599135000.0,-87.55491730695285
17604133333.3,-90.30155820046463
17609131666.7,-87.61600391262085
17614130000.0,-85.41584607328866
17619128333.3,-96.24553045356494
17624126666.7,-101.40908041307112
17629125000.0,-93.94741168647344
17634123333.3,-88.88454869541725
17639121666.7,-80.60356053926395
17644120000.0,-89.65103739089535
17649118333.3,-81.36107172003491
17654116666.7,-85.38558568719894
17659115000.0,-90.82127378597505
17664113333.3,-85.99755970726815
17669111666.7,-89.52271630447044
17674110000.0,-83.44767168604449
17679108333.3,-98.36697387059034
17684106666.7,-89.8729561997063
17689105000.0,-87.05460852430289
17694103333.3,-90.21700508924812
17699101666.7,-90.82448411642879
17704100000.0,-85.5623145415681
17709098333.3,-88.99986898128317
17714096666.7,-90.41426219022314
17719095000.0,-84.85528604345015
17724093333.3,-95.5987292369222
17729091666.7,-85.5371318392431
17734090000.0,-85.34204908560068
17739088333.3,-91.20457670385909
17744086666.7,-83.35498221731255
17749085000.0,-85.38212318132932
17754083333.3,-84.42189904749262
17759081666.7,-86.52429592169646
17764080000.0,-97.04296453817344
17769078333.3,-81.73493345051413
17774076666.7,-89.38939863164236
17779075000.0,-83.07059571094382
17784073333.3,-82.19944179363976
17789071666.7,-85.81411076795133
17794070000.0,-86.77582369017918
17799068333.3,-87.31353757627801
17804066666.7,-84.77717711456216
17809065000.0,-81.39411180584092
17814063333.3,-97.36222716229449
17819061666.7,-93.30430868495172
17824060000.0,-88.28806344507021
17829058333.3,-95.62954144253507
17834056666.7,-88.15144123182489
17839055000.0,-86.31895716919594
17844053333.3,-90.36207036059403
17849051666.7,-80.77940472145457
17854050000.0,-86.32061635580547
17859048333.3,-96.00938801835939
17864046666.7,-84.6401304416776
17869045000.0,-84.56332472559976
17874043333.3,-91.60518257624092
17879041666.7,-85.21636193086123
17884040000.0,-90.15511323571813
17889038333.3,-83.64628755891339
17894036666.7,-84.99563965614763
17899035000.0,-86.472932246024
17904033333.3,-80.03134935801486
17909031666.7,-87.31586365637314
17914030000.0,-91.45926708233766
17919028333.3,-83.0863531526067
17924026666.7,-97.39223932221034
17929025000.0,-83.70497044620583
17934023333.3,-84.25238577020977
17939021666.7,-86.85212117547053
17944020000.0,-81.49317406850882
17949018333.3,-88.47460310250614
17954016666.7,-97.44068587379073
17959015000.0,-90.17373513522199
17964013333.3,-97.53609682155377
17969011666.7,-83.46952122027098
17974010000.0,-84.93499725030799
17979008333.3,-94.15028151989311
17984006666.7,-91.82485057896577
17989005000.0,-87.66366691989555
17994003333.3,-85.73260134694266
17999001666.7,-84.06987243401458
18004000000.0,-81.850837175855
18008998333.3,-90.58794828545811
18013996666.7,-96.6971231303385
18018995000.0,-87.26561192761054
18023993333.3,-88.36878053841713
18028991666.7,-81.96585408087833
18033990000.0,-81.27166492674634
18038988333.3,-86.66914206340644
18043986666.7,-91.50863614666838
18048985000.0,-82.64295146921334
18053983333.3,-82.08619401847473
18058981666.7,-80.89873292253287
18063980000.0,-90.90297708599137
18068978333.3,-85.88281437824443
18073976666.7,-84.90659320959648
18078975000.0,-89.23690668825358
18083973333.3,-88.1060712439697
18088971666.7,-81.76457470621568
18093970000.0,-89.87492625547529
18098968333.3,-88.17302963143517
18103966666.7,-88.54708799753367
18108965000.0,-96.42044126089462
18113963333.3,-86.74794524816613
18118961666.7,-95.07120215123386
18123960000.0,-83.70317271785552
18128958333.3,-85.4451767992248
18133956666.7,-86.12908694712496
18138955000.0,-90.15739802625475
18143953333.3,-81.62245298560524
18148951666.7,-90.78105787857064
18153950000.0,-86.47100158506548
18158948333.3,-87.57739923028493
18163946666.7,-91.85991904120962
18168945000.0,-84.69874300042503
18173943333.3,-87.88858846232125
18178941666.7,-84.04736544844981
18183940000.0,-84.71021097344871
18188938333.3,-83.71338468771101
18193936666.7,-101.68651896362286
18198935000.0,-89.68057870212034
18203933333.3,-90.2289838956527
18208931666.7,-86.72839392449781
18213930000.0,-86.63893330275602
18218928333.3,-82.94448934572414
18223926666.7,-83.76408664183239
18228925000.0,-92.10539979086106
18233923333.3,-84.8906689191847
18238921666.7,-83.36449291377362
18243920000.0,-89.91906420784076
18248918333.3,-90.37144851983003
18253916666.7,-90.62919499922872
18258915000.0,-95.06943521154716
18263913333.3,-82.50243897463628
18268911666.7,-90.99902518150783
18273910000.0,-89.53064231078571
18278908333.3,-99.71740874781256
18283906666.7,-90.36720180626519
18288905000.0,-85.99640489571124
18293903333.3,-88.77672143509628
18298901666.7,-94.43909620162712
18303900000.0,-90.71480723645655
18308898333.3,-96.7187078510908
18313896666.7,-88.1242720742697
18318895000.0,-83.35936768043013
18323893333.3,-88.54543468357014
18328891666.7,-92.96785304821695
18333890000.0,-87.14109546178011
18338888333.3,-81.13345357642652
18343886666.7,-85.48144919246766
18348885000.0,-85.27002390021842
18353883333.3,-91.49992221170709
18358881666.7,-83.4737688352877
18363880000.0,-111.59019839435734
18368878333.3,-84.4545652940547
18373876666.7,-88.17809739168129
18378875000.0,-94.22216914967748
18383873333.3,-85.85100153419765
18388871666.7,-86.0762222689392
18393870000.0,-97.22130710313431
18398868333.3,-95.69195599816545
18403866666.7,-102.69552079068502
18408865000.0,-85.35635886754007
18413863333.3,-87.62218910952198
18418861666.7,-85.45280791888453
18423860000.0,-91.49893203723714
18428858333.3,-83.62061798496066
18433856666.7,-83.45667652754558
18438855000.0,-86.13830758896552
18443853333.3,-91.57600381364003
18448851666.7,-86.491238617287
18453850000.0,-100.27898192489134
18458848333.3,-88.60734621196013
18463846666.7,-86.65451671619343
18468845000.0,-96.29183349558183
18473843333.3,-90.78476957902653
18478841666.7,-84.51161677936766
18483840000.0,-92.20106379462979
18488838333.3,-90.6253343294974
18493836666.7,-84.80036276577417
18498835000.0,-93.50785643964909
18503833333.3,-80.34034849723271
18508831666.7,-93.60737107593152
18513830000.0,-85.31966419878044
18518828333.3,-91.25675505353607
18523826666.7,-88.16567073001487
18528825000.0,-94.44945898280842
18533823333.3,-84.62351105617441
18538821666.7,-92.59339775035704
18543820000.0,-100.7381764035381
18548818333.3,-85.37127635798615
18553816666.7,-92.3923735134567
18558815000.0,-87.63054915389263
18563813333.3,-85.83614262372566
18568811666.7,-88.81202090136748
18573810000.0,-89.01633254506007
18578808333.3,-99.37150925168247
18583806666.7,-96.77787131395363
18588805000.0,-86.90914915694562
18593803333.3,-82.03379236459428
18598801666.7,-82.22457672034366
18603800000.0,-90.04301613733666
18608798333.3,-100.59037494353576
18613796666.7,-94.66040189723645
18618795000.0,-94.43487950856728
18623793333.3,-79.5644824915732
18628791666.7,-85.97582401514447
18633790000.0,-92.93186077133615
18638788333.3,-85.06790228905697
18643786666.7,-97.22817514376628
18648785000.0,-85.58268206963356
18653783333.3,-89.26080865742645
18658781666.7,-112.39717646683182
18663780000.0,-100.60125119367174
18668778333.3,-112.11862625224495
18673776666.7,-98.96738944819312
18678775000.0,-92.50320102562368
18683773333.3,-86.41596200266738
18688771666.7,-80.04587484198598
18693770000.0,-83.03017833382647
18698768333.3,-85.1843351448533
18703766666.7,-89.39376301089155
18708765000.0,-86.75525595348772
18713763333.3,-86.33981254553908
18718761666.7,-85.39281067629084
18723760000.0,-89.01056769603153
18728758333.3,-87.35091448872302
18733756666.7,-83.69273225554707
18738755000.0,-84.86423822750758
18743753333.3,-93.18274660134256
18748751666.7,-82.62038353994225
18753750000.0,-87.60982079728191
18758748333.3,-94.4524574119643
18763746666.7,-79.67770724886093
18768745000.0,-93.18517451474278
18773743333.3,-87.70193526163561
18778741666.7,-99.7105101557622
18783740000.0,-93.32982453212401
18788738333.3,-88.7414223890232
18793736666.7,-88.33667554964515
18798735000.0,-85.86255205389152
18803733333.3,-87.19885798935083
18808731666.7,-96.02524154397663
18813730000.0,-87.91623370457266
18818728333.3,-92.85547086564148
18823726666.7,-86.42045414290246
18828725000.0,-88.92478546520097
18833723333.3,-89.95294951045167
18838721666.7,-89.44730021291888
18843720000.0,-90.92171206971018
18848718333.3,-93.78635618396473
18853716666.7,-88.61718743883364
18858715000.0,-93.32192643664018
18863713333.3,-92.69570635762486
18868711666.7,-87.09448384347533
18873710000.0,-90.18037035154205
18878708333.3,-95.254187177743
18883706666.7,-84.11654410683548
18888705000.0,-91.59249750776935
18893703333.3,-85.13933089450474
18898701666.7,-94.2368907780033
18903700000.0,-85.18063329824442
18908698333.3,-88.41208820548528
18913696666.7,-87.43922615924392
18918695000.0,-85.46796076135422
18923693333.3,-85.36475341070292
18928691666.7,-93.47087020419706
18933690000.0,-84.31290670577155
18938688333.3,-90.40351433354911
18943686666.7,-91.75258053327974
18948685000.0,-89.21344133094136
18953683333.3,-94.29776799068607
18958681666.7,-88.57899812428352
18963680000.0,-91.94833694488749
18968678333.3,-92.1592288489294
18973676666.7,-84.01955504231105
18978675000.0,-95.2462245261318
18983673333.3,-83.70064869250298
18988671666.7,-84.23981700956224
18993670000.0,-88.88314889722014
18998668333.3,-100.68653101624137
19003666666.7,-92.32861306589632
19008665000.0,-93.05832990759649
19013663333.3,-87.48392140719899
19018661666.7,-91.65411695827784
19023660000.0,-93.51714904670285
19028658333.3,-96.68956067985526
19033656666.7,-95.96098626776029
19038655000.0,-88.85193971666084
19043653333.3,-87.1316962403258
19048651666.7,-85.67561857962755
19053650000.0,-85.67086649938993
19058648333.3,-88.97203037225884
19063646666.7,-83.66745489717437
19068645000.0,-83.405486254347
19073643333.3,-87.2837259043207
19078641666.7,-91.61324331895437
19083640000.0,-85.19585589024891
19088638333.3,-84.51752436924151
19093636666.7,-91.6369189577546
19098635000.0,-85.87983922839307
19103633333.3,-87.65357171205349
19108631666.7,-81.79155269683919
19113630000.0,-91.21983664116513
19118628333.3,-84.63413222440937
19123626666.7,-86.73035893948398
19128625000.0,-84.94965118055961
19133623333.3,-89.59428769602474
19138621666.7,-94.95209533820332
19143620000.0,-91.70454981744903
19148618333.3,-91.66943066852154
19153616666.7,-99.94775960601066
19158615000.0,-95.85602856572712
19163613333.3,-89.30897030424663
19168611666.7,-85.32516378361103
19173610000.0,-93.3493576507671
19178608333.3,-85.5807288644273
19183606666.7,-87.02708951491493
19188605000.0,-80.13314794772123
19193603333.3,-83.96104805879634
19198601666.7,-87.69011156386682
19203600000.0,-80.4976725103672
19208598333.3,-86.25091321907038
19213596666.7,-87.24234030398202
19218595000.0,-88.57633538009887
19223593333.3,-100.56743070487435
19228591666.7,-84.55386030787653
19233590000.0,-93.71399452948825
19238588333.3,-88.21533095051058
19243586666.7,-95.38336069294728
19248585000.0,-87.88154317219266
19253583333.3,-89.7574695289282
19258581666.7,-89.07145217811616
19263580000.0,-92.45448621670916
19268578333.3,-87.43103695073415
19273576666.7,-82.0474256775522
19278575000.0,-83.80525610689432
19283573333.3,-88.49678872144894
19288571666.7,-97.24167995952544
19293570000.0,-97.66579097921054
19298568333.3,-93.14519342637708
19303566666.7,-93.25744651227922
19308565000.0,-97.82018766192722
19313563333.3,-80.66915672753673
19318561666.7,-102.43116343989874
19323560000.0,-86.43492285812384
19328558333.3,-96.19245897781985
19333556666.7,-89.45813364820404
19338555000.0,-94.62739575114078
19343553333.3,-93.68469728538655
19348551666.7,-83.63808087188849
19353550000.0,-97.5497089486811
19358548333.3,-83.4736962582894
19363546666.7,-85.68165087242976
19368545000.0,-103.44631875792017
19373543333.3,-84.93901852021412
19378541666.7,-88.15179141032479
19383540000.0,-84.87289055699834
19388538333.3,-82.37749127668567
19393536666.7,-95.38383226685144
19398535000.0,-84.3180348007374
19403533333.3,-88.27642290878708
19408531666.7,-86.52366441246764
19413530000.0,-85.49258793246796
19418528333.3,-80.586169892248
19423526666.7,-83.21696845503428
19428525000.0,-86.65225400684679
19433523333.3,-85.44606414480563
19438521666.7,-88.88261619794294
19443520000.0,-91.61007950859468
19448518333.3,-82.59667182712758
19453516666.7,-90.55990315254151
19458515000.0,-86.12688904045598
19463513333.3,-89.56007934445512
19468511666.7,-85.44683703212272
19473510000.0,-78.20194531820437
19478508333.3,-86.09681845744288
19483506666.7,-90.27626335016437
19488505000.0,-83.3299196828414
19493503333.3,-83.47829444641832
19498501666.7,-88.82048715288101
19503500000.0,-86.87391305945765
19508498333.3,-84.96877973957805
19513496666.7,-84.97185894804979
19518495000.0,-83.60963930692235
19523493333.3,-88.49431758792056
19528491666.7,-86.16145548409253
19533490000.0,-85.04500522852246
19538488333.3,-82.94851607133882
19543486666.7,-87.38934689040077
19548485000.0,-91.40107903607607
19553483333.3,-83.43799261529603
19558481666.7,-89.95909177717638
19563480000.0,-86.03272844183866
19568478333.3,-99.21036475626232
19573476666.7,-93.10154364502155
19578475000.0,-83.03440461243446
19583473333.3,-83.46489951285946
19588471666.7,-85.13464079393835
19593470000.0,-90.94465050761676
19598468333.3,-87.43186357060947
19603466666.7,-87.16232926139764
19608465000.0,-81.3775354835438
19613463333.3,-84.66631690400071
19618461666.7,-81.82715429749607
19623460000.0,-98.52543625621342
19628458333.3,-80.43274828607812
19633456666.7,-88.8022425313477
19638455000.0,-82.05844585900294
19643453333.3,-95.29536680779921
19648451666.7,-87.86321257383248
19653450000.0,-87.07612677314253
19658448333.3,-83.70722611396732
19663446666.7,-93.70482925925072
19668445000.0,-80.30127197502294
19673443333.3,-89.67666447260733
19678441666.7,-84.2371469402349
19683440000.0,-85.48616434950199
19688438333.3,-87.86326035561655
19693436666.7,-86.59259395785297
19698435000.0,-79.62164559514689
19703433333.3,-85.11025080005462
19708431666.7,-82.08653122481763
19713430000.0,-84.28358941660483
19718428333.3,-93.76534477465923
19723426666.7,-81.06091614711191
19728425000.0,-89.06726459260557
19733423333.3,-86.10915342636079
19738421666.7,-87.56490625714997
19743420000.0,-91.11753998062012
19748418333.3,-85.23156221935587
19753416666.7,-91.1986847171471
19758415000.0,-81.31036676242664
19763413333.3,-79.83757839190757
19768411666.7,-86.28378366023456
19773410000.0,-86.60527422675145
19778408333.3,-95.71170626983822
19783406666.7,-83.52736403040494
19788405000.0,-92.88583492759224
19793403333.3,-83.85802075863721
19798401666.7,-94.24528821869492
19803400000.0,-90.14253753048865
19808398333.3,-98.39166319936795
19813396666.7,-86.71291713945473
19818395000.0,-87.52884925879357
19823393333.3,-92.67038005511299
19828391666.7,-104.40803565447139
19833390000.0,-93.9672012854819
19838388333.3,-89.36134468911678
19843386666.7,-82.42351988639413
19848385000.0,-92.95969689751769
19853383333.3,-89.3028424817422
19858381666.7,-98.66238366959409
19863380000.0,-92.73966130957629
19868378333.3,-84.03808777399081
19873376666.7,-90.75296652415823
19878375000.0,-86.8060819912764
19883373333.3,-94.05367421708729
19888371666.7,-87.01195563550354
19893370000.0,-90.85766499376203
19898368333.3,-81.60875144408041
19903366666.7,-91.29204291076684
19908365000.0,-98.8495396622359
19913363333.3,-85.05683626904792
19918361666.7,-88.21840931368723
19923360000.0,-88.20612502907002
19928358333.3,-85.29499329261219
19933356666.7,-82.62672093309313
19938355000.0,-93.18611074027072
19943353333.3,-90.16587517411548
19948351666.7,-82.80360881250576
19953350000.0,-85.79475201135489
19958348333.3,-88.55116733678285
19963346666.7,-79.80088852021939
19968345000.0,-91.02352932476012
19973343333.3,-86.54472119890663
19978341666.7,-85.34487790814418
19983340000.0,-96.8789471416384
19988338333.3,-85.50688270010569
19993336666.7,-91.30670651130423
19998335000.0,-82.1785328947007
20003333333.3,-82.34711341950096
20008331666.7,-91.9185006978468
20013330000.0,-84.23093213281022
20018328333.3,-82.90167058505997
20023326666.7,-91.58595489748086
20028325000.0,-86.63195648389161
20033323333.3,-93.25547451764751
20038321666.7,-90.50099133688575
20043320000.0,-85.78250236416608
20048318333.3,-102.75321152008844
20053316666.7,-92.15657811975808
20058315000.0,-84.93370138095598
20063313333.3,-86.38801358449088
20068311666.7,-89.59910003855899
20073310000.0,-89.47796336670591
20078308333.3,-81.78109527678231
20083306666.7,-89.84262253240763
20088305000.0,-82.46265576763257
20093303333.3,-88.1391023321133
20098301666.7,-91.96435363022614
20103300000.0,-88.340859383333
20108298333.3,-97.87406667565456
20113296666.7,-82.54936962714987
20118295000.0,-80.84235280979436
20123293333.3,-90.50969527497067
20128291666.7,-99.83967747466397
20133290000.0,-103.28843610996641
20138288333.3,-87.74680382318124
20143286666.7,-89.41113597491602
20148285000.0,-95.02361959012424
20153283333.3,-86.30925087394219
20158281666.7,-88.28372513506623
20163280000.0,-87.12043219776378
20168278333.3,-93.21840823535055
20173276666.7,-85.72206873464711
20178275000.0,-87.85353178923631
20183273333.3,-87.22716277876725
20188271666.7,-88.41470560062464
20193270000.0,-95.50468368071844
20198268333.3,-83.27931371346956
20203266666.7,-91.8130379810292
20208265000.0,-93.11515920756085
20213263333.3,-84.38311732943703
20218261666.7,-82.81909414300105
20223260000.0,-80.6756992093802
20228258333.3,-93.22577262798808
20233256666.7,-86.51050021347105
20238255000.0,-95.08554324113592
20243253333.3,-91.08100352586757
20248251666.7,-87.50595868440672
20253250000.0,-92.62308335736125
20258248333.3,-77.85203985144767
20263246666.7,-85.32352210100339
20268245000.0,-110.58105425957775
20273243333.3,-83.06779491407244
20278241666.7,-84.7266704115795
20283240000.0,-89.04703220525901
20288238333.3,-88.60808896085119
20293236666.7,-90.24177405751954
20298235000.0,-90.11671782201614
20303233333.3,-86.04417420656681
20308231666.7,-93.68574057852875
20313230000.0,-88.0470257134688
20318228333.3,-86.90428838344218
20323226666.7,-83.15112905286911
20328225000.0,-88.1077366107585
20333223333.3,-92.75031256547439
20338221666.7,-89.28960772007753
20343220000.0,-86.52973732272615
20348218333.3,-95.73001067837365
20353216666.7,-86.01151505660445
20358215000.0,-85.94846591872627
20363213333.3,-88.31153129096248
20368211666.7,-91.3818161727271
20373210000.0,-97.33422684044173
20378208333.3,-81.60468826914389
20383206666.7,-83.89765243046598
20388205000.0,-100.85584913832905
20393203333.3,-89.11434449146925
20398201666.7,-85.49995434081009
20403200000.0,-90.87872875618409
20408198333.3,-86.42835122945004
20413196666.7,-86.7024646589185
20418195000.0,-87.98776077285768
20423193333.3,-86.57693262515765
20428191666.7,-94.98739235720392
20433190000.0,-96.69341332128467
20438188333.3,-85.75803101057245
20443186666.7,-106.07978638422696
20448185000.0,-84.60101932419246
20453183333.3,-87.77685020196826
20458181666.7,-87.98764650217981
20463180000.0,-90.57988228118239
20468178333.3,-84.2151086230804
20473176666.7,-82.17601706564594
20478175000.0,-89.55151835241347
20483173333.3,-96.68591532808026
20488171666.7,-102.03084944123043
20493170000.0,-93.54178743299501
20498168333.3,-92.13220939679928
20503166666.7,-85.26385612008325
20508165000.0,-91.62252776817132
20513163333.3,-84.07562346266901
20518161666.7,-89.0032797023118
20523160000.0,-89.96799398071747
20528158333.3,-85.88300725166854
20533156666.7,-93.34255333383646
20538155000.0,-85.97213493836792
20543153333.3,-86.34277380779139
20548151666.7,-84.185699120638
20553150000.0,-83.6611943040867
20558148333.3,-93.30758524673377
20563146666.7,-90.18299612894987
20568145000.0,-92.32599754212016
20573143333.3,-92.95788679414942
20578141666.7,-81.98210750788824
20583140000.0,-83.95140812377413
20588138333.3,-87.20972217234848
20593136666.7,-96.10749186252745
20598135000.0,-88.03955917330335
20603133333.3,-86.56257923912925
20608131666.7,-102.54225525685514
20613130000.0,-87.22821562801133
20618128333.3,-89.33795370978478
20623126666.7,-98.62055746450919
20628125000.0,-83.9076319728841
20633123333.3,-87.13769622552911
20638121666.7,-101.20643660031888
20643120000.0,-100.02578555979147
20648118333.3,-93.72515226183118
20653116666.7,-89.40394268777769
20658115000.0,-93.11237061211379
20663113333.3,-84.50419276035623
20668111666.7,-91.44873936475618
20673110000.0,-92.14664258004619
20678108333.3,-100.4228243254069
20683106666.7,-86.0568826840879
20688105000.0,-88.00549746807391
20693103333.3,-88.86839883236416
20698101666.7,-89.98454295324382
20703100000.0,-86.16358805023467
20708098333.3,-92.47125284052726
20713096666.7,-92.79868792244724
20718095000.0,-91.58920079805229
20723093333.3,-81.30582770887115
20728091666.7,-92.9467847122209
20733090000.0,-88.68760696575401
20738088333.3,-87.4184167181788
20743086666.7,-87.70497100766931
20748085000.0,-92.45399091030524
20753083333.3,-87.46500532896135
20758081666.7,-105.9138151510208
20763080000.0,-83.44608182078879
20768078333.3,-85.55987284729868
20773076666.7,-91.7563188380399
20778075000.0,-89.3839204851464
20783073333.3,-97.24877421567065
20788071666.7,-90.1638063812963
20793070000.0,-86.3928721780065
20798068333.3,-88.04937322967477
20803066666.7,-88.27353502206194
20808065000.0,-82.4777224869858
20813063333.3,-90.18626412318945
20818061666.7,-87.73212908888536
20823060000.0,-87.96539511991611
20828058333.3,-90.59867851595781
20833056666.7,-79.08229594640757
20838055000.0,-82.38636883515797
20843053333.3,-84.7463383648364
20848051666.7,-88.59680426070328
20853050000.0,-94.89903445021818
20858048333.3,-89.65349547312567
20863046666.7,-83.78460441583238
20868045000.0,-94.87974595329712
20873043333.3,-97.08746788516174
20878041666.7,-90.87988196454658
20883040000.0,-84.65482813380666
20888038333.3,-93.20724379179157
20893036666.7,-98.38155909679878
20898035000.0,-90.3539836318698
20903033333.3,-86.62047110584373
20908031666.7,-86.10589280608606
20913030000.0,-92.86481433388775
20918028333.3,-84.82680688251355
20923026666.7,-90.78105992735338
20928025000.0,-92.31083179555121
20933023333.3,-88.13561399064334
20938021666.7,-86.31501952253666
20943020000.0,-87.60787690128723
20948018333.3,-91.85657384356318
20953016666.7,-85.26221625436301
20958015000.0,-82.38202502072355
20963013333.3,-97.60016165338975
20968011666.7,-84.1721842081561
20973010000.0,-85.16854005082766
20978008333.3,-86.9620046533317
20983006666.7,-93.0043173097776
20988005000.0,-92.4658891879419
20993003333.3,-87.69716434147404
20998001666.7,-94.8899164922602
21003000000.0,-99.24678560622272
21007998333.3,-91.19062760914562
21012996666.7,-93.76933308204961
21017995000.0,-93.47732559854296
21022993333.3,-91.18682064452199
21027991666.7,-89.57247193934604
21032990000.0,-82.35257094808568
21037988333.3,-88.22480179221733
21042986666.7,-102.46522376867921
21047985000.0,-88.61663454449415
21052983333.3,-89.51898447802162
21057981666.7,-81.88614654681231
21062980000.0,-92.91700553934174
21067978333.3,-88.46677008792234
21072976666.7,-96.27387437114788
21077975000.0,-84.31995617826107
21082973333.3,-82.78979665901187
21087971666.7,-82.46526541162
21092970000.0,-91.70754586700608
21097968333.3,-99.90280130459313
21102966666.7,-94.2937742218446
21107965000.0,-84.10923453025455
21112963333.3,-87.9389129295237
21117961666.7,-89.78313541405569
21122960000.0,-82.03352542352506
21127958333.3,-86.85711896171107
21132956666.7,-82.67571024672816
21137955000.0,-94.67775725493365
21142953333.3,-88.1975143253566
21147951666.7,-89.39648412135915
21152950000.0,-90.93596818185974
21157948333.3,-86.2852395050909
21162946666.7,-87.80838632210964
21167945000.0,-96.73001803047677
21172943333.3,-86.00891441976111
21177941666.7,-88.35986649727806
21182940000.0,-85.16387933694874
21187938333.3,-83.85464019316053
21192936666.7,-84.05712333824576
21197935000.0,-99.31659196967495
21202933333.3,-89.25260244003881
21207931666.7,-88.09289648919832
21212930000.0,-83.79743874321129
21217928333.3,-91.4043413722683
21222926666.7,-94.60741788506238
21227925000.0,-93.99971728492497
21232923333.3,-93.40574491531234
21237921666.7,-90.68967432064296
21242920000.0,-87.71673487433725
21247918333.3,-88.47025456748864
21252916666.7,-84.68840667294569
21257915000.0,-98.37984394133356
21262913333.3,-83.19568580115038
21267911666.7,-87.10667697713497
21272910000.0,-83.62633403833684
21277908333.3,-85.23092651321947
21282906666.7,-86.2379320716654
21287905000.0,-87.93674452054566
21292903333.3,-89.59140580321946
21297901666.7,-92.25858826942641
21302900000.0,-85.59656754770594
21307898333.3,-92.16055059872524
21312896666.7,-94.47440568170467
21317895000.0,-88.05096973799982
21322893333.3,-89.1929222063549
21327891666.7,-88.40275577913422
21332890000.0,-81.14394634895866
21337888333.3,-89.72286319411539
21342886666.7,-91.03431918852111
21347885000.0,-86.26471907701273
21352883333.3,-107.52225745339709
21357881666.7,-84.83429961147833
21362880000.0,-85.00698436068515
21367878333.3,-78.7021443768981
21372876666.7,-100.71645501559546
21377875000.0,-90.86195176711387
21382873333.3,-93.19246661665282
21387871666.7,-91.15363513151752
21392870000.0,-89.61334285339711
21397868333.3,-90.38428114335201
21402866666.7,-79.99700086739311
21407865000.0,-87.27581975835774
21412863333.3,-92.43366075562952
21417861666.7,-87.97548900261253
21422860000.0,-90.53413284785816
21427858333.3,-89.1611128232116
21432856666.7,-95.06093005599773
21437855000.0,-82.53762670309301
21442853333.3,-85.8870463851403
21447851666.7,-86.36964945431286
21452850000.0,-82.84578497732463
21457848333.3,-83.42726686924868
21462846666.7,-94.81089471283042
21467845000.0,-92.40626941449958
21472843333.3,-86.4920178628536
21477841666.7,-84.11485795209431
21482840000.0,-83.80762388985625
21487838333.3,-84.71560841399383
21492836666.7,-89.9430932814235
21497835000.0,-89.98809188926981
21502833333.3,-84.49773342164433
21507831666.7,-90.47520218146552
21512830000.0,-87.27787638536526
21517828333.3,-94.42323050306982
21522826666.7,-85.7327474469653
21527825000.0,-91.15397670855256
21532823333.3,-89.06051495404463
21537821666.7,-89.36444101561976
21542820000.0,-87.69603070800068
21547818333.3,-86.22231484845601
21552816666.7,-91.0461345106149
21557815000.0,-88.05008013812679
21562813333.3,-87.96355119909197
21567811666.7,-91.59533468778277
21572810000.0,-86.95720549856554
21577808333.3,-92.61700636423215
21582806666.7,-85.34958871825492
21587805000.0,-89.85647853718322
21592803333.3,-83.0064749933372
21597801666.7,-83.37374613334453
21602800000.0,-89.48041471839488
21607798333.3,-77.72022518511011
21612796666.7,-93.00902416993458
21617795000.0,-91.60145040293278
21622793333.3,-89.6148815795328
21627791666.7,-93.59532428607167
21632790000.0,-88.35578699250033
21637788333.3,-88.5974709635135
21642786666.7,-83.72687309077827
21647785000.0,-85.98592398220134
21652783333.3,-91.09514758889715
21657781666.7,-86.29332691827474
21662780000.0,-89.63572322539429
21667778333.3,-88.6772606027708
21672776666.7,-95.89828887521817
21677775000.0,-86.7532636686987
21682773333.3,-85.4730549980789
21687771666.7,-85.85206495866484
21692770000.0,-101.62897084558168
21697768333.3,-92.86395023711432
21702766666.7,-82.7654160625493
21707765000.0,-89.51474915160789
21712763333.3,-84.26054349931778
21717761666.7,-82.94500992223377
21722760000.0,-85.47583238444282
21727758333.3,-93.77763246471922
21732756666.7,-87.23146227690846
21737755000.0,-86.76837809896732
21742753333.3,-84.90550254790021
21747751666.7,-88.03699874734983
21752750000.0,-87.74072617473723
21757748333.3,-92.9032642449412
21762746666.7,-87.97520422650494
21767745000.0,-88.14765298004457
21772743333.3,-89.15187790733951
21777741666.7,-92.68313399598954
21782740000.0,-91.98226961089163
21787738333.3,-84.80591089431738
21792736666.7,-83.1475170220581
21797735000.0,-98.85221003268549
21802733333.3,-83.1594953539883
21807731666.7,-82.86314840346691
21812730000.0,-90.55916065664043
21817728333.3,-81.95303899953366
21822726666.7,-80.29451346962787
21827725000.0,-91.47849403066907
21832723333.3,-94.9950293726796
21837721666.7,-83.81084359915909
21842720000.0,-89.01190627795403
21847718333.3,-83.24493652622854
21852716666.7,-89.18318422751997
21857715000.0,-87.45962397247526
21862713333.3,-92.56963248341566
21867711666.7,-81.08684380844947
21872710000.0,-88.10979572158945
21877708333.3,-90.24224646276595
21882706666.7,-84.82247025975182
21887705000.0,-93.62697133611589
21892703333.3,-97.51693502195502
21897701666.7,-90.75288116929633
21902700000.0,-86.73253985872873
21907698333.3,-86.6985347897839
21912696666.7,-79.17226759045904
21917695000.0,-82.22721294213541
21922693333.3,-94.66833895909096
21927691666.7,-95.05475595058469
21932690000.0,-86.27571494957492
21937688333.3,-97.63888006190733
21942686666.7,-87.51320805141164
21947685000.0,-88.45774628104402
21952683333.3,-90.34987977930592
21957681666.7,-84.25129192561626
21962680000.0,-103.52229039312134
21967678333.3,-90.69141710346445
21972676666.7,-88.3011447072684
21977675000.0,-87.09509878636447
21982673333.3,-89.73707038527296
21987671666.7,-95.4180235372528
21992670000.0,-95.31297495636971
21997668333.3,-88.44158986830878
22002666666.7,-98.05136712079745
22007665000.0,-84.68585460322817
22012663333.3,-97.74222402409366
22017661666.7,-85.52391511717404
22022660000.0,-84.19414137705155
22027658333.3,-92.5651132744068
22032656666.7,-86.81315035689444
22037655000.0,-87.66746303566093
22042653333.3,-81.62359041386411
22047651666.7,-84.47598948892187
22052650000.0,-93.14868069227843
22057648333.3,-97.74642030987822
22062646666.7,-84.86600160674726
22067645000.0,-84.54756444387654
22072643333.3,-85.86096615586621
22077641666.7,-97.16571683565908
22082640000.0,-85.88859340304339
22087638333.3,-81.90735318726853
22092636666.7,-91.7391450364503
22097635000.0,-101.76148557158021
22102633333.3,-87.93316182873846
22107631666.7,-103.79051331471125
22112630000.0,-83.83783990433082
22117628333.3,-91.14856912921826
22122626666.7,-89.73570805594882
22127625000.0,-110.00829400340102
22132623333.3,-92.87809265456774
22137621666.7,-91.70384248632186
22142620000.0,-88.05709275008891
22147618333.3,-89.24695090869488
22152616666.7,-95.08437417252168
22157615000.0,-85.84007583454292
22162613333.3,-92.08239681300385
22167611666.7,-82.20698213296322
22172610000.0,-84.19135588024298
22177608333.3,-91.81178321293528
22182606666.7,-100.42580822261627
22187605000.0,-82.64264784126242
22192603333.3,-82.0777422225448
22197601666.7,-95.56701584595234
22202600000.0,-83.65896348176821
22207598333.3,-91.42688143225685
22212596666.7,-96.45279777008062
22217595000.0,-90.69175322821326
22222593333.3,-81.70542829324475
22227591666.7,-87.16953507010675
22232590000.0,-97.10079655418909
22237588333.3,-83.79335883599956
22242586666.7,-91.85757714164959
22247585000.0,-86.71798467093333
22252583333.3,-91.68403157261054
22257581666.7,-82.5258340541234
22262580000.0,-85.63802866060635
22267578333.3,-84.739433895074
22272576666.7,-88.18821728659591
22277575000.0,-83.65887635024583
22282573333.3,-89.49925432411695
22287571666.7,-89.7748439626107
22292570000.0,-90.59570869785944
22297568333.3,-91.8577034495673
22302566666.7,-88.79753460869368
22307565000.0,-88.46541773774263
22312563333.3,-92.04501960808386
22317561666.7,-87.06092659174519
22322560000.0,-91.23710783076085
22327558333.3,-94.20400236428077
22332556666.7,-86.7169037884297
22337555000.0,-90.52570701711092
22342553333.3,-86.29398640141275
22347551666.7,-87.70968251140017
22352550000.0,-84.64110200175183
22357548333.3,-86.04164441499219
22362546666.7,-88.75525900436976
22367545000.0,-86.06588587771526
22372543333.3,-95.62921770966925
22377541666.7,-92.55587566310724
22382540000.0,-90.80238794552628
22387538333.3,-89.44060236150048
22392536666.7,-88.47254966579882
22397535000.0,-89.2893899745967
22402533333.3,-85.33255517512698
22407531666.7,-88.83506172442112
22412530000.0,-101.82524828221582
22417528333.3,-93.89547381410924
22422526666.7,-89.56626577721653
22427525000.0,-95.27431188529567
22432523333.3,-87.2934083082278
22437521666.7,-89.3504660526191
22442520000.0,-89.57520847418594
22447518333.3,-84.15449214250317
22452516666.7,-89.84903469968641
22457515000.0,-84.48020780964532
22462513333.3,-85.64893055158073
22467511666.7,-89.66705700923342
22472510000.0,-95.28103606799289
22477508333.3,-83.55429720812788
22482506666.7,-89.07520711244442
22487505000.0,-85.00607289450338
22492503333.3,-132.0908349666539
22497501666.7,-86.8267279339708
22502500000.0,-83.55125092288947
22507498333.3,-82.95608954683718
22512496666.7,-82.43686707669286
22517495000.0,-96.62593971401418
22522493333.3,-99.36979204893345
22527491666.7,-85.21466846463477
22532490000.0,-96.32634122786351
22537488333.3,-85.1625425954517
22542486666.7,-90.07585785736754
22547485000.0,-89.86750303218464
22552483333.3,-85.67088456954372
22557481666.7,-91.95711708260208
22562480000.0,-83.96867382198552
22567478333.3,-94.43391658211873
22572476666.7,-94.12914034855706
22577475000.0,-82.36459675658077
22582473333.3,-87.73752716745139
22587471666.7,-98.11797143246864
22592470000.0,-91.80136590851019
22597468333.3,-87.71853228060715
22602466666.7,-93.48732157764064
22607465000.0,-85.56990502173272
22612463333.3,-89.94986935628984
22617461666.7,-91.87115025090378
22622460000.0,-92.54109562828604
22627458333.3,-93.65604035494435
22632456666.7,-91.70047188451653
22637455000.0,-85.45594941101007
22642453333.3,-85.84694732153976
22647451666.7,-88.75159404902536
22652450000.0,-82.51043338476472
22657448333.3,-92.20118009764721
22662446666.7,-86.62998976557121
22667445000.0,-96.94007271814358
22672443333.3,-93.65267079496354
22677441666.7,-88.07090761201636
22682440000.0,-89.7678996076028
22687438333.3,-89.27467316123483
22692436666.7,-91.68646773817366
22697435000.0,-96.211373712015
22702433333.3,-89.6193797778438
22707431666.7,-90.93749663701539
22712430000.0,-98.21049901876285
22717428333.3,-88.59175363803956
22722426666.7,-89.25518458157951
22727425000.0,-89.88993811418888
22732423333.3,-93.19765602271764
22737421666.7,-85.1802513417044
22742420000.0,-89.4653520470993
22747418333.3,-88.99257964762813
22752416666.7,-95.28610530814518
22757415000.0,-87.09585359523416
22762413333.3,-89.7368324649764
22767411666.7,-86.65554185417443
22772410000.0,-94.15018097534897
22777408333.3,-86.71095301767808
22782406666.7,-88.21207039700873
22787405000.0,-95.04510183455416
22792403333.3,-82.68974629242518
22797401666.7,-89.983957127629
22802400000.0,-90.37854751443923
22807398333.3,-96.09789204947427
22812396666.7,-82.8911281486809
22817395000.0,-111.30035726056678
22822393333.3,-88.14321659941695
22827391666.7,-101.35533262581723
22832390000.0,-95.0509752114098
22837388333.3,-86.50358251045496
22842386666.7,-91.11085523953177
22847385000.0,-101.10244616360134
22852383333.3,-87.3812533940508
22857381666.7,-82.62119185152378
22862380000.0,-91.91929439820542
22867378333.3,-84.9069806270683
22872376666.7,-88.482574674202
22877375000.0,-92.44122325362369
22882373333.3,-89.48637830934541
22887371666.7,-96.86455608047862
22892370000.0,-89.47928446778583
22897368333.3,-89.70427045207566
22902366666.7,-98.19296260486905
22907365000.0,-85.35763369524363
22912363333.3,-93.79924577027522
22917361666.7,-95.11324450770542
22922360000.0,-92.13186271567359
22927358333.3,-89.47132970110479
22932356666.7,-85.25007891959673
22937355000.0,-91.90019908273709
22942353333.3,-88.00874119650368
22947351666.7,-87.03492137605265
22952350000.0,-95.03996486191932
22957348333.3,-93.61316881955871
22962346666.7,-87.02307087512193
22967345000.0,-85.13252494578836
22972343333.3,-94.69513590122997
22977341666.7,-95.92325867383093
22982340000.0,-91.05596980165762
22987338333.3,-98.13890885299882
22992336666.7,-93.7981262345717
22997335000.0,-98.17546494154328
23002333333.3,-95.0557102011689
23007331666.7,-86.44791057329746
23012330000.0,-96.09152633539941
23017328333.3,-91.53709516763928
23022326666.7,-86.89537428383531
23027325000.0,-84.39470120175255
23032323333.3,-80.14742288887956
23037321666.7,-88.59719320468862
23042320000.0,-86.83939652067563
23047318333.3,-91.49422791176427
23052316666.7,-91.37753578543527
23057315000.0,-92.2650469624991
23062313333.3,-85.22488730863606
23067311666.7,-95.11623417067968
23072310000.0,-81.37355676376792
23077308333.3,-87.12833109571966
23082306666.7,-88.90156445461633
23087305000.0,-84.76381169280812
23092303333.3,-92.37085519360362
23097301666.7,-86.48927645442521
23102300000.0,-107.52536399278799
23107298333.3,-84.70116610018623
23112296666.7,-86.74863929441253
23117295000.0,-88.15921724897419
23122293333.3,-101.06855123591103
23127291666.7,-86.49511588089341
23132290000.0,-88.67610976382836
23137288333.3,-91.4031724792531
23142286666.7,-83.22961002468958
23147285000.0,-91.4064296372303
23152283333.3,-95.06684492053019
23157281666.7,-84.99158372252218
23162280000.0,-86.01873073611063
23167278333.3,-91.85691426390898
23172276666.7,-102.20117203497674
23177275000.0,-98.22548287523843
23182273333.3,-88.79873754085585
23187271666.7,-91.05105795428629
23192270000.0,-87.96236032607209
23197268333.3,-105.25591414876418
23202266666.7,-91.7267592838631
23207265000.0,-84.73338028122728
23212263333.3,-87.24546977734116
23217261666.7,-84.29514272278267
23222260000.0,-93.61143465256221
23227258333.3,-96.16101321453199
23232256666.7,-82.63478475129637
23237255000.0,-88.99133657503866
23242253333.3,-97.54682586388984
23247251666.7,-91.3499703022074
23252250000.0,-94.58539986292202
23257248333.3,-85.43769583582062
23262246666.7,-87.6794705063617
23267245000.0,-85.6258968216107
23272243333.3,-85.50263220773132
23277241666.7,-88.60361002860968
23282240000.0,-89.85772514194379
23287238333.3,-90.6667524787251
23292236666.7,-80.7469228863156
23297235000.0,-88.54092589741087
23302233333.3,-92.37415849245068
23307231666.7,-82.1493073071521
23312230000.0,-97.60700814298785
23317228333.3,-85.29190192469406
23322226666.7,-94.77342141485263
23327225000.0,-91.84203000439976
23332223333.3,-99.40489936961691
23337221666.7,-93.54273348932622
23342220000.0,-89.44963353682623
23347218333.3,-95.60952427851241
23352216666.7,-95.69114912980203
23357215000.0,-94.05192351071764
23362213333.3,-92.96583680053129
23367211666.7,-89.78565399590579
23372210000.0,-86.76951237894389
23377208333.3,-80.58874803997116
23382206666.7,-86.20325490885372
23387205000.0,-87.39044222790149
23392203333.3,-92.58301886438511
23397201666.7,-94.21577360150684
23402200000.0,-94.08347047877164
23407198333.3,-89.38332811108032
23412196666.7,-89.0576648559403
23417195000.0,-84.60173329961395
23422193333.3,-108.94018918648015
23427191666.7,-88.11606627853324
23432190000.0,-90.80636678172056
23437188333.3,-86.33476598239035
23442186666.7,-79.41298307330197
23447185000.0,-95.41189451741674
23452183333.3,-84.2126307624801
23457181666.7,-102.72799776958112
23462180000.0,-85.41674290576124
23467178333.3,-82.87210933812439
23472176666.7,-85.58214175486037
23477175000.0,-87.49474891965498
23482173333.3,-87.14299156120859
23487171666.7,-104.714292664304
23492170000.0,-97.6147449097397
23497168333.3,-86.08393686341053
23502166666.7,-89.51588984685061
23507165000.0,-92.72726499133074
23512163333.3,-81.37486884801113
23517161666.7,-87.13137688077691
23522160000.0,-85.17097451206715
23527158333.3,-108.33117105246211
23532156666.7,-90.93274997161353
23537155000.0,-89.82352555518551
23542153333.3,-88.7295154237676
23547151666.7,-94.12652826508756
23552150000.0,-97.08616210653874
23557148333.3,-90.97648047861769
23562146666.7,-87.37437525798144
23567145000.0,-89.93491729298889
23572143333.3,-92.30888893183099
23577141666.7,-87.91152138654883
23582140000.0,-85.61063387545039
23587138333.3,-96.30196513656657
23592136666.7,-90.13156705074636
23597135000.0,-83.02951898342117
23602133333.3,-83.69881938223928
23607131666.7,-82.3177386772717
23612130000.0,-97.42116753942457
23617128333.3,-86.85168430957512
23622126666.7,-88.22285367671235
23627125000.0,-86.73734658844175
23632123333.3,-93.21774087573016
23637121666.7,-82.04820829287485
23642120000.0,-88.15965266236425
23647118333.3,-88.34052711955572
23652116666.7,-88.34202696948203
23657115000.0,-90.16268211584111
23662113333.3,-91.8158155360922
23667111666.7,-88.0270118274419
23672110000.0,-97.2896192895723
23677108333.3,-85.45838167923685
23682106666.7,-81.57956687989747
23687105000.0,-86.47564355517716
23692103333.3,-93.4036450818545
23697101666.7,-90.79742784117273
23702100000.0,-101.46285262605534
23707098333.3,-91.31150468529842
23712096666.7,-90.44547692106173
23717095000.0,-90.8889039637263
23722093333.3,-101.44569249118277
23727091666.7,-87.59183875583753
23732090000.0,-85.53072059821935
23737088333.3,-89.89305798137649
23742086666.7,-83.23649424803565
23747085000.0,-92.84600772817066
23752083333.3,-89.12335940190252
23757081666.7,-87.30680029321081
23762080000.0,-84.68089831159922
23767078333.3,-81.1543446112497
23772076666.7,-89.34351244812994
23777075000.0,-80.95554360097839
23782073333.3,-91.38528253590295
23787071666.7,-95.14031086388698
23792070000.0,-91.19911552074024
23797068333.3,-84.64825714551353
23802066666.7,-90.32939879944281
23807065000.0,-86.78981921286803
23812063333.3,-84.41082962327212
23817061666.7,-93.14491575207542
23822060000.0,-81.33119501876278
23827058333.3,-101.07078359117928
23832056666.7,-93.8920713176695
23837055000.0,-92.73617128954231
23842053333.3,-97.77378732037242
23847051666.7,-97.01310621482978
23852050000.0,-82.4016511326439
23857048333.3,-101.96445761573798
23862046666.7,-86.69275213314934
23867045000.0,-94.0084192022499
23872043333.3,-85.09944718509988
23877041666.7,-81.9608667599796
23882040000.0,-80.61015611881993
23887038333.3,-88.33395921476196
23892036666.7,-86.94290933613306
23897035000.0,-83.02356640930776
23902033333.3,-83.15759331101857
23907031666.7,-88.09647165858874
23912030000.0,-93.66665439369227
23917028333.3,-85.64835659194588
23922026666.7,-81.8478891805029
23927025000.0,-87.17130418629407
23932023333.3,-92.344992999448
23937021666.7,-91.83101687102291
23942020000.0,-89.37420175175767
23947018333.3,-90.26481209293387
23952016666.7,-90.36795082399045
23957015000.0,-85.60618721155546
23962013333.3,-89.81105566947735
23967011666.7,-101.56674424877949
23972010000.0,-84.06215744385688
23977008333.3,-88.46478139026732
23982006666.7,-90.47034747590315
23987005000.0,-92.9715412842302
23992003333.3,-82.15732029166057
23997001666.7,-89.57920561553468
24002000000.0,-77.9233360878566
24006998333.3,-77.76759064606804
24011996666.7,-79.85628296163196
24016995000.0,-79.74284324925735
24021993333.3,-76.7257715101094
24026991666.7,-87.17044973572429
24031990000.0,-71.92602799790127
24036988333.3,-79.1802453495771
24041986666.7,-73.34152910530281
24046985000.0,-79.99569983993786
24051983333.3,-80.04566417864112
24056981666.7,-73.538203969178
24061980000.0,-73.19063573187313
24066978333.3,-78.96198062114946
24071976666.7,-79.62900952503507
24076975000.0,-72.35322370274525
24081973333.3,-88.86047431847102
24086971666.7,-72.80722612234302
24091970000.0,-76.15572415779344
24096968333.3,-76.19898192069756
24101966666.7,-77.71369800440682
24106965000.0,-68.74444604173112
24111963333.3,-72.58807666686054
24116961666.7,-75.6194379456924
24121960000.0,-71.09236611341453
24126958333.3,-70.35569120751498
24131956666.7,-72.88845317010774
24136955000.0,-75.17386675745004
24141953333.3,-75.55289282154418
24146951666.7,-85.65965776239915
24151950000.0,-83.30491941484794
24156948333.3,-72.49075205161365
24161946666.7,-78.91112958129946
24166945000.0,-79.1446520314927
24171943333.3,-79.76598735017843
24176941666.7,-78.66032056736688
24181940000.0,-75.9314130879245
24186938333.3,-75.16029640196341
24191936666.7,-75.41790031666407
24196935000.0,-79.61751029567385
24201933333.3,-76.38799478000328
24206931666.7,-83.61654320418884
24211930000.0,-102.39836608149676
24216928333.3,-89.29946054047137
24221926666.7,-71.2234430676073
24226925000.0,-84.65678464446613
24231923333.3,-83.20420103810518
24236921666.7,-75.41831185037846
24241920000.0,-74.57508561234633
24246918333.3,-72.90879858264374
24251916666.7,-77.35937587841435
24256915000.0,-81.19436928625151
24261913333.3,-79.82804701719309
24266911666.7,-82.64934091400005
24271910000.0,-86.07693814689468
24276908333.3,-71.58930732177787
24281906666.7,-81.71128438722128
24286905000.0,-76.49290048980168
24291903333.3,-76.65160749046271
24296901666.7,-75.80300825597057
24301900000.0,-76.17539509207113
24306898333.3,-87.65689515966758
24311896666.7,-74.67477476733482
24316895000.0,-78.76486724150044
24321893333.3,-77.96608768336779
24326891666.7,-74.1304751519303
24331890000.0,-90.10705832145229
24336888333.3,-74.46028619495279
24341886666.7,-78.35813500483879
24346885000.0,-81.50763575264284
24351883333.3,-77.20565991804634
24356881666.7,-73.14632526293548
24361880000.0,-75.37972088207765
24366878333.3,-77.5496934758227
24371876666.7,-69.84863819117857
24376875000.0,-74.0813128629752
24381873333.3,-76.02997574624406
24386871666.7,-81.70452958274431
24391870000.0,-82.99072502488335
24396868333.3,-77.10163218940134
24401866666.7,-79.43650119508136
24406865000.0,-79.19613610032415
24411863333.3,-76.74442569722558
24416861666.7,-80.81161787913211
24421860000.0,-81.7652694351821
24426858333.3,-78.4317349260447
24431856666.7,-70.5018216591568
24436855000.0,-75.93538090067086
24441853333.3,-77.38891170211087
24446851666.7,-78.0418833773383
24451850000.0,-79.40451019516819
24456848333.3,-82.17912475518297
24461846666.7,-76.45998545119959
24466845000.0,-70.76349616613408
24471843333.3,-81.18359013640072
24476841666.7,-80.49016847998509
24481840000.0,-81.5470680854787
24486838333.3,-79.01646231440047
24491836666.7,-86.4992510350632
24496835000.0,-98.94960352365418
24501833333.3,-83.145996907717
24506831666.7,-80.82790712009938
24511830000.0,-76.75789145285536
24516828333.3,-79.21869465995252
24521826666.7,-80.10738908676271
24526825000.0,-78.13729764154596
24531823333.3,-82.93428408595321
24536821666.7,-79.48969584667982
24541820000.0,-79.1381833762869
24546818333.3,-76.80725041485957
24551816666.7,-79.06769904766004
24556815000.0,-81.6973616611399
24561813333.3,-71.46160528708825
24566811666.7,-76.76315175712662
24571810000.0,-79.63296397017592
24576808333.3,-78.02972012765738
24581806666.7,-82.64042785156263
24586805000.0,-75.27160104396438
24591803333.3,-71.07904287838447
24596801666.7,-83.72912242543647
24601800000.0,-76.77822330233069
24606798333.3,-83.85266207935815
24611796666.7,-83.42109728907639
24616795000.0,-83.95801867860635
24621793333.3,-77.92621261407588
24626791666.7,-84.01236930133288
24631790000.0,-78.31082484530612
24636788333.3,-87.47553593161344
24641786666.7,-76.26270191266406
24646785000.0,-73.55749671497176
24651783333.3,-76.36162670399897
24656781666.7,-80.39621663334077
24661780000.0,-72.65178913722758
24666778333.3,-75.80526339618257
24671776666.7,-75.03042053834278
24676775000.0,-75.57259541554421
24681773333.3,-87.74807073380902
24686771666.7,-82.5055182461435
24691770000.0,-86.85357867324302
24696768333.3,-90.03654546468694
24701766666.7,-78.76655258430249
24706765000.0,-88.19489441566421
24711763333.3,-75.51209981098611
24716761666.7,-82.34067078533768
24721760000.0,-74.19821587821258
24726758333.3,-84.74221261902764
24731756666.7,-75.84674597856326
24736755000.0,-76.4368720508276
24741753333.3,-74.77609157209383
24746751666.7,-74.49151196479696
24751750000.0,-80.24996737031981
24756748333.3,-74.9656844448205
24761746666.7,-76.16959941669819
24766745000.0,-81.87075310431331
24771743333.3,-81.61366408010964
24776741666.7,-75.23361416050729
24781740000.0,-79.21642072581443
24786738333.3,-75.91886048603163
24791736666.7,-90.87364888904965
24796735000.0,-75.00228525053026
24801733333.3,-75.66815878357892
24806731666.7,-73.97353528372732
24811730000.0,-82.02779128422429
24816728333.3,-84.35221342279972
24821726666.7,-80.15090608851332
24826725000.0,-77.14813771090262
24831723333.3,-73.75934817022764
24836721666.7,-84.37736280520134
24841720000.0,-83.11872243188917
24846718333.3,-82.96462869442023
24851716666.7,-80.04104839011661
24856715000.0,-75.26925818431627
24861713333.3,-75.36813423026044
24866711666.7,-87.59742436559966
24871710000.0,-80.21664557152546
24876708333.3,-74.42031192988927
24881706666.7,-74.98312239188262
24886705000.0,-76.43721528196261
24891703333.3,-84.14364532928846
24896701666.7,-85.21998931757213
24901700000.0,-76.62173788810796
24906698333.3,-78.48238441522265
24911696666.7,-73.23015672731646
24916695000.0,-73.34934264531225
24921693333.3,-82.92775816973369
24926691666.7,-73.12828715285492
24931690000.0,-77.64362339959264
24936688333.3,-89.6092223253814
24941686666.7,-72.68363107091298
24946685000.0,-93.00878309415191
24951683333.3,-78.01578476377621
24956681666.7,-75.85514605428686
24961680000.0,-109.81770586893653
24966678333.3,-79.43108087638986
24971676666.7,-73.83500213273973
24976675000.0,-81.57001457722018
24981673333.3,-75.01690216040674
24986671666.7,-70.17843378341811
24991670000.0,-75.38857362247612
24996668333.3,-78.39962135290583
25001666666.7,-80.08737610786321
25006665000.0,-80.29519629730518
25011663333.3,-76.76717627695565
25016661666.7,-73.87670284928058
25021660000.0,-82.81488631049575
25026658333.3,-81.27896157086
25031656666.7,-74.30799532913346
25036655000.0,-89.99913419698309
25041653333.3,-72.56844172287911
25046651666.7,-75.35875647940385
25051650000.0,-84.80501783906217
25056648333.3,-100.38543211851633
25061646666.7,-93.6385928317175
25066645000.0,-85.74600782823208
25071643333.3,-86.12963898667371
25076641666.7,-77.09773502034034
25081640000.0,-80.29928409548275
25086638333.3,-79.22329316281278
25091636666.7,-78.71728778146542
25096635000.0,-76.6183740133941
25101633333.3,-74.61060580811144
25106631666.7,-83.0102774985479
25111630000.0,-81.84073739403775
25116628333.3,-78.64519472310252
25121626666.7,-78.75575219503168
25126625000.0,-77.65691131005515
25131623333.3,-75.54344902935891
25136621666.7,-87.18724225445283
25141620000.0,-72.69581644226469
25146618333.3,-87.23350091859982
25151616666.7,-83.83746149372008
25156615000.0,-85.8823377615326
25161613333.3,-79.01262879183147
25166611666.7,-75.69495384589733
25171610000.0,-76.78317256564648
25176608333.3,-75.52158749993811
25181606666.7,-76.63955699974453
25186605000.0,-83.62864754589155
25191603333.3,-98.2794518968175
25196601666.7,-80.50335111595176
25201600000.0,-81.56899940402675
25206598333.3,-84.77816477060418
25211596666.7,-82.90236329728528
25216595000.0,-80.76617905411128
25221593333.3,-80.34632313707299
25226591666.7,-77.39936373608363
25231590000.0,-80.37707538628426
25236588333.3,-86.03978198845456
25241586666.7,-76.26866150163109
25246585000.0,-76.08575296771853
25251583333.3,-77.42898954419803
25256581666.7,-86.89055833034529
25261580000.0,-74.35448673707279
25266578333.3,-89.392043131266
25271576666.7,-83.29510626376708
25276575000.0,-76.07246929328652
25281573333.3,-83.63998516762472
25286571666.7,-78.76011132766911
25291570000.0,-76.97790332693256
25296568333.3,-77.28842577797774
25301566666.7,-75.86459026575776
25306565000.0,-91.12096402266054
25311563333.3,-82.69832182954595
25316561666.7,-79.53521236915498
25321560000.0,-74.5559969139374
25326558333.3,-78.23824948336103
25331556666.7,-83.86130530189587
25336555000.0,-77.06880787796416
25341553333.3,-77.04597135074738
25346551666.7,-85.47155714679498
25351550000.0,-71.49955059829259
25356548333.3,-72.58537137172272
25361546666.7,-81.13265407572008
25366545000.0,-91.90195714721042
25371543333.3,-83.71019093723751
25376541666.7,-89.6563177522037
25381540000.0,-81.6381359448671
25386538333.3,-76.90757351760952
25391536666.7,-74.17760132944267
25396535000.0,-84.63502248596163
25401533333.3,-87.100589804018
25406531666.7,-80.04777687729086
25411530000.0,-91.19290406125812
25416528333.3,-78.4060947471416
25421526666.7,-91.24671986125728
25426525000.0,-85.22659727075249
25431523333.3,-83.31850053789583
25436521666.7,-81.9793582577133
25441520000.0,-76.71369679986587
25446518333.3,-76.07332217028441
25451516666.7,-81.87725717972141
25456515000.0,-77.92302237632144
25461513333.3,-85.41445219070837
25466511666.7,-83.4036488102355
25471510000.0,-80.36792488835614
25476508333.3,-75.37722322246579
25481506666.7,-76.06833089034812
25486505000.0,-76.8878702982916
25491503333.3,-72.95751368551717
25496501666.7,-81.69125069545599
25501500000.0,-86.5652844839774
25506498333.3,-81.06513445761894
25511496666.7,-82.4290298168202
25516495000.0,-88.96882618592653
25521493333.3,-88.78172619732626
25526491666.7,-80.3128550025108
25531490000.0,-77.3163619372247
25536488333.3,-77.90411608466881
25541486666.7,-74.39669594477975
25546485000.0,-81.93644943581447
25551483333.3,-85.58560413632753
25556481666.7,-77.41552110858665
25561480000.0,-79.56560844452976
25566478333.3,-79.1043858170199
25571476666.7,-84.67091602384701
25576475000.0,-77.86046500289267
25581473333.3,-76.85194728279484
25586471666.7,-80.82307527538586
25591470000.0,-80.4391894575704
25596468333.3,-73.45302055961093
25601466666.7,-79.11026616381315
25606465000.0,-75.80923931382029
25611463333.3,-76.62891795057598
25616461666.7,-76.51895113796587
25621460000.0,-89.9265731442363
25626458333.3,-77.36352338040464
25631456666.7,-80.22218767896432
25636455000.0,-93.00632529898621
25641453333.3,-75.84498515827642
25646451666.7,-76.43148831899015
25651450000.0,-73.22365272906313
25656448333.3,-81.03106600166237
25661446666.7,-83.49149890125419
25666445000.0,-76.89968061030282
25671443333.3,-76.65281904809612
25676441666.7,-74.68786308664023
25681440000.0,-76.6787367642396
25686438333.3,-81.4483850845076
25691436666.7,-78.6522857878715
25696435000.0,-81.77300590599087
25701433333.3,-86.91528867628676
25706431666.7,-75.54274152045993
25711430000.0,-78.85240999038578
25716428333.3,-83.65555264088256
25721426666.7,-81.65826877729833
25726425000.0,-76.29472439959909
25731423333.3,-74.29054803096774
25736421666.7,-73.7463392084162
25741420000.0,-77.98829032950644
25746418333.3,-69.27957991160976
25751416666.7,-75.91565283601813
25756415000.0,-76.11337826019893
25761413333.3,-80.88720450039563
25766411666.7,-72.84562552140792
25771410000.0,-81.66456576150716
25776408333.3,-80.00267088160712
25781406666.7,-80.29506461134888
25786405000.0,-88.5267612261589
25791403333.3,-74.2839467390199
25796401666.7,-74.92457785852352
25801400000.0,-75.48487552613173
25806398333.3,-78.22073111807299
25811396666.7,-80.92038141837315
25816395000.0,-78.14463983909918
25821393333.3,-83.68571273661018
25826391666.7,-77.88147438950699
25831390000.0,-78.5567917434471
25836388333.3,-77.39446375677808
25841386666.7,-74.95049029508381
25846385000.0,-88.69771589871702
25851383333.3,-77.0657746296874
25856381666.7,-76.62347719171551
25861380000.0,-78.13909572273869
25866378333.3,-83.6938730237098
25871376666.7,-89.29154683731966
25876375000.0,-77.42975069025809
25881373333.3,-79.07232274070705
25886371666.7,-77.40710423709112
25891370000.0,-73.68903764908838
25896368333.3,-74.40113391420206
25901366666.7,-79.88314343850521
25906365000.0,-69.49132781518932
25911363333.3,-78.53737982033321
25916361666.7,-73.92202334256298
25921360000.0,-74.29697169174761
25926358333.3,-78.17856437954818
25931356666.7,-71.46641933794163
25936355000.0,-83.3520463836744
25941353333.3,-78.74842736857477
25946351666.7,-93.68249313150895
25951350000.0,-81.89580575717119
25956348333.3,-74.78757977074353
25961346666.7,-73.87277358111143
25966345000.0,-77.04348203639059
25971343333.3,-74.40814911951492
25976341666.7,-74.42326106497998
25981340000.0,-95.19002436179767
25986338333.3,-88.59180390358586
25991336666.7,-84.84693031040918
25996335000.0,-73.52203014526181
26001333333.3,-87.03180754925432
26006331666.7,-74.61051648536552
26011330000.0,-81.69926575823483
26016328333.3,-81.56217186315642
26021326666.7,-75.84746821763908
26026325000.0,-81.53746032978987
26031323333.3,-72.40329508491685
26036321666.7,-81.86597492218783
26041320000.0,-91.74674298390838
26046318333.3,-82.30271239282564
26051316666.7,-77.16788387299914
26056315000.0,-79.55265185850818
26061313333.3,-102.5836788309361
26066311666.7,-82.5495422195052
26071310000.0,-81.09815585346564
26076308333.3,-77.3101940407931
26081306666.7,-77.96090674825633
26086305000.0,-76.2474794323629
26091303333.3,-80.1730965056295
26096301666.7,-95.1962554801211
26101300000.0,-73.57683783426599
26106298333.3,-82.10888798785743
26111296666.7,-72.94427851610662
26116295000.0,-79.18024458290604
26121293333.3,-74.21817874052721
26126291666.7,-86.94709063944424
26131290000.0,-77.56383606487286
26136288333.3,-82.8993287380451
26141286666.7,-77.71175156480476
26146285000.0,-76.78303848052197
26151283333.3,-80.44719775980738
26156281666.7,-80.87103000101047
26161280000.0,-72.93564315512123
26166278333.3,-95.59012010831003
26171276666.7,-99.9728422254004
26176275000.0,-77.50130068884172
26181273333.3,-80.54264863825767
26186271666.7,-79.97388004417708
26191270000.0,-78.625852878019
26196268333.3,-77.40156322844742
26201266666.7,-93.25804294027895
26206265000.0,-73.50588615725617
26211263333.3,-75.26143615188164
26216261666.7,-75.22743672729034
26221260000.0,-77.29946478757012
26226258333.3,-76.06539101732932
26231256666.7,-74.92932372388033
26236255000.0,-77.86742449915488
26241253333.3,-76.7283743266861
26246251666.7,-90.37044374602121
26251250000.0,-85.15349846090827
26256248333.3,-83.0398866399463
26261246666.7,-78.99381479275526
26266245000.0,-83.47798872483557
26271243333.3,-80.11352680036042
26276241666.7,-80.88651777508755
26281240000.0,-79.50058378518457
26286238333.3,-68.98028688370731
26291236666.7,-71.30894486161039
26296235000.0,-78.21602106861745
26301233333.3,-72.92274728286365
26306231666.7,-76.76363177738887
26311230000.0,-85.36822652453293
26316228333.3,-79.29198026960978
26321226666.7,-75.73385906828025
26326225000.0,-84.21951576631943
26331223333.3,-79.52102518414046
26336221666.7,-77.01868329982926
26341220000.0,-84.0527911499302
26346218333.3,-95.10291751480176
26351216666.7,-79.68264296090372
26356215000.0,-77.00087402123688
26361213333.3,-79.1970606220521
26366211666.7,-78.77872443369262
26371210000.0,-90.57303770775303
26376208333.3,-84.03907341139492
26381206666.7,-86.18435469711335
26386205000.0,-81.75670968701105
26391203333.3,-77.43589641973712
26396201666.7,-77.47219927095298
26401200000.0,-79.26847607001226
26406198333.3,-71.97884832472032
26411196666.7,-77.44470766322875
26416195000.0,-82.5509857769548
26421193333.3,-78.90003093403912
26426191666.7,-84.15164138234371
26431190000.0,-76.94646513242778
26436188333.3,-89.07341678384586
26441186666.7,-77.87142017163553
26446185000.0,-78.57455953459663
26451183333.3,-82.48368560423631
26456181666.7,-77.62124787625778
26461180000.0,-83.59982093117668
26466178333.3,-79.9094803200972
26471176666.7,-85.31858894097162
26476175000.0,-82.1150701242442
26481173333.3,-77.03842501121788
26486171666.7,-88.00045376226008
26491170000.0,-73.52764181923885
26496168333.3,-77.08243018882703
26501166666.7,-78.90020859194298
26506165000.0,-79.21339760760956
26511163333.3,-73.64088319112496
26516161666.7,-76.40118698669325
26521160000.0,-80.08309379114819
26526158333.3,-75.31158080482999
26531156666.7,-85.86714873620846
26536155000.0,-77.64615106184802
26541153333.3,-80.58478067361447
26546151666.7,-81.15789023074996
26551150000.0,-81.23213295597424
26556148333.3,-72.90252456439956
26561146666.7,-83.83213667606567
26566145000.0,-94.25364848220622
26571143333.3,-78.99252290572939
26576141666.7,-78.91271928783564
26581140000.0,-77.91573275726068
26586138333.3,-78.83466863804239
26591136666.7,-80.08623185978949
26596135000.0,-79.79555505594502
26601133333.3,-85.87905804685545
26606131666.7,-80.75844475058449
26611130000.0,-77.01794835723324
26616128333.3,-77.15533065430881
26621126666.7,-86.54192591533948
26626125000.0,-85.62145311403661
26631123333.3,-81.8207685860936
26636121666.7,-76.32980029722185
26641120000.0,-80.6612458168005
26646118333.3,-78.94611625274082
26651116666.7,-80.90105479261234
26656115000.0,-77.70216352220747
26661113333.3,-80.57205288690835
26666111666.7,-82.47665168018835
26671110000.0,-74.90200555976475
26676108333.3,-75.73335362668735
26681106666.7,-84.70447004430902
26686105000.0,-82.32203475457537
26691103333.3,-81.95007034075286
26696101666.7,-82.99338991826136
26701100000.0,-75.99207017091308
26706098333.3,-91.93395277577844
26711096666.7,-94.301436222252
26716095000.0,-77.6349837283455
26721093333.3,-86.02526254998625
26726091666.7,-85.0106592198421
26731090000.0,-82.01578504496162
26736088333.3,-79.28215842133268
26741086666.7,-82.12944640753821
26746085000.0,-76.47416171863136
26751083333.3,-82.81012113701813
26756081666.7,-78.55803852327307
26761080000.0,-90.93465013622398
26766078333.3,-100.50359898572395
26771076666.7,-77.52163601907887
26776075000.0,-76.5517058008752
26781073333.3,-81.16974339328225
26786071666.7,-77.52373079312703
26791070000.0,-87.21435457015879
26796068333.3,-77.7965075073127
26801066666.7,-74.14380698289845
26806065000.0,-79.95094275627415
26811063333.3,-90.86708675025193
26816061666.7,-84.50925962039162
26821060000.0,-87.39509955960223
26826058333.3,-77.26754812431003
26831056666.7,-79.0814773737034
26836055000.0,-75.06614539436177
26841053333.3,-82.76510921344016
26846051666.7,-79.38604080208377
26851050000.0,-77.95962834365837
26856048333.3,-86.46412841745443
26861046666.7,-79.79905212969035
26866045000.0,-75.57076872243624
26871043333.3,-75.65908943424728
26876041666.7,-75.22129766175243
26881040000.0,-77.512707201604
26886038333.3,-80.32895433050709
26891036666.7,-75.50726285716071
26896035000.0,-76.15986369741856
26901033333.3,-94.55999536155903
26906031666.7,-90.15916764675265
26911030000.0,-79.56527607995051
26916028333.3,-86.82298413210091
26921026666.7,-74.87631339201268
26926025000.0,-80.43377914065744
26931023333.3,-79.35242374061608
26936021666.7,-80.0272425370629
26941020000.0,-77.9636291877106
26946018333.3,-73.9493270090772
26951016666.7,-82.33071594576215
26956015000.0,-83.07922632889101
26961013333.3,-74.28967171951358
26966011666.7,-82.03791518662065
26971010000.0,-74.37555163029991
26976008333.3,-81.45414360673983
26981006666.7,-94.56833057015942
26986005000.0,-79.43701677793554
26991003333.3,-76.67802480462638
26996001666.7,-78.14410026609019
27001000000.0,-94.89623428947127
27005998333.3,-72.76123474637154
27010996666.7,-74.15721902340576
27015995000.0,-78.95620753060821
27020993333.3,-74.88393304879727
27025991666.7,-78.9252379766687
27030990000.0,-77.34645953829332
27035988333.3,-77.64620613575602
27040986666.7,-86.27644746354365
27045985000.0,-81.79497850604902
27050983333.3,-77.40228176704667
27055981666.7,-75.15918330627251
27060980000.0,-81.81164109384869
27065978333.3,-86.51031284529569
27070976666.7,-86.30779807626172
27075975000.0,-81.93730248148663
27080973333.3,-86.03676668835469
27085971666.7,-77.12755681725899
27090970000.0,-80.36302807851824
27095968333.3,-83.48714518686636
27100966666.7,-77.57394828579842
27105965000.0,-92.58705527643293
27110963333.3,-84.10877815852328
27115961666.7,-81.23849927784039
27120960000.0,-74.44352148470189
27125958333.3,-77.69166302863151
27130956666.7,-74.79489669083321
27135955000.0,-91.21844071939194
27140953333.3,-74.63830673015889
27145951666.7,-81.47368433855337
27150950000.0,-79.98162912429605
27155948333.3,-92.22625876729109
27160946666.7,-82.93227222204149
27165945000.0,-74.34660184566661
27170943333.3,-77.2183866868629
27175941666.7,-93.63614724042931
27180940000.0,-78.43117961183853
27185938333.3,-77.588243239279
27190936666.7,-87.62402799976431
27195935000.0,-74.51520318956814
27200933333.3,-79.22771454814962
27205931666.7,-82.93549955731655
27210930000.0,-76.95785997202987
27215928333.3,-81.72231433814255
27220926666.7,-81.42282365344525
27225925000.0,-76.11617434930751
27230923333.3,-76.4413574875715
27235921666.7,-82.96727140461137
27240920000.0,-80.88241605873873
27245918333.3,-73.25459591644035
27250916666.7,-81.34496214122834
27255915000.0,-77.33961359900145
27260913333.3,-74.15457092769952
27265911666.7,-79.0296261871931
27270910000.0,-80.52391797321448
27275908333.3,-83.34568072019464
27280906666.7,-79.15690985362994
27285905000.0,-73.91762924408528
27290903333.3,-81.74063286700954
27295901666.7,-77.27089507427418
27300900000.0,-75.2066919934643
27305898333.3,-76.67684396220393
27310896666.7,-75.1098955144805
27315895000.0,-84.03123634690695
27320893333.3,-82.05973385584203
27325891666.7,-76.46714220378159
27330890000.0,-79.16709567123446
27335888333.3,-94.9682311851198
27340886666.7,-85.26638630192993
27345885000.0,-76.56602594284108
27350883333.3,-72.70987090073672
27355881666.7,-78.29269573943654
27360880000.0,-78.8385632219571
27365878333.3,-75.85290013885717
27370876666.7,-75.86716376245421
27375875000.0,-82.01031990723875
27380873333.3,-76.78909125861449
27385871666.7,-101.95417011970365
27390870000.0,-94.62579815761384
27395868333.3,-82.8175738419036
27400866666.7,-83.09866777869011
27405865000.0,-76.55134084962103
27410863333.3,-76.81483801602923
27415861666.7,-77.22850835000636
27420860000.0,-73.42954277886597
27425858333.3,-77.38120359815474
27430856666.7,-86.89585606899209
27435855000.0,-85.15441637300484
27440853333.3,-80.7265712742861
27445851666.7,-82.66247013203437
27450850000.0,-82.66736197975385
27455848333.3,-81.25976770069477
27460846666.7,-83.62601457600276
27465845000.0,-92.70449872359293
27470843333.3,-77.5150836522156
27475841666.7,-83.59675856246537
27480840000.0,-86.13393213129694
27485838333.3,-90.18258603513281
27490836666.7,-76.7931067418917
27495835000.0,-79.72312641905037
27500833333.3,-83.15944478106451
27505831666.7,-87.7233434522077
27510830000.0,-78.44794906241978
27515828333.3,-80.55430624966621
27520826666.7,-81.66462538239428
27525825000.0,-81.28810528306292
27530823333.3,-72.54120044177726
27535821666.7,-84.73594365395911
27540820000.0,-79.94818956790637
27545818333.3,-81.8781687981972
27550816666.7,-80.16153891576644
27555815000.0,-86.58371821934479
27560813333.3,-82.54915109628264
27565811666.7,-88.47560433971583
27570810000.0,-97.45914066846498
27575808333.3,-74.60526507981601
27580806666.7,-97.96885387746511
27585805000.0,-77.43621727533375
27590803333.3,-81.5408149267952
27595801666.7,-87.37292115133414
27600800000.0,-86.84960600969978
27605798333.3,-76.1456988801157
27610796666.7,-78.22661659384322
27615795000.0,-91.14453839876211
27620793333.3,-77.59622343557353
27625791666.7,-82.50905903944421
27630790000.0,-85.91789491230641
27635788333.3,-79.35193976289193
27640786666.7,-80.86419063870922
27645785000.0,-83.630765428834
27650783333.3,-74.89140702974531
27655781666.7,-75.51557220506396
27660780000.0,-79.95548913760894
27665778333.3,-73.35119798230137
27670776666.7,-78.83042790411737
27675775000.0,-85.57916531972745
27680773333.3,-73.96285988783134
27685771666.7,-79.11351396823407
27690770000.0,-79.57309199060121
27695768333.3,-80.05710167666399
27700766666.7,-88.08148805285492
27705765000.0,-82.09339901734181
27710763333.3,-79.58903286737588
27715761666.7,-89.05159802687191
27720760000.0,-86.20451603228744
27725758333.3,-81.0472664503068
27730756666.7,-78.61726710136911
27735755000.0,-76.68315605157342
27740753333.3,-84.71416622448325
27745751666.7,-80.56210090681084
27750750000.0,-79.07600361163692
27755748333.3,-87.21100510335985
27760746666.7,-74.29927206103979
27765745000.0,-75.8150484845155
27770743333.3,-73.44277444592751
27775741666.7,-76.72865288204638
27780740000.0,-75.69146824559361
27785738333.3,-77.79028513622914
27790736666.7,-75.05643836838047
27795735000.0,-79.2441025134766
27800733333.3,-73.82878008284987
27805731666.7,-78.00572622416564
27810730000.0,-89.62975354326893
27815728333.3,-82.25421064148102
27820726666.7,-86.38920270250742
27825725000.0,-73.9808786421216
27830723333.3,-84.42898806892053
27835721666.7,-79.35920939815274
27840720000.0,-91.34355474117834
27845718333.3,-79.43598640644544
27850716666.7,-73.90716791234296
27855715000.0,-83.58038694790582
27860713333.3,-94.9754083264922
27865711666.7,-85.51343117954013
27870710000.0,-83.4981220600921
27875708333.3,-73.46530926420533
27880706666.7,-78.2770760380089
27885705000.0,-86.47657092477826
27890703333.3,-76.48129273045288
27895701666.7,-88.3990503064279
27900700000.0,-82.60630730718974
27905698333.3,-75.1570229439815
27910696666.7,-82.29666508674498
27915695000.0,-77.46095015160948
27920693333.3,-74.49774782789973
27925691666.7,-78.99352596208453
27930690000.0,-78.20765621427607
27935688333.3,-81.23654280541723
27940686666.7,-81.18084531788176
27945685000.0,-81.9602841713899
27950683333.3,-82.20788592551257
27955681666.7,-79.77621024746651
27960680000.0,-73.19537549732313
27965678333.3,-76.07796202323614
27970676666.7,-79.24035137019537
27975675000.0,-87.41312145447691
27980673333.3,-79.77364653958675
27985671666.7,-75.17998737368858
27990670000.0,-77.40380543259658
27995668333.3,-74.02697147100139
28000666666.7,-80.9561826659481
28005665000.0,-82.8033886483193
28010663333.3,-78.50739636688036
28015661666.7,-77.68911992823882
28020660000.0,-85.53578193282061
28025658333.3,-86.63657408131982
28030656666.7,-79.93324197341303
28035655000.0,-82.24946265458192
28040653333.3,-77.47374838799362
28045651666.7,-89.39310754043639
28050650000.0,-80.04227282286618
28055648333.3,-87.45418396712361
28060646666.7,-84.97097542242848
28065645000.0,-90.93117304527829
28070643333.3,-80.70839607034422
28075641666.7,-76.10708896363104
28080640000.0,-89.06168940064703
28085638333.3,-96.25320584708317
28090636666.7,-74.69577175691836
28095635000.0,-77.28242716538387
28100633333.3,-74.82351152699833
28105631666.7,-81.59547400770059
28110630000.0,-86.53097591805393
28115628333.3,-78.82706037130924
28120626666.7,-78.85216821944779
28125625000.0,-79.83690383818652
28130623333.3,-79.13769132978015
28135621666.7,-77.48487972202688
28140620000.0,-78.28032956925601
28145618333.3,-74.89836595629076
28150616666.7,-86.73761050584687
28155615000.0,-75.29025128385769
28160613333.3,-80.3292451123173
28165611666.7,-82.17622605399461
28170610000.0,-78.85978562725553
28175608333.3,-83.41685332274473
28180606666.7,-80.07940868992712
28185605000.0,-75.32063461821711
28190603333.3,-94.49826711042114
28195601666.7,-77.0330662339426
28200600000.0,-91.85920991397651
28205598333.3,-80.94846705606085
28210596666.7,-91.46663655165185
28215595000.0,-96.02868370776446
28220593333.3,-81.53154937003868
28225591666.7,-75.31880615077576
28230590000.0,-90.72080718321344
28235588333.3,-82.7127866574998
28240586666.7,-78.61591764538943
28245585000.0,-87.88037881689013
28250583333.3,-77.9341855133409
28255581666.7,-86.4314996309686
28260580000.0,-84.10611838940287
28265578333.3,-77.22932330600375
28270576666.7,-76.32849060128083
28275575000.0,-76.78567957082966
28280573333.3,-90.95016258576732
28285571666.7,-80.87166256375914
28290570000.0,-78.31712128689053
28295568333.3,-81.22243329461547
28300566666.7,-81.8568906996903
28305565000.0,-75.19580474931563
28310563333.3,-79.12105048171966
28315561666.7,-85.25505271127997
28320560000.0,-85.95160810007478
28325558333.3,-82.37745875062461
28330556666.7,-77.56685577197773
28335555000.0,-81.31009392078086
28340553333.3,-76.44402739268158
28345551666.7,-77.36723893406561
28350550000.0,-76.2110068471257
28355548333.3,-78.82053010959277
28360546666.7,-89.78593017268018
28365545000.0,-72.79780857832384
28370543333.3,-80.85433361265527
28375541666.7,-86.36245729640441
28380540000.0,-78.82499667795936
28385538333.3,-87.72759439069652
28390536666.7,-99.35644734171365
28395535000.0,-73.71596500487362
28400533333.3,-79.30655830626732
28405531666.7,-88.71822473187092
28410530000.0,-77.16341575453175
28415528333.3,-80.58463902720028
28420526666.7,-81.48596874017365
28425525000.0,-88.40576714377124
28430523333.3,-77.69316465315414
28435521666.7,-92.40048829281977
28440520000.0,-89.92354500261476
28445518333.3,-83.46092673736504
28450516666.7,-77.05923609321465
28455515000.0,-78.92208828254913
28460513333.3,-75.29650836450793
28465511666.7,-76.50468544030501
28470510000.0,-93.40129361348615
28475508333.3,-86.5403512951226
28480506666.7,-100.4923874130561
28485505000.0,-84.34039200704265
28490503333.3,-76.65795058261209
28495501666.7,-84.42645398367236
28500500000.0,-78.77538415204141
28505498333.3,-76.08309522289238
28510496666.7,-81.86768380433779
28515495000.0,-76.06332558620493
28520493333.3,-77.31575982986539
28525491666.7,-81.79900110464501
28530490000.0,-80.79500362430949
28535488333.3,-82.92352790159683
28540486666.7,-79.04790128879414
28545485000.0,-79.08091511453443
28550483333.3,-80.65556964746537
28555481666.7,-92.66825483963368
28560480000.0,-90.65442150809163
28565478333.3,-82.87768492423876
28570476666.7,-81.42410773502071
28575475000.0,-75.78384801194376
28580473333.3,-79.50481829566623
28585471666.7,-81.76292043644301
28590470000.0,-90.26517533215782
28595468333.3,-78.21582349975883
28600466666.7,-77.2690438793854
28605465000.0,-80.32696349911562
28610463333.3,-81.54756982306782
28615461666.7,-79.43101413097561
28620460000.0,-81.59223649762279
28625458333.3,-80.97864876229961
28630456666.7,-88.91894462976539
28635455000.0,-84.1621747769579
28640453333.3,-88.57159160462533
28645451666.7,-78.83828237725243
28650450000.0,-77.89107019598013
28655448333.3,-79.72244788312018
28660446666.7,-72.18031666184886
28665445000.0,-91.26888863434033
28670443333.3,-85.70097555612517
28675441666.7,-106.52343483107445
28680440000.0,-89.99091511753653
28685438333.3,-76.7030373635253
28690436666.7,-91.61631559008171
28695435000.0,-78.94565756553918
28700433333.3,-94.95870906266511
28705431666.7,-81.13620256991348
28710430000.0,-84.62761211457754
28715428333.3,-83.52312556957314
28720426666.7,-80.30342394049869
28725425000.0,-79.93860345352414
28730423333.3,-79.59992392173085
28735421666.7,-80.03542008401199
28740420000.0,-83.86533803274648
28745418333.3,-81.0065120300786
28750416666.7,-83.1568626228298
28755415000.0,-78.79997249575551
28760413333.3,-82.6809617896161
28765411666.7,-77.78594534426163
28770410000.0,-85.74462615768536
28775408333.3,-77.4908131297291
28780406666.7,-88.08521493060668
28785405000.0,-78.84558934730885
28790403333.3,-71.66046014980219
28795401666.7,-85.16094433128268
28800400000.0,-82.92087270639553
28805398333.3,-90.83323395478436
28810396666.7,-76.780947426119
28815395000.0,-75.3538149384757
28820393333.3,-79.98886951047157
28825391666.7,-80.41292043858411
28830390000.0,-84.10834973478069
28835388333.3,-77.14731127339799
28840386666.7,-81.10753552925755
28845385000.0,-72.26461731380502
28850383333.3,-84.00466858650566
28855381666.7,-88.49361003310959
28860380000.0,-76.9666892618315
28865378333.3,-78.97177138915465
28870376666.7,-79.60259280391307
28875375000.0,-81.75582871883736
28880373333.3,-82.2876853247766
28885371666.7,-82.59245671154332
28890370000.0,-83.37666254841491
28895368333.3,-83.27888555962073
28900366666.7,-85.7190641089284
28905365000.0,-90.38493101348556
28910363333.3,-74.2870770900464
28915361666.7,-82.11986965971192
28920360000.0,-83.57524958863985
28925358333.3,-76.53831611931088
28930356666.7,-76.23709701020759
28935355000.0,-80.57216407249922
28940353333.3,-89.86594033325099
28945351666.7,-77.57755248588856
28950350000.0,-83.21808033529354
28955348333.3,-86.32238519942057
28960346666.7,-82.41202595283413
28965345000.0,-75.75448423134478
28970343333.3,-80.3187141632778
28975341666.7,-81.95438889323819
28980340000.0,-88.63553928953381
28985338333.3,-86.22371902997367
28990336666.7,-79.55909945841303
28995335000.0,-76.71414536847304
29000333333.3,-80.11688039244133
29005331666.7,-79.52483475040911
29010330000.0,-83.39130045000508
29015328333.3,-81.51130386760124
29020326666.7,-79.81099176535538
29025325000.0,-82.55200567381026
29030323333.3,-77.45455690248235
29035321666.7,-86.2859157538401
29040320000.0,-81.05267810820472
29045318333.3,-88.45251803513216
29050316666.7,-75.534843220246
29055315000.0,-84.57447230892667
29060313333.3,-82.76999720163815
29065311666.7,-83.33165397981463
29070310000.0,-82.74367455991317
29075308333.3,-76.07440225873368
29080306666.7,-79.4510233272713
29085305000.0,-79.58871895826113
29090303333.3,-78.85045175180126
29095301666.7,-77.12306161746552
29100300000.0,-82.72933318527652
29105298333.3,-78.91603195831429
29110296666.7,-77.9751579679681
29115295000.0,-97.21906441169521
29120293333.3,-77.64905329116623
29125291666.7,-75.37523157690293
29130290000.0,-78.73169574894008
29135288333.3,-77.05676635287291
29140286666.7,-72.73803575735342
29145285000.0,-79.61106989770624
29150283333.3,-74.19708018836818
29155281666.7,-90.76666847068202
29160280000.0,-81.83318265014856
29165278333.3,-81.35549623934368
29170276666.7,-77.84316361695959
29175275000.0,-77.96773879080548
29180273333.3,-84.06377038437867
29185271666.7,-80.70683155719551
29190270000.0,-86.25291756602513
29195268333.3,-83.83545736611825
29200266666.7,-76.14184446869307
29205265000.0,-81.64928724127384
29210263333.3,-74.38907581335928
29215261666.7,-76.11467887487656
29220260000.0,-79.97410580911622
29225258333.3,-77.04756075508475
29230256666.7,-79.15966585761845
29235255000.0,-81.81762093393712
29240253333.3,-76.01592115776265
29245251666.7,-86.71801344314191
29250250000.0,-75.79839733074374
29255248333.3,-83.28578585261327
29260246666.7,-76.1364250532981
29265245000.0,-96.46220630071839
29270243333.3,-82.93957943623211
29275241666.7,-81.75633749403775
29280240000.0,-85.21789562874869
29285238333.3,-84.43721759684443
29290236666.7,-79.48842050018779
29295235000.0,-77.44084063518967
29300233333.3,-74.28636169047387
29305231666.7,-79.90148640054483
29310230000.0,-92.16159442056676
29315228333.3,-88.13488457793443
29320226666.7,-80.50297828917704
29325225000.0,-80.5289950332194
29330223333.3,-82.075798015046
29335221666.7,-74.82020135488145
29340220000.0,-78.32490509207548
29345218333.3,-76.13736107399302
29350216666.7,-89.79733322237259
29355215000.0,-95.54823249460439
29360213333.3,-79.24083903141519
29365211666.7,-105.15723922021314
29370210000.0,-75.73861597963247
29375208333.3,-78.47964319411177
29380206666.7,-77.36817774202534
29385205000.0,-80.85820005514006
29390203333.3,-82.84350402052985
29395201666.7,-78.86706874161611
29400200000.0,-81.87228553582236
29405198333.3,-77.77704875486408
29410196666.7,-80.17128975936191
29415195000.0,-86.6169508587135
29420193333.3,-72.78347830571353
29425191666.7,-76.2791957303099
29430190000.0,-82.21977202772031
29435188333.3,-75.08409612495615
29440186666.7,-78.48360117368345
29445185000.0,-79.8587265220994
29450183333.3,-85.35124844513746
29455181666.7,-78.7067706174332
29460180000.0,-75.48379811245104
29465178333.3,-75.99804115134913
29470176666.7,-85.03740574680774
29475175000.0,-79.57701471638205
29480173333.3,-75.03666232828023
29485171666.7,-85.6499924089775
29490170000.0,-80.2043413872787
29495168333.3,-78.66733582748626
29500166666.7,-81.00104676023848
29505165000.0,-81.30784744341523
29510163333.3,-81.41293396704519
29515161666.7,-75.21412448754354
29520160000.0,-79.61636122308823
29525158333.3,-89.6287294250581
29530156666.7,-76.74895022236066
29535155000.0,-76.74322777360527
29540153333.3,-71.14064293160021
29545151666.7,-76.56144391596904
29550150000.0,-80.83358510861638
29555148333.3,-74.29311381924609
29560146666.7,-78.84471775177309
29565145000.0,-86.03897913465696
29570143333.3,-76.24941699192165
29575141666.7,-73.01811343648141
29580140000.0,-82.59673923727985
29585138333.3,-81.04376855840498
29590136666.7,-79.72830301574933
29595135000.0,-71.11423890133392
29600133333.3,-83.30160010681256
29605131666.7,-74.00049446128679
29610130000.0,-78.97030780192948
29615128333.3,-85.01195372829585
29620126666.7,-73.57647727828291
29625125000.0,-84.08455385176735
29630123333.3,-81.88174721455026
29635121666.7,-75.12663676241617
29640120000.0,-76.65968508389983
29645118333.3,-75.86445260677785
29650116666.7,-77.77499666462761
29655115000.0,-81.09992430818174
29660113333.3,-73.53388061793343
29665111666.7,-81.55241222127982
29670110000.0,-92.01158795654388
29675108333.3,-80.51509460573206
29680106666.7,-80.2213317727223
29685105000.0,-86.29992667180917
29690103333.3,-79.79428530150501
29695101666.7,-86.17594102447667
29700100000.0,-75.39849286810934
29705098333.3,-79.58959906672928
29710096666.7,-79.68208293804564
29715095000.0,-78.26868536804744
29720093333.3,-77.88955601364779
29725091666.7,-77.5104203950348
29730090000.0,-76.74739560347537
29735088333.3,-78.31881927813495
29740086666.7,-73.02610696296453
29745085000.0,-78.65106438760593
29750083333.3,-75.22649359676136
29755081666.7,-79.06857665923536
29760080000.0,-79.50846403290166
29765078333.3,-78.09621182062031
29770076666.7,-77.1724277535675
29775075000.0,-74.55999732818665
29780073333.3,-78.24855421431022
29785071666.7,-77.08494668600324
29790070000.0,-75.51369658816165
29795068333.3,-83.35310628897672
29800066666.7,-79.89953848607577
29805065000.0,-78.6540034021493
29810063333.3,-75.37099930531903
29815061666.7,-85.70871879332807
29820060000.0,-92.62854695117758
29825058333.3,-90.53478240493783
29830056666.7,-74.95162031784506
29835055000.0,-77.4812438616121
29840053333.3,-73.47420979949985
29845051666.7,-81.95845549898576
29850050000.0,-71.83388538649645
29855048333.3,-77.05380579945717
29860046666.7,-77.64652177755443
29865045000.0,-96.62928824974885
29870043333.3,-72.94544235116747
29875041666.7,-91.47368144049159
29880040000.0,-78.60590486981805
29885038333.3,-81.40999227887393
29890036666.7,-86.92013460255696
29895035000.0,-79.56689950505782
29900033333.3,-78.95713233607806
29905031666.7,-81.67566043127616
29910030000.0,-81.61389948175062
29915028333.3,-75.26159519921137
29920026666.7,-78.21658071996387
29925025000.0,-76.37253558605406
29930023333.3,-77.05080272606669
29935021666.7,-78.02695979539482
29940020000.0,-80.44840444355404
29945018333.3,-82.46513971334903
29950016666.7,-76.14992066322792
29955015000.0,-79.52110244955799
29960013333.3,-75.39896207362699
29965011666.7,-82.74596905953261
29970010000.0,-81.30462031120844
29975008333.3,-85.70463930645204
29980006666.7,-76.22089744038148
29985005000.0,-76.0312613654278
29990003333.3,-81.34786754712283
29995001666.7,-75.6162165551105
30000000000.0,-97.75798251029858
