Frequency_Hz,Magnitude_dB
10000000.0,-56.62665940215926
14998333.3333,-64.84809338173257
19996666.6667,-69.09783635071938
24995000.0,-62.33718163229775
29993333.3333,-67.43800905869557
34991666.6667,-71.22789529609048
39990000.0,-71.87527501459894
44988333.3333,-76.43684062207909
49986666.6667,-82.64309483667184
54985000.0,-75.40513653825577
59983333.3333,-74.30532741998871
64981666.6667,-67.00030957983
69980000.0,-70.30399533068957
74978333.3333,-74.34012866925609
79976666.6667,-72.100250726839
84975000.0,-79.00425944222695
89973333.3333,-81.94303061277445
94971666.6667,-79.93405158466796
99970000.0,-85.39919625350392
104968333.333,-98.89057064334455
109966666.667,-75.97949047884894
114965000.0,-75.27317619995324
119963333.333,-81.10866738237077
124961666.667,-76.40890426419884
129960000.0,-82.89285093036048
134958333.333,-82.38468728899099
139956666.667,-80.24762488843626
144955000.0,-81.88379929559801
149953333.333,-79.45414938824341
154951666.667,-81.28237438992763
159950000.0,-81.28076024212695
164948333.333,-88.79871394753066
169946666.667,-79.61143572061904
174945000.0,-76.1235320655868
179943333.333,-78.62787298455643
184941666.667,-79.02295772412413
189940000.0,-82.89912504011197
194938333.333,-82.0101881573707
199936666.667,-112.30535892567873
204935000.0,-86.82325914814317
209933333.333,-82.52528063246262
214931666.667,-86.14210605595875
219930000.0,-87.5528870242406
224928333.333,-98.03912264746802
229926666.667,-82.3271471185435
234925000.0,-84.20637474725277
239923333.333,-86.52709834784942
244921666.667,-81.8386267453439
249920000.0,-104.82665833270794
254918333.333,-84.94722455007965
259916666.667,-77.90869188286861
264915000.0,-74.39332530006753
269913333.333,-75.65400332149079
274911666.667,-83.15774097030615
279910000.0,-86.78659694881128
284908333.333,-81.98670891382504
289906666.667,-76.19855998714891
294905000.0,-82.30190572625312
299903333.333,-84.9316581822693
304901666.667,-77.08951515005575
309900000.0,-74.95808930810135
314898333.333,-86.0853718894672
319896666.667,-77.77125506069008
324895000.0,-80.67276765447656
329893333.333,-82.09685298698604
334891666.667,-82.14497157418235
339890000.0,-83.53969547263426
344888333.333,-81.593198176853
349886666.667,-81.97577477098397
354885000.0,-86.89703972712273
359883333.333,-80.15713045697167
364881666.667,-82.23101580097415
369880000.0,-83.69504595281106
374878333.333,-84.53595756662997
379876666.667,-82.20065403875304
384875000.0,-78.83052417526318
389873333.333,-78.61009573883577
394871666.667,-112.32813398166664
399870000.0,-80.70123978800508
404868333.333,-85.50074793213071
409866666.667,-77.47312521659515
414865000.0,-79.36161298536449
419863333.333,-89.51029678769177
424861666.667,-86.82668815552222
429860000.0,-88.40739256025137
434858333.333,-79.93998534404048
439856666.667,-77.67767305951129
444855000.0,-80.37915619206414
449853333.333,-77.89966350562653
454851666.667,-85.83866337008959
459850000.0,-82.70784211552417
464848333.333,-77.28539506232725
469846666.667,-89.51901146249276
474845000.0,-85.28107844418255
479843333.333,-85.39893534256547
484841666.667,-84.73161842584042
489840000.0,-76.78659071255287
494838333.333,-78.03231292465426
499836666.667,-89.9443740337192
504835000.0,-80.57673093638037
509833333.333,-83.160591557914
514831666.667,-84.66368222328194
519830000.0,-87.37442995410659
524828333.333,-89.71746497465983
529826666.667,-84.90829179932469
534825000.0,-92.90002146854778
539823333.333,-83.96306299278206
544821666.667,-83.16741426420433
549820000.0,-83.04684430619537
554818333.333,-82.01849752010125
559816666.667,-88.35258651596504
564815000.0,-94.14463244039906
569813333.333,-78.4079353345572
574811666.667,-83.6539660042854
579810000.0,-79.3528720943742
584808333.333,-81.62707043541425
589806666.667,-87.63003244599398
594805000.0,-76.56938133517988
599803333.333,-96.75957400383697
604801666.667,-87.82420872699677
609800000.0,-86.32308283365614
614798333.333,-83.82733994179404
619796666.667,-84.22106368836224
624795000.0,-87.92773926609567
629793333.333,-84.27858483316069
634791666.667,-90.31950221396785
639790000.0,-83.00387591637472
644788333.333,-86.77943956579013
649786666.667,-83.67411740232315
654785000.0,-83.34807363342134
659783333.333,-78.88220796670407
664781666.667,-83.14095360817726
669780000.0,-90.36745346872289
674778333.333,-85.71136997261908
679776666.667,-86.85131389268099
684775000.0,-77.35261005908987
689773333.333,-85.9856568404712
694771666.667,-91.94620902287406
699770000.0,-80.8996418132109
704768333.333,-82.354203879044
709766666.667,-79.97543372588828
714765000.0,-90.58276187593485
719763333.333,-82.05149680193634
724761666.667,-85.1025607479778
729760000.0,-82.36687366045673
734758333.333,-91.85642571023459
739756666.667,-84.91794013684158
744755000.0,-84.17567254779229
749753333.333,-95.23651646377104
754751666.667,-90.1398763276228
759750000.0,-82.6392139026481
764748333.333,-81.74850422719302
769746666.667,-79.00475520563229
774745000.0,-90.45471165700266
779743333.333,-82.26398071383842
784741666.667,-90.91593731006013
789740000.0,-80.46647095778495
794738333.333,-93.71729245833008
799736666.667,-82.11742808055483
804735000.0,-90.59553921438302
809733333.333,-82.47963593632349
814731666.667,-88.73107862385095
819730000.0,-80.80757910224584
824728333.333,-88.24817041664305
829726666.667,-86.8811548403333
834725000.0,-81.7730823750743
839723333.333,-94.44396035998417
844721666.667,-99.08805173595778
849720000.0,-90.98556238671783
854718333.333,-87.90890058595573
859716666.667,-85.11082795438624
864715000.0,-84.4441158886232
869713333.333,-82.06840368388313
874711666.667,-97.1072707819593
879710000.0,-84.80973796006835
884708333.333,-87.55779420793235
889706666.667,-89.63017180420535
894705000.0,-105.08273318607478
899703333.333,-95.78556728014279
904701666.667,-84.78997618367451
909700000.0,-99.54569247469188
914698333.333,-87.43687598549016
919696666.667,-86.2217263926293
924695000.0,-79.53921375881573
929693333.333,-91.74181902911252
934691666.667,-91.14053834935714
939690000.0,-81.71679054195117
944688333.333,-79.77615076354988
949686666.667,-81.9622173952229
954685000.0,-94.03162625934544
959683333.333,-85.32023898146053
964681666.667,-84.23541056032492
969680000.0,-82.12880340958259
974678333.333,-80.38048454689982
979676666.667,-84.18649115114533
984675000.0,-85.27771938643266
989673333.333,-90.19516391734646
994671666.667,-90.62148383107544
999670000.0,-81.54133476524237
1004668333.33,-82.3029112823566
1009666666.67,-80.89554669122839
1014665000.0,-89.16546875897919
1019663333.33,-81.63834053177227
1024661666.67,-98.09070606648183
1029660000.0,-93.75628761709011
1034658333.33,-85.24367569462092
1039656666.67,-83.36960327846046
1044655000.0,-85.21656584812877
1049653333.33,-84.03735247932474
1054651666.67,-93.03506022067018
1059650000.0,-88.65582472579662
1064648333.33,-88.34072651969535
1069646666.67,-94.47404152957932
1074645000.0,-85.70723928771984
1079643333.33,-83.41761147930174
1084641666.67,-88.99264397338483
1089640000.0,-80.99017053806321
1094638333.33,-88.03764680856645
1099636666.67,-101.71459193436962
1104635000.0,-86.47072184579343
1109633333.33,-80.02508398069094
1114631666.67,-90.09960999841266
1119630000.0,-94.7681177534483
1124628333.33,-86.17684450366964
1129626666.67,-88.65302133222096
1134625000.0,-99.15945638981391
1139623333.33,-90.02366822166836
1144621666.67,-83.57841001225162
1149620000.0,-87.97474801268993
1154618333.33,-95.5770074557139
1159616666.67,-79.25349054938266
1164615000.0,-84.36038334920912
1169613333.33,-87.18039889716925
1174611666.67,-81.43374065510785
1179610000.0,-87.33950350530696
1184608333.33,-84.11677753754427
1189606666.67,-86.88634594565899
1194605000.0,-99.451824096779
1199603333.33,-82.76004677392373
1204601666.67,-82.28348888456435
1209600000.0,-88.21519056155587
1214598333.33,-84.07627081746868
1219596666.67,-96.59985370620369
1224595000.0,-91.70433978916793
1229593333.33,-84.78496897445822
1234591666.67,-86.45627514158616
1239590000.0,-85.88454292723839
1244588333.33,-95.9868422432688
1249586666.67,-97.5861587239464
1254585000.0,-79.02711229369635
1259583333.33,-87.16656568032155
1264581666.67,-80.06540646209245
1269580000.0,-92.76414651986624
1274578333.33,-85.46730276236846
1279576666.67,-81.54937438827321
1284575000.0,-83.28726848427875
1289573333.33,-82.13314835339202
1294571666.67,-84.59511406041747
1299570000.0,-84.6535570306875
1304568333.33,-81.31835912719708
1309566666.67,-86.77197988237046
1314565000.0,-88.8643630713043
1319563333.33,-86.07556561522887
1324561666.67,-92.27559053147628
1329560000.0,-82.4612582727352
1334558333.33,-99.95412196136192
1339556666.67,-84.91535622025006
1344555000.0,-92.63806798636256
1349553333.33,-86.08610345578013
1354551666.67,-94.87121321094124
1359550000.0,-89.31579553414406
1364548333.33,-84.5165203939822
1369546666.67,-86.50889200231732
1374545000.0,-78.7773452787636
1379543333.33,-101.98167492177947
1384541666.67,-90.05935679916574
1389540000.0,-83.34639998255282
1394538333.33,-84.64520072566017
1399536666.67,-89.0277649112785
1404535000.0,-96.38074212450096
1409533333.33,-84.15987379668606
1414531666.67,-79.9873564272822
1419530000.0,-85.90372053975034
1424528333.33,-86.14986140738857
1429526666.67,-84.50061109820524
1434525000.0,-84.21431221659816
1439523333.33,-92.6185169516725
1444521666.67,-81.73386685863726
1449520000.0,-94.84984455820972
1454518333.33,-82.27070374017856
1459516666.67,-83.95447935389694
1464515000.0,-81.21482915497126
1469513333.33,-97.15382767997157
1474511666.67,-78.14602704611382
1479510000.0,-82.842112607903
1484508333.33,-86.51058134601955
1489506666.67,-85.32481352450544
1494505000.0,-83.70758047198976
1499503333.33,-79.93222643278435
1504501666.67,-88.27168164276569
1509500000.0,-83.45426847264733
1514498333.33,-86.17975029955211
1519496666.67,-85.41462098952265
1524495000.0,-84.34968225032641
1529493333.33,-93.14720733609315
1534491666.67,-84.15428224542921
1539490000.0,-90.72862908140712
1544488333.33,-85.77424297502448
1549486666.67,-90.6436915244696
1554485000.0,-86.2446218782174
1559483333.33,-90.75580761135198
1564481666.67,-92.13826928502618
1569480000.0,-84.50244441224172
1574478333.33,-86.49058984218962
1579476666.67,-90.90895659125229
1584475000.0,-83.9425911600321
1589473333.33,-81.48437665333822
1594471666.67,-85.00461926757237
1599470000.0,-83.36915891956843
1604468333.33,-89.37415523747795
1609466666.67,-87.35847824844932
1614465000.0,-84.53885511153376
1619463333.33,-90.08354450749789
1624461666.67,-83.29604964545977
1629460000.0,-78.83449225633262
1634458333.33,-87.06233511921154
1639456666.67,-83.52219338600257
1644455000.0,-91.2686215709648
1649453333.33,-87.0097633064694
1654451666.67,-89.15766256853817
1659450000.0,-87.56810849506101
1664448333.33,-80.4939379026033
1669446666.67,-83.56541268086112
1674445000.0,-83.91973133299807
1679443333.33,-85.84097495200197
1684441666.67,-81.272809653654
1689440000.0,-79.37114268351947
1694438333.33,-89.24932278877036
1699436666.67,-80.46873668630711
1704435000.0,-83.10120169923837
1709433333.33,-90.3137771480727
1714431666.67,-96.1943723167768
1719430000.0,-83.77376571295929
1724428333.33,-81.8363934533659
1729426666.67,-87.5143863129911
1734425000.0,-91.44081616909605
1739423333.33,-81.44724898033793
1744421666.67,-80.44404858157448
1749420000.0,-87.52715495947656
1754418333.33,-83.65026016688567
1759416666.67,-80.0333893901612
1764415000.0,-94.23960320103316
1769413333.33,-80.94303067638518
1774411666.67,-88.39379167464458
1779410000.0,-87.78627775034747
1784408333.33,-88.17999719156795
1789406666.67,-91.88676200429917
1794405000.0,-94.46659922168263
1799403333.33,-80.42911440019319
1804401666.67,-81.39408714259993
1809400000.0,-84.914349362927
1814398333.33,-82.49169264974643
1819396666.67,-81.02190833634046
1824395000.0,-101.88784958801845
1829393333.33,-83.77008006696511
1834391666.67,-79.14157359916526
1839390000.0,-89.80317066438735
1844388333.33,-78.19846831451139
1849386666.67,-85.94113396203446
1854385000.0,-90.98992004217963
1859383333.33,-88.35427221553891
1864381666.67,-82.9835025386064
1869380000.0,-81.53976074317795
1874378333.33,-81.38791319647316
1879376666.67,-79.42487173991567
1884375000.0,-96.00205822764315
1889373333.33,-87.00978643161378
1894371666.67,-79.46201670739089
1899370000.0,-79.08384758536384
1904368333.33,-82.83600709198326
1909366666.67,-80.19004654514862
1914365000.0,-94.72066466814522
1919363333.33,-82.70330654438213
1924361666.67,-79.34962605927632
1929360000.0,-87.59856076022916
1934358333.33,-79.38693310083691
1939356666.67,-85.7705569733178
1944355000.0,-80.00033444723093
1949353333.33,-77.8435200872756
1954351666.67,-83.38566551094866
1959350000.0,-82.1712338623513
1964348333.33,-84.45151553965576
1969346666.67,-86.41453191271049
1974345000.0,-84.27785465894999
1979343333.33,-111.54892992230873
1984341666.67,-81.48650803334723
1989340000.0,-82.94781627903119
1994338333.33,-92.24716196049238
1999336666.67,-84.59507638313536
2004335000.0,-83.69112117440528
2009333333.33,-89.74287698370446
2014331666.67,-91.46976528307422
2019330000.0,-85.20933607378711
2024328333.33,-106.33364904646916
2029326666.67,-87.54933914828207
2034325000.0,-79.8940136780267
2039323333.33,-85.41280787885708
2044321666.67,-79.81327373702433
2049320000.0,-95.91633410609519
2054318333.33,-84.47144816166215
2059316666.67,-87.7509907487266
2064315000.0,-80.01097533334845
2069313333.33,-90.74306718713737
2074311666.67,-80.96985150278695
2079310000.0,-87.21078459160896
2084308333.33,-86.0311542966432
2089306666.67,-83.49124885961436
2094305000.0,-87.81926053582379
2099303333.33,-81.93511116709458
2104301666.67,-91.40986597280217
2109300000.0,-90.72477861062806
2114298333.33,-84.0195591911109
2119296666.67,-80.57842055805752
2124295000.0,-79.87379603596534
2129293333.33,-86.83428836154658
2134291666.67,-89.23251110998478
2139290000.0,-86.1927237649411
2144288333.33,-79.11323081578536
2149286666.67,-86.40965630355527
2154285000.0,-92.0148580322525
2159283333.33,-80.17986419148889
2164281666.67,-77.23039214941076
2169280000.0,-85.8411422049525
2174278333.33,-82.66413593265364
2179276666.67,-88.51903490110234
2184275000.0,-84.63424815283311
2189273333.33,-86.46136492810112
2194271666.67,-87.41000338399182
2199270000.0,-79.5388855473178
2204268333.33,-87.40272909943066
2209266666.67,-83.30715296700146
2214265000.0,-87.87956997213806
2219263333.33,-81.79346407620982
2224261666.67,-88.17847169129757
2229260000.0,-85.88894821814476
2234258333.33,-83.78296541986172
2239256666.67,-85.22855283261542
2244255000.0,-82.19363520781246
2249253333.33,-80.96525687516397
2254251666.67,-86.46396882132734
2259250000.0,-81.96815163699456
2264248333.33,-93.66938701333511
2269246666.67,-93.60139212774685
2274245000.0,-82.30614021312098
2279243333.33,-84.43923037141823
2284241666.67,-86.18965061204783
2289240000.0,-79.80371378128203
2294238333.33,-88.4612171684171
2299236666.67,-80.20224489236458
2304235000.0,-81.03933333585272
2309233333.33,-85.24314075512741
2314231666.67,-81.25230521021709
2319230000.0,-80.98081366716738
2324228333.33,-99.48125575568513
2329226666.67,-89.23655349011581
2334225000.0,-85.96356681432684
2339223333.33,-83.28260329535519
2344221666.67,-77.42135437849714
2349220000.0,-80.06119731616097
2354218333.33,-77.81638639757392
2359216666.67,-92.35985425355548
2364215000.0,-91.87207982481613
2369213333.33,-87.05100140609414
2374211666.67,-80.14956427481948
2379210000.0,-81.61491596959755
2384208333.33,-85.3816753485597
2389206666.67,-79.97928988445676
2394205000.0,-83.74681708916359
2399203333.33,-87.29114935920688
2404201666.67,-92.87249123720157
2409200000.0,-83.11288323352926
2414198333.33,-94.56782527825985
2419196666.67,-87.35452868779625
2424195000.0,-83.17921750106579
2429193333.33,-100.54076930650764
2434191666.67,-94.19361257744028
2439190000.0,-78.75056056311486
2444188333.33,-82.06152124033154
2449186666.67,-86.21807887358196
2454185000.0,-91.22368709136553
2459183333.33,-86.60758248826468
2464181666.67,-82.60496766593087
2469180000.0,-89.28292405995606
2474178333.33,-92.1424142429182
2479176666.67,-85.28984571070829
2484175000.0,-84.95848486402942
2489173333.33,-81.39680475517599
2494171666.67,-81.0123480947238
2499170000.0,-89.20459608046568
2504168333.33,-85.36773581606403
2509166666.67,-83.12795742323543
2514165000.0,-88.35393085835221
2519163333.33,-77.57577333078314
2524161666.67,-89.62313582348378
2529160000.0,-84.530842777313
2534158333.33,-79.51458322146772
2539156666.67,-83.59909141554891
2544155000.0,-84.86544928111428
2549153333.33,-86.4696804295387
2554151666.67,-94.3475999557453
2559150000.0,-83.99204950940108
2564148333.33,-87.45816341323885
2569146666.67,-83.3102439919422
2574145000.0,-86.39206000234118
2579143333.33,-79.42504603121078
2584141666.67,-85.16192085635382
2589140000.0,-95.24671499382282
2594138333.33,-87.67667383361842
2599136666.67,-82.38576526608912
2604135000.0,-83.79905826909979
2609133333.33,-84.4976680411988
2614131666.67,-82.94097152460566
2619130000.0,-82.77979110741154
2624128333.33,-82.2404288217828
2629126666.67,-82.93023233433252
2634125000.0,-77.57956029178109
2639123333.33,-84.71959169079048
2644121666.67,-82.54219706513211
2649120000.0,-91.74075137924346
2654118333.33,-93.70321186348914
2659116666.67,-84.6290514688569
2664115000.0,-82.27498316887187
2669113333.33,-82.54785905123097
2674111666.67,-98.72816051571792
2679110000.0,-93.48767702278272
2684108333.33,-84.00112745601531
2689106666.67,-88.96057108713492
2694105000.0,-82.51642352410302
2699103333.33,-84.76184126983794
2704101666.67,-83.14062571990867
2709100000.0,-97.44829013235366
2714098333.33,-82.29503851747711
2719096666.67,-93.92819755609514
2724095000.0,-81.66030370126788
2729093333.33,-80.46432825843618
2734091666.67,-86.38142485513087
2739090000.0,-77.8227483617419
2744088333.33,-95.7143677584731
2749086666.67,-83.89387737805357
2754085000.0,-84.43660055450833
2759083333.33,-87.06539977433815
2764081666.67,-91.99524581633221
2769080000.0,-92.0893406320714
2774078333.33,-84.54173331337208
2779076666.67,-80.10477692061306
2784075000.0,-90.3358220372907
2789073333.33,-85.96520100593779
2794071666.67,-84.49927158201235
2799070000.0,-90.21099685474398
2804068333.33,-88.78230013464545
2809066666.67,-80.21152177657322
2814065000.0,-87.62695488797598
2819063333.33,-95.74135601244991
2824061666.67,-81.84380121475932
2829060000.0,-92.51031975295392
2834058333.33,-78.27103961759593
2839056666.67,-79.8655020887656
2844055000.0,-87.04921293335008
2849053333.33,-84.19448459292337
2854051666.67,-93.3706206028715
2859050000.0,-78.74389367120816
2864048333.33,-82.09818446456525
2869046666.67,-81.89711711874457
2874045000.0,-89.79987441864506
2879043333.33,-89.66039545710785
2884041666.67,-111.5637695613909
2889040000.0,-87.00896207773867
2894038333.33,-82.2539914972829
2899036666.67,-81.37035087449385
2904035000.0,-88.04819154682318
2909033333.33,-82.30044501200393
2914031666.67,-82.53862215484921
2919030000.0,-84.94312728185801
2924028333.33,-84.61165633525295
2929026666.67,-89.79382920735416
2934025000.0,-80.69700879857068
2939023333.33,-84.11681525950954
2944021666.67,-80.61004294885605
2949020000.0,-87.06337538601731
2954018333.33,-85.43592974928904
2959016666.67,-82.89764134727903
2964015000.0,-94.90889060780667
2969013333.33,-81.32506313179513
2974011666.67,-97.83588670753534
2979010000.0,-78.36920384476159
2984008333.33,-79.2774437679525
2989006666.67,-81.63593406315202
2994005000.0,-86.86621258179137
2999003333.33,-82.69396389559626
3004001666.67,-87.21332627369034
3009000000.0,-88.58704944110181
3013998333.33,-80.7035165187225
3018996666.67,-92.79598794580016
3023995000.0,-90.74338193815827
3028993333.33,-80.10045733967912
3033991666.67,-91.22272849905201
3038990000.0,-87.52501326564429
3043988333.33,-87.62829017855607
3048986666.67,-90.08345954505839
3053985000.0,-80.60319425996113
3058983333.33,-90.62352414847824
3063981666.67,-97.09563681867478
3068980000.0,-81.79970952785071
3073978333.33,-93.20784795774259
3078976666.67,-94.54018452150072
3083975000.0,-78.0623220945844
3088973333.33,-85.927769261206
3093971666.67,-85.08529760846962
3098970000.0,-82.61212904833187
3103968333.33,-86.08520799898147
3108966666.67,-84.13107895335726
3113965000.0,-85.81655192215584
3118963333.33,-78.92047257373753
3123961666.67,-89.2168303204555
3128960000.0,-80.06723153635755
3133958333.33,-79.01457959837376
3138956666.67,-85.3893679965679
3143955000.0,-83.26655073401048
3148953333.33,-93.51412193734285
3153951666.67,-82.88248790763909
3158950000.0,-80.57343505164175
3163948333.33,-86.86775081379142
3168946666.67,-98.83482876023804
3173945000.0,-85.52901077437903
3178943333.33,-87.23321784561284
3183941666.67,-80.44650024277124
3188940000.0,-83.91314703813494
3193938333.33,-78.86347618869544
3198936666.67,-88.1711623919371
3203935000.0,-85.63506499969805
3208933333.33,-89.56552833719662
3213931666.67,-82.8299088507201
3218930000.0,-80.76090181737231
3223928333.33,-77.93873311722324
3228926666.67,-85.92674660517679
3233925000.0,-86.90550273219073
3238923333.33,-86.91820079733188
3243921666.67,-88.44955603069941
3248920000.0,-81.63141313556395
3253918333.33,-84.387187544634
3258916666.67,-81.8106511633309
3263915000.0,-86.18040298574145
3268913333.33,-79.1209831675843
3273911666.67,-83.01634062806775
3278910000.0,-90.24685605774087
3283908333.33,-100.24502613560114
3288906666.67,-79.16094602514309
3293905000.0,-95.26865591656357
3298903333.33,-83.2153355912379
3303901666.67,-80.14096790518695
3308900000.0,-83.45206074751579
3313898333.33,-90.32130605707593
3318896666.67,-80.15966907349053
3323895000.0,-84.03997196995773
3328893333.33,-82.69744425292839
3333891666.67,-82.6664314859071
3338890000.0,-78.89256381375999
3343888333.33,-86.06384841255777
3348886666.67,-80.22697392898618
3353885000.0,-79.71036758436745
3358883333.33,-80.58744989719408
3363881666.67,-81.22331885739392
3368880000.0,-89.39452944992807
3373878333.33,-77.51810728997535
3378876666.67,-79.5509477829472
3383875000.0,-82.3297561584676
3388873333.33,-81.37698414494486
3393871666.67,-86.96180445167931
3398870000.0,-83.64244825331953
3403868333.33,-82.87541462525408
3408866666.67,-89.94528817244307
3413865000.0,-82.35426836843916
3418863333.33,-77.71085009632596
3423861666.67,-89.07385607914861
3428860000.0,-83.22635552125762
3433858333.33,-86.21626413529373
3438856666.67,-81.58613121224735
3443855000.0,-89.25066959684591
3448853333.33,-91.03319865389123
3453851666.67,-80.9542974142966
3458850000.0,-86.99817091142879
3463848333.33,-79.19460463245093
3468846666.67,-80.61195728185623
3473845000.0,-91.79579565719311
3478843333.33,-79.79674792185195
3483841666.67,-86.07969491435732
3488840000.0,-83.03433850743704
3493838333.33,-86.14794258243542
3498836666.67,-78.49641130996064
3503835000.0,-87.0699937539232
3508833333.33,-87.82787850822015
3513831666.67,-87.38421477247272
3518830000.0,-89.13249315757758
3523828333.33,-86.87333383488075
3528826666.67,-80.86949719184254
3533825000.0,-80.24228985786306
3538823333.33,-89.57370060286216
3543821666.67,-81.6359659520957
3548820000.0,-89.34961474145001
3553818333.33,-79.75769934403361
3558816666.67,-86.58346559205201
3563815000.0,-85.98532613619807
3568813333.33,-82.73410285075128
3573811666.67,-84.52936610256216
3578810000.0,-86.6136022175491
3583808333.33,-89.788673338868
3588806666.67,-83.31701535407231
3593805000.0,-80.21241522599212
3598803333.33,-84.34319273418019
3603801666.67,-82.78719204923516
3608800000.0,-83.33350955237691
3613798333.33,-92.78867208960285
3618796666.67,-82.87832837727598
3623795000.0,-84.46589203827365
3628793333.33,-85.96746404233232
3633791666.67,-91.38204261268243
3638790000.0,-88.10828652481591
3643788333.33,-93.15481941118333
3648786666.67,-83.74136585072158
3653785000.0,-82.38091326913819
3658783333.33,-85.49554115682177
3663781666.67,-84.86453250211895
3668780000.0,-80.83294736178432
3673778333.33,-85.69871065668109
3678776666.67,-88.0080630328761
3683775000.0,-79.14338284480293
3688773333.33,-86.50188187646233
3693771666.67,-99.01785745573042
3698770000.0,-83.99284526868483
3703768333.33,-82.19713348038647
3708766666.67,-80.88423842651326
3713765000.0,-78.4961060821111
3718763333.33,-82.77331193301558
3723761666.67,-80.95347280948869
3728760000.0,-79.7523168355581
3733758333.33,-84.33391991037838
3738756666.67,-90.75021452831766
3743755000.0,-78.93254954903881
3748753333.33,-86.87933114329887
3753751666.67,-75.8858210179091
3758750000.0,-87.77056496758541
3763748333.33,-81.21864300194048
3768746666.67,-88.27442694561975
3773745000.0,-81.18091460942756
3778743333.33,-91.90549690250235
3783741666.67,-97.77861437004216
3788740000.0,-80.59424698457647
3793738333.33,-104.13580376660755
3798736666.67,-91.60114728731963
3803735000.0,-88.03412208601218
3808733333.33,-89.57414714620609
3813731666.67,-86.1273601681822
3818730000.0,-82.31012758697645
3823728333.33,-83.96628300212137
3828726666.67,-85.47838331741757
3833725000.0,-82.25532006606252
3838723333.33,-86.41088221019045
3843721666.67,-86.79363612203458
3848720000.0,-90.64168814407778
3853718333.33,-82.11052933168378
3858716666.67,-83.52501313854862
3863715000.0,-90.75074150276686
3868713333.33,-79.6992721983604
3873711666.67,-86.42528036918513
3878710000.0,-81.28490469081743
3883708333.33,-78.3273418109616
3888706666.67,-83.31721905804659
3893705000.0,-80.22849584064258
3898703333.33,-82.02818989423614
3903701666.67,-78.83521769435298
3908700000.0,-86.66066067573723
3913698333.33,-84.47526272681584
3918696666.67,-80.23417915636657
3923695000.0,-77.00615624551584
3928693333.33,-89.22570400020226
3933691666.67,-76.90164161560894
3938690000.0,-80.94300156962217
3943688333.33,-83.43459839863124
3948686666.67,-79.10908136809601
3953685000.0,-85.2309414083034
3958683333.33,-87.11663726086043
3963681666.67,-81.6874886698422
3968680000.0,-102.55411184216577
3973678333.33,-88.2752248871198
3978676666.67,-84.98023426259464
3983675000.0,-77.8774728190537
3988673333.33,-89.24257571046928
3993671666.67,-87.23552358836957
3998670000.0,-82.39157386259164
4003668333.33,-79.55066753230153
4008666666.67,-88.41973060688451
4013665000.0,-78.42187543323585
4018663333.33,-93.41457665293534
4023661666.67,-85.20701101742463
4028660000.0,-84.10110296361336
4033658333.33,-80.57736475431902
4038656666.67,-84.27760791947065
4043655000.0,-85.92695846499572
4048653333.33,-81.3991223628353
4053651666.67,-84.02489208274903
4058650000.0,-80.07836885486293
4063648333.33,-77.56591997406547
4068646666.67,-82.48826724490193
4073645000.0,-86.32156840850065
4078643333.33,-89.48285639937127
4083641666.67,-79.17419994426113
4088640000.0,-79.27494779247203
4093638333.33,-88.33630905790501
4098636666.67,-82.93924596124748
4103635000.0,-78.32710954803902
4108633333.33,-79.34585541633527
4113631666.67,-80.51699395230402
4118630000.0,-82.77632374880496
4123628333.33,-78.95607930210818
4128626666.67,-79.67463509506518
4133625000.0,-83.04132588456216
4138623333.33,-80.16180961566806
4143621666.67,-78.86153613422734
4148620000.0,-83.88709145142607
4153618333.33,-87.7775558471927
4158616666.67,-84.68779861171302
4163615000.0,-76.18697798595791
4168613333.33,-82.23847916123935
4173611666.67,-86.49684393842188
4178610000.0,-83.9455127535198
4183608333.33,-85.46104316273707
4188606666.67,-81.27293119890874
4193605000.0,-79.76581639088278
4198603333.33,-83.94290665122767
4203601666.67,-81.4990449116999
4208600000.0,-84.69217941825838
4213598333.33,-80.08636399997789
4218596666.67,-82.90063142232286
4223595000.0,-101.66968943675377
4228593333.33,-92.1555562141384
4233591666.67,-86.65013436942105
4238590000.0,-87.6464971725469
4243588333.33,-81.5472355032707
4248586666.67,-80.56917805244703
4253585000.0,-81.11812847615644
4258583333.33,-85.42491244279942
4263581666.67,-84.53569178797822
4268580000.0,-80.51623145752112
4273578333.33,-88.93457073059123
4278576666.67,-88.7105612857695
4283575000.0,-88.35657398776405
4288573333.33,-78.35044661871558
4293571666.67,-79.11262721595058
4298570000.0,-78.35921007072247
4303568333.33,-81.6293877601767
4308566666.67,-82.98507572317658
4313565000.0,-83.38068992206347
4318563333.33,-81.28809755007468
4323561666.67,-78.63669523958792
4328560000.0,-87.34187291897301
4333558333.33,-80.75872497516434
4338556666.67,-87.58466089444283
4343555000.0,-90.0085344439415
4348553333.33,-87.9651494384353
4353551666.67,-87.27221281161323
4358550000.0,-76.43551342712519
4363548333.33,-80.25843782119752
4368546666.67,-82.57340843839552
4373545000.0,-79.33477559064777
4378543333.33,-87.64929102960801
4383541666.67,-87.45229672200283
4388540000.0,-77.48285110195313
4393538333.33,-82.70519112442321
4398536666.67,-81.45137009472775
4403535000.0,-82.67921392301037
4408533333.33,-79.9866855465899
4413531666.67,-81.26998209144455
4418530000.0,-81.82847761172059
4423528333.33,-81.53961229345506
4428526666.67,-80.26645536726775
4433525000.0,-89.75322115665605
4438523333.33,-90.02699353410972
4443521666.67,-78.19522517438456
4448520000.0,-93.21416874349269
4453518333.33,-79.591483279185
4458516666.67,-84.360238510803
4463515000.0,-86.98133087551547
4468513333.33,-78.04489168259812
4473511666.67,-79.41392387490235
4478510000.0,-89.43885936982325
4483508333.33,-81.37866005785015
4488506666.67,-78.96558015451046
4493505000.0,-81.98496014757573
4498503333.33,-83.09852271993006
4503501666.67,-84.49226782713224
4508500000.0,-82.78930716403259
4513498333.33,-81.53259321441041
4518496666.67,-80.97540106864594
4523495000.0,-87.76131920401255
4528493333.33,-82.82474340713583
4533491666.67,-83.50730267899854
4538490000.0,-79.77231895493912
4543488333.33,-82.91032028751653
4548486666.67,-85.44063462218585
4553485000.0,-85.89481482393609
4558483333.33,-80.017932111226
4563481666.67,-85.1033143883805
4568480000.0,-79.31796993308228
4573478333.33,-85.92891627384056
4578476666.67,-85.87499663857778
4583475000.0,-80.21212167035189
4588473333.33,-84.63132709735412
4593471666.67,-81.70744022946302
4598470000.0,-85.37385369531913
4603468333.33,-82.07870036856954
4608466666.67,-83.55224888412108
4613465000.0,-80.24902873001936
4618463333.33,-79.06257456435013
4623461666.67,-81.43697583614514
4628460000.0,-88.04967043987216
4633458333.33,-95.34550349427974
4638456666.67,-81.11659278901215
4643455000.0,-79.08602411841387
4648453333.33,-85.17605624122146
4653451666.67,-77.898162749486
4658450000.0,-80.9391883483081
4663448333.33,-80.21997181402662
4668446666.67,-80.20494507326873
4673445000.0,-80.1446392197709
4678443333.33,-80.83069609666794
4683441666.67,-88.17998917677474
4688440000.0,-82.34251920039043
4693438333.33,-87.55350081259985
4698436666.67,-79.90723267514153
4703435000.0,-84.50386325143671
4708433333.33,-86.0243697618216
4713431666.67,-85.60328672752193
4718430000.0,-77.65868552714213
4723428333.33,-78.8564644930196
4728426666.67,-81.47340968793573
4733425000.0,-78.5310529666812
4738423333.33,-85.32827573644667
4743421666.67,-89.50820471962614
4748420000.0,-84.11604640485055
4753418333.33,-79.54930828760004
4758416666.67,-82.78261182636658
4763415000.0,-76.44646518726285
4768413333.33,-79.28311914763842
4773411666.67,-87.19085986741933
4778410000.0,-83.07633775676946
4783408333.33,-84.12031722260866
4788406666.67,-80.32461022118986
4793405000.0,-82.9485760737306
4798403333.33,-83.11958970028257
4803401666.67,-85.85967797859726
4808400000.0,-84.79666462806671
4813398333.33,-80.80032209749432
4818396666.67,-79.42820841399865
4823395000.0,-79.99813245549578
4828393333.33,-83.75233417525124
4833391666.67,-87.92633405999749
4838390000.0,-76.14017632524491
4843388333.33,-82.68532057005167
4848386666.67,-81.33292841794233
4853385000.0,-90.80726191500827
4858383333.33,-77.45953347944295
4863381666.67,-80.24827866109617
4868380000.0,-83.91151960910783
4873378333.33,-83.7194246817871
4878376666.67,-80.63067268292231
4883375000.0,-83.44981673065904
4888373333.33,-79.91154059588717
4893371666.67,-85.27495203388673
4898370000.0,-82.20051267121644
4903368333.33,-81.61861918071625
4908366666.67,-79.31541524108405
4913365000.0,-79.41115199367518
4918363333.33,-89.13610251133733
4923361666.67,-78.96599798746666
4928360000.0,-84.48920544408861
4933358333.33,-82.53473390947639
4938356666.67,-77.40105465991513
4943355000.0,-80.41373032201855
4948353333.33,-97.21061231460399
4953351666.67,-79.52210548627909
4958350000.0,-79.42346486031992
4963348333.33,-85.29134893946272
4968346666.67,-84.84122676398412
4973345000.0,-77.01782892303225
4978343333.33,-82.19581958108579
4983341666.67,-77.66930297004468
4988340000.0,-82.77153438069976
4993338333.33,-83.49237495535944
4998336666.67,-82.17880916077124
5003335000.0,-82.02974163703031
5008333333.33,-78.34708391171291
5013331666.67,-81.1893320156803
5018330000.0,-85.8316854713093
5023328333.33,-80.36186835249163
5028326666.67,-80.16668891920281
5033325000.0,-88.65939488636506
5038323333.33,-80.34291605330212
5043321666.67,-83.0038749783749
5048320000.0,-77.17029814103714
5053318333.33,-82.14650423958332
5058316666.67,-82.71187266674727
5063315000.0,-81.47546881087933
5068313333.33,-77.67705778479672
5073311666.67,-80.73789675834644
5078310000.0,-83.73387262562986
5083308333.33,-83.38096049408867
5088306666.67,-79.78784615864784
5093305000.0,-84.64965278149448
5098303333.33,-82.02077517033561
5103301666.67,-79.3323161259948
5108300000.0,-76.93271944276312
5113298333.33,-76.13918569181527
5118296666.67,-79.9469682066908
5123295000.0,-80.00418094599576
5128293333.33,-79.85757096682929
5133291666.67,-76.65860948553836
5138290000.0,-81.09048615557933
5143288333.33,-79.5464949863163
5148286666.67,-78.73401942636916
5153285000.0,-78.60659956584786
5158283333.33,-85.27414615492535
5163281666.67,-76.95665058322773
5168280000.0,-78.48725774243222
5173278333.33,-86.19696417275
5178276666.67,-79.0638193862554
5183275000.0,-85.68325481302351
5188273333.33,-83.74999714392237
5193271666.67,-83.48309978085607
5198270000.0,-78.63965766625799
5203268333.33,-80.0164391791781
5208266666.67,-79.70255011664898
5213265000.0,-78.46355418693061
5218263333.33,-80.68315518927494
5223261666.67,-81.29581417138144
5228260000.0,-78.68916667049503
5233258333.33,-81.43823066618991
5238256666.67,-79.34466006730821
5243255000.0,-88.34068063954521
5248253333.33,-75.36996509879691
5253251666.67,-81.11239233265884
5258250000.0,-91.518959292853
5263248333.33,-83.6594227833585
5268246666.67,-78.6636664846419
5273245000.0,-82.46703145858982
5278243333.33,-77.39464041844724
5283241666.67,-76.95264857963186
5288240000.0,-80.39269942069895
5293238333.33,-92.60746556002852
5298236666.67,-76.6916046909846
5303235000.0,-79.09033354306655
5308233333.33,-85.84761466593827
5313231666.67,-81.84272216956487
5318230000.0,-84.10584893765437
5323228333.33,-78.20099068491504
5328226666.67,-82.88855435054674
5333225000.0,-86.79733272721676
5338223333.33,-80.92205013090901
5343221666.67,-88.4398283925081
5348220000.0,-82.10453004448541
5353218333.33,-78.85000495835283
5358216666.67,-85.99260021923857
5363215000.0,-78.3461121153975
5368213333.33,-79.08547964792652
5373211666.67,-87.64160661078262
5378210000.0,-74.65048055225486
5383208333.33,-82.37150674255875
5388206666.67,-80.83847805213593
5393205000.0,-79.52777104622677
5398203333.33,-85.02874143427957
5403201666.67,-109.33762487879025
5408200000.0,-82.70317595324771
5413198333.33,-81.51723334987804
5418196666.67,-77.7809966551476
5423195000.0,-76.66209616374653
5428193333.33,-79.76640170513555
5433191666.67,-81.920380587965
5438190000.0,-82.94345366644295
5443188333.33,-84.61225158616924
5448186666.67,-94.18303222486583
5453185000.0,-82.33462114875712
5458183333.33,-78.36305585137521
5463181666.67,-79.1020227133937
5468180000.0,-79.18540510173436
5473178333.33,-89.17897883645402
5478176666.67,-78.77276266542492
5483175000.0,-78.00901000924502
5488173333.33,-79.02676713919091
5493171666.67,-82.09512404031643
5498170000.0,-77.87951107859922
5503168333.33,-77.28031216360229
5508166666.67,-90.15752286067043
5513165000.0,-81.90083320459324
5518163333.33,-77.264961468626
5523161666.67,-84.07085785987016
5528160000.0,-85.39729107034023
5533158333.33,-77.69854273313356
5538156666.67,-81.64131113183117
5543155000.0,-81.61116996590573
5548153333.33,-80.26876988358109
5553151666.67,-80.40019952700966
5558150000.0,-79.94417607134682
5563148333.33,-84.54529656032014
5568146666.67,-83.86766731606346
5573145000.0,-83.7167453549153
5578143333.33,-77.8269249553467
5583141666.67,-78.9681176636421
5588140000.0,-80.93726382532631
5593138333.33,-82.99435272072384
5598136666.67,-78.46701688108499
5603135000.0,-76.85439857169125
5608133333.33,-79.20226789403378
5613131666.67,-82.55959586390912
5618130000.0,-83.50352585032893
5623128333.33,-81.5110074694212
5628126666.67,-81.14648035306047
5633125000.0,-81.08429123366322
5638123333.33,-78.0891579759978
5643121666.67,-85.01386746557054
5648120000.0,-80.80262180053191
5653118333.33,-82.64670522626153
5658116666.67,-78.12342018362271
5663115000.0,-76.8560456115477
5668113333.33,-80.05309328583647
5673111666.67,-76.616503949116
5678110000.0,-82.61116174401155
5683108333.33,-85.64520094940313
5688106666.67,-80.14291137935027
5693105000.0,-80.31704293107745
5698103333.33,-84.51856461926916
5703101666.67,-81.3593333871468
5708100000.0,-77.51748617436056
5713098333.33,-103.66487809720603
5718096666.67,-78.08450524242703
5723095000.0,-76.79434061559391
5728093333.33,-78.86822233197411
5733091666.67,-82.13064559443663
5738090000.0,-84.10180218378193
5743088333.33,-75.9452644298715
5748086666.67,-77.38483167348915
5753085000.0,-79.73642794811961
5758083333.33,-83.37874769373558
5763081666.67,-81.18455800268676
5768080000.0,-77.92650927530099
5773078333.33,-88.32775490854083
5778076666.67,-82.07628178190905
5783075000.0,-80.60043840432039
5788073333.33,-77.42932666275837
5793071666.67,-78.78864315918635
5798070000.0,-80.14483551281755
5803068333.33,-78.57555045605443
5808066666.67,-80.64536025996492
5813065000.0,-78.19933557889942
5818063333.33,-79.97966329747554
5823061666.67,-78.52043803430075
5828060000.0,-81.82855575891108
5833058333.33,-76.99736517131035
5838056666.67,-82.72014407206626
5843055000.0,-78.75370005755103
5848053333.33,-76.36000607329217
5853051666.67,-76.34576945010161
5858050000.0,-81.8398318176847
5863048333.33,-83.06921067679295
5868046666.67,-77.6219574315105
5873045000.0,-76.83793699945133
5878043333.33,-82.24748272967591
5883041666.67,-80.4707503148716
5888040000.0,-75.1941038752503
5893038333.33,-75.08994867736553
5898036666.67,-76.17584985538878
5903035000.0,-80.9315256846333
5908033333.33,-80.19596655234245
5913031666.67,-83.34344597729662
5918030000.0,-82.19085635540335
5923028333.33,-81.2104010617764
5928026666.67,-74.31662414580703
5933025000.0,-77.76639239247633
5938023333.33,-79.2218037887439
5943021666.67,-83.3170806051555
5948020000.0,-80.62380776009331
5953018333.33,-87.13851445037736
5958016666.67,-85.50410544586578
5963015000.0,-82.89526545925659
5968013333.33,-80.36580045873954
5973011666.67,-80.47552300894478
5978010000.0,-78.89589824714888
5983008333.33,-86.69336458948501
5988006666.67,-79.90432916309528
5993005000.0,-81.98854678094676
5998003333.33,-83.97649410328802
6003001666.67,-84.73917313827984
6008000000.0,-80.02812008732774
6012998333.33,-78.73107766478354
6017996666.67,-81.87055915190577
6022995000.0,-90.26314402927258
6027993333.33,-82.87395156554999
6032991666.67,-78.41792215541992
6037990000.0,-78.1165450728022
6042988333.33,-81.34066541677765
6047986666.67,-79.53207289544032
6052985000.0,-79.91028004117216
6057983333.33,-84.4857922537549
6062981666.67,-75.78116830718146
6067980000.0,-79.35382572583445
6072978333.33,-88.00250146563445
6077976666.67,-80.23386464252816
6082975000.0,-85.60336106264286
6087973333.33,-76.92358857898908
6092971666.67,-82.2746399474765
6097970000.0,-77.04184799103892
6102968333.33,-81.38868510822114
6107966666.67,-77.64784613455018
6112965000.0,-77.67038202265834
6117963333.33,-83.81152062352083
6122961666.67,-76.17777157113777
6127960000.0,-78.88573294696093
6132958333.33,-83.33793902198619
6137956666.67,-80.28137815896079
6142955000.0,-81.18071044541851
6147953333.33,-80.39588631947672
6152951666.67,-80.49816139109302
6157950000.0,-77.86184069522213
6162948333.33,-79.73979563481352
6167946666.67,-82.11436414135906
6172945000.0,-80.35761142071466
6177943333.33,-80.74103846150841
6182941666.67,-77.59412663763828
6187940000.0,-78.79523944795224
6192938333.33,-79.54617361178427
6197936666.67,-79.55079151919485
6202935000.0,-84.06482270901668
6207933333.33,-78.74150385553588
6212931666.67,-79.43947823561817
6217930000.0,-76.21358693242954
6222928333.33,-77.18768863499876
6227926666.67,-76.32717099313021
6232925000.0,-81.146411902811
6237923333.33,-82.8861475437226
6242921666.67,-79.71517730675754
6247920000.0,-77.61597116454034
6252918333.33,-79.62568533021869
6257916666.67,-80.83521777051399
6262915000.0,-78.46344175234812
6267913333.33,-78.53200592749538
6272911666.67,-75.82769761736878
6277910000.0,-77.52677245396487
6282908333.33,-80.79665283261477
6287906666.67,-76.27689292794233
6292905000.0,-79.8264885738052
6297903333.33,-80.57992967446486
6302901666.67,-78.62399954362226
6307900000.0,-84.99091932454971
6312898333.33,-77.276373610291
6317896666.67,-81.66748861993833
6322895000.0,-89.99993681631287
6327893333.33,-77.2867344813796
6332891666.67,-85.10722275579093
6337890000.0,-78.78434669725672
6342888333.33,-79.2739011476256
6347886666.67,-79.29900283151123
6352885000.0,-80.74919824532749
6357883333.33,-85.1586125095977
6362881666.67,-75.01018697660086
6367880000.0,-80.9691479016709
6372878333.33,-80.72988586343206
6377876666.67,-83.27965816239464
6382875000.0,-76.92533498512653
6387873333.33,-79.69599802675336
6392871666.67,-79.82038295726952
6397870000.0,-79.60031399261432
6402868333.33,-78.42095522584805
6407866666.67,-79.98512794033968
6412865000.0,-81.49945071664753
6417863333.33,-78.23569208331789
6422861666.67,-76.78095851509906
6427860000.0,-83.98339165560728
6432858333.33,-80.54849169727086
6437856666.67,-79.60529831077372
6442855000.0,-79.04561115117525
6447853333.33,-75.46641980708063
6452851666.67,-83.51823766791605
6457850000.0,-81.71979244324561
6462848333.33,-76.6188478670924
6467846666.67,-79.26087981218761
6472845000.0,-80.65764944157458
6477843333.33,-79.6938910690393
6482841666.67,-77.67826120578646
6487840000.0,-76.63024050185325
6492838333.33,-81.672703613598
6497836666.67,-75.19755201022613
6502835000.0,-77.78079765018795
6507833333.33,-80.15469219707765
6512831666.67,-80.53737525793997
6517830000.0,-78.0968265206838
6522828333.33,-78.29675493272694
6527826666.67,-76.31671933598358
6532825000.0,-76.37741339815909
6537823333.33,-78.25267388245798
6542821666.67,-81.04130044794852
6547820000.0,-79.9952731659718
6552818333.33,-79.86187534719755
6557816666.67,-77.22233318562552
6562815000.0,-79.88629923784413
6567813333.33,-77.46716794198078
6572811666.67,-80.13195049914665
6577810000.0,-86.70344570550594
6582808333.33,-77.62490588541658
6587806666.67,-75.74167712690358
6592805000.0,-77.20014863264277
6597803333.33,-81.12046074831525
6602801666.67,-75.07410444589485
6607800000.0,-81.37478596938578
6612798333.33,-79.49486824211729
6617796666.67,-80.56740555183549
6622795000.0,-76.74979531381726
6627793333.33,-80.11191293866611
6632791666.67,-76.02349110419723
6637790000.0,-77.39394067479965
6642788333.33,-78.68191795201503
6647786666.67,-77.98217210031197
6652785000.0,-81.80391286119168
6657783333.33,-76.66003273154999
6662781666.67,-79.43816772547333
6667780000.0,-78.92257001284894
6672778333.33,-76.84861651322011
6677776666.67,-79.4879788271061
6682775000.0,-76.82463543304414
6687773333.33,-77.46905216955093
6692771666.67,-82.42413551084826
6697770000.0,-82.30094159742703
6702768333.33,-81.88085116822292
6707766666.67,-76.29574605791633
6712765000.0,-81.01129292897753
6717763333.33,-77.0328268008468
6722761666.67,-81.83662461343872
6727760000.0,-78.00902316245339
6732758333.33,-81.13306435233442
6737756666.67,-76.57924345311349
6742755000.0,-82.42635757295524
6747753333.33,-75.64116066039136
6752751666.67,-76.14426384532615
6757750000.0,-80.01159919258208
6762748333.33,-76.74829252105732
6767746666.67,-80.91762389930024
6772745000.0,-82.5743146271433
6777743333.33,-82.60619716894146
6782741666.67,-79.97405732116977
6787740000.0,-75.65634082341737
6792738333.33,-76.46129249132119
6797736666.67,-75.89400995656413
6802735000.0,-77.36321297436044
6807733333.33,-80.94526829584717
6812731666.67,-77.43812150875651
6817730000.0,-79.79797895739756
6822728333.33,-79.00318290450707
6827726666.67,-81.2906247918061
6832725000.0,-76.202826212361
6837723333.33,-76.76707352477581
6842721666.67,-74.5378354784806
6847720000.0,-77.88788876158469
6852718333.33,-80.02880894924516
6857716666.67,-77.708826204806
6862715000.0,-82.0328226770464
6867713333.33,-77.67149161918151
6872711666.67,-75.16596112009583
6877710000.0,-82.04052109031275
6882708333.33,-77.97823385519433
6887706666.67,-77.91827386148874
6892705000.0,-77.7360695826585
6897703333.33,-80.65007354007206
6902701666.67,-79.50178640838527
6907700000.0,-78.49382633310584
6912698333.33,-79.80578692221522
6917696666.67,-77.74236202882739
6922695000.0,-80.79522446910858
6927693333.33,-77.87064751614042
6932691666.67,-79.44078213554111
6937690000.0,-80.49835238222555
6942688333.33,-80.99784186816011
6947686666.67,-77.38578775918016
6952685000.0,-76.53772194585832
6957683333.33,-84.00909964627999
6962681666.67,-78.5637723313007
6967680000.0,-82.68512569664885
6972678333.33,-78.50975129103462
6977676666.67,-78.71427102437204
6982675000.0,-77.74745532503688
6987673333.33,-79.78249987045893
6992671666.67,-79.29963495018782
6997670000.0,-75.97347216802515
7002668333.33,-77.2097650342654
7007666666.67,-80.13810280199417
7012665000.0,-79.71317665644038
7017663333.33,-77.39342407302026
7022661666.67,-76.43269577185347
7027660000.0,-80.702515321143
7032658333.33,-79.490299373524
7037656666.67,-78.85719512475588
7042655000.0,-74.35693876113571
7047653333.33,-75.76466725386528
7052651666.67,-78.82445683504567
7057650000.0,-76.74161807795095
7062648333.33,-77.47637047211879
7067646666.67,-76.1996387116352
7072645000.0,-77.53388400053232
7077643333.33,-85.5282828815664
7082641666.67,-76.6939384706069
7087640000.0,-75.45360830781516
7092638333.33,-78.0020527398936
7097636666.67,-81.26004434424665
7102635000.0,-76.66137353475602
7107633333.33,-77.24354435369602
7112631666.67,-82.2072043064154
7117630000.0,-76.69936212873687
7122628333.33,-78.9132664038452
7127626666.67,-76.7931972700884
7132625000.0,-76.72405143139689
7137623333.33,-76.38405533993036
7142621666.67,-76.6519276039752
7147620000.0,-79.4654988657293
7152618333.33,-75.03801419049658
7157616666.67,-75.14187480239417
7162615000.0,-78.45369379305706
7167613333.33,-78.68848960674293
7172611666.67,-78.54215067946093
7177610000.0,-90.60954013586124
7182608333.33,-80.41796841663066
7187606666.67,-76.58699113719331
7192605000.0,-80.53992883132713
7197603333.33,-79.59964031273101
7202601666.67,-74.31893267648852
7207600000.0,-80.13608523341793
7212598333.33,-83.49273215365385
7217596666.67,-78.58907993431912
7222595000.0,-80.935900058912
7227593333.33,-74.7887395140547
7232591666.67,-77.14207285670247
7237590000.0,-80.3330296468975
7242588333.33,-79.20069136058257
7247586666.67,-79.69552591271744
7252585000.0,-83.40785621538983
7257583333.33,-77.99968405975382
7262581666.67,-83.00729659388809
7267580000.0,-80.27937282644685
7272578333.33,-77.60824621421516
7277576666.67,-74.80028268209699
7282575000.0,-89.6250401562696
7287573333.33,-78.28812000427965
7292571666.67,-83.42482051921792
7297570000.0,-77.49866119999453
7302568333.33,-76.22678888334207
7307566666.67,-75.4137815938428
7312565000.0,-77.78754621052252
7317563333.33,-76.06014447323383
7322561666.67,-78.65034008710855
7327560000.0,-77.72040124132329
7332558333.33,-74.71028277290644
7337556666.67,-76.04684392721923
7342555000.0,-75.89386948887865
7347553333.33,-76.82965249476231
7352551666.67,-80.07377273381428
7357550000.0,-76.90635418612136
7362548333.33,-77.85714269385619
7367546666.67,-76.62336853284691
7372545000.0,-79.2581090095368
7377543333.33,-75.28998469239906
7382541666.67,-80.99400951455223
7387540000.0,-80.58192587378493
7392538333.33,-78.80782130867017
7397536666.67,-79.68719764725166
7402535000.0,-77.75200943965376
7407533333.33,-77.49444589886315
7412531666.67,-80.9563841681186
7417530000.0,-76.84919990935275
7422528333.33,-86.22895113912799
7427526666.67,-76.87450511544804
7432525000.0,-77.10599993829663
7437523333.33,-78.01073721779639
7442521666.67,-77.29039401537261
7447520000.0,-73.17370512959806
7452518333.33,-77.28685765741594
7457516666.67,-77.04866806733138
7462515000.0,-76.18353334262609
7467513333.33,-76.77046794797988
7472511666.67,-79.06770224737069
7477510000.0,-78.20504988864923
7482508333.33,-76.41912504945611
7487506666.67,-76.64946662613247
7492505000.0,-79.04258852545473
7497503333.33,-77.29791462444591
7502501666.67,-78.00457782824252
7507500000.0,-76.09611326916732
7512498333.33,-76.71473287001098
7517496666.67,-75.6051294302539
7522495000.0,-82.5344212130021
7527493333.33,-79.10678168300534
7532491666.67,-76.62217564638212
7537490000.0,-78.47263327960854
7542488333.33,-75.59175649573268
7547486666.67,-76.23612939100114
7552485000.0,-80.25349776014748
7557483333.33,-75.53447962676698
7562481666.67,-78.60889150834916
7567480000.0,-79.11589707708872
7572478333.33,-78.97545496521279
7577476666.67,-75.1071682973486
7582475000.0,-79.37191262867175
7587473333.33,-76.23266601015732
7592471666.67,-80.07057483132459
7597470000.0,-80.01616252132365
7602468333.33,-75.30027397757253
7607466666.67,-76.9154406431362
7612465000.0,-75.8603236500418
7617463333.33,-82.13741193262666
7622461666.67,-75.39212619632761
7627460000.0,-80.63924776282646
7632458333.33,-77.12807132822357
7637456666.67,-73.8221993389522
7642455000.0,-80.27883574652519
7647453333.33,-77.27003132284474
7652451666.67,-74.8256208573075
7657450000.0,-79.07810132799827
7662448333.33,-76.89184509541904
7667446666.67,-76.92032612050568
7672445000.0,-72.5115660141386
7677443333.33,-75.65057192343284
7682441666.67,-76.46927184875297
7687440000.0,-74.7734371164613
7692438333.33,-74.53790997323674
7697436666.67,-81.18461598150317
7702435000.0,-77.17279701373909
7707433333.33,-74.77917945662378
7712431666.67,-75.00435291693971
7717430000.0,-75.94049972611941
7722428333.33,-79.63552390886072
7727426666.67,-80.67665660185381
7732425000.0,-78.10796489233941
7737423333.33,-79.01900428061137
7742421666.67,-78.48246323808368
7747420000.0,-73.65703252840257
7752418333.33,-74.45194742177915
7757416666.67,-79.40961284929243
7762415000.0,-79.29204725357909
7767413333.33,-79.09267622434714
7772411666.67,-80.26557045071391
7777410000.0,-82.14363178358347
7782408333.33,-75.40085788784008
7787406666.67,-74.82301062550665
7792405000.0,-74.61472928652769
7797403333.33,-78.14449238661345
7802401666.67,-77.44380433067434
7807400000.0,-75.26393420548
7812398333.33,-74.12902293874538
7817396666.67,-77.87326334669994
7822395000.0,-81.81030847446277
7827393333.33,-76.31620754660923
7832391666.67,-76.87681204136337
7837390000.0,-76.84368547778536
7842388333.33,-81.16854825246679
7847386666.67,-80.53693747397168
7852385000.0,-78.94918870382617
7857383333.33,-79.36518790177556
7862381666.67,-78.5898176530076
7867380000.0,-79.01137997869063
7872378333.33,-74.43479460864924
7877376666.67,-77.6559271583362
7882375000.0,-81.1718055859859
7887373333.33,-80.80358363546351
7892371666.67,-77.04318486999458
7897370000.0,-79.63559580454968
7902368333.33,-73.99424529898167
7907366666.67,-74.99819423943855
7912365000.0,-81.79247380387233
7917363333.33,-75.62203251554874
7922361666.67,-79.58110530432438
7927360000.0,-77.02087154765829
7932358333.33,-80.14177686067937
7937356666.67,-80.4520607428394
7942355000.0,-75.55457731758592
7947353333.33,-73.20146842814837
7952351666.67,-76.85229253541559
7957350000.0,-78.30439711203309
7962348333.33,-74.05445076847906
7967346666.67,-77.11165945168088
7972345000.0,-79.42710321473766
7977343333.33,-74.38425067879938
7982341666.67,-80.29027465096519
7987340000.0,-76.04524194644503
7992338333.33,-73.7212270601661
7997336666.67,-77.51129280779865
8002335000.0,-78.46272734295854
8007333333.33,-74.56124346612002
8012331666.67,-76.2356751022696
8017330000.0,-79.79884478132531
8022328333.33,-77.38008907882808
8027326666.67,-75.4519147755923
8032325000.0,-74.6457657144075
8037323333.33,-75.53064560126364
8042321666.67,-78.85813078853994
8047320000.0,-78.13736297756384
8052318333.33,-83.2064508090242
8057316666.67,-76.55448027842351
8062315000.0,-73.78389521009254
8067313333.33,-75.99017469543737
8072311666.67,-74.90624220189675
8077310000.0,-78.89503119738036
8082308333.33,-79.13701862676581
8087306666.67,-76.47962912860991
8092305000.0,-83.85350459628492
8097303333.33,-75.96700370238571
8102301666.67,-81.03362963924339
8107300000.0,-78.99362616145376
8112298333.33,-78.09711584329007
8117296666.67,-75.64072043729733
8122295000.0,-77.15831360407917
8127293333.33,-76.05162466495305
8132291666.67,-76.78374141087762
8137290000.0,-79.92191490702176
8142288333.33,-76.23237110045301
8147286666.67,-74.29740129961249
8152285000.0,-78.65293313865955
8157283333.33,-82.13199482409598
8162281666.67,-76.8516895012297
8167280000.0,-77.28982854973674
8172278333.33,-79.33088179726974
8177276666.67,-80.22834967527069
8182275000.0,-79.75374632126615
8187273333.33,-75.52961759855722
8192271666.67,-77.12604597575003
8197270000.0,-79.6025759210447
8202268333.33,-75.21391376395837
8207266666.67,-76.91803656653275
8212265000.0,-78.62752489539754
8217263333.33,-80.57386936827925
8222261666.67,-79.68780546478354
8227260000.0,-75.93229553361203
8232258333.33,-82.2241094645777
8237256666.67,-75.48978995279059
8242255000.0,-76.76177738332102
8247253333.33,-76.97324339357236
8252251666.67,-77.41935628879142
8257250000.0,-77.1994681624366
8262248333.33,-81.43519947786936
8267246666.67,-76.98384329832182
8272245000.0,-76.40145155249128
8277243333.33,-80.07367527913873
8282241666.67,-77.99092724292295
8287240000.0,-73.15576673629089
8292238333.33,-74.48336009938596
8297236666.67,-77.31158049764063
8302235000.0,-79.8697951471382
8307233333.33,-79.97161641453118
8312231666.67,-78.26526670770421
8317230000.0,-78.29703564019951
8322228333.33,-77.33499495757316
8327226666.67,-78.13376773463887
8332225000.0,-79.579251863183
8337223333.33,-74.93687965564243
8342221666.67,-77.13257329401901
8347220000.0,-78.02538837502381
8352218333.33,-78.01928934447096
8357216666.67,-81.66932141378933
8362215000.0,-76.97615860854472
8367213333.33,-77.0819356418606
8372211666.67,-74.71729842699
8377210000.0,-79.76006178236393
8382208333.33,-78.71930012372414
8387206666.67,-75.26541417316987
8392205000.0,-78.54244497777464
8397203333.33,-76.1597307431899
8402201666.67,-74.5017104588037
8407200000.0,-80.4569096979303
8412198333.33,-79.07905636639165
8417196666.67,-81.54276842339084
8422195000.0,-77.22220856045924
8427193333.33,-77.48497195727893
8432191666.67,-78.36569777544301
8437190000.0,-77.25601615341358
8442188333.33,-76.18139369288943
8447186666.67,-80.65033864869318
8452185000.0,-77.38940597761024
8457183333.33,-78.46827451589223
8462181666.67,-77.28249050981046
8467180000.0,-76.35436259416642
8472178333.33,-78.6298048354067
8477176666.67,-77.52351124621266
8482175000.0,-76.58518650607257
8487173333.33,-74.9083054997352
8492171666.67,-75.40131540126458
8497170000.0,-79.57807807094247
8502168333.33,-78.84429145120187
8507166666.67,-77.19802651982639
8512165000.0,-77.00233963216807
8517163333.33,-75.17055632724849
8522161666.67,-77.32244089825701
8527160000.0,-76.78874439643694
8532158333.33,-75.7364985647637
8537156666.67,-76.39918068510241
8542155000.0,-83.270259334853
8547153333.33,-80.8707599819816
8552151666.67,-76.50982289031944
8557150000.0,-77.03306536085576
8562148333.33,-75.64128049706898
8567146666.67,-74.11608970142001
8572145000.0,-78.47691228385283
8577143333.33,-80.65600121007694
8582141666.67,-77.28664701160596
8587140000.0,-75.63740014286799
8592138333.33,-76.89725544867696
8597136666.67,-77.99333012161638
8602135000.0,-78.09773108642007
8607133333.33,-76.95129752061023
8612131666.67,-77.78537548646631
8617130000.0,-83.04424039131122
8622128333.33,-76.15719092112839
8627126666.67,-77.53716471157597
8632125000.0,-76.88888891326602
8637123333.33,-79.00937084072451
8642121666.67,-78.47320834578916
8647120000.0,-74.68939757714973
8652118333.33,-76.28838247982898
8657116666.67,-75.55706970543599
8662115000.0,-73.87781891983211
8667113333.33,-74.8296342459189
8672111666.67,-74.21062577205137
8677110000.0,-79.94305375559131
8682108333.33,-81.57089697282493
8687106666.67,-76.64021431650691
8692105000.0,-75.21221798424527
8697103333.33,-76.42321882467222
8702101666.67,-78.26244592284905
8707100000.0,-77.88383272113221
8712098333.33,-80.25536818193247
8717096666.67,-79.29918697899043
8722095000.0,-74.81279874259009
8727093333.33,-77.24303980991088
8732091666.67,-78.12136490220111
8737090000.0,-75.27522199902613
8742088333.33,-74.31511618084576
8747086666.67,-74.77246893442798
8752085000.0,-77.84624130553621
8757083333.33,-77.43040272595893
8762081666.67,-78.35683314940793
8767080000.0,-78.51608762537863
8772078333.33,-79.85541585383261
8777076666.67,-76.57602325732188
8782075000.0,-74.07812950482378
8787073333.33,-78.97860147810891
8792071666.67,-76.98250123171172
8797070000.0,-76.27387746073434
8802068333.33,-77.81611530259836
8807066666.67,-79.07949742904917
8812065000.0,-80.02187907407813
8817063333.33,-77.58050097689694
8822061666.67,-74.9808034192674
8827060000.0,-75.75815487795882
8832058333.33,-76.14311170722678
8837056666.67,-78.41161243324149
8842055000.0,-74.93466746154566
8847053333.33,-78.48820439810711
8852051666.67,-79.69724596888702
8857050000.0,-80.1275694471022
8862048333.33,-77.75050117297586
8867046666.67,-78.84297764068698
8872045000.0,-79.00692355018991
8877043333.33,-82.5797314127783
8882041666.67,-78.81417391817303
8887040000.0,-76.783014310673
8892038333.33,-76.80178895811315
8897036666.67,-74.85859636761728
8902035000.0,-79.21165078831632
8907033333.33,-83.03958679035297
8912031666.67,-78.06996282885561
8917030000.0,-79.87368821664815
8922028333.33,-78.11286817244724
8927026666.67,-75.05515254149398
8932025000.0,-81.33735418769055
8937023333.33,-76.36300561962193
8942021666.67,-77.13830951919171
8947020000.0,-82.03880261545797
8952018333.33,-82.05588024189953
8957016666.67,-75.2714379097531
8962015000.0,-81.62026090646124
8967013333.33,-78.0795230101087
8972011666.67,-77.89335158266984
8977010000.0,-79.04856601109749
8982008333.33,-78.64628263360426
8987006666.67,-79.04456332087445
8992005000.0,-78.01295147043507
8997003333.33,-82.93010868779879
9002001666.67,-80.54584600371003
9007000000.0,-79.35973118812029
9011998333.33,-75.39082416349976
9016996666.67,-82.93731508616068
9021995000.0,-75.69323908281193
9026993333.33,-74.81065210270269
9031991666.67,-75.4676503069305
9036990000.0,-73.60636748507682
9041988333.33,-77.06006649940458
9046986666.67,-75.73714897764626
9051985000.0,-74.47365833859841
9056983333.33,-76.87655270599372
9061981666.67,-77.43079079196917
9066980000.0,-77.15431932624979
9071978333.33,-78.12842990309208
9076976666.67,-80.69548205717894
9081975000.0,-78.0176977285886
9086973333.33,-76.1675386233552
9091971666.67,-76.347528831305
9096970000.0,-77.71225605348585
9101968333.33,-77.20687995002238
9106966666.67,-80.76971995890149
9111965000.0,-82.5697408844543
9116963333.33,-76.1063457217828
9121961666.67,-81.32278762965709
9126960000.0,-78.36300887497579
9131958333.33,-76.55786973073161
9136956666.67,-76.63379435718025
9141955000.0,-83.31359813797076
9146953333.33,-80.5220072147583
9151951666.67,-78.59169409520544
9156950000.0,-79.20786383211698
9161948333.33,-77.3798229841841
9166946666.67,-78.17480585029992
9171945000.0,-78.2406415449215
9176943333.33,-77.26306085526024
9181941666.67,-74.2851871619633
9186940000.0,-77.02769652299858
9191938333.33,-77.71371964540218
9196936666.67,-77.43599488314754
9201935000.0,-78.29898057070031
9206933333.33,-78.80148732631918
9211931666.67,-82.15649096818238
9216930000.0,-75.71666611989072
9221928333.33,-77.38874078931234
9226926666.67,-77.34464757293877
9231925000.0,-79.33172200485144
9236923333.33,-81.74991160929821
9241921666.67,-79.8700406538451
9246920000.0,-76.79466813221357
9251918333.33,-80.3248004436123
9256916666.67,-78.46654256839541
9261915000.0,-74.95394252818033
9266913333.33,-76.89738132184266
9271911666.67,-75.87030774837984
9276910000.0,-75.4866614049851
9281908333.33,-78.5675664544114
9286906666.67,-79.72101474346292
9291905000.0,-77.79573356237572
9296903333.33,-76.87078932061807
9301901666.67,-78.25289141698471
9306900000.0,-77.46195363961229
9311898333.33,-77.64576080889186
9316896666.67,-74.5759218314695
9321895000.0,-77.52170740864523
9326893333.33,-77.08383737482974
9331891666.67,-78.56742161408474
9336890000.0,-74.58509355287195
9341888333.33,-76.20257620189199
9346886666.67,-74.77231970602074
9351885000.0,-78.83587729655696
9356883333.33,-74.23480870897929
9361881666.67,-77.90602912003851
9366880000.0,-77.0961884917879
9371878333.33,-78.660128869753
9376876666.67,-74.07391163471104
9381875000.0,-76.65049604798777
9386873333.33,-76.06016912564597
9391871666.67,-75.61047874432161
9396870000.0,-79.63605655912727
9401868333.33,-74.8745952958443
9406866666.67,-76.18680195176061
9411865000.0,-77.63661083267297
9416863333.33,-77.32827351934056
9421861666.67,-76.68202820636628
9426860000.0,-81.91405361892748
9431858333.33,-75.68049647646058
9436856666.67,-73.60069090404566
9441855000.0,-76.94652616540407
9446853333.33,-78.27887705612822
9451851666.67,-78.52939728049499
9456850000.0,-79.01721072312087
9461848333.33,-81.61553464209376
9466846666.67,-79.35712058237337
9471845000.0,-77.84956785930756
9476843333.33,-82.12461311326999
9481841666.67,-77.92133434933146
9486840000.0,-77.17800463338551
9491838333.33,-76.9377885976227
9496836666.67,-75.52179954354423
9501835000.0,-81.56923398601775
9506833333.33,-76.66058093107023
9511831666.67,-84.32227529058908
9516830000.0,-77.09437805036374
9521828333.33,-79.37468430969187
9526826666.67,-79.00852789532392
9531825000.0,-77.83515896861682
9536823333.33,-74.68965749616875
9541821666.67,-80.55320003096963
9546820000.0,-76.81854735254174
9551818333.33,-77.7295929575046
9556816666.67,-79.5812777294342
9561815000.0,-79.25655617070908
9566813333.33,-78.50691333546439
9571811666.67,-74.1641995471588
9576810000.0,-77.52607809464942
9581808333.33,-74.93399860724702
9586806666.67,-74.40250568896593
9591805000.0,-77.4496384533779
9596803333.33,-77.81637437140903
9601801666.67,-77.58909256946232
9606800000.0,-76.46391032129418
9611798333.33,-78.59190288329407
9616796666.67,-77.16114370685197
9621795000.0,-80.64846232510908
9626793333.33,-72.9358705865375
9631791666.67,-74.72625158806521
9636790000.0,-76.72642455601168
9641788333.33,-75.832332969564
9646786666.67,-79.91622555666048
9651785000.0,-79.88388577018954
9656783333.33,-78.30855975454696
9661781666.67,-76.31503508487457
9666780000.0,-75.22132394028426
9671778333.33,-84.05859912753739
9676776666.67,-76.17963513102816
9681775000.0,-84.31806352067453
9686773333.33,-76.8611419187048
9691771666.67,-73.68778199028111
9696770000.0,-72.67088919707189
9701768333.33,-83.26825117748538
9706766666.67,-73.49371206142769
9711765000.0,-81.65824975575416
9716763333.33,-73.29221392484794
9721761666.67,-78.97459323360573
9726760000.0,-81.28907896656486
9731758333.33,-76.78387046729677
9736756666.67,-79.2487319991035
9741755000.0,-80.09411314698548
9746753333.33,-76.28939567224731
9751751666.67,-77.95595737352107
9756750000.0,-78.66155159102516
9761748333.33,-77.4488804221269
9766746666.67,-77.99167013709808
9771745000.0,-76.90279637195614
9776743333.33,-80.26982373604301
9781741666.67,-79.97868482432989
9786740000.0,-79.34590852699773
9791738333.33,-75.02144966626167
9796736666.67,-78.62102641757036
9801735000.0,-73.81884958630928
9806733333.33,-76.6248110729514
9811731666.67,-72.64444357388454
9816730000.0,-79.24248085216081
9821728333.33,-75.99678793693195
9826726666.67,-81.38149017883356
9831725000.0,-74.24746163485918
9836723333.33,-77.07333600472558
9841721666.67,-78.76232780918548
9846720000.0,-79.61233438561206
9851718333.33,-78.35892717209192
9856716666.67,-75.6030728488811
9861715000.0,-77.5332366267813
9866713333.33,-84.27089734447972
9871711666.67,-76.48183422521056
9876710000.0,-84.31188692722044
9881708333.33,-74.43629263256975
9886706666.67,-79.05760002442025
9891705000.0,-75.34886575926996
9896703333.33,-79.70613711175406
9901701666.67,-76.96323865825632
9906700000.0,-78.43121415342159
9911698333.33,-78.10804812629803
9916696666.67,-78.22515699571508
9921695000.0,-81.26783684451607
9926693333.33,-78.17361354255635
9931691666.67,-77.08126883127292
9936690000.0,-75.15928049791482
9941688333.33,-76.06518647642483
9946686666.67,-73.67884802505795
9951685000.0,-84.10152922417863
9956683333.33,-76.6264698660087
9961681666.67,-75.74292221171001
9966680000.0,-74.89967489365202
9971678333.33,-77.88088580228066
9976676666.67,-74.44200782268018
9981675000.0,-77.56578622018489
9986673333.33,-81.00656553478933
9991671666.67,-76.35414067964894
9996670000.0,-74.08479818275268
10001668333.3,-77.56946741391769
10006666666.7,-84.12550578098927
10011665000.0,-76.00726705359301
10016663333.3,-80.76162035522972
10021661666.7,-76.16271794552301
10026660000.0,-77.40445561040711
10031658333.3,-80.29440691594189
10036656666.7,-75.45691168546463
10041655000.0,-74.61134383258818
10046653333.3,-78.0092141200951
10051651666.7,-78.30685123764127
10056650000.0,-76.22360550753926
10061648333.3,-75.93965646229316
10066646666.7,-74.92407337606755
10071645000.0,-79.03615048724942
10076643333.3,-74.73195085210396
10081641666.7,-76.22150700192068
10086640000.0,-77.06764325272415
10091638333.3,-75.28917096851728
10096636666.7,-79.91172188709288
10101635000.0,-78.06211599442155
10106633333.3,-74.53967905735331
10111631666.7,-76.3464482700512
10116630000.0,-76.32382127519787
10121628333.3,-73.4309276044547
10126626666.7,-81.0396660411702
10131625000.0,-74.79565445541883
10136623333.3,-76.47040493891143
10141621666.7,-77.97121465220465
10146620000.0,-80.51716582428868
10151618333.3,-75.30874592045944
10156616666.7,-78.00505403708972
10161615000.0,-75.53726441542443
10166613333.3,-77.66568812955364
10171611666.7,-79.54271694839642
10176610000.0,-78.23570889765712
10181608333.3,-72.38166308756664
10186606666.7,-77.31268555467807
10191605000.0,-78.27209745103916
10196603333.3,-75.09113686877838
10201601666.7,-76.89993150628275
10206600000.0,-75.59765647241322
10211598333.3,-75.8261013839715
10216596666.7,-75.55884940353482
10221595000.0,-77.70240705888479
10226593333.3,-77.50738566522234
10231591666.7,-78.55837529728724
10236590000.0,-75.09553362141003
10241588333.3,-76.73782256289245
10246586666.7,-78.85328846801099
10251585000.0,-78.05493743254232
10256583333.3,-76.15270178423738
10261581666.7,-75.52878135680629
10266580000.0,-80.19262676686672
10271578333.3,-79.52686699812904
10276576666.7,-78.67294386756699
10281575000.0,-76.14887754705732
10286573333.3,-73.08872853120606
10291571666.7,-75.83936035061977
10296570000.0,-79.73735466138115
10301568333.3,-75.86062298741942
10306566666.7,-78.9518312888286
10311565000.0,-75.80038632952369
10316563333.3,-76.51933555312708
10321561666.7,-77.37706104511128
10326560000.0,-85.39325689568057
10331558333.3,-80.49985255021309
10336556666.7,-73.83619529545237
10341555000.0,-76.64545522225573
10346553333.3,-77.70781097126621
10351551666.7,-75.93476877093207
10356550000.0,-77.98830089364452
10361548333.3,-74.16657175880614
10366546666.7,-75.9601031301698
10371545000.0,-73.68681562193187
10376543333.3,-80.77506449115774
10381541666.7,-77.20449683556271
10386540000.0,-80.33856681051842
10391538333.3,-78.18815492148295
10396536666.7,-80.17437017667993
10401535000.0,-75.8315051984523
10406533333.3,-74.30387555085491
10411531666.7,-82.35460680023651
10416530000.0,-79.30985074323745
10421528333.3,-74.79155576380153
10426526666.7,-74.91445294479247
10431525000.0,-76.9267997452515
10436523333.3,-82.65957049059423
10441521666.7,-75.83698440072656
10446520000.0,-77.52668006149626
10451518333.3,-74.20456307401668
10456516666.7,-76.88399596491548
10461515000.0,-77.17656087235653
10466513333.3,-75.34127649433438
10471511666.7,-77.23371425441259
10476510000.0,-76.69156410659922
10481508333.3,-76.0517903472242
10486506666.7,-82.02222167291
10491505000.0,-79.02698695185208
10496503333.3,-78.54924640933442
10501501666.7,-79.60130690852813
10506500000.0,-75.96999397532156
10511498333.3,-78.6732553212065
10516496666.7,-83.68688681461448
10521495000.0,-78.15410002769583
10526493333.3,-77.58462681272582
10531491666.7,-77.2101803746706
10536490000.0,-77.98874669991952
10541488333.3,-78.19180295558643
10546486666.7,-76.557606116627
10551485000.0,-77.73782844228037
10556483333.3,-75.83094869651981
10561481666.7,-78.64212003855232
10566480000.0,-78.19784997604033
10571478333.3,-79.91509878452636
10576476666.7,-77.37303945754127
10581475000.0,-81.94868369781547
10586473333.3,-80.21274370272137
10591471666.7,-80.77560030974075
10596470000.0,-77.89120853877066
10601468333.3,-75.7299377815396
10606466666.7,-77.78049563214861
10611465000.0,-77.44292950899776
10616463333.3,-75.9907481811343
10621461666.7,-75.84164154285995
10626460000.0,-78.00495592335588
10631458333.3,-73.54529598587969
10636456666.7,-74.08708987351731
10641455000.0,-77.43388126603493
10646453333.3,-75.56332548348303
10651451666.7,-78.54936963003934
10656450000.0,-76.1656312485338
10661448333.3,-89.0482608306873
10666446666.7,-76.05937610358195
10671445000.0,-83.71717402155353
10676443333.3,-77.75542007303412
10681441666.7,-80.4882665346033
10686440000.0,-77.07107622016
10691438333.3,-79.71990843021865
10696436666.7,-80.43138687368648
10701435000.0,-80.02774222453581
10706433333.3,-75.08511220724388
10711431666.7,-79.40911316698204
10716430000.0,-76.92516180072352
10721428333.3,-76.9411033084086
10726426666.7,-77.54476816381325
10731425000.0,-76.29979924664335
10736423333.3,-80.2156738559617
10741421666.7,-76.28811183325921
10746420000.0,-79.4635329020041
10751418333.3,-75.45793822853088
10756416666.7,-79.87588815145232
10761415000.0,-77.99857763781296
10766413333.3,-76.81228533068365
10771411666.7,-80.33016930649012
10776410000.0,-79.05976475781104
10781408333.3,-75.2731279158821
10786406666.7,-76.3619261593602
10791405000.0,-77.20386528524783
10796403333.3,-75.09458176100804
10801401666.7,-80.75951324370223
10806400000.0,-74.57684343444095
10811398333.3,-78.08211801632329
10816396666.7,-78.39896783455978
10821395000.0,-76.19079680088566
10826393333.3,-77.75200089461384
10831391666.7,-78.054380079982
10836390000.0,-78.08008565498857
10841388333.3,-79.25759616548534
10846386666.7,-75.68614577924673
10851385000.0,-77.11459643916514
10856383333.3,-76.00533710444049
10861381666.7,-78.17041196417564
10866380000.0,-82.16050543979529
10871378333.3,-76.86020124983474
10876376666.7,-75.54233524065337
10881375000.0,-76.37202763658232
10886373333.3,-78.31487324553765
10891371666.7,-78.58590214154903
10896370000.0,-77.9252618327098
10901368333.3,-75.97261319320188
10906366666.7,-78.4111611032215
10911365000.0,-78.8441752866656
10916363333.3,-77.99818878534548
10921361666.7,-77.96209661527963
10926360000.0,-76.82446229544568
10931358333.3,-75.3719521805008
10936356666.7,-77.34292550920836
10941355000.0,-78.49052097145963
10946353333.3,-75.75241360624833
10951351666.7,-77.2054894650715
10956350000.0,-77.12825519840484
10961348333.3,-75.85515122908551
10966346666.7,-78.14459119475981
10971345000.0,-74.89201995114401
10976343333.3,-75.84664534970553
10981341666.7,-78.02123967603009
10986340000.0,-80.15504238055672
10991338333.3,-77.4100479061135
10996336666.7,-76.23486799730897
11001335000.0,-79.04784595226391
11006333333.3,-77.34904116350859
11011331666.7,-79.41955736235931
11016330000.0,-77.53715784109448
11021328333.3,-79.68124511745589
11026326666.7,-76.8736960058005
11031325000.0,-78.16268338523913
11036323333.3,-75.10093436601306
11041321666.7,-81.1385167908341
11046320000.0,-78.18256279736191
11051318333.3,-78.1213594396572
11056316666.7,-78.40382698747047
11061315000.0,-77.61541965380182
11066313333.3,-80.12474046568023
11071311666.7,-76.08202666677875
11076310000.0,-79.98105947228379
11081308333.3,-82.59751300849396
11086306666.7,-76.77641397972121
11091305000.0,-79.18826929457359
11096303333.3,-79.06623084931209
11101301666.7,-77.46233603288397
11106300000.0,-83.86755856585853
11111298333.3,-77.7001798485336
11116296666.7,-74.48985490101056
11121295000.0,-75.85303448276012
11126293333.3,-79.63956532524931
11131291666.7,-80.78615973118382
11136290000.0,-76.74454109973334
11141288333.3,-84.03402961272229
11146286666.7,-77.81236650339041
11151285000.0,-76.59148495185684
11156283333.3,-76.37962041050066
11161281666.7,-78.89886801002822
11166280000.0,-79.54141517070514
11171278333.3,-75.76005146310925
11176276666.7,-75.25498730015082
11181275000.0,-76.3556868821365
11186273333.3,-77.6821785543888
11191271666.7,-76.66202042336863
11196270000.0,-78.52883210097644
11201268333.3,-74.80405148986578
11206266666.7,-77.59464424029426
11211265000.0,-78.64406248523517
11216263333.3,-78.73086599342602
11221261666.7,-77.00543840613105
11226260000.0,-76.19749870322586
11231258333.3,-81.34086628266533
11236256666.7,-80.04496051201356
11241255000.0,-77.12021710421381
11246253333.3,-74.04402769417212
11251251666.7,-76.59452116094567
11256250000.0,-74.97166854783077
11261248333.3,-79.1935877671972
11266246666.7,-76.62126863774611
11271245000.0,-75.6192477401493
11276243333.3,-77.36903005327784
11281241666.7,-77.14688044083344
11286240000.0,-78.02499461224402
11291238333.3,-80.34806933420434
11296236666.7,-73.35435570107538
11301235000.0,-77.67182426771363
11306233333.3,-74.31849243850117
11311231666.7,-73.70579202643077
11316230000.0,-73.27984528102587
11321228333.3,-81.32669666843097
11326226666.7,-76.52159120155858
11331225000.0,-77.8337169150909
11336223333.3,-75.82939712668826
11341221666.7,-79.32288878695456
11346220000.0,-75.05276488427242
11351218333.3,-74.30515179752645
11356216666.7,-78.28707967999331
11361215000.0,-76.34531962034075
11366213333.3,-74.61660309310284
11371211666.7,-76.86214960012265
11376210000.0,-76.68456211061431
11381208333.3,-80.58127983012376
11386206666.7,-83.7263700304072
11391205000.0,-79.33871054717213
11396203333.3,-78.45214102522786
11401201666.7,-78.35132128149777
11406200000.0,-73.27277917284496
11411198333.3,-79.48774289720681
11416196666.7,-82.6904808211785
11421195000.0,-78.03722209704601
11426193333.3,-76.456059677953
11431191666.7,-78.09291130186958
11436190000.0,-79.37050598230203
11441188333.3,-77.63258220490317
11446186666.7,-80.76680062967007
11451185000.0,-77.20880746249131
11456183333.3,-78.20421746993783
11461181666.7,-75.89950970452432
11466180000.0,-75.1255467658543
11471178333.3,-76.7558671278345
11476176666.7,-74.32957232033858
11481175000.0,-76.59172501198728
11486173333.3,-75.96277915470816
11491171666.7,-75.34876385901518
11496170000.0,-79.56409708688182
11501168333.3,-74.84243508202016
11506166666.7,-77.81400870197143
11511165000.0,-79.52743544940088
11516163333.3,-75.15433398174363
11521161666.7,-74.66546988670004
11526160000.0,-75.0483855877645
11531158333.3,-79.12874087326315
11536156666.7,-82.77493062861649
11541155000.0,-83.08634160684333
11546153333.3,-77.7583814871567
11551151666.7,-75.79885359183372
11556150000.0,-79.39712537706059
11561148333.3,-79.1683593517931
11566146666.7,-78.34718393903611
11571145000.0,-74.79054192017541
11576143333.3,-76.44875680641641
11581141666.7,-76.32601948528057
11586140000.0,-78.09879408121344
11591138333.3,-75.33144514110165
11596136666.7,-76.71315048753817
11601135000.0,-75.81329529156716
11606133333.3,-76.16748267094805
11611131666.7,-74.15678616435397
11616130000.0,-72.76980693947006
11621128333.3,-76.8397259524511
11626126666.7,-74.59071570320111
11631125000.0,-74.18636317939304
11636123333.3,-77.36003587126545
11641121666.7,-78.95704362260634
11646120000.0,-77.42284882505076
11651118333.3,-77.64991759234852
11656116666.7,-83.51013057598969
11661115000.0,-73.78823827874696
11666113333.3,-75.44871844235603
11671111666.7,-80.17956724332548
11676110000.0,-78.23854934903382
11681108333.3,-75.63609572733544
11686106666.7,-76.1969933387804
11691105000.0,-75.02343569287605
11696103333.3,-81.11424228220869
11701101666.7,-76.06518477492108
11706100000.0,-76.35947537007857
11711098333.3,-71.19982417917922
11716096666.7,-78.59563047585252
11721095000.0,-74.59063501613095
11726093333.3,-80.83095973086938
11731091666.7,-78.81553987392861
11736090000.0,-78.00728744194912
11741088333.3,-73.81386113794636
11746086666.7,-78.72713409760269
11751085000.0,-83.98358652256522
11756083333.3,-76.78561546726856
11761081666.7,-77.02331506651716
11766080000.0,-76.94485961828603
11771078333.3,-75.0557944449101
11776076666.7,-74.466277119682
11781075000.0,-73.78638570658366
11786073333.3,-77.3150092535532
11791071666.7,-75.26780272856246
11796070000.0,-72.8431843876153
11801068333.3,-78.49029724238473
11806066666.7,-82.18052349869646
11811065000.0,-78.77368109427765
11816063333.3,-75.21507234309777
11821061666.7,-78.61358994769401
11826060000.0,-77.29078484401126
11831058333.3,-76.88869583202938
11836056666.7,-75.28573162079138
11841055000.0,-75.15622699748755
11846053333.3,-80.51738679097912
11851051666.7,-74.41847269018866
11856050000.0,-89.39894729718618
11861048333.3,-77.48213400228974
11866046666.7,-72.65164495404512
11871045000.0,-76.69245022224372
11876043333.3,-76.71977993333333
11881041666.7,-74.71079548383767
11886040000.0,-78.01830996257193
11891038333.3,-74.76087609106102
11896036666.7,-80.85136507722407
11901035000.0,-80.82995955639004
11906033333.3,-77.13709858950777
11911031666.7,-76.57633266967791
11916030000.0,-74.43043275442797
11921028333.3,-78.92595580315935
11926026666.7,-75.62787940313765
11931025000.0,-74.26552863741495
11936023333.3,-72.5761567235023
11941021666.7,-76.68717316214628
11946020000.0,-75.61306371262243
11951018333.3,-76.55847101362305
11956016666.7,-76.91180444119287
11961015000.0,-79.06037247677732
11966013333.3,-76.57357687325552
11971011666.7,-80.23771841955048
11976010000.0,-82.97935212188426
11981008333.3,-75.82021750788282
11986006666.7,-77.25427449154623
11991005000.0,-76.03515449990729
11996003333.3,-77.45950079750669
12001001666.7,-74.43642969945901
12006000000.0,-79.51168003992727
12010998333.3,-80.2996129124615
12015996666.7,-78.91276257212817
12020995000.0,-77.685999534668
12025993333.3,-75.48662510025531
12030991666.7,-73.00457372803777
12035990000.0,-79.98501138604355
12040988333.3,-77.6659454516928
12045986666.7,-77.51749528087612
12050985000.0,-77.38497954281291
12055983333.3,-77.00152707196887
12060981666.7,-76.5250584549205
12065980000.0,-75.82488228323722
12070978333.3,-79.88667136486318
12075976666.7,-77.67277141073345
12080975000.0,-76.85213134388262
12085973333.3,-79.19786003485518
12090971666.7,-81.56499907189675
12095970000.0,-75.21543991232905
12100968333.3,-73.74187830391483
12105966666.7,-75.8104285089023
12110965000.0,-73.48442577233834
12115963333.3,-78.92549817589493
12120961666.7,-75.40728022538697
12125960000.0,-72.95173478102468
12130958333.3,-74.91024713293658
12135956666.7,-79.7263939256783
12140955000.0,-73.759870547353
12145953333.3,-75.94391073240133
12150951666.7,-74.07451234336696
12155950000.0,-78.04276440701327
12160948333.3,-76.17552672566649
12165946666.7,-74.32298702044366
12170945000.0,-77.79462197088088
12175943333.3,-75.31317555357623
12180941666.7,-77.2797027525378
12185940000.0,-77.46885181094476
12190938333.3,-76.59416758638798
12195936666.7,-74.43203919673175
12200935000.0,-77.96113975089177
12205933333.3,-74.30778231560998
12210931666.7,-77.85425937627653
12215930000.0,-76.5278854772378
12220928333.3,-74.72007642920732
12225926666.7,-79.86295492088408
12230925000.0,-73.48988627744443
12235923333.3,-79.33251018128568
12240921666.7,-76.378915779512
12245920000.0,-75.054455529297
12250918333.3,-75.39022474444543
12255916666.7,-80.70749116183484
12260915000.0,-78.6645306682758
12265913333.3,-77.8176693891277
12270911666.7,-77.86066723344499
12275910000.0,-76.54655818201769
12280908333.3,-74.29187144807882
12285906666.7,-74.41134963626591
12290905000.0,-74.96925787022319
12295903333.3,-72.85181569402718
12300901666.7,-78.95373043811651
12305900000.0,-77.00888591980988
12310898333.3,-77.96026085067565
12315896666.7,-75.34163558597267
12320895000.0,-73.27192479495339
12325893333.3,-74.31111056940645
12330891666.7,-74.0007199948135
12335890000.0,-75.86280868534669
12340888333.3,-73.47581286880313
12345886666.7,-75.37437903094849
12350885000.0,-76.06490530023798
12355883333.3,-74.95771833823598
12360881666.7,-75.40793249529219
12365880000.0,-72.78164648323443
12370878333.3,-71.56570228237575
12375876666.7,-75.37636602937451
12380875000.0,-77.22909395293611
12385873333.3,-76.66816622259357
12390871666.7,-73.32602614664987
12395870000.0,-73.50256959217037
12400868333.3,-73.66896747617615
12405866666.7,-72.34347929109892
12410865000.0,-75.4528070519344
12415863333.3,-74.50102487707912
12420861666.7,-72.62403507888959
12425860000.0,-72.76268925984763
12430858333.3,-76.8620569528114
12435856666.7,-78.12406633418502
12440855000.0,-78.75125514807101
12445853333.3,-76.34801279393463
12450851666.7,-74.6199873400431
12455850000.0,-73.67747547504297
12460848333.3,-76.25025370001363
12465846666.7,-73.81480717043675
12470845000.0,-75.1953438054165
12475843333.3,-77.28774377891003
12480841666.7,-75.12579670762696
12485840000.0,-74.20938496049556
12490838333.3,-77.73073393274079
12495836666.7,-79.42523393652178
12500835000.0,-74.00664342020636
12505833333.3,-75.77548642227444
12510831666.7,-75.80809092315947
12515830000.0,-76.07760762693418
12520828333.3,-76.5524378129258
12525826666.7,-78.21888096048508
12530825000.0,-77.71373387151428
12535823333.3,-74.4494004706213
12540821666.7,-76.68813455743931
12545820000.0,-74.13768445320574
12550818333.3,-75.88405069350796
12555816666.7,-73.52071044804488
12560815000.0,-74.48190074939725
12565813333.3,-78.33187421013014
12570811666.7,-72.91963224777392
12575810000.0,-73.31164543563331
12580808333.3,-75.0453568303334
12585806666.7,-74.5689034341885
12590805000.0,-75.11787832680726
12595803333.3,-74.52492202646908
12600801666.7,-77.08139430529658
12605800000.0,-77.1337256774056
12610798333.3,-74.57115794558644
12615796666.7,-77.92975939822327
12620795000.0,-76.81429848846606
12625793333.3,-76.30061379727064
12630791666.7,-72.78827481422263
12635790000.0,-80.031089505451
12640788333.3,-73.7384349261796
12645786666.7,-74.45385688227917
12650785000.0,-78.26859308770557
12655783333.3,-72.82345561362602
12660781666.7,-75.62252790098557
12665780000.0,-74.42623123286981
12670778333.3,-77.7556343079422
12675776666.7,-77.2375835423382
12680775000.0,-76.74958194848844
12685773333.3,-74.82111630718221
12690771666.7,-77.32403459115059
12695770000.0,-73.02304541318998
12700768333.3,-75.92233496054442
12705766666.7,-80.46327650586598
12710765000.0,-74.82073357585507
12715763333.3,-74.02490908447894
12720761666.7,-79.16462244142066
12725760000.0,-74.83774787795873
12730758333.3,-73.76584256902221
12735756666.7,-76.6197102500166
12740755000.0,-75.53796258289812
12745753333.3,-75.26496978989009
12750751666.7,-75.77363279924758
12755750000.0,-77.61166712692786
12760748333.3,-77.10830550669976
12765746666.7,-74.76137133965979
12770745000.0,-77.1176176427573
12775743333.3,-75.53197843446127
12780741666.7,-75.38701950159218
12785740000.0,-75.90818072064421
12790738333.3,-80.24066586690338
12795736666.7,-76.62791210880457
12800735000.0,-75.44175003569639
12805733333.3,-76.89703109382867
12810731666.7,-76.3053496731032
12815730000.0,-77.46916351690787
12820728333.3,-73.8629565166554
12825726666.7,-78.03293917056754
12830725000.0,-75.39397188631048
12835723333.3,-77.15439424899061
12840721666.7,-76.32261662411716
12845720000.0,-72.50969452714968
12850718333.3,-76.33174898501619
12855716666.7,-74.65646935520773
12860715000.0,-71.96912360177096
12865713333.3,-79.24931815673803
12870711666.7,-75.96630859892396
12875710000.0,-77.9443257315406
12880708333.3,-76.42449123258083
12885706666.7,-77.31846914814349
12890705000.0,-76.61751739566705
12895703333.3,-77.86903135744835
12900701666.7,-75.45457891837864
12905700000.0,-74.75459101147263
12910698333.3,-76.76244427341717
12915696666.7,-77.45548463335541
12920695000.0,-75.88376821116618
12925693333.3,-76.76912197615643
12930691666.7,-76.16585618935736
12935690000.0,-74.5036985635339
12940688333.3,-77.7081812690331
12945686666.7,-73.91366327918321
12950685000.0,-75.36071766955972
12955683333.3,-73.68917851758903
12960681666.7,-74.18945753090105
12965680000.0,-75.2971514905465
12970678333.3,-74.05513341749257
12975676666.7,-75.3488416395145
12980675000.0,-74.05307803836541
12985673333.3,-76.53581297594782
12990671666.7,-74.10048940845377
12995670000.0,-74.13656877787818
13000668333.3,-76.59034173657867
13005666666.7,-76.71199341215396
13010665000.0,-75.44502114286257
13015663333.3,-75.23085592308409
13020661666.7,-76.61431310136463
13025660000.0,-75.1659700521478
13030658333.3,-77.65637143972958
13035656666.7,-78.40670696255303
13040655000.0,-75.85964468226626
13045653333.3,-75.5272773672563
13050651666.7,-74.59465099774287
13055650000.0,-74.05052422732817
13060648333.3,-79.11355614127083
13065646666.7,-73.3860378338681
13070645000.0,-76.69580534772952
13075643333.3,-75.86629734188995
13080641666.7,-72.60035904388272
13085640000.0,-74.91608028765332
13090638333.3,-74.06352648334344
13095636666.7,-76.32860929393657
13100635000.0,-75.89669449960063
13105633333.3,-76.29248171537702
13110631666.7,-72.69454005281632
13115630000.0,-74.42600984720676
13120628333.3,-76.47115621401213
13125626666.7,-79.66620420990864
13130625000.0,-74.66058872204546
13135623333.3,-79.22080637827146
13140621666.7,-77.12650586007837
13145620000.0,-75.60180265387476
13150618333.3,-74.4640739568469
13155616666.7,-72.87796200452578
13160615000.0,-76.91639850236943
13165613333.3,-75.83280356153503
13170611666.7,-74.61414747213459
13175610000.0,-75.99094487141025
13180608333.3,-75.58705496314259
13185606666.7,-73.60094144971245
13190605000.0,-76.70505346950583
13195603333.3,-77.80625284780452
13200601666.7,-76.39661512746233
13205600000.0,-77.09206269050522
13210598333.3,-77.1671190458017
13215596666.7,-76.40535045511587
13220595000.0,-75.51653699092596
13225593333.3,-75.22531733303617
13230591666.7,-73.59943414564054
13235590000.0,-76.20731135447372
13240588333.3,-76.4994478538532
13245586666.7,-73.74354074920821
13250585000.0,-77.52613227822654
13255583333.3,-74.2043618725714
13260581666.7,-73.91285463014833
13265580000.0,-80.22433455451963
13270578333.3,-77.13417243722185
13275576666.7,-79.43242177814139
13280575000.0,-75.90815643219096
13285573333.3,-77.89539305034965
13290571666.7,-74.93468587850933
13295570000.0,-74.48369577620872
13300568333.3,-76.90907822481135
13305566666.7,-74.63831484465682
13310565000.0,-74.282984916581
13315563333.3,-76.43485476282936
13320561666.7,-77.40597931908835
13325560000.0,-77.33416131123133
13330558333.3,-78.69957492097457
13335556666.7,-79.68009444376099
13340555000.0,-76.19186867253026
13345553333.3,-77.49901002594184
13350551666.7,-76.44882191402769
13355550000.0,-75.87797500278997
13360548333.3,-76.06585719141626
13365546666.7,-76.94571373590169
13370545000.0,-77.81746185099983
13375543333.3,-79.30064068613797
13380541666.7,-80.27482779218872
13385540000.0,-74.26112672787683
13390538333.3,-74.18461178904222
13395536666.7,-74.427355323078
13400535000.0,-78.66013241843223
13405533333.3,-73.8203260708971
13410531666.7,-77.6802941840164
13415530000.0,-77.24719745352148
13420528333.3,-76.1453165961783
13425526666.7,-78.38859972358641
13430525000.0,-77.88355245491627
13435523333.3,-77.24998612982499
13440521666.7,-73.84218590141386
13445520000.0,-74.26535334957707
13450518333.3,-75.08719892984769
13455516666.7,-73.71667924573663
13460515000.0,-74.40736840107986
13465513333.3,-76.47191498938935
13470511666.7,-76.49841811408044
13475510000.0,-72.28846061534962
13480508333.3,-74.8687032189345
13485506666.7,-78.74312209451001
13490505000.0,-77.04217298076783
13495503333.3,-73.68836256163779
13500501666.7,-73.3652347637664
13505500000.0,-77.76119949436367
13510498333.3,-76.23659972002426
13515496666.7,-77.45430798016434
13520495000.0,-80.52930365000223
13525493333.3,-76.48475787305334
13530491666.7,-76.03062574168588
13535490000.0,-74.62483179642933
13540488333.3,-76.11414166840086
13545486666.7,-77.48428847280243
13550485000.0,-77.88916535182818
13555483333.3,-75.43704540328915
13560481666.7,-78.5604583513678
13565480000.0,-75.54043334139246
13570478333.3,-74.87424867075373
13575476666.7,-78.45161389745068
13580475000.0,-74.59486964848404
13585473333.3,-76.69708930152864
13590471666.7,-75.47840384738437
13595470000.0,-78.20646073614812
13600468333.3,-77.49256252539516
13605466666.7,-74.63364435684295
13610465000.0,-78.72092996631717
13615463333.3,-76.7667316633165
13620461666.7,-84.08402795976605
13625460000.0,-71.63588828574738
13630458333.3,-77.79609997817715
13635456666.7,-77.39517673539062
13640455000.0,-78.9755821190621
13645453333.3,-81.2937127122759
13650451666.7,-74.55574152942006
13655450000.0,-76.07235240015326
13660448333.3,-77.93493171506451
13665446666.7,-77.005399263123
13670445000.0,-75.20793126137379
13675443333.3,-79.80556180766263
13680441666.7,-78.98842325213256
13685440000.0,-80.04877375297532
13690438333.3,-79.13898012316785
13695436666.7,-76.93015495105455
13700435000.0,-78.49377635996622
13705433333.3,-80.09509676666372
13710431666.7,-73.57258034309214
13715430000.0,-74.6130626794864
13720428333.3,-75.77419576330348
13725426666.7,-76.10543788769012
13730425000.0,-76.26778172582546
13735423333.3,-79.11744305249874
13740421666.7,-78.91092001081815
13745420000.0,-76.57600922202244
13750418333.3,-79.2498555576338
13755416666.7,-75.21844627430413
13760415000.0,-78.32866262823737
13765413333.3,-75.34590004331346
13770411666.7,-77.83308180881525
13775410000.0,-76.52839496552369
13780408333.3,-72.81844069837408
13785406666.7,-77.55839876475707
13790405000.0,-77.90102746860309
13795403333.3,-76.45697461181159
13800401666.7,-74.7724616698658
13805400000.0,-81.07887831859252
13810398333.3,-76.22806739372146
13815396666.7,-74.45097130230491
13820395000.0,-76.34443588303112
13825393333.3,-74.01999941367392
13830391666.7,-78.23641474979755
13835390000.0,-86.72477400264923
13840388333.3,-77.59108815149605
13845386666.7,-75.64334654775314
13850385000.0,-75.32372298500485
13855383333.3,-81.94811728128705
13860381666.7,-75.75062142275175
13865380000.0,-78.14035972201964
13870378333.3,-76.6317107995598
13875376666.7,-75.59518571725812
13880375000.0,-75.68451712988842
13885373333.3,-79.43464147900193
13890371666.7,-76.73670881905493
13895370000.0,-78.34390144067198
13900368333.3,-74.34990053291719
13905366666.7,-75.48258963406822
13910365000.0,-74.44289369040347
13915363333.3,-81.36964365233737
13920361666.7,-81.0542802523016
13925360000.0,-75.55939261632895
13930358333.3,-75.2639270140708
13935356666.7,-76.96292697533882
13940355000.0,-79.94896733785454
13945353333.3,-80.06636006229175
13950351666.7,-73.43267418589305
13955350000.0,-77.01350980907021
13960348333.3,-76.92883999766438
13965346666.7,-74.78102817391945
13970345000.0,-74.11049979033609
13975343333.3,-74.17458208923244
13980341666.7,-75.67046370138638
13985340000.0,-74.69046536927053
13990338333.3,-76.80556839941733
13995336666.7,-72.50157306825324
14000335000.0,-77.63441785688151
14005333333.3,-75.91572072681275
14010331666.7,-74.44559431095944
14015330000.0,-74.88754262330747
14020328333.3,-73.61092714088582
14025326666.7,-79.44548501423282
14030325000.0,-74.87364181537197
14035323333.3,-74.80743773841745
14040321666.7,-72.91401221784261
14045320000.0,-74.972053300368
14050318333.3,-78.1364169577097
14055316666.7,-75.52153381473903
14060315000.0,-72.72253691080573
14065313333.3,-80.7998627376461
14070311666.7,-76.31483298385584
14075310000.0,-75.4590154695085
14080308333.3,-75.73232421275823
14085306666.7,-78.42006053899101
14090305000.0,-73.58422304174923
14095303333.3,-74.09549999848133
14100301666.7,-75.1742547696222
14105300000.0,-75.66153003155966
14110298333.3,-77.6222968469219
14115296666.7,-74.65090048219406
14120295000.0,-76.42921206575734
14125293333.3,-75.23517001215887
14130291666.7,-79.23965728161451
14135290000.0,-77.43488143016525
14140288333.3,-81.38272972479317
14145286666.7,-74.5401573447189
14150285000.0,-77.64376953389997
14155283333.3,-75.4220236741284
14160281666.7,-78.96634537378279
14165280000.0,-75.70787147760979
14170278333.3,-74.34923340123008
14175276666.7,-75.44276722305486
14180275000.0,-76.38159192330014
14185273333.3,-76.30555137073874
14190271666.7,-75.67504586666784
14195270000.0,-75.21516806285985
14200268333.3,-73.79548159645486
14205266666.7,-77.28091871445946
14210265000.0,-73.72990865359131
14215263333.3,-76.60588278439573
14220261666.7,-76.58633780919044
14225260000.0,-73.64311569253404
14230258333.3,-77.35398546499187
14235256666.7,-78.05094148557889
14240255000.0,-72.01978672496081
14245253333.3,-74.94074069964273
14250251666.7,-75.15163450188457
14255250000.0,-79.85617863017603
14260248333.3,-80.35388969101152
14265246666.7,-74.58157657757585
14270245000.0,-79.23006617148664
14275243333.3,-76.83379220831182
14280241666.7,-78.52206735052806
14285240000.0,-80.48253921592669
14290238333.3,-78.72083479368183
14295236666.7,-76.00848981331883
14300235000.0,-77.43903667840206
14305233333.3,-78.1746266682848
14310231666.7,-75.77113858611322
14315230000.0,-75.00743759626246
14320228333.3,-73.15645791095473
14325226666.7,-79.14087218130987
14330225000.0,-77.66120577766334
14335223333.3,-75.03476693601186
14340221666.7,-76.43913355132176
14345220000.0,-74.24637191416635
14350218333.3,-73.67837458437802
14355216666.7,-82.08243268100601
14360215000.0,-75.25565623755617
14365213333.3,-77.38460865355404
14370211666.7,-77.37538875700318
14375210000.0,-73.67144191706254
14380208333.3,-76.29111996721146
14385206666.7,-77.80751959412713
14390205000.0,-76.53427614309143
14395203333.3,-73.42813737766056
14400201666.7,-72.78247943046142
14405200000.0,-76.61477394020953
14410198333.3,-74.53032249019158
14415196666.7,-77.51946498077135
14420195000.0,-75.45602954785103
14425193333.3,-76.42035052435455
14430191666.7,-75.77612058001654
14435190000.0,-76.8784485559594
14440188333.3,-75.52351655350704
14445186666.7,-76.18588451435711
14450185000.0,-76.13449712594593
14455183333.3,-80.07693757834004
14460181666.7,-74.564558828546
14465180000.0,-77.13629510219606
14470178333.3,-75.77703011195484
14475176666.7,-75.6221909528634
14480175000.0,-78.72375323685316
14485173333.3,-75.49295061954065
14490171666.7,-76.78767546287568
14495170000.0,-83.19912874525727
14500168333.3,-76.43775986669927
14505166666.7,-74.62220898708144
14510165000.0,-76.8882835821817
14515163333.3,-76.4465068511528
14520161666.7,-78.99427946690327
14525160000.0,-77.21221874298125
14530158333.3,-79.82342149917
14535156666.7,-78.12691095595623
14540155000.0,-76.95672537858867
14545153333.3,-75.60598469670116
14550151666.7,-80.34233384381444
14555150000.0,-79.40036791932648
14560148333.3,-81.47464368981295
14565146666.7,-76.03881453804567
14570145000.0,-75.20905073558946
14575143333.3,-81.83255733121642
14580141666.7,-79.07509567231014
14585140000.0,-78.38594997104408
14590138333.3,-79.01248909598537
14595136666.7,-77.33095918207502
14600135000.0,-79.34664383598334
14605133333.3,-77.0006863426647
14610131666.7,-76.78372658680098
14615130000.0,-76.19857357726207
14620128333.3,-85.58113182625567
14625126666.7,-76.68131537866563
14630125000.0,-74.1882999702279
14635123333.3,-75.53786692245848
14640121666.7,-78.63961516374052
14645120000.0,-77.11587906509978
14650118333.3,-82.00215426582884
14655116666.7,-75.66798751060443
14660115000.0,-76.30495932265043
14665113333.3,-78.69133631897844
14670111666.7,-78.07392371292502
14675110000.0,-75.3897324582135
14680108333.3,-76.52000301181164
14685106666.7,-73.61494473743741
14690105000.0,-77.79506127868808
14695103333.3,-75.06499205457689
14700101666.7,-78.86586129326567
14705100000.0,-76.49375076464027
14710098333.3,-79.31973280566191
14715096666.7,-77.76819330243688
14720095000.0,-76.16374291401324
14725093333.3,-73.21016627188668
14730091666.7,-76.47298092606685
14735090000.0,-76.48476863266269
14740088333.3,-73.59742352725829
14745086666.7,-76.09310047306867
14750085000.0,-75.31514619696073
14755083333.3,-76.37337140746598
14760081666.7,-74.36948443875254
14765080000.0,-75.46938382517783
14770078333.3,-77.19761826540898
14775076666.7,-77.69505801878745
14780075000.0,-75.20328054182544
14785073333.3,-71.93134230983159
14790071666.7,-74.8773199373193
14795070000.0,-81.21134876063235
14800068333.3,-80.68511265102315
14805066666.7,-74.93303152031928
14810065000.0,-76.81635886550312
14815063333.3,-75.88993493625699
14820061666.7,-76.64142144019168
14825060000.0,-79.28401642458573
14830058333.3,-78.99493888383427
14835056666.7,-77.74397556917022
14840055000.0,-76.26512203101565
14845053333.3,-80.10685304455292
14850051666.7,-76.90914532295676
14855050000.0,-74.65098134416462
14860048333.3,-74.85681276115213
14865046666.7,-84.35545698805316
14870045000.0,-76.313354056581
14875043333.3,-81.3882647820782
14880041666.7,-73.73444492289424
14885040000.0,-81.44863357867706
14890038333.3,-79.49123613559462
14895036666.7,-80.49634753973633
14900035000.0,-77.38711789909873
14905033333.3,-78.13783070686935
14910031666.7,-75.77642219610019
14915030000.0,-79.42223824888534
14920028333.3,-76.84234090207003
14925026666.7,-79.21706464845508
14930025000.0,-81.0110690340153
14935023333.3,-74.28713729613209
14940021666.7,-75.6633145987687
14945020000.0,-77.56464225726094
14950018333.3,-74.9022824346639
14955016666.7,-77.61375164734453
14960015000.0,-79.13325849808436
14965013333.3,-75.89895167151815
14970011666.7,-77.67012231207889
14975010000.0,-76.33588246588539
14980008333.3,-76.11865998379976
14985006666.7,-76.84444700051496
14990005000.0,-77.70366751299852
14995003333.3,-76.96914602384223
15000001666.7,-74.94677763314661
15005000000.0,-81.5176823850161
15009998333.3,-75.12121511428893
15014996666.7,-76.51751145273094
15019995000.0,-77.18898290486118
15024993333.3,-74.91830429376859
15029991666.7,-79.96945280634445
15034990000.0,-74.85343985811599
15039988333.3,-77.69362557075576
15044986666.7,-73.163635428315
15049985000.0,-71.73122293659445
15054983333.3,-75.53072533806667
15059981666.7,-82.40065126074377
15064980000.0,-81.15432588302035
15069978333.3,-75.27847551419553
15074976666.7,-73.90818863631804
15079975000.0,-77.69906773063381
15084973333.3,-72.14530126168165
15089971666.7,-78.11865944498791
15094970000.0,-75.46313130437699
15099968333.3,-76.52513136309248
15104966666.7,-77.5634924818746
15109965000.0,-75.60444858942824
15114963333.3,-79.70223208993205
15119961666.7,-77.91680672511555
15124960000.0,-75.94579451181258
15129958333.3,-72.86432344900932
15134956666.7,-76.90295123746185
15139955000.0,-74.4322728268455
15144953333.3,-87.1579740623708
15149951666.7,-77.37514619641202
15154950000.0,-76.56607538405093
15159948333.3,-79.78323557973924
15164946666.7,-77.5804692033223
15169945000.0,-76.96567644632923
15174943333.3,-74.91861152948105
15179941666.7,-76.6815968688711
15184940000.0,-78.94467472949663
15189938333.3,-76.11271441196214
15194936666.7,-73.46884253095388
15199935000.0,-74.7273957149925
15204933333.3,-75.8987298209391
15209931666.7,-74.45671200788192
15214930000.0,-78.36243936736561
15219928333.3,-82.04747324685127
15224926666.7,-76.9810469900302
15229925000.0,-80.0323993331893
15234923333.3,-77.67695950534974
15239921666.7,-77.26670179424546
15244920000.0,-78.83960898873794
15249918333.3,-75.5420904216078
15254916666.7,-77.52980764627102
15259915000.0,-79.68064061947584
15264913333.3,-75.95508492490711
15269911666.7,-77.42310803254796
15274910000.0,-77.33640776753523
15279908333.3,-76.14573361183363
15284906666.7,-75.30373697708073
15289905000.0,-75.3528847218592
15294903333.3,-79.03701266430973
15299901666.7,-79.05387499263075
15304900000.0,-78.23200259411469
15309898333.3,-78.38910144018159
15314896666.7,-77.56861493677697
15319895000.0,-75.99549950400785
15324893333.3,-74.63410699056308
15329891666.7,-77.19626246184606
15334890000.0,-75.79064968409581
15339888333.3,-80.27555818644471
15344886666.7,-82.59088880287192
15349885000.0,-76.65050409653045
15354883333.3,-75.48172849593226
15359881666.7,-77.50064702570431
15364880000.0,-82.28303591223585
15369878333.3,-76.90904384932422
15374876666.7,-78.22131340965721
15379875000.0,-77.25402233722929
15384873333.3,-75.46852595309528
15389871666.7,-79.3206388514572
15394870000.0,-77.24195719801493
15399868333.3,-76.72393843748557
15404866666.7,-78.46808767879082
15409865000.0,-75.07741875083556
15414863333.3,-75.80850979194229
15419861666.7,-74.94410704981951
15424860000.0,-77.54936137372566
15429858333.3,-81.05796873224429
15434856666.7,-77.67467289235819
15439855000.0,-74.55202388364953
15444853333.3,-76.93468775521967
15449851666.7,-76.7210990102639
15454850000.0,-75.1775786575507
15459848333.3,-73.74910069947947
15464846666.7,-79.70802751593322
15469845000.0,-78.27852626314025
15474843333.3,-76.63682427807868
15479841666.7,-82.56170659222052
15484840000.0,-80.41923967846265
15489838333.3,-76.85705362458029
15494836666.7,-77.16962465546379
15499835000.0,-77.30022297777982
15504833333.3,-74.80644342923343
15509831666.7,-78.68847617433254
15514830000.0,-80.28653047588774
15519828333.3,-80.29803816556966
15524826666.7,-81.73693035974564
15529825000.0,-77.38520325654227
15534823333.3,-75.83867358617604
15539821666.7,-78.5569806395962
15544820000.0,-75.89265619290893
15549818333.3,-79.27592075184401
15554816666.7,-78.5545289679864
15559815000.0,-79.0145918446961
15564813333.3,-75.56810275110703
15569811666.7,-77.5975659097912
15574810000.0,-80.95577709989004
15579808333.3,-86.36424499629624
15584806666.7,-79.35326846901977
15589805000.0,-81.13626305683731
15594803333.3,-77.68472728460243
15599801666.7,-80.36312000295844
15604800000.0,-78.85921226499681
15609798333.3,-76.1945381610284
15614796666.7,-79.11431696039072
15619795000.0,-77.83237481294861
15624793333.3,-82.65364344682445
15629791666.7,-81.24497973559117
15634790000.0,-77.74668572861157
15639788333.3,-75.24813300290691
15644786666.7,-79.68861877192751
15649785000.0,-77.17144334314126
15654783333.3,-78.13134535478078
15659781666.7,-87.38741026195083
15664780000.0,-77.10454412590282
15669778333.3,-77.9587629131391
15674776666.7,-76.19187830831012
15679775000.0,-78.97179397110294
15684773333.3,-78.78320217984002
15689771666.7,-82.25343936942245
15694770000.0,-78.96560304104331
15699768333.3,-78.3272620563618
15704766666.7,-81.01703843213772
15709765000.0,-78.24586840898696
15714763333.3,-77.10403548045136
15719761666.7,-76.13520457454737
15724760000.0,-76.24028293828923
15729758333.3,-78.07224156436787
15734756666.7,-81.7093580972228
15739755000.0,-80.5836998556988
15744753333.3,-82.97494102999127
15749751666.7,-74.60597362057753
15754750000.0,-74.50298999272977
15759748333.3,-78.31981638601613
15764746666.7,-77.30560848718969
15769745000.0,-79.58203353954914
15774743333.3,-75.46409584492162
15779741666.7,-81.28108834919831
15784740000.0,-76.13745829160186
15789738333.3,-76.69141978320042
15794736666.7,-76.16669992374288
15799735000.0,-76.66219018828554
15804733333.3,-76.36299557987357
15809731666.7,-76.32728271056558
15814730000.0,-80.72481113218149
15819728333.3,-80.87019628359725
15824726666.7,-78.19878199652192
15829725000.0,-86.31222502985663
15834723333.3,-83.50742239540222
15839721666.7,-75.64442885940687
15844720000.0,-81.30297210457766
15849718333.3,-77.98263456815981
15854716666.7,-78.23020216647683
15859715000.0,-73.1584502740544
15864713333.3,-77.93517790092237
15869711666.7,-75.67986549666645
15874710000.0,-79.82226635359363
15879708333.3,-77.59902147970769
15884706666.7,-75.0127850342946
15889705000.0,-79.79152907356254
15894703333.3,-79.52579236331674
15899701666.7,-75.785170483195
15904700000.0,-81.28655636700536
15909698333.3,-77.3408603313099
15914696666.7,-76.10659479594622
15919695000.0,-75.6834545580976
15924693333.3,-76.80875761220945
15929691666.7,-81.42656211949759
15934690000.0,-76.38915510683576
15939688333.3,-77.08482496841944
15944686666.7,-82.62460499790437
15949685000.0,-79.7019374204796
15954683333.3,-75.43038017777512
15959681666.7,-75.28181990879735
15964680000.0,-78.27883661579696
15969678333.3,-78.00530292329705
15974676666.7,-81.80063442206836
15979675000.0,-77.55094441904075
15984673333.3,-80.23303938427625
15989671666.7,-80.30857218752443
15994670000.0,-79.56792145038507
15999668333.3,-76.33241740359583
16004666666.7,-80.12293887755048
16009665000.0,-80.76849643196991
16014663333.3,-78.92860934688827
16019661666.7,-77.99758868591024
16024660000.0,-80.80663697640269
16029658333.3,-76.4660434167634
16034656666.7,-76.67959928304111
16039655000.0,-82.09688927092088
16044653333.3,-73.10078517710775
16049651666.7,-80.9740833124573
16054650000.0,-79.10041381711609
16059648333.3,-76.0513998629896
16064646666.7,-78.10179152838913
16069645000.0,-82.21880304493553
16074643333.3,-82.3572276856868
16079641666.7,-83.84801020989244
16084640000.0,-80.37790110803164
16089638333.3,-81.23595967280643
16094636666.7,-81.86154474150362
16099635000.0,-77.05146315324613
16104633333.3,-78.5136711230983
16109631666.7,-74.97350778757595
16114630000.0,-78.60660563036576
16119628333.3,-82.55238925617445
16124626666.7,-77.17115971588436
16129625000.0,-84.20425103665539
16134623333.3,-78.79106231322271
16139621666.7,-85.51716488316598
16144620000.0,-79.17189213564441
16149618333.3,-78.41488935147517
16154616666.7,-75.25576426605012
16159615000.0,-77.73481858055008
16164613333.3,-74.09011545657388
16169611666.7,-77.0063391446211
16174610000.0,-79.43911146595241
16179608333.3,-76.30815065906958
16184606666.7,-79.63990048125753
16189605000.0,-79.28427376294104
16194603333.3,-79.53410911601382
16199601666.7,-84.82372428668442
16204600000.0,-81.84158021094962
16209598333.3,-81.36718713358133
16214596666.7,-80.29676837902942
16219595000.0,-78.3799735437992
16224593333.3,-81.45394937822604
16229591666.7,-78.89794403332655
16234590000.0,-77.599429878579
16239588333.3,-79.1095497459053
16244586666.7,-82.3212711111309
16249585000.0,-80.71213277057015
16254583333.3,-78.73139121102865
16259581666.7,-81.9173141030611
16264580000.0,-76.08946031308142
16269578333.3,-78.87328588986344
16274576666.7,-83.62402644475794
16279575000.0,-80.94169832686487
16284573333.3,-76.18218011491405
16289571666.7,-79.15743307383893
16294570000.0,-81.13648977746695
16299568333.3,-81.16726146983721
16304566666.7,-77.1023335492786
16309565000.0,-74.98335567447116
16314563333.3,-76.02368759097958
16319561666.7,-81.85409772205725
16324560000.0,-81.7634694399368
16329558333.3,-81.80105389955042
16334556666.7,-79.53046907594619
16339555000.0,-78.65851762289917
16344553333.3,-81.57272531133276
16349551666.7,-78.57471606263182
16354550000.0,-82.32544207501996
16359548333.3,-76.82513189445143
16364546666.7,-74.54649740705699
16369545000.0,-79.60981442698753
16374543333.3,-80.80098234380932
16379541666.7,-84.61617886260413
16384540000.0,-79.59239911639251
16389538333.3,-75.45340696983297
16394536666.7,-78.01891047203216
16399535000.0,-76.33445811210338
16404533333.3,-81.08659876820674
16409531666.7,-82.14378331836598
16414530000.0,-81.31533646472084
16419528333.3,-81.09833824049927
16424526666.7,-81.09869928238759
16429525000.0,-83.50508402603091
16434523333.3,-79.75615306376709
16439521666.7,-80.06980233953206
16444520000.0,-84.80572559041234
16449518333.3,-76.0770476688904
16454516666.7,-81.18728050715413
16459515000.0,-79.5730829475335
16464513333.3,-78.43762888242664
16469511666.7,-83.62833716509179
16474510000.0,-79.0148369316559
16479508333.3,-80.24230489857703
16484506666.7,-79.806829735579
16489505000.0,-77.33598836511193
16494503333.3,-78.81403616538245
16499501666.7,-79.89538791878734
16504500000.0,-75.56045553884819
16509498333.3,-83.39726825618227
16514496666.7,-77.16546712890316
16519495000.0,-85.93380789641002
16524493333.3,-77.05227166822132
16529491666.7,-80.63333574602693
16534490000.0,-77.2380867938529
16539488333.3,-81.83541041486129
16544486666.7,-82.26147678176454
16549485000.0,-84.09508287518096
16554483333.3,-78.57642606111507
16559481666.7,-79.96493616582735
16564480000.0,-82.16678163717253
16569478333.3,-78.83033841541733
16574476666.7,-88.21443405185734
16579475000.0,-79.61454583920427
16584473333.3,-75.92837688582543
16589471666.7,-81.22592291565873
16594470000.0,-80.10327206795131
16599468333.3,-79.83673670108145
16604466666.7,-80.00919470551611
16609465000.0,-83.4133545356789
16614463333.3,-79.46862411166646
16619461666.7,-77.45232048684494
16624460000.0,-84.66620185402734
16629458333.3,-77.58652158345032
16634456666.7,-83.52069184990032
16639455000.0,-80.67395581543367
16644453333.3,-79.39612701832631
16649451666.7,-82.5932003812706
16654450000.0,-81.72543941224875
16659448333.3,-82.37982214780489
16664446666.7,-78.49102282600971
16669445000.0,-84.60546795984453
16674443333.3,-79.07979900483497
16679441666.7,-89.7196487149254
16684440000.0,-78.0743714384115
16689438333.3,-78.86911530528334
16694436666.7,-79.731491899478
16699435000.0,-82.57535411765765
16704433333.3,-81.38664513357391
16709431666.7,-76.77845252956018
16714430000.0,-77.85509893182466
16719428333.3,-81.41523313203214
16724426666.7,-81.38288808555723
16729425000.0,-93.39947685310598
16734423333.3,-80.7424297966044
16739421666.7,-79.64170569553738
16744420000.0,-76.57860099746048
16749418333.3,-79.45163732725183
16754416666.7,-77.81978193993962
16759415000.0,-79.65161103673792
16764413333.3,-84.63078475717724
16769411666.7,-76.08468262540876
16774410000.0,-79.37979061942693
16779408333.3,-77.17988828317591
16784406666.7,-74.54438062167262
16789405000.0,-85.2870476757402
16794403333.3,-77.97560810129548
16799401666.7,-82.10212690962196
16804400000.0,-83.6199012613626
16809398333.3,-76.40140006511031
16814396666.7,-79.90674699670151
16819395000.0,-79.69199459142533
16824393333.3,-76.48647055541213
16829391666.7,-82.75812428241836
16834390000.0,-78.03071371458759
16839388333.3,-80.53724272164656
16844386666.7,-81.43657893878216
16849385000.0,-76.52252506654195
16854383333.3,-81.19906852836408
16859381666.7,-79.5819540263479
16864380000.0,-83.96323574732533
16869378333.3,-82.76712344526045
16874376666.7,-92.51915553242917
16879375000.0,-78.83852561201711
16884373333.3,-80.72940052640662
16889371666.7,-81.37745144078572
16894370000.0,-81.00504296157469
16899368333.3,-81.30244906477745
16904366666.7,-79.95914592402015
16909365000.0,-75.15537342226001
16914363333.3,-77.67680896651066
16919361666.7,-72.09484092623669
16924360000.0,-72.27139427936949
16929358333.3,-77.61264039489585
16934356666.7,-74.95186891330202
16939355000.0,-76.90338514019513
16944353333.3,-75.88809033797729
16949351666.7,-72.77184821012045
16954350000.0,-73.57235488746845
16959348333.3,-75.16934812154614
16964346666.7,-72.63282274509866
16969345000.0,-76.51551010372567
16974343333.3,-71.76116977513772
16979341666.7,-72.66545793338814
16984340000.0,-74.84144022077604
16989338333.3,-79.17517801917136
16994336666.7,-73.63453163486075
16999335000.0,-80.05092975710082
17004333333.3,-70.88850071455497
17009331666.7,-78.32979861884101
17014330000.0,-72.3370811142198
17019328333.3,-74.42478966822551
17024326666.7,-72.47162938119332
17029325000.0,-73.5004730694923
17034323333.3,-71.35283299686422
17039321666.7,-72.32534593542594
17044320000.0,-72.59475810681296
17049318333.3,-72.16068524632367
17054316666.7,-75.55326915628126
17059315000.0,-74.61759522268076
17064313333.3,-75.48069452128274
17069311666.7,-74.88351859551463
17074310000.0,-76.01042095874665
17079308333.3,-73.63046599593599
17084306666.7,-76.1662528416903
17089305000.0,-69.39913800366757
17094303333.3,-74.17642394147728
17099301666.7,-70.13631493339103
17104300000.0,-73.40128478109611
17109298333.3,-70.13660679352284
17114296666.7,-74.75728385570972
17119295000.0,-69.20181078356221
17124293333.3,-71.83607807680984
17129291666.7,-71.30960876488622
17134290000.0,-72.01695759342701
17139288333.3,-70.91000113020544
17144286666.7,-71.9891285224683
17149285000.0,-72.75459719161773
17154283333.3,-70.63881531832054
17159281666.7,-71.0933818282876
17164280000.0,-72.37122724174915
17169278333.3,-70.6192886095084
17174276666.7,-73.31553579152268
17179275000.0,-71.19763339411617
17184273333.3,-70.10203604110598
17189271666.7,-70.75607477387491
17194270000.0,-70.15373960083255
17199268333.3,-73.75727213606496
17204266666.7,-71.03565654573605
17209265000.0,-72.32370074700637
17214263333.3,-73.74711721164266
17219261666.7,-69.06244281954378
17224260000.0,-74.17980497819862
17229258333.3,-71.03332904628788
17234256666.7,-71.05961471235508
17239255000.0,-74.01674200493159
17244253333.3,-71.44141038504331
17249251666.7,-70.94973627358738
17254250000.0,-68.54365422655069
17259248333.3,-71.47128886620341
17264246666.7,-68.7697258281242
17269245000.0,-69.99370205229542
17274243333.3,-71.09423478924184
17279241666.7,-70.92735228415657
17284240000.0,-70.18162738919283
17289238333.3,-67.8808983640763
17294236666.7,-71.20175267541659
17299235000.0,-70.22275244851114
17304233333.3,-67.93366743226636
17309231666.7,-69.33550245934681
17314230000.0,-68.25928584913947
17319228333.3,-68.0912592509392
17324226666.7,-69.26324677515541
17329225000.0,-70.76414915489511
17334223333.3,-68.84283817538021
17339221666.7,-70.97049855345173
17344220000.0,-71.24992164748771
17349218333.3,-68.2533778045725
17354216666.7,-72.05834130163896
17359215000.0,-69.339928073945
17364213333.3,-70.16027355407934
17369211666.7,-68.07691688319065
17374210000.0,-70.27825002052326
17379208333.3,-70.14912266344905
17384206666.7,-67.4772726612033
17389205000.0,-69.7445489079965
17394203333.3,-70.09805309976052
17399201666.7,-68.96218700646324
17404200000.0,-68.93787483480232
17409198333.3,-68.18529486665801
17414196666.7,-73.64851326443215
17419195000.0,-68.95825885734433
17424193333.3,-69.19378413348609
17429191666.7,-69.63803987787158
17434190000.0,-69.24159008500095
17439188333.3,-68.57143834480618
17444186666.7,-69.3042666957271
17449185000.0,-72.63751738174733
17454183333.3,-69.96218693953844
17459181666.7,-70.10140602476581
17464180000.0,-68.77538154180156
17469178333.3,-69.92357328640517
17474176666.7,-69.330917788918
17479175000.0,-69.51965292517022
17484173333.3,-68.73937415422299
17489171666.7,-68.26636636870246
17494170000.0,-67.4622722155259
17499168333.3,-68.61547810993707
17504166666.7,-67.27960832988289
17509165000.0,-68.83138180014004
17514163333.3,-67.59600586066101
17519161666.7,-69.18465833349704
17524160000.0,-69.03315659359843
17529158333.3,-68.16305979019103
17534156666.7,-69.21843970231369
17539155000.0,-68.91455903022894
17544153333.3,-67.5137091087154
17549151666.7,-68.20421546525549
17554150000.0,-69.02246936225717
17559148333.3,-69.13697724973144
17564146666.7,-68.00017729099254
17569145000.0,-67.65051602440663
17574143333.3,-68.17029776300964
17579141666.7,-70.27084861619872
17584140000.0,-69.02670401299814
17589138333.3,-66.83296180948696
17594136666.7,-69.71800010730382
17599135000.0,-69.65796118325629
17604133333.3,-69.22585288620324
17609131666.7,-68.77521851717306
17614130000.0,-69.71133406317702
17619128333.3,-67.92160501684802
17624126666.7,-69.98545227366911
17629125000.0,-68.40998959780902
17634123333.3,-70.9662316734008
17639121666.7,-68.21279696213814
17644120000.0,-68.27090475729263
17649118333.3,-69.20173506210956
17654116666.7,-70.34506226676514
17659115000.0,-69.29691028110967
17664113333.3,-68.57498432242038
17669111666.7,-67.20389963736345
17674110000.0,-68.41992865573972
17679108333.3,-68.68343293555886
17684106666.7,-69.14075936732256
17689105000.0,-67.59624143563562
17694103333.3,-70.46799434172956
17699101666.7,-68.397321787614
17704100000.0,-69.12372307408096
17709098333.3,-69.30979694834642
17714096666.7,-70.16405573844477
17719095000.0,-68.55558654382122
17724093333.3,-68.55825701215724
17729091666.7,-70.15893045067519
17734090000.0,-67.7459439921943
17739088333.3,-67.69297241378712
17744086666.7,-68.27516291401516
17749085000.0,-68.78973212915507
17754083333.3,-70.14452138599135
17759081666.7,-70.30061553207771
17764080000.0,-69.54790430311756
17769078333.3,-66.43656361853274
17774076666.7,-67.7335056492028
17779075000.0,-69.09565580736208
17784073333.3,-68.10976663071004
17789071666.7,-69.80083163956402
17794070000.0,-67.23691207586198
17799068333.3,-70.01375515191735
17804066666.7,-69.26769834840086
17809065000.0,-68.24878431364799
17814063333.3,-69.36247603235383
17819061666.7,-69.39604489773029
17824060000.0,-68.70291455970752
17829058333.3,-67.86198301675141
17834056666.7,-69.27246845955695
17839055000.0,-68.91774897877114
17844053333.3,-69.2675034749463
17849051666.7,-68.70523392246766
17854050000.0,-71.38337970522963
17859048333.3,-70.2437521987643
17864046666.7,-68.242734952248
17869045000.0,-69.10596475219188
17874043333.3,-68.79497144262683
17879041666.7,-69.55362121264218
17884040000.0,-70.4662283686257
17889038333.3,-69.9348628754149
17894036666.7,-69.86505824358176
17899035000.0,-71.89235450699209
17904033333.3,-71.85075150292467
17909031666.7,-71.89500918573218
17914030000.0,-68.62705913809465
17919028333.3,-69.91698360416427
17924026666.7,-70.31604757812791
17929025000.0,-68.15141527509171
17934023333.3,-71.8474997089178
17939021666.7,-70.46334053827043
17944020000.0,-70.32654577461251
17949018333.3,-71.41544531352362
17954016666.7,-71.32009968082856
17959015000.0,-70.75121653397349
17964013333.3,-75.07048959475841
17969011666.7,-70.32515378973766
17974010000.0,-70.87560918987037
17979008333.3,-67.93106116553449
17984006666.7,-71.47090291005087
17989005000.0,-69.84850914749981
17994003333.3,-69.96332753577504
17999001666.7,-68.61046300180936
18004000000.0,-70.76349164092878
18008998333.3,-73.00227002808013
18013996666.7,-70.79883583012811
18018995000.0,-70.1542796371015
18023993333.3,-69.54243474846818
18028991666.7,-70.60809249073606
18033990000.0,-68.87133100437119
18038988333.3,-70.81035308578082
18043986666.7,-73.06057372669326
18048985000.0,-71.34633502136451
18053983333.3,-72.65708625225189
18058981666.7,-70.03577949438788
18063980000.0,-70.50153064037357
18068978333.3,-71.44495672695908
18073976666.7,-72.08120210758347
18078975000.0,-70.67970622900387
18083973333.3,-71.37432230137995
18088971666.7,-69.06395915783109
18093970000.0,-71.9931617711881
18098968333.3,-71.51189671142365
18103966666.7,-71.18238614459364
18108965000.0,-71.9987509483723
18113963333.3,-69.31342287406376
18118961666.7,-69.79242926944936
18123960000.0,-69.65854682558715
18128958333.3,-70.49339983324037
18133956666.7,-70.9188962835361
18138955000.0,-69.68204764566087
18143953333.3,-71.12978644982398
18148951666.7,-71.5774319629236
18153950000.0,-70.57308853346876
18158948333.3,-70.90852112674864
18163946666.7,-70.66681106505389
18168945000.0,-70.38348917162938
18173943333.3,-70.17327597200156
18178941666.7,-72.32878993743775
18183940000.0,-70.64269831755026
18188938333.3,-69.98451612611207
18193936666.7,-70.98213264540215
18198935000.0,-71.86453884026062
18203933333.3,-70.72258983820794
18208931666.7,-73.57568398834354
18213930000.0,-71.29244735291394
18218928333.3,-72.53199319793534
18223926666.7,-69.55436712776452
18228925000.0,-71.67912655672359
18233923333.3,-71.163509804202
18238921666.7,-70.01875635195125
18243920000.0,-70.4201624884819
18248918333.3,-70.81525349784496
18253916666.7,-71.37151326611666
18258915000.0,-71.09757950456581
18263913333.3,-69.1992875502806
18268911666.7,-69.61405153739234
18273910000.0,-71.94788773067434
18278908333.3,-71.21843520547544
18283906666.7,-73.11244873368298
18288905000.0,-74.3084599977669
18293903333.3,-70.57092791772354
18298901666.7,-72.96310222103016
18303900000.0,-71.59354633129624
18308898333.3,-70.5967864355213
18313896666.7,-72.51898542451043
18318895000.0,-71.83123705037586
18323893333.3,-71.85538860349911
18328891666.7,-72.27159945751482
18333890000.0,-71.2710020709952
18338888333.3,-71.97013775009044
18343886666.7,-71.15046673951328
18348885000.0,-70.28190242772132
18353883333.3,-74.18286828449129
18358881666.7,-71.61315083138483
18363880000.0,-70.64898314064258
18368878333.3,-72.33872384294659
18373876666.7,-71.1460536228505
18378875000.0,-73.1042598437322
18383873333.3,-73.90584644321497
18388871666.7,-70.32961597192207
18393870000.0,-71.06977871638092
18398868333.3,-71.00266187453047
18403866666.7,-72.42372903419134
18408865000.0,-72.64473304974393
18413863333.3,-71.7969932470206
18418861666.7,-72.59773442256409
18423860000.0,-72.11139815927093
18428858333.3,-71.15160378932147
18433856666.7,-70.52436488482681
18438855000.0,-72.59969470123798
18443853333.3,-70.67686571272795
18448851666.7,-71.318812574444
18453850000.0,-69.82705155533634
18458848333.3,-71.00359349410247
18463846666.7,-70.93379153870107
18468845000.0,-70.62398399052188
18473843333.3,-72.48004255436942
18478841666.7,-75.43553883912041
18483840000.0,-70.63875614668218
18488838333.3,-69.38391781704112
18493836666.7,-71.24266110317593
18498835000.0,-71.82562169169888
18503833333.3,-73.07723290253453
18508831666.7,-73.84235462825966
18513830000.0,-71.48261376513115
18518828333.3,-71.15308210669492
18523826666.7,-69.68278328455624
18528825000.0,-71.32146304103617
18533823333.3,-71.76343441819165
18538821666.7,-72.52997455554785
18543820000.0,-72.58035202557292
18548818333.3,-71.84701612840587
18553816666.7,-72.09248870391578
18558815000.0,-71.49758214434446
18563813333.3,-71.92369801297305
18568811666.7,-70.75688477513033
18573810000.0,-72.63908005549555
18578808333.3,-73.49211971003021
18583806666.7,-71.93714007712077
18588805000.0,-72.18405722205028
18593803333.3,-71.76614443863521
18598801666.7,-73.23937430445844
18603800000.0,-72.59913904498865
18608798333.3,-73.62984882372693
18613796666.7,-70.8007876058096
18618795000.0,-70.90089736116981
18623793333.3,-71.97149031039613
18628791666.7,-71.74258181366082
18633790000.0,-71.57810851489926
18638788333.3,-70.746898900313
18643786666.7,-73.62961609221966
18648785000.0,-74.04905295031446
18653783333.3,-71.10021692506292
18658781666.7,-69.51176618303427
18663780000.0,-72.68926814067989
18668778333.3,-71.878299612718
18673776666.7,-70.69319219281815
18678775000.0,-70.60690069786139
18683773333.3,-72.42618620310462
18688771666.7,-71.45087449723951
18693770000.0,-73.29632874890376
18698768333.3,-74.26929414079149
18703766666.7,-70.61028833220715
18708765000.0,-73.84649319799477
18713763333.3,-71.34495807673449
18718761666.7,-69.6036239044793
18723760000.0,-74.03557815050324
18728758333.3,-72.98459790843472
18733756666.7,-71.54466986505523
18738755000.0,-72.26945444403826
18743753333.3,-74.49510010003128
18748751666.7,-74.18459889254864
18753750000.0,-71.28114262944831
18758748333.3,-72.16260760622967
18763746666.7,-71.66092778664971
18768745000.0,-72.07419937396668
18773743333.3,-71.58442267325375
18778741666.7,-72.39979661417453
18783740000.0,-75.02446542836546
18788738333.3,-69.92904477492682
18793736666.7,-70.65223017832064
18798735000.0,-72.96148760373084
18803733333.3,-71.15997316721572
18808731666.7,-72.88649357918656
18813730000.0,-71.39774562318632
18818728333.3,-73.94778988356455
18823726666.7,-72.97138912154412
18828725000.0,-71.18785644585499
18833723333.3,-73.86015428744865
18838721666.7,-73.64081380728584
18843720000.0,-75.0741993808922
18848718333.3,-72.75058493946156
18853716666.7,-71.53367891949362
18858715000.0,-73.29579942496022
18863713333.3,-73.95310263780473
18868711666.7,-73.05247753570715
18873710000.0,-73.63735129870705
18878708333.3,-72.97458038865717
18883706666.7,-70.36622794985944
18888705000.0,-71.1496324327962
18893703333.3,-72.20651277054213
18898701666.7,-72.84191003007523
18903700000.0,-71.38487997280065
18908698333.3,-72.19620166770997
18913696666.7,-72.39414591615036
18918695000.0,-73.53004170871569
18923693333.3,-71.24739046994756
18928691666.7,-71.54461841911113
18933690000.0,-72.45210941610941
18938688333.3,-72.74683231370359
18943686666.7,-70.21362835405358
18948685000.0,-71.650463541496
18953683333.3,-72.73421602362183
18958681666.7,-72.40877486021289
18963680000.0,-71.74000312400759
18968678333.3,-72.18638978833538
18973676666.7,-69.9468697388609
18978675000.0,-73.89472570010149
18983673333.3,-73.51193516456141
18988671666.7,-71.99725700512235
18993670000.0,-72.48909261599592
18998668333.3,-75.29475257004218
19003666666.7,-72.10864233178548
19008665000.0,-72.74940923911124
19013663333.3,-74.17454387731095
19018661666.7,-74.18630322392534
19023660000.0,-78.3569882226084
19028658333.3,-77.34753842922265
19033656666.7,-72.93262151167534
19038655000.0,-71.78588809411751
19043653333.3,-73.47675037836406
19048651666.7,-74.65256358193615
19053650000.0,-73.45557519925225
19058648333.3,-73.04798949188077
19063646666.7,-73.31446556168432
19068645000.0,-71.14475922108699
19073643333.3,-71.68476742245146
19078641666.7,-71.56646422209876
19083640000.0,-72.34683269944888
19088638333.3,-73.60831614335137
19093636666.7,-74.08665503801768
19098635000.0,-72.61377603147753
19103633333.3,-72.16019985054335
19108631666.7,-69.97229437511231
19113630000.0,-73.75681015605282
19118628333.3,-69.96699247088006
19123626666.7,-74.59064578711816
19128625000.0,-70.49983757500125
19133623333.3,-73.19856686832794
19138621666.7,-72.81131785857688
19143620000.0,-71.2580829965247
19148618333.3,-71.64284213442394
19153616666.7,-72.55464298584894
19158615000.0,-71.94339517290355
19163613333.3,-70.18662128539697
19168611666.7,-72.63698704798597
19173610000.0,-73.80229126592451
19178608333.3,-73.88771535115269
19183606666.7,-75.44115304832023
19188605000.0,-70.65566100831023
19193603333.3,-70.06053328320952
19198601666.7,-72.54026242095964
19203600000.0,-74.39403531298095
19208598333.3,-71.18177140245413
19213596666.7,-72.64502547223914
19218595000.0,-71.51075615775527
19223593333.3,-75.42295272653068
19228591666.7,-74.90219756552497
19233590000.0,-69.94774743671661
19238588333.3,-70.34648439529988
19243586666.7,-73.29852730647329
19248585000.0,-76.74686281860079
19253583333.3,-71.6670403501014
19258581666.7,-73.91247450125805
19263580000.0,-71.46022974684819
19268578333.3,-72.99485782368723
19273576666.7,-70.98574977418869
19278575000.0,-73.47583999456363
19283573333.3,-71.11293747302865
19288571666.7,-74.73115204252097
19293570000.0,-70.77980339536634
19298568333.3,-76.06653741899699
19303566666.7,-72.0167632506231
19308565000.0,-73.36683527430874
19313563333.3,-72.40842098328065
19318561666.7,-75.28625094242499
19323560000.0,-73.7250673801997
19328558333.3,-71.2088739375168
19333556666.7,-73.75769794637633
19338555000.0,-71.47051288733789
19343553333.3,-75.61953537084472
19348551666.7,-73.7027114955954
19353550000.0,-74.15754078787282
19358548333.3,-72.35992884175059
19363546666.7,-70.81454332305117
19368545000.0,-75.62093772812483
19373543333.3,-71.40641817447232
19378541666.7,-71.40343068728116
19383540000.0,-71.46088681512573
19388538333.3,-72.32412141927637
19393536666.7,-70.72915341336865
19398535000.0,-71.8966712727458
19403533333.3,-71.73336362246818
19408531666.7,-72.57227946137174
19413530000.0,-72.27779919977812
19418528333.3,-69.45154543200965
19423526666.7,-70.715537886943
19428525000.0,-70.59851789571611
19433523333.3,-69.15297126051415
19438521666.7,-75.21662306000817
19443520000.0,-70.27401264387996
19448518333.3,-72.71606268884854
19453516666.7,-71.77879928947934
19458515000.0,-70.39918354413216
19463513333.3,-70.49200042756694
19468511666.7,-70.18333344566203
19473510000.0,-71.0182079663216
19478508333.3,-72.11241907129892
19483506666.7,-70.07764181075996
19488505000.0,-71.63639216619744
19493503333.3,-73.20198829978258
19498501666.7,-72.1025369654684
19503500000.0,-72.50801531412372
19508498333.3,-72.32453059219313
19513496666.7,-72.1103121511932
19518495000.0,-70.90257419219998
19523493333.3,-72.41553944639996
19528491666.7,-72.95672224657673
19533490000.0,-72.64506868140471
19538488333.3,-73.08783074517494
19543486666.7,-73.50792463361125
19548485000.0,-71.3270021322202
19553483333.3,-71.56813112141644
19558481666.7,-71.71811910220346
19563480000.0,-75.00576377259048
19568478333.3,-70.98947911324943
19573476666.7,-71.61270037702009
19578475000.0,-70.95382602168607
19583473333.3,-70.00002126222434
19588471666.7,-73.61846229807485
19593470000.0,-73.08000901693595
19598468333.3,-71.59795455603742
19603466666.7,-71.2198305946213
19608465000.0,-75.23051786121214
19613463333.3,-70.61159606177326
19618461666.7,-73.8014467646378
19623460000.0,-70.65611137494173
19628458333.3,-72.23549735496766
19633456666.7,-70.66242544691958
19638455000.0,-72.39416626873788
19643453333.3,-70.90176563917387
19648451666.7,-71.27770363947297
19653450000.0,-71.16438189230158
19658448333.3,-75.32300952875518
19663446666.7,-72.80075467253893
19668445000.0,-71.03127898330885
19673443333.3,-71.59766590527678
19678441666.7,-72.13568323701607
19683440000.0,-72.16552248538083
19688438333.3,-73.16778032641932
19693436666.7,-70.48189451840334
19698435000.0,-71.01988410432836
19703433333.3,-72.44965927439762
19708431666.7,-69.8970067789912
19713430000.0,-70.9319896198184
19718428333.3,-74.06080713514966
19723426666.7,-72.13078596696758
19728425000.0,-71.35224372730926
19733423333.3,-72.67331690572445
19738421666.7,-71.6482913393358
19743420000.0,-73.36608425909476
19748418333.3,-71.02252194685137
19753416666.7,-71.21663135662246
19758415000.0,-72.69931986345577
19763413333.3,-72.68095699907624
19768411666.7,-73.36120681762516
19773410000.0,-75.16063951964318
19778408333.3,-72.37653289746686
19783406666.7,-73.13812124706699
19788405000.0,-69.79252313501532
19793403333.3,-71.73525865522116
19798401666.7,-76.83773121392493
19803400000.0,-70.49907673606279
19808398333.3,-73.91554643307094
19813396666.7,-74.7714341763833
19818395000.0,-73.51828426920383
19823393333.3,-72.43701616533005
19828391666.7,-73.23410741669204
19833390000.0,-73.26697661232176
19838388333.3,-73.17282296304609
19843386666.7,-71.37534913702267
19848385000.0,-71.85614338989242
19853383333.3,-73.91942373546391
19858381666.7,-70.31460106604798
19863380000.0,-71.17653919715254
19868378333.3,-75.15719923232786
19873376666.7,-72.07538735792517
19878375000.0,-71.81728779901827
19883373333.3,-74.87995225201598
19888371666.7,-73.38833267296552
19893370000.0,-70.64010754028801
19898368333.3,-74.92029110307651
19903366666.7,-73.4836412459942
19908365000.0,-73.70353137182782
19913363333.3,-71.27432814134947
19918361666.7,-72.72472458883742
19923360000.0,-72.28657178029624
19928358333.3,-72.72650461964788
19933356666.7,-72.99206264003965
19938355000.0,-73.77416136840276
19943353333.3,-73.41024244092671
19948351666.7,-72.51409946428156
19953350000.0,-71.11644498412173
19958348333.3,-74.02524283775465
19963346666.7,-72.47498210015378
19968345000.0,-70.95327971380767
19973343333.3,-72.62405315445378
19978341666.7,-72.51103062660815
19983340000.0,-73.9301722812468
19988338333.3,-74.15108636430719
19993336666.7,-71.94931110226557
19998335000.0,-73.27760472565446
20003333333.3,-74.43846582928072
20008331666.7,-73.86998102683722
20013330000.0,-73.27182042141736
20018328333.3,-75.49941391415015
20023326666.7,-72.89804593353037
20028325000.0,-70.27845675800067
20033323333.3,-72.96056224503955
20038321666.7,-71.98202160635788
20043320000.0,-74.4686233530072
20048318333.3,-74.41981306255073
20053316666.7,-73.90089838204236
20058315000.0,-72.34086637602856
20063313333.3,-71.75957533333442
20068311666.7,-72.29595478373938
20073310000.0,-70.33422409009145
20078308333.3,-71.45174174210513
20083306666.7,-72.92280582973173
20088305000.0,-71.72442470508409
20093303333.3,-71.7360796476726
20098301666.7,-72.37299462189542
20103300000.0,-71.69926875091227
20108298333.3,-72.0700862387121
20113296666.7,-73.89610523636273
20118295000.0,-72.34013388132726
20123293333.3,-74.0011246758605
20128291666.7,-74.22421654330441
20133290000.0,-72.38836334023522
20138288333.3,-72.73343272607157
20143286666.7,-70.95212395548057
20148285000.0,-72.94850789297163
20153283333.3,-73.02794504986805
20158281666.7,-74.42133865562853
20163280000.0,-73.60608293249994
20168278333.3,-74.2878689307934
20173276666.7,-70.44064402821084
20178275000.0,-74.09660250501142
20183273333.3,-75.57381362525113
20188271666.7,-75.163132979233
20193270000.0,-72.10442236489786
20198268333.3,-74.01605007389827
20203266666.7,-73.93453468967692
20208265000.0,-73.41825787953569
20213263333.3,-73.27924263080413
20218261666.7,-74.4894296661864
20223260000.0,-77.13005218234463
20228258333.3,-74.54812534603182
20233256666.7,-77.15961075578494
20238255000.0,-72.20872636266351
20243253333.3,-75.3289816936468
20248251666.7,-74.59011325698361
20253250000.0,-72.83988124397393
20258248333.3,-76.21339264551152
20263246666.7,-74.54789596822391
20268245000.0,-73.86866937492977
20273243333.3,-71.67298108819037
20278241666.7,-74.20120732313794
20283240000.0,-73.6831622044025
20288238333.3,-75.48161025397116
20293236666.7,-74.10329878728683
20298235000.0,-70.31876689758596
20303233333.3,-74.13303138692747
20308231666.7,-74.38265641615111
20313230000.0,-72.72486119910093
20318228333.3,-72.11893956213021
20323226666.7,-72.68432391979798
20328225000.0,-73.48602010573944
20333223333.3,-73.66862905472001
20338221666.7,-73.62917383529626
20343220000.0,-72.26654417656859
20348218333.3,-73.80537941033356
20353216666.7,-75.08151107720498
20358215000.0,-72.15578788658901
20363213333.3,-73.60339364574783
20368211666.7,-71.37674998817516
20373210000.0,-73.65346510189777
20378208333.3,-72.32316376084785
20383206666.7,-72.247226481414
20388205000.0,-73.09711179436421
20393203333.3,-71.41338247467091
20398201666.7,-74.28864645687189
20403200000.0,-75.59692853374804
20408198333.3,-74.5936466741273
20413196666.7,-77.730570130248
20418195000.0,-74.89005791461017
20423193333.3,-73.5382577219525
20428191666.7,-72.34941853062351
20433190000.0,-73.24852901196343
20438188333.3,-71.35414441977689
20443186666.7,-73.76473388369664
20448185000.0,-71.48351744123327
20453183333.3,-74.27352689054436
20458181666.7,-73.45325873103367
20463180000.0,-74.99881372375226
20468178333.3,-72.73011945334675
20473176666.7,-75.60116357152454
20478175000.0,-75.84139242448
20483173333.3,-76.79489843744709
20488171666.7,-73.338514593545
20493170000.0,-73.99925135378427
20498168333.3,-74.96015633438348
20503166666.7,-71.90725891829612
20508165000.0,-72.83422767930199
20513163333.3,-73.0333554487119
20518161666.7,-76.10296333612914
20523160000.0,-73.39506169025492
20528158333.3,-76.05105236122328
20533156666.7,-73.76592066733389
20538155000.0,-73.5160957011781
20543153333.3,-72.01522330415659
20548151666.7,-72.98679966583023
20553150000.0,-72.19328255242422
20558148333.3,-72.33544568681862
20563146666.7,-72.49830886722806
20568145000.0,-73.22796607133223
20573143333.3,-73.38559094614432
20578141666.7,-72.486014331263
20583140000.0,-74.78085815005667
20588138333.3,-71.48505264719617
20593136666.7,-75.7931501178428
20598135000.0,-74.38267679013906
20603133333.3,-74.50916609761958
20608131666.7,-74.20802826958987
20613130000.0,-72.7386588423457
20618128333.3,-76.73644010041072
20623126666.7,-72.28890261047212
20628125000.0,-73.71662629118407
20633123333.3,-75.675556438124
20638121666.7,-74.23181140799451
20643120000.0,-74.43822177015075
20648118333.3,-74.03926338570406
20653116666.7,-74.31542392312012
20658115000.0,-72.86308302042207
20663113333.3,-76.83434367781298
20668111666.7,-73.56118632186971
20673110000.0,-74.69949273999637
20678108333.3,-72.72876937241423
20683106666.7,-72.4620334832584
20688105000.0,-72.46184120289855
20693103333.3,-74.61833780153886
20698101666.7,-74.43159019083392
20703100000.0,-76.41294868793331
20708098333.3,-73.22796221720877
20713096666.7,-76.28441325040808
20718095000.0,-74.05548699565975
20723093333.3,-74.16901329776111
20728091666.7,-73.1572121881148
20733090000.0,-73.10150937246566
20738088333.3,-73.77642834745355
20743086666.7,-72.04778895055769
20748085000.0,-76.76028679398601
20753083333.3,-74.69353448992406
20758081666.7,-73.2526385642546
20763080000.0,-76.19093855827262
20768078333.3,-73.31476247000995
20773076666.7,-74.51839784887311
20778075000.0,-76.37444384602149
20783073333.3,-72.69818796672878
20788071666.7,-73.13958721045657
20793070000.0,-71.7072749414152
20798068333.3,-78.43348717395465
20803066666.7,-74.18976721102739
20808065000.0,-71.71815368020046
20813063333.3,-74.03501982352466
20818061666.7,-72.75714682035581
20823060000.0,-74.8966233612253
20828058333.3,-73.4035949811679
20833056666.7,-74.53001387750379
20838055000.0,-71.15284170731333
20843053333.3,-74.87325931622073
20848051666.7,-74.97952652396285
20853050000.0,-74.92241081933203
20858048333.3,-74.54939539249806
20863046666.7,-72.9099193679342
20868045000.0,-74.74208360659783
20873043333.3,-76.66675456275007
20878041666.7,-74.74073655603208
20883040000.0,-72.57986741897047
20888038333.3,-74.06909753707043
20893036666.7,-74.70852252542934
20898035000.0,-75.36992472779319
20903033333.3,-75.67059107797009
20908031666.7,-73.56037004492123
20913030000.0,-75.09154748649928
20918028333.3,-73.81393778431608
20923026666.7,-77.03096697645553
20928025000.0,-76.93440168733136
20933023333.3,-73.89241270000434
20938021666.7,-76.80293151064805
20943020000.0,-75.32060906968829
20948018333.3,-77.13108410764421
20953016666.7,-75.40888624986124
20958015000.0,-76.77990701865504
20963013333.3,-74.0267148080621
20968011666.7,-72.38048436429443
20973010000.0,-76.5314886333116
20978008333.3,-73.8694189069342
20983006666.7,-77.99487370376728
20988005000.0,-78.65794262686816
20993003333.3,-76.50984228392106
20998001666.7,-74.27266614231308
21003000000.0,-73.8074112199149
21007998333.3,-80.37329982835324
21012996666.7,-74.9025997741717
21017995000.0,-74.3510266528976
21022993333.3,-77.03107338890095
21027991666.7,-72.1106406547346
21032990000.0,-73.28266324745462
21037988333.3,-73.67602485950707
21042986666.7,-74.48501179350609
21047985000.0,-73.63976544991603
21052983333.3,-75.0544054579331
21057981666.7,-75.56417131308531
21062980000.0,-76.40379973537891
21067978333.3,-79.29306838933417
21072976666.7,-73.78983502512506
21077975000.0,-75.72345288474688
21082973333.3,-73.93730485751476
21087971666.7,-73.96111631623184
21092970000.0,-73.94075060895156
21097968333.3,-73.83922393507119
21102966666.7,-73.5966418536775
21107965000.0,-72.1766180646331
21112963333.3,-73.54928369277849
21117961666.7,-76.30550230894431
21122960000.0,-73.54826673394469
21127958333.3,-75.86404392158889
21132956666.7,-74.17782907919826
21137955000.0,-74.73763972074721
21142953333.3,-75.11080328612553
21147951666.7,-76.48354422523428
21152950000.0,-73.85216090167398
21157948333.3,-76.68611162032741
21162946666.7,-73.21770434570755
21167945000.0,-75.67312536875869
21172943333.3,-73.55227757000857
21177941666.7,-75.15100691311213
21182940000.0,-76.1023871667328
21187938333.3,-74.4083929816213
21192936666.7,-73.99856235390908
21197935000.0,-74.24498234810882
21202933333.3,-77.46904640534927
21207931666.7,-76.57934865113523
21212930000.0,-74.39190733140218
21217928333.3,-72.09658163690182
21222926666.7,-72.557320913942
21227925000.0,-76.84951567729462
21232923333.3,-74.33684931452129
21237921666.7,-72.98397576749295
21242920000.0,-76.515499412068
21247918333.3,-75.63836088824553
21252916666.7,-74.26140226984126
21257915000.0,-74.1199900673498
21262913333.3,-77.13894579982184
21267911666.7,-74.38316414214344
21272910000.0,-75.25032677323729
21277908333.3,-73.94688476832054
21282906666.7,-72.85843779068753
21287905000.0,-74.69804243516923
21292903333.3,-77.37687977032073
21297901666.7,-75.27243937064867
21302900000.0,-78.27490050741261
21307898333.3,-75.35086181790118
21312896666.7,-74.78726960770271
21317895000.0,-73.93765880318387
21322893333.3,-73.16794785798082
21327891666.7,-77.23134557415685
21332890000.0,-72.9676666648374
21337888333.3,-74.7585982206079
21342886666.7,-72.60852064007476
21347885000.0,-76.06220833847945
21352883333.3,-72.22927442903405
21357881666.7,-77.25001964328406
21362880000.0,-74.3259511262427
21367878333.3,-73.55640633998564
21372876666.7,-72.82582756499258
21377875000.0,-74.24991588548961
21382873333.3,-74.54721054695602
21387871666.7,-73.5000113489549
21392870000.0,-75.32880106569297
21397868333.3,-73.6221457453926
21402866666.7,-71.21844971182591
21407865000.0,-73.29308321606266
21412863333.3,-76.44688767026638
21417861666.7,-73.93304026294793
21422860000.0,-73.22131628205823
21427858333.3,-74.72306287089677
21432856666.7,-73.0152844598532
21437855000.0,-74.4324966497446
21442853333.3,-73.87982222345096
21447851666.7,-73.27391738276235
21452850000.0,-75.92466551579675
21457848333.3,-73.43956221578414
21462846666.7,-76.40558847405826
21467845000.0,-74.22233919850017
21472843333.3,-73.97813649767338
21477841666.7,-72.90983351084223
21482840000.0,-74.8291428514356
21487838333.3,-72.59214845242167
21492836666.7,-75.59132241524506
21497835000.0,-72.99152842823447
21502833333.3,-76.99097469350492
21507831666.7,-76.21351527799304
21512830000.0,-72.79981589295294
21517828333.3,-75.72277963442
21522826666.7,-73.94288495735066
21527825000.0,-73.99029961001736
21532823333.3,-75.04856710573969
21537821666.7,-73.97549392975024
21542820000.0,-73.09567721327788
21547818333.3,-76.41829530454305
21552816666.7,-73.53794854524628
21557815000.0,-72.75560117113179
21562813333.3,-74.65880654152672
21567811666.7,-74.69128670026927
21572810000.0,-72.11245334565035
21577808333.3,-72.78335023042555
21582806666.7,-72.53813610340644
21587805000.0,-72.6796226805648
21592803333.3,-73.61593244877756
21597801666.7,-73.80003139227547
21602800000.0,-73.5379235007426
21607798333.3,-76.38777501777098
21612796666.7,-74.85626667608561
21617795000.0,-73.26604112065218
21622793333.3,-78.3330087949027
21627791666.7,-75.11929698357397
21632790000.0,-73.74145673472782
21637788333.3,-75.49966220301447
21642786666.7,-74.51809411688753
21647785000.0,-71.83509855660921
21652783333.3,-77.43595957185119
21657781666.7,-80.0064343470869
21662780000.0,-73.34200211516384
21667778333.3,-77.55638698890552
21672776666.7,-74.93546323823905
21677775000.0,-75.04102064399886
21682773333.3,-74.78859432853599
21687771666.7,-76.26900352010922
21692770000.0,-73.32700229764151
21697768333.3,-76.05357945033194
21702766666.7,-75.09181861928533
21707765000.0,-75.38694714931378
21712763333.3,-72.52897190413708
21717761666.7,-76.28223841975094
21722760000.0,-73.37194502233311
21727758333.3,-73.98074171910613
21732756666.7,-71.79401385860149
21737755000.0,-73.17056087826595
21742753333.3,-72.64818961580322
21747751666.7,-72.99131270666116
21752750000.0,-72.67024571705957
21757748333.3,-74.40269738136011
21762746666.7,-73.32163763745908
21767745000.0,-72.81403176042866
21772743333.3,-72.41384988294193
21777741666.7,-73.7781660136764
21782740000.0,-72.48650606213606
21787738333.3,-72.68152104624362
21792736666.7,-75.71500833934829
21797735000.0,-72.4207845919031
21802733333.3,-72.5119928277277
21807731666.7,-76.22340849180716
21812730000.0,-72.8616955681064
21817728333.3,-74.37528580829054
21822726666.7,-76.71665686388008
21827725000.0,-73.52982852296266
21832723333.3,-72.63998006081282
21837721666.7,-70.17276613658905
21842720000.0,-74.96965278830473
21847718333.3,-72.39793877440647
21852716666.7,-72.29620715447714
21857715000.0,-77.04967828859667
21862713333.3,-74.36024312016731
21867711666.7,-75.38617248844866
21872710000.0,-77.54333098654283
21877708333.3,-80.51634672176961
21882706666.7,-73.00142829723828
21887705000.0,-76.87751556245912
21892703333.3,-77.91903840709554
21897701666.7,-73.30609101841557
21902700000.0,-74.85419568740735
21907698333.3,-75.53918486623155
21912696666.7,-74.06758879946427
21917695000.0,-74.35595880649916
21922693333.3,-74.5653766580942
21927691666.7,-75.76772358981538
21932690000.0,-74.72599480283138
21937688333.3,-76.29678067468278
21942686666.7,-74.73457262210343
21947685000.0,-75.27837517186128
21952683333.3,-74.2115046922294
21957681666.7,-73.19608436980258
21962680000.0,-77.12756550266546
21967678333.3,-75.3596514357629
21972676666.7,-79.31854319191133
21977675000.0,-80.1699546054073
21982673333.3,-75.51081397410302
21987671666.7,-74.81118416256831
21992670000.0,-75.86410279904399
21997668333.3,-75.20848569248417
22002666666.7,-72.8215360860368
22007665000.0,-72.4507329957131
22012663333.3,-73.36234814399185
22017661666.7,-75.8696154906369
22022660000.0,-75.74597349875891
22027658333.3,-70.61610161440566
22032656666.7,-76.15320641250649
22037655000.0,-74.46002044534325
22042653333.3,-76.01204120160894
22047651666.7,-73.33299404279263
22052650000.0,-72.78880027672744
22057648333.3,-76.98963071990426
22062646666.7,-71.329749920649
22067645000.0,-73.99725281193139
22072643333.3,-73.63061754153304
22077641666.7,-75.71947269626068
22082640000.0,-73.52404207766702
22087638333.3,-74.01924838747746
22092636666.7,-77.06439248595024
22097635000.0,-74.82840986244543
22102633333.3,-77.38312191926521
22107631666.7,-77.17921106383496
22112630000.0,-76.1281685358875
22117628333.3,-75.21717203145197
22122626666.7,-72.75160423030026
22127625000.0,-73.51985691959244
22132623333.3,-74.65329324336805
22137621666.7,-75.83285422705067
22142620000.0,-75.3867633891769
22147618333.3,-74.51595830898056
22152616666.7,-75.42235248956418
22157615000.0,-74.25622278635942
22162613333.3,-73.09549548291386
22167611666.7,-74.12423286858028
22172610000.0,-71.9262082495233
22177608333.3,-71.87593429256157
22182606666.7,-75.85756122684793
22187605000.0,-78.17550104443595
22192603333.3,-72.87255529126388
22197601666.7,-72.83734374395829
22202600000.0,-74.7496849326197
22207598333.3,-75.61444924989668
22212596666.7,-77.16857369660057
22217595000.0,-76.70187689880875
22222593333.3,-73.5382054662106
22227591666.7,-76.61943173584113
22232590000.0,-77.27645900965858
22237588333.3,-71.81993206977631
22242586666.7,-72.63143996352373
22247585000.0,-76.87156446596735
22252583333.3,-73.40446975612966
22257581666.7,-74.26085780926756
22262580000.0,-72.37290302578405
22267578333.3,-72.05370520592602
22272576666.7,-78.50674584810332
22277575000.0,-74.72383184891731
22282573333.3,-76.7631320798528
22287571666.7,-74.43219634728332
22292570000.0,-74.20762914031802
22297568333.3,-75.09554296983819
22302566666.7,-75.50003787014019
22307565000.0,-76.69387823007769
22312563333.3,-76.73541082456288
22317561666.7,-76.12822674163122
22322560000.0,-73.14119070416065
22327558333.3,-74.15682876729052
22332556666.7,-77.05138856697556
22337555000.0,-72.45546034532455
22342553333.3,-73.60631661170844
22347551666.7,-75.01136722623289
22352550000.0,-76.07318222600462
22357548333.3,-75.68126463008242
22362546666.7,-74.12437491906984
22367545000.0,-79.09243982951105
22372543333.3,-76.85787128398414
22377541666.7,-73.45826708384847
22382540000.0,-74.18684584299959
22387538333.3,-76.31489975491813
22392536666.7,-74.73406208416064
22397535000.0,-75.830047545992
22402533333.3,-74.97262410489127
22407531666.7,-72.37193047324355
22412530000.0,-75.70326724546482
22417528333.3,-73.58384424539871
22422526666.7,-74.80355935122726
22427525000.0,-75.36352379066716
22432523333.3,-73.51356463308466
22437521666.7,-75.12539183437633
22442520000.0,-74.30831901011095
22447518333.3,-76.12428157338223
22452516666.7,-73.33765636791397
22457515000.0,-78.19057318497185
22462513333.3,-73.20745622491638
22467511666.7,-74.02406153106406
22472510000.0,-74.7663532804104
22477508333.3,-76.38729651533639
22482506666.7,-71.3495634212546
22487505000.0,-75.9723369684403
22492503333.3,-71.16111464519196
22497501666.7,-74.78937557949452
22502500000.0,-74.69431265469989
22507498333.3,-75.75488779282084
22512496666.7,-74.90977913472445
22517495000.0,-74.63868182597162
22522493333.3,-72.23599270156141
22527491666.7,-77.43938054373122
22532490000.0,-76.51922539034034
22537488333.3,-74.26577354442819
22542486666.7,-75.97258987738313
22547485000.0,-77.4838848305957
22552483333.3,-74.88237277916309
22557481666.7,-72.34656014007594
22562480000.0,-73.36636859869883
22567478333.3,-74.90816763748798
22572476666.7,-74.62555795627136
22577475000.0,-76.19535392477478
22582473333.3,-74.05214496558008
22587471666.7,-74.07077700776183
22592470000.0,-74.19173805305476
22597468333.3,-74.68857785735909
22602466666.7,-76.65590628270364
22607465000.0,-76.8958410201439
22612463333.3,-73.53026805869179
22617461666.7,-75.34267195516775
22622460000.0,-76.27312910498192
22627458333.3,-73.66340086840282
22632456666.7,-76.7720370327915
22637455000.0,-77.46956895082293
22642453333.3,-76.03692433697108
22647451666.7,-76.18948067634055
22652450000.0,-74.99963442233441
22657448333.3,-76.10716308989835
22662446666.7,-76.2586127110503
22667445000.0,-77.49512958272129
22672443333.3,-75.90147026293113
22677441666.7,-73.57363441772083
22682440000.0,-73.2223665580958
22687438333.3,-76.78554170709452
22692436666.7,-77.6879969442752
22697435000.0,-74.61276543962938
22702433333.3,-74.01466124774865
22707431666.7,-76.1035248801662
22712430000.0,-76.44576345894484
22717428333.3,-72.46795929297032
22722426666.7,-71.78701956981763
22727425000.0,-73.46808818674941
22732423333.3,-74.93147193632319
22737421666.7,-74.11320840861003
22742420000.0,-71.41369160289975
22747418333.3,-72.81857405036318
22752416666.7,-76.20685173209341
22757415000.0,-73.20805105467906
22762413333.3,-75.46413491705731
22767411666.7,-76.67513976344209
22772410000.0,-76.00198589365901
22777408333.3,-77.26814683841076
22782406666.7,-77.44934846140707
22787405000.0,-75.366539238142
22792403333.3,-75.72505385218267
22797401666.7,-78.61439818991377
22802400000.0,-75.50790601348814
22807398333.3,-79.91414521133972
22812396666.7,-72.59445940501305
22817395000.0,-76.73435175125815
22822393333.3,-75.84507991126
22827391666.7,-75.06029470764729
22832390000.0,-75.46393888455076
22837388333.3,-79.4124759355395
22842386666.7,-75.714959740072
22847385000.0,-77.61371707717993
22852383333.3,-75.139397509958
22857381666.7,-74.92725043203167
22862380000.0,-76.19209043830243
22867378333.3,-77.49317054592959
22872376666.7,-74.92672742975171
22877375000.0,-74.7081536120773
22882373333.3,-75.04444814310854
22887371666.7,-73.9291079329022
22892370000.0,-74.76197670270523
22897368333.3,-74.83481966844916
22902366666.7,-77.90930089421575
22907365000.0,-73.78425752723314
22912363333.3,-74.80720890130385
22917361666.7,-77.47149672996235
22922360000.0,-75.12692182022958
22927358333.3,-73.76484080686097
22932356666.7,-74.75886807767645
22937355000.0,-75.51454368270487
22942353333.3,-74.09431328812322
22947351666.7,-76.07252608748797
22952350000.0,-75.94205663537463
22957348333.3,-73.45227747130336
22962346666.7,-80.19603124924697
22967345000.0,-75.67264228240899
22972343333.3,-73.71203361197703
22977341666.7,-75.69102683178643
22982340000.0,-75.64228718668103
22987338333.3,-74.40885360992975
22992336666.7,-76.81889999254825
22997335000.0,-75.1864583811244
23002333333.3,-73.1905607023028
23007331666.7,-74.42394956959353
23012330000.0,-75.16511927235649
23017328333.3,-74.89267579345875
23022326666.7,-76.40270434770129
23027325000.0,-72.5895883661907
23032323333.3,-72.45466965747949
23037321666.7,-73.48116938506068
23042320000.0,-72.47578913570334
23047318333.3,-74.78940897639588
23052316666.7,-72.49596391755558
23057315000.0,-74.49299285519342
23062313333.3,-77.20977971892877
23067311666.7,-72.96969334831995
23072310000.0,-76.58972480891518
23077308333.3,-75.43374488133786
23082306666.7,-74.40161204644082
23087305000.0,-75.09919551861978
23092303333.3,-75.51943172423702
23097301666.7,-75.74696044155314
23102300000.0,-77.28440369859611
23107298333.3,-77.05815348667035
23112296666.7,-76.31049028753176
23117295000.0,-78.03243495726969
23122293333.3,-73.76672589980177
23127291666.7,-75.87732896896742
23132290000.0,-76.52169522579686
23137288333.3,-78.64916740710746
23142286666.7,-74.08567808446863
23147285000.0,-75.18522048642113
23152283333.3,-77.34893132067258
23157281666.7,-76.50545935368177
23162280000.0,-80.79371206457138
23167278333.3,-76.09505595821437
23172276666.7,-77.27886583350235
23177275000.0,-77.44792714685465
23182273333.3,-72.93704495236432
23187271666.7,-74.74022019652197
23192270000.0,-78.52814536450258
23197268333.3,-75.69703931588266
23202266666.7,-75.90477240155766
23207265000.0,-77.4940482129479
23212263333.3,-74.55872737923218
23217261666.7,-75.3947709085042
23222260000.0,-74.7512456314203
23227258333.3,-76.20234455902589
23232256666.7,-75.75981489871718
23237255000.0,-74.93411998648861
23242253333.3,-75.50575628070888
23247251666.7,-76.76703999564741
23252250000.0,-75.34901968610556
23257248333.3,-77.2242306810262
23262246666.7,-74.22882370807977
23267245000.0,-72.57691947927306
23272243333.3,-75.87301274482596
23277241666.7,-74.63324252661246
23282240000.0,-78.61219398327395
23287238333.3,-79.27914573239902
23292236666.7,-78.71810066138798
23297235000.0,-75.22336851568318
23302233333.3,-76.65354034944839
23307231666.7,-77.56348991656034
23312230000.0,-73.55049110383132
23317228333.3,-73.68356506599578
23322226666.7,-76.96834942459388
23327225000.0,-76.73571705101685
23332223333.3,-73.29557666033364
23337221666.7,-74.3106549792919
23342220000.0,-74.53507078174562
23347218333.3,-72.54407108349746
23352216666.7,-74.96011820711264
23357215000.0,-77.84179554333086
23362213333.3,-78.67942059393111
23367211666.7,-78.14535130765567
23372210000.0,-79.494500335982
23377208333.3,-75.54162802294005
23382206666.7,-76.51538844437829
23387205000.0,-77.17363941321142
23392203333.3,-77.08181139332468
23397201666.7,-78.39819694667908
23402200000.0,-76.86968136762493
23407198333.3,-74.6360091639705
23412196666.7,-74.9224465446449
23417195000.0,-76.40877171919973
23422193333.3,-75.30855116768427
23427191666.7,-74.29551381829651
23432190000.0,-77.23066983773174
23437188333.3,-76.72612556644098
23442186666.7,-76.64289905862566
23447185000.0,-77.85770754411968
23452183333.3,-75.3275934964773
23457181666.7,-76.46940980606449
23462180000.0,-77.47202056086533
23467178333.3,-74.81294245848763
23472176666.7,-75.08670066863469
23477175000.0,-76.40325438722388
23482173333.3,-76.61482784193088
23487171666.7,-77.14423562423977
23492170000.0,-75.85971435887524
23497168333.3,-78.05818444065365
23502166666.7,-76.17070983135362
23507165000.0,-75.81449470286324
23512163333.3,-74.1519184385016
23517161666.7,-77.80097490421247
23522160000.0,-78.33736909407327
23527158333.3,-76.1814068969224
23532156666.7,-78.12495183270627
23537155000.0,-77.47578871155537
23542153333.3,-79.91078572693235
23547151666.7,-76.76630749371658
23552150000.0,-79.28414513808758
23557148333.3,-76.31623005916859
23562146666.7,-78.33854976667416
23567145000.0,-75.32665597864883
23572143333.3,-77.9068251179736
23577141666.7,-78.10274140354399
23582140000.0,-76.89444456960807
23587138333.3,-73.40795963584719
23592136666.7,-75.40085356130797
23597135000.0,-80.92593211836504
23602133333.3,-75.47990539887755
23607131666.7,-81.15344076727631
23612130000.0,-75.68989471259752
23617128333.3,-74.8487661991457
23622126666.7,-76.46978591499176
23627125000.0,-75.97559574295705
23632123333.3,-75.34223169968045
23637121666.7,-75.50306336465279
23642120000.0,-76.02882248227067
23647118333.3,-74.43158521311258
23652116666.7,-80.663643687463
23657115000.0,-75.70041763525603
23662113333.3,-81.31171315959577
23667111666.7,-76.15409623019764
23672110000.0,-78.30550332615012
23677108333.3,-74.94679712913123
23682106666.7,-74.0960803135699
23687105000.0,-76.66670099383194
23692103333.3,-77.94033737852693
23697101666.7,-73.83883683552486
23702100000.0,-77.78578009524865
23707098333.3,-79.62747547915541
23712096666.7,-80.75892526748709
23717095000.0,-74.48617094692828
23722093333.3,-73.61136001655757
23727091666.7,-75.83386789106302
23732090000.0,-75.07444928591374
23737088333.3,-76.07619801073082
23742086666.7,-75.99812981219364
23747085000.0,-77.97591703250727
23752083333.3,-77.5255491975016
23757081666.7,-76.61883146363449
23762080000.0,-80.19085933062392
23767078333.3,-74.25787484926695
23772076666.7,-77.08264063501782
23777075000.0,-77.65063631863153
23782073333.3,-77.41640190206495
23787071666.7,-75.84135148365193
23792070000.0,-77.08571720167579
23797068333.3,-73.40794298157101
23802066666.7,-76.9306077538321
23807065000.0,-75.135452996576
23812063333.3,-77.02041070130063
23817061666.7,-76.6397977635934
23822060000.0,-76.02529840468623
23827058333.3,-74.79550177583616
23832056666.7,-75.89510571032717
23837055000.0,-74.60881355404057
23842053333.3,-72.72764736414541
23847051666.7,-79.5801977784428
23852050000.0,-74.01143469144884
23857048333.3,-72.82264132859028
23862046666.7,-73.26568480770004
23867045000.0,-73.73162479607714
23872043333.3,-75.21052126571314
23877041666.7,-76.76501411083812
23882040000.0,-76.39235190524937
23887038333.3,-86.78602981774036
23892036666.7,-72.66293104026298
23897035000.0,-77.77987498965948
23902033333.3,-73.43319934442162
23907031666.7,-76.69655454925882
23912030000.0,-76.00975211158365
23917028333.3,-76.08077290916452
23922026666.7,-74.07258047305133
23927025000.0,-74.78587044199917
23932023333.3,-77.6281365081238
23937021666.7,-73.43288067212961
23942020000.0,-73.77666508823599
23947018333.3,-75.95446859185641
23952016666.7,-74.67336518379115
23957015000.0,-79.4762015559709
23962013333.3,-75.50857241858536
23967011666.7,-73.99812854079664
23972010000.0,-75.33929834769563
23977008333.3,-76.86210807641272
23982006666.7,-75.14551648738878
23987005000.0,-74.78810530022645
23992003333.3,-74.14463942569527
23997001666.7,-79.34417855077763
24002000000.0,-70.77093444128816
24006998333.3,-71.54143946886609
24011996666.7,-72.97909702897488
24016995000.0,-71.59374366753227
24021993333.3,-75.87794590447304
24026991666.7,-68.47914609518175
24031990000.0,-83.3515221817002
24036988333.3,-81.12883067459414
24041986666.7,-78.76896301403471
24046985000.0,-68.82447314396371
24051983333.3,-81.14961756695791
24056981666.7,-79.05484306187259
24061980000.0,-78.99953013992776
24066978333.3,-69.47082082862701
24071976666.7,-73.11370485775343
24076975000.0,-82.8343419938702
24081973333.3,-73.39925899236023
24086971666.7,-70.74807313852885
24091970000.0,-66.50753792119826
24096968333.3,-76.8468393078622
24101966666.7,-67.3643097622793
24106965000.0,-80.20689425335648
24111963333.3,-85.08268113603792
24116961666.7,-69.7328377667934
24121960000.0,-69.59252205185675
24126958333.3,-81.08590901078333
24131956666.7,-73.49577633928847
24136955000.0,-68.93658070131207
24141953333.3,-72.52992368413949
24146951666.7,-66.82817431115392
24151950000.0,-77.53781727656099
24156948333.3,-71.23222772326008
24161946666.7,-70.8595150417832
24166945000.0,-73.6992549413947
24171943333.3,-71.83155318775451
24176941666.7,-77.13953108678899
24181940000.0,-70.60065885840532
24186938333.3,-73.84278090307815
24191936666.7,-73.85377608332503
24196935000.0,-77.80898509732597
24201933333.3,-74.53027116005826
24206931666.7,-77.26157529655636
24211930000.0,-80.22533877107392
24216928333.3,-68.32475076595001
24221926666.7,-73.94644900953713
24226925000.0,-83.04141325959266
24231923333.3,-75.62280441324637
24236921666.7,-74.14535534155743
24241920000.0,-72.94287919200943
24246918333.3,-80.68633599320509
24251916666.7,-71.98602121567693
24256915000.0,-75.33967804024235
24261913333.3,-79.66349505977412
24266911666.7,-74.60187220529644
24271910000.0,-72.6251300824127
24276908333.3,-76.5043394192605
24281906666.7,-77.25377105079598
24286905000.0,-73.26119264938113
24291903333.3,-77.38230294890438
24296901666.7,-75.47940949976447
24301900000.0,-77.65885099062689
24306898333.3,-67.95879487189097
24311896666.7,-74.87428335537048
24316895000.0,-74.43636865124833
24321893333.3,-70.3513629339616
24326891666.7,-71.32359778038206
24331890000.0,-70.07209861531369
24336888333.3,-73.79019894450343
24341886666.7,-73.96522840347224
24346885000.0,-77.27418197258878
24351883333.3,-68.19524351249403
24356881666.7,-70.53819377730262
24361880000.0,-83.35332972300273
24366878333.3,-74.94884289203557
24371876666.7,-77.03104005088396
24376875000.0,-72.74541763417933
24381873333.3,-76.33962124924591
24386871666.7,-73.60539803642942
24391870000.0,-70.57711347033079
24396868333.3,-68.00959671391162
24401866666.7,-80.7358918804165
24406865000.0,-71.30483988001687
24411863333.3,-72.92701473516787
24416861666.7,-91.3078962177573
24421860000.0,-71.98800916112953
24426858333.3,-74.346158717841
24431856666.7,-71.22552158558209
24436855000.0,-81.27441834664424
24441853333.3,-71.04098048973334
24446851666.7,-78.29329955769227
24451850000.0,-75.2248744498508
24456848333.3,-70.47835984854663
24461846666.7,-77.30348348446212
24466845000.0,-70.37566868554568
24471843333.3,-68.57836235727794
24476841666.7,-75.9864352651506
24481840000.0,-70.70539684322296
24486838333.3,-79.90702643097259
24491836666.7,-68.45699866562289
24496835000.0,-72.30425443375651
24501833333.3,-80.28520393045594
24506831666.7,-73.49226278526585
24511830000.0,-72.91810236776234
24516828333.3,-73.18066195376913
24521826666.7,-76.05166236139281
24526825000.0,-73.1956041830181
24531823333.3,-71.52881273079049
24536821666.7,-70.52519023287824
24541820000.0,-79.29612706073841
24546818333.3,-73.26300461160797
24551816666.7,-79.66373512261306
24556815000.0,-81.70000516202322
24561813333.3,-78.33965762433431
24566811666.7,-75.64766661766834
24571810000.0,-69.81097882392916
24576808333.3,-70.92486954285584
24581806666.7,-72.51839026857415
24586805000.0,-77.59625041387181
24591803333.3,-81.21487700445525
24596801666.7,-71.58442290196125
24601800000.0,-70.23253183895521
24606798333.3,-75.67903233745473
24611796666.7,-76.07949181782428
24616795000.0,-72.45287147059555
24621793333.3,-66.41296091349325
24626791666.7,-73.06171101959835
24631790000.0,-73.25624898331574
24636788333.3,-73.49911482214229
24641786666.7,-71.12188901815362
24646785000.0,-72.97566225292726
24651783333.3,-74.99736348376925
24656781666.7,-68.88909590838553
24661780000.0,-72.61389822371324
24666778333.3,-77.02453013011282
24671776666.7,-73.56107783369805
24676775000.0,-79.62146857675143
24681773333.3,-67.76577106769416
24686771666.7,-72.76140956229112
24691770000.0,-73.5491404181472
24696768333.3,-73.24513302560077
24701766666.7,-70.75746057198077
24706765000.0,-71.04001214640661
24711763333.3,-73.86207185539737
24716761666.7,-69.56590561834439
24721760000.0,-72.82222359714793
24726758333.3,-70.01159714512664
24731756666.7,-75.09520802451752
24736755000.0,-71.84021189224768
24741753333.3,-73.04258195608912
24746751666.7,-74.55838207364269
24751750000.0,-66.54438660380451
24756748333.3,-78.96238859449029
24761746666.7,-75.2177111254018
24766745000.0,-69.1412696330044
24771743333.3,-75.2986885497863
24776741666.7,-69.50450750937424
24781740000.0,-84.37575813536563
24786738333.3,-70.89891955464772
24791736666.7,-68.9704769753571
24796735000.0,-74.68427484194841
24801733333.3,-73.61461163818309
24806731666.7,-77.00016294170453
24811730000.0,-71.22170502033325
24816728333.3,-71.61033750703658
24821726666.7,-79.96618499870605
24826725000.0,-71.42466977566227
24831723333.3,-76.02716495922519
24836721666.7,-75.76317013461033
24841720000.0,-76.4960250970823
24846718333.3,-78.62611476264414
24851716666.7,-82.74156491980337
24856715000.0,-78.1112157792844
24861713333.3,-75.23672168613254
24866711666.7,-79.03133410264363
24871710000.0,-84.92565608694399
24876708333.3,-72.49427500320537
24881706666.7,-83.24212697233911
24886705000.0,-74.3566904572223
24891703333.3,-70.435914625786
24896701666.7,-71.88366525552613
24901700000.0,-74.08921866348575
24906698333.3,-67.54667619121582
24911696666.7,-86.9676044880157
24916695000.0,-77.34663756968878
24921693333.3,-81.62309287035265
24926691666.7,-85.19353668948713
24931690000.0,-69.75166163707391
24936688333.3,-80.4018406916204
24941686666.7,-84.77812456330143
24946685000.0,-71.21469426664422
24951683333.3,-83.05020673630075
24956681666.7,-72.3734176695899
24961680000.0,-77.40588694917075
24966678333.3,-78.09652354486191
24971676666.7,-78.38748792553437
24976675000.0,-72.16920725753222
24981673333.3,-80.3524127084993
24986671666.7,-75.88545923368463
24991670000.0,-77.02310412415515
24996668333.3,-80.67541261495072
25001666666.7,-72.16827508376433
25006665000.0,-72.56083044078426
25011663333.3,-75.24630120750153
25016661666.7,-74.10171702171884
25021660000.0,-70.79360644520976
25026658333.3,-81.5181968301604
25031656666.7,-77.21479046951399
25036655000.0,-74.22769714911979
25041653333.3,-74.37216845265726
25046651666.7,-73.13938167461626
25051650000.0,-73.53982984283267
25056648333.3,-74.74515794443153
25061646666.7,-76.55026176728165
25066645000.0,-70.0193735549477
25071643333.3,-73.6511701576874
25076641666.7,-72.76717092241938
25081640000.0,-79.6133770559176
25086638333.3,-74.37706092879525
25091636666.7,-71.70713801776887
25096635000.0,-72.03159814172591
25101633333.3,-74.96174241104995
25106631666.7,-73.35921574449222
25111630000.0,-74.77680588374253
25116628333.3,-81.58031513370317
25121626666.7,-85.8149848599083
25126625000.0,-81.46491862441437
25131623333.3,-70.86043106707989
25136621666.7,-78.75388914042965
25141620000.0,-76.06162487069463
25146618333.3,-80.78611567402554
25151616666.7,-74.76765562294867
25156615000.0,-73.28645863075052
25161613333.3,-77.7092159077102
25166611666.7,-73.0809973205332
25171610000.0,-70.34527783198166
25176608333.3,-76.67153706846341
25181606666.7,-88.84306049922384
25186605000.0,-78.1326719086567
25191603333.3,-83.48527446486054
25196601666.7,-71.23133228353478
25201600000.0,-71.85780585443408
25206598333.3,-87.65157561749645
25211596666.7,-74.82768840631635
25216595000.0,-80.65764705683122
25221593333.3,-81.17590424540752
25226591666.7,-77.32467791906637
25231590000.0,-75.71870324868038
25236588333.3,-85.57721071585492
25241586666.7,-90.49954998946255
25246585000.0,-71.35527751109805
25251583333.3,-74.29396739753844
25256581666.7,-69.92794706922521
25261580000.0,-73.39260473458849
25266578333.3,-79.36220404837884
25271576666.7,-71.61777420786852
25276575000.0,-73.08151373538887
25281573333.3,-70.56095704233714
25286571666.7,-77.02047149569343
25291570000.0,-70.30857129545427
25296568333.3,-75.78224970731246
25301566666.7,-82.53684085076186
25306565000.0,-68.66811189518457
25311563333.3,-71.76035705909102
25316561666.7,-75.39048428093045
25321560000.0,-74.24046036627897
25326558333.3,-68.66163115608047
25331556666.7,-87.19414285478705
25336555000.0,-72.22311856989874
25341553333.3,-71.25433237652801
25346551666.7,-75.15839744294274
25351550000.0,-76.43936466382658
25356548333.3,-74.15575793128505
25361546666.7,-85.01684627080883
25366545000.0,-71.72078454970308
25371543333.3,-71.32494167433333
25376541666.7,-81.28534103211527
25381540000.0,-72.27466001036697
25386538333.3,-74.42086555606306
25391536666.7,-77.13645518888951
25396535000.0,-78.07174690594928
25401533333.3,-74.07732325233033
25406531666.7,-85.14511262033156
25411530000.0,-74.59668316607544
25416528333.3,-72.19456196006375
25421526666.7,-71.85919546746885
25426525000.0,-76.56614381638767
25431523333.3,-73.70591947160814
25436521666.7,-71.95304768696244
25441520000.0,-72.79395456590139
25446518333.3,-71.04816263411489
25451516666.7,-76.76231938976306
25456515000.0,-76.56559475339353
25461513333.3,-71.9584149880323
25466511666.7,-70.49043727607292
25471510000.0,-72.62133154349188
25476508333.3,-70.87088597494751
25481506666.7,-76.89746779372747
25486505000.0,-74.10090822796697
25491503333.3,-91.47768453312932
25496501666.7,-85.94289830971816
25501500000.0,-72.63627773056285
25506498333.3,-73.04037689197769
25511496666.7,-70.89583375570649
25516495000.0,-75.38974546242044
25521493333.3,-71.8556576140947
25526491666.7,-69.78417750583044
25531490000.0,-85.78058694052181
25536488333.3,-74.20027200678125
25541486666.7,-72.79878200220276
25546485000.0,-75.27187720135628
25551483333.3,-71.8434815080847
25556481666.7,-73.05707204329478
25561480000.0,-73.35854735739672
25566478333.3,-76.99334310283406
25571476666.7,-74.74647630324822
25576475000.0,-75.79595521464397
25581473333.3,-77.63050455530156
25586471666.7,-77.24472766308844
25591470000.0,-71.8381015568632
25596468333.3,-80.56090496462298
25601466666.7,-71.19387372801876
25606465000.0,-85.00971812524915
25611463333.3,-73.32991963079981
25616461666.7,-86.92042564201756
25621460000.0,-75.25877291973414
25626458333.3,-74.01301670337796
25631456666.7,-70.98803493234328
25636455000.0,-80.39287478310767
25641453333.3,-70.90454901941449
25646451666.7,-72.08785636770469
25651450000.0,-73.4676681138642
25656448333.3,-84.4357812864415
25661446666.7,-70.4556035631777
25666445000.0,-80.53949795858063
25671443333.3,-71.96893975667405
25676441666.7,-78.12034367314288
25681440000.0,-78.39034224402411
25686438333.3,-71.57622818918556
25691436666.7,-81.26774947171349
25696435000.0,-72.61071413415551
25701433333.3,-69.68753307364673
25706431666.7,-77.13955370821436
25711430000.0,-71.80909762795966
25716428333.3,-82.56796865702113
25721426666.7,-69.76435804714191
25726425000.0,-72.63259814236136
25731423333.3,-78.59830421823456
25736421666.7,-71.8447015585488
25741420000.0,-70.67748201724729
25746418333.3,-70.26527411644426
25751416666.7,-78.49620678497776
25756415000.0,-75.50720998497759
25761413333.3,-80.65587380845962
25766411666.7,-74.33985958878503
25771410000.0,-80.29660522091436
25776408333.3,-67.9108828940884
25781406666.7,-73.27535341993794
25786405000.0,-68.39513983948922
25791403333.3,-81.16993226354971
25796401666.7,-68.00849712693775
25801400000.0,-71.4438715669746
25806398333.3,-73.03105980304655
25811396666.7,-85.93660636542455
25816395000.0,-72.04054000837361
25821393333.3,-92.94077318450067
25826391666.7,-72.68963571631068
25831390000.0,-87.2985399371028
25836388333.3,-71.75413872546464
25841386666.7,-76.36898472392092
25846385000.0,-78.05215060706368
25851383333.3,-73.03894328170206
25856381666.7,-75.4336752234068
25861380000.0,-71.01311682610388
25866378333.3,-72.84813255909893
25871376666.7,-73.51918860297309
25876375000.0,-77.90461420415691
25881373333.3,-79.93665529841002
25886371666.7,-75.603252870369
25891370000.0,-74.77674453706601
25896368333.3,-72.70746036254162
25901366666.7,-76.90132141404403
25906365000.0,-74.85988194554878
25911363333.3,-83.47895204404804
25916361666.7,-69.37748043830491
25921360000.0,-70.55082873238875
25926358333.3,-71.2955029381183
25931356666.7,-76.88169442552089
25936355000.0,-71.14463374508168
25941353333.3,-70.60250558863396
25946351666.7,-75.13133933519461
25951350000.0,-72.74717202988546
25956348333.3,-74.693283059343
25961346666.7,-73.82554666382626
25966345000.0,-76.96933140318673
25971343333.3,-73.58326936803824
25976341666.7,-72.4376452602465
25981340000.0,-74.55184865746743
25986338333.3,-87.05571794201916
25991336666.7,-75.22058596241384
25996335000.0,-73.55414638054458
26001333333.3,-69.57309005693875
26006331666.7,-74.52501152051731
26011330000.0,-74.56358239627147
26016328333.3,-78.23403107124018
26021326666.7,-79.0753579582513
26026325000.0,-70.4157701225415
26031323333.3,-77.53674859346586
26036321666.7,-77.21095379767688
26041320000.0,-93.41309043407068
26046318333.3,-73.16966496962002
26051316666.7,-79.60895244898653
26056315000.0,-78.64195944353976
26061313333.3,-81.5665901294121
26066311666.7,-76.02908261613416
26071310000.0,-77.6842659853992
26076308333.3,-70.793355853395
26081306666.7,-77.75224949303043
26086305000.0,-72.1643152695222
26091303333.3,-75.35187330757215
26096301666.7,-71.6135625187777
26101300000.0,-70.02474980746923
26106298333.3,-81.4358798777191
26111296666.7,-76.83065980852356
26116295000.0,-74.82424288094657
26121293333.3,-87.56597312442752
26126291666.7,-73.4366873591945
26131290000.0,-74.20204359526738
26136288333.3,-72.06497045580615
26141286666.7,-73.54057330960438
26146285000.0,-74.89903445921527
26151283333.3,-73.48661782802971
26156281666.7,-72.09445235724174
26161280000.0,-71.50520306830617
26166278333.3,-73.78243308977223
26171276666.7,-71.73934255626136
26176275000.0,-76.37444506380359
26181273333.3,-71.59177594754058
26186271666.7,-76.37097639062937
26191270000.0,-75.37851394101929
26196268333.3,-67.8047940438244
26201266666.7,-92.45789034737939
26206265000.0,-73.74517826953367
26211263333.3,-81.61736744535926
26216261666.7,-73.29459656101528
26221260000.0,-74.54300075372066
26226258333.3,-74.97949273498614
26231256666.7,-72.04436177490862
26236255000.0,-73.85416351655563
26241253333.3,-76.15046718232247
26246251666.7,-76.35780595539052
26251250000.0,-71.53559954286644
26256248333.3,-78.64318269340741
26261246666.7,-72.99960064618402
26266245000.0,-69.50271556376177
26271243333.3,-74.0134106358819
26276241666.7,-69.5081577764987
26281240000.0,-81.36705611177375
26286238333.3,-74.3858627050198
26291236666.7,-69.83417250913936
26296235000.0,-76.06711383502123
26301233333.3,-75.88187855400253
26306231666.7,-73.13608168989471
26311230000.0,-70.89697862946545
26316228333.3,-76.73891988715886
26321226666.7,-76.05483755287412
26326225000.0,-71.8471381090088
26331223333.3,-73.6079079160435
26336221666.7,-71.68205342185234
26341220000.0,-70.66539684697597
26346218333.3,-77.14364046257911
26351216666.7,-72.73426694511684
26356215000.0,-73.16435068616092
26361213333.3,-71.70404216773773
26366211666.7,-77.73274721767709
26371210000.0,-75.98743399785238
26376208333.3,-70.80499871940076
26381206666.7,-75.72293578808834
26386205000.0,-69.3360490258586
26391203333.3,-73.50034377317043
26396201666.7,-69.85099659843992
26401200000.0,-70.94965982930458
26406198333.3,-71.68783040272011
26411196666.7,-75.82315953443425
26416195000.0,-81.78792521236528
26421193333.3,-82.06897861063968
26426191666.7,-73.89201781783014
26431190000.0,-81.11313450077509
26436188333.3,-70.55280076295624
26441186666.7,-91.06254216400421
26446185000.0,-72.54604294304895
26451183333.3,-71.39221055306899
26456181666.7,-74.2125979979335
26461180000.0,-79.26167445173265
26466178333.3,-72.4086029657878
26471176666.7,-73.85966379523117
26476175000.0,-68.8767046475732
26481173333.3,-70.19962230915017
26486171666.7,-85.4666801898307
26491170000.0,-73.80700594675359
26496168333.3,-74.12555851356969
26501166666.7,-71.28238931928587
26506165000.0,-80.77875453768453
26511163333.3,-78.57557251965456
26516161666.7,-72.70606858325975
26521160000.0,-72.19540659236142
26526158333.3,-85.51053935365594
26531156666.7,-76.92706339322615
26536155000.0,-68.24658168223908
26541153333.3,-70.72474793561327
26546151666.7,-78.05148274894353
26551150000.0,-72.32195908395222
26556148333.3,-72.50850111499871
26561146666.7,-72.08394663874213
26566145000.0,-69.85639119912511
26571143333.3,-69.75489323734212
26576141666.7,-70.6156052747871
26581140000.0,-76.09501398539082
26586138333.3,-72.48823245283442
26591136666.7,-75.1299320842951
26596135000.0,-72.04107322540935
26601133333.3,-71.93331891066998
26606131666.7,-80.87381259036721
26611130000.0,-71.0628065659799
26616128333.3,-68.14670078406172
26621126666.7,-76.16520752461726
26626125000.0,-74.48357365469937
26631123333.3,-73.11053450905456
26636121666.7,-84.46655113781183
26641120000.0,-77.07643801568571
26646118333.3,-70.14071498654339
26651116666.7,-71.73258461217175
26656115000.0,-72.05947358424586
26661113333.3,-74.81172101624936
26666111666.7,-83.04348496686829
26671110000.0,-69.87888895264672
26676108333.3,-76.64296390088889
26681106666.7,-83.72825012704779
26686105000.0,-74.86152776769468
26691103333.3,-71.32678992593596
26696101666.7,-72.99380821245447
26701100000.0,-68.38156079164645
26706098333.3,-76.73691519130413
26711096666.7,-72.38606589897195
26716095000.0,-76.6989520711324
26721093333.3,-78.13086857432387
26726091666.7,-72.85754938873143
26731090000.0,-69.06376931058504
26736088333.3,-83.25350242998645
26741086666.7,-83.65922333714502
26746085000.0,-71.04957483661832
26751083333.3,-80.65270575515842
26756081666.7,-85.25905876643199
26761080000.0,-74.2978385464944
26766078333.3,-71.06379506770425
26771076666.7,-77.67905254167324
26776075000.0,-69.79852929392354
26781073333.3,-75.73872619324354
26786071666.7,-77.85221464057261
26791070000.0,-80.12673654719825
26796068333.3,-69.30463966596838
26801066666.7,-74.7104291262945
26806065000.0,-75.07247766751307
26811063333.3,-70.54966624623746
26816061666.7,-70.32495084682711
26821060000.0,-71.49413418963753
26826058333.3,-73.85384488668198
26831056666.7,-69.9290329036319
26836055000.0,-84.42469725727379
26841053333.3,-74.69523542293261
26846051666.7,-74.9659477752617
26851050000.0,-77.53817086019234
26856048333.3,-72.94859230431018
26861046666.7,-77.18857038324009
26866045000.0,-70.68638718082875
26871043333.3,-72.48836998226605
26876041666.7,-82.52766907962602
26881040000.0,-74.91151698766211
26886038333.3,-71.66794508494579
26891036666.7,-77.69385423806538
26896035000.0,-78.26478410866503
26901033333.3,-73.34585102533441
26906031666.7,-72.69933502422515
26911030000.0,-81.12936985609302
26916028333.3,-70.55376899108269
26921026666.7,-75.82374147420214
26926025000.0,-70.02975522682785
26931023333.3,-78.10683767794066
26936021666.7,-74.05669013772436
26941020000.0,-91.1603711508184
26946018333.3,-69.88295675887767
26951016666.7,-71.64027872908224
26956015000.0,-80.23705407769708
26961013333.3,-73.75200056693897
26966011666.7,-76.6996830685285
26971010000.0,-71.52555708715083
26976008333.3,-71.86194061439525
26981006666.7,-68.77573496183997
26986005000.0,-71.24426545432583
26991003333.3,-76.69826313154086
26996001666.7,-74.6286055800838
27001000000.0,-75.34428748289551
27005998333.3,-77.75063927620094
27010996666.7,-67.82067521304485
27015995000.0,-76.57323780886907
27020993333.3,-71.1572859435139
27025991666.7,-88.12064598644808
27030990000.0,-78.17036687612051
27035988333.3,-77.448501038073
27040986666.7,-73.52253725758585
27045985000.0,-81.03693727525129
27050983333.3,-81.64152510067952
27055981666.7,-70.5121159622693
27060980000.0,-72.41259144645208
27065978333.3,-75.4561067143058
27070976666.7,-75.79819217428911
27075975000.0,-92.9151408886708
27080973333.3,-73.62952506570556
27085971666.7,-72.48531274574303
27090970000.0,-75.1416061382407
27095968333.3,-70.75445517391123
27100966666.7,-73.67125296559968
27105965000.0,-76.27743828668572
27110963333.3,-76.84894566224422
27115961666.7,-67.93676115227315
27120960000.0,-79.98957682890789
27125958333.3,-80.73068497410021
27130956666.7,-75.71415853714252
27135955000.0,-74.7413328536034
27140953333.3,-75.18327793021818
27145951666.7,-80.75529093109185
27150950000.0,-76.88944171119323
27155948333.3,-80.98699223902062
27160946666.7,-77.24391905016776
27165945000.0,-77.76260475791535
27170943333.3,-75.4888335597854
27175941666.7,-89.78656640890836
27180940000.0,-79.12595557701114
27185938333.3,-84.57049686801346
27190936666.7,-73.93181808258402
27195935000.0,-74.9550027836165
27200933333.3,-73.1408501762666
27205931666.7,-72.02759521456446
27210930000.0,-74.69112144297353
27215928333.3,-75.3529478924365
27220926666.7,-78.12249763018619
27225925000.0,-76.62624779584587
27230923333.3,-81.41534999484341
27235921666.7,-75.29525595471286
27240920000.0,-76.63877305738237
27245918333.3,-77.25397879936018
27250916666.7,-70.93713980824576
27255915000.0,-71.23134264520726
27260913333.3,-72.18244134150277
27265911666.7,-79.7233413911878
27270910000.0,-72.23648707933948
27275908333.3,-72.58539044256722
27280906666.7,-74.70649820694453
27285905000.0,-82.88400837116731
27290903333.3,-92.56395184017788
27295901666.7,-74.77196924215325
27300900000.0,-76.26041907558844
27305898333.3,-76.32870993669707
27310896666.7,-70.79965673558247
27315895000.0,-76.17997222198585
27320893333.3,-81.65267634406149
27325891666.7,-71.70094227113057
27330890000.0,-82.37981999421817
27335888333.3,-85.11434444522557
27340886666.7,-75.13844110970682
27345885000.0,-83.80480385944112
27350883333.3,-74.2447807810574
27355881666.7,-73.68359632354641
27360880000.0,-71.1935655644819
27365878333.3,-83.04239428352972
27370876666.7,-76.32405652453738
27375875000.0,-75.40539943129826
27380873333.3,-74.70077088628042
27385871666.7,-72.41459214336676
27390870000.0,-69.60878239215728
27395868333.3,-74.91941152591197
27400866666.7,-72.07581212349643
27405865000.0,-74.83085891015004
27410863333.3,-75.07009752198806
27415861666.7,-81.42233302338337
27420860000.0,-76.28290193005891
27425858333.3,-81.40026920622405
27430856666.7,-75.53175746007173
27435855000.0,-80.49620406863083
27440853333.3,-78.04792924873185
27445851666.7,-71.82050320871642
27450850000.0,-75.31344593333958
27455848333.3,-68.30920830406055
27460846666.7,-71.3072427951275
27465845000.0,-74.36880825110678
27470843333.3,-71.68839240939323
27475841666.7,-71.57120099033303
27480840000.0,-73.28423666184159
27485838333.3,-73.65576950600371
27490836666.7,-79.60639433636348
27495835000.0,-72.74101246024007
27500833333.3,-79.46277333009236
27505831666.7,-85.74229685885192
27510830000.0,-78.20931102756573
27515828333.3,-77.29978336406624
27520826666.7,-78.6430090589917
27525825000.0,-71.16657475655815
27530823333.3,-70.28572496685086
27535821666.7,-70.70045919244305
27540820000.0,-75.9512669711479
27545818333.3,-78.06577549213613
27550816666.7,-75.82772968479739
27555815000.0,-74.47968048633093
27560813333.3,-84.44186405052034
27565811666.7,-75.08858249236634
27570810000.0,-68.541778633556
27575808333.3,-74.64064247003404
27580806666.7,-69.90043858441874
27585805000.0,-76.51929418599988
27590803333.3,-72.89434364012797
27595801666.7,-73.07565397381663
27600800000.0,-73.3512471438993
27605798333.3,-72.40968379851313
27610796666.7,-81.50697719318877
27615795000.0,-72.92024405999342
27620793333.3,-80.27319246979675
27625791666.7,-68.20174654924591
27630790000.0,-75.60746115369726
27635788333.3,-71.1185275466608
27640786666.7,-74.99656947081975
27645785000.0,-73.8817621155118
27650783333.3,-73.09881222149129
27655781666.7,-72.20342788221986
27660780000.0,-73.39772430262364
27665778333.3,-70.61791215161252
27670776666.7,-76.99715056147448
27675775000.0,-78.30773574644361
27680773333.3,-76.12147491055228
27685771666.7,-74.64146370360591
27690770000.0,-73.00729602898993
27695768333.3,-82.47579743011335
27700766666.7,-68.88787106813828
27705765000.0,-72.59284060068222
27710763333.3,-77.44856899732119
27715761666.7,-79.91273249983074
27720760000.0,-72.47410847259135
27725758333.3,-86.57289335781499
27730756666.7,-72.33890876717383
27735755000.0,-72.34475006830624
27740753333.3,-88.63445612237302
27745751666.7,-75.7652090182406
27750750000.0,-73.37611501805917
27755748333.3,-70.79751960887076
27760746666.7,-70.62009216671163
27765745000.0,-72.96965019663688
27770743333.3,-76.47429831814523
27775741666.7,-74.71951664341583
27780740000.0,-69.95686642302329
27785738333.3,-86.99586629380507
27790736666.7,-72.50678530960003
27795735000.0,-70.83203679479351
27800733333.3,-68.6826909804408
27805731666.7,-71.51118128579128
27810730000.0,-72.20752998890993
27815728333.3,-77.6824825274114
27820726666.7,-77.13933398946311
27825725000.0,-78.48317760502886
27830723333.3,-72.78306152801464
27835721666.7,-74.61004738263344
27840720000.0,-72.39700205413993
27845718333.3,-82.91110993255154
27850716666.7,-78.74030021373588
27855715000.0,-71.26625849521163
27860713333.3,-74.88457194873996
27865711666.7,-72.05670106912214
27870710000.0,-73.9551096696029
27875708333.3,-69.6293658998236
27880706666.7,-72.69693947994783
27885705000.0,-74.61925921244367
27890703333.3,-72.21046556319291
27895701666.7,-70.08238406609883
27900700000.0,-74.07587128643974
27905698333.3,-76.99201040415056
27910696666.7,-73.62091882658972
27915695000.0,-74.57045238456276
27920693333.3,-79.72245201780167
27925691666.7,-72.09652570213761
27930690000.0,-76.97722728866127
27935688333.3,-69.93569046467756
27940686666.7,-71.26925265963672
27945685000.0,-78.8750277291994
27950683333.3,-77.51361461190126
27955681666.7,-78.18853644894375
27960680000.0,-76.39279834531328
27965678333.3,-69.52665775451197
27970676666.7,-75.2860055303866
27975675000.0,-76.64131283147428
27980673333.3,-80.03225344912778
27985671666.7,-72.54372606017301
27990670000.0,-70.3677172101606
27995668333.3,-70.96328840475324
28000666666.7,-86.9979713509391
28005665000.0,-85.60208193137782
28010663333.3,-73.50426530593035
28015661666.7,-70.83185918235229
28020660000.0,-80.97493589355827
28025658333.3,-83.85945142397048
28030656666.7,-74.55791565155249
28035655000.0,-78.4780408925867
28040653333.3,-74.17857374581342
28045651666.7,-79.66392095871142
28050650000.0,-77.6579489436915
28055648333.3,-76.48032936514181
28060646666.7,-70.67799701468897
28065645000.0,-75.77929730354435
28070643333.3,-72.02390614968712
28075641666.7,-71.69081346052904
28080640000.0,-78.20126285976757
28085638333.3,-75.36620520225851
28090636666.7,-74.39489361632977
28095635000.0,-74.12334489041056
28100633333.3,-73.26047354355147
28105631666.7,-77.74701100181144
28110630000.0,-73.52711082700887
28115628333.3,-81.40024053626418
28120626666.7,-76.10942779329784
28125625000.0,-73.49146600467652
28130623333.3,-72.91459748845067
28135621666.7,-76.24179680269782
28140620000.0,-69.23882413290679
28145618333.3,-76.50067813095644
28150616666.7,-70.95871837577928
28155615000.0,-74.74343998427157
28160613333.3,-73.489726352316
28165611666.7,-74.78279530332702
28170610000.0,-78.18717958907077
28175608333.3,-79.3032292367161
28180606666.7,-73.52320514839755
28185605000.0,-78.66894864955651
28190603333.3,-71.67779035931572
28195601666.7,-72.98064752272929
28200600000.0,-85.03222503928697
28205598333.3,-69.6817729966382
28210596666.7,-73.49428918748563
28215595000.0,-79.53852854192887
28220593333.3,-69.02491550152952
28225591666.7,-69.37086978097209
28230590000.0,-98.52729813891142
28235588333.3,-69.70841904199759
28240586666.7,-72.0893816142306
28245585000.0,-79.34194016497484
28250583333.3,-70.39177077841013
28255581666.7,-71.44520304660891
28260580000.0,-77.62392950753896
28265578333.3,-78.77174401005905
28270576666.7,-71.74042357425624
28275575000.0,-82.57918902936481
28280573333.3,-74.07798553679031
28285571666.7,-85.52332679656195
28290570000.0,-83.21491411444677
28295568333.3,-72.09390550426062
28300566666.7,-72.68007001774833
28305565000.0,-82.21029973462151
28310563333.3,-81.17725991371421
28315561666.7,-82.56370132053213
28320560000.0,-78.4877298180509
28325558333.3,-72.19599676800206
28330556666.7,-72.01779065196266
28335555000.0,-82.96943620253897
28340553333.3,-71.77708121548885
28345551666.7,-91.32587287152268
28350550000.0,-75.3010099011842
28355548333.3,-71.72601801238075
28360546666.7,-75.12872426315977
28365545000.0,-76.33579331121062
28370543333.3,-79.34015408999534
28375541666.7,-78.84867003494736
28380540000.0,-73.30496719658613
28385538333.3,-71.16149111326902
28390536666.7,-74.4696465995546
28395535000.0,-71.6187334779487
28400533333.3,-79.18929574098568
28405531666.7,-83.56276461402912
28410530000.0,-72.76387995973683
28415528333.3,-67.99519914722123
28420526666.7,-70.29194760518025
28425525000.0,-75.08175946504078
28430523333.3,-75.76671051602585
28435521666.7,-72.65122541714936
28440520000.0,-79.13910513357173
28445518333.3,-70.71345204164156
28450516666.7,-72.72952017369525
28455515000.0,-73.67376147302946
28460513333.3,-71.36713863710793
28465511666.7,-76.86290073684175
28470510000.0,-78.62159151061793
28475508333.3,-76.30484657690312
28480506666.7,-72.05754182288824
28485505000.0,-70.20655047821501
28490503333.3,-69.09165051078367
28495501666.7,-71.18408877092536
28500500000.0,-76.03066929589619
28505498333.3,-73.20338942020452
28510496666.7,-69.51724998628552
28515495000.0,-69.71627005073904
28520493333.3,-80.93774978254886
28525491666.7,-73.94871737634246
28530490000.0,-78.89582943833646
28535488333.3,-75.36985311683165
28540486666.7,-77.8659512664833
28545485000.0,-73.04997946239429
28550483333.3,-79.99422992963656
28555481666.7,-71.82555123710114
28560480000.0,-70.30700119291095
28565478333.3,-71.86261475423319
28570476666.7,-78.69994798555632
28575475000.0,-75.67377760820347
28580473333.3,-75.52015706816204
28585471666.7,-69.8743477582672
28590470000.0,-72.6056704894402
28595468333.3,-70.86932181897934
28600466666.7,-73.27366480727369
28605465000.0,-76.78071168225063
28610463333.3,-75.77312395662129
28615461666.7,-83.50264346855599
28620460000.0,-69.82875502653262
28625458333.3,-70.23764988946076
28630456666.7,-68.89244192574073
28635455000.0,-75.4802991929033
28640453333.3,-71.54829161195136
28645451666.7,-73.23692423398798
28650450000.0,-72.56167169964894
28655448333.3,-78.73431627623907
28660446666.7,-74.18494806039217
28665445000.0,-77.19047893323057
28670443333.3,-72.97975448190041
28675441666.7,-79.27924753041478
28680440000.0,-73.92524815039803
28685438333.3,-73.23956829569389
28690436666.7,-71.31208681574977
28695435000.0,-76.2462740097996
28700433333.3,-74.76105249606087
28705431666.7,-83.73921610033344
28710430000.0,-71.98291984213424
28715428333.3,-82.51489670676291
28720426666.7,-76.7744010316824
28725425000.0,-74.9499813437992
28730423333.3,-74.2794445276734
28735421666.7,-70.47716739263628
28740420000.0,-70.59158635664997
28745418333.3,-71.61301679942964
28750416666.7,-73.17535342485375
28755415000.0,-73.86728683129445
28760413333.3,-70.77995082612918
28765411666.7,-74.89840780307202
28770410000.0,-76.42433473748459
28775408333.3,-69.73264800339247
28780406666.7,-76.09698869426241
28785405000.0,-77.99652053901252
28790403333.3,-75.2558474589638
28795401666.7,-72.46466707619386
28800400000.0,-70.78176807544881
28805398333.3,-75.04176789411491
28810396666.7,-72.41137376009034
28815395000.0,-74.70017757121485
28820393333.3,-76.61276850720337
28825391666.7,-72.94785091537352
28830390000.0,-72.05491469863777
28835388333.3,-73.42198387056035
28840386666.7,-77.92263303824095
28845385000.0,-79.82448828845163
28850383333.3,-71.88747534704136
28855381666.7,-72.83830233809053
28860380000.0,-75.85981393706913
28865378333.3,-76.86836106874209
28870376666.7,-71.34381049140084
28875375000.0,-73.28689239157634
28880373333.3,-75.36397922904585
28885371666.7,-80.40180702495222
28890370000.0,-77.07781509366542
28895368333.3,-89.21964241247707
28900366666.7,-83.63627051640968
28905365000.0,-72.96799889432491
28910363333.3,-73.97472178816516
28915361666.7,-72.97556700333553
28920360000.0,-72.69660157004424
28925358333.3,-70.4622591123163
28930356666.7,-75.96175990010332
28935355000.0,-74.67161403643166
28940353333.3,-72.01001779695697
28945351666.7,-75.7463628256568
28950350000.0,-76.29071421170569
28955348333.3,-72.10851871565706
28960346666.7,-78.03491665393913
28965345000.0,-78.200031525345
28970343333.3,-78.86163811439272
28975341666.7,-73.77693048335
28980340000.0,-78.58436536715156
28985338333.3,-71.80488663850815
28990336666.7,-71.73185660520515
28995335000.0,-71.58219780169777
29000333333.3,-76.18618891201666
29005331666.7,-89.51682102422222
29010330000.0,-75.77019057303865
29015328333.3,-78.16224747717742
29020326666.7,-70.36539393016223
29025325000.0,-75.74391501203132
29030323333.3,-70.74192409370275
29035321666.7,-72.19703152833912
29040320000.0,-70.99519550142084
29045318333.3,-73.9034366693184
29050316666.7,-71.06819656129177
29055315000.0,-75.4843717878704
29060313333.3,-73.64466185715432
29065311666.7,-78.24912362925613
29070310000.0,-73.35202351166937
29075308333.3,-77.28129433664073
29080306666.7,-71.15092133884703
29085305000.0,-72.74292423168981
29090303333.3,-74.99436854799791
29095301666.7,-73.4331545646283
29100300000.0,-74.03618017719677
29105298333.3,-76.37156680295165
29110296666.7,-77.62535495741206
29115295000.0,-75.04570421686671
29120293333.3,-79.55622310669031
29125291666.7,-77.86880648069518
29130290000.0,-81.67306074682635
29135288333.3,-70.76750559511504
29140286666.7,-78.09324709752302
29145285000.0,-76.30212250343342
29150283333.3,-75.98286840852748
29155281666.7,-72.99234942768092
29160280000.0,-86.38893478931423
29165278333.3,-71.26987593240607
29170276666.7,-76.76929917369142
29175275000.0,-72.63920195800152
29180273333.3,-75.59722636821753
29185271666.7,-80.15500071465055
29190270000.0,-73.04329757958251
29195268333.3,-77.06584232185251
29200266666.7,-75.34400389507488
29205265000.0,-72.41102527076268
29210263333.3,-72.04834319481114
29215261666.7,-75.72649746992924
29220260000.0,-70.51111760779021
29225258333.3,-79.67905871142209
29230256666.7,-74.41442620961777
29235255000.0,-75.63733616047779
29240253333.3,-77.8718640682507
29245251666.7,-72.91205904819304
29250250000.0,-81.35453781170034
29255248333.3,-75.96723176078326
29260246666.7,-73.66571976264851
29265245000.0,-75.31485890317018
29270243333.3,-79.04481363276943
29275241666.7,-74.21227834763987
29280240000.0,-70.06715769194334
29285238333.3,-69.73441241328186
29290236666.7,-76.4319660601926
29295235000.0,-78.91319591343984
29300233333.3,-94.34625143292416
29305231666.7,-75.34202385253123
29310230000.0,-87.40779932022973
29315228333.3,-73.07157617516184
29320226666.7,-76.05915049637588
29325225000.0,-71.53963910070063
29330223333.3,-79.60696735727447
29335221666.7,-76.10184056361598
29340220000.0,-83.81733800246451
29345218333.3,-78.82956246872597
29350216666.7,-84.57743062024977
29355215000.0,-73.36141703410982
29360213333.3,-69.74476610262086
29365211666.7,-73.25618565463975
29370210000.0,-73.92838722319686
29375208333.3,-77.04105202516119
29380206666.7,-70.7447347111369
29385205000.0,-78.11256395327108
29390203333.3,-72.50165617687391
29395201666.7,-75.73217055026133
29400200000.0,-68.70632186028385
29405198333.3,-70.43658114957165
29410196666.7,-73.91784659482349
29415195000.0,-76.66684539357885
29420193333.3,-69.00116619027807
29425191666.7,-71.79403588078425
29430190000.0,-78.90916641294245
29435188333.3,-71.22734386372798
29440186666.7,-86.660230548362
29445185000.0,-74.69422363177347
29450183333.3,-71.21553040228603
29455181666.7,-71.3881173415851
29460180000.0,-86.23827692118576
29465178333.3,-81.73743344079443
29470176666.7,-76.38106137340523
29475175000.0,-75.78104488608473
29480173333.3,-74.5333073487885
29485171666.7,-80.66820482685316
29490170000.0,-78.08940158351376
29495168333.3,-73.30461339670784
29500166666.7,-74.59254970799724
29505165000.0,-72.5655152822166
29510163333.3,-73.93929886906987
29515161666.7,-68.85002079413408
29520160000.0,-76.03019364308315
29525158333.3,-71.37643570945404
29530156666.7,-69.06536929461379
29535155000.0,-76.70921700803366
29540153333.3,-74.58714928449197
29545151666.7,-80.89299809099853
29550150000.0,-71.66921476961667
29555148333.3,-72.95720751420409
29560146666.7,-74.14620775590117
29565145000.0,-70.04829519826583
29570143333.3,-75.75667876474662
29575141666.7,-78.83867216340116
29580140000.0,-74.52130826304517
29585138333.3,-74.88285674630905
29590136666.7,-78.3786798654513
29595135000.0,-74.61875335649393
29600133333.3,-78.08244360704106
29605131666.7,-78.3064348327052
29610130000.0,-93.52282440158547
29615128333.3,-77.98067248639336
29620126666.7,-75.58995136065595
29625125000.0,-81.6447294059387
29630123333.3,-77.45400147884864
29635121666.7,-73.4217238182033
29640120000.0,-73.40602028544326
29645118333.3,-81.4212424235377
29650116666.7,-79.61823230653476
29655115000.0,-75.40317336596591
29660113333.3,-72.66137820346886
29665111666.7,-85.44466832298363
29670110000.0,-76.21723721897196
29675108333.3,-79.56265273610933
29680106666.7,-78.07432536949366
29685105000.0,-78.41754795390085
29690103333.3,-76.47398150143873
29695101666.7,-73.27475877341072
29700100000.0,-75.86962220172603
29705098333.3,-76.04162337502699
29710096666.7,-78.46725769874288
29715095000.0,-71.66258246499385
29720093333.3,-69.90994077399657
29725091666.7,-73.32489053283655
29730090000.0,-72.6008626295069
29735088333.3,-80.77440717554745
29740086666.7,-70.87469203767417
29745085000.0,-72.55991647489792
29750083333.3,-78.89588827394317
29755081666.7,-93.05800365119383
29760080000.0,-73.40276137077804
29765078333.3,-72.58009805874467
29770076666.7,-73.91917780043465
29775075000.0,-69.34891776582045
29780073333.3,-81.9393553272692
29785071666.7,-76.6258053100934
29790070000.0,-83.51345271165181
29795068333.3,-69.99286292966374
29800066666.7,-74.1916019042218
29805065000.0,-78.25760147808087
29810063333.3,-73.10805737974682
29815061666.7,-79.05422837814532
29820060000.0,-80.1913496096025
29825058333.3,-78.12200620657633
29830056666.7,-76.1652500190901
29835055000.0,-77.82168979003012
29840053333.3,-77.52556795584836
29845051666.7,-73.70170066024444
29850050000.0,-76.35191541050446
29855048333.3,-77.70928667390129
29860046666.7,-69.76303575224371
29865045000.0,-77.07423527079574
29870043333.3,-74.00204176335848
29875041666.7,-71.86789314360948
29880040000.0,-79.74617284901319
29885038333.3,-78.13969843922644
29890036666.7,-76.61447170349119
29895035000.0,-88.24075411875833
29900033333.3,-73.67577499402691
29905031666.7,-82.81968517804039
29910030000.0,-70.16865953187303
29915028333.3,-76.92320140230531
29920026666.7,-76.10487214525277
29925025000.0,-80.14702063697102
29930023333.3,-77.95341607706496
29935021666.7,-78.81287648875463
29940020000.0,-77.15338707385044
29945018333.3,-72.58556223526723
29950016666.7,-81.71169892719942
29955015000.0,-73.86748764029447
29960013333.3,-69.8453486651462
29965011666.7,-77.95161025189412
29970010000.0,-75.05169610917545
29975008333.3,-79.79201208906599
29980006666.7,-89.66831447329027
29985005000.0,-82.50345056080738
29990003333.3,-89.35837724126998
29995001666.7,-76.23177222182883
30000000000.0,-75.26163128587692
