Frequency_Hz,Magnitude_dB
10000000.0,-64.69497125547304
14998333.3333,-63.05992813579493
19996666.6667,-62.68164135908512
24995000.0,-62.49956082904533
29993333.3333,-63.193957712275754
34991666.6667,-63.19092056566881
39990000.0,-61.361017861677915
44988333.3333,-64.05556145983091
49986666.6667,-61.57522028094749
54985000.0,-61.86762286093792
59983333.3333,-61.220198148361845
64981666.6667,-62.71420662591013
69980000.0,-62.326343259792615
74978333.3333,-67.19949419416909
79976666.6667,-64.34962969999411
84975000.0,-64.30310303434342
89973333.3333,-63.46561702604178
94971666.6667,-61.63718898751305
99970000.0,-62.22260218858369
104968333.333,-61.844540653729965
109966666.667,-61.512302940335324
114965000.0,-65.80556314106204
119963333.333,-62.95339642550002
124961666.667,-60.915253418529915
129960000.0,-64.44664504315782
134958333.333,-61.421683382296465
139956666.667,-62.48790283079969
144955000.0,-65.12990974917011
149953333.333,-63.539430580735434
154951666.667,-63.01269221653935
159950000.0,-62.478988067512844
164948333.333,-63.348602060034274
169946666.667,-63.026522366428225
174945000.0,-64.67943015860449
179943333.333,-62.62408587261275
184941666.667,-63.81706103039291
189940000.0,-62.588511435699516
194938333.333,-63.837665958574014
199936666.667,-63.04680738423435
204935000.0,-62.120731015912476
209933333.333,-63.435609636077615
214931666.667,-63.49874038293646
219930000.0,-64.35847723824176
224928333.333,-63.326432903896205
229926666.667,-63.568422953690984
234925000.0,-63.665422055643845
239923333.333,-63.666966134379514
244921666.667,-63.43393336748307
249920000.0,-64.90411652451509
254918333.333,-64.87329468618269
259916666.667,-64.15813037351427
264915000.0,-64.019522177979
269913333.333,-64.0053287014744
274911666.667,-65.05830031176059
279910000.0,-62.13396311409298
284908333.333,-62.56054349517332
289906666.667,-63.7156524578807
294905000.0,-62.88173222065409
299903333.333,-64.55167802557732
304901666.667,-65.42772758274204
309900000.0,-61.42432825616566
314898333.333,-64.43015731636845
319896666.667,-62.61694332304744
324895000.0,-63.440842637345334
329893333.333,-62.951042408529325
334891666.667,-63.912060942079805
339890000.0,-63.361483497786814
344888333.333,-64.67108107730553
349886666.667,-64.32509963840486
354885000.0,-63.343612881990694
359883333.333,-63.22057469976552
364881666.667,-61.99335342695405
369880000.0,-62.19903701321043
374878333.333,-62.18155339109551
379876666.667,-63.994028410908825
384875000.0,-64.04629891003378
389873333.333,-63.895029391077784
394871666.667,-63.25699387443136
399870000.0,-62.15112946853513
404868333.333,-63.004538616055676
409866666.667,-65.15400504558293
414865000.0,-64.01657655124203
419863333.333,-64.47502934852776
424861666.667,-64.12348054505401
429860000.0,-64.77688708285554
434858333.333,-63.299379186770174
439856666.667,-65.68191195445107
444855000.0,-62.34989611563155
449853333.333,-63.353823631187936
454851666.667,-63.234549941277216
459850000.0,-63.028634949137334
464848333.333,-62.525413443754886
469846666.667,-64.79417129138264
474845000.0,-62.508695176557616
479843333.333,-63.56219760239236
484841666.667,-61.972787737601664
489840000.0,-63.394695275086505
494838333.333,-63.3011557671546
499836666.667,-62.98619945957685
504835000.0,-63.28110380779157
509833333.333,-64.46139548774987
514831666.667,-64.94811634404478
519830000.0,-63.093494437547946
524828333.333,-63.51275541299478
529826666.667,-62.47147073322856
534825000.0,-62.13178074055415
539823333.333,-63.50117795598317
544821666.667,-64.07393085865648
549820000.0,-64.42108394216629
554818333.333,-62.99298330123484
559816666.667,-61.983867581976924
564815000.0,-63.873596184311026
569813333.333,-63.10566608215765
574811666.667,-63.37833092720436
579810000.0,-63.24515812079266
584808333.333,-63.03074291679587
589806666.667,-62.45807335256761
594805000.0,-62.99339737342143
599803333.333,-61.81760806807998
604801666.667,-63.16298356397314
609800000.0,-63.873838015335394
614798333.333,-62.87413227132512
619796666.667,-63.72553833698475
624795000.0,-63.22575067130003
629793333.333,-62.44963475460109
634791666.667,-65.08291140309143
639790000.0,-62.106263525628734
644788333.333,-62.557895365002274
649786666.667,-62.51516965285046
654785000.0,-62.63383301694298
659783333.333,-62.722875924859416
664781666.667,-63.0127873013253
669780000.0,-64.09046952210053
674778333.333,-63.324577176744505
679776666.667,-62.54315928861359
684775000.0,-62.723753058169756
689773333.333,-62.67817863939296
694771666.667,-63.87585301040903
699770000.0,-62.671769930558426
704768333.333,-62.28684797103644
709766666.667,-62.250208073467945
714765000.0,-61.98326002810675
719763333.333,-61.47252376232497
724761666.667,-62.42411099830227
729760000.0,-63.60272871409724
734758333.333,-62.15231563806337
739756666.667,-62.535650697431244
744755000.0,-62.11878465016713
749753333.333,-62.394585264625945
754751666.667,-62.41092846530796
759750000.0,-62.06330814116682
764748333.333,-62.008384471345366
769746666.667,-62.93115529626956
774745000.0,-62.91458572277932
779743333.333,-62.72623980186008
784741666.667,-61.940513044812384
789740000.0,-62.956293250233685
794738333.333,-62.23184994139785
799736666.667,-62.39104494207535
804735000.0,-62.497908011300154
809733333.333,-62.70525728435992
814731666.667,-62.89835235052407
819730000.0,-61.47207144963815
824728333.333,-63.73679185851428
829726666.667,-63.07658697591039
834725000.0,-63.48637047436492
839723333.333,-62.065680754790364
844721666.667,-62.63377684287008
849720000.0,-62.931794103228924
854718333.333,-62.18363266497039
859716666.667,-62.58698659841453
864715000.0,-63.16528624325726
869713333.333,-62.76393627431166
874711666.667,-61.717040060240635
879710000.0,-62.46768248636335
884708333.333,-62.01586250854669
889706666.667,-62.44061964067007
894705000.0,-62.967853921036095
899703333.333,-62.7798403061301
904701666.667,-61.4746254292276
909700000.0,-62.95872650779457
914698333.333,-62.40822135446151
919696666.667,-61.675326126454465
924695000.0,-61.84075270017492
929693333.333,-62.486163125573995
934691666.667,-62.44783065852327
939690000.0,-61.84191792402474
944688333.333,-62.27314581006497
949686666.667,-62.16662072064491
954685000.0,-62.272406351998
959683333.333,-61.844231246465434
964681666.667,-61.57864609187773
969680000.0,-61.89652619517709
974678333.333,-61.82619437173698
979676666.667,-61.36535830774574
984675000.0,-61.73014076615118
989673333.333,-62.509770806555814
994671666.667,-62.03032880445167
999670000.0,-60.89527207567771
1004668333.33,-62.47665884993812
1009666666.67,-63.0178089424627
1014665000.0,-62.866630697593706
1019663333.33,-61.52356870990758
1024661666.67,-62.20846333727621
1029660000.0,-61.868601891662976
1034658333.33,-61.4344188703283
1039656666.67,-62.379874139494206
1044655000.0,-62.14031930284544
1049653333.33,-62.3178089685294
1054651666.67,-62.35498677142986
1059650000.0,-61.6951334307073
1064648333.33,-61.78520857897265
1069646666.67,-61.34785549381342
1074645000.0,-62.27092973383545
1079643333.33,-62.69788661425789
1084641666.67,-62.33889848663587
1089640000.0,-61.727390662252475
1094638333.33,-61.46018002460576
1099636666.67,-61.78947177572118
1104635000.0,-61.90720987630343
1109633333.33,-62.42805997771378
1114631666.67,-61.87990269447021
1119630000.0,-62.96426891232706
1124628333.33,-61.71875241831681
1129626666.67,-61.72057249594128
1134625000.0,-62.410238765367154
1139623333.33,-61.86790405897207
1144621666.67,-61.476419114215446
1149620000.0,-62.161562057892596
1154618333.33,-61.05396705594088
1159616666.67,-61.85895752798585
1164615000.0,-61.217989616773835
1169613333.33,-61.784352863454224
1174611666.67,-62.242634378568496
1179610000.0,-61.7272839834084
1184608333.33,-62.576389446357865
1189606666.67,-61.45216312320332
1194605000.0,-60.60271553205826
1199603333.33,-62.04338112164517
1204601666.67,-61.18555974954241
1209600000.0,-61.552492081320224
1214598333.33,-61.77970387163935
1219596666.67,-60.80652490047224
1224595000.0,-61.90149709777789
1229593333.33,-61.98300671439025
1234591666.67,-61.93494909397956
1239590000.0,-61.65021137224184
1244588333.33,-61.598288980209034
1249586666.67,-61.4001459297183
1254585000.0,-61.34841316668619
1259583333.33,-60.959022800330125
1264581666.67,-61.73273252948703
1269580000.0,-61.13767899897293
1274578333.33,-61.29051280811713
1279576666.67,-61.35236012016519
1284575000.0,-60.864262561156465
1289573333.33,-61.15942281528183
1294571666.67,-61.17308434819316
1299570000.0,-60.741001952774674
1304568333.33,-60.83231332376501
1309566666.67,-60.73798547119769
1314565000.0,-61.74601746209515
1319563333.33,-61.179963502768864
1324561666.67,-61.57428651863662
1329560000.0,-60.98119361160589
1334558333.33,-61.89605834001087
1339556666.67,-60.86894872511572
1344555000.0,-61.35236784951211
1349553333.33,-61.315413736786866
1354551666.67,-61.030650725295345
1359550000.0,-61.564026912976516
1364548333.33,-61.051911937862286
1369546666.67,-61.73488506152016
1374545000.0,-60.509965716374396
1379543333.33,-61.224427813831525
1384541666.67,-60.51684738871963
1389540000.0,-61.36665123336746
1394538333.33,-60.740889037075725
1399536666.67,-60.82115017194576
1404535000.0,-61.342954444616915
1409533333.33,-61.195954989883504
1414531666.67,-61.14684332980066
1419530000.0,-60.93344289413527
1424528333.33,-61.09779053710237
1429526666.67,-61.072797340557216
1434525000.0,-60.30526592583293
1439523333.33,-61.68878977963235
1444521666.67,-60.36198934520809
1449520000.0,-60.742006188216564
1454518333.33,-61.29267471151394
1459516666.67,-61.46825606841409
1464515000.0,-61.21299764860065
1469513333.33,-61.0503421899506
1474511666.67,-60.82524803959685
1479510000.0,-60.739834813670946
1484508333.33,-60.55841445602543
1489506666.67,-60.519187357055756
1494505000.0,-60.816149296916
1499503333.33,-60.62432815940642
1504501666.67,-60.659985772356244
1509500000.0,-60.64263029895217
1514498333.33,-60.60261044030248
1519496666.67,-60.06780055937246
1524495000.0,-60.806916408443854
1529493333.33,-60.911486256058716
1534491666.67,-60.31356695956152
1539490000.0,-60.96418558242098
1544488333.33,-60.78243637965025
1549486666.67,-60.19594997546843
1554485000.0,-60.29000308210896
1559483333.33,-60.66140996613066
1564481666.67,-60.5820902525062
1569480000.0,-61.142802198812234
1574478333.33,-61.14286284366084
1579476666.67,-60.877953497220716
1584475000.0,-60.810551202625604
1589473333.33,-60.880258957011804
1594471666.67,-61.199931981933176
1599470000.0,-60.86324065955307
1604468333.33,-60.5277477073455
1609466666.67,-60.958229866745306
1614465000.0,-60.79669288766374
1619463333.33,-60.36475512987685
1624461666.67,-60.636319202651954
1629460000.0,-61.19610512160903
1634458333.33,-60.81370706186185
1639456666.67,-61.194442534119425
1644455000.0,-60.20707959175405
1649453333.33,-61.183400159781705
1654451666.67,-60.72131595843822
1659450000.0,-61.187761867443726
1664448333.33,-60.759422657508935
1669446666.67,-60.34751389906708
1674445000.0,-60.29286896420168
1679443333.33,-60.83579783873647
1684441666.67,-60.517122287833146
1689440000.0,-60.91184006628987
1694438333.33,-61.379413594163566
1699436666.67,-60.661702042179975
1704435000.0,-61.01362249629276
1709433333.33,-60.186428845255655
1714431666.67,-60.50926704944402
1719430000.0,-60.70695863942656
1724428333.33,-60.86128596597777
1729426666.67,-60.17477785919522
1734425000.0,-60.72653295219538
1739423333.33,-60.90603364566694
1744421666.67,-60.96268944501536
1749420000.0,-61.12659792178678
1754418333.33,-60.80211600274086
1759416666.67,-60.50086288017498
1764415000.0,-60.63497345172876
1769413333.33,-61.26677524088401
1774411666.67,-60.43923561204004
1779410000.0,-60.196391077360715
1784408333.33,-60.54833819594465
1789406666.67,-60.496252752028816
1794405000.0,-59.991016722935164
1799403333.33,-60.467671797152576
1804401666.67,-60.43698800841319
1809400000.0,-60.73532743647972
1814398333.33,-60.201230450473716
1819396666.67,-60.19459161534901
1824395000.0,-60.06916425595108
1829393333.33,-60.3757080369001
1834391666.67,-60.53317591429126
1839390000.0,-60.46890778322017
1844388333.33,-60.88207958000111
1849386666.67,-60.168998395001
1854385000.0,-60.015986273030755
1859383333.33,-60.39285195806546
1864381666.67,-60.517349474204174
1869380000.0,-60.58601193381622
1874378333.33,-59.959454909326844
1879376666.67,-60.779974107330276
1884375000.0,-60.69175439084586
1889373333.33,-60.923884641500685
1894371666.67,-60.991752001567676
1899370000.0,-60.72700757945228
1904368333.33,-60.36928936750841
1909366666.67,-60.24446088270623
1914365000.0,-60.114495300517355
1919363333.33,-60.65908486907885
1924361666.67,-60.18469877167646
1929360000.0,-60.797832562713666
1934358333.33,-60.22488527918897
1939356666.67,-60.46850002234297
1944355000.0,-60.366493985515575
1949353333.33,-60.85264370959308
1954351666.67,-61.13255390300946
1959350000.0,-60.35293944731647
1964348333.33,-60.46569534281665
1969346666.67,-60.6177736554785
1974345000.0,-60.4915365267377
1979343333.33,-60.9637737428594
1984341666.67,-60.186871634058285
1989340000.0,-60.124133935885034
1994338333.33,-59.44009823727805
1999336666.67,-60.079524490986145
2004335000.0,-60.19735150345922
2009333333.33,-60.04315564269199
2014331666.67,-60.4110238066436
2019330000.0,-60.464159179429444
2024328333.33,-60.38691008809031
2029326666.67,-60.48683469204218
2034325000.0,-60.19534320166133
2039323333.33,-60.119947815396124
2044321666.67,-60.21722428464529
2049320000.0,-59.92367182878119
2054318333.33,-60.26039531147219
2059316666.67,-60.234006446623134
2064315000.0,-60.86995508843429
2069313333.33,-60.35136607259251
2074311666.67,-60.02172343309748
2079310000.0,-60.07997582642437
2084308333.33,-59.976948134672696
2089306666.67,-59.8693258693831
2094305000.0,-60.18723258900288
2099303333.33,-60.545951618487635
2104301666.67,-59.29652196604083
2109300000.0,-60.29594171325003
2114298333.33,-59.94718686879453
2119296666.67,-59.920162428333505
2124295000.0,-60.26487930515166
2129293333.33,-59.980126875912305
2134291666.67,-60.31890549410713
2139290000.0,-59.89745062742286
2144288333.33,-60.88337318909471
2149286666.67,-59.68777559311554
2154285000.0,-60.50538983682422
2159283333.33,-59.94825504021784
2164281666.67,-60.039198522511725
2169280000.0,-59.592095137690386
2174278333.33,-59.29063583124539
2179276666.67,-59.70077729150111
2184275000.0,-60.28549729559059
2189273333.33,-59.295517442976546
2194271666.67,-59.55025736472229
2199270000.0,-59.80393079784821
2204268333.33,-60.121559145771776
2209266666.67,-59.45768643805452
2214265000.0,-59.52064063669967
2219263333.33,-59.55747942351841
2224261666.67,-59.56234379969413
2229260000.0,-59.87326707046064
2234258333.33,-60.11622993426292
2239256666.67,-59.24767052848185
2244255000.0,-59.3889571954092
2249253333.33,-59.84725985947093
2254251666.67,-60.179902429772206
2259250000.0,-60.05502077329812
2264248333.33,-59.779211175505075
2269246666.67,-59.24786340754383
2274245000.0,-59.49131485279117
2279243333.33,-59.449087894289164
2284241666.67,-59.60476565464411
2289240000.0,-59.189725664879525
2294238333.33,-59.20181717902046
2299236666.67,-59.6086503567804
2304235000.0,-59.76422552116206
2309233333.33,-59.63724938075826
2314231666.67,-59.65481733189472
2319230000.0,-59.828604344293275
2324228333.33,-59.30721066648949
2329226666.67,-59.613834919845374
2334225000.0,-59.619866266591394
2339223333.33,-59.37954608783808
2344221666.67,-59.83721733104232
2349220000.0,-59.96493048364523
2354218333.33,-59.07812516840244
2359216666.67,-60.31237911646408
2364215000.0,-59.13117317264685
2369213333.33,-59.45085623272557
2374211666.67,-59.2283248820993
2379210000.0,-60.109322734106115
2384208333.33,-59.06991552696909
2389206666.67,-59.36201569158004
2394205000.0,-59.704899752788734
2399203333.33,-58.998704369857116
2404201666.67,-59.42723247064423
2409200000.0,-59.437805208249266
2414198333.33,-59.599618365158655
2419196666.67,-59.64584056863551
2424195000.0,-59.800451463454955
2429193333.33,-59.47961529271901
2434191666.67,-59.08899879602585
2439190000.0,-59.6237768334256
2444188333.33,-59.05745283598546
2449186666.67,-59.347801018690795
2454185000.0,-59.14722708891945
2459183333.33,-58.965573909027356
2464181666.67,-59.04672505801045
2469180000.0,-58.52016495940009
2474178333.33,-58.93206250292579
2479176666.67,-58.87856352279917
2484175000.0,-59.11540622183442
2489173333.33,-58.98999477461298
2494171666.67,-58.598283062604686
2499170000.0,-58.45200928689094
2504168333.33,-58.74983844951667
2509166666.67,-59.18866023467652
2514165000.0,-58.32229670406889
2519163333.33,-59.07428351096268
2524161666.67,-58.9024386615791
2529160000.0,-59.089377851077636
2534158333.33,-58.83921223058685
2539156666.67,-58.73225239147943
2544155000.0,-58.534034048426975
2549153333.33,-59.07132307554862
2554151666.67,-58.66127465591785
2559150000.0,-59.07029741829133
2564148333.33,-59.06733895585968
2569146666.67,-59.26026160727305
2574145000.0,-58.678245731052
2579143333.33,-58.91820312499434
2584141666.67,-58.71500127612823
2589140000.0,-59.18622633060259
2594138333.33,-58.97834736534331
2599136666.67,-58.607448706478245
2604135000.0,-59.76279389365934
2609133333.33,-58.43608285381086
2614131666.67,-58.867558621167014
2619130000.0,-58.736511894921826
2624128333.33,-58.744569940651786
2629126666.67,-58.84060022000847
2634125000.0,-59.01510719498353
2639123333.33,-58.696650310537386
2644121666.67,-59.03200750958655
2649120000.0,-58.7593704953965
2654118333.33,-58.708716759944735
2659116666.67,-58.76846475121777
2664115000.0,-58.7848397445255
2669113333.33,-58.88394314850216
2674111666.67,-58.688978272236305
2679110000.0,-58.755105494022615
2684108333.33,-59.04919466009765
2689106666.67,-58.920951398575866
2694105000.0,-58.57589744013586
2699103333.33,-58.50041393971962
2704101666.67,-58.64627901307504
2709100000.0,-58.62733783104808
2714098333.33,-58.933137588157145
2719096666.67,-59.02590432292767
2724095000.0,-58.75322010747114
2729093333.33,-58.37855420878883
2734091666.67,-58.96986638927436
2739090000.0,-58.37599502746202
2744088333.33,-58.80953835842013
2749086666.67,-58.819324147818435
2754085000.0,-58.54797804508002
2759083333.33,-58.43827548268099
2764081666.67,-58.662443409669265
2769080000.0,-58.800699719785605
2774078333.33,-58.43119213430449
2779076666.67,-58.12372034512077
2784075000.0,-58.3513630376187
2789073333.33,-58.133874627105264
2794071666.67,-58.096016500794796
2799070000.0,-57.87235271744357
2804068333.33,-57.969066097439054
2809066666.67,-58.82155143578579
2814065000.0,-58.35027948655224
2819063333.33,-58.228004475273806
2824061666.67,-58.36345186040421
2829060000.0,-58.24250720564454
2834058333.33,-58.402084083894785
2839056666.67,-58.2867364745329
2844055000.0,-57.831898463189134
2849053333.33,-58.428123456182355
2854051666.67,-58.056132717092346
2859050000.0,-58.24800592776245
2864048333.33,-58.31594037813035
2869046666.67,-58.242451190702624
2874045000.0,-57.81634007277174
2879043333.33,-58.05609258477395
2884041666.67,-58.19566159952923
2889040000.0,-58.491483323905854
2894038333.33,-58.01423136254844
2899036666.67,-57.88992550328356
2904035000.0,-57.892658537158674
2909033333.33,-58.16268458897649
2914031666.67,-57.77366364615628
2919030000.0,-57.95179258377715
2924028333.33,-58.113306112865615
2929026666.67,-58.331951109751
2934025000.0,-58.002863232658854
2939023333.33,-58.3197478951547
2944021666.67,-58.6423426762342
2949020000.0,-58.39164496789434
2954018333.33,-58.669181717149065
2959016666.67,-57.75120989717045
2964015000.0,-58.19388418327863
2969013333.33,-58.404561480652504
2974011666.67,-58.30106134084241
2979010000.0,-57.85376648994473
2984008333.33,-57.89531019004897
2989006666.67,-58.14774322825223
2994005000.0,-57.63561141418713
2999003333.33,-57.89089165878256
3004001666.67,-58.51297933362523
3009000000.0,-58.184300195019304
3013998333.33,-57.77256248162128
3018996666.67,-57.76905283637872
3023995000.0,-57.79672641084946
3028993333.33,-58.20684451280228
3033991666.67,-57.518995670065074
3038990000.0,-58.037879043865736
3043988333.33,-58.19566897565874
3048986666.67,-57.77753421370118
3053985000.0,-57.98669089979092
3058983333.33,-58.21949025090951
3063981666.67,-57.94304049239425
3068980000.0,-57.842529089388535
3073978333.33,-57.88363190531088
3078976666.67,-58.17399458841173
3083975000.0,-57.87526494048059
3088973333.33,-57.801320950062035
3093971666.67,-57.51467996008215
3098970000.0,-57.64947625354576
3103968333.33,-58.15741409295615
3108966666.67,-57.76352627759786
3113965000.0,-57.22858952816789
3118963333.33,-57.21013010810103
3123961666.67,-57.49143578760304
3128960000.0,-57.609694925938
3133958333.33,-57.37930706431963
3138956666.67,-57.5934765748264
3143955000.0,-57.01053714875034
3148953333.33,-57.17152898605878
3153951666.67,-57.017588244847246
3158950000.0,-57.57497582573238
3163948333.33,-57.494861716015755
3168946666.67,-57.844680391982585
3173945000.0,-57.62914037728352
3178943333.33,-57.36541557154762
3183941666.67,-57.29844787689858
3188940000.0,-57.43000387417289
3193938333.33,-57.44984911930474
3198936666.67,-57.647714016802595
3203935000.0,-57.3078638751721
3208933333.33,-57.54608765450257
3213931666.67,-57.43998924792508
3218930000.0,-57.46973153134541
3223928333.33,-57.51731360052554
3228926666.67,-57.120493702057416
3233925000.0,-57.47432132219174
3238923333.33,-57.45141968012163
3243921666.67,-57.61728670465377
3248920000.0,-57.63726173299624
3253918333.33,-57.670000208025755
3258916666.67,-57.909079644139354
3263915000.0,-58.24027783383026
3268913333.33,-57.63968593222753
3273911666.67,-57.62791058537527
3278910000.0,-57.6715036789652
3283908333.33,-57.458021063047156
3288906666.67,-57.21511564974439
3293905000.0,-57.094125724535616
3298903333.33,-57.43014531800177
3303901666.67,-57.83302232627861
3308900000.0,-57.35218131388159
3313898333.33,-57.11464254696723
3318896666.67,-57.157481634250985
3323895000.0,-57.24112053654456
3328893333.33,-57.55846345074339
3333891666.67,-57.207396204955145
3338890000.0,-57.14504015108104
3343888333.33,-57.00223257543848
3348886666.67,-57.063175451148005
3353885000.0,-57.07580057252826
3358883333.33,-57.54834706055442
3363881666.67,-56.95753011678818
3368880000.0,-57.444501837454936
3373878333.33,-57.18085820078137
3378876666.67,-57.433304186883674
3383875000.0,-57.200479231515125
3388873333.33,-57.19505296877651
3393871666.67,-57.5817427168765
3398870000.0,-57.724072038822015
3403868333.33,-57.23109268403115
3408866666.67,-57.031586186289054
3413865000.0,-57.32283474846387
3418863333.33,-57.03252611870462
3423861666.67,-56.85888383776954
3428860000.0,-56.8446146202098
3433858333.33,-56.93504345863144
3438856666.67,-57.400069400963325
3443855000.0,-57.456878822075275
3448853333.33,-57.79935885319952
3453851666.67,-57.25800652132637
3458850000.0,-57.235431877416126
3463848333.33,-57.076116845192225
3468846666.67,-57.023021141567476
3473845000.0,-57.34970415065858
3478843333.33,-57.098150013937506
3483841666.67,-57.378716573583716
3488840000.0,-57.32755434049516
3493838333.33,-57.252779378762185
3498836666.67,-57.043158271168714
3503835000.0,-57.14186858283374
3508833333.33,-57.15922416896669
3513831666.67,-57.21288422590932
3518830000.0,-56.80666122554685
3523828333.33,-56.93814226869752
3528826666.67,-57.03301990127266
3533825000.0,-56.8843096961792
3538823333.33,-57.1220827048146
3543821666.67,-57.0603924923471
3548820000.0,-57.00430943512945
3553818333.33,-57.60247951388454
3558816666.67,-57.054937612909605
3563815000.0,-57.22499145958185
3568813333.33,-56.9295028375204
3573811666.67,-56.628096281964666
3578810000.0,-57.046704954989266
3583808333.33,-57.1405469301484
3588806666.67,-56.84929038804127
3593805000.0,-56.74878573883923
3598803333.33,-56.46743306103503
3603801666.67,-56.81492426631115
3608800000.0,-56.71976777538344
3613798333.33,-56.45780559640579
3618796666.67,-56.47362361479266
3623795000.0,-56.55235508665319
3628793333.33,-56.72013640286754
3633791666.67,-56.79200500819082
3638790000.0,-56.77282340533033
3643788333.33,-56.60231944855659
3648786666.67,-56.4736318403495
3653785000.0,-56.33550868671602
3658783333.33,-56.61285832886699
3663781666.67,-56.57718660404237
3668780000.0,-56.42117447468018
3673778333.33,-56.92711513982516
3678776666.67,-57.130877390689896
3683775000.0,-57.17739230418944
3688773333.33,-56.85663779252109
3693771666.67,-57.139632779585234
3698770000.0,-57.37536971273825
3703768333.33,-57.353741178799865
3708766666.67,-56.95773744175654
3713765000.0,-57.37512986164468
3718763333.33,-57.23602477281658
3723761666.67,-57.28750014288997
3728760000.0,-57.81135495279778
3733758333.33,-57.19807384719957
3738756666.67,-57.61669037046576
3743755000.0,-57.52080223048709
3748753333.33,-57.33242970103959
3753751666.67,-57.37545287544583
3758750000.0,-57.25615828139909
3763748333.33,-57.048377224627714
3768746666.67,-57.412057628266226
3773745000.0,-57.22282782729853
3778743333.33,-57.1823564259308
3783741666.67,-57.22342068299382
3788740000.0,-56.96080648463149
3793738333.33,-57.169045891333454
3798736666.67,-57.485259921439955
3803735000.0,-57.69232754341882
3808733333.33,-57.37666381004003
3813731666.67,-56.99711987024983
3818730000.0,-56.94507420214286
3823728333.33,-57.19497575623653
3828726666.67,-57.07805407875804
3833725000.0,-56.385074755753436
3838723333.33,-56.83813655697041
3843721666.67,-56.47081560648927
3848720000.0,-56.59292363436104
3853718333.33,-56.82015086410956
3858716666.67,-56.75874308164492
3863715000.0,-56.42682946509492
3868713333.33,-56.45703682835838
3873711666.67,-56.62953352913415
3878710000.0,-56.15086644517848
3883708333.33,-56.47873210876921
3888706666.67,-56.05605740122297
3893705000.0,-56.47728195881929
3898703333.33,-56.48783103909392
3903701666.67,-56.55719356975563
3908700000.0,-56.9807516332681
3913698333.33,-56.24257875207415
3918696666.67,-56.30003166770808
3923695000.0,-56.80028357761956
3928693333.33,-56.55842330452589
3933691666.67,-56.73438080397648
3938690000.0,-56.743951461760275
3943688333.33,-56.68413411999698
3948686666.67,-56.3827104344263
3953685000.0,-56.49794780177213
3958683333.33,-56.63339341887485
3963681666.67,-56.558967863349416
3968680000.0,-56.67862706504276
3973678333.33,-56.84087078482419
3978676666.67,-56.497131280449516
3983675000.0,-57.226818205653515
3988673333.33,-56.729739551396904
3993671666.67,-56.94810466911663
3998670000.0,-56.965455566282905
4003668333.33,-57.25455288915069
4008666666.67,-57.24354820367353
4013665000.0,-57.29797262476061
4018663333.33,-57.750136491300594
4023661666.67,-57.15893169308855
4028660000.0,-57.1291768166239
4033658333.33,-57.12854201961469
4038656666.67,-57.10509880130658
4043655000.0,-57.53947875226104
4048653333.33,-56.96254258799761
4053651666.67,-57.283055492704534
4058650000.0,-57.010423283979875
4063648333.33,-57.19472389034324
4068646666.67,-57.13554520005326
4073645000.0,-56.5697676194837
4078643333.33,-56.40578869825238
4083641666.67,-56.6452460249794
4088640000.0,-56.590131998050055
4093638333.33,-56.61649475237749
4098636666.67,-56.74535015791392
4103635000.0,-56.09668230700876
4108633333.33,-56.171580903162464
4113631666.67,-56.396411265935185
4118630000.0,-56.41838459107877
4123628333.33,-56.15185877530187
4128626666.67,-56.401801302963285
4133625000.0,-56.462899025203356
4138623333.33,-56.159132868026795
4143621666.67,-56.371943625493685
4148620000.0,-56.598849984156246
4153618333.33,-56.27750065529206
4158616666.67,-55.99647474938272
4163615000.0,-56.04670971067839
4168613333.33,-56.24480693229905
4173611666.67,-55.94844892723758
4178610000.0,-55.896820959422286
4183608333.33,-56.294178438178626
4188606666.67,-56.169561894286176
4193605000.0,-55.69405474185528
4198603333.33,-56.030365268510394
4203601666.67,-55.877900554345565
4208600000.0,-55.999963098571754
4213598333.33,-56.41623486155006
4218596666.67,-55.99183610911082
4223595000.0,-56.15031678433076
4228593333.33,-56.22701582836533
4233591666.67,-56.3853799762608
4238590000.0,-56.195050742199165
4243588333.33,-56.360273303105984
4248586666.67,-55.98687297940884
4253585000.0,-56.322308718824914
4258583333.33,-56.20152244195787
4263581666.67,-55.87588319980778
4268580000.0,-55.664326512842166
4273578333.33,-56.39465503218618
4278576666.67,-56.057588785962295
4283575000.0,-56.33135098924677
4288573333.33,-56.08186995382872
4293571666.67,-56.253147900981574
4298570000.0,-56.16004322855052
4303568333.33,-56.27602665523162
4308566666.67,-56.17737217532501
4313565000.0,-56.15442016985274
4318563333.33,-56.183265541006676
4323561666.67,-56.11910745261203
4328560000.0,-56.122779361940374
4333558333.33,-56.327521418395314
4338556666.67,-56.604925408245464
4343555000.0,-56.015460073954635
4348553333.33,-55.69805784572616
4353551666.67,-56.03871176831062
4358550000.0,-56.10315776651171
4363548333.33,-55.71492285289362
4368546666.67,-56.051471342954294
4373545000.0,-55.664726445939166
4378543333.33,-55.8829198401837
4383541666.67,-55.6285346940295
4388540000.0,-55.972070605479594
4393538333.33,-55.84260309891809
4398536666.67,-55.82520709638609
4403535000.0,-55.80749116028088
4408533333.33,-55.843716694144874
4413531666.67,-55.80412655763994
4418530000.0,-55.58074741709375
4423528333.33,-55.812510638127016
4428526666.67,-55.58290855473807
4433525000.0,-56.24617220479546
4438523333.33,-55.63448943508228
4443521666.67,-55.71700615892826
4448520000.0,-55.53061163680434
4453518333.33,-55.83571466709071
4458516666.67,-55.790601594097694
4463515000.0,-55.50286038757871
4468513333.33,-56.03281579569969
4473511666.67,-55.50007395100869
4478510000.0,-55.607891324751286
4483508333.33,-55.48565103063239
4488506666.67,-55.733010639154095
4493505000.0,-55.878248482384556
4498503333.33,-55.59237695655212
4503501666.67,-55.38803302507442
4508500000.0,-55.642488432873165
4513498333.33,-55.720649730556964
4518496666.67,-55.491732006494196
4523495000.0,-55.634680020296265
4528493333.33,-55.91809081024451
4533491666.67,-55.750399317977035
4538490000.0,-55.60128198640926
4543488333.33,-55.55030172148147
4548486666.67,-55.470109898526545
4553485000.0,-55.4252033123348
4558483333.33,-55.612186623506076
4563481666.67,-55.61470036409194
4568480000.0,-56.1050595898324
4573478333.33,-55.364067040537975
4578476666.67,-55.71244481318442
4583475000.0,-55.707264311619525
4588473333.33,-55.400942095590835
4593471666.67,-55.12073167357934
4598470000.0,-55.275282033498534
4603468333.33,-55.40630877133048
4608466666.67,-55.487015797385766
4613465000.0,-55.574023618633206
4618463333.33,-55.35040431665392
4623461666.67,-55.367191652278755
4628460000.0,-55.26386236332022
4633458333.33,-55.32596977273805
4638456666.67,-55.24747843978073
4643455000.0,-55.32700369178102
4648453333.33,-55.31318120902248
4653451666.67,-55.10170783061543
4658450000.0,-55.408521679114784
4663448333.33,-55.38573400444753
4668446666.67,-55.48184451625389
4673445000.0,-55.31341351957944
4678443333.33,-55.123820653544946
4683441666.67,-55.503631398152066
4688440000.0,-55.111959403890936
4693438333.33,-55.27809102209345
4698436666.67,-55.452258732852826
4703435000.0,-55.5455503522583
4708433333.33,-55.21808683503796
4713431666.67,-55.39231280301642
4718430000.0,-55.45181687402177
4723428333.33,-55.517997151290366
4728426666.67,-55.41661214825397
4733425000.0,-55.56963138403206
4738423333.33,-55.20121093441901
4743421666.67,-55.414168150621485
4748420000.0,-55.35769940263925
4753418333.33,-55.48697921638984
4758416666.67,-55.085252141022416
4763415000.0,-55.25582992108738
4768413333.33,-55.05080456116885
4773411666.67,-55.06044711419776
4778410000.0,-55.26470979490217
4783408333.33,-55.08649052311383
4788406666.67,-54.98983362172106
4793405000.0,-54.90584838724126
4798403333.33,-55.0627429223431
4803401666.67,-55.09740301110515
4808400000.0,-54.77215985616952
4813398333.33,-54.839238208467066
4818396666.67,-54.85923174342064
4823395000.0,-54.832811074618235
4828393333.33,-54.92676790336259
4833391666.67,-54.88942598938053
4838390000.0,-54.899463784463485
4843388333.33,-54.79514054967882
4848386666.67,-54.926718903780184
4853385000.0,-54.81709894996756
4858383333.33,-54.99438056630953
4863381666.67,-54.87126169176766
4868380000.0,-55.06806400536564
4873378333.33,-54.84026207898396
4878376666.67,-54.823927268188406
4883375000.0,-54.672809981837474
4888373333.33,-54.820504979488966
4893371666.67,-54.92770836262256
4898370000.0,-54.82788204539826
4903368333.33,-54.76323348764222
4908366666.67,-54.5394577703783
4913365000.0,-54.871879169135894
4918363333.33,-54.632732282659205
4923361666.67,-54.62601636900502
4928360000.0,-54.65283711967785
4933358333.33,-54.7110902217674
4938356666.67,-54.629732185136206
4943355000.0,-54.55398835354834
4948353333.33,-54.674815006192944
4953351666.67,-54.80742901084597
4958350000.0,-54.470968690115654
4963348333.33,-54.72892033786831
4968346666.67,-54.560933253512175
4973345000.0,-54.644531235807946
4978343333.33,-54.68387620278897
4983341666.67,-54.5832649530741
4988340000.0,-54.505185631806725
4993338333.33,-55.00054682466128
4998336666.67,-54.997190165119406
5003335000.0,-54.67325829138588
5008333333.33,-54.30059962828129
5013331666.67,-54.5113022571536
5018330000.0,-54.5247394615651
5023328333.33,-54.40457097891663
5028326666.67,-54.32987212478065
5033325000.0,-54.3806904095408
5038323333.33,-54.21956819687516
5043321666.67,-54.25534690471059
5048320000.0,-54.311837367226744
5053318333.33,-54.278818171697544
5058316666.67,-54.32824825869433
5063315000.0,-54.389986905118064
5068313333.33,-54.154980281914355
5073311666.67,-54.36256805222464
5078310000.0,-54.39374421907041
5083308333.33,-54.452221556453786
5088306666.67,-54.22120137831438
5093305000.0,-54.11406870149419
5098303333.33,-54.265327369635
5103301666.67,-54.148441127693076
5108300000.0,-54.04192422406466
5113298333.33,-54.030188636347454
5118296666.67,-54.1845629835763
5123295000.0,-54.23720630671572
5128293333.33,-54.28363632656465
5133291666.67,-54.33750143201497
5138290000.0,-54.03239754542648
5143288333.33,-53.93198664277408
5148286666.67,-54.051399483010705
5153285000.0,-54.31537810639915
5158283333.33,-54.1706205339305
5163281666.67,-53.95527032097697
5168280000.0,-54.30758836978808
5173278333.33,-54.62762436395178
5178276666.67,-54.15412332953683
5183275000.0,-54.25036809781568
5188273333.33,-54.2058955692227
5193271666.67,-53.85287613825453
5198270000.0,-54.09037284331327
5203268333.33,-53.90604793747896
5208266666.67,-54.008971871805265
5213265000.0,-54.15035826833222
5218263333.33,-53.832295656989615
5223261666.67,-54.00632458574368
5228260000.0,-53.92843035869339
5233258333.33,-53.95999702334044
5238256666.67,-54.04222255827901
5243255000.0,-53.87659780974105
5248253333.33,-54.08618042476837
5253251666.67,-54.01087348670178
5258250000.0,-53.938597375851
5263248333.33,-53.90581309977314
5268246666.67,-53.93191838482175
5273245000.0,-54.22417806563593
5278243333.33,-53.610826236993276
5283241666.67,-53.8800864640774
5288240000.0,-54.02195587320844
5293238333.33,-53.61896913342069
5298236666.67,-53.74018580065023
5303235000.0,-53.440739568968155
5308233333.33,-54.10812258346837
5313231666.67,-53.82934803279223
5318230000.0,-53.883693393666825
5323228333.33,-53.667502476165495
5328226666.67,-53.65029895643562
5333225000.0,-53.87121947516267
5338223333.33,-53.77920529492644
5343221666.67,-53.687867407039924
5348220000.0,-53.74353059389242
5353218333.33,-54.09230123093753
5358216666.67,-53.92443120355672
5363215000.0,-53.70467947071588
5368213333.33,-53.541123473583966
5373211666.67,-53.59701556250056
5378210000.0,-53.70701634949362
5383208333.33,-53.7216706995214
5388206666.67,-53.66339637353241
5393205000.0,-53.81624154333242
5398203333.33,-53.84648888400427
5403201666.67,-53.74495584122765
5408200000.0,-53.462040232228375
5413198333.33,-53.72178502589537
5418196666.67,-53.87819317686677
5423195000.0,-53.98128268479095
5428193333.33,-54.054420008391055
5433191666.67,-54.13961791791479
5438190000.0,-53.65967368568559
5443188333.33,-54.143407893711725
5448186666.67,-53.87526804613521
5453185000.0,-53.88264968661338
5458183333.33,-53.738998179178914
5463181666.67,-53.62992765001422
5468180000.0,-53.81268362881013
5473178333.33,-53.752624829368884
5478176666.67,-53.73374092204392
5483175000.0,-54.011590931791666
5488173333.33,-53.69436546113552
5493171666.67,-53.74317471487441
5498170000.0,-53.757349667396696
5503168333.33,-53.78231987157342
5508166666.67,-53.52406457014404
5513165000.0,-53.67196163112211
5518163333.33,-53.867203630559686
5523161666.67,-53.62468183986205
5528160000.0,-53.82285640281944
5533158333.33,-53.27197131708281
5538156666.67,-53.63131808308448
5543155000.0,-53.72267188950207
5548153333.33,-53.532243742193444
5553151666.67,-53.55312441480315
5558150000.0,-53.43239667974718
5563148333.33,-53.401932438109334
5568146666.67,-53.33068032953396
5573145000.0,-53.816762350056145
5578143333.33,-53.53070800926652
5583141666.67,-53.2897155903533
5588140000.0,-53.51070067019898
5593138333.33,-53.52418751474018
5598136666.67,-53.34056128619082
5603135000.0,-53.53913494964218
5608133333.33,-53.40505296111685
5613131666.67,-53.71024347938135
5618130000.0,-53.670990994001755
5623128333.33,-53.76211080586345
5628126666.67,-53.47854153278586
5633125000.0,-53.60379635986334
5638123333.33,-53.52057406736463
5643121666.67,-53.50798357497276
5648120000.0,-53.52197209458852
5653118333.33,-53.29442274142955
5658116666.67,-53.6824425002914
5663115000.0,-53.834783896688485
5668113333.33,-53.70699659800687
5673111666.67,-53.67934192607613
5678110000.0,-53.67394434636603
5683108333.33,-53.50632797259409
5688106666.67,-53.761231804236616
5693105000.0,-53.67239071194335
5698103333.33,-53.38281569454974
5703101666.67,-53.588938394948514
5708100000.0,-53.462064811058184
5713098333.33,-53.483833158047254
5718096666.67,-53.54365229104169
5723095000.0,-53.39239685819429
5728093333.33,-53.26090941986092
5733091666.67,-53.30039509069424
5738090000.0,-53.39103658892902
5743088333.33,-52.97781157130722
5748086666.67,-53.061957025504995
5753085000.0,-53.025288181207216
5758083333.33,-53.395959297880225
5763081666.67,-52.930747052084584
5768080000.0,-52.89570495640219
5773078333.33,-53.14594742961167
5778076666.67,-52.751326345933826
5783075000.0,-53.016495511237586
5788073333.33,-52.89443427819283
5793071666.67,-53.064052138908586
5798070000.0,-52.86466292043757
5803068333.33,-52.737986453607206
5808066666.67,-52.92359608102493
5813065000.0,-53.01946774502872
5818063333.33,-52.7822107399807
5823061666.67,-52.8400017630088
5828060000.0,-53.01359812649289
5833058333.33,-52.59408735256145
5838056666.67,-53.037080751709
5843055000.0,-52.74601897919388
5848053333.33,-53.28935266074449
5853051666.67,-53.035188797283695
5858050000.0,-52.88482270614061
5863048333.33,-52.998524691314955
5868046666.67,-53.35029508887576
5873045000.0,-53.177166401716455
5878043333.33,-52.98782687735334
5883041666.67,-52.90476466116938
5888040000.0,-52.942888045201
5893038333.33,-52.986451483181874
5898036666.67,-52.95630261932217
5903035000.0,-52.99552476254362
5908033333.33,-53.044564511238114
5913031666.67,-53.094898013866604
5918030000.0,-52.97207785783853
5923028333.33,-53.16903253089486
5928026666.67,-52.93927160157331
5933025000.0,-53.19819528811973
5938023333.33,-52.971944006908416
5943021666.67,-53.10653038233254
5948020000.0,-53.28321102978019
5953018333.33,-52.94110579061018
5958016666.67,-52.86182880610214
5963015000.0,-52.77003549567506
5968013333.33,-52.64142745134056
5973011666.67,-52.72290923472089
5978010000.0,-52.99846037114661
5983008333.33,-52.79884745404024
5988006666.67,-52.54323234214542
5993005000.0,-52.786301470753415
5998003333.33,-52.52369968915122
6003001666.67,-52.832925027022554
6008000000.0,-52.52696688475302
6012998333.33,-52.54707423843038
6017996666.67,-52.680557666565505
6022995000.0,-52.57105853804302
6027993333.33,-52.91218780112719
6032991666.67,-52.88729441845184
6037990000.0,-52.3368701429477
6042988333.33,-52.615790343652485
6047986666.67,-52.487213202399644
6052985000.0,-52.45532638837701
6057983333.33,-52.43195604945026
6062981666.67,-52.20763458915502
6067980000.0,-52.08617373682807
6072978333.33,-52.386796545222644
6077976666.67,-52.2432140560479
6082975000.0,-52.380206312085484
6087973333.33,-52.24362968385464
6092971666.67,-52.2685975795476
6097970000.0,-52.26294318017027
6102968333.33,-52.374385445035536
6107966666.67,-52.54972418092363
6112965000.0,-52.413955195328484
6117963333.33,-52.66308336264331
6122961666.67,-52.55393515702852
6127960000.0,-52.6514239845046
6132958333.33,-52.69143888386868
6137956666.67,-52.6993800389195
6142955000.0,-52.369513533123694
6147953333.33,-52.38905416283218
6152951666.67,-52.746783268047366
6157950000.0,-52.36142679149402
6162948333.33,-52.43608433254242
6167946666.67,-52.64664036187782
6172945000.0,-52.65517353152173
6177943333.33,-52.59438580153308
6182941666.67,-52.80149732625219
6187940000.0,-52.92475046749716
6192938333.33,-52.550053073134166
6197936666.67,-52.57447189532036
6202935000.0,-52.46296932841115
6207933333.33,-52.5118940457326
6212931666.67,-52.23173217865073
6217930000.0,-52.65420671298283
6222928333.33,-52.32627752105862
6227926666.67,-52.48863810612228
6232925000.0,-51.88445356480793
6237923333.33,-52.152474032379665
6242921666.67,-52.15010822011224
6247920000.0,-52.0933701228287
6252918333.33,-52.15057901307583
6257916666.67,-52.370404110356375
6262915000.0,-52.16927371323062
6267913333.33,-52.04552680597093
6272911666.67,-52.32920520030521
6277910000.0,-52.15521375597909
6282908333.33,-52.204447190864855
6287906666.67,-52.22610892333784
6292905000.0,-52.083653639327316
6297903333.33,-52.34544836575133
6302901666.67,-52.04723978509462
6307900000.0,-52.035712742664025
6312898333.33,-52.17481515995107
6317896666.67,-52.24776469306551
6322895000.0,-52.400075389593695
6327893333.33,-52.15945394082843
6332891666.67,-52.124937792721255
6337890000.0,-52.219754827861
6342888333.33,-52.33737744621021
6347886666.67,-52.12270953321056
6352885000.0,-52.20877138986471
6357883333.33,-52.46002357961041
6362881666.67,-52.715418753738234
6367880000.0,-52.530243215611996
6372878333.33,-52.37983175623376
6377876666.67,-52.17950969854197
6382875000.0,-52.09796238523821
6387873333.33,-52.14649366286291
6392871666.67,-52.05567205260814
6397870000.0,-51.97419065789581
6402868333.33,-51.7322592442645
6407866666.67,-52.10522719862431
6412865000.0,-51.7743586624674
6417863333.33,-51.875436170722715
6422861666.67,-52.03122196192061
6427860000.0,-51.85993879150071
6432858333.33,-51.78369205927477
6437856666.67,-51.77933946116319
6442855000.0,-51.82818957154755
6447853333.33,-52.12285296063953
6452851666.67,-51.73305435341259
6457850000.0,-51.87325724809688
6462848333.33,-51.659171904567884
6467846666.67,-51.80259483443237
6472845000.0,-51.86195418159996
6477843333.33,-51.788266565214094
6482841666.67,-51.71648938750909
6487840000.0,-51.51382123666471
6492838333.33,-51.776656678005956
6497836666.67,-51.65131393045434
6502835000.0,-51.58831175964899
6507833333.33,-51.85553591135724
6512831666.67,-51.803794686940165
6517830000.0,-51.74768596659269
6522828333.33,-51.73146207404259
6527826666.67,-51.905381376317415
6532825000.0,-51.878835460811636
6537823333.33,-52.02425310529814
6542821666.67,-52.036264731886405
6547820000.0,-51.88718198063499
6552818333.33,-51.50810099017249
6557816666.67,-51.869012763734055
6562815000.0,-51.64136898858099
6567813333.33,-51.72769575545479
6572811666.67,-51.57376585461874
6577810000.0,-51.68176908239889
6582808333.33,-51.462702256019995
6587806666.67,-51.648312994307794
6592805000.0,-51.64121928445779
6597803333.33,-51.70469763447151
6602801666.67,-51.46139390920901
6607800000.0,-51.71378912076782
6612798333.33,-51.46461595376561
6617796666.67,-51.55690429486749
6622795000.0,-51.78788512404231
6627793333.33,-51.541704722839285
6632791666.67,-51.47701262328585
6637790000.0,-51.51504389588637
6642788333.33,-51.55516736039125
6647786666.67,-51.644636429396286
6652785000.0,-51.29053062917046
6657783333.33,-51.294242763497955
6662781666.67,-51.000008426598924
6667780000.0,-51.165132245006966
6672778333.33,-51.099345613348596
6677776666.67,-51.16658728565726
6682775000.0,-51.092689669868406
6687773333.33,-51.07728586559056
6692771666.67,-51.20623720235323
6697770000.0,-51.23840030010019
6702768333.33,-51.18869382323837
6707766666.67,-51.2786060416166
6712765000.0,-51.24338092543461
6717763333.33,-51.179100366092946
6722761666.67,-51.14306059014713
6727760000.0,-51.19449679216202
6732758333.33,-50.871040333754166
6737756666.67,-50.97252635044881
6742755000.0,-50.870618584875515
6747753333.33,-50.733752366551954
6752751666.67,-50.57150816794757
6757750000.0,-50.560780969369205
6762748333.33,-50.63106846982365
6767746666.67,-50.6606653330217
6772745000.0,-50.81202033389998
6777743333.33,-50.74961897838213
6782741666.67,-50.841959295127815
6787740000.0,-50.72651260113325
6792738333.33,-50.87755070282572
6797736666.67,-50.697136184885316
6802735000.0,-50.7602474359824
6807733333.33,-50.69069442948022
6812731666.67,-50.85516049894102
6817730000.0,-50.89826056396642
6822728333.33,-50.673905161018034
6827726666.67,-50.64584515007182
6832725000.0,-50.67140564515143
6837723333.33,-50.895693049035415
6842721666.67,-50.36211946663191
6847720000.0,-50.56298913433106
6852718333.33,-50.62347284554927
6857716666.67,-50.85097439524674
6862715000.0,-50.9070368693782
6867713333.33,-50.78768587589116
6872711666.67,-50.769243816695834
6877710000.0,-50.78956185450337
6882708333.33,-50.84746433100876
6887706666.67,-50.83898319330633
6892705000.0,-50.67671065941218
6897703333.33,-50.59943671671348
6902701666.67,-50.4869152574264
6907700000.0,-50.361618861677414
6912698333.33,-50.41544941262762
6917696666.67,-50.29547617128512
6922695000.0,-50.27044565761137
6927693333.33,-50.039850265334735
6932691666.67,-50.099344783746375
6937690000.0,-49.94624139682287
6942688333.33,-49.86325539940619
6947686666.67,-50.052516386590696
6952685000.0,-49.950856907211296
6957683333.33,-49.916173139961174
6962681666.67,-50.13650518638318
6967680000.0,-49.93057744844788
6972678333.33,-50.07226495452302
6977676666.67,-49.75547667860734
6982675000.0,-49.80286325993493
6987673333.33,-49.73770658182558
6992671666.67,-49.62433498472179
6997670000.0,-49.576879546353695
7002668333.33,-49.597523914891106
7007666666.67,-49.69507383809883
7012665000.0,-49.60989014424481
7017663333.33,-49.67096676666597
7022661666.67,-49.78843561469101
7027660000.0,-49.6825443816639
7032658333.33,-49.66400262789073
7037656666.67,-49.59762526238486
7042655000.0,-49.76175827293156
7047653333.33,-50.23141481032812
7052651666.67,-49.98003531153123
7057650000.0,-50.077043572771096
7062648333.33,-50.14125337443251
7067646666.67,-49.88187136835008
7072645000.0,-50.13379095572485
7077643333.33,-49.85277422015664
7082641666.67,-49.884762287186
7087640000.0,-49.561251438524565
7092638333.33,-49.53437688869788
7097636666.67,-49.581698958520306
7102635000.0,-49.49204502144491
7107633333.33,-49.541822464250515
7112631666.67,-49.69802003809387
7117630000.0,-49.55896165658616
7122628333.33,-49.71389730242898
7127626666.67,-49.64370776742547
7132625000.0,-49.76115517792245
7137623333.33,-49.58319526166591
7142621666.67,-49.544410715026395
7147620000.0,-49.63630479248762
7152618333.33,-49.65954991709747
7157616666.67,-49.42639818162413
7162615000.0,-49.37698558315877
7167613333.33,-49.424705796703066
7172611666.67,-49.390694840650866
7177610000.0,-49.29493708910326
7182608333.33,-49.31283608776831
7187606666.67,-49.18340659329822
7192605000.0,-49.26336835064152
7197603333.33,-49.24620701351703
7202601666.67,-49.3639806278859
7207600000.0,-49.25785069070932
7212598333.33,-49.08937167563977
7217596666.67,-49.25840289520872
7222595000.0,-49.32605213375471
7227593333.33,-49.30713346725602
7232591666.67,-49.35612532473488
7237590000.0,-49.390845032599586
7242588333.33,-49.21081795551962
7247586666.67,-49.16011575065906
7252585000.0,-49.127939428265314
7257583333.33,-49.05247101434973
7262581666.67,-48.90989265872143
7267580000.0,-48.811633799321676
7272578333.33,-48.78582799698735
7277576666.67,-48.97737241623279
7282575000.0,-48.887403853903095
7287573333.33,-48.91768746495614
7292571666.67,-49.00559431762362
7297570000.0,-49.065383626109366
7302568333.33,-49.10996148883885
7307566666.67,-49.30434289288391
7312565000.0,-49.25459015731515
7317563333.33,-49.149867398436456
7322561666.67,-49.196345221157706
7327560000.0,-49.196454469598805
7332558333.33,-48.98051227440434
7337556666.67,-48.92343238658343
7342555000.0,-48.93251788780976
7347553333.33,-48.75562482519012
7352551666.67,-48.645270060070885
7357550000.0,-48.52797741241233
7362548333.33,-48.53744416710386
7367546666.67,-48.55352047195179
7372545000.0,-48.588298435564816
7377543333.33,-48.607563906037484
7382541666.67,-48.803855283557695
7387540000.0,-48.6584422734017
7392538333.33,-48.792204245400264
7397536666.67,-48.64483876765904
7402535000.0,-48.67417261324563
7407533333.33,-48.38425933114217
7412531666.67,-48.54508154611766
7417530000.0,-48.48972522945356
7422528333.33,-48.369816428137696
7427526666.67,-48.35757441899243
7432525000.0,-48.13001347852966
7437523333.33,-48.144187263434304
7442521666.67,-47.89525958868382
7447520000.0,-47.8553898854113
7452518333.33,-47.83369776830114
7457516666.67,-47.90766438957766
7462515000.0,-48.10348804547984
7467513333.33,-47.93428208931519
7472511666.67,-48.179363659453415
7477510000.0,-48.19551094977007
7482508333.33,-48.20272607583177
7487506666.67,-48.29834885790736
7492505000.0,-48.18161221742901
7497503333.33,-48.39629375343087
7502501666.67,-48.245319400895454
7507500000.0,-48.339715352815304
7512498333.33,-48.13844247511056
7517496666.67,-48.09008932878679
7522495000.0,-48.21470457066611
7527493333.33,-48.190214536605325
7532491666.67,-48.080517510979
7537490000.0,-47.96572311795348
7542488333.33,-47.815734015065516
7547486666.67,-47.88202042253743
7552485000.0,-47.95684136301674
7557483333.33,-47.86485943129065
7562481666.67,-48.0413668463199
7567480000.0,-48.12365812633637
7572478333.33,-48.102474151595445
7577476666.67,-48.10905515557437
7582475000.0,-47.85644871861006
7587473333.33,-47.86998556379682
7592471666.67,-47.764177891189746
7597470000.0,-47.653963729523674
7602468333.33,-47.49891125664555
7607466666.67,-47.39768316369979
7612465000.0,-47.34577592713603
7617463333.33,-47.273792181446225
7622461666.67,-47.032021583314005
7627460000.0,-47.23305126052958
7632458333.33,-47.219105290564826
7637456666.67,-46.94746545548453
7642455000.0,-46.948366951681166
7647453333.33,-47.08310278234043
7652451666.67,-47.10477736004756
7657450000.0,-47.04424151489035
7662448333.33,-46.9635184569546
7667446666.67,-46.8924868482773
7672445000.0,-46.73372809526988
7677443333.33,-46.664835682191296
7682441666.67,-46.38122794460425
7687440000.0,-46.356078010826636
7692438333.33,-46.12346512154676
7697436666.67,-46.10055443104549
7702435000.0,-46.011892570657515
7707433333.33,-45.96932389151541
7712431666.67,-45.85003509933949
7717430000.0,-45.81480231264852
7722428333.33,-45.84456269574566
7727426666.67,-45.94700187671027
7732425000.0,-45.91293978190599
7737423333.33,-45.97262312335915
7742421666.67,-46.159215607649465
7747420000.0,-46.20265146093011
7752418333.33,-46.282685718675495
7757416666.67,-46.29009256208562
7762415000.0,-46.26135820407467
7767413333.33,-46.18297334020112
7772411666.67,-46.11969999012635
7777410000.0,-46.11355733224366
7782408333.33,-46.27742546246144
7787406666.67,-46.03535623650088
7792405000.0,-46.069502261807536
7797403333.33,-46.18743445253634
7802401666.67,-46.178953654598274
7807400000.0,-46.16330756096786
7812398333.33,-46.27303641891507
7817396666.67,-46.34300855354109
7822395000.0,-46.27307615905926
7827393333.33,-46.34288893342871
7832391666.67,-46.41909539361716
7837390000.0,-46.413837209417835
7842388333.33,-46.432822148090594
7847386666.67,-46.402322158054886
7852385000.0,-46.271454659003425
7857383333.33,-46.189774809143145
7862381666.67,-46.15514428853874
7867380000.0,-45.978438108444195
7872378333.33,-45.79003457090677
7877376666.67,-45.732388167617735
7882375000.0,-45.5170188964464
7887373333.33,-45.509930018424065
7892371666.67,-45.34238489335194
7897370000.0,-45.43030630469736
7902368333.33,-45.41954115646463
7907366666.67,-45.34611321405286
7912365000.0,-45.3190855515578
7917363333.33,-45.27590122587134
7922361666.67,-45.23961202935995
7927360000.0,-45.29625790604864
7932358333.33,-45.16613089476116
7937356666.67,-45.047247266506226
7942355000.0,-45.04588959990376
7947353333.33,-44.882297680460226
7952351666.67,-44.851450518771195
7957350000.0,-44.89373873719004
7962348333.33,-44.67435233330565
7967346666.67,-44.677021922370756
7972345000.0,-44.67466767664608
7977343333.33,-44.677220314183515
7982341666.67,-44.50190338910443
7987340000.0,-44.645242852122955
7992338333.33,-44.68592431482388
7997336666.67,-44.68937753549059
8002335000.0,-44.617599312360184
8007333333.33,-44.51304834466214
8012331666.67,-44.38924435376428
8017330000.0,-44.33105263194682
8022328333.33,-44.42281836695645
8027326666.67,-44.41169336319879
8032325000.0,-44.31962885028024
8037323333.33,-44.159597281419344
8042321666.67,-44.192563535125664
8047320000.0,-44.16260216213551
8052318333.33,-44.0693117444948
8057316666.67,-44.165170577082534
8062315000.0,-44.11956442999818
8067313333.33,-44.218944276404315
8072311666.67,-44.32192165883757
8077310000.0,-44.38062043011144
8082308333.33,-44.49159637254176
8087306666.67,-44.54968792284747
8092305000.0,-44.60082929326117
8097303333.33,-44.53915234632379
8102301666.67,-44.6093105355422
8107300000.0,-44.53684760788329
8112298333.33,-44.48024371488147
8117296666.67,-44.375237706616275
8122295000.0,-44.49361197588284
8127293333.33,-44.328090473181064
8132291666.67,-44.437087723126254
8137290000.0,-44.28438964324692
8142288333.33,-44.21630807595507
8147286666.67,-44.327681222955526
8152285000.0,-44.27350595551115
8157283333.33,-44.29575267274602
8162281666.67,-44.27185293996671
8167280000.0,-44.23871900721171
8172278333.33,-44.2319962112545
8177276666.67,-44.23017465400068
8182275000.0,-44.05309495464085
8187273333.33,-43.96155746286765
8192271666.67,-43.85677437129449
8197270000.0,-43.81791662603745
8202268333.33,-43.76254664213879
8207266666.67,-43.58171248008388
8212265000.0,-43.575654671822676
8217263333.33,-43.5658563544506
8222261666.67,-43.54486594606964
8227260000.0,-43.50984167129049
8232258333.33,-43.53748725532773
8237256666.67,-43.566568726333905
8242255000.0,-43.618016484237415
8247253333.33,-43.64132753045715
8252251666.67,-43.693257249789184
8257250000.0,-43.738370235297964
8262248333.33,-43.615881506236114
8267246666.67,-43.57104995571849
8272245000.0,-43.51827506694667
8277243333.33,-43.23018861249872
8282241666.67,-43.058496583779004
8287240000.0,-42.926877824576565
8292238333.33,-42.8100813127145
8297236666.67,-42.693380186726216
8302235000.0,-42.599935879263654
8307233333.33,-42.54758722021424
8312231666.67,-42.53625148191005
8317230000.0,-42.513618477735804
8322228333.33,-42.54605502206019
8327226666.67,-42.67205511857505
8332225000.0,-42.66994815757077
8337223333.33,-42.69623706588287
8342221666.67,-42.665322756311824
8347220000.0,-42.73733360052078
8352218333.33,-42.68897497281719
8357216666.67,-42.584211608124306
8362215000.0,-42.560961508357956
8367213333.33,-42.384224745524854
8372211666.67,-42.17664630280423
8377210000.0,-41.95644730606024
8382208333.33,-41.89268374572891
8387206666.67,-41.66436885165896
8392205000.0,-41.65715925776528
8397203333.33,-41.67465048742671
8402201666.67,-41.60629681483037
8407200000.0,-41.67130836492425
8412198333.33,-41.645640753254824
8417196666.67,-41.7948218185567
8422195000.0,-41.79526801405938
8427193333.33,-41.83836174342753
8432191666.67,-41.92709485770219
8437190000.0,-41.974428487900525
8442188333.33,-41.932728832715185
8447186666.67,-41.82714634073775
8452185000.0,-41.769426539023804
8457183333.33,-41.63978402193017
8462181666.67,-41.511580863364124
8467180000.0,-41.40614666739438
8472178333.33,-41.22596337569298
8477176666.67,-41.06777133191776
8482175000.0,-41.04914270163745
8487173333.33,-40.97914848404124
8492171666.67,-41.11304029141354
8497170000.0,-41.13743154523108
8502168333.33,-41.09262052639635
8507166666.67,-41.218037503467485
8512165000.0,-41.2143773752349
8517163333.33,-41.14443530758873
8522161666.67,-41.27330794186767
8527160000.0,-41.143992684122914
8532158333.33,-41.06099064792319
8537156666.67,-40.94962203587451
8542155000.0,-40.97283837129523
8547153333.33,-40.77256834807896
8552151666.67,-40.63030813840364
8557150000.0,-40.462114924650464
8562148333.33,-40.411569532466316
8567146666.67,-40.29787070993496
8572145000.0,-40.21656488609626
8577143333.33,-40.210364450423924
8582141666.67,-40.20371228780907
8587140000.0,-40.319743975511074
8592138333.33,-40.34115739692048
8597136666.67,-40.347224828687246
8602135000.0,-40.2171285562699
8607133333.33,-40.236227476214026
8612131666.67,-40.11341664607721
8617130000.0,-39.94832310395647
8622128333.33,-39.87873570511961
8627126666.67,-39.72235449504427
8632125000.0,-39.54891014615596
8637123333.33,-39.45134643893071
8642121666.67,-39.382875028255164
8647120000.0,-39.18242602056985
8652118333.33,-39.186288381098365
8657116666.67,-39.26663816811472
8662115000.0,-39.311647869902444
8667113333.33,-39.34518553165302
8672111666.67,-39.60815785042473
8677110000.0,-39.76092863681126
8682108333.33,-39.902510588909
8687106666.67,-40.10170517497029
8692105000.0,-40.17057677865562
8697103333.33,-40.261989876561145
8702101666.67,-40.2078434344959
8707100000.0,-40.10475649913582
8712098333.33,-40.04039845565424
8717096666.67,-39.946009987245404
8722095000.0,-39.76122969901394
8727093333.33,-39.68372101211186
8732091666.67,-39.48278078184445
8737090000.0,-39.3897508806524
8742088333.33,-39.18785766052329
8747086666.67,-39.19813955490825
8752085000.0,-39.18020174517946
8757083333.33,-39.31868500721203
8762081666.67,-39.50398835666115
8767080000.0,-39.59010310548358
8772078333.33,-39.72902512358174
8777076666.67,-39.98152861211807
8782075000.0,-40.07175708396821
8787073333.33,-40.246210755958394
8792071666.67,-40.2389610924824
8797070000.0,-40.2297618983114
8802068333.33,-40.26479340143549
8807066666.67,-40.25084256766477
8812065000.0,-40.17579043252156
8817063333.33,-40.23217364051213
8822061666.67,-40.19076306658761
8827060000.0,-40.23312441896478
8832058333.33,-40.09284346197858
8837056666.67,-40.10940636825359
8842055000.0,-40.19794164271587
8847053333.33,-40.25841992632902
8852051666.67,-40.41868438401387
8857050000.0,-40.5595842827167
8862048333.33,-40.71924422006696
8867046666.67,-40.835819937315605
8872045000.0,-40.9952033325324
8877043333.33,-41.09628221689458
8882041666.67,-41.16768445938171
8887040000.0,-41.173274151282044
8892038333.33,-41.18717990583231
8897036666.67,-41.23910818825558
8902035000.0,-41.154030746060606
8907033333.33,-41.17449022667958
8912031666.67,-41.136727496121324
8917030000.0,-41.261720684186855
8922028333.33,-41.27546663474851
8927026666.67,-41.39136445897999
8932025000.0,-41.41624382232421
8937023333.33,-41.455530142224426
8942021666.67,-41.530896408606345
8947020000.0,-41.75105404860464
8952018333.33,-41.85484125498359
8957016666.67,-42.02349231698023
8962015000.0,-42.15116249312536
8967013333.33,-42.18381562027023
8972011666.67,-42.285512823407245
8977010000.0,-42.24978821697262
8982008333.33,-42.33094765081056
8987006666.67,-42.29075696072358
8992005000.0,-42.37455397373936
8997003333.33,-42.4809106679417
9002001666.67,-42.48783531313862
9007000000.0,-42.58123344650187
9011998333.33,-42.723819076235536
9016996666.67,-42.873345004678725
9021995000.0,-42.93363257405103
9026993333.33,-43.10765845080165
9031991666.67,-43.08988886676442
9036990000.0,-43.27161015331727
9041988333.33,-43.2643150498646
9046986666.67,-43.30071638056118
9051985000.0,-43.3698173296941
9056983333.33,-43.34629258548485
9061981666.67,-43.29880640837481
9066980000.0,-43.24084490668622
9071978333.33,-43.13753574197086
9076976666.67,-43.28614163603688
9081975000.0,-43.259194056032044
9086973333.33,-43.23559543647822
9091971666.67,-43.394501908969126
9096970000.0,-43.561220748144045
9101968333.33,-43.67741942688017
9106966666.67,-43.830708911607104
9111965000.0,-44.02240219852149
9116963333.33,-44.29155225738835
9121961666.67,-44.4490893612413
9126960000.0,-44.615492706935306
9131958333.33,-44.79114845628398
9136956666.67,-44.82075380321304
9141955000.0,-44.995275796928226
9146953333.33,-45.20110143663583
9151951666.67,-45.27794851981472
9156950000.0,-45.406703895433374
9161948333.33,-45.33392912694176
9166946666.67,-45.30511926235779
9171945000.0,-45.40763279714025
9176943333.33,-45.48897317085082
9181941666.67,-45.53422732712061
9186940000.0,-45.67114561744434
9191938333.33,-45.88804745935736
9196936666.67,-46.03211876951044
9201935000.0,-46.124863718308085
9206933333.33,-46.25218160780896
9211931666.67,-46.26633943578092
9216930000.0,-46.31956514052515
9221928333.33,-46.38781299111294
9226926666.67,-46.42508334823545
9231925000.0,-46.545475417928
9236923333.33,-46.54821095495032
9241921666.67,-46.5997573350665
9246920000.0,-46.62024164019569
9251918333.33,-46.62013881317591
9256916666.67,-46.64076402506932
9261915000.0,-46.68649833380389
9266913333.33,-46.654095010950876
9271911666.67,-46.84784393595234
9276910000.0,-46.951749314317595
9281908333.33,-46.94556801719418
9286906666.67,-47.15290069004774
9291905000.0,-47.15004885874532
9296903333.33,-47.271394155147334
9301901666.67,-47.24877790015705
9306900000.0,-47.18740923763713
9311898333.33,-47.28812362108731
9316896666.67,-47.25015151172428
9321895000.0,-46.98222498507442
9326893333.33,-47.1250175931906
9331891666.67,-47.05449519592364
9336890000.0,-47.038467123213564
9341888333.33,-47.02504063064016
9346886666.67,-47.07995217562815
9351885000.0,-47.02662842262603
9356883333.33,-47.113335484108696
9361881666.67,-47.22237684524997
9366880000.0,-47.40680944511294
9371878333.33,-47.567290600912685
9376876666.67,-47.811711306940964
9381875000.0,-47.858798339174314
9386873333.33,-48.085594233882
9391871666.67,-48.11010047093873
9396870000.0,-47.99259887054583
9401868333.33,-48.16146735170436
9406866666.67,-48.08311969259208
9411865000.0,-48.09446243418079
9416863333.33,-48.1702319620383
9421861666.67,-48.118091496705944
9426860000.0,-48.27885581175528
9431858333.33,-48.23232822107302
9436856666.67,-48.39818391215667
9441855000.0,-48.507256402895116
9446853333.33,-48.90458135547928
9451851666.67,-48.83876028212604
9456850000.0,-49.11801341376418
9461848333.33,-49.373255309231496
9466846666.67,-49.413248258034685
9471845000.0,-49.4874527837826
9476843333.33,-49.707324849766074
9481841666.67,-49.581524693895034
9486840000.0,-49.799804580998675
9491838333.33,-49.71498648310306
9496836666.67,-49.48259877056593
9501835000.0,-49.53148871720317
9506833333.33,-49.61237555074873
9511831666.67,-49.421687110055
9516830000.0,-49.408031631337295
9521828333.33,-49.41238081156222
9526826666.67,-49.60826454380629
9531825000.0,-49.62022624020683
9536823333.33,-49.491048816082255
9541821666.67,-49.87418085895858
9546820000.0,-49.91638755819126
9551818333.33,-49.92023004070762
9556816666.67,-50.15679691393327
9561815000.0,-50.33386626459128
9566813333.33,-50.31169317459805
9571811666.67,-50.63078366433111
9576810000.0,-50.16075118494399
9581808333.33,-49.952715576792414
9586806666.67,-49.9379684020374
9591805000.0,-49.81720170130125
9596803333.33,-49.798653329031424
9601801666.67,-49.70707955736374
9606800000.0,-49.83098852821466
9611798333.33,-49.838407775843635
9616796666.67,-49.91732075697814
9621795000.0,-50.09215128166424
9626793333.33,-50.328913064508065
9631791666.67,-50.45666263158209
9636790000.0,-50.355729823119816
9641788333.33,-50.61630212873959
9646786666.67,-50.679714923087545
9651785000.0,-50.698570428376016
9656783333.33,-50.87437806448206
9661781666.67,-50.65672843814611
9666780000.0,-50.68946727672418
9671778333.33,-50.59208999460633
9676776666.67,-50.59272917214605
9681775000.0,-50.45087497357545
9686773333.33,-50.34244341228593
9691771666.67,-50.540917507727805
9696770000.0,-50.55872654687113
9701768333.33,-50.715756211636446
9706766666.67,-50.94371449951707
9711765000.0,-51.00120268249232
9716763333.33,-51.3918623685243
9721761666.67,-51.54696169886204
9726760000.0,-51.7320117023869
9731758333.33,-51.54239914613739
9736756666.67,-51.75834419965859
9741755000.0,-51.85241395826891
9746753333.33,-51.98141920402959
9751751666.67,-52.04627217701126
9756750000.0,-52.01952969168319
9761748333.33,-51.88882182706042
9766746666.67,-51.77380632903084
9771745000.0,-51.70679674132994
9776743333.33,-51.38586400179982
9781741666.67,-51.97846170300281
9786740000.0,-51.86808343869279
9791738333.33,-51.79260884855499
9796736666.67,-52.00446546522991
9801735000.0,-51.99733765264567
9806733333.33,-52.081338781460246
9811731666.67,-52.51881403798769
9816730000.0,-52.58442947060441
9821728333.33,-52.8389330889856
9826726666.67,-52.79663745828166
9831725000.0,-52.78514964305199
9836723333.33,-53.15743111612114
9841721666.67,-52.80734606077154
9846720000.0,-52.680629029473735
9851718333.33,-52.77318376337376
9856716666.67,-52.83921579308044
9861715000.0,-52.6314938137793
9866713333.33,-52.44457525195184
9871711666.67,-52.70615915132551
9876710000.0,-52.67991965777195
9881708333.33,-52.70670253756653
9886706666.67,-52.709502563623616
9891705000.0,-53.20179804796047
9896703333.33,-53.169094156719964
9901701666.67,-53.44477083960725
9906700000.0,-53.38366712967782
9911698333.33,-53.642254920134505
9916696666.67,-53.52955549051475
9921695000.0,-53.79367893794375
9926693333.33,-53.58663423097809
9931691666.67,-53.46647242651236
9936690000.0,-53.59440064407697
9941688333.33,-53.3322532351933
9946686666.67,-53.341004573256676
9951685000.0,-53.64051352037048
9956683333.33,-53.484180519342374
9961681666.67,-53.57886541197455
9966680000.0,-53.42559637514641
9971678333.33,-53.95370694684284
9976676666.67,-53.895720835635274
9981675000.0,-54.112366633040025
9986673333.33,-54.353135632427616
9991671666.67,-54.23778649185091
9996670000.0,-54.04215999330434
10001668333.3,-54.36302650443337
10006666666.7,-54.18176378181508
10011665000.0,-54.403368541311266
10016663333.3,-53.97813359107871
10021661666.7,-54.20312079660199
10026660000.0,-54.223141865991096
10031658333.3,-54.19530679045883
10036656666.7,-54.15320795673411
10041655000.0,-54.421526283731566
10046653333.3,-54.385242185123595
10051651666.7,-54.39488063717961
10056650000.0,-54.80288187856314
10061648333.3,-54.742143580694574
10066646666.7,-54.92289049126995
10071645000.0,-54.90084689859649
10076643333.3,-54.78338396686071
10081641666.7,-54.75632799251991
10086640000.0,-54.94280887122437
10091638333.3,-55.00049790134082
10096636666.7,-55.18361245624029
10101635000.0,-55.04868923507307
10106633333.3,-55.19811985436349
10111631666.7,-55.033217303201205
10116630000.0,-54.969723274761755
10121628333.3,-55.38691083540235
10126626666.7,-55.313974904167
10131625000.0,-55.097434229598804
10136623333.3,-55.3807699058978
10141621666.7,-55.33852666693562
10146620000.0,-55.50390908229897
10151618333.3,-56.18211934811012
10156616666.7,-55.81639813759692
10161615000.0,-55.930353422267636
10166613333.3,-56.100103667547614
10171611666.7,-56.17889921154874
10176610000.0,-56.39954414989164
10181608333.3,-55.89728493102673
10186606666.7,-55.96105181057552
10191605000.0,-56.191803903875844
10196603333.3,-56.17577419921933
10201601666.7,-55.77658600191122
10206600000.0,-55.7413580550383
10211598333.3,-56.09350880946227
10216596666.7,-56.11238076921293
10221595000.0,-55.79438185519478
10226593333.3,-55.88920663623563
10231591666.7,-55.63713396574299
10236590000.0,-55.77286587979196
10241588333.3,-56.41470656480321
10246586666.7,-56.14126237377925
10251585000.0,-56.052609621038094
10256583333.3,-56.10960119227996
10261581666.7,-56.17275604478568
10266580000.0,-56.291644939385115
10271578333.3,-56.41757107580456
10276576666.7,-56.319257573029866
10281575000.0,-56.47088347460051
10286573333.3,-56.090443668463195
10291571666.7,-56.08545880301485
10296570000.0,-56.12467274259494
10301568333.3,-56.2784607268809
10306566666.7,-56.06018709530528
10311565000.0,-56.68751864836965
10316563333.3,-56.33043039001278
10321561666.7,-56.850107285287336
10326560000.0,-56.70402859070076
10331558333.3,-56.76367279006834
10336556666.7,-56.83784080602894
10341555000.0,-56.81648914821875
10346553333.3,-56.69192089228357
10351551666.7,-56.683629411501826
10356550000.0,-57.14266843804108
10361548333.3,-56.933680304202966
10366546666.7,-56.73706733966705
10371545000.0,-56.72146403677054
10376543333.3,-56.61919631006549
10381541666.7,-56.47316528562819
10386540000.0,-56.674192611836524
10391538333.3,-56.80853594050579
10396536666.7,-56.76864989776735
10401535000.0,-56.87856064007604
10406533333.3,-57.04302836632567
10411531666.7,-57.240060974177865
10416530000.0,-57.30241623370527
10421528333.3,-57.467642259964094
10426526666.7,-56.96517920337157
10431525000.0,-57.243260733181216
10436523333.3,-57.28628607269759
10441521666.7,-56.85357696119921
10446520000.0,-57.63263871361932
10451518333.3,-56.9688377658364
10456516666.7,-57.21574372483203
10461515000.0,-57.44960884490955
10466513333.3,-57.533195302084394
10471511666.7,-56.96387340867774
10476510000.0,-56.90290353941863
10481508333.3,-57.73383820835836
10486506666.7,-57.556642190640105
10491505000.0,-57.60044788717628
10496503333.3,-57.60984946617741
10501501666.7,-57.90618354587751
10506500000.0,-58.053758583894876
10511498333.3,-57.63889631624305
10516496666.7,-58.01917062840499
10521495000.0,-58.684240779915
10526493333.3,-58.03563219540984
10531491666.7,-57.53520424329924
10536490000.0,-57.80551079713896
10541488333.3,-57.41758385939371
10546486666.7,-57.5568678719483
10551485000.0,-57.913691050387285
10556483333.3,-57.69795115852151
10561481666.7,-57.40761843278611
10566480000.0,-57.432797272762826
10571478333.3,-57.43397068785991
10576476666.7,-58.22055837660593
10581475000.0,-58.13911580725008
10586473333.3,-58.31532093514763
10591471666.7,-58.15605958301659
10596470000.0,-58.26592027598748
10601468333.3,-58.64142820303624
10606466666.7,-58.42340792362566
10611465000.0,-58.53740800997602
10616463333.3,-58.27129593992194
10621461666.7,-58.3695160773588
10626460000.0,-58.08719107819806
10631458333.3,-58.4708657209101
10636456666.7,-58.156529832178705
10641455000.0,-57.837497310296015
10646453333.3,-57.95387577440529
10651451666.7,-58.00708632049468
10656450000.0,-58.13701202304013
10661448333.3,-58.63242840579395
10666446666.7,-58.56134804951977
10671445000.0,-58.956155586874885
10676443333.3,-58.85366638905651
10681441666.7,-58.7945127919662
10686440000.0,-58.764590479686774
10691438333.3,-58.766013927338385
10696436666.7,-59.240142088651844
10701435000.0,-58.520585031322426
10706433333.3,-58.17569769082253
10711431666.7,-58.83406734037195
10716430000.0,-58.56973733856138
10721428333.3,-58.403684665649095
10726426666.7,-58.19697262991133
10731425000.0,-58.331955964792
10736423333.3,-58.70600450010096
10741421666.7,-58.22646719072075
10746420000.0,-58.83373621904504
10751418333.3,-59.343756135405606
10756416666.7,-58.76411544163218
10761415000.0,-59.178718673445296
10766413333.3,-59.038630947802645
10771411666.7,-59.8434978358054
10776410000.0,-59.250394350692105
10781408333.3,-59.36664998378962
10786406666.7,-59.31021896056508
10791405000.0,-59.404720145971254
10796403333.3,-59.23718291968206
10801401666.7,-59.54362078898999
10806400000.0,-59.44994468200192
10811398333.3,-59.15562398077385
10816396666.7,-59.05170876156494
10821395000.0,-59.02735861793119
10826393333.3,-59.30470110820317
10831391666.7,-59.52851902723732
10836390000.0,-59.634946527704045
10841388333.3,-59.90589760652624
10846386666.7,-59.76381921967533
10851385000.0,-60.27310503129847
10856383333.3,-60.326482745191264
10861381666.7,-60.20147769924542
10866380000.0,-60.00900371625092
10871378333.3,-60.33276529013137
10876376666.7,-60.36691978026767
10881375000.0,-60.982194678940935
10886373333.3,-59.80041774502186
10891371666.7,-59.779671993519095
10896370000.0,-60.23442475387085
10901368333.3,-60.30266512105246
10906366666.7,-59.95456886677449
10911365000.0,-60.10037640007398
10916363333.3,-60.40985263391018
10921361666.7,-60.03948400688177
10926360000.0,-60.257544765620466
10931358333.3,-59.982983049469425
10936356666.7,-60.644962862779906
10941355000.0,-60.39945318468942
10946353333.3,-60.53747810105578
10951351666.7,-60.2999462043762
10956350000.0,-60.31055176893092
10961348333.3,-60.15147675152609
10966346666.7,-59.923745711078666
10971345000.0,-59.843817234758596
10976343333.3,-59.771390858206445
10981341666.7,-59.46448097064461
10986340000.0,-60.20350364144481
10991338333.3,-59.89496286153863
10996336666.7,-59.837755038676086
11001335000.0,-59.48760757051772
11006333333.3,-60.0499170991494
11011331666.7,-59.50898079900769
11016330000.0,-60.62763448514387
11021328333.3,-60.27928079713932
11026326666.7,-60.522839983033194
11031325000.0,-59.9749897035673
11036323333.3,-59.950473663414215
11041321666.7,-59.8067666119961
11046320000.0,-60.5894419749127
11051318333.3,-60.764510734661954
11056316666.7,-60.2503657467303
11061315000.0,-60.575168009938125
11066313333.3,-60.4705503634588
11071311666.7,-60.152921325164584
11076310000.0,-60.56269451996663
11081308333.3,-60.24318053258001
11086306666.7,-60.704295056522284
11091305000.0,-60.79285208162227
11096303333.3,-60.570873944424086
11101301666.7,-60.74714182827806
11106300000.0,-61.671327040762655
11111298333.3,-61.00544380638016
11116296666.7,-60.7209600822614
11121295000.0,-61.194223768476405
11126293333.3,-61.460202871739
11131291666.7,-61.04912927757309
11136290000.0,-60.687690431648385
11141288333.3,-61.31413790512444
11146286666.7,-61.14896704057407
11151285000.0,-60.67015186868409
11156283333.3,-60.537477905866254
11161281666.7,-60.79143354468351
11166280000.0,-60.32234592160251
11171278333.3,-60.68994484994539
11176276666.7,-60.74601394585205
11181275000.0,-60.88399424582165
11186273333.3,-60.79693621265417
11191271666.7,-61.1902726764187
11196270000.0,-61.01054018721965
11201268333.3,-61.764117585204126
11206266666.7,-61.709766012529876
11211265000.0,-61.71359354900162
11216263333.3,-61.220286463199194
11221261666.7,-61.43213931322535
11226260000.0,-61.34633687102124
11231258333.3,-60.63522741838348
11236256666.7,-61.36399465218494
11241255000.0,-61.33607481977823
11246253333.3,-60.72053588506834
11251251666.7,-60.72724304842688
11256250000.0,-60.52673750715515
11261248333.3,-60.429554337110275
11266246666.7,-60.236481692216515
11271245000.0,-60.96834361839412
11276243333.3,-60.43254730257266
11281241666.7,-60.609392233848254
11286240000.0,-60.53652543202004
11291238333.3,-60.64108259759713
11296236666.7,-60.685961254824306
11301235000.0,-60.52716314166677
11306233333.3,-60.51945307996003
11311231666.7,-60.725586085675765
11316230000.0,-60.7511273091403
11321228333.3,-60.69382797878721
11326226666.7,-60.51494853658219
11331225000.0,-61.514462024548486
11336223333.3,-60.58159172192978
11341221666.7,-60.557262146536495
11346220000.0,-60.48433074301529
11351218333.3,-60.85210658450387
11356216666.7,-61.011921947008375
11361215000.0,-61.488732882849945
11366213333.3,-61.919376770867416
11371211666.7,-61.52613664712288
11376210000.0,-60.83014134886527
11381208333.3,-61.65329176860766
11386206666.7,-61.260446284960906
11391205000.0,-61.4954559958344
11396203333.3,-61.22926479399139
11401201666.7,-60.95423025350148
11406200000.0,-61.25615717258501
11411198333.3,-60.24855296156212
11416196666.7,-61.139202540046654
11421195000.0,-60.373487925334715
11426193333.3,-61.09953365619687
11431191666.7,-61.30082760943019
11436190000.0,-61.35624988972567
11441188333.3,-61.524245906518786
11446186666.7,-61.435130580177166
11451185000.0,-60.95739860199836
11456183333.3,-61.232320904254024
11461181666.7,-61.83283142878096
11466180000.0,-61.5833777982112
11471178333.3,-61.55354569449558
11476176666.7,-61.31056317753603
11481175000.0,-61.772963812941946
11486173333.3,-61.14598849378289
11491171666.7,-60.77507760211276
11496170000.0,-61.087607264779066
11501168333.3,-60.5975051604626
11506166666.7,-60.40090911229352
11511165000.0,-61.05096836033763
11516163333.3,-61.00825607961938
11521161666.7,-60.96364024102188
11526160000.0,-61.038386067408396
11531158333.3,-60.78246549075427
11536156666.7,-61.056828806413925
11541155000.0,-61.223560024376795
11546153333.3,-61.86804105991677
11551151666.7,-61.10970489779444
11556150000.0,-60.94186598956413
11561148333.3,-61.0935277972256
11566146666.7,-61.02935620998611
11571145000.0,-61.04331027874571
11576143333.3,-60.759472391768284
11581141666.7,-61.10310325806161
11586140000.0,-60.74601907564684
11591138333.3,-60.43999464352175
11596136666.7,-60.85003714267909
11601135000.0,-60.475914899241374
11606133333.3,-60.85150837379295
11611131666.7,-61.13159677001609
11616130000.0,-61.232514378358196
11621128333.3,-60.736116860769165
11626126666.7,-61.995391242786305
11631125000.0,-61.30521487911884
11636123333.3,-61.02468762988215
11641121666.7,-61.69902689038473
11646120000.0,-61.702145598843366
11651118333.3,-61.13164148548735
11656116666.7,-61.349692545286025
11661115000.0,-60.361843245701685
11666113333.3,-61.25718686744797
11671111666.7,-61.17843075234488
11676110000.0,-60.85189665449513
11681108333.3,-61.04348732321472
11686106666.7,-60.889330724289835
11691105000.0,-60.738307271053856
11696103333.3,-61.20065641495329
11701101666.7,-60.54679366912961
11706100000.0,-61.265058545010326
11711098333.3,-61.31607254891627
11716096666.7,-61.64735981661248
11721095000.0,-61.25059771380458
11726093333.3,-61.095777868622946
11731091666.7,-61.39466577729006
11736090000.0,-60.550190837599814
11741088333.3,-61.16953294917849
11746086666.7,-60.62625765783453
11751085000.0,-60.60053763717175
11756083333.3,-60.62807494317519
11761081666.7,-60.31698037464387
11766080000.0,-60.47932958109567
11771078333.3,-61.369092420497694
11776076666.7,-61.59744730575863
11781075000.0,-61.13034099059621
11786073333.3,-61.518025801911385
11791071666.7,-61.49461513230679
11796070000.0,-61.09717341405919
11801068333.3,-60.79083524883353
11806066666.7,-61.22661784583008
11811065000.0,-61.58981449958052
11816063333.3,-61.2333061944101
11821061666.7,-60.833100490160334
11826060000.0,-61.56334903607948
11831058333.3,-61.76363657699504
11836056666.7,-62.09556818497218
11841055000.0,-60.936526104067354
11846053333.3,-61.63520379893134
11851051666.7,-61.124999559546836
11856050000.0,-61.5542634983981
11861048333.3,-61.53984904574425
11866046666.7,-61.61061854139603
11871045000.0,-61.44513353064763
11876043333.3,-61.22572603158618
11881041666.7,-62.00573933604062
11886040000.0,-61.68170856012635
11891038333.3,-61.98093635710733
11896036666.7,-60.89876131471071
11901035000.0,-62.078769666491624
11906033333.3,-61.87095101983944
11911031666.7,-61.351678921807334
11916030000.0,-61.82537554051283
11921028333.3,-62.009666859285126
11926026666.7,-61.19518293149871
11931025000.0,-61.87111177674285
11936023333.3,-61.69910518755488
11941021666.7,-60.986460531139635
11946020000.0,-61.68712468449047
11951018333.3,-61.95747628181202
11956016666.7,-62.03039151704466
11961015000.0,-62.057892738983604
11966013333.3,-62.11386588149374
11971011666.7,-61.683271855199926
11976010000.0,-61.35403704585259
11981008333.3,-61.499800054941545
11986006666.7,-61.17769663787391
11991005000.0,-62.19465740460433
11996003333.3,-61.46637704271407
12001001666.7,-61.37324477830368
12006000000.0,-60.81708632014136
12010998333.3,-60.12873454183541
12015996666.7,-60.810617747674456
12020995000.0,-60.780404732485316
12025993333.3,-60.30453689952475
12030991666.7,-60.6709655991466
12035990000.0,-60.511281764140875
12040988333.3,-60.13976672702054
12045986666.7,-61.24807737302534
12050985000.0,-60.45122537043844
12055983333.3,-61.8147173025372
12060981666.7,-61.16891907450813
12065980000.0,-61.259430597845196
12070978333.3,-61.04694320220261
12075976666.7,-61.27100285656624
12080975000.0,-61.06392708786395
12085973333.3,-59.87825738438553
12090971666.7,-60.87065893525107
12095970000.0,-60.87025496229522
12100968333.3,-60.638336809642226
12105966666.7,-60.331563976583155
12110965000.0,-59.67883346549925
12115963333.3,-60.27538423439334
12120961666.7,-59.711806359944916
12125960000.0,-60.263775548689026
12130958333.3,-59.95212433743359
12135956666.7,-60.5008998377795
12140955000.0,-60.838652894068794
12145953333.3,-61.581689588702744
12150951666.7,-61.08400509204445
12155950000.0,-61.04876993395646
12160948333.3,-61.47856063249662
12165946666.7,-60.99227886317102
12170945000.0,-60.956807484436695
12175943333.3,-60.95582309809128
12180941666.7,-60.90668097235593
12185940000.0,-60.21016595633756
12190938333.3,-61.35343231653951
12195936666.7,-60.762857086018315
12200935000.0,-61.12227401184052
12205933333.3,-60.146570896548184
12210931666.7,-60.57566231056146
12215930000.0,-61.163944447955615
12220928333.3,-61.468474431821356
12225926666.7,-61.094625244808
12230925000.0,-60.88002346983569
12235923333.3,-60.527656715162294
12240921666.7,-61.56240316052391
12245920000.0,-61.248528232271156
12250918333.3,-61.12654166049608
12255916666.7,-61.500420208218756
12260915000.0,-60.70632282990205
12265913333.3,-61.11197377422599
12270911666.7,-60.62851415450925
12275910000.0,-60.66752803299365
12280908333.3,-61.39399486774569
12285906666.7,-60.628983565132934
12290905000.0,-60.34489770694192
12295903333.3,-60.288735327285394
12300901666.7,-60.680156777184486
12305900000.0,-60.512961691404705
12310898333.3,-60.20358189625813
12315896666.7,-60.25459009002552
12320895000.0,-60.47603965316914
12325893333.3,-60.65939948340414
12330891666.7,-60.76671244784788
12335890000.0,-60.549499502265256
12340888333.3,-60.285147382349315
12345886666.7,-59.75969008519
12350885000.0,-60.55607955901412
12355883333.3,-59.563427683409564
12360881666.7,-59.58150490040971
12365880000.0,-60.00208310453903
12370878333.3,-59.555526601986
12375876666.7,-59.821559245051645
12380875000.0,-59.98270045107823
12385873333.3,-60.71536777000951
12390871666.7,-60.747228482939015
12395870000.0,-60.35541711732841
12400868333.3,-60.088029935981
12405866666.7,-60.4296350077842
12410865000.0,-61.248335083291174
12415863333.3,-61.11032492158411
12420861666.7,-61.03287589347637
12425860000.0,-61.32321020620206
12430858333.3,-61.06244952606406
12435856666.7,-61.116717460969596
12440855000.0,-60.10935655959598
12445853333.3,-61.01081747694054
12450851666.7,-60.48285119210681
12455850000.0,-60.9602755785427
12460848333.3,-60.638321364719175
12465846666.7,-60.76824120171302
12470845000.0,-60.238850754498536
12475843333.3,-61.06411905502931
12480841666.7,-60.832393430600995
12485840000.0,-60.909710153130334
12490838333.3,-61.310741414335524
12495836666.7,-61.18030233489619
12500835000.0,-60.87823525252353
12505833333.3,-61.36400846859373
12510831666.7,-61.36602644953734
12515830000.0,-61.063344988625346
12520828333.3,-61.388320374553594
12525826666.7,-61.42145679162844
12530825000.0,-61.92015598830598
12535823333.3,-61.10999896854065
12540821666.7,-61.3147253813859
12545820000.0,-61.29665779416544
12550818333.3,-60.64821801345313
12555816666.7,-60.85069482812366
12560815000.0,-61.10086596183035
12565813333.3,-61.12860511609849
12570811666.7,-61.07702188739501
12575810000.0,-61.29031782405919
12580808333.3,-60.84031667774694
12585806666.7,-61.10051155243032
12590805000.0,-61.223661878430306
12595803333.3,-60.787204643758756
12600801666.7,-61.299725394570615
12605800000.0,-61.226398467286145
12610798333.3,-60.94435815451254
12615796666.7,-61.04073798177073
12620795000.0,-60.576111298471595
12625793333.3,-60.59096277223297
12630791666.7,-60.581699200995914
12635790000.0,-61.16975591353857
12640788333.3,-60.23055580592802
12645786666.7,-60.419043544068884
12650785000.0,-61.29804081870827
12655783333.3,-60.85264770440841
12660781666.7,-61.50826380319239
12665780000.0,-61.82807599080904
12670778333.3,-61.22019005919014
12675776666.7,-61.15580541213956
12680775000.0,-61.394454159497755
12685773333.3,-60.778302688287354
12690771666.7,-61.06788965062334
12695770000.0,-61.51789003350257
12700768333.3,-61.05406322387178
12705766666.7,-60.91078199264778
12710765000.0,-60.91852617358478
12715763333.3,-60.36988988081489
12720761666.7,-61.05794933934491
12725760000.0,-61.55352457910975
12730758333.3,-61.2448021952994
12735756666.7,-61.4140041319004
12740755000.0,-61.45133459816746
12745753333.3,-61.44469947714992
12750751666.7,-61.815240273930456
12755750000.0,-61.30777418843088
12760748333.3,-60.898416571207534
12765746666.7,-61.07650620376645
12770745000.0,-60.79889332185892
12775743333.3,-61.46887625840872
12780741666.7,-61.36344264747777
12785740000.0,-60.83738101480673
12790738333.3,-60.95786237937154
12795736666.7,-61.55234007937498
12800735000.0,-62.20271099382103
12805733333.3,-60.918757622013764
12810731666.7,-61.44445917028675
12815730000.0,-61.3442861869939
12820728333.3,-61.48546955667306
12825726666.7,-61.016451448260824
12830725000.0,-61.35637900885292
12835723333.3,-62.19298468736638
12840721666.7,-60.86077683830241
12845720000.0,-61.72577940877248
12850718333.3,-62.4225627530458
12855716666.7,-61.55216187877451
12860715000.0,-61.71981200588662
12865713333.3,-61.15375857107957
12870711666.7,-61.660397554883716
12875710000.0,-60.83306795633233
12880708333.3,-60.91697999702863
12885706666.7,-61.26900553134859
12890705000.0,-61.313220848412
12895703333.3,-61.26373717275578
12900701666.7,-61.160967468361996
12905700000.0,-61.16265994435966
12910698333.3,-61.367799352971915
12915696666.7,-61.3541089332835
12920695000.0,-61.56366378080931
12925693333.3,-61.73949089790932
12930691666.7,-62.010676406338405
12935690000.0,-61.30546238461663
12940688333.3,-61.964298801374696
12945686666.7,-62.06078106223552
12950685000.0,-60.94611034066962
12955683333.3,-60.77695605470425
12960681666.7,-61.357264664986445
12965680000.0,-61.33019982791539
12970678333.3,-61.23571489525504
12975676666.7,-61.320324434378115
12980675000.0,-60.841715370202806
12985673333.3,-61.96203569809103
12990671666.7,-61.3256179935036
12995670000.0,-61.895027020048246
13000668333.3,-61.31727390296642
13005666666.7,-61.98961973869747
13010665000.0,-61.7933036718386
13015663333.3,-61.7904894302131
13020661666.7,-61.04444403397074
13025660000.0,-61.62736768220504
13030658333.3,-61.54812941878496
13035656666.7,-61.3185140609273
13040655000.0,-60.98088048432344
13045653333.3,-60.96151659614065
13050651666.7,-61.10723007919642
13055650000.0,-61.16804238856437
13060648333.3,-60.944598977372884
13065646666.7,-60.725768244357916
13070645000.0,-60.35109760808033
13075643333.3,-60.64214098105822
13080641666.7,-60.84331945076667
13085640000.0,-60.53292589409157
13090638333.3,-60.6831173302466
13095636666.7,-61.30774904483343
13100635000.0,-60.71991608129912
13105633333.3,-60.72678296614255
13110631666.7,-61.29739070775197
13115630000.0,-60.57078220666249
13120628333.3,-61.3721446632411
13125626666.7,-61.62575695172074
13130625000.0,-61.46395358480129
13135623333.3,-61.01731464557906
13140621666.7,-61.08937557088976
13145620000.0,-60.87637723895594
13150618333.3,-60.8243865449985
13155616666.7,-60.50904646702607
13160615000.0,-61.13694736080427
13165613333.3,-60.57692257030709
13170611666.7,-60.8727835952181
13175610000.0,-61.00298348552898
13180608333.3,-61.272411241240114
13185606666.7,-61.31894481841176
13190605000.0,-60.76657848319428
13195603333.3,-61.343640469343974
13200601666.7,-60.57130191818735
13205600000.0,-60.77653089754151
13210598333.3,-61.33277951345826
13215596666.7,-60.83279484248464
13220595000.0,-60.83948211716843
13225593333.3,-60.656755348210154
13230591666.7,-60.94733226176882
13235590000.0,-61.98037787835105
13240588333.3,-60.748280405772235
13245586666.7,-60.81089055593565
13250585000.0,-60.899450783875736
13255583333.3,-61.31690392510124
13260581666.7,-60.830641776473364
13265580000.0,-61.13316553404563
13270578333.3,-61.181125236351555
13275576666.7,-61.58854934030014
13280575000.0,-61.14527159953914
13285573333.3,-61.12604676155024
13290571666.7,-60.73572832873887
13295570000.0,-61.207061086915466
13300568333.3,-61.54482279318814
13305566666.7,-60.852724697493855
13310565000.0,-61.366695536073664
13315563333.3,-60.65543632063431
13320561666.7,-61.33403831281405
13325560000.0,-60.68776759766262
13330558333.3,-61.30482640545776
13335556666.7,-60.864539033034646
13340555000.0,-61.085140395638994
13345553333.3,-60.820665229348734
13350551666.7,-60.45457131008904
13355550000.0,-61.65216171617018
13360548333.3,-61.64820353737831
13365546666.7,-61.022217567744676
13370545000.0,-60.470047186258356
13375543333.3,-60.287611781894825
13380541666.7,-61.18472836923437
13385540000.0,-60.37820421549792
13390538333.3,-60.0100596445393
13395536666.7,-60.60723462591514
13400535000.0,-60.72781405450157
13405533333.3,-61.05224247025201
13410531666.7,-60.85181126375267
13415530000.0,-60.40586686121677
13420528333.3,-60.84061117818606
13425526666.7,-60.50017039335894
13430525000.0,-61.10087097247547
13435523333.3,-61.41651804861196
13440521666.7,-61.35372587072878
13445520000.0,-61.64229802300372
13450518333.3,-61.12619725478361
13455516666.7,-61.15160724151862
13460515000.0,-60.538657069605264
13465513333.3,-61.28712760599666
13470511666.7,-61.60955411505447
13475510000.0,-60.65471328009876
13480508333.3,-61.317181512633994
13485506666.7,-61.405503229492695
13490505000.0,-60.98870792743379
13495503333.3,-60.66855464949428
13500501666.7,-60.88598330804803
13505500000.0,-60.91388299179373
13510498333.3,-60.92807285571534
13515496666.7,-60.771439350559774
13520495000.0,-61.215402799533365
13525493333.3,-61.37964007215025
13530491666.7,-61.56557252851371
13535490000.0,-61.19529829424305
13540488333.3,-61.47350809586189
13545486666.7,-61.135652321413275
13550485000.0,-62.042474220378125
13555483333.3,-61.39226593709878
13560481666.7,-62.114504484494766
13565480000.0,-61.59989722554243
13570478333.3,-61.44045737667191
13575476666.7,-61.55552306097145
13580475000.0,-61.922079553909185
13585473333.3,-61.25995171105795
13590471666.7,-61.81049345880581
13595470000.0,-61.622706716413745
13600468333.3,-61.804798219284784
13605466666.7,-62.6567513400844
13610465000.0,-61.8776092571766
13615463333.3,-61.92784525965208
13620461666.7,-61.93443419807188
13625460000.0,-62.58715582915262
13630458333.3,-62.456052991498794
13635456666.7,-61.96587415880515
13640455000.0,-61.81989385709812
13645453333.3,-61.30410940397019
13650451666.7,-61.34431866440393
13655450000.0,-61.98668146459005
13660448333.3,-60.675023473345284
13665446666.7,-61.188783037306884
13670445000.0,-61.09600040708059
13675443333.3,-61.49712586758
13680441666.7,-61.365352081724296
13685440000.0,-61.56451400562342
13690438333.3,-61.60640941002881
13695436666.7,-61.13698441275558
13700435000.0,-61.89436482455696
13705433333.3,-61.433881441971856
13710431666.7,-61.42292676613191
13715430000.0,-61.47037432534354
13720428333.3,-60.22122558766117
13725426666.7,-60.856333466189476
13730425000.0,-61.10299543259241
13735423333.3,-60.46793964444387
13740421666.7,-60.30027552286799
13745420000.0,-61.00715734030917
13750418333.3,-61.11081655460367
13755416666.7,-60.34025082933588
13760415000.0,-60.9438773743905
13765413333.3,-61.39199340529047
13770411666.7,-61.44942687066536
13775410000.0,-61.62242284619992
13780408333.3,-60.98054882893824
13785406666.7,-61.62143743545471
13790405000.0,-61.79227196203015
13795403333.3,-61.195281707060275
13800401666.7,-61.828599934435815
13805400000.0,-60.952108008022265
13810398333.3,-61.463681389718516
13815396666.7,-60.79256092004606
13820395000.0,-60.72362999407146
13825393333.3,-61.170065492375045
13830391666.7,-61.55169617619292
13835390000.0,-60.87201423582962
13840388333.3,-61.663076676384335
13845386666.7,-61.523631503608286
13850385000.0,-61.57207736740831
13855383333.3,-62.05210404270684
13860381666.7,-62.312072966208625
13865380000.0,-62.25904483024852
13870378333.3,-61.28169859441464
13875376666.7,-62.294934931912785
13880375000.0,-61.81622265315771
13885373333.3,-61.247268530845275
13890371666.7,-61.4181900976196
13895370000.0,-60.81371429056702
13900368333.3,-60.99703544400192
13905366666.7,-60.527138694633365
13910365000.0,-61.16692415024599
13915363333.3,-60.746193567711956
13920361666.7,-61.91567880912455
13925360000.0,-61.23854767817882
13930358333.3,-60.85435995929306
13935356666.7,-61.17001886664009
13940355000.0,-61.230624090677864
13945353333.3,-61.59427569437142
13950351666.7,-60.80110841439256
13955350000.0,-62.102293957210094
13960348333.3,-61.24322805135964
13965346666.7,-61.64211743106054
13970345000.0,-61.290437290864105
13975343333.3,-61.27112415091058
13980341666.7,-60.69316259134528
13985340000.0,-60.431635255648615
13990338333.3,-60.32019525954779
13995336666.7,-60.85272562251009
14000335000.0,-60.75326542692505
14005333333.3,-60.663113818410125
14010331666.7,-59.9853981307654
14015330000.0,-59.90161314231699
14020328333.3,-60.90508602082765
14025326666.7,-59.5647306683794
14030325000.0,-60.24851308206034
14035323333.3,-60.26082441140421
14040321666.7,-60.185496866955354
14045320000.0,-59.632947335739146
14050318333.3,-59.95490627538767
14055316666.7,-60.496150000778016
14060315000.0,-59.97760184192857
14065313333.3,-60.807361227203415
14070311666.7,-59.8441298186293
14075310000.0,-60.24174793116504
14080308333.3,-60.17674139997052
14085306666.7,-59.95825591846077
14090305000.0,-59.84392045303882
14095303333.3,-60.47197079346738
14100301666.7,-59.945123787625704
14105300000.0,-60.63854398749422
14110298333.3,-60.575752774815854
14115296666.7,-60.41006228245852
14120295000.0,-60.911747438893286
14125293333.3,-60.78063204307642
14130291666.7,-60.45740777476236
14135290000.0,-60.48556647173242
14140288333.3,-60.41524755406806
14145286666.7,-61.021033813423664
14150285000.0,-60.365551754393145
14155283333.3,-61.264432670542234
14160281666.7,-61.10497527467131
14165280000.0,-60.28062664309286
14170278333.3,-60.87095377411348
14175276666.7,-60.35408359869831
14180275000.0,-60.450424329134535
14185273333.3,-60.66274664016562
14190271666.7,-61.76915136156195
14195270000.0,-61.379699889825005
14200268333.3,-60.114968256175125
14205266666.7,-60.65763709487938
14210265000.0,-60.92035531540719
14215263333.3,-60.23552568590003
14220261666.7,-60.754013103921956
14225260000.0,-60.69023670299175
14230258333.3,-60.14477971616439
14235256666.7,-60.76914775970064
14240255000.0,-60.48421161313023
14245253333.3,-60.971671212366886
14250251666.7,-60.38990739886253
14255250000.0,-59.887345135361294
14260248333.3,-60.07709757120965
14265246666.7,-60.42424375750605
14270245000.0,-60.652245501178314
14275243333.3,-60.37922375236812
14280241666.7,-61.287187331524436
14285240000.0,-61.321584594241784
14290238333.3,-60.68239503544494
14295236666.7,-60.70715834289496
14300235000.0,-61.05248311990481
14305233333.3,-60.83917912320274
14310231666.7,-60.071766676410796
14315230000.0,-60.85289701582595
14320228333.3,-60.83568943699632
14325226666.7,-60.71633091372909
14330225000.0,-60.72605363171016
14335223333.3,-60.40188167021071
14340221666.7,-60.253647193058335
14345220000.0,-60.859328743457326
14350218333.3,-60.605245647328104
14355216666.7,-60.304424231524564
14360215000.0,-59.94019708113007
14365213333.3,-59.93521362591081
14370211666.7,-60.59143306284754
14375210000.0,-60.388920291323124
14380208333.3,-61.03518701396538
14385206666.7,-61.11079227465809
14390205000.0,-60.41081515107049
14395203333.3,-60.720130917091126
14400201666.7,-60.28362218543567
14405200000.0,-60.58579628599701
14410198333.3,-59.84989718928801
14415196666.7,-60.31540500257863
14420195000.0,-60.424665195658406
14425193333.3,-59.81833757388902
14430191666.7,-60.22487592865237
14435190000.0,-60.243588895714154
14440188333.3,-60.31148327118611
14445186666.7,-61.11264577295781
14450185000.0,-60.99513421635624
14455183333.3,-60.99393851841875
14460181666.7,-60.91769334892412
14465180000.0,-60.59136061111131
14470178333.3,-61.02121534376102
14475176666.7,-60.6435989261619
14480175000.0,-61.01463691931235
14485173333.3,-60.686301956291985
14490171666.7,-61.10069456030509
14495170000.0,-61.46097424935334
14500168333.3,-61.10697880968708
14505166666.7,-61.0299350323199
14510165000.0,-60.612589939565176
14515163333.3,-61.09490179710334
14520161666.7,-60.588505331879716
14525160000.0,-61.29012825376711
14530158333.3,-61.61057564204657
14535156666.7,-61.05052820174018
14540155000.0,-62.16273973070997
14545153333.3,-61.27699173515727
14550151666.7,-62.20029935995829
14555150000.0,-61.46548233472099
14560148333.3,-61.97518823578545
14565146666.7,-62.07583152729018
14570145000.0,-60.911220134967834
14575143333.3,-62.12350717933741
14580141666.7,-61.62675953676135
14585140000.0,-61.77634873530251
14590138333.3,-62.15040889441898
14595136666.7,-61.120452746709184
14600135000.0,-61.19825007102374
14605133333.3,-61.629785393166394
14610131666.7,-61.544654778344416
14615130000.0,-62.0036155847704
14620128333.3,-61.7812482169326
14625126666.7,-61.69743486035571
14630125000.0,-60.961262497360565
14635123333.3,-61.86427348950907
14640121666.7,-60.80261890077513
14645120000.0,-60.86210765228887
14650118333.3,-61.24843810131645
14655116666.7,-61.46431633989738
14660115000.0,-61.19480300327168
14665113333.3,-61.248497647112295
14670111666.7,-60.96097582571843
14675110000.0,-60.82258934589031
14680108333.3,-60.52129295379665
14685106666.7,-61.53591769672904
14690105000.0,-60.4531569592756
14695103333.3,-60.95376615395898
14700101666.7,-61.15709290191984
14705100000.0,-61.153165730704345
14710098333.3,-60.91801841532327
14715096666.7,-60.665420073244015
14720095000.0,-61.103979068159276
14725093333.3,-61.399877884930454
14730091666.7,-60.73295085268566
14735090000.0,-61.33343918781434
14740088333.3,-60.53170131590184
14745086666.7,-60.48949487332603
14750085000.0,-60.28369149108356
14755083333.3,-60.482139957756225
14760081666.7,-60.11463114290702
14765080000.0,-60.02642152941873
14770078333.3,-59.38872716293139
14775076666.7,-60.60629076947265
14780075000.0,-60.46225463454145
14785073333.3,-60.906229805694174
14790071666.7,-60.73334907981916
14795070000.0,-61.6618839399124
14800068333.3,-60.88580426954665
14805066666.7,-60.967398570625406
14810065000.0,-61.608613782153
14815063333.3,-60.93561096179784
14820061666.7,-60.76234362729592
14825060000.0,-61.539474727366674
14830058333.3,-61.11845128672535
14835056666.7,-61.61377581092389
14840055000.0,-61.28954074226612
14845053333.3,-60.69868710469657
14850051666.7,-60.80268796851066
14855050000.0,-60.989586344821774
14860048333.3,-60.99026119605561
14865046666.7,-60.90863535924782
14870045000.0,-60.95158503993257
14875043333.3,-61.2435137045708
14880041666.7,-60.954295341853125
14885040000.0,-61.30566916135997
14890038333.3,-61.763647685401004
14895036666.7,-61.67114444036271
14900035000.0,-61.35316727778956
14905033333.3,-61.70404185990715
14910031666.7,-61.350385271014275
14915030000.0,-61.37578946113031
14920028333.3,-61.32948359230113
14925026666.7,-61.86613153217244
14930025000.0,-60.9668794994088
14935023333.3,-60.84984329056567
14940021666.7,-60.79013606272348
14945020000.0,-60.37359588476863
14950018333.3,-60.241338668696905
14955016666.7,-60.32858460583605
14960015000.0,-60.19198858843656
14965013333.3,-60.08435154016499
14970011666.7,-60.18536637633118
14975010000.0,-60.309723704332015
14980008333.3,-60.47892387504888
14985006666.7,-60.22909396971129
14990005000.0,-60.17067638466665
14995003333.3,-60.19778994479404
15000001666.7,-60.513941345442376
15005000000.0,-60.148602210065874
15009998333.3,-59.89641034039241
15014996666.7,-60.88805929820126
15019995000.0,-60.19173080645051
15024993333.3,-60.35748687221986
15029991666.7,-60.653241717558785
15034990000.0,-60.138031946611214
15039988333.3,-60.023341923902656
15044986666.7,-59.98881392996963
15049985000.0,-60.678060246613946
15054983333.3,-59.943509250341336
15059981666.7,-59.979695039800504
15064980000.0,-59.61512051432997
15069978333.3,-59.793924495080056
15074976666.7,-60.06938884156396
15079975000.0,-59.99107819478457
15084973333.3,-59.81633761201324
15089971666.7,-60.21006063878626
15094970000.0,-59.76967216389851
15099968333.3,-59.551124971426084
15104966666.7,-59.19384921181789
15109965000.0,-60.14534538884243
15114963333.3,-59.70948733935394
15119961666.7,-59.58262682950584
15124960000.0,-60.57884953111122
15129958333.3,-59.925334391265956
15134956666.7,-59.25269144268184
15139955000.0,-59.74676925908648
15144953333.3,-60.3197374188236
15149951666.7,-60.23349036722954
15154950000.0,-60.72781527691521
15159948333.3,-60.36559543397495
15164946666.7,-60.16612594092736
15169945000.0,-60.72123435855864
15174943333.3,-60.631879798859245
15179941666.7,-61.110124262571475
15184940000.0,-60.52624369624198
15189938333.3,-60.69861305276184
15194936666.7,-60.247714761877226
15199935000.0,-60.33262654291366
15204933333.3,-60.752721305311056
15209931666.7,-60.844758538566964
15214930000.0,-60.73246024951886
15219928333.3,-60.69244714410285
15224926666.7,-61.035542380473736
15229925000.0,-60.9593157831528
15234923333.3,-61.68014572049764
15239921666.7,-61.66765794858443
15244920000.0,-62.04255681713914
15249918333.3,-62.004245655616764
15254916666.7,-61.2192204982044
15259915000.0,-61.735412202232325
15264913333.3,-61.57434579194032
15269911666.7,-61.738267712325936
15274910000.0,-60.92775024381755
15279908333.3,-60.655514885888095
15284906666.7,-61.18969814914071
15289905000.0,-61.61479613521251
15294903333.3,-60.6384230155082
15299901666.7,-61.20061625088848
15304900000.0,-60.05301209706616
15309898333.3,-60.98498789997771
15314896666.7,-60.39944818209346
15319895000.0,-60.773770583892656
15324893333.3,-60.44227932356807
15329891666.7,-61.02476297456471
15334890000.0,-60.4004455129924
15339888333.3,-60.38817517199591
15344886666.7,-60.53686910954143
15349885000.0,-60.29157044913678
15354883333.3,-60.84849424109219
15359881666.7,-60.2992739702604
15364880000.0,-60.56590027567724
15369878333.3,-60.24250708828248
15374876666.7,-60.65871955953115
15379875000.0,-59.81670033368616
15384873333.3,-60.22703558505634
15389871666.7,-60.29706862316271
15394870000.0,-60.43392515149997
15399868333.3,-59.62869510369204
15404866666.7,-60.572051814344434
15409865000.0,-60.3071786524867
15414863333.3,-60.8529937287161
15419861666.7,-61.419042643425115
15424860000.0,-60.881203800902725
15429858333.3,-60.9642917251174
15434856666.7,-61.08093941849727
15439855000.0,-60.55171811656556
15444853333.3,-61.12272385704585
15449851666.7,-61.27197211397387
15454850000.0,-60.89288919456726
15459848333.3,-61.35255006012967
15464846666.7,-60.9891899962149
15469845000.0,-60.77321175805737
15474843333.3,-60.57101180168799
15479841666.7,-60.62367438867596
15484840000.0,-61.927243354568645
15489838333.3,-61.21721316434457
15494836666.7,-61.70070936615297
15499835000.0,-61.58763829363619
15504833333.3,-61.718079583740774
15509831666.7,-61.5805162187037
15514830000.0,-62.10178460475615
15519828333.3,-61.52949440281467
15524826666.7,-61.96301338985751
15529825000.0,-61.78782900043981
15534823333.3,-61.452302616323465
15539821666.7,-61.53863964864816
15544820000.0,-61.62832692449591
15549818333.3,-61.249436737561744
15554816666.7,-61.63662433686796
15559815000.0,-61.4107394144917
15564813333.3,-61.52501506012425
15569811666.7,-61.417978753833964
15574810000.0,-61.67614451787241
15579808333.3,-60.91423699973738
15584806666.7,-61.52159086475001
15589805000.0,-61.78895253465547
15594803333.3,-60.574024493262606
15599801666.7,-61.37922203407612
15604800000.0,-61.74850537419762
15609798333.3,-61.03430053777583
15614796666.7,-61.52150994734047
15619795000.0,-60.87125979216395
15624793333.3,-60.45253523699404
15629791666.7,-61.076334215708656
15634790000.0,-61.02120919246154
15639788333.3,-60.948632996945804
15644786666.7,-60.740343389243534
15649785000.0,-60.68390395392423
15654783333.3,-61.0366375418026
15659781666.7,-59.84882874178345
15664780000.0,-60.678677775919695
15669778333.3,-60.617750726447696
15674776666.7,-60.45815698451628
15679775000.0,-60.75673842261133
15684773333.3,-61.04314801627214
15689771666.7,-60.74462721725421
15694770000.0,-60.85793006914805
15699768333.3,-60.593690066040686
15704766666.7,-60.50732469392601
15709765000.0,-60.37750991662482
15714763333.3,-60.74751874968554
15719761666.7,-60.325113558286844
15724760000.0,-61.44559300412692
15729758333.3,-61.30357305876173
15734756666.7,-61.14412692259172
15739755000.0,-60.88953934556579
15744753333.3,-61.22859087242791
15749751666.7,-61.720418346046344
15754750000.0,-61.39374795798787
15759748333.3,-61.582228894398185
15764746666.7,-61.62586961329026
15769745000.0,-61.50918962955895
15774743333.3,-62.06471979221366
15779741666.7,-62.74973947182353
15784740000.0,-61.67903633889023
15789738333.3,-61.332171298979105
15794736666.7,-60.4402511699146
15799735000.0,-61.08299427373942
15804733333.3,-61.27237612076715
15809731666.7,-60.922552332102846
15814730000.0,-60.2566566005319
15819728333.3,-61.067102365701885
15824726666.7,-60.77013131203891
15829725000.0,-60.80440092832245
15834723333.3,-60.522129319704575
15839721666.7,-60.737110373286896
15844720000.0,-60.95590422672785
15849718333.3,-60.84937042332959
15854716666.7,-60.728929736722854
15859715000.0,-60.807596108751994
15864713333.3,-60.521734824848004
15869711666.7,-60.75296813506079
15874710000.0,-60.724255414108995
15879708333.3,-60.70795879148499
15884706666.7,-60.1043903083466
15889705000.0,-60.12518663675591
15894703333.3,-60.04077446658552
15899701666.7,-60.28047957792779
15904700000.0,-59.94729258259588
15909698333.3,-60.333236769344076
15914696666.7,-60.85182638893754
15919695000.0,-60.949610538740025
15924693333.3,-60.80547720294618
15929691666.7,-61.47268933607627
15934690000.0,-61.427093353312394
15939688333.3,-60.70600072627512
15944686666.7,-61.84632106695622
15949685000.0,-60.951226120282094
15954683333.3,-61.0036197439822
15959681666.7,-60.73785108516095
15964680000.0,-61.15461362351405
15969678333.3,-60.38474065654214
15974676666.7,-60.61513021390728
15979675000.0,-60.61357520585407
15984673333.3,-60.36227387801293
15989671666.7,-60.78589440383809
15994670000.0,-60.14404271837438
15999668333.3,-60.57855695655135
16004666666.7,-61.267059413878435
16009665000.0,-60.68901713243109
16014663333.3,-60.44526157206384
16019661666.7,-60.72619810196908
16024660000.0,-60.80336017355058
16029658333.3,-60.50365403767805
16034656666.7,-60.404995764037054
16039655000.0,-61.20503160233846
16044653333.3,-60.59688399912412
16049651666.7,-59.97406751068661
16054650000.0,-60.48460389589843
16059648333.3,-60.39675813812031
16064646666.7,-61.01713184246413
16069645000.0,-60.65349438620686
16074643333.3,-60.40422976234866
16079641666.7,-59.77928280412381
16084640000.0,-60.59770235067239
16089638333.3,-61.52039272210554
16094636666.7,-61.0758290225986
16099635000.0,-60.69984652658977
16104633333.3,-60.632191097542865
16109631666.7,-61.389474634198436
16114630000.0,-60.70108070525164
16119628333.3,-60.92694348193142
16124626666.7,-60.327199308933785
16129625000.0,-60.766598088769825
16134623333.3,-60.398067592945154
16139621666.7,-60.58401037491258
16144620000.0,-59.676700900887944
16149618333.3,-59.25903791080166
16154616666.7,-60.41479100823985
16159615000.0,-59.49955622575537
16164613333.3,-59.86565921375916
16169611666.7,-59.97505735716193
16174610000.0,-59.91878952537327
16179608333.3,-60.86148770660232
16184606666.7,-60.503232919595234
16189605000.0,-60.641194564701955
16194603333.3,-60.52742183032552
16199601666.7,-60.56164520046683
16204600000.0,-60.85882209006207
16209598333.3,-60.85657691018116
16214596666.7,-61.222730931707545
16219595000.0,-60.431590334510815
16224593333.3,-60.92602531356032
16229591666.7,-60.31800421600313
16234590000.0,-60.58049086728106
16239588333.3,-60.34365406515842
16244586666.7,-61.04622652618837
16249585000.0,-59.716783347764604
16254583333.3,-60.41429670094288
16259581666.7,-61.05529939649253
16264580000.0,-61.170168171621995
16269578333.3,-61.26320739864079
16274576666.7,-60.80701345269692
16279575000.0,-61.28153522053809
16284573333.3,-61.163288945315564
16289571666.7,-60.688364220048925
16294570000.0,-60.79707534934411
16299568333.3,-60.87619956510568
16304566666.7,-61.094776978894686
16309565000.0,-61.75099127916578
16314563333.3,-61.250066243682596
16319561666.7,-60.831039495630236
16324560000.0,-60.738351401605556
16329558333.3,-60.8900591608685
16334556666.7,-60.280043089290885
16339555000.0,-60.68046289527493
16344553333.3,-60.929944552843
16349551666.7,-60.3362979051401
16354550000.0,-60.160543432372506
16359548333.3,-60.24504553741166
16364546666.7,-60.4044477228154
16369545000.0,-60.48127698131738
16374543333.3,-60.94963085246954
16379541666.7,-60.19606440351657
16384540000.0,-60.4015405033454
16389538333.3,-60.05056942089479
16394536666.7,-60.36480818216529
16399535000.0,-60.97502431546907
16404533333.3,-60.309224401557266
16409531666.7,-60.490238914542275
16414530000.0,-60.400460133453
16419528333.3,-59.76541794495613
16424526666.7,-60.79967449736113
16429525000.0,-60.57562736459089
16434523333.3,-60.292920774908936
16439521666.7,-60.88482236129587
16444520000.0,-60.29959873296724
16449518333.3,-60.52918085324749
16454516666.7,-60.95388488402541
16459515000.0,-59.995735576423456
16464513333.3,-61.081799038792745
16469511666.7,-60.30772181767303
16474510000.0,-60.448233460968346
16479508333.3,-60.51133749970212
16484506666.7,-59.99858223695749
16489505000.0,-60.6075366123536
16494503333.3,-60.31112676910173
16499501666.7,-60.334946180772974
16504500000.0,-60.05240311269808
16509498333.3,-59.97928173771427
16514496666.7,-60.731400664828655
16519495000.0,-60.42393646102433
16524493333.3,-60.60068085573335
16529491666.7,-61.25569783567637
16534490000.0,-60.57080888056496
16539488333.3,-60.889934419996735
16544486666.7,-60.74604894705036
16549485000.0,-61.17057870039467
16554483333.3,-60.58645471335538
16559481666.7,-60.871089088344526
16564480000.0,-61.06071111801729
16569478333.3,-60.76831197278737
16574476666.7,-60.69579161103201
16579475000.0,-60.81027245843522
16584473333.3,-60.50321627061132
16589471666.7,-61.27551078767016
16594470000.0,-60.89871040837899
16599468333.3,-60.3119615123712
16604466666.7,-60.42434091348433
16609465000.0,-60.17683324211739
16614463333.3,-60.641292240691946
16619461666.7,-61.15063434173657
16624460000.0,-60.53882392846572
16629458333.3,-59.98541526659629
16634456666.7,-60.59193651674264
16639455000.0,-60.76193494210143
16644453333.3,-60.78378737229856
16649451666.7,-60.66053066778245
16654450000.0,-60.18805888097069
16659448333.3,-59.66912924727719
16664446666.7,-59.69418922928477
16669445000.0,-60.01577104707043
16674443333.3,-60.29832989532391
16679441666.7,-60.001865343191
16684440000.0,-59.70435461945882
16689438333.3,-60.178792084561564
16694436666.7,-60.80210069763866
16699435000.0,-60.18495859584672
16704433333.3,-60.135417107590655
16709431666.7,-61.30392359733137
16714430000.0,-60.49424094416977
16719428333.3,-60.17445100934417
16724426666.7,-60.39803203386262
16729425000.0,-60.15243789026488
16734423333.3,-59.754264453776344
16739421666.7,-59.830300475023066
16744420000.0,-58.95856781431806
16749418333.3,-59.28108406531642
16754416666.7,-59.757789643030314
16759415000.0,-59.94475223299222
16764413333.3,-59.77021017788347
16769411666.7,-60.16007572009591
16774410000.0,-60.118315805039124
16779408333.3,-59.848686074016186
16784406666.7,-60.03089924652596
16789405000.0,-59.655429848875585
16794403333.3,-60.390653229757625
16799401666.7,-60.107425404770524
16804400000.0,-60.08554849161069
16809398333.3,-60.116176598257105
16814396666.7,-59.778970056390065
16819395000.0,-60.04451078975603
16824393333.3,-60.002805772314716
16829391666.7,-59.41526420648516
16834390000.0,-59.76890929202891
16839388333.3,-59.96387519249966
16844386666.7,-60.26940678708688
16849385000.0,-59.81116458747526
16854383333.3,-60.49260119804941
16859381666.7,-60.54013171988544
16864380000.0,-60.20950640256448
16869378333.3,-60.20737834746821
16874376666.7,-61.03495720907673
16879375000.0,-60.374611622397644
16884373333.3,-60.17372798725545
16889371666.7,-61.039892218360706
16894370000.0,-60.22330110375378
16899368333.3,-60.38583398168424
16904366666.7,-60.62241767887941
16909365000.0,-59.55989482861193
16914363333.3,-60.37478617999146
16919361666.7,-59.75448986247371
16924360000.0,-59.97528765752375
16929358333.3,-60.32122257032567
16934356666.7,-60.46616598993411
16939355000.0,-59.91524954696558
16944353333.3,-60.02189289787947
16949351666.7,-60.11123800067095
16954350000.0,-59.82237968498538
16959348333.3,-59.666058487275926
16964346666.7,-58.92850353960587
16969345000.0,-59.87737148852933
16974343333.3,-59.8552652192792
16979341666.7,-60.090478766767895
16984340000.0,-58.74154237987032
16989338333.3,-59.436252361865385
16994336666.7,-59.44396246760441
16999335000.0,-59.024151866144805
17004333333.3,-59.30423078436708
17009331666.7,-58.90875099613022
17014330000.0,-58.79855210531308
17019328333.3,-58.996158786377364
17024326666.7,-59.0139107285286
17029325000.0,-58.97640530053926
17034323333.3,-58.724244213237895
17039321666.7,-58.92340577989398
17044320000.0,-59.20277512741027
17049318333.3,-58.82205120108917
17054316666.7,-58.69982979380795
17059315000.0,-59.57531735635794
17064313333.3,-58.5291360052316
17069311666.7,-59.31664857657914
17074310000.0,-59.14516337919609
17079308333.3,-59.12507713228807
17084306666.7,-59.33456234260664
17089305000.0,-58.94264803063677
17094303333.3,-59.30258398597534
17099301666.7,-59.25701352680576
17104300000.0,-58.996416486545314
17109298333.3,-59.64200471599192
17114296666.7,-59.00565686337398
17119295000.0,-59.444706892150066
17124293333.3,-59.624745443669234
17129291666.7,-59.997609892938
17134290000.0,-59.61101317946876
17139288333.3,-60.24909398928908
17144286666.7,-60.08881555725816
17149285000.0,-59.769603793276715
17154283333.3,-60.54418213944832
17159281666.7,-60.18055559401668
17164280000.0,-60.236159731084236
17169278333.3,-59.70121057137991
17174276666.7,-60.382628999581584
17179275000.0,-60.27803987834752
17184273333.3,-60.25681515603292
17189271666.7,-58.968967735516884
17194270000.0,-60.05923882820305
17199268333.3,-59.68718406838982
17204266666.7,-59.63148972659177
17209265000.0,-59.983965254613324
17214263333.3,-59.30019950795678
17219261666.7,-59.052372071977956
17224260000.0,-60.08656183262532
17229258333.3,-58.92652509431624
17234256666.7,-59.83301921432109
17239255000.0,-60.36843041165548
17244253333.3,-59.84689483716761
17249251666.7,-59.57738250055083
17254250000.0,-59.91961572422032
17259248333.3,-59.764130276872024
17264246666.7,-59.91244828279599
17269245000.0,-59.9746493975437
17274243333.3,-60.076233114054425
17279241666.7,-59.550074087953995
17284240000.0,-58.871287854597185
17289238333.3,-58.897720654649035
17294236666.7,-59.74252848726125
17299235000.0,-59.10590200738311
17304233333.3,-59.0117700028611
17309231666.7,-58.92555911955961
17314230000.0,-58.46669690121046
17319228333.3,-59.47149309995364
17324226666.7,-58.685764863501184
17329225000.0,-58.65474140422449
17334223333.3,-58.25811375452956
17339221666.7,-59.06595483538055
17344220000.0,-59.03515105588056
17349218333.3,-58.90216158697312
17354216666.7,-59.3942575400972
17359215000.0,-59.328719088661884
17364213333.3,-59.05591676856227
17369211666.7,-59.05516605203107
17374210000.0,-59.3433922983329
17379208333.3,-59.23913205976376
17384206666.7,-60.045115501636815
17389205000.0,-60.066796291283225
17394203333.3,-59.83870349211365
17399201666.7,-60.235277693256954
17404200000.0,-60.269341334377145
17409198333.3,-59.88179193087384
17414196666.7,-59.93902733593046
17419195000.0,-59.530072168808374
17424193333.3,-60.36796137257027
17429191666.7,-60.06911834567147
17434190000.0,-59.820853139593204
17439188333.3,-59.71876014529893
17444186666.7,-59.93383753749771
17449185000.0,-59.305308471563016
17454183333.3,-59.765488339650844
17459181666.7,-60.097580867307556
17464180000.0,-59.8654017065443
17469178333.3,-59.84477460337175
17474176666.7,-59.25996948102406
17479175000.0,-59.88479889347534
17484173333.3,-59.718869868076496
17489171666.7,-59.60361647715159
17494170000.0,-59.34947403194237
17499168333.3,-59.248446841106094
17504166666.7,-59.34262649893921
17509165000.0,-59.38557738084932
17514163333.3,-59.185948948659906
17519161666.7,-59.51330798359151
17524160000.0,-59.451477747580995
17529158333.3,-58.65073826090529
17534156666.7,-58.67913061388854
17539155000.0,-58.82571812993924
17544153333.3,-58.95614776916382
17549151666.7,-59.416869254685345
17554150000.0,-59.02487759024914
17559148333.3,-59.09227059011496
17564146666.7,-59.10255483372864
17569145000.0,-59.15467255945995
17574143333.3,-59.64488173555932
17579141666.7,-59.318978177927484
17584140000.0,-59.70746052550287
17589138333.3,-59.05279854067192
17594136666.7,-59.85012885702352
17599135000.0,-59.471386547662036
17604133333.3,-59.545101525636646
17609131666.7,-59.61372950380461
17614130000.0,-58.81274417792581
17619128333.3,-59.353220890154326
17624126666.7,-59.8568970824213
17629125000.0,-59.55661578671826
17634123333.3,-59.84759864242083
17639121666.7,-60.93267172037352
17644120000.0,-59.718584214745825
17649118333.3,-58.91724229276505
17654116666.7,-59.6193786235905
17659115000.0,-59.447737212689205
17664113333.3,-59.66018410791438
17669111666.7,-59.391154721636184
17674110000.0,-59.891747480937795
17679108333.3,-58.78406626610038
17684106666.7,-59.68936229108844
17689105000.0,-59.201672649706644
17694103333.3,-59.09671063562092
17699101666.7,-58.91670451492213
17704100000.0,-59.26602092057208
17709098333.3,-59.028206000629154
17714096666.7,-59.158194338013026
17719095000.0,-59.15562876924643
17724093333.3,-59.16387472366917
17729091666.7,-58.91246210295891
17734090000.0,-58.6157570334519
17739088333.3,-59.117456600250186
17744086666.7,-58.98282454875242
17749085000.0,-58.68578443687732
17754083333.3,-58.8080926776728
17759081666.7,-59.09876881003381
17764080000.0,-59.08327817037585
17769078333.3,-58.50263851360707
17774076666.7,-59.103828760612146
17779075000.0,-58.13819815741121
17784073333.3,-58.4312835026881
17789071666.7,-59.06749929864329
17794070000.0,-58.53099489175693
17799068333.3,-58.76806778936583
17804066666.7,-58.08976292435571
17809065000.0,-59.05714627121989
17814063333.3,-58.870625602019416
17819061666.7,-59.42939864554588
17824060000.0,-58.69424579729797
17829058333.3,-58.50779308492519
17834056666.7,-58.767234151202175
17839055000.0,-58.930866470291754
17844053333.3,-58.920124821293776
17849051666.7,-58.50903020402123
17854050000.0,-59.282067098804944
17859048333.3,-58.90432841797603
17864046666.7,-58.82266095865429
17869045000.0,-59.45880730682114
17874043333.3,-59.290598837290716
17879041666.7,-59.11141759289115
17884040000.0,-59.048499067914605
17889038333.3,-59.579529974716365
17894036666.7,-59.706056683284004
17899035000.0,-59.652936569267716
17904033333.3,-59.20131871025332
17909031666.7,-59.72330556398831
17914030000.0,-59.6273677410682
17919028333.3,-59.46048673185281
17924026666.7,-59.0022039188636
17929025000.0,-58.98215224335928
17934023333.3,-59.18526175188611
17939021666.7,-59.62043841364511
17944020000.0,-59.37861591070059
17949018333.3,-59.335591137048525
17954016666.7,-59.73998145756613
17959015000.0,-59.247641839632465
17964013333.3,-58.65933496161894
17969011666.7,-59.216009564324004
17974010000.0,-58.59299765165552
17979008333.3,-58.94160932495442
17984006666.7,-58.52268541623155
17989005000.0,-59.35571794345457
17994003333.3,-58.99865903568457
17999001666.7,-59.122594273692464
18004000000.0,-58.49674423301331
18008998333.3,-58.96159687277938
18013996666.7,-58.49802261759541
18018995000.0,-58.88616706202369
18023993333.3,-58.213364737290796
18028991666.7,-58.70631582627776
18033990000.0,-58.23575853948632
18038988333.3,-58.749539413291664
18043986666.7,-58.3835817502305
18048985000.0,-58.656661609075165
18053983333.3,-58.481867038569305
18058981666.7,-58.562981309389635
18063980000.0,-58.39875061156155
18068978333.3,-58.89181142282986
18073976666.7,-58.925073398166525
18078975000.0,-58.66032569873498
18083973333.3,-58.856297817858135
18088971666.7,-59.21045141695934
18093970000.0,-58.716835021133
18098968333.3,-58.6263460267001
18103966666.7,-59.37973536027209
18108965000.0,-58.8517481841351
18113963333.3,-58.993195125844736
18118961666.7,-58.86845686365008
18123960000.0,-58.782593365198075
18128958333.3,-59.335661432756524
18133956666.7,-58.949038124619705
18138955000.0,-59.22726022031504
18143953333.3,-59.12039570134101
18148951666.7,-59.02533090429215
18153950000.0,-59.118069032449
18158948333.3,-59.612169003207775
18163946666.7,-58.787956740827674
18168945000.0,-59.22197122406565
18173943333.3,-59.37072589902367
18178941666.7,-59.272993198045086
18183940000.0,-59.57660210440896
18188938333.3,-59.327482351960185
18193936666.7,-59.10981592197694
18198935000.0,-59.132822898539736
18203933333.3,-58.851663511248695
18208931666.7,-59.441078274711245
18213930000.0,-59.19676526146358
18218928333.3,-59.35873248177741
18223926666.7,-59.13884623401216
18228925000.0,-59.56119538287898
18233923333.3,-59.527347634292155
18238921666.7,-59.03249968905703
18243920000.0,-59.12481754073831
18248918333.3,-59.50321967799671
18253916666.7,-59.24099155005333
18258915000.0,-59.945143426089906
18263913333.3,-60.112067802593444
18268911666.7,-59.84580304739375
18273910000.0,-59.35599357970567
18278908333.3,-59.626728286376405
18283906666.7,-59.114940291616335
18288905000.0,-59.648065049192056
18293903333.3,-59.168478779874945
18298901666.7,-59.35262055202769
18303900000.0,-59.20061886416734
18308898333.3,-59.32109122769585
18313896666.7,-59.457296753459914
18318895000.0,-59.40529046470624
18323893333.3,-59.52265745197474
18328891666.7,-59.30508405154549
18333890000.0,-59.415093512603136
18338888333.3,-59.10603301350136
18343886666.7,-59.70514157350439
18348885000.0,-58.70076215743657
18353883333.3,-59.52099520668186
18358881666.7,-58.916305606028175
18363880000.0,-59.10183593353602
18368878333.3,-59.184465606243826
18373876666.7,-59.22473716288113
18378875000.0,-59.02313876891162
18383873333.3,-58.68718252703732
18388871666.7,-58.85718409458722
18393870000.0,-58.9252490248916
18398868333.3,-58.51144801580219
18403866666.7,-58.74801585402044
18408865000.0,-58.643339002994495
18413863333.3,-58.675565777669576
18418861666.7,-58.303318261760644
18423860000.0,-58.26660288470575
18428858333.3,-58.33601060411652
18433856666.7,-58.034991172093314
18438855000.0,-58.7406106216876
18443853333.3,-58.40957449842058
18448851666.7,-58.09412819161434
18453850000.0,-58.595521555358076
18458848333.3,-58.44863977296324
18463846666.7,-59.269267493624895
18468845000.0,-58.5139845944943
18473843333.3,-58.542303319776785
18478841666.7,-58.33853586021354
18483840000.0,-58.814096471567616
18488838333.3,-58.91985504723748
18493836666.7,-58.114566960684115
18498835000.0,-59.30694789233489
18503833333.3,-58.85701829669284
18508831666.7,-58.932072686357635
18513830000.0,-58.85301494122967
18518828333.3,-58.801946758453916
18523826666.7,-59.284654417688294
18528825000.0,-59.63045664192913
18533823333.3,-59.0184934925017
18538821666.7,-59.79343765565815
18543820000.0,-58.70288564083263
18548818333.3,-59.265271861922606
18553816666.7,-59.22074937270166
18558815000.0,-59.068882277327376
18563813333.3,-58.533581441108986
18568811666.7,-59.093309111361066
18573810000.0,-59.076844913020494
18578808333.3,-58.853828184653636
18583806666.7,-58.859717126327304
18588805000.0,-59.39465901410604
18593803333.3,-58.943519085219236
18598801666.7,-58.91945770215722
18603800000.0,-59.30913452052931
18608798333.3,-58.687819160935305
18613796666.7,-59.40620928195913
18618795000.0,-59.32227361460684
18623793333.3,-58.92963438310947
18628791666.7,-58.78199879254484
18633790000.0,-58.88776461357945
18638788333.3,-58.74536502227683
18643786666.7,-59.059745965865304
18648785000.0,-59.00187559053222
18653783333.3,-58.627557459166155
18658781666.7,-58.753787714321355
18663780000.0,-58.81066369076909
18668778333.3,-58.15399154472594
18673776666.7,-58.980978734073034
18678775000.0,-58.37071631367111
18683773333.3,-58.31795838642229
18688771666.7,-58.536238984774656
18693770000.0,-58.5452218055282
18698768333.3,-58.41663946591942
18703766666.7,-58.79017252749182
18708765000.0,-58.43008818918516
18713763333.3,-58.34139607606572
18718761666.7,-58.157357285439666
18723760000.0,-58.52143638817522
18728758333.3,-58.462547098023634
18733756666.7,-57.929937116438126
18738755000.0,-58.52946475926191
18743753333.3,-57.97258426863641
18748751666.7,-57.935081454529396
18753750000.0,-58.03844013938686
18758748333.3,-58.187050326962186
18763746666.7,-57.98076114796291
18768745000.0,-58.073893500388955
18773743333.3,-58.120530569352404
18778741666.7,-58.35625727007181
18783740000.0,-58.27511976789214
18788738333.3,-58.43973356122579
18793736666.7,-58.346695740970404
18798735000.0,-58.180860109434754
18803733333.3,-58.31381989381618
18808731666.7,-58.80507427289927
18813730000.0,-59.20909640016696
18818728333.3,-59.214793995022525
18823726666.7,-59.658601541217934
18828725000.0,-59.77555006454688
18833723333.3,-59.95824645003489
18838721666.7,-59.60062750859112
18843720000.0,-59.16399283429988
18848718333.3,-59.44148938435362
18853716666.7,-59.5866194273406
18858715000.0,-59.539357723558865
18863713333.3,-58.95573915355656
18868711666.7,-59.515595754512
18873710000.0,-58.92085345102748
18878708333.3,-59.33791753621607
18883706666.7,-58.67864694518354
18888705000.0,-59.100155470621985
18893703333.3,-58.751386964145425
18898701666.7,-58.683146766363265
18903700000.0,-58.699253957996056
18908698333.3,-58.44020489301347
18913696666.7,-58.63666660740144
18918695000.0,-58.62915220032821
18923693333.3,-58.69403997144188
18928691666.7,-58.86991617784118
18933690000.0,-58.48649195843764
18938688333.3,-58.60651254280313
18943686666.7,-58.32396706192766
18948685000.0,-58.756911058410005
18953683333.3,-58.20582528948678
18958681666.7,-58.50146410508124
18963680000.0,-58.26518345940153
18968678333.3,-58.84592383935497
18973676666.7,-58.61703707217949
18978675000.0,-58.42920142355335
18983673333.3,-58.80244645426339
18988671666.7,-58.64064095790228
18993670000.0,-59.36542675775748
18998668333.3,-58.791864127734215
19003666666.7,-59.02727957837967
19008665000.0,-58.660098999973805
19013663333.3,-58.7473892105001
19018661666.7,-59.329373224177495
19023660000.0,-59.151702085865935
19028658333.3,-58.76050497526454
19033656666.7,-59.158145096426544
19038655000.0,-58.72693250633268
19043653333.3,-58.98902415085237
19048651666.7,-59.33365681905155
19053650000.0,-58.98561168699609
19058648333.3,-58.90500401693898
19063646666.7,-59.55083308452464
19068645000.0,-58.8106163919603
19073643333.3,-58.50455168412603
19078641666.7,-58.374610916938
19083640000.0,-58.940613968069755
19088638333.3,-58.56443735732483
19093636666.7,-58.8823141626306
19098635000.0,-58.54872339233171
19103633333.3,-58.4204194263411
19108631666.7,-58.90916703890614
19113630000.0,-58.647045745702755
19118628333.3,-57.884596931970414
19123626666.7,-58.351128213173176
19128625000.0,-58.47292841951659
19133623333.3,-58.05851141459031
19138621666.7,-58.11055284408708
19143620000.0,-58.18439734499813
19148618333.3,-58.47574155639933
19153616666.7,-58.00303595475129
19158615000.0,-58.19947095157906
19163613333.3,-58.411600344413976
19168611666.7,-58.839096488393025
19173610000.0,-58.72062685180776
19178608333.3,-58.56811596155915
19183606666.7,-58.612486534913984
19188605000.0,-58.48204183443298
19193603333.3,-58.119983287348454
19198601666.7,-58.18158494865231
19203600000.0,-58.46740206405972
19208598333.3,-58.7230967026951
19213596666.7,-58.86227779191699
19218595000.0,-58.22428454813331
19223593333.3,-58.293452488981586
19228591666.7,-58.7547456113699
19233590000.0,-58.10999455800349
19238588333.3,-58.5476563501975
19243586666.7,-58.49256553414086
19248585000.0,-58.35354645841587
19253583333.3,-58.918849305063176
19258581666.7,-58.9273433397171
19263580000.0,-58.906658066988875
19268578333.3,-58.963784433463005
19273576666.7,-58.276581142953525
19278575000.0,-58.824787936527166
19283573333.3,-59.129884072596816
19288571666.7,-59.0735819800942
19293570000.0,-58.56354120093445
19298568333.3,-58.88251184304052
19303566666.7,-58.87407308532784
19308565000.0,-58.82983628081844
19313563333.3,-59.07875077796283
19318561666.7,-58.83915180723327
19323560000.0,-58.556704455189134
19328558333.3,-59.261235571087425
19333556666.7,-59.16510078667362
19338555000.0,-59.01953829657016
19343553333.3,-58.48928848806976
19348551666.7,-58.65200703053175
19353550000.0,-58.94994842479044
19358548333.3,-58.95839887012586
19363546666.7,-59.36152957924821
19368545000.0,-58.585389355700585
19373543333.3,-58.48346719065284
19378541666.7,-58.21707278194819
19383540000.0,-58.33287586105514
19388538333.3,-58.51574964635334
19393536666.7,-57.786639618843196
19398535000.0,-57.671572286921
19403533333.3,-57.57743671822808
19408531666.7,-57.18627501437815
19413530000.0,-57.654973274335944
19418528333.3,-57.5269422461342
19423526666.7,-57.545835357282726
19428525000.0,-58.22066486687375
19433523333.3,-56.95484585535834
19438521666.7,-57.32889481225502
19443520000.0,-57.507306443923824
19448518333.3,-57.435460878521994
19453516666.7,-57.775778688149266
19458515000.0,-57.57181001995694
19463513333.3,-57.368936154767695
19468511666.7,-57.26993970392884
19473510000.0,-57.116135419986556
19478508333.3,-57.760839378819384
19483506666.7,-57.35205536237392
19488505000.0,-56.52396133357932
19493503333.3,-56.969254613794284
19498501666.7,-56.44673891716656
19503500000.0,-56.91293885034813
19508498333.3,-57.085701761009844
19513496666.7,-57.248408497442334
19518495000.0,-57.14304511541597
19523493333.3,-57.14615262486728
19528491666.7,-58.00113948850924
19533490000.0,-58.34117680350671
19538488333.3,-57.70015066729676
19543486666.7,-58.712438049224254
19548485000.0,-58.28702964915723
19553483333.3,-58.59587592242035
19558481666.7,-58.213633735915316
19563480000.0,-58.28224745343487
19568478333.3,-58.04433777863778
19573476666.7,-58.21047617053898
19578475000.0,-57.5901377001604
19583473333.3,-58.2528780561832
19588471666.7,-58.003116005014945
19593470000.0,-58.22270068001881
19598468333.3,-58.13946162894061
19603466666.7,-57.89362411116137
19608465000.0,-58.54593804912512
19613463333.3,-58.25680350534228
19618461666.7,-58.345412395595574
19623460000.0,-58.479525969855914
19628458333.3,-58.02245319973832
19633456666.7,-58.32966137338195
19638455000.0,-58.17816577978917
19643453333.3,-57.80219599638042
19648451666.7,-58.01012185643356
19653450000.0,-57.4348304805948
19658448333.3,-58.061578270274126
19663446666.7,-57.76509272290206
19668445000.0,-58.04187931513133
19673443333.3,-57.69982249730382
19678441666.7,-58.06426479737687
19683440000.0,-58.21141020026768
19688438333.3,-57.54536636911814
19693436666.7,-58.299234891437536
19698435000.0,-58.08563409587774
19703433333.3,-57.82669096282527
19708431666.7,-57.589078494219464
19713430000.0,-57.74887530069117
19718428333.3,-57.671297802238335
19723426666.7,-57.415377193855754
19728425000.0,-57.470407823900004
19733423333.3,-57.70740158045241
19738421666.7,-57.955751124446316
19743420000.0,-57.9654459986798
19748418333.3,-58.16537184102329
19753416666.7,-57.60067821883608
19758415000.0,-58.37797878343799
19763413333.3,-58.49169536721416
19768411666.7,-57.57238462330112
19773410000.0,-58.33649915971016
19778408333.3,-58.23123122949667
19783406666.7,-57.98191446710703
19788405000.0,-57.87704861296456
19793403333.3,-57.828559202880136
19798401666.7,-57.929810886943244
19803400000.0,-57.99484871824263
19808398333.3,-58.34493032192664
19813396666.7,-58.00607222584758
19818395000.0,-57.8736714051019
19823393333.3,-58.02020781174904
19828391666.7,-57.14516431820266
19833390000.0,-58.08896652849058
19838388333.3,-58.05148382799469
19843386666.7,-58.34015894878965
19848385000.0,-58.064263136098816
19853383333.3,-58.4347690082949
19858381666.7,-58.37636948569127
19863380000.0,-58.452049860238716
19868378333.3,-58.52991588210063
19873376666.7,-58.72624434180122
19878375000.0,-58.477444132122514
19883373333.3,-58.7753078211237
19888371666.7,-58.75422182411481
19893370000.0,-58.10204615804874
19898368333.3,-57.97275799982878
19903366666.7,-58.74675549474642
19908365000.0,-58.768144621019474
19913363333.3,-58.662104903024634
19918361666.7,-58.75071097817104
19923360000.0,-58.296692988328694
19928358333.3,-58.93347485527973
19933356666.7,-58.493317651661776
19938355000.0,-58.72445395937679
19943353333.3,-58.282569933822614
19948351666.7,-58.39551607853255
19953350000.0,-58.510199125370114
19958348333.3,-58.37288508898564
19963346666.7,-58.24333644776955
19968345000.0,-59.25565481890273
19973343333.3,-59.23633541405421
19978341666.7,-58.45803975890702
19983340000.0,-58.925178571859014
19988338333.3,-58.9415247100839
19993336666.7,-58.616132799157334
19998335000.0,-58.83283267282284
20003333333.3,-59.622274761142506
20008331666.7,-58.83976134584906
20013330000.0,-59.226530360684244
20018328333.3,-58.80017862310182
20023326666.7,-59.55876567697143
20028325000.0,-59.01554540534046
20033323333.3,-59.197601925157706
20038321666.7,-59.27465853769335
20043320000.0,-58.81782748913079
20048318333.3,-58.96230441933555
20053316666.7,-59.17336284076546
20058315000.0,-58.93247463089694
20063313333.3,-58.80291919765094
20068311666.7,-57.96979385714292
20073310000.0,-58.284172300758655
20078308333.3,-57.87079518706929
20083306666.7,-58.1483893693385
20088305000.0,-58.50531653312917
20093303333.3,-58.56852318190196
20098301666.7,-58.59528701094899
20103300000.0,-58.522879444938035
20108298333.3,-58.80016144475256
20113296666.7,-58.078141971588295
20118295000.0,-58.773048490720186
20123293333.3,-58.95962273357849
20128291666.7,-58.30100255640489
20133290000.0,-59.12944490172202
20138288333.3,-58.660424721509386
20143286666.7,-58.77034680727104
20148285000.0,-58.8490093485382
20153283333.3,-58.94342345657287
20158281666.7,-58.49247005842686
20163280000.0,-58.87902166964384
20168278333.3,-59.34879596592354
20173276666.7,-58.798485333287054
20178275000.0,-58.41816660415649
20183273333.3,-59.146559240979705
20188271666.7,-59.2861293169353
20193270000.0,-59.24811504771765
20198268333.3,-58.62765326963515
20203266666.7,-59.26508416273316
20208265000.0,-58.77170997019866
20213263333.3,-58.83434915648556
20218261666.7,-59.09566429818174
20223260000.0,-59.524586752215434
20228258333.3,-58.80773540913353
20233256666.7,-59.53305170093843
20238255000.0,-58.76039984690644
20243253333.3,-59.16876984183264
20248251666.7,-58.70738007915919
20253250000.0,-58.54354147217041
20258248333.3,-58.4786553866069
20263246666.7,-58.521559431056936
20268245000.0,-58.71216098343027
20273243333.3,-58.747466815761015
20278241666.7,-58.931249572349095
20283240000.0,-58.832815651678196
20288238333.3,-58.95429008442582
20293236666.7,-58.920174467715285
20298235000.0,-58.432323187321884
20303233333.3,-58.78896370260606
20308231666.7,-59.01080184068124
20313230000.0,-58.93282856939447
20318228333.3,-59.15528631443898
20323226666.7,-58.54769864767746
20328225000.0,-58.08477037938901
20333223333.3,-58.447677877696876
20338221666.7,-58.296236490757956
20343220000.0,-58.387545613648186
20348218333.3,-58.24760633893596
20353216666.7,-58.16195998170592
20358215000.0,-58.46760829169362
20363213333.3,-58.26604667189433
20368211666.7,-57.9376202126922
20373210000.0,-58.49712058883374
20378208333.3,-58.92686341485237
20383206666.7,-58.93173356010944
20388205000.0,-59.25910273161293
20393203333.3,-58.950277060132464
20398201666.7,-58.71541734004736
20403200000.0,-59.08965095305517
20408198333.3,-58.622306414822404
20413196666.7,-58.72526297564018
20418195000.0,-58.29040122731787
20423193333.3,-58.44224196994602
20428191666.7,-58.38560147983412
20433190000.0,-58.254197940581335
20438188333.3,-58.076314848907984
20443186666.7,-58.789951383759835
20448185000.0,-58.96626144192821
20453183333.3,-58.96667252909683
20458181666.7,-59.06701579740496
20463180000.0,-59.16434327990713
20468178333.3,-59.77170738851103
20473176666.7,-59.0497725891473
20478175000.0,-59.012376553830485
20483173333.3,-59.232532688244504
20488171666.7,-60.11370401561638
20493170000.0,-60.29141128573584
20498168333.3,-59.218297877205174
20503166666.7,-59.242737685682634
20508165000.0,-59.0807652542075
20513163333.3,-59.441289897969924
20518161666.7,-58.59217370150033
20523160000.0,-58.36610659234455
20528158333.3,-58.343275589678896
20533156666.7,-58.25242598214513
20538155000.0,-58.204505838857685
20543153333.3,-58.28133446281322
20548151666.7,-58.88497084867413
20553150000.0,-59.02516526298782
20558148333.3,-58.27280239155463
20563146666.7,-58.94554703585428
20568145000.0,-59.289743122133835
20573143333.3,-58.42942496841033
20578141666.7,-58.11443918675507
20583140000.0,-58.88433310576829
20588138333.3,-58.69528381856302
20593136666.7,-58.18817315233177
20598135000.0,-58.616976521497214
20603133333.3,-58.28684986168352
20608131666.7,-58.48759570471957
20613130000.0,-58.79754359273768
20618128333.3,-58.466027567697935
20623126666.7,-58.852211880915135
20628125000.0,-59.21122538284312
20633123333.3,-58.76600542125737
20638121666.7,-59.617926004811
20643120000.0,-59.032990920589896
20648118333.3,-59.082116187942376
20653116666.7,-59.32595704897416
20658115000.0,-59.136635762877475
20663113333.3,-59.4127471270111
20668111666.7,-59.559714001825256
20673110000.0,-59.880627976030325
20678108333.3,-60.29065131036609
20683106666.7,-59.95761328361779
20688105000.0,-59.30834413626244
20693103333.3,-59.56556787348266
20698101666.7,-59.110287978040304
20703100000.0,-59.52264147827748
20708098333.3,-59.39079113182993
20713096666.7,-59.86949869186369
20718095000.0,-59.95192194900346
20723093333.3,-60.21467765625526
20728091666.7,-59.85900179391584
20733090000.0,-60.351341485839036
20738088333.3,-59.90654366188491
20743086666.7,-59.84061712296304
20748085000.0,-59.935263113720296
20753083333.3,-59.602941576396105
20758081666.7,-59.473524185270335
20763080000.0,-59.03314952456605
20768078333.3,-59.64405341007623
20773076666.7,-59.278962648118465
20778075000.0,-59.15213523440648
20783073333.3,-59.13121849978144
20788071666.7,-59.010350400894396
20793070000.0,-59.43009908952555
20798068333.3,-59.18106357425225
20803066666.7,-59.34662522591751
20808065000.0,-59.551931068161075
20813063333.3,-59.19831579855693
20818061666.7,-59.63917867681492
20823060000.0,-59.023635199468
20828058333.3,-59.25610130011458
20833056666.7,-59.25976175697463
20838055000.0,-59.94821360477423
20843053333.3,-59.25165581837075
20848051666.7,-58.641773423251735
20853050000.0,-59.37838447932609
20858048333.3,-58.89379359301037
20863046666.7,-59.19370334102996
20868045000.0,-58.92175833664904
20873043333.3,-58.90627488651597
20878041666.7,-59.076785044711286
20883040000.0,-59.2520920766141
20888038333.3,-59.73249362204329
20893036666.7,-59.52342661146459
20898035000.0,-59.43541126829106
20903033333.3,-60.296497243967636
20908031666.7,-60.11689151934169
20913030000.0,-60.017220892875464
20918028333.3,-60.01367886168034
20923026666.7,-60.175655902891506
20928025000.0,-60.311025696108054
20933023333.3,-60.85813645693057
20938021666.7,-60.63418302839784
20943020000.0,-60.43692862327567
20948018333.3,-60.016382296751985
20953016666.7,-60.428087845808925
20958015000.0,-60.385194904607374
20963013333.3,-60.54075343256015
20968011666.7,-60.361686995748435
20973010000.0,-60.377990565211654
20978008333.3,-60.379316047044426
20983006666.7,-60.36494583826017
20988005000.0,-60.26531187643539
20993003333.3,-60.78290608583706
20998001666.7,-60.40479804785185
21003000000.0,-60.365783667796855
21007998333.3,-60.36939877849377
21012996666.7,-60.345908389351095
21017995000.0,-60.122819265908404
21022993333.3,-59.57027888163269
21027991666.7,-59.584776373018286
21032990000.0,-59.156431705168096
21037988333.3,-59.33900334237424
21042986666.7,-59.22179652362581
21047985000.0,-59.208965055416705
21052983333.3,-58.98784096872221
21057981666.7,-58.97103995732351
21062980000.0,-58.92178054568443
21067978333.3,-59.29946218903054
21072976666.7,-58.88835569205841
21077975000.0,-58.96987481310833
21082973333.3,-58.968363491106224
21087971666.7,-58.752010210199906
21092970000.0,-59.409837048484036
21097968333.3,-59.213163675688705
21102966666.7,-58.57246186821956
21107965000.0,-58.94824445619386
21112963333.3,-58.680215488168805
21117961666.7,-58.89946284582848
21122960000.0,-58.723120393840944
21127958333.3,-59.02303983365947
21132956666.7,-59.07554027562833
21137955000.0,-59.023127982479345
21142953333.3,-59.572263537468444
21147951666.7,-58.9573313073734
21152950000.0,-59.13587500273699
21157948333.3,-59.65340442151566
21162946666.7,-59.960799142693574
21167945000.0,-59.67873633305403
21172943333.3,-59.97261340152487
21177941666.7,-59.56736145404183
21182940000.0,-59.750372349315064
21187938333.3,-60.32586541650871
21192936666.7,-59.36509002267928
21197935000.0,-59.88682367605488
21202933333.3,-59.3468510710061
21207931666.7,-59.69696833992739
21212930000.0,-60.05388685210083
21217928333.3,-60.01203175504326
21222926666.7,-59.97915356674881
21227925000.0,-59.95375152615546
21232923333.3,-60.09798557940506
21237921666.7,-60.212776354464275
21242920000.0,-59.85981231946419
21247918333.3,-60.517879233205186
21252916666.7,-59.91923368768893
21257915000.0,-60.31976398656094
21262913333.3,-60.14600195583694
21267911666.7,-60.24713766724715
21272910000.0,-59.904555522047396
21277908333.3,-59.73950576924836
21282906666.7,-59.25008584170783
21287905000.0,-59.40334632891718
21292903333.3,-58.89998032226942
21297901666.7,-58.60222305538947
21302900000.0,-58.61507992691543
21307898333.3,-58.97988629408702
21312896666.7,-59.345034485375905
21317895000.0,-58.86817097930219
21322893333.3,-58.72293474431117
21327891666.7,-58.90864670171961
21332890000.0,-58.912422630143
21337888333.3,-58.97964057891177
21342886666.7,-59.71631070247484
21347885000.0,-59.05292395441841
21352883333.3,-58.89662939815926
21357881666.7,-58.79729470845389
21362880000.0,-59.09920869743026
21367878333.3,-58.621772712526905
21372876666.7,-58.701515954384575
21377875000.0,-57.81898748945348
21382873333.3,-58.84012838204795
21387871666.7,-58.615912104083364
21392870000.0,-58.5815257083258
21397868333.3,-58.22732524683164
21402866666.7,-58.39685147796765
21407865000.0,-58.59620745001972
21412863333.3,-58.57472483015006
21417861666.7,-58.66321334710208
21422860000.0,-58.81866798572205
21427858333.3,-59.17356740979074
21432856666.7,-58.85305968055454
21437855000.0,-58.89971102003696
21442853333.3,-58.40416126578422
21447851666.7,-58.63434415967443
21452850000.0,-58.39588493946093
21457848333.3,-58.74913466073839
21462846666.7,-58.355419541655245
21467845000.0,-58.37243385351927
21472843333.3,-58.46681884734671
21477841666.7,-58.54583781370085
21482840000.0,-58.870151599351246
21487838333.3,-58.20896994916055
21492836666.7,-58.49640842454743
21497835000.0,-58.97544492600104
21502833333.3,-59.09711068714287
21507831666.7,-59.09769386686456
21512830000.0,-59.561208472501775
21517828333.3,-59.17197645237196
21522826666.7,-58.78632005346529
21527825000.0,-58.72009265800715
21532823333.3,-59.50414216481369
21537821666.7,-59.11377844567454
21542820000.0,-58.35762785771449
21547818333.3,-58.516978139055134
21552816666.7,-59.120752449522726
21557815000.0,-58.99971814761737
21562813333.3,-58.584109859278925
21567811666.7,-58.32351950754173
21572810000.0,-58.30262371564742
21577808333.3,-58.746408222549775
21582806666.7,-58.3078209632709
21587805000.0,-59.54446289888112
21592803333.3,-58.075227364721094
21597801666.7,-58.67884174622248
21602800000.0,-59.14017770598289
21607798333.3,-58.63674461318483
21612796666.7,-58.890752322298624
21617795000.0,-58.889422944975394
21622793333.3,-58.42366149006512
21627791666.7,-58.67640043563231
21632790000.0,-58.970835288031495
21637788333.3,-58.91382534363547
21642786666.7,-57.925700543648944
21647785000.0,-58.81671161201179
21652783333.3,-58.6028176893851
21657781666.7,-58.646151937623074
21662780000.0,-58.57296444570086
21667778333.3,-58.69848629501706
21672776666.7,-59.30633164868748
21677775000.0,-58.800210300656445
21682773333.3,-59.29440349740371
21687771666.7,-59.13782558584395
21692770000.0,-59.98736312985926
21697768333.3,-59.3620406968424
21702766666.7,-59.06810378812444
21707765000.0,-59.04120466589684
21712763333.3,-58.70256483733466
21717761666.7,-58.768560007131526
21722760000.0,-58.26047925342031
21727758333.3,-59.05384726390463
21732756666.7,-58.509730924533216
21737755000.0,-58.42064921514931
21742753333.3,-58.60062484097572
21747751666.7,-59.310258932858844
21752750000.0,-58.048517975031324
21757748333.3,-58.3378975566241
21762746666.7,-58.375562891762016
21767745000.0,-59.05806370408007
21772743333.3,-58.582054076546086
21777741666.7,-58.74294564195357
21782740000.0,-58.2349748855681
21787738333.3,-58.64424155074654
21792736666.7,-58.941247754526714
21797735000.0,-58.0281539415516
21802733333.3,-58.2945098603055
21807731666.7,-58.162562924911754
21812730000.0,-58.68661542688791
21817728333.3,-58.459523575756634
21822726666.7,-58.26472856303227
21827725000.0,-58.963911143939455
21832723333.3,-58.73890675992517
21837721666.7,-58.78638890021806
21842720000.0,-59.08050138415766
21847718333.3,-58.980374284188876
21852716666.7,-59.32899056196753
21857715000.0,-59.751214431370656
21862713333.3,-59.64257992542882
21867711666.7,-59.439029209943115
21872710000.0,-59.424590805462586
21877708333.3,-60.278659120529014
21882706666.7,-60.175273894956106
21887705000.0,-60.186096835583704
21892703333.3,-60.1496807960556
21897701666.7,-59.22451799846119
21902700000.0,-59.63652806539433
21907698333.3,-59.66585026835979
21912696666.7,-59.801995279892836
21917695000.0,-59.35996450147492
21922693333.3,-59.555159733794945
21927691666.7,-59.83211833766562
21932690000.0,-59.39733354460026
21937688333.3,-59.939568907896685
21942686666.7,-59.97339359550466
21947685000.0,-59.584554524620295
21952683333.3,-59.911663566890695
21957681666.7,-59.6482789484872
21962680000.0,-59.75641697393453
21967678333.3,-60.34414318943534
21972676666.7,-60.08463629748637
21977675000.0,-59.35125082122856
21982673333.3,-59.41543819214835
21987671666.7,-59.84925149658339
21992670000.0,-59.69003518873337
21997668333.3,-59.61445764887122
22002666666.7,-59.36451029063329
22007665000.0,-59.1630892104417
22012663333.3,-59.564481441133346
22017661666.7,-59.39730307501637
22022660000.0,-58.6445625366403
22027658333.3,-59.4011296818384
22032656666.7,-59.51638822190315
22037655000.0,-59.726465772316416
22042653333.3,-59.36864892954915
22047651666.7,-59.182382671265394
22052650000.0,-58.91286516881334
22057648333.3,-59.207041643700336
22062646666.7,-58.40296101923891
22067645000.0,-59.31830771931434
22072643333.3,-59.317580491018845
22077641666.7,-59.26627535594164
22082640000.0,-58.64891940704841
22087638333.3,-59.520972685094776
22092636666.7,-59.00810666077262
22097635000.0,-59.6225878509183
22102633333.3,-59.5881672840084
22107631666.7,-59.821459640966395
22112630000.0,-59.619410768175584
22117628333.3,-60.02128172984631
22122626666.7,-60.008795455369814
22127625000.0,-59.83227839778189
22132623333.3,-59.574181498695225
22137621666.7,-59.16278247598062
22142620000.0,-59.92989232467722
22147618333.3,-59.68677749635735
22152616666.7,-59.71054738081837
22157615000.0,-59.14320009810429
22162613333.3,-58.99903928911098
22167611666.7,-59.27960317623656
22172610000.0,-58.911415380956605
22177608333.3,-59.48102971098103
22182606666.7,-58.61542681760018
22187605000.0,-58.71818237167175
22192603333.3,-59.67022654084245
22197601666.7,-58.70356226708977
22202600000.0,-59.027477900252904
22207598333.3,-59.031522353402686
22212596666.7,-58.963782696459404
22217595000.0,-58.849048913001724
22222593333.3,-58.82747777993832
22227591666.7,-59.12989467910865
22232590000.0,-58.90246359552247
22237588333.3,-58.31019984875077
22242586666.7,-58.50527901092684
22247585000.0,-59.10110272288043
22252583333.3,-59.38676117532482
22257581666.7,-58.577223324968884
22262580000.0,-58.600754597861915
22267578333.3,-58.77042905439605
22272576666.7,-59.205803916617235
22277575000.0,-59.07720528908505
22282573333.3,-59.310313590728384
22287571666.7,-59.16078504879469
22292570000.0,-59.012614885627166
22297568333.3,-58.85507648109669
22302566666.7,-59.87568019927817
22307565000.0,-59.86309689154993
22312563333.3,-59.566074515177824
22317561666.7,-60.002521015823866
22322560000.0,-59.518466189928006
22327558333.3,-59.12026071234866
22332556666.7,-59.110574498607164
22337555000.0,-59.25602048164147
22342553333.3,-60.03596380195086
22347551666.7,-59.142328399067964
22352550000.0,-59.63907315106213
22357548333.3,-59.38383019387437
22362546666.7,-59.74615043589763
22367545000.0,-59.10326095780141
22372543333.3,-59.85830743532897
22377541666.7,-58.967109849520966
22382540000.0,-59.0153072603859
22387538333.3,-59.3823507500528
22392536666.7,-59.40710911923017
22397535000.0,-58.95352484142052
22402533333.3,-59.250610666402935
22407531666.7,-59.14959162867393
22412530000.0,-59.14495839653786
22417528333.3,-58.8924352791948
22422526666.7,-59.01374797207264
22427525000.0,-58.505133064967225
22432523333.3,-58.433348577913904
22437521666.7,-58.378496801863776
22442520000.0,-59.23969087056399
22447518333.3,-58.911727364251625
22452516666.7,-58.892999752104565
22457515000.0,-59.30365796182489
22462513333.3,-59.29113430571621
22467511666.7,-59.430824892083926
22472510000.0,-58.70025297766045
22477508333.3,-58.337299391984104
22482506666.7,-59.10651924636797
22487505000.0,-58.77001353079673
22492503333.3,-58.58327369597673
22497501666.7,-58.64658697761528
22502500000.0,-58.487344843786495
22507498333.3,-58.63258933470256
22512496666.7,-58.60888671060644
22517495000.0,-57.92329720855732
22522493333.3,-58.14576120292911
22527491666.7,-58.669174659998085
22532490000.0,-58.48738620076296
22537488333.3,-59.023675933154664
22542486666.7,-59.259321909675
22547485000.0,-58.89022223998475
22552483333.3,-59.003009172502374
22557481666.7,-59.03756006754429
22562480000.0,-59.54141228418406
22567478333.3,-59.401975785671624
22572476666.7,-59.50784790070138
22577475000.0,-59.206297015988895
22582473333.3,-59.68775992019018
22587471666.7,-59.594891478878075
22592470000.0,-59.4944091073721
22597468333.3,-60.037866243543476
22602466666.7,-60.244543127527386
22607465000.0,-60.136039318418725
22612463333.3,-60.208304204641436
22617461666.7,-60.06830219975057
22622460000.0,-60.401681785998356
22627458333.3,-60.17163717117433
22632456666.7,-60.487302607998274
22637455000.0,-60.679531366405755
22642453333.3,-60.36418377204541
22647451666.7,-60.50392257561658
22652450000.0,-60.44363146420659
22657448333.3,-60.51001149516488
22662446666.7,-60.10230790508909
22667445000.0,-60.218200316302244
22672443333.3,-60.18600522509439
22677441666.7,-59.62754081495643
22682440000.0,-59.63156214618117
22687438333.3,-59.55070133101999
22692436666.7,-59.51955088184377
22697435000.0,-60.02084018790441
22702433333.3,-59.400861195188156
22707431666.7,-59.67272132444694
22712430000.0,-59.53839950885371
22717428333.3,-59.40065587466377
22722426666.7,-59.3434495289153
22727425000.0,-59.32498323287655
22732423333.3,-58.99049701677092
22737421666.7,-59.718975231269596
22742420000.0,-59.77215069979712
22747418333.3,-59.709572315400685
22752416666.7,-59.22279203797815
22757415000.0,-59.54703500284897
22762413333.3,-59.92507293097528
22767411666.7,-60.25305650083592
22772410000.0,-59.64201365540192
22777408333.3,-60.069638641031766
22782406666.7,-59.812364083258764
22787405000.0,-59.88347776713059
22792403333.3,-59.859559959858906
22797401666.7,-60.064712974714844
22802400000.0,-60.54922623030153
22807398333.3,-59.76056223074298
22812396666.7,-60.19665203180669
22817395000.0,-60.423360893311944
22822393333.3,-60.09170652171043
22827391666.7,-60.455286563969
22832390000.0,-60.54443894734337
22837388333.3,-60.43890940067417
22842386666.7,-60.986409333672285
22847385000.0,-60.853343697893585
22852383333.3,-60.82633583207602
22857381666.7,-60.50341551325146
22862380000.0,-61.013277871404966
22867378333.3,-60.65352556286377
22872376666.7,-60.563131863411456
22877375000.0,-61.01761854526281
22882373333.3,-60.555566333719526
22887371666.7,-60.47077552975726
22892370000.0,-60.84026624808229
22897368333.3,-60.647252040095516
22902366666.7,-60.583672292760326
22907365000.0,-60.77135042154335
22912363333.3,-60.852511361611306
22917361666.7,-61.67639696805384
22922360000.0,-60.4389301704343
22927358333.3,-60.0480259979113
22932356666.7,-60.197588813022264
22937355000.0,-60.133078113347516
22942353333.3,-60.34883863280676
22947351666.7,-59.900257184478264
22952350000.0,-60.17108629556661
22957348333.3,-59.843628630359945
22962346666.7,-59.68463891044165
22967345000.0,-60.273423857859314
22972343333.3,-59.64247466216915
22977341666.7,-60.185555731280715
22982340000.0,-59.899912128071016
22987338333.3,-59.72187581200859
22992336666.7,-60.09162952395098
22997335000.0,-60.09326909464989
23002333333.3,-60.2756761074689
23007331666.7,-60.276080269939925
23012330000.0,-60.0977246247627
23017328333.3,-60.13839033716556
23022326666.7,-60.04979556869878
23027325000.0,-59.79908257530334
23032323333.3,-59.686884309545896
23037321666.7,-60.06479124268339
23042320000.0,-60.28195095525809
23047318333.3,-59.71847195392541
23052316666.7,-59.820807661708166
23057315000.0,-60.090897005065486
23062313333.3,-60.60575050382465
23067311666.7,-60.26012538706755
23072310000.0,-59.724384248262666
23077308333.3,-60.31733819691731
23082306666.7,-60.320379487203326
23087305000.0,-60.39569301023838
23092303333.3,-60.577054060807036
23097301666.7,-60.842612804584235
23102300000.0,-60.11253491004359
23107298333.3,-60.77836406777533
23112296666.7,-61.12624780205301
23117295000.0,-60.774386840809726
23122293333.3,-61.28181565766389
23127291666.7,-60.75910171496302
23132290000.0,-61.0589829646371
23137288333.3,-60.326499743090274
23142286666.7,-60.5752859796138
23147285000.0,-60.945326797711665
23152283333.3,-60.73457469765721
23157281666.7,-61.0813122684234
23162280000.0,-60.80353811079387
23167278333.3,-60.5951942285331
23172276666.7,-60.77703226667942
23177275000.0,-60.74399738171848
23182273333.3,-60.86067133342326
23187271666.7,-60.83826226933197
23192270000.0,-60.788736994832
23197268333.3,-60.5975903873637
23202266666.7,-61.0415071293588
23207265000.0,-60.35398226035491
23212263333.3,-60.641593491886645
23217261666.7,-60.668937292150034
23222260000.0,-60.4995713718197
23227258333.3,-60.59166117730085
23232256666.7,-60.55074541223271
23237255000.0,-59.959940684314915
23242253333.3,-60.257793330465915
23247251666.7,-60.201668531554816
23252250000.0,-59.77919837795972
23257248333.3,-60.618900374461845
23262246666.7,-60.529066974816416
23267245000.0,-60.122542574398175
23272243333.3,-60.25748959430459
23277241666.7,-60.54790712752065
23282240000.0,-60.38790651502065
23287238333.3,-60.72599609502759
23292236666.7,-60.56173848010663
23297235000.0,-61.02653706397331
23302233333.3,-60.92320195913034
23307231666.7,-59.994251468999806
23312230000.0,-60.95601660463778
23317228333.3,-61.1077208025489
23322226666.7,-61.340439500311376
23327225000.0,-60.5576999493423
23332223333.3,-61.105378737073664
23337221666.7,-60.94755703613403
23342220000.0,-60.370966982614505
23347218333.3,-60.672906393833145
23352216666.7,-61.0681054723155
23357215000.0,-61.12770593718243
23362213333.3,-60.73678579882902
23367211666.7,-60.73810563362315
23372210000.0,-60.844581604295314
23377208333.3,-60.85317087882805
23382206666.7,-60.93625500758332
23387205000.0,-60.5826824276584
23392203333.3,-60.867504874861645
23397201666.7,-60.71288834364661
23402200000.0,-61.29166453380392
23407198333.3,-60.93306138203918
23412196666.7,-61.69824060646377
23417195000.0,-60.79831441508688
23422193333.3,-60.590015053716485
23427191666.7,-60.95830060480053
23432190000.0,-60.92707530785414
23437188333.3,-60.133572548251266
23442186666.7,-60.29810662248302
23447185000.0,-61.35020249899334
23452183333.3,-60.67849343437588
23457181666.7,-61.30942504931174
23462180000.0,-60.6226417682775
23467178333.3,-60.98339261073924
23472176666.7,-60.91627963521533
23477175000.0,-61.10648811820256
23482173333.3,-60.901954633583124
23487171666.7,-60.209815789717325
23492170000.0,-60.94602443486576
23497168333.3,-60.627979503699514
23502166666.7,-60.86419590243642
23507165000.0,-60.93563292010846
23512163333.3,-61.11933117271134
23517161666.7,-61.38944423703553
23522160000.0,-61.347835303028766
23527158333.3,-60.13567248691305
23532156666.7,-61.53758966858193
23537155000.0,-62.06941821665026
23542153333.3,-61.5027514952731
23547151666.7,-61.51961488591514
23552150000.0,-61.65529764754568
23557148333.3,-61.655313665026874
23562146666.7,-60.84519087214666
23567145000.0,-61.313720517520025
23572143333.3,-61.398857471144154
23577141666.7,-60.84892628448107
23582140000.0,-61.08483586240921
23587138333.3,-60.8520666832051
23592136666.7,-61.551308730355515
23597135000.0,-60.86323338769064
23602133333.3,-60.898084891640366
23607131666.7,-60.92909666192967
23612130000.0,-60.49445724246578
23617128333.3,-60.756275671568645
23622126666.7,-60.92562873804491
23627125000.0,-61.05910325054057
23632123333.3,-60.895340788793035
23637121666.7,-60.46443755695439
23642120000.0,-61.155719614808206
23647118333.3,-60.95156663962817
23652116666.7,-61.414292743564204
23657115000.0,-60.271563968953714
23662113333.3,-59.94643265568779
23667111666.7,-59.98895104283568
23672110000.0,-60.76167855540383
23677108333.3,-60.51718937762482
23682106666.7,-60.74953898046517
23687105000.0,-60.59737121489376
23692103333.3,-60.42057152195372
23697101666.7,-60.6409372040375
23702100000.0,-60.08503554077893
23707098333.3,-61.003667691248694
23712096666.7,-59.67097290748978
23717095000.0,-60.39762895470788
23722093333.3,-60.536997219819675
23727091666.7,-61.10187259189892
23732090000.0,-61.10606013688443
23737088333.3,-61.76934854827904
23742086666.7,-61.18426981408468
23747085000.0,-60.558293395785
23752083333.3,-61.04603412111142
23757081666.7,-60.50659053642917
23762080000.0,-60.97264528163245
23767078333.3,-61.07213995954939
23772076666.7,-60.759970571136186
23777075000.0,-60.86628379638573
23782073333.3,-61.55642051306003
23787071666.7,-60.96419143252327
23792070000.0,-60.449939451731744
23797068333.3,-60.67599906820969
23802066666.7,-60.23209629338912
23807065000.0,-60.697000431353615
23812063333.3,-60.32500151668043
23817061666.7,-60.970852894172076
23822060000.0,-60.24755601738251
23827058333.3,-60.40711494442281
23832056666.7,-60.384496857540725
23837055000.0,-60.632503889746616
23842053333.3,-60.17286347625979
23847051666.7,-60.85487697980392
23852050000.0,-60.28944789617044
23857048333.3,-59.67720012405565
23862046666.7,-60.67969252274036
23867045000.0,-60.4680914789239
23872043333.3,-60.05941120170648
23877041666.7,-60.426206913188906
23882040000.0,-61.128132120205606
23887038333.3,-60.179298432665426
23892036666.7,-59.86385497555523
23897035000.0,-60.289363000108374
23902033333.3,-60.360027380664135
23907031666.7,-60.73901984981822
23912030000.0,-59.71115536734223
23917028333.3,-60.55473699421468
23922026666.7,-59.61579913203786
23927025000.0,-59.62149612619449
23932023333.3,-59.84523360924159
23937021666.7,-60.04984595549643
23942020000.0,-59.792341597202324
23947018333.3,-60.121056229678125
23952016666.7,-59.86654865904065
23957015000.0,-60.13113767397581
23962013333.3,-60.47684460334941
23967011666.7,-61.00439113616554
23972010000.0,-61.06344164690114
23977008333.3,-61.123436925704056
23982006666.7,-60.57171259025032
23987005000.0,-60.0967525505154
23992003333.3,-60.78215297219194
23997001666.7,-60.704600854985074
24002000000.0,-60.40299003727011
24006998333.3,-60.70721841453013
24011996666.7,-60.66057618366134
24016995000.0,-60.16396341085837
24021993333.3,-59.16773082136849
24026991666.7,-59.413013064423275
24031990000.0,-60.97416776987218
24036988333.3,-59.521669104396395
24041986666.7,-60.66800477130702
24046985000.0,-61.579857758761975
24051983333.3,-60.95683314725218
24056981666.7,-60.23613402390946
24061980000.0,-60.7205748163325
24066978333.3,-60.167595918300314
24071976666.7,-59.74840297195942
24076975000.0,-60.628647294849394
24081973333.3,-58.44993166323873
24086971666.7,-61.002978601670506
24091970000.0,-59.82090286464339
24096968333.3,-58.98903978696516
24101966666.7,-60.00982201966683
24106965000.0,-60.78499658227913
24111963333.3,-57.45865308242884
24116961666.7,-59.17910843263178
24121960000.0,-59.27873905894113
24126958333.3,-59.1732228369169
24131956666.7,-57.49930710109144
24136955000.0,-58.8840749624391
24141953333.3,-60.04921389407603
24146951666.7,-60.579804948086945
24151950000.0,-58.60820098140508
24156948333.3,-59.074195226849454
24161946666.7,-59.703663023087984
24166945000.0,-59.08209833187277
24171943333.3,-59.994054134486646
24176941666.7,-59.49612352695258
24181940000.0,-60.842992602760326
24186938333.3,-59.2983484213523
24191936666.7,-59.65316683794772
24196935000.0,-59.08773265770285
24201933333.3,-60.004880983108634
24206931666.7,-60.56693613431306
24211930000.0,-58.67724539413588
24216928333.3,-61.018049936390184
24221926666.7,-59.3501819749127
24226925000.0,-61.55029401909309
24231923333.3,-59.95715008394563
24236921666.7,-60.05563921398129
24241920000.0,-60.38074585817722
24246918333.3,-61.665651238299255
24251916666.7,-60.9184723662592
24256915000.0,-62.39969836387065
24261913333.3,-63.21249503163244
24266911666.7,-60.10920168028561
24271910000.0,-59.7681690285532
24276908333.3,-60.44437421475918
24281906666.7,-59.24729134706352
24286905000.0,-58.11015567784682
24291903333.3,-61.637198109953665
24296901666.7,-60.82862200039479
24301900000.0,-60.99536659437378
24306898333.3,-62.620227348197936
24311896666.7,-59.5081191280556
24316895000.0,-61.739858387351106
24321893333.3,-60.65588010110342
24326891666.7,-61.120394980318686
24331890000.0,-61.08462056348358
24336888333.3,-59.36894952469524
24341886666.7,-60.90390645531513
24346885000.0,-59.693978467269126
24351883333.3,-58.60534764392092
24356881666.7,-58.7144042170873
24361880000.0,-58.6797313314772
24366878333.3,-58.96953227348537
24371876666.7,-58.864341469971826
24376875000.0,-57.15408516610743
24381873333.3,-58.64366503137494
24386871666.7,-59.037894311197824
24391870000.0,-58.1525959910558
24396868333.3,-57.63735356509044
24401866666.7,-60.62358456586941
24406865000.0,-59.38326348524919
24411863333.3,-59.94686827157998
24416861666.7,-61.48216205098535
24421860000.0,-59.65922677373441
24426858333.3,-60.65702212901466
24431856666.7,-58.850652699380035
24436855000.0,-59.71257449380603
24441853333.3,-59.14681948274267
24446851666.7,-61.68550181222247
24451850000.0,-59.92171968782935
24456848333.3,-60.177822091402824
24461846666.7,-58.509766337746434
24466845000.0,-60.74104157898583
24471843333.3,-60.67203215971139
24476841666.7,-58.82107724803798
24481840000.0,-60.91390790535927
24486838333.3,-59.821518946579445
24491836666.7,-58.80336792096685
24496835000.0,-61.340100510237086
24501833333.3,-60.01911749156103
24506831666.7,-60.233053797060805
24511830000.0,-60.97033815290586
24516828333.3,-61.74667661556146
24521826666.7,-62.61190942787012
24526825000.0,-60.30488401311999
24531823333.3,-59.783853611298106
24536821666.7,-59.07642375679286
24541820000.0,-58.66297611657811
24546818333.3,-60.48412452825704
24551816666.7,-60.174742898616714
24556815000.0,-59.44393796728214
24561813333.3,-61.24355330132768
24566811666.7,-59.957147040654604
24571810000.0,-60.299257056335314
24576808333.3,-60.71434111046536
24581806666.7,-60.43845276173489
24586805000.0,-60.72704437827649
24591803333.3,-60.470637868332055
24596801666.7,-61.65476669165007
24601800000.0,-59.45871797872606
24606798333.3,-58.83876248271298
24611796666.7,-58.8836204039513
24616795000.0,-60.17633938841477
24621793333.3,-60.554359379532414
24626791666.7,-59.196459167674945
24631790000.0,-59.98618749683567
24636788333.3,-59.33008951778738
24641786666.7,-60.05126835564519
24646785000.0,-59.110379176716286
24651783333.3,-60.81241319673079
24656781666.7,-60.220318410165135
24661780000.0,-59.142980695411644
24666778333.3,-60.967368514561564
24671776666.7,-62.282835571567375
24676775000.0,-63.585970545549245
24681773333.3,-61.41092434745565
24686771666.7,-58.22011650757452
24691770000.0,-59.76660025207017
24696768333.3,-60.628381826786
24701766666.7,-60.028892790572606
24706765000.0,-60.85305467400655
24711763333.3,-59.40310886145828
24716761666.7,-59.524748808690845
24721760000.0,-60.64984271997763
24726758333.3,-60.163979856166634
24731756666.7,-60.21173351809445
24736755000.0,-61.03702295845777
24741753333.3,-61.519815976628735
24746751666.7,-60.97378521865327
24751750000.0,-60.371225244276275
24756748333.3,-59.67538498933848
24761746666.7,-61.72355757646234
24766745000.0,-59.96587059201478
24771743333.3,-59.61621074420782
24776741666.7,-60.68894501273636
24781740000.0,-61.78576166647388
24786738333.3,-60.761286478594776
24791736666.7,-60.61583343238384
24796735000.0,-60.43791568568561
24801733333.3,-59.66967002212214
24806731666.7,-61.03008739448795
24811730000.0,-60.12341235878084
24816728333.3,-60.3661918907057
24821726666.7,-60.812723947030236
24826725000.0,-61.370146886490986
24831723333.3,-61.708517002056354
24836721666.7,-60.536295975664245
24841720000.0,-60.87599510481211
24846718333.3,-59.79515584728276
24851716666.7,-60.660363292434994
24856715000.0,-60.31678408804545
24861713333.3,-59.611303292907216
24866711666.7,-60.43574235413718
24871710000.0,-61.26587545905259
24876708333.3,-58.75068921868027
24881706666.7,-60.187974692211256
24886705000.0,-58.23854857847323
24891703333.3,-59.99912030090553
24896701666.7,-61.12700182952246
24901700000.0,-59.98716655870463
24906698333.3,-60.8312842787888
24911696666.7,-58.52298664976275
24916695000.0,-60.88488680229278
24921693333.3,-59.15712746138537
24926691666.7,-61.99208550492807
24931690000.0,-60.19788728877111
24936688333.3,-60.56955332679084
24941686666.7,-61.22143680297363
24946685000.0,-59.78552883630723
24951683333.3,-59.87974947338128
24956681666.7,-58.82920316764147
24961680000.0,-60.31563600248741
24966678333.3,-61.95856394120977
24971676666.7,-59.689926613762985
24976675000.0,-61.45489919083939
24981673333.3,-60.59484860886215
24986671666.7,-60.765557264287835
24991670000.0,-61.359095637860044
24996668333.3,-60.17216968638337
25001666666.7,-61.92157563846721
25006665000.0,-61.092381002862915
25011663333.3,-60.41197859391767
25016661666.7,-61.29188532698386
25021660000.0,-61.655063191426
25026658333.3,-62.17995397523343
25031656666.7,-61.192289926095526
25036655000.0,-62.403601236363755
25041653333.3,-61.198713383061374
25046651666.7,-60.44460572404573
25051650000.0,-59.72060348552717
25056648333.3,-60.97112232787908
25061646666.7,-61.471296314433175
25066645000.0,-59.85478302823385
25071643333.3,-60.487438845364366
25076641666.7,-60.51323937734669
25081640000.0,-61.6140209269815
25086638333.3,-60.66250749012886
25091636666.7,-60.56859697873955
25096635000.0,-61.24567719223378
25101633333.3,-62.372756934401394
25106631666.7,-61.43189279436501
25111630000.0,-61.65441442111621
25116628333.3,-61.55711096290539
25121626666.7,-62.127311950040784
25126625000.0,-59.36186456697568
25131623333.3,-60.06217585353709
25136621666.7,-60.32676931223957
25141620000.0,-61.41182414707184
25146618333.3,-59.73005353038258
25151616666.7,-60.185150553747484
25156615000.0,-61.18012913250194
25161613333.3,-62.20642396934533
25166611666.7,-60.158554657325695
25171610000.0,-61.769841792700376
25176608333.3,-62.11480529702094
25181606666.7,-60.79914704400523
25186605000.0,-62.043458243300655
25191603333.3,-61.580300890270024
25196601666.7,-59.591253624233865
25201600000.0,-59.57055327663159
25206598333.3,-60.11509640777491
25211596666.7,-60.998422063622485
25216595000.0,-61.49172874046955
25221593333.3,-60.76591500737144
25226591666.7,-63.209531761244975
25231590000.0,-60.442241190942525
25236588333.3,-60.171478517129835
25241586666.7,-59.81471979989
25246585000.0,-60.93511446815012
25251583333.3,-61.467725852499804
25256581666.7,-63.44447109820253
25261580000.0,-61.843705971998844
25266578333.3,-62.90499085305271
25271576666.7,-63.47866790674435
25276575000.0,-60.66684752187847
25281573333.3,-62.48951887876493
25286571666.7,-61.649208437239366
25291570000.0,-60.69267199384026
25296568333.3,-60.86296151328126
25301566666.7,-61.2645616555125
25306565000.0,-63.0241829065497
25311563333.3,-61.14157458445008
25316561666.7,-61.34681983805937
25321560000.0,-59.48282431734516
25326558333.3,-61.14526344162748
25331556666.7,-61.08415275483629
25336555000.0,-59.61056067539318
25341553333.3,-60.55273119110514
25346551666.7,-59.94976569097071
25351550000.0,-61.32206847648041
25356548333.3,-61.52226418153596
25361546666.7,-61.5028971930633
25366545000.0,-62.68260537873962
25371543333.3,-61.5691756704347
25376541666.7,-61.97571732604552
25381540000.0,-64.81260750695246
25386538333.3,-60.868477165731946
25391536666.7,-61.58142317285141
25396535000.0,-60.66197706939731
25401533333.3,-60.91061230333449
25406531666.7,-61.32062187492163
25411530000.0,-60.79815065886625
25416528333.3,-60.811778182004076
25421526666.7,-60.71933763895734
25426525000.0,-60.7085445210318
25431523333.3,-60.89317744951097
25436521666.7,-62.15681458709257
25441520000.0,-62.63197449315036
25446518333.3,-63.23966266925203
25451516666.7,-61.734172881679
25456515000.0,-64.76834840241642
25461513333.3,-60.28143711295445
25466511666.7,-61.36835005404236
25471510000.0,-61.75128607294745
25476508333.3,-60.489160770155586
25481506666.7,-60.51962683053027
25486505000.0,-59.192642732415734
25491503333.3,-59.27213671175514
25496501666.7,-59.964502347305185
25501500000.0,-61.918631405945064
25506498333.3,-62.54441372162478
25511496666.7,-60.91732253968055
25516495000.0,-60.632420686058374
25521493333.3,-61.88848583578766
25526491666.7,-60.062533728222576
25531490000.0,-61.32159977751512
25536488333.3,-61.88980423271736
25541486666.7,-60.682258061134945
25546485000.0,-61.89034812548155
25551483333.3,-60.377720361294166
25556481666.7,-62.180627427895544
25561480000.0,-60.22847792641008
25566478333.3,-61.07395844486474
25571476666.7,-60.24585141706034
25576475000.0,-59.59469442473751
25581473333.3,-60.242882757961624
25586471666.7,-59.44759070319688
25591470000.0,-61.43801620533864
25596468333.3,-60.90360983329158
25601466666.7,-61.951703221654995
25606465000.0,-61.729455534669164
25611463333.3,-61.319634570641924
25616461666.7,-61.67540063606487
25621460000.0,-60.572950133265095
25626458333.3,-61.25223135677488
25631456666.7,-59.810702317395574
25636455000.0,-61.09747028201812
25641453333.3,-63.628319125350366
25646451666.7,-62.50654584291426
25651450000.0,-62.01913534043237
25656448333.3,-61.80567659581743
25661446666.7,-61.7973464605642
25666445000.0,-61.67590144049097
25671443333.3,-62.01656052219234
25676441666.7,-60.22296394617158
25681440000.0,-61.63363224238701
25686438333.3,-59.91717555927715
25691436666.7,-62.216979268639776
25696435000.0,-61.3074555951754
25701433333.3,-63.77534745412913
25706431666.7,-62.72449280056488
25711430000.0,-61.8311477810482
25716428333.3,-62.164073534502755
25721426666.7,-63.82843535769669
25726425000.0,-61.62791804435712
25731423333.3,-62.618371922024416
25736421666.7,-61.307500358377766
25741420000.0,-61.20792112470962
25746418333.3,-61.497763083702026
25751416666.7,-59.83885362200354
25756415000.0,-62.00847587237806
25761413333.3,-59.68796635020682
25766411666.7,-61.867807240344575
25771410000.0,-60.7363449168815
25776408333.3,-61.04981328037592
25781406666.7,-61.46874476410785
25786405000.0,-59.33872331203308
25791403333.3,-59.96472774728228
25796401666.7,-60.77356138681195
25801400000.0,-62.53261188596515
25806398333.3,-61.13955050792035
25811396666.7,-60.3733945353291
25816395000.0,-61.488616332777525
25821393333.3,-62.18070820420097
25826391666.7,-60.15315882145799
25831390000.0,-61.08016604860232
25836388333.3,-57.6978307458048
25841386666.7,-59.722730625200846
25846385000.0,-60.33107060964796
25851383333.3,-60.79357519410063
25856381666.7,-62.131694494077095
25861380000.0,-62.68640296586851
25866378333.3,-60.410250370839236
25871376666.7,-62.55692420489641
25876375000.0,-60.78226484185123
25881373333.3,-62.34228673265861
25886371666.7,-62.93719839397423
25891370000.0,-61.78802555979759
25896368333.3,-61.571644366926925
25901366666.7,-60.45263430095244
25906365000.0,-62.197927888426634
25911363333.3,-61.83271274464766
25916361666.7,-61.2784069001077
25921360000.0,-62.27290634901631
25926358333.3,-60.44016975392341
25931356666.7,-60.13421632242557
25936355000.0,-59.883835731973186
25941353333.3,-62.07500797786197
25946351666.7,-61.136134251676985
25951350000.0,-61.26316237268253
25956348333.3,-59.985269568083496
25961346666.7,-63.25573113213175
25966345000.0,-62.19462948938482
25971343333.3,-60.81932482576009
25976341666.7,-62.9219825496373
25981340000.0,-60.844754464790675
25986338333.3,-60.98531127722553
25991336666.7,-59.674306445994425
25996335000.0,-61.39455689267934
26001333333.3,-61.09456498894316
26006331666.7,-61.28131789801717
26011330000.0,-60.52991425351056
26016328333.3,-61.78025474926451
26021326666.7,-61.33282751477569
26026325000.0,-61.71449113952846
26031323333.3,-59.2486299451995
26036321666.7,-61.826177230431895
26041320000.0,-61.510090921333415
26046318333.3,-63.27538092355092
26051316666.7,-62.211332952369645
26056315000.0,-62.42020090782325
26061313333.3,-61.707184032670746
26066311666.7,-63.25069075100356
26071310000.0,-61.23246570256049
26076308333.3,-62.173701257684556
26081306666.7,-62.15866833169049
26086305000.0,-60.59481966522549
26091303333.3,-61.94724877859167
26096301666.7,-61.53714449134179
26101300000.0,-60.04398757994777
26106298333.3,-60.83807560064027
26111296666.7,-61.704758587892165
26116295000.0,-61.15473811116204
26121293333.3,-64.1286177480076
26126291666.7,-62.3987305705772
26131290000.0,-62.55545047000634
26136288333.3,-62.01746240548826
26141286666.7,-61.821535087164705
26146285000.0,-62.86202057385946
26151283333.3,-61.767146552616495
26156281666.7,-61.138789127603204
26161280000.0,-62.68985568816399
26166278333.3,-62.541568133507
26171276666.7,-60.877912782232364
26176275000.0,-61.43662355929859
26181273333.3,-62.037662837405165
26186271666.7,-61.1754353756994
26191270000.0,-62.35977650281057
26196268333.3,-61.5541493661723
26201266666.7,-63.19896838902969
26206265000.0,-61.27930200591727
26211263333.3,-60.02151295528868
26216261666.7,-64.04899963318874
26221260000.0,-63.87095698025235
26226258333.3,-62.13711901202689
26231256666.7,-61.80969417089969
26236255000.0,-63.19605359900493
26241253333.3,-61.51526095970951
26246251666.7,-60.08510426205057
26251250000.0,-62.72048450549444
26256248333.3,-64.4069276943235
26261246666.7,-59.70511427566247
26266245000.0,-58.0178728371193
26271243333.3,-59.19137154487002
26276241666.7,-58.44118489711385
26281240000.0,-60.08592197230652
26286238333.3,-62.74153224024424
26291236666.7,-60.959127982548736
26296235000.0,-60.323079649522
26301233333.3,-61.03840343555234
26306231666.7,-63.34492185578182
26311230000.0,-62.53476444110794
26316228333.3,-63.12018450007918
26321226666.7,-61.37781044270816
26326225000.0,-62.23300763760296
26331223333.3,-60.3423073648652
26336221666.7,-60.51056952471023
26341220000.0,-63.20503684689356
26346218333.3,-61.93314052946273
26351216666.7,-59.78116194831215
26356215000.0,-61.283205396466855
26361213333.3,-61.00911095286192
26366211666.7,-62.46703264129253
26371210000.0,-62.983480889465554
26376208333.3,-63.2948004287377
26381206666.7,-60.98778431378869
26386205000.0,-61.96818834010294
26391203333.3,-62.62756110600692
26396201666.7,-61.69562454545313
26401200000.0,-62.57903459865769
26406198333.3,-60.40016369366591
26411196666.7,-64.16179298255491
26416195000.0,-64.12987184581422
26421193333.3,-62.428433244925486
26426191666.7,-63.93531520778929
26431190000.0,-62.486271193121496
26436188333.3,-60.89568357089024
26441186666.7,-60.21588363906112
26446185000.0,-61.37585365014112
26451183333.3,-60.962964234637155
26456181666.7,-61.897697153189036
26461180000.0,-63.12703168200357
26466178333.3,-64.40023341011505
26471176666.7,-61.28688454472954
26476175000.0,-63.3155970257846
26481173333.3,-63.02549878235901
26486171666.7,-62.46181670004564
26491170000.0,-61.64045277866157
26496168333.3,-63.11579102606289
26501166666.7,-61.31289780634668
26506165000.0,-61.37089419231687
26511163333.3,-61.03296307560558
26516161666.7,-60.750355445616016
26521160000.0,-60.86597650366295
26526158333.3,-61.23216780358376
26531156666.7,-59.912065652262626
26536155000.0,-61.94110419278445
26541153333.3,-62.54570362905213
26546151666.7,-59.70202405542511
26551150000.0,-62.49409744824646
26556148333.3,-60.863911757895785
26561146666.7,-61.33408463666113
26566145000.0,-61.266795946248436
26571143333.3,-61.7965840273486
26576141666.7,-60.87026488951267
26581140000.0,-60.23450398713362
26586138333.3,-64.32243746448125
26591136666.7,-59.74704355562964
26596135000.0,-61.14528007531124
26601133333.3,-59.34794067102595
26606131666.7,-62.06676481324901
26611130000.0,-62.6960392626199
26616128333.3,-61.08087763515787
26621126666.7,-60.05233433072769
26626125000.0,-60.10124177682221
26631123333.3,-62.80705882147353
26636121666.7,-59.347291667722104
26641120000.0,-62.87633186579583
26646118333.3,-61.79857242217031
26651116666.7,-62.8463836862438
26656115000.0,-63.48915205501253
26661113333.3,-62.577441477801784
26666111666.7,-61.75518118253481
26671110000.0,-61.9809397887818
26676108333.3,-62.79118338046825
26681106666.7,-60.83416334518968
26686105000.0,-62.018529685099125
26691103333.3,-62.03352804508854
26696101666.7,-60.4770196921914
26701100000.0,-61.13922998623879
26706098333.3,-59.969666436091
26711096666.7,-59.62691331592908
26716095000.0,-61.91192383844197
26721093333.3,-60.69365995316125
26726091666.7,-62.87786085438037
26731090000.0,-61.24953359144588
26736088333.3,-62.88728828044529
26741086666.7,-62.19302849391069
26746085000.0,-61.23481218683774
26751083333.3,-62.209083251236436
26756081666.7,-60.46041648273053
26761080000.0,-62.48717886612756
26766078333.3,-62.29764500476729
26771076666.7,-60.67968071045171
26776075000.0,-61.579339853069264
26781073333.3,-60.16236670982945
26786071666.7,-60.06877606264466
26791070000.0,-60.473978323246996
26796068333.3,-60.02272478427136
26801066666.7,-60.42283164066433
26806065000.0,-61.76989523286161
26811063333.3,-61.70660634145538
26816061666.7,-60.58671182649728
26821060000.0,-61.63786151439426
26826058333.3,-61.896200070127385
26831056666.7,-62.97703350773979
26836055000.0,-61.36667998253887
26841053333.3,-60.66029147041452
26846051666.7,-64.71855616389962
26851050000.0,-61.27907952519503
26856048333.3,-59.86623561813236
26861046666.7,-60.973548328444465
26866045000.0,-61.31641527661306
26871043333.3,-60.98253887513999
26876041666.7,-60.980625649078945
26881040000.0,-59.994927911603995
26886038333.3,-62.01084056765204
26891036666.7,-59.67406116032234
26896035000.0,-59.93838117696558
26901033333.3,-62.24966023707205
26906031666.7,-61.03587022615214
26911030000.0,-62.66210653479718
26916028333.3,-61.4945923468541
26921026666.7,-60.444629934826295
26926025000.0,-61.4449684033488
26931023333.3,-60.489638090073385
26936021666.7,-61.82225990329998
26941020000.0,-61.29162151936447
26946018333.3,-60.28335168244723
26951016666.7,-60.522872420422004
26956015000.0,-61.33258588545819
26961013333.3,-61.59886912041066
26966011666.7,-59.751737650087655
26971010000.0,-62.20656718629758
26976008333.3,-60.97125148175974
26981006666.7,-62.154699034675374
26986005000.0,-60.451176798230094
26991003333.3,-62.81391280946281
26996001666.7,-61.490644331303
27001000000.0,-62.770678783613796
27005998333.3,-62.54992553838722
27010996666.7,-61.59912553634223
27015995000.0,-62.069667167630904
27020993333.3,-61.647141274225554
27025991666.7,-61.87310457993754
27030990000.0,-62.00788317183673
27035988333.3,-61.501416951164394
27040986666.7,-61.620181042884894
27045985000.0,-63.42422675272349
27050983333.3,-62.12460503221644
27055981666.7,-63.19646229645983
27060980000.0,-60.62169217734243
27065978333.3,-62.70146009852468
27070976666.7,-62.398995344146144
27075975000.0,-62.10809253465203
27080973333.3,-63.49215499609894
27085971666.7,-63.471942403383764
27090970000.0,-63.15185243266341
27095968333.3,-63.410129771181005
27100966666.7,-63.73097883908883
27105965000.0,-63.04611862221121
27110963333.3,-61.79054170117452
27115961666.7,-62.13350300276228
27120960000.0,-62.353973419688614
27125958333.3,-61.98256769349794
27130956666.7,-63.19211462602734
27135955000.0,-62.17698373652251
27140953333.3,-61.873520311172825
27145951666.7,-62.342392718502154
27150950000.0,-61.840576225576186
27155948333.3,-62.670748845195945
27160946666.7,-60.93525377878821
27165945000.0,-61.017740677708844
27170943333.3,-62.53312501043521
27175941666.7,-64.035459520995
27180940000.0,-62.7281949399217
27185938333.3,-62.19000877837221
27190936666.7,-62.354465688245995
27195935000.0,-61.944424068448726
27200933333.3,-60.5354295473261
27205931666.7,-61.27599432920124
27210930000.0,-61.039655441123095
27215928333.3,-60.37130880239029
27220926666.7,-60.916766238899775
27225925000.0,-60.75733889426998
27230923333.3,-61.465975577541016
27235921666.7,-61.91453854189183
27240920000.0,-61.22956907611824
27245918333.3,-61.211507312824565
27250916666.7,-61.2780114944336
27255915000.0,-62.07853393251395
27260913333.3,-61.412466208565405
27265911666.7,-62.70754850349989
27270910000.0,-61.78454106158297
27275908333.3,-61.78867369939593
27280906666.7,-62.807650053900346
27285905000.0,-60.91852324093355
27290903333.3,-63.94643639319281
27295901666.7,-63.51495453634123
27300900000.0,-63.30722267458056
27305898333.3,-62.30348521568487
27310896666.7,-61.61814856417334
27315895000.0,-63.45791043824788
27320893333.3,-63.359511906343656
27325891666.7,-62.336940744752845
27330890000.0,-61.756447267429955
27335888333.3,-61.32070079536382
27340886666.7,-65.4063489185711
27345885000.0,-61.96178697698758
27350883333.3,-63.94827746186223
27355881666.7,-62.50764976491821
27360880000.0,-60.94410490400265
27365878333.3,-62.01173906741388
27370876666.7,-63.23499729245491
27375875000.0,-63.14555427161742
27380873333.3,-61.86318003201591
27385871666.7,-60.961676115319335
27390870000.0,-60.777725748881025
27395868333.3,-60.58359201759515
27400866666.7,-62.13755477476149
27405865000.0,-61.92946558449438
27410863333.3,-62.46864992663273
27415861666.7,-62.08977608406982
27420860000.0,-63.17753984719662
27425858333.3,-63.16925286773838
27430856666.7,-63.35050264643958
27435855000.0,-63.6832671848622
27440853333.3,-63.67460442391302
27445851666.7,-61.40506069161957
27450850000.0,-61.738963381754665
27455848333.3,-60.92774642972237
27460846666.7,-61.91828219806119
27465845000.0,-62.45993939658931
27470843333.3,-59.81835409647023
27475841666.7,-61.438851148076196
27480840000.0,-62.05741217532111
27485838333.3,-61.90409265150234
27490836666.7,-61.35451101053285
27495835000.0,-62.1290604137121
27500833333.3,-61.61759933018553
27505831666.7,-61.32876231889952
27510830000.0,-62.61659559830658
27515828333.3,-62.10200959095004
27520826666.7,-62.80177967409013
27525825000.0,-64.4510580612254
27530823333.3,-62.78546636074037
27535821666.7,-63.300696925384905
27540820000.0,-64.72994260578439
27545818333.3,-63.080428233180584
27550816666.7,-63.81748124925781
27555815000.0,-60.378199922200594
27560813333.3,-61.78051758383642
27565811666.7,-61.831125461778456
27570810000.0,-60.307372437250876
27575808333.3,-61.57896330177384
27580806666.7,-61.88812217708693
27585805000.0,-63.92388162744621
27590803333.3,-63.17409212362699
27595801666.7,-60.806701279280475
27600800000.0,-62.2360984601978
27605798333.3,-62.31225877211155
27610796666.7,-63.90765229787783
27615795000.0,-63.73814778498933
27620793333.3,-62.03619778513276
27625791666.7,-61.42136250411689
27630790000.0,-61.08290878113916
27635788333.3,-65.40688188185929
27640786666.7,-62.16376015667869
27645785000.0,-60.315232716992746
27650783333.3,-61.835777182339804
27655781666.7,-60.966120810404156
27660780000.0,-62.04275447393623
27665778333.3,-61.36369748414529
27670776666.7,-62.816681957699146
27675775000.0,-62.962664353219935
27680773333.3,-62.88550055395191
27685771666.7,-63.79238013865704
27690770000.0,-62.440019851274386
27695768333.3,-62.97385925795783
27700766666.7,-61.65630682262369
27705765000.0,-62.55921492149387
27710763333.3,-64.31302079946087
27715761666.7,-60.96255889296068
27720760000.0,-60.99266851230791
27725758333.3,-61.99342787021443
27730756666.7,-61.39052287680528
27735755000.0,-61.198215113783334
27740753333.3,-60.14373905411234
27745751666.7,-61.797462408034825
27750750000.0,-62.3771284684236
27755748333.3,-63.621108469779486
27760746666.7,-61.56131809304555
27765745000.0,-62.67299275476249
27770743333.3,-63.23844043680276
27775741666.7,-63.25141668234987
27780740000.0,-63.52958752479873
27785738333.3,-61.484323580443636
27790736666.7,-63.63161576295418
27795735000.0,-62.99919805939558
27800733333.3,-61.278399608919585
27805731666.7,-62.008877567078585
27810730000.0,-62.9919273425716
27815728333.3,-64.52610815944738
27820726666.7,-60.99615855229669
27825725000.0,-61.44389657353309
27830723333.3,-61.47808605603216
27835721666.7,-63.01988103037624
27840720000.0,-62.118015919922044
27845718333.3,-65.59870052869083
27850716666.7,-64.17296780869421
27855715000.0,-64.57086184683648
27860713333.3,-63.305798243466455
27865711666.7,-62.01727477299086
27870710000.0,-67.7118983504545
27875708333.3,-64.62860828743439
27880706666.7,-62.67457078804281
27885705000.0,-62.17777456540472
27890703333.3,-62.03233686181435
27895701666.7,-61.740555742018365
27900700000.0,-61.70667418881037
27905698333.3,-61.46138405906929
27910696666.7,-60.696236901955835
27915695000.0,-62.0903065883222
27920693333.3,-63.7709439352421
27925691666.7,-64.72994316676275
27930690000.0,-64.10722990345951
27935688333.3,-59.98297510891665
27940686666.7,-61.15081197465898
27945685000.0,-64.78909727219713
27950683333.3,-62.42514511702288
27955681666.7,-61.725902460697675
27960680000.0,-63.01912952210765
27965678333.3,-62.83203745702871
27970676666.7,-61.627377430921
27975675000.0,-64.49476544977358
27980673333.3,-61.65249949574472
27985671666.7,-63.256005259622334
27990670000.0,-63.81816103982715
27995668333.3,-61.33391162813087
28000666666.7,-65.66021322561846
28005665000.0,-63.53204147987687
28010663333.3,-62.732390227302886
28015661666.7,-62.17148720359524
28020660000.0,-65.05103888564199
28025658333.3,-63.909434035359716
28030656666.7,-65.34760875218869
28035655000.0,-67.26772978144513
28040653333.3,-65.23830644385829
28045651666.7,-63.19133456198891
28050650000.0,-64.36646810605603
28055648333.3,-62.596515436486506
28060646666.7,-63.55973643870585
28065645000.0,-62.96279124655379
28070643333.3,-65.07540045660105
28075641666.7,-63.39715795365018
28080640000.0,-62.43256985603625
28085638333.3,-64.75262613878998
28090636666.7,-63.42986898422745
28095635000.0,-64.16490666809517
28100633333.3,-65.10936468248521
28105631666.7,-63.41685392285281
28110630000.0,-63.35660017556564
28115628333.3,-64.4500053610317
28120626666.7,-64.00301688728804
28125625000.0,-64.52236009730947
28130623333.3,-64.14690068804397
28135621666.7,-63.85639494440576
28140620000.0,-66.84302268118634
28145618333.3,-62.616528440197136
28150616666.7,-64.79909317223704
28155615000.0,-61.53561292396059
28160613333.3,-65.29079330860866
28165611666.7,-63.9625383211951
28170610000.0,-63.89640589845218
28175608333.3,-61.06650391866392
28180606666.7,-61.55532999571929
28185605000.0,-62.42219133350291
28190603333.3,-62.965281399839014
28195601666.7,-63.36290579080101
28200600000.0,-62.14291613681589
28205598333.3,-65.38161271768996
28210596666.7,-64.96607662989933
28215595000.0,-63.98637576106527
28220593333.3,-62.95705750422533
28225591666.7,-63.13257843174395
28230590000.0,-64.51832398553972
28235588333.3,-63.32358111276677
28240586666.7,-63.241014370404905
28245585000.0,-62.8858585086659
28250583333.3,-63.6476854911896
28255581666.7,-62.44164530750731
28260580000.0,-65.08528539031633
28265578333.3,-63.02058519289305
28270576666.7,-64.41965440528087
28275575000.0,-63.141781013647716
28280573333.3,-63.90715098993855
28285571666.7,-64.02319922457812
28290570000.0,-62.37120764896776
28295568333.3,-64.2624093284069
28300566666.7,-64.7309633073134
28305565000.0,-65.81897376569168
28310563333.3,-64.68981223454969
28315561666.7,-64.42772699296282
28320560000.0,-64.25422735108314
28325558333.3,-64.59538860904827
28330556666.7,-62.28211643082389
28335555000.0,-64.82686849975246
28340553333.3,-64.9912794396138
28345551666.7,-64.93612295603283
28350550000.0,-63.022119147543265
28355548333.3,-64.59705071485591
28360546666.7,-62.618181436690875
28365545000.0,-65.52581892052957
28370543333.3,-61.995398659019536
28375541666.7,-63.09045638252862
28380540000.0,-64.28706871516701
28385538333.3,-64.33824445738807
28390536666.7,-63.07900090043311
28395535000.0,-63.689039098273696
28400533333.3,-63.0082020019165
28405531666.7,-65.25386721186865
28410530000.0,-65.06010553506037
28415528333.3,-62.27515496738425
28420526666.7,-61.28429711196016
28425525000.0,-63.61318750151219
28430523333.3,-62.17953352881956
28435521666.7,-63.80477571123761
28440520000.0,-61.73490489802913
28445518333.3,-63.76228722026076
28450516666.7,-63.238745217614685
28455515000.0,-64.06804182201887
28460513333.3,-63.5330796419324
28465511666.7,-62.364077385209484
28470510000.0,-62.13435985998109
28475508333.3,-63.774326943812895
28480506666.7,-62.04363991566032
28485505000.0,-63.491976027177614
28490503333.3,-62.99274223318169
28495501666.7,-60.67716434495688
28500500000.0,-61.31663149305349
28505498333.3,-63.14138238951604
28510496666.7,-62.23180809860736
28515495000.0,-61.63680186383023
28520493333.3,-61.74747784632672
28525491666.7,-63.6462390372445
28530490000.0,-62.760966210566515
28535488333.3,-63.104193817423905
28540486666.7,-63.26885854505403
28545485000.0,-62.39579248534866
28550483333.3,-63.47446344319647
28555481666.7,-63.58630490140606
28560480000.0,-63.71792281073005
28565478333.3,-63.77171274531935
28570476666.7,-63.03155873503379
28575475000.0,-66.38069148012764
28580473333.3,-64.57550246230561
28585471666.7,-62.95724086794864
28590470000.0,-64.42963300946562
28595468333.3,-62.39190298924255
28600466666.7,-63.41630639485261
28605465000.0,-65.28566215495013
28610463333.3,-62.63543643375903
28615461666.7,-64.86674477048092
28620460000.0,-65.13127742337043
28625458333.3,-63.89995713049592
28630456666.7,-62.2692225590399
28635455000.0,-63.5153212070945
28640453333.3,-63.83765068867586
28645451666.7,-65.3605442496554
28650450000.0,-63.75264817876749
28655448333.3,-64.2373037011661
28660446666.7,-65.51426395242136
28665445000.0,-62.185512275142976
28670443333.3,-65.76075392473004
28675441666.7,-63.33920472549778
28680440000.0,-63.97752807531915
28685438333.3,-62.273664349116686
28690436666.7,-64.77008399305046
28695435000.0,-62.96871748901609
28700433333.3,-65.88785968227788
28705431666.7,-63.10161365270759
28710430000.0,-65.20667984681958
28715428333.3,-64.29758412194998
28720426666.7,-62.13383495067703
28725425000.0,-63.254603558916514
28730423333.3,-63.05237265962201
28735421666.7,-62.91219375542816
28740420000.0,-64.06776211873235
28745418333.3,-62.748251929677195
28750416666.7,-63.06933031777358
28755415000.0,-61.450622787104024
28760413333.3,-63.34920656240836
28765411666.7,-64.69257339914064
28770410000.0,-63.366225777369735
28775408333.3,-62.66332361369744
28780406666.7,-63.534994390566446
28785405000.0,-64.8637254111549
28790403333.3,-63.65413274325871
28795401666.7,-65.28563571289834
28800400000.0,-62.60708383506093
28805398333.3,-63.67904956478692
28810396666.7,-62.72849350898569
28815395000.0,-61.47226020392598
28820393333.3,-60.96702682417467
28825391666.7,-63.50815310506796
28830390000.0,-63.8257046701742
28835388333.3,-64.29681946815779
28840386666.7,-62.559499525817444
28845385000.0,-62.92761184452891
28850383333.3,-61.97679056450631
28855381666.7,-63.07491956943047
28860380000.0,-64.95600050174531
28865378333.3,-62.55518386127639
28870376666.7,-63.03846742475473
28875375000.0,-63.53547744242821
28880373333.3,-65.24685112907439
28885371666.7,-65.14700843549437
28890370000.0,-62.965650933130846
28895368333.3,-65.34000752983293
28900366666.7,-64.61228175527332
28905365000.0,-64.40592821714121
28910363333.3,-63.90318856141309
28915361666.7,-61.31957180780854
28920360000.0,-62.184747720110416
28925358333.3,-64.62052397282436
28930356666.7,-63.519115578188085
28935355000.0,-66.41255514240062
28940353333.3,-64.54342551702166
28945351666.7,-65.14014580814401
28950350000.0,-66.09146922045801
28955348333.3,-65.51263723350552
28960346666.7,-64.28341720022958
28965345000.0,-68.08792373623932
28970343333.3,-64.48098550333799
28975341666.7,-66.03551872676707
28980340000.0,-63.644373134425585
28985338333.3,-66.80133209557083
28990336666.7,-64.01912490251219
28995335000.0,-68.52305801416148
29000333333.3,-64.51167249797862
29005331666.7,-64.5357306983403
29010330000.0,-63.6189309370507
29015328333.3,-65.44888931048274
29020326666.7,-63.66053728409958
29025325000.0,-63.84654332874498
29030323333.3,-66.36370114409362
29035321666.7,-65.57164708758629
29040320000.0,-64.66004015123491
29045318333.3,-65.5980369645033
29050316666.7,-64.72499726044363
29055315000.0,-64.04940838550323
29060313333.3,-65.470760162961
29065311666.7,-63.487084435647375
29070310000.0,-63.14021240971713
29075308333.3,-64.16055710277176
29080306666.7,-63.49918287359579
29085305000.0,-64.53180124517678
29090303333.3,-64.58821140094658
29095301666.7,-64.59835396854504
29100300000.0,-63.82511555320457
29105298333.3,-63.766619684766056
29110296666.7,-63.54170510093229
29115295000.0,-68.09639120538945
29120293333.3,-63.53216745214213
29125291666.7,-67.02448511432164
29130290000.0,-63.85544254729213
29135288333.3,-65.97764304913332
29140286666.7,-65.45471617794018
29145285000.0,-65.31087076806685
29150283333.3,-67.64164951920854
29155281666.7,-66.78845819122684
29160280000.0,-65.35718642068828
29165278333.3,-64.1133838612578
29170276666.7,-63.62243232834712
29175275000.0,-63.733819575893534
29180273333.3,-64.40180194582942
29185271666.7,-63.07283100967892
29190270000.0,-63.46914931141359
29195268333.3,-64.19779967123219
29200266666.7,-66.42284670174408
29205265000.0,-67.70943387147904
29210263333.3,-65.13440804867332
29215261666.7,-66.00471407134236
29220260000.0,-66.36527484909747
29225258333.3,-66.2928287114145
29230256666.7,-63.87814992595652
29235255000.0,-65.27997828104766
29240253333.3,-67.00255986830518
29245251666.7,-66.76025184942462
29250250000.0,-65.68325884730487
29255248333.3,-63.6136427468488
29260246666.7,-64.39528980655065
29265245000.0,-63.87590386997512
29270243333.3,-64.90534190648765
29275241666.7,-63.94232759188916
29280240000.0,-64.35909711640737
29285238333.3,-66.91953311793985
29290236666.7,-66.36090753573879
29295235000.0,-67.68282675666057
29300233333.3,-67.29978109533147
29305231666.7,-67.0587631333096
29310230000.0,-67.32109438530073
29315228333.3,-69.67903609076782
29320226666.7,-62.96298505527271
29325225000.0,-65.09899929806217
29330223333.3,-71.44852573335803
29335221666.7,-68.7145796557301
29340220000.0,-64.39862946652494
29345218333.3,-65.96331462167592
29350216666.7,-67.10305607424428
29355215000.0,-66.347207049831
29360213333.3,-68.9983489711453
29365211666.7,-68.00208973834314
29370210000.0,-63.05100586677243
29375208333.3,-68.76284812295074
29380206666.7,-65.94503890875185
29385205000.0,-65.08968847990106
29390203333.3,-68.2146348509434
29395201666.7,-67.01602791015307
29400200000.0,-64.21604585082116
29405198333.3,-64.60834414466225
29410196666.7,-64.31821959738167
29415195000.0,-66.84254614867558
29420193333.3,-65.9294909997299
29425191666.7,-67.20798983413982
29430190000.0,-64.80961054253676
29435188333.3,-66.46398430367225
29440186666.7,-65.18452948572208
29445185000.0,-65.4783122962179
29450183333.3,-67.17746781145604
29455181666.7,-66.70344363055496
29460180000.0,-67.10005923097904
29465178333.3,-66.89720783455282
29470176666.7,-69.17028160449495
29475175000.0,-69.93588118096781
29480173333.3,-72.53900656659353
29485171666.7,-67.44778255590592
29490170000.0,-67.14983098759726
29495168333.3,-69.97071287072312
29500166666.7,-66.76533917228434
29505165000.0,-67.37354915975061
29510163333.3,-66.80643373295725
29515161666.7,-67.01172230118526
29520160000.0,-61.620520771872556
29525158333.3,-64.49224569098824
29530156666.7,-65.93247339807252
29535155000.0,-67.99132630212617
29540153333.3,-66.31934442636113
29545151666.7,-65.66103479086112
29550150000.0,-63.21798789773303
29555148333.3,-64.94971464731535
29560146666.7,-67.22941663804326
29565145000.0,-66.7795764960199
29570143333.3,-66.03252298879003
29575141666.7,-70.25023908810284
29580140000.0,-64.52346826194326
29585138333.3,-66.0009296300569
29590136666.7,-67.98047496015934
29595135000.0,-66.31513063097108
29600133333.3,-63.42758698363933
29605131666.7,-71.35001991381155
29610130000.0,-64.19594792200445
29615128333.3,-65.90333490512032
29620126666.7,-69.4743987662357
29625125000.0,-65.74467278453619
29630123333.3,-67.78439149841631
29635121666.7,-67.90250697126878
29640120000.0,-66.49829333050386
29645118333.3,-67.3899535911694
29650116666.7,-70.4139019755672
29655115000.0,-67.37399678512675
29660113333.3,-70.51365939910039
29665111666.7,-70.11766520685565
29670110000.0,-73.51243093832424
29675108333.3,-68.42112618409823
29680106666.7,-66.39075536654163
29685105000.0,-66.32373392936199
29690103333.3,-65.92124431170048
29695101666.7,-68.68139004811957
29700100000.0,-65.56525024533732
29705098333.3,-78.30803410984119
29710096666.7,-65.68109843166967
29715095000.0,-68.64462728897608
29720093333.3,-67.33496420608543
29725091666.7,-64.57279156281616
29730090000.0,-68.2038580758691
29735088333.3,-64.98832613206551
29740086666.7,-72.80749949329619
29745085000.0,-69.90855306051886
29750083333.3,-66.87306859889667
29755081666.7,-66.82409811790377
29760080000.0,-67.80061162630274
29765078333.3,-66.7706175799103
29770076666.7,-65.849029258789
29775075000.0,-71.84096748018645
29780073333.3,-64.1728404489143
29785071666.7,-67.52718843035318
29790070000.0,-66.82964493563374
29795068333.3,-68.21504479793316
29800066666.7,-67.5795057175168
29805065000.0,-68.62809863654465
29810063333.3,-71.85762057572931
29815061666.7,-68.58567716344812
29820060000.0,-73.44723881540203
29825058333.3,-68.85393079087619
29830056666.7,-67.51603349220058
29835055000.0,-68.51366134757274
29840053333.3,-69.51799821595132
29845051666.7,-68.12818580810001
29850050000.0,-68.33404003231198
29855048333.3,-70.4881113462132
29860046666.7,-67.54053150452833
29865045000.0,-64.92061277212356
29870043333.3,-68.92602713112657
29875041666.7,-68.36613522395724
29880040000.0,-70.66816138781282
29885038333.3,-65.85852415202265
29890036666.7,-72.41355220993242
29895035000.0,-70.18863942850052
29900033333.3,-68.07360972620441
29905031666.7,-71.29637442798828
29910030000.0,-71.35089521285632
29915028333.3,-70.2052660543171
29920026666.7,-70.22333529096473
29925025000.0,-72.81401776852279
29930023333.3,-65.21577363295465
29935021666.7,-67.94703797586281
29940020000.0,-70.35676606252652
29945018333.3,-69.3056705501048
29950016666.7,-65.85514402066721
29955015000.0,-67.97202658015435
29960013333.3,-68.40713808328209
29965011666.7,-67.17678295970086
29970010000.0,-65.78975649237097
29975008333.3,-68.18460658535346
29980006666.7,-71.4304740473904
29985005000.0,-69.08030263926973
29990003333.3,-67.35159284886086
29995001666.7,-73.19423869107385
30000000000.0,-70.26833327372202
