Frequency_Hz,Magnitude_dB
10000000.0,-56.59574207658481
14998333.3333,-61.85394294960197
19996666.6667,-67.26727887719304
24995000.0,-62.647236131735184
29993333.3333,-63.90282090672751
34991666.6667,-64.57983928803431
39990000.0,-65.1515842995556
44988333.3333,-66.0476577879089
49986666.6667,-65.30109241284225
54985000.0,-66.08366810054322
59983333.3333,-63.81105462786185
64981666.6667,-70.5010690256014
69980000.0,-63.14190025684241
74978333.3333,-65.47662306940241
79976666.6667,-67.85523173964278
84975000.0,-65.61734107765926
89973333.3333,-67.79203780134559
94971666.6667,-64.12876112559098
99970000.0,-64.48326507849762
104968333.333,-64.41981007314817
109966666.667,-63.63473631089754
114965000.0,-66.38295748389802
119963333.333,-62.81371072131179
124961666.667,-63.99776251251846
129960000.0,-63.45040423482737
134958333.333,-64.0749121729302
139956666.667,-64.91887522265378
144955000.0,-63.21452944001247
149953333.333,-64.21297506380077
154951666.667,-63.79428179377445
159950000.0,-64.17397153383202
164948333.333,-63.31770853570266
169946666.667,-65.2912078901274
174945000.0,-65.81702138424913
179943333.333,-63.203379007095116
184941666.667,-64.20156218197846
189940000.0,-64.9838413746887
194938333.333,-64.59221423718971
199936666.667,-62.67065936400491
204935000.0,-63.75360620384932
209933333.333,-63.827285958633226
214931666.667,-63.96098490255247
219930000.0,-64.52076211672906
224928333.333,-62.796313032912224
229926666.667,-62.806804643054875
234925000.0,-63.25913017655549
239923333.333,-63.68165721428912
244921666.667,-63.4941000771692
249920000.0,-63.800374572154894
254918333.333,-63.66267710175506
259916666.667,-61.81227085645766
264915000.0,-62.770790680061566
269913333.333,-64.09798316384448
274911666.667,-64.1836948845057
279910000.0,-64.33496637744162
284908333.333,-61.15599321347021
289906666.667,-61.7752733170357
294905000.0,-61.55903328211504
299903333.333,-62.810596190186914
304901666.667,-62.311518657747776
309900000.0,-62.17547228202477
314898333.333,-60.677055946539014
319896666.667,-60.66960197580315
324895000.0,-60.85986519111769
329893333.333,-60.21440737715672
334891666.667,-60.462575105179035
339890000.0,-60.39247288440697
344888333.333,-61.16184579773759
349886666.667,-62.293846872765286
354885000.0,-59.91445546738458
359883333.333,-60.79236997176401
364881666.667,-61.797638826646526
369880000.0,-60.86071105043236
374878333.333,-60.27421260698853
379876666.667,-59.89249603550682
384875000.0,-60.38176635722344
389873333.333,-61.27302010927543
394871666.667,-60.0347782821983
399870000.0,-60.61868453144143
404868333.333,-59.85099960906004
409866666.667,-60.72531927001094
414865000.0,-60.89111287609285
419863333.333,-60.20037520053411
424861666.667,-59.29572052468289
429860000.0,-59.19740694998857
434858333.333,-59.77020173927518
439856666.667,-59.19683733390449
444855000.0,-58.877494544379665
449853333.333,-58.52894684835957
454851666.667,-59.432133821637194
459850000.0,-58.84529181737307
464848333.333,-59.55268501161499
469846666.667,-59.38419682722596
474845000.0,-59.409816468235086
479843333.333,-59.68343469352806
484841666.667,-58.8549044131912
489840000.0,-59.02709315345447
494838333.333,-59.70359320087228
499836666.667,-58.82671617569951
504835000.0,-58.80249872551802
509833333.333,-57.725736574716294
514831666.667,-57.543834423026354
519830000.0,-58.383053802138996
524828333.333,-57.58447764479848
529826666.667,-57.45684482563708
534825000.0,-57.70591182413989
539823333.333,-57.870754481456395
544821666.667,-56.98540294869567
549820000.0,-57.16906772062788
554818333.333,-57.26800477269524
559816666.667,-57.12992139884769
564815000.0,-57.06747027955005
569813333.333,-56.85199953661766
574811666.667,-56.65847634825627
579810000.0,-57.07558206892429
584808333.333,-56.811250339557574
589806666.667,-57.03793808790729
594805000.0,-57.13187654909193
599803333.333,-57.24314482865524
604801666.667,-57.04592661032027
609800000.0,-56.7213273663579
614798333.333,-56.740790319702256
619796666.667,-56.22457449494387
624795000.0,-55.951052709999146
629793333.333,-56.464766315960865
634791666.667,-55.57072958294814
639790000.0,-55.98403708043675
644788333.333,-55.72149709077444
649786666.667,-55.73118927846744
654785000.0,-55.26075887982876
659783333.333,-55.34293314833688
664781666.667,-55.32619425806128
669780000.0,-55.75988203716336
674778333.333,-55.777300818246836
679776666.667,-55.543018160794404
684775000.0,-56.303914769641075
689773333.333,-55.81171841759488
694771666.667,-55.423967402974256
699770000.0,-55.338532670902936
704768333.333,-55.36916593203657
709766666.667,-55.52523314148958
714765000.0,-55.19876866859113
719763333.333,-54.95459306200539
724761666.667,-54.84438252740488
729760000.0,-54.96060205314058
734758333.333,-54.49607518053196
739756666.667,-54.89650999801205
744755000.0,-54.24108519480959
749753333.333,-54.33504526040338
754751666.667,-54.341665642529605
759750000.0,-54.0625488429744
764748333.333,-54.21442288007961
769746666.667,-54.42427913372121
774745000.0,-54.31600122008991
779743333.333,-53.75519041472887
784741666.667,-53.960801185859395
789740000.0,-54.118622904891225
794738333.333,-54.362163676451026
799736666.667,-54.47511995066057
804735000.0,-54.246428718486584
809733333.333,-54.12690405608019
814731666.667,-53.94736711290281
819730000.0,-53.6262638003162
824728333.333,-54.053286630465564
829726666.667,-53.54076525400561
834725000.0,-53.74131602550097
839723333.333,-53.610826320163255
844721666.667,-53.449944151691504
849720000.0,-53.26239648362333
854718333.333,-53.11207867665051
859716666.667,-53.11657907645953
864715000.0,-53.059216145453824
869713333.333,-53.2899560422034
874711666.667,-52.70140365512151
879710000.0,-53.03078996880876
884708333.333,-53.13883270169231
889706666.667,-52.9511714338786
894705000.0,-53.072618713277194
899703333.333,-52.71590868742965
904701666.667,-52.668005292313836
909700000.0,-52.860177714155554
914698333.333,-52.4799149738028
919696666.667,-52.36929917975577
924695000.0,-52.44291275150026
929693333.333,-52.111152686104035
934691666.667,-52.34337840280393
939690000.0,-52.18287104339236
944688333.333,-52.14760517652032
949686666.667,-51.95411615431197
954685000.0,-51.83248566026258
959683333.333,-51.95097939825711
964681666.667,-51.77594919604851
969680000.0,-52.06868510150649
974678333.333,-51.43652058462628
979676666.667,-51.84381567195449
984675000.0,-51.78882960574444
989673333.333,-51.813264581046354
994671666.667,-51.42494548534877
999670000.0,-51.51246278841178
1004668333.33,-51.51142301687589
1009666666.67,-51.33853749717179
1014665000.0,-51.385302377085665
1019663333.33,-51.12686414212048
1024661666.67,-51.1999175261753
1029660000.0,-51.423186030965425
1034658333.33,-51.094591994525196
1039656666.67,-51.097831024682904
1044655000.0,-51.21571626172019
1049653333.33,-51.04210698538823
1054651666.67,-51.018518748703315
1059650000.0,-51.09634209602782
1064648333.33,-51.06933103543974
1069646666.67,-50.96291767601112
1074645000.0,-50.80674114703221
1079643333.33,-50.99329692160862
1084641666.67,-50.69039697496447
1089640000.0,-50.678419359288725
1094638333.33,-50.81844167079527
1099636666.67,-50.98099038529418
1104635000.0,-50.87132200543089
1109633333.33,-50.8284728456014
1114631666.67,-50.77960594255285
1119630000.0,-50.84827800127086
1124628333.33,-50.54838077833375
1129626666.67,-50.57606470932541
1134625000.0,-50.5980243347269
1139623333.33,-50.65912563262124
1144621666.67,-50.27692203866627
1149620000.0,-50.34413002100876
1154618333.33,-50.249288765476614
1159616666.67,-50.19986293123207
1164615000.0,-50.28064774854606
1169613333.33,-50.11385803752242
1174611666.67,-50.026054534199105
1179610000.0,-49.82743309876824
1184608333.33,-49.720106629327006
1189606666.67,-49.67421482947586
1194605000.0,-49.71412498113038
1199603333.33,-49.77242587947438
1204601666.67,-49.51485538642699
1209600000.0,-49.51208537368992
1214598333.33,-49.452203593948425
1219596666.67,-49.34967195346941
1224595000.0,-49.46364899876797
1229593333.33,-49.28396646879348
1234591666.67,-49.15605292799952
1239590000.0,-49.28608450795738
1244588333.33,-49.21813081039167
1249586666.67,-48.95219972182855
1254585000.0,-49.04569674826903
1259583333.33,-48.886639090210934
1264581666.67,-49.139547688971675
1269580000.0,-48.82407648524932
1274578333.33,-48.773279409225445
1279576666.67,-48.53044039369567
1284575000.0,-48.65742029213271
1289573333.33,-48.557065490028926
1294571666.67,-48.58992625563246
1299570000.0,-48.65278105403352
1304568333.33,-48.48492807654652
1309566666.67,-48.41401426155723
1314565000.0,-48.31714261074899
1319563333.33,-48.31850157273234
1324561666.67,-48.36482748697645
1329560000.0,-48.33189965139734
1334558333.33,-48.3843398381791
1339556666.67,-48.28979275417452
1344555000.0,-47.990497207711904
1349553333.33,-48.23127464087021
1354551666.67,-48.22151015795657
1359550000.0,-48.11122483062113
1364548333.33,-48.12154460171189
1369546666.67,-48.106519146542716
1374545000.0,-47.9475505659297
1379543333.33,-48.11846948957459
1384541666.67,-47.99836402556599
1389540000.0,-47.90132858143335
1394538333.33,-47.89529727099823
1399536666.67,-47.83730900693843
1404535000.0,-47.795211240552376
1409533333.33,-47.79469974781608
1414531666.67,-47.76669696658437
1419530000.0,-47.55514805770452
1424528333.33,-47.67115812732956
1429526666.67,-47.576634733938235
1434525000.0,-47.49738324591142
1439523333.33,-47.4635149403364
1444521666.67,-47.554730667729636
1449520000.0,-47.41482771592065
1454518333.33,-47.293173731873175
1459516666.67,-47.24627865422895
1464515000.0,-47.24700976908717
1469513333.33,-46.92495553107048
1474511666.67,-46.98313112605356
1479510000.0,-46.73548643790767
1484508333.33,-46.66993103076027
1489506666.67,-46.68333517393495
1494505000.0,-46.64731784969696
1499503333.33,-46.63142925590239
1504501666.67,-46.60937200657575
1509500000.0,-46.510593757551895
1514498333.33,-46.51609965294412
1519496666.67,-46.55326042687483
1524495000.0,-46.617844690485825
1529493333.33,-46.471413035698944
1534491666.67,-46.49689116144764
1539490000.0,-46.37926729121462
1544488333.33,-46.50865587810586
1549486666.67,-46.37423850966731
1554485000.0,-46.343220350326206
1559483333.33,-46.387734877733834
1564481666.67,-46.24939044475124
1569480000.0,-46.29619985393917
1574478333.33,-46.07134265027853
1579476666.67,-45.926583308121906
1584475000.0,-46.0372442929716
1589473333.33,-46.07436724911408
1594471666.67,-45.931351671373946
1599470000.0,-45.93744455169719
1604468333.33,-46.05325642288456
1609466666.67,-45.810710108633145
1614465000.0,-45.98178160826918
1619463333.33,-45.95008050600526
1624461666.67,-45.930587292967424
1629460000.0,-45.922517180334694
1634458333.33,-45.81020781780406
1639456666.67,-45.815632230401484
1644455000.0,-45.823013169790514
1649453333.33,-45.77412634123645
1654451666.67,-45.729441320965904
1659450000.0,-45.7154835828789
1664448333.33,-45.71027033224443
1669446666.67,-45.74861788256
1674445000.0,-45.523009388244034
1679443333.33,-45.513559593640025
1684441666.67,-45.351437505348514
1689440000.0,-45.56066380969044
1694438333.33,-45.540140275902424
1699436666.67,-45.334966837435104
1704435000.0,-45.38175488847731
1709433333.33,-45.25067840583462
1714431666.67,-45.271978131550256
1719430000.0,-45.296161966100826
1724428333.33,-45.23582221406664
1729426666.67,-45.26346132329145
1734425000.0,-45.13270532294594
1739423333.33,-45.31987344929556
1744421666.67,-45.09901032890635
1749420000.0,-45.05108993770794
1754418333.33,-45.07536195572633
1759416666.67,-45.010349756157126
1764415000.0,-44.91031095539657
1769413333.33,-44.75696763289682
1774411666.67,-44.59685055146262
1779410000.0,-44.72789072570454
1784408333.33,-44.45427124220629
1789406666.67,-44.55155737797256
1794405000.0,-44.49856006667887
1799403333.33,-44.41772746918837
1804401666.67,-44.27157623707073
1809400000.0,-44.33031635091294
1814398333.33,-44.29411727479331
1819396666.67,-44.384587120030446
1824395000.0,-44.35460563515662
1829393333.33,-44.35594178601341
1834391666.67,-44.33491753511288
1839390000.0,-44.29254468731898
1844388333.33,-44.23612455224904
1849386666.67,-44.22595791864858
1854385000.0,-44.09886202801826
1859383333.33,-44.075532452254095
1864381666.67,-44.1197765114294
1869380000.0,-44.02752423374179
1874378333.33,-43.97179800237013
1879376666.67,-43.91602362795311
1884375000.0,-43.814465446993715
1889373333.33,-43.79557795944411
1894371666.67,-43.62798044648409
1899370000.0,-43.77976538608762
1904368333.33,-43.539941879774055
1909366666.67,-43.579695836185046
1914365000.0,-43.48979426669524
1919363333.33,-43.4285616416734
1924361666.67,-43.51304838742409
1929360000.0,-43.51739983313368
1934358333.33,-43.36752588640783
1939356666.67,-43.3647406626902
1944355000.0,-43.264470401846744
1949353333.33,-43.31786777345659
1954351666.67,-43.2169239501986
1959350000.0,-43.1970788427445
1964348333.33,-43.226406357488884
1969346666.67,-43.00264067721153
1974345000.0,-42.96985204782037
1979343333.33,-42.8559757469231
1984341666.67,-42.753690998036575
1989340000.0,-42.66515499781123
1994338333.33,-42.650627889605275
1999336666.67,-42.586910323297616
2004335000.0,-42.59433166567998
2009333333.33,-42.52346224396192
2014331666.67,-42.504260464506125
2019330000.0,-42.54914470804807
2024328333.33,-42.67633951547903
2029326666.67,-42.559705781786064
2034325000.0,-42.587983087152494
2039323333.33,-42.4924390611385
2044321666.67,-42.45277854249505
2049320000.0,-42.42548392434885
2054318333.33,-42.31647368868299
2059316666.67,-42.36185302605059
2064315000.0,-42.23496614002798
2069313333.33,-42.05183143950606
2074311666.67,-42.15507877620488
2079310000.0,-42.00917856250448
2084308333.33,-41.900764891045
2089306666.67,-41.83460542586714
2094305000.0,-41.6877164934909
2099303333.33,-41.68887155368792
2104301666.67,-41.58878264528501
2109300000.0,-41.56767662238691
2114298333.33,-41.462268263686056
2119296666.67,-41.38776331928022
2124295000.0,-41.465020190158015
2129293333.33,-41.404308364653
2134291666.67,-41.420590648268
2139290000.0,-41.26083666019256
2144288333.33,-41.24659793256663
2149286666.67,-41.233822542648255
2154285000.0,-41.18508210153807
2159283333.33,-41.199459924724266
2164281666.67,-41.046125202551124
2169280000.0,-40.95577630952897
2174278333.33,-40.8219849752885
2179276666.67,-40.663370050734365
2184275000.0,-40.74401320297007
2189273333.33,-40.60412481208601
2194271666.67,-40.580102321894685
2199270000.0,-40.446189295455774
2204268333.33,-40.40590537147566
2209266666.67,-40.32464340888776
2214265000.0,-40.25665553477634
2219263333.33,-40.22529150619248
2224261666.67,-40.15747807024856
2229260000.0,-40.123227325027784
2234258333.33,-40.03369768212697
2239256666.67,-40.126942477245905
2244255000.0,-39.95542908256765
2249253333.33,-39.923641080557125
2254251666.67,-39.86126260039745
2259250000.0,-39.86879148378017
2264248333.33,-39.70842814779179
2269246666.67,-39.77174058029594
2274245000.0,-39.561569068917784
2279243333.33,-39.61737107843837
2284241666.67,-39.45876763276119
2289240000.0,-39.468676116933715
2294238333.33,-39.38368243789119
2299236666.67,-39.29970582397531
2304235000.0,-39.32806894799008
2309233333.33,-39.22061650928064
2314231666.67,-39.21072747787911
2319230000.0,-39.18739196942865
2324228333.33,-39.075208896347924
2329226666.67,-39.113879865969416
2334225000.0,-38.98318731107387
2339223333.33,-38.941075796056865
2344221666.67,-38.976987514040985
2349220000.0,-38.7824594997395
2354218333.33,-38.8588338150054
2359216666.67,-38.732996397112544
2364215000.0,-38.776138220738304
2369213333.33,-38.647495475115676
2374211666.67,-38.5936988539516
2379210000.0,-38.58245851997187
2384208333.33,-38.4800179520022
2389206666.67,-38.43403662742962
2394205000.0,-38.3080414873515
2399203333.33,-38.2689786386561
2404201666.67,-38.068471336414966
2409200000.0,-38.026851318058974
2414198333.33,-37.86252800498006
2419196666.67,-37.746988943018785
2424195000.0,-37.6336830270988
2429193333.33,-37.5651492848607
2434191666.67,-37.327429678562076
2439190000.0,-37.32555399803601
2444188333.33,-37.14021162184759
2449186666.67,-37.07423739244797
2454185000.0,-37.00912256604365
2459183333.33,-36.9078789229349
2464181666.67,-36.841186313370464
2469180000.0,-36.81344472843766
2474178333.33,-36.77653196089318
2479176666.67,-36.7566465335893
2484175000.0,-36.73991112048539
2489173333.33,-36.66819837962312
2494171666.67,-36.566034422554424
2499170000.0,-36.56939041636793
2504168333.33,-36.440725726461814
2509166666.67,-36.33524094541792
2514165000.0,-36.30315177793993
2519163333.33,-36.117834790499785
2524161666.67,-36.08444343317352
2529160000.0,-35.977125727727774
2534158333.33,-35.86068290105382
2539156666.67,-35.8557975365709
2544155000.0,-35.767255862195604
2549153333.33,-35.65639783273467
2554151666.67,-35.66577789107965
2559150000.0,-35.673944387777865
2564148333.33,-35.65499200869403
2569146666.67,-35.60425910286633
2574145000.0,-35.64537208391495
2579143333.33,-35.51379594045124
2584141666.67,-35.6130836354236
2589140000.0,-35.52974359102399
2594138333.33,-35.40635408297894
2599136666.67,-35.38288986060297
2604135000.0,-35.18202904530829
2609133333.33,-35.171755755872994
2614131666.67,-35.11398626005776
2619130000.0,-34.94785414016639
2624128333.33,-34.94974102798791
2629126666.67,-34.780438102064075
2634125000.0,-34.680034918870106
2639123333.33,-34.64929733952285
2644121666.67,-34.532789679230994
2649120000.0,-34.50181167478852
2654118333.33,-34.42699324548683
2659116666.67,-34.40115836440273
2664115000.0,-34.350687947626675
2669113333.33,-34.30614794721104
2674111666.67,-34.29807984893701
2679110000.0,-34.181956641496775
2684108333.33,-34.1831454929107
2689106666.67,-34.11751218609475
2694105000.0,-34.06913671614114
2699103333.33,-34.05672766157143
2704101666.67,-33.89016277111482
2709100000.0,-33.8771264064395
2714098333.33,-33.765221855659824
2719096666.67,-33.65166870632052
2724095000.0,-33.66063266109927
2729093333.33,-33.516143950684324
2734091666.67,-33.43158286941794
2739090000.0,-33.33298760747104
2744088333.33,-33.289324287831626
2749086666.67,-33.185216604299875
2754085000.0,-33.19309329872649
2759083333.33,-33.12368619179358
2764081666.67,-33.0393384050619
2769080000.0,-32.997858183367505
2774078333.33,-32.903244997842236
2779076666.67,-32.802952797409155
2784075000.0,-32.81490770714986
2789073333.33,-32.67333216282001
2794071666.67,-32.66385225137746
2799070000.0,-32.552496002247764
2804068333.33,-32.488885361657246
2809066666.67,-32.49739683352538
2814065000.0,-32.377837986102094
2819063333.33,-32.3889426300873
2824061666.67,-32.30403903237991
2829060000.0,-32.23308789289718
2834058333.33,-32.19951088626147
2839056666.67,-32.133663982252926
2844055000.0,-32.11758030069933
2849053333.33,-32.0651734156415
2854051666.67,-32.067334420281696
2859050000.0,-32.045843062204554
2864048333.33,-31.980411802365598
2869046666.67,-31.991137037240634
2874045000.0,-31.91174766541479
2879043333.33,-31.947677118592658
2884041666.67,-31.947837952801326
2889040000.0,-31.910060431777637
2894038333.33,-31.980325336046707
2899036666.67,-31.95482980766551
2904035000.0,-31.996558104177506
2909033333.33,-31.912746546819925
2914031666.67,-31.934023896202973
2919030000.0,-31.964055899057293
2924028333.33,-31.913755035006663
2929026666.67,-31.920418778501837
2934025000.0,-31.874162967623136
2939023333.33,-31.88545342731797
2944021666.67,-31.92426336982684
2949020000.0,-31.84192772699596
2954018333.33,-31.894864899206308
2959016666.67,-31.848379399473995
2964015000.0,-31.854629635767346
2969013333.33,-31.878882379129536
2974011666.67,-31.86466380288653
2979010000.0,-31.976253573362253
2984008333.33,-31.906577493624702
2989006666.67,-31.990414372613806
2994005000.0,-32.016745385352166
2999003333.33,-32.0069352547116
3004001666.67,-32.0633860110963
3009000000.0,-32.04099575334726
3013998333.33,-32.09748796243715
3018996666.67,-32.10009583145841
3023995000.0,-32.09839286320355
3028993333.33,-32.16989232068768
3033991666.67,-32.10720536719507
3038990000.0,-32.159400347702636
3043988333.33,-32.138226268884786
3048986666.67,-32.18774548194529
3053985000.0,-32.268478199069875
3058983333.33,-32.251417756772994
3063981666.67,-32.308396512663
3068980000.0,-32.33349654545495
3073978333.33,-32.412474827157695
3078976666.67,-32.470739958484806
3083975000.0,-32.50944028099701
3088973333.33,-32.61671539444404
3093971666.67,-32.576297404785954
3098970000.0,-32.6250408919856
3103968333.33,-32.66520022161502
3108966666.67,-32.632630516084376
3113965000.0,-32.6956738354555
3118963333.33,-32.67093858381571
3123961666.67,-32.672757236450934
3128960000.0,-32.708127107938815
3133958333.33,-32.6613362241651
3138956666.67,-32.75058499304849
3143955000.0,-32.76361923677493
3148953333.33,-32.7765776258801
3153951666.67,-32.883056094707854
3158950000.0,-32.93050266149407
3163948333.33,-33.03993996483105
3168946666.67,-33.11681620651988
3173945000.0,-33.18958256221325
3178943333.33,-33.27830338586035
3183941666.67,-33.34275273957464
3188940000.0,-33.467031206362975
3193938333.33,-33.4278963172874
3198936666.67,-33.54856154167059
3203935000.0,-33.568884605827414
3208933333.33,-33.609722323200934
3213931666.67,-33.71470361522751
3218930000.0,-33.7397520120343
3223928333.33,-33.87024579563922
3228926666.67,-33.84571732459623
3233925000.0,-33.918779499079
3238923333.33,-34.0532305694747
3243921666.67,-34.130380573268404
3248920000.0,-34.25768089984838
3253918333.33,-34.37937533380958
3258916666.67,-34.43506587314951
3263915000.0,-34.525579419044846
3268913333.33,-34.60860032798276
3273911666.67,-34.716348461098406
3278910000.0,-34.64737324693563
3283908333.33,-34.806980882491445
3288906666.67,-34.708119246491115
3293905000.0,-34.72800999983582
3298903333.33,-34.83089752220755
3303901666.67,-34.77046702581227
3308900000.0,-34.85077371736089
3313898333.33,-34.84661095839082
3318896666.67,-34.93301140211689
3323895000.0,-34.98534800065129
3328893333.33,-35.04094671583435
3333891666.67,-35.12433749169394
3338890000.0,-35.154595026781045
3343888333.33,-35.281348804219036
3348886666.67,-35.420408692688525
3353885000.0,-35.397182009475856
3358883333.33,-35.58112069052267
3363881666.67,-35.57847094796273
3368880000.0,-35.6618891729271
3373878333.33,-35.67500876393411
3378876666.67,-35.66987200678305
3383875000.0,-35.84952127241409
3388873333.33,-35.827356857744626
3393871666.67,-35.88104195225504
3398870000.0,-35.92441517436924
3403868333.33,-35.953369673918644
3408866666.67,-36.074301385918446
3413865000.0,-36.11789318037291
3418863333.33,-36.24408696089931
3423861666.67,-36.28221469285191
3428860000.0,-36.42830161957693
3433858333.33,-36.50148655655063
3438856666.67,-36.546070772110156
3443855000.0,-36.737840307621546
3448853333.33,-36.775345039468796
3453851666.67,-36.816556431904594
3458850000.0,-36.908748849819034
3463848333.33,-36.87641789430632
3468846666.67,-36.98031427640919
3473845000.0,-36.91795245270467
3478843333.33,-36.99534997517319
3483841666.67,-36.99269795034488
3488840000.0,-37.06979085195076
3493838333.33,-37.11805180022139
3498836666.67,-37.09701314968434
3503835000.0,-37.18772162545355
3508833333.33,-37.25129131023123
3513831666.67,-37.32326348428794
3518830000.0,-37.424294673934625
3523828333.33,-37.45140683851225
3528826666.67,-37.57238714616256
3533825000.0,-37.555946712466515
3538823333.33,-37.67653124597877
3543821666.67,-37.76684323922267
3548820000.0,-37.73491242948516
3553818333.33,-37.82311530770316
3558816666.67,-37.81728491110868
3563815000.0,-37.84468006561431
3568813333.33,-37.90236867235264
3573811666.67,-37.91587972373718
3578810000.0,-37.99158412778322
3583808333.33,-37.9348538445912
3588806666.67,-38.02307069768893
3593805000.0,-38.07140527931584
3598803333.33,-38.065701040788575
3603801666.67,-38.149428368629195
3608800000.0,-38.17725820465829
3613798333.33,-38.201136026044566
3618796666.67,-38.2968534762575
3623795000.0,-38.34632616506403
3628793333.33,-38.439710448233406
3633791666.67,-38.433530837376104
3638790000.0,-38.50790457182328
3643788333.33,-38.58294558570562
3648786666.67,-38.555521176085
3653785000.0,-38.74144902565658
3658783333.33,-38.69149471165085
3663781666.67,-38.84661904326414
3668780000.0,-38.9424865932611
3673778333.33,-39.0359503932236
3678776666.67,-39.1680892586834
3683775000.0,-39.228440559325904
3688773333.33,-39.42215020124585
3693771666.67,-39.45291841874906
3698770000.0,-39.620282604588596
3703768333.33,-39.753767210229945
3708766666.67,-39.812181277956064
3713765000.0,-40.000014425387995
3718763333.33,-40.0152384297579
3723761666.67,-40.1435624803966
3728760000.0,-40.19957942353077
3733758333.33,-40.155088703654336
3738756666.67,-40.292650106821874
3743755000.0,-40.27784817492454
3748753333.33,-40.33275817160928
3753751666.67,-40.28493882264339
3758750000.0,-40.331225439795176
3763748333.33,-40.38773563275308
3768746666.67,-40.4212313127461
3773745000.0,-40.47213406099762
3778743333.33,-40.45538339360088
3783741666.67,-40.60314591537796
3788740000.0,-40.58525727667248
3793738333.33,-40.61550402062192
3798736666.67,-40.67987993325262
3803735000.0,-40.58343011399654
3808733333.33,-40.75146779211515
3813731666.67,-40.78724952594939
3818730000.0,-40.74525319670025
3823728333.33,-40.77271294939413
3828726666.67,-40.65704200912449
3833725000.0,-40.63290376300294
3838723333.33,-40.64978394610137
3843721666.67,-40.658179095863716
3848720000.0,-40.70992040186457
3853718333.33,-40.65776830121897
3858716666.67,-40.66698484119938
3863715000.0,-40.65429732456309
3868713333.33,-40.686787721229805
3873711666.67,-40.801919289928925
3878710000.0,-40.79171042073889
3883708333.33,-40.745494771035105
3888706666.67,-40.871787048246944
3893705000.0,-40.808458487405204
3898703333.33,-41.05843809148337
3903701666.67,-40.90582568812141
3908700000.0,-41.05385920746443
3913698333.33,-41.1944545157857
3918696666.67,-41.194030270677395
3923695000.0,-41.27965122071987
3928693333.33,-41.30719806240616
3933691666.67,-41.39814911853001
3938690000.0,-41.465398912471215
3943688333.33,-41.607131685564966
3948686666.67,-41.61300900866664
3953685000.0,-41.64177442352549
3958683333.33,-41.7556961568189
3963681666.67,-41.77456849843012
3968680000.0,-41.93385838793052
3973678333.33,-42.03812326627335
3978676666.67,-42.01999950279954
3983675000.0,-42.16181348607015
3988673333.33,-42.16503782332721
3993671666.67,-42.298902290174354
3998670000.0,-42.39021006045331
4003668333.33,-42.53317780190918
4008666666.67,-42.649441658156604
4013665000.0,-42.71345620137551
4018663333.33,-42.82024753677749
4023661666.67,-42.874121745335486
4028660000.0,-42.96683967970517
4033658333.33,-42.98705777701591
4038656666.67,-42.98348320960503
4043655000.0,-43.0956824783286
4048653333.33,-43.02940861841573
4053651666.67,-42.97787978156122
4058650000.0,-42.92949553815799
4063648333.33,-42.926259158411725
4068646666.67,-42.83280679114618
4073645000.0,-42.81418675121116
4078643333.33,-42.74115228506413
4083641666.67,-42.6083661238456
4088640000.0,-42.701137316177615
4093638333.33,-42.65698132509395
4098636666.67,-42.61414188825312
4103635000.0,-42.63077335426249
4108633333.33,-42.70873434261449
4113631666.67,-42.737380103603755
4118630000.0,-42.80330288826069
4123628333.33,-42.71739608262558
4128626666.67,-42.87510129200931
4133625000.0,-42.86005815150095
4138623333.33,-42.8793412235017
4143621666.67,-42.94353602245462
4148620000.0,-42.90808344280965
4153618333.33,-42.84665229605871
4158616666.67,-42.87033208811249
4163615000.0,-42.84890719266225
4168613333.33,-42.83659812768246
4173611666.67,-42.89291354107564
4178610000.0,-42.88455543160364
4183608333.33,-42.88219095526101
4188606666.67,-42.915989881828395
4193605000.0,-43.006580164704104
4198603333.33,-43.050215145285264
4203601666.67,-43.15737695657165
4208600000.0,-43.24253050953975
4213598333.33,-43.37900315246472
4218596666.67,-43.378841212272654
4223595000.0,-43.38567933060006
4228593333.33,-43.59551652883388
4233591666.67,-43.5898561399571
4238590000.0,-43.663830671566444
4243588333.33,-43.58688955030601
4248586666.67,-43.55873551225666
4253585000.0,-43.7271636528716
4258583333.33,-43.6134329240121
4263581666.67,-43.629293117503735
4268580000.0,-43.69672905538331
4273578333.33,-43.746793648623296
4278576666.67,-43.82493157521068
4283575000.0,-43.894160185232224
4288573333.33,-43.91453484803356
4293571666.67,-43.92282419989076
4298570000.0,-43.94433353601799
4303568333.33,-44.110930871838264
4308566666.67,-44.059780810918866
4313565000.0,-44.13551151633903
4318563333.33,-44.090581276209726
4323561666.67,-44.1089087106199
4328560000.0,-44.15628023247935
4333558333.33,-44.175081910281435
4338556666.67,-44.174057049871145
4343555000.0,-44.1665925569216
4348553333.33,-44.016980728510184
4353551666.67,-44.08234715272211
4358550000.0,-44.07197153594222
4363548333.33,-44.151825617393825
4368546666.67,-44.17815131514711
4373545000.0,-44.1155295661342
4378543333.33,-44.34471172942507
4383541666.67,-44.30650166321726
4388540000.0,-44.37092967396752
4393538333.33,-44.29294464237823
4398536666.67,-44.35533801903902
4403535000.0,-44.290352902954695
4408533333.33,-44.287811981175615
4413531666.67,-44.3860889723512
4418530000.0,-44.35494176877828
4423528333.33,-44.28163042121077
4428526666.67,-44.2954191367736
4433525000.0,-44.27449026226867
4438523333.33,-44.41659335626202
4443521666.67,-44.46123721690117
4448520000.0,-44.571939558890094
4453518333.33,-44.32975948966633
4458516666.67,-44.49773573940692
4463515000.0,-44.61952139039098
4468513333.33,-44.67704142235699
4473511666.67,-44.66502717492083
4478510000.0,-44.74140032003061
4483508333.33,-44.79418750056871
4488506666.67,-44.81664961841204
4493505000.0,-44.804805601147606
4498503333.33,-44.9302836228059
4503501666.67,-44.79781285725118
4508500000.0,-44.83369354773433
4513498333.33,-44.89708489633156
4518496666.67,-44.802277686737845
4523495000.0,-44.85361436930451
4528493333.33,-44.85450078341586
4533491666.67,-44.9184675227192
4538490000.0,-44.916351806555795
4543488333.33,-44.95327757876155
4548486666.67,-45.0176581654754
4553485000.0,-45.10798091748093
4558483333.33,-45.183039434242104
4563481666.67,-45.17772803044271
4568480000.0,-45.12811119705252
4573478333.33,-45.14135948267047
4578476666.67,-45.026882283726124
4583475000.0,-45.08646130906343
4588473333.33,-45.05710254456475
4593471666.67,-45.157241191860315
4598470000.0,-45.08571229816959
4603468333.33,-45.100242174813935
4608466666.67,-45.13909167254568
4613465000.0,-45.1275739108889
4618463333.33,-45.160767915829055
4623461666.67,-45.259855953043804
4628460000.0,-45.176059153015274
4633458333.33,-45.29980216673561
4638456666.67,-45.27670497797341
4643455000.0,-45.38254985582803
4648453333.33,-45.35280519973138
4653451666.67,-45.37685045378602
4658450000.0,-45.474942467305354
4663448333.33,-45.528562162533326
4668446666.67,-45.562606175409826
4673445000.0,-45.530546750364934
4678443333.33,-45.56243359779213
4683441666.67,-45.51553543931492
4688440000.0,-45.45054096627854
4693438333.33,-45.5575952273551
4698436666.67,-45.61238468452405
4703435000.0,-45.73230842460029
4708433333.33,-45.7774824384109
4713431666.67,-45.75466227746943
4718430000.0,-45.85592816087947
4723428333.33,-45.80685898190342
4728426666.67,-45.939021181321294
4733425000.0,-45.95570358536805
4738423333.33,-46.07828758550201
4743421666.67,-46.15634233603292
4748420000.0,-45.96302971751513
4753418333.33,-45.95426744272026
4758416666.67,-45.985354584938555
4763415000.0,-45.940890559976815
4768413333.33,-45.95785399694854
4773411666.67,-45.92331057945494
4778410000.0,-45.994624811028196
4783408333.33,-45.92225643932083
4788406666.67,-45.87438148787907
4793405000.0,-45.89779376353292
4798403333.33,-45.877585886998126
4803401666.67,-45.96315724563549
4808400000.0,-45.93853271505054
4813398333.33,-45.98142231090608
4818396666.67,-45.94673284433359
4823395000.0,-45.927496424880545
4828393333.33,-46.107956745866865
4833391666.67,-45.975082517447575
4838390000.0,-46.064428463190985
4843388333.33,-46.126403286965065
4848386666.67,-45.99225060064129
4853385000.0,-46.09485663141957
4858383333.33,-46.05249754009223
4863381666.67,-46.14366391671404
4868380000.0,-46.100814895638166
4873378333.33,-46.24076555529395
4878376666.67,-46.23687925865417
4883375000.0,-46.26131730730776
4888373333.33,-46.20268613089436
4893371666.67,-46.30814764717993
4898370000.0,-46.28331412303562
4903368333.33,-46.404976845293604
4908366666.67,-46.370610847924965
4913365000.0,-46.36003106911972
4918363333.33,-46.378952350279334
4923361666.67,-46.48919494636624
4928360000.0,-46.367399756105684
4933358333.33,-46.34261547691924
4938356666.67,-46.46439273425088
4943355000.0,-46.3926476335942
4948353333.33,-46.41053002735247
4953351666.67,-46.31661899072849
4958350000.0,-46.42086442590412
4963348333.33,-46.58023822241734
4968346666.67,-46.51358754068025
4973345000.0,-46.62928250884663
4978343333.33,-46.58938945909705
4983341666.67,-46.62648274062139
4988340000.0,-46.621980018692035
4993338333.33,-46.69308762544013
4998336666.67,-46.55416506281178
5003335000.0,-46.66158908483652
5008333333.33,-46.684474578092654
5013331666.67,-46.74722525156863
5018330000.0,-46.63456314154664
5023328333.33,-46.537605983262786
5028326666.67,-46.57214168720614
5033325000.0,-46.617386040520245
5038323333.33,-46.57992657824024
5043321666.67,-46.51879631199599
5048320000.0,-46.62776324774146
5053318333.33,-46.572581752983275
5058316666.67,-46.64130890180693
5063315000.0,-46.77060016212049
5068313333.33,-46.84438816016227
5073311666.67,-46.89059816769835
5078310000.0,-46.80810692725367
5083308333.33,-46.77701058378031
5088306666.67,-46.83836727650596
5093305000.0,-46.874769680593516
5098303333.33,-46.937049231288654
5103301666.67,-46.79816233233993
5108300000.0,-46.79056615469625
5113298333.33,-46.90911729048598
5118296666.67,-46.916096774769976
5123295000.0,-46.80356212752254
5128293333.33,-46.79168130834144
5133291666.67,-46.82351850226283
5138290000.0,-46.91949733203881
5143288333.33,-46.920077682778675
5148286666.67,-46.98985995914996
5153285000.0,-46.99589494608596
5158283333.33,-47.178598029909324
5163281666.67,-47.26319662250959
5168280000.0,-47.187049602992275
5173278333.33,-47.33391709656222
5178276666.67,-47.27966421730904
5183275000.0,-47.21477052543865
5188273333.33,-47.2446352879475
5193271666.67,-47.24059406240025
5198270000.0,-47.2410792688481
5203268333.33,-47.195325827096006
5208266666.67,-47.19906012850103
5213265000.0,-47.137943380777344
5218263333.33,-47.254275837901645
5223261666.67,-47.194855583848685
5228260000.0,-47.291254831718206
5233258333.33,-47.28439953399578
5238256666.67,-47.35930912306124
5243255000.0,-47.45279015358487
5248253333.33,-47.425218484019105
5253251666.67,-47.444974807955376
5258250000.0,-47.572871740727656
5263248333.33,-47.48319210177753
5268246666.67,-47.46154095122286
5273245000.0,-47.5816964231754
5278243333.33,-47.386942596833244
5283241666.67,-47.407626548276866
5288240000.0,-47.45248502693485
5293238333.33,-47.41520174543879
5298236666.67,-47.38447888781045
5303235000.0,-47.510419130854295
5308233333.33,-47.4687427635337
5313231666.67,-47.5430906144706
5318230000.0,-47.50290825736801
5323228333.33,-47.515409339626174
5328226666.67,-47.550950845238795
5333225000.0,-47.63481969608608
5338223333.33,-47.56501344734814
5343221666.67,-47.75736638723275
5348220000.0,-47.69504690913975
5353218333.33,-47.64673721776603
5358216666.67,-47.75349223222662
5363215000.0,-47.83249467274837
5368213333.33,-47.77198262684117
5373211666.67,-47.90644045863186
5378210000.0,-47.87891184749195
5383208333.33,-47.78924826485103
5388206666.67,-47.92844540119834
5393205000.0,-48.130714705405886
5398203333.33,-47.93686542920745
5403201666.67,-47.97824406093416
5408200000.0,-48.12904317953393
5413198333.33,-48.070942954506975
5418196666.67,-48.20151579992698
5423195000.0,-48.25160952709193
5428193333.33,-48.29764130767215
5433191666.67,-48.397997938913434
5438190000.0,-48.311667507687524
5443188333.33,-48.43947346635638
5448186666.67,-48.304527932510545
5453185000.0,-48.398436315695164
5458183333.33,-48.273892608799436
5463181666.67,-48.26585065194733
5468180000.0,-48.241829426165225
5473178333.33,-48.273288794916255
5478176666.67,-48.29261311151615
5483175000.0,-48.447335150908216
5488173333.33,-48.46249451921455
5493171666.67,-48.484352544900034
5498170000.0,-48.3338913962678
5503168333.33,-48.5921638645081
5508166666.67,-48.37164416405074
5513165000.0,-48.48296704573306
5518163333.33,-48.41804910992337
5523161666.67,-48.591500944763425
5528160000.0,-48.459210962842334
5533158333.33,-48.40295706094195
5538156666.67,-48.48070838257651
5543155000.0,-48.43393614776609
5548153333.33,-48.426761355726
5553151666.67,-48.28041059137854
5558150000.0,-48.267275365495514
5563148333.33,-48.43203177131415
5568146666.67,-48.4627099147066
5573145000.0,-48.54526980557825
5578143333.33,-48.36145256794567
5583141666.67,-48.50128264298452
5588140000.0,-48.66205361993857
5593138333.33,-48.64573799451989
5598136666.67,-48.73098360488423
5603135000.0,-48.75408132178293
5608133333.33,-48.75340707253244
5613131666.67,-48.89471928394385
5618130000.0,-48.79123208919931
5623128333.33,-48.77330607041187
5628126666.67,-48.746899564760966
5633125000.0,-49.00310321720483
5638123333.33,-48.83848188431074
5643121666.67,-48.8590423519432
5648120000.0,-48.952405167709905
5653118333.33,-49.03961855644208
5658116666.67,-48.98224817177683
5663115000.0,-49.13537126112546
5668113333.33,-49.20662731100133
5673111666.67,-49.07761431285719
5678110000.0,-49.14343540317379
5683108333.33,-49.18759423905885
5688106666.67,-49.239141950819565
5693105000.0,-49.02928747475363
5698103333.33,-49.27584103769527
5703101666.67,-49.12939464741484
5708100000.0,-49.040472886562874
5713098333.33,-49.109510970864136
5718096666.67,-48.97495740832274
5723095000.0,-49.21995349543356
5728093333.33,-49.00847821991757
5733091666.67,-48.899306387362955
5738090000.0,-49.06107647289786
5743088333.33,-48.92946646544669
5748086666.67,-49.04282768376958
5753085000.0,-49.08371461019912
5758083333.33,-49.05604050958891
5763081666.67,-49.01807371697199
5768080000.0,-49.20383466949082
5773078333.33,-49.04546281002945
5778076666.67,-48.96506559387184
5783075000.0,-48.93839693759389
5788073333.33,-48.945789888442604
5793071666.67,-49.0517387366893
5798070000.0,-48.95365369881741
5803068333.33,-48.94449973351938
5808066666.67,-49.21264511201052
5813065000.0,-49.08543974190752
5818063333.33,-49.17070821825761
5823061666.67,-49.17432865607368
5828060000.0,-49.408131751355185
5833058333.33,-49.36337855826199
5838056666.67,-49.3439478502058
5843055000.0,-49.50165108683134
5848053333.33,-49.55580237051493
5853051666.67,-49.56263771517789
5858050000.0,-49.651765911650244
5863048333.33,-49.48079122570825
5868046666.67,-49.627093018535476
5873045000.0,-49.605560130089465
5878043333.33,-49.68746139254276
5883041666.67,-49.57393147158291
5888040000.0,-49.53013906291581
5893038333.33,-49.52884739285933
5898036666.67,-49.339853556042655
5903035000.0,-49.55526668906035
5908033333.33,-49.690617359171426
5913031666.67,-49.722566767323364
5918030000.0,-49.691830514895415
5923028333.33,-49.8225260791936
5928026666.67,-49.73170460699129
5933025000.0,-49.75382127464607
5938023333.33,-49.80904862059109
5943021666.67,-49.789708437128084
5948020000.0,-49.95435433542092
5953018333.33,-49.80743281363302
5958016666.67,-49.74089375168053
5963015000.0,-49.6183562006877
5968013333.33,-49.70700157854104
5973011666.67,-49.82630323573163
5978010000.0,-49.81105150792107
5983008333.33,-49.97251266394961
5988006666.67,-49.7819275268143
5993005000.0,-49.82155289386454
5998003333.33,-49.70943376390665
6003001666.67,-49.921676408508446
6008000000.0,-49.80469070330286
6012998333.33,-49.825782169464276
6017996666.67,-49.88207796719771
6022995000.0,-49.96818311582817
6027993333.33,-49.70372246084568
6032991666.67,-49.73771244662934
6037990000.0,-49.91156395176339
6042988333.33,-49.789477223059684
6047986666.67,-49.67550998731231
6052985000.0,-49.630348179536526
6057983333.33,-49.718326488785955
6062981666.67,-49.54244821655635
6067980000.0,-49.70217945518256
6072978333.33,-49.74993555945908
6077976666.67,-49.57533349656466
6082975000.0,-49.934988664279594
6087973333.33,-49.7657353532373
6092971666.67,-49.992005861914
6097970000.0,-50.019241391359216
6102968333.33,-50.169138357981986
6107966666.67,-49.843719643125
6112965000.0,-50.08190847128175
6117963333.33,-50.192546421260964
6122961666.67,-50.01761699488909
6127960000.0,-50.133846475206354
6132958333.33,-50.17683420662791
6137956666.67,-50.278789668761064
6142955000.0,-50.25362465076967
6147953333.33,-50.19124605109749
6152951666.67,-50.09683955709143
6157950000.0,-50.26500354628429
6162948333.33,-50.366027190901654
6167946666.67,-50.432182148291396
6172945000.0,-50.3731188725538
6177943333.33,-50.63056266561425
6182941666.67,-50.56222298409288
6187940000.0,-50.73838923909644
6192938333.33,-50.7329561967059
6197936666.67,-50.40583902075003
6202935000.0,-50.622885865819995
6207933333.33,-50.47374126451174
6212931666.67,-50.478187725349805
6217930000.0,-50.26845347541844
6222928333.33,-50.54804487866852
6227926666.67,-50.38936013234982
6232925000.0,-50.51199337150467
6237923333.33,-50.33912523655176
6242921666.67,-50.37297768330514
6247920000.0,-50.42396968027913
6252918333.33,-50.073096422280166
6257916666.67,-50.41492530748263
6262915000.0,-50.416378338361135
6267913333.33,-50.45078496618903
6272911666.67,-50.51948115093674
6277910000.0,-50.42659308682292
6282908333.33,-50.35273192748222
6287906666.67,-50.45506583188707
6292905000.0,-50.65814041890028
6297903333.33,-50.56210323475385
6302901666.67,-50.444712716173555
6307900000.0,-50.546241641357355
6312898333.33,-50.58151562329861
6317896666.67,-50.65307604285571
6322895000.0,-50.82119080948403
6327893333.33,-50.800965111558085
6332891666.67,-50.74249480831203
6337890000.0,-50.89014308774384
6342888333.33,-50.771587568768936
6347886666.67,-50.84822065749671
6352885000.0,-50.81478520895618
6357883333.33,-51.142039059523015
6362881666.67,-50.879159939555336
6367880000.0,-50.956602798426104
6372878333.33,-51.101023577195946
6377876666.67,-51.04635778232979
6382875000.0,-50.94019608724635
6387873333.33,-50.91018315135878
6392871666.67,-51.03832297692952
6397870000.0,-50.8726531092904
6402868333.33,-50.757237166868244
6407866666.67,-50.91474475399208
6412865000.0,-50.9427637118082
6417863333.33,-50.93891701993685
6422861666.67,-50.89374135342217
6427860000.0,-50.74919823460733
6432858333.33,-50.84480711833709
6437856666.67,-50.927250243327336
6442855000.0,-50.922262823135576
6447853333.33,-50.98306835047354
6452851666.67,-50.94407941000754
6457850000.0,-51.00565751170137
6462848333.33,-50.90089080465639
6467846666.67,-50.89082470314448
6472845000.0,-51.16298220463076
6477843333.33,-50.930184370441935
6482841666.67,-50.8538231157
6487840000.0,-51.035342240974835
6492838333.33,-50.9289475167536
6497836666.67,-51.029676456640225
6502835000.0,-51.18015020241637
6507833333.33,-51.155884150210284
6512831666.67,-51.158364129862036
6517830000.0,-51.11868812743431
6522828333.33,-51.29650033861931
6527826666.67,-51.36912285757967
6532825000.0,-51.46021106829924
6537823333.33,-51.197220046481064
6542821666.67,-51.639879085402825
6547820000.0,-51.46259887312675
6552818333.33,-51.428357270406025
6557816666.67,-51.33733761022367
6562815000.0,-51.430289369809046
6567813333.33,-51.34762914508198
6572811666.67,-51.27689413504405
6577810000.0,-51.29152256812379
6582808333.33,-51.22835729399388
6587806666.67,-51.25524162650336
6592805000.0,-51.47377561212467
6597803333.33,-51.328843726104424
6602801666.67,-51.43364193503152
6607800000.0,-51.685823867778595
6612798333.33,-51.74145219166549
6617796666.67,-51.52027758109905
6622795000.0,-51.54557997745564
6627793333.33,-51.52077885816442
6632791666.67,-51.43517221513666
6637790000.0,-51.45817638110521
6642788333.33,-51.45232548397957
6647786666.67,-51.43988270109801
6652785000.0,-51.37620912820534
6657783333.33,-51.313821308337126
6662781666.67,-51.232953938556214
6667780000.0,-51.28245519558432
6672778333.33,-51.316051079608044
6677776666.67,-51.416924685568844
6682775000.0,-51.242329419662056
6687773333.33,-51.38151454644071
6692771666.67,-51.53242946531992
6697770000.0,-51.35531714066275
6702768333.33,-51.59468411895591
6707766666.67,-51.623080051632435
6712765000.0,-51.47006566320669
6717763333.33,-51.33737640643183
6722761666.67,-51.713524100025396
6727760000.0,-51.37515038880704
6732758333.33,-51.36622445644708
6737756666.67,-51.466459538074396
6742755000.0,-51.23526997526078
6747753333.33,-51.534552215927796
6752751666.67,-51.26703252573168
6757750000.0,-51.046880469927174
6762748333.33,-51.322100790358434
6767746666.67,-51.40163990629879
6772745000.0,-51.24957747721461
6777743333.33,-51.33231233536233
6782741666.67,-51.18331304362484
6787740000.0,-51.49053310657109
6792738333.33,-51.498139746861895
6797736666.67,-51.65608531855048
6802735000.0,-51.617151412641114
6807733333.33,-51.523748397410344
6812731666.67,-51.707633693866
6817730000.0,-51.705185108008216
6822728333.33,-51.584159786558345
6827726666.67,-51.57209116181308
6832725000.0,-51.67041000744498
6837723333.33,-51.67178532083834
6842721666.67,-51.68048719700704
6847720000.0,-51.65990504419989
6852718333.33,-51.68799096059837
6857716666.67,-51.77847036366944
6862715000.0,-51.695715436010374
6867713333.33,-52.104730677698626
6872711666.67,-51.86172771594033
6877710000.0,-51.96738391305481
6882708333.33,-52.002540472260684
6887706666.67,-51.86467661287074
6892705000.0,-51.990251252295934
6897703333.33,-51.95045609046559
6902701666.67,-51.65098621744398
6907700000.0,-51.93935628246143
6912698333.33,-51.69475831563915
6917696666.67,-51.57406139705621
6922695000.0,-51.613780062108574
6927693333.33,-51.5992768317474
6932691666.67,-51.516097692823486
6937690000.0,-51.543965459779244
6942688333.33,-51.61469119650326
6947686666.67,-51.511570540826824
6952685000.0,-51.56124869265113
6957683333.33,-51.53766955992506
6962681666.67,-51.47382387773953
6967680000.0,-51.563623914565405
6972678333.33,-51.737753505993986
6977676666.67,-51.62409605868078
6982675000.0,-51.66616723860948
6987673333.33,-51.51200577469637
6992671666.67,-51.474552003286114
6997670000.0,-51.50183285338083
7002668333.33,-51.36746721133924
7007666666.67,-51.57118323289508
7012665000.0,-51.66780843212051
7017663333.33,-51.52751322588444
7022661666.67,-51.73390357383849
7027660000.0,-51.78026073773228
7032658333.33,-51.823335113687264
7037656666.67,-51.81029818646437
7042655000.0,-51.729735163828266
7047653333.33,-52.05394783981183
7052651666.67,-52.043068288300056
7057650000.0,-52.09686618920412
7062648333.33,-52.32063318018695
7067646666.67,-52.12629356447067
7072645000.0,-52.23759388093235
7077643333.33,-52.14986054253436
7082641666.67,-51.97106070381379
7087640000.0,-52.12486374218206
7092638333.33,-51.93604688900465
7097636666.67,-51.88408321813223
7102635000.0,-51.91247032426542
7107633333.33,-52.123883781031644
7112631666.67,-51.74842727460364
7117630000.0,-52.14170224664326
7122628333.33,-52.25199787029545
7127626666.67,-52.15442460450127
7132625000.0,-52.204554598355834
7137623333.33,-52.075382614146164
7142621666.67,-52.266921889012394
7147620000.0,-52.227264318995275
7152618333.33,-52.232925978956
7157616666.67,-52.142262816832066
7162615000.0,-52.06816360716466
7167613333.33,-52.10294521911014
7172611666.67,-52.053249170551005
7177610000.0,-52.01544924936317
7182608333.33,-52.113924171083866
7187606666.67,-52.129807681034904
7192605000.0,-52.31776451930257
7197603333.33,-52.084251409382375
7202601666.67,-52.29045461606453
7207600000.0,-52.207328216676686
7212598333.33,-52.313248935758565
7217596666.67,-52.44096813185446
7222595000.0,-52.27514602778999
7227593333.33,-52.53175706397995
7232591666.67,-52.25609365042706
7237590000.0,-52.42215273928211
7242588333.33,-52.40422389538705
7247586666.67,-52.37639082208966
7252585000.0,-52.260628733630824
7257583333.33,-52.0184621253544
7262581666.67,-52.2092773148093
7267580000.0,-51.99964936258783
7272578333.33,-52.27568134930599
7277576666.67,-52.02888614251905
7282575000.0,-52.22206900622926
7287573333.33,-52.29495330160973
7292571666.67,-52.46449099463714
7297570000.0,-52.679720446473546
7302568333.33,-52.672334834114196
7307566666.67,-52.93238104727945
7312565000.0,-52.76278907988584
7317563333.33,-52.87107924530364
7322561666.67,-52.93034908612019
7327560000.0,-52.60118140131301
7332558333.33,-53.02127041304153
7337556666.67,-52.84408383538483
7342555000.0,-52.449673474438995
7347553333.33,-52.38886816044154
7352551666.67,-52.59974893234776
7357550000.0,-52.411323381338065
7362548333.33,-52.490040321812764
7367546666.67,-52.33775472923794
7372545000.0,-52.61542071144538
7377543333.33,-52.6862671541208
7382541666.67,-52.60989448432759
7387540000.0,-52.640953325209324
7392538333.33,-52.811578031027594
7397536666.67,-52.40138516908901
7402535000.0,-52.65004473407696
7407533333.33,-52.70476300014053
7412531666.67,-52.66744881415738
7417530000.0,-52.921579492502666
7422528333.33,-52.541368884396064
7427526666.67,-52.73719540904568
7432525000.0,-52.328712123321694
7437523333.33,-52.31430566677159
7442521666.67,-52.37504588819378
7447520000.0,-52.436108196470535
7452518333.33,-52.250610553033674
7457516666.67,-52.401192055892224
7462515000.0,-52.33902126469806
7467513333.33,-52.46963794471406
7472511666.67,-52.79645335400946
7477510000.0,-52.72261698338525
7482508333.33,-53.03965903852006
7487506666.67,-52.96669422321814
7492505000.0,-52.66393124503372
7497503333.33,-52.907744557326204
7502501666.67,-52.98050646039841
7507500000.0,-53.07104328954986
7512498333.33,-52.8121895241108
7517496666.67,-52.912472645537065
7522495000.0,-52.84020481902842
7527493333.33,-52.79831391858931
7532491666.67,-53.09106207462434
7537490000.0,-53.06103693248089
7542488333.33,-53.0149358285341
7547486666.67,-52.91310696245898
7552485000.0,-52.794571541712436
7557483333.33,-53.47774485110702
7562481666.67,-53.19502568357159
7567480000.0,-53.40272340431993
7572478333.33,-53.329657161492904
7577476666.67,-53.33514803213361
7582475000.0,-53.1417085104134
7587473333.33,-53.32475422672739
7592471666.67,-53.26753577544607
7597470000.0,-53.027386578245284
7602468333.33,-53.07474510738092
7607466666.67,-52.91203812074183
7612465000.0,-52.89309733070631
7617463333.33,-52.59499111045666
7622461666.67,-52.93004920035885
7627460000.0,-52.518412895051966
7632458333.33,-52.76045598769173
7637456666.67,-52.63619143855373
7642455000.0,-52.6555427658272
7647453333.33,-52.78983671881521
7652451666.67,-52.66702287328517
7657450000.0,-52.92170033612882
7662448333.33,-52.89776461494432
7667446666.67,-52.673602622846346
7672445000.0,-52.85051199808404
7677443333.33,-52.59192597648258
7682441666.67,-52.4819539930263
7687440000.0,-52.3213126455674
7692438333.33,-52.4076090592711
7697436666.67,-52.18576891668445
7702435000.0,-51.962403381096635
7707433333.33,-52.096113090050636
7712431666.67,-52.07397204868103
7717430000.0,-51.99203907733646
7722428333.33,-52.07321402976668
7727426666.67,-52.02224472533781
7732425000.0,-52.230001462839375
7737423333.33,-52.37492004253903
7742421666.67,-52.47476774707386
7747420000.0,-52.44307519227733
7752418333.33,-52.6589882279564
7757416666.67,-52.79420529058793
7762415000.0,-52.972640005437555
7767413333.33,-52.88485277111612
7772411666.67,-52.794363863272444
7777410000.0,-52.762390960269705
7782408333.33,-52.93756135469984
7787406666.67,-53.03131778680737
7792405000.0,-52.9207580158166
7797403333.33,-52.66814047009586
7802401666.67,-53.21351892646583
7807400000.0,-53.02037980261889
7812398333.33,-53.24143679090338
7817396666.67,-53.343003694174946
7822395000.0,-53.236860043252065
7827393333.33,-53.3380793057562
7832391666.67,-53.47031954042622
7837390000.0,-53.624236213300975
7842388333.33,-54.040043381277236
7847386666.67,-53.646636976564075
7852385000.0,-53.430785066947934
7857383333.33,-53.631269868244914
7862381666.67,-53.56156799096744
7867380000.0,-53.315689229305285
7872378333.33,-53.43638953073091
7877376666.67,-53.13367575268026
7882375000.0,-53.149841222537134
7887373333.33,-53.07136445195197
7892371666.67,-53.004529410326036
7897370000.0,-53.22702391833615
7902368333.33,-53.07726892917054
7907366666.67,-53.266282291477786
7912365000.0,-53.09459416284732
7917363333.33,-52.99929628300214
7922361666.67,-53.10796842836461
7927360000.0,-53.126766023884954
7932358333.33,-53.00983281536388
7937356666.67,-52.943006612059804
7942355000.0,-53.332284067712834
7947353333.33,-53.039268126284625
7952351666.67,-52.88300363003859
7957350000.0,-53.02194834830959
7962348333.33,-52.92334300609035
7967346666.67,-53.16047133899139
7972345000.0,-52.98472382946351
7977343333.33,-53.35457659235309
7982341666.67,-53.12808111112864
7987340000.0,-53.42268990506179
7992338333.33,-53.31423537048772
7997336666.67,-53.22263734553588
8002335000.0,-53.36823461155164
8007333333.33,-53.483368981528585
8012331666.67,-53.17118465428571
8017330000.0,-53.31071743061882
8022328333.33,-53.29178355323794
8027326666.67,-53.19332465754
8032325000.0,-53.178166195201996
8037323333.33,-53.31288958075292
8042321666.67,-53.108751855131445
8047320000.0,-53.4958422158909
8052318333.33,-53.53695580837541
8057316666.67,-53.36206099269491
8062315000.0,-53.58768131207378
8067313333.33,-53.64804122680833
8072311666.67,-53.773295883713025
8077310000.0,-54.05024154290586
8082308333.33,-54.02756385870767
8087306666.67,-54.2480536259805
8092305000.0,-54.33769038439024
8097303333.33,-54.2249328998874
8102301666.67,-54.327180211847406
8107300000.0,-54.42881228563859
8112298333.33,-54.234707955232075
8117296666.67,-54.41764500927805
8122295000.0,-54.269303829874445
8127293333.33,-54.608717460902966
8132291666.67,-54.28038462228973
8137290000.0,-54.240532482481484
8142288333.33,-54.40791654714261
8147286666.67,-54.31371265775006
8152285000.0,-54.278746008775265
8157283333.33,-54.43252260462623
8162281666.67,-54.54963905319541
8167280000.0,-54.7381449670329
8172278333.33,-54.64243477865551
8177276666.67,-54.62935944769734
8182275000.0,-54.35593863444484
8187273333.33,-54.66199018098021
8192271666.67,-54.03143561418945
8197270000.0,-54.53162909850601
8202268333.33,-54.269925595680064
8207266666.67,-54.54874860803608
8212265000.0,-54.20228467298319
8217263333.33,-54.310057423514365
8222261666.67,-54.37280654084261
8227260000.0,-54.36814079186513
8232258333.33,-54.41818395282658
8237256666.67,-54.55293374895375
8242255000.0,-54.689809351609156
8247253333.33,-54.60301896871445
8252251666.67,-54.723532965872685
8257250000.0,-54.81868932292292
8262248333.33,-55.18991005671627
8267246666.67,-54.73815468890343
8272245000.0,-55.16218097023721
8277243333.33,-55.28345356095956
8282241666.67,-54.785101008343574
8287240000.0,-54.70180869990195
8292238333.33,-54.76825088615672
8297236666.67,-54.36800874899288
8302235000.0,-54.53017316282875
8307233333.33,-54.467400704664655
8312231666.67,-54.50691937811524
8317230000.0,-54.89956182249997
8322228333.33,-54.70046041468898
8327226666.67,-54.97378275409542
8332225000.0,-54.76728160995143
8337223333.33,-54.88860557007696
8342221666.67,-54.85203657823908
8347220000.0,-54.84963667508944
8352218333.33,-54.63561737236059
8357216666.67,-54.67934137529929
8362215000.0,-54.905123943482856
8367213333.33,-55.06162674196717
8372211666.67,-55.076382206890166
8377210000.0,-54.58512885343605
8382208333.33,-54.96567728399266
8387206666.67,-54.86807945762696
8392205000.0,-54.51935287640778
8397203333.33,-54.68033922299696
8402201666.67,-54.93267801466275
8407200000.0,-54.70423419765058
8412198333.33,-55.00152285903158
8417196666.67,-55.06103978486053
8422195000.0,-54.95428072471266
8427193333.33,-55.15324359605576
8432191666.67,-55.17130750848652
8437190000.0,-55.2244833488201
8442188333.33,-55.475802130538696
8447186666.67,-55.379858701941686
8452185000.0,-55.33181654686334
8457183333.33,-55.47134987441477
8462181666.67,-55.3313040672347
8467180000.0,-55.14327579440261
8472178333.33,-55.32172293167038
8477176666.67,-55.061374683118494
8482175000.0,-54.9406247687756
8487173333.33,-55.17536988400537
8492171666.67,-55.3177397156239
8497170000.0,-55.490856544568885
8502168333.33,-55.70647448256387
8507166666.67,-55.86356411632043
8512165000.0,-55.64336792982864
8517163333.33,-55.57119482857012
8522161666.67,-55.84115055418997
8527160000.0,-55.672455684129154
8532158333.33,-55.59938978149563
8537156666.67,-55.501548623450354
8542155000.0,-55.35147070793304
8547153333.33,-55.428590882811825
8552151666.67,-55.25271040709797
8557150000.0,-55.30430214426383
8562148333.33,-55.26701700055243
8567146666.67,-54.98283182305669
8572145000.0,-55.158332588641706
8577143333.33,-55.26281819807943
8582141666.67,-55.142583352234915
8587140000.0,-55.16079207806227
8592138333.33,-55.63760523708272
8597136666.67,-55.89484187544621
8602135000.0,-55.18055638282553
8607133333.33,-55.259982616791945
8612131666.67,-55.430253559286975
8617130000.0,-55.662982127062705
8622128333.33,-55.093650342912014
8627126666.67,-55.114870030603235
8632125000.0,-54.85924206140977
8637123333.33,-54.97283962259687
8642121666.67,-54.67435612774903
8647120000.0,-54.744412703461975
8652118333.33,-54.69829827973043
8657116666.67,-54.87902930821531
8662115000.0,-54.96937604033951
8667113333.33,-55.31487470149212
8672111666.67,-55.08262085428427
8677110000.0,-55.32057573555691
8682108333.33,-55.367723438123704
8687106666.67,-55.841039600107116
8692105000.0,-55.9274920916817
8697103333.33,-55.56475978954949
8702101666.67,-56.04051341944319
8707100000.0,-55.949050101814834
8712098333.33,-55.61094183921389
8717096666.67,-55.762463323734785
8722095000.0,-55.54567176108038
8727093333.33,-55.836699196333754
8732091666.67,-55.2013698601193
8737090000.0,-54.90495217484461
8742088333.33,-55.05624316812352
8747086666.67,-54.9049475807777
8752085000.0,-54.656443995575714
8757083333.33,-54.824103197502446
8762081666.67,-55.12455423631694
8767080000.0,-55.26831916892085
8772078333.33,-55.3135054978291
8777076666.67,-55.77909962466887
8782075000.0,-55.831767932886045
8787073333.33,-56.30960714468428
8792071666.67,-55.94317839247651
8797070000.0,-55.9254177355992
8802068333.33,-55.93662150196536
8807066666.67,-55.6987892089669
8812065000.0,-55.6591270859643
8817063333.33,-56.05563983614832
8822061666.67,-55.54467182391094
8827060000.0,-55.67960724908572
8832058333.33,-55.550310613373384
8837056666.67,-55.44300362673123
8842055000.0,-55.592450846108996
8847053333.33,-55.69618430330748
8852051666.67,-55.38458401691325
8857050000.0,-55.43851688839125
8862048333.33,-55.99635126719026
8867046666.67,-56.05241166283167
8872045000.0,-56.297422227876496
8877043333.33,-55.983597017379765
8882041666.67,-56.02184777178046
8887040000.0,-56.14761211956751
8892038333.33,-55.80073691607538
8897036666.67,-56.03109310263393
8902035000.0,-55.8481084979214
8907033333.33,-56.05049156108487
8912031666.67,-55.950784995312254
8917030000.0,-55.672069073239484
8922028333.33,-55.74565834262485
8927026666.67,-55.960814931699346
8932025000.0,-55.859507984380215
8937023333.33,-55.72267788527172
8942021666.67,-55.91057947089418
8947020000.0,-55.97666997826211
8952018333.33,-56.12689272059181
8957016666.67,-55.77943498386841
8962015000.0,-56.407899105641086
8967013333.33,-56.45041114722438
8972011666.67,-55.999624195103436
8977010000.0,-55.96855687557648
8982008333.33,-56.06527648634107
8987006666.67,-56.07114587027355
8992005000.0,-55.97185713085837
8997003333.33,-56.28195955075397
9002001666.67,-56.45168004160456
9007000000.0,-56.070022816906686
9011998333.33,-56.203582244216356
9016996666.67,-56.35749987535544
9021995000.0,-56.34438539380259
9026993333.33,-56.107179749504084
9031991666.67,-56.582654776743624
9036990000.0,-56.54533025376773
9041988333.33,-56.29013040084463
9046986666.67,-56.26541309500339
9051985000.0,-56.10958059379523
9056983333.33,-56.277492169356556
9061981666.67,-56.327348204191956
9066980000.0,-55.5743032313568
9071978333.33,-55.67919844369047
9076976666.67,-55.791682183206916
9081975000.0,-56.06819324592386
9086973333.33,-55.75694047132111
9091971666.67,-55.73873494980208
9096970000.0,-55.56649832057853
9101968333.33,-56.12108839669978
9106966666.67,-56.17434432851131
9111965000.0,-56.347045514187855
9116963333.33,-56.336127530698754
9121961666.67,-56.1493903193617
9126960000.0,-56.76919481440687
9131958333.33,-56.91975423131785
9136956666.67,-56.699486580147465
9141955000.0,-56.70985976133548
9146953333.33,-56.74937834367113
9151951666.67,-56.71890278115473
9156950000.0,-56.91996459655603
9161948333.33,-56.43890906640468
9166946666.67,-56.613564519394245
9171945000.0,-56.80460016452472
9176943333.33,-56.39771502644402
9181941666.67,-56.82303286372882
9186940000.0,-56.75995963072556
9191938333.33,-56.756000130072046
9196936666.67,-56.55020353849744
9201935000.0,-57.047831890123575
9206933333.33,-57.29202047571849
9211931666.67,-56.88648318450145
9216930000.0,-57.3253285320927
9221928333.33,-57.13027745607189
9226926666.67,-57.31027076378624
9231925000.0,-56.98437464776036
9236923333.33,-56.89907623116633
9241921666.67,-56.83263876078356
9246920000.0,-56.79057282347267
9251918333.33,-56.745851505834246
9256916666.67,-56.73185034141479
9261915000.0,-56.52977656558393
9266913333.33,-56.645302038121024
9271911666.67,-56.67188983309258
9276910000.0,-56.46437278257621
9281908333.33,-56.811130911139685
9286906666.67,-57.1238595984153
9291905000.0,-56.81101714559276
9296903333.33,-56.64452807312239
9301901666.67,-56.765679100412484
9306900000.0,-56.90470261704385
9311898333.33,-56.485761602466795
9316896666.67,-56.67000944587949
9321895000.0,-56.353427342846764
9326893333.33,-56.811178454976854
9331891666.67,-56.2647272933684
9336890000.0,-56.237800872592146
9341888333.33,-56.070631006013
9346886666.67,-56.0388201727357
9351885000.0,-56.221156268762165
9356883333.33,-56.24577461897986
9361881666.67,-56.653712448832266
9366880000.0,-56.36325295398095
9371878333.33,-56.27068109265841
9376876666.67,-56.56551797389276
9381875000.0,-56.65277646614424
9386873333.33,-56.20681561774948
9391871666.67,-56.365993620232075
9396870000.0,-56.52056636786949
9401868333.33,-56.24941231057207
9406866666.67,-56.60123514686095
9411865000.0,-56.138799372412656
9416863333.33,-56.16049662274083
9421861666.67,-56.26986399962207
9426860000.0,-56.45595282170714
9431858333.33,-56.403042075827834
9436856666.67,-56.73993653336715
9441855000.0,-56.64240276747054
9446853333.33,-56.826492035066344
9451851666.67,-56.62764341973193
9456850000.0,-56.925373717250636
9461848333.33,-57.054567422185755
9466846666.67,-57.322569100659784
9471845000.0,-57.439901680363086
9476843333.33,-57.265601421106716
9481841666.67,-57.42104163307724
9486840000.0,-57.27620831668715
9491838333.33,-57.13936615790546
9496836666.67,-56.63265797400598
9501835000.0,-56.730488033607436
9506833333.33,-56.44883156512116
9511831666.67,-56.67752009370729
9516830000.0,-56.905316069910945
9521828333.33,-56.48542794386351
9526826666.67,-56.3558250273665
9531825000.0,-56.64128291476686
9536823333.33,-57.06010970917625
9541821666.67,-56.61063499490214
9546820000.0,-57.42190675421432
9551818333.33,-56.8286806469845
9556816666.67,-56.86289588430186
9561815000.0,-57.43414852811692
9566813333.33,-56.90621165557793
9571811666.67,-57.06260874325626
9576810000.0,-56.82751767744171
9581808333.33,-56.56368251655384
9586806666.67,-56.428135624951786
9591805000.0,-56.19830435430465
9596803333.33,-56.13663039469105
9601801666.67,-56.30454259787384
9606800000.0,-56.276819849666346
9611798333.33,-56.265596973528304
9616796666.67,-56.17172083095872
9621795000.0,-56.196139438625735
9626793333.33,-56.72385645243551
9631791666.67,-56.195780002655205
9636790000.0,-56.66412787110333
9641788333.33,-56.492836682094875
9646786666.67,-56.65818942800725
9651785000.0,-56.58096253633033
9656783333.33,-56.82217293255831
9661781666.67,-56.640158453892354
9666780000.0,-56.34865287325317
9671778333.33,-56.31257216839358
9676776666.67,-55.79623287973058
9681775000.0,-55.98891886301211
9686773333.33,-55.872618994290725
9691771666.67,-55.65527017821823
9696770000.0,-56.15630993736629
9701768333.33,-55.81672574702133
9706766666.67,-56.18169936936568
9711765000.0,-56.226778174019245
9716763333.33,-56.32938232441286
9721761666.67,-56.791071830255
9726760000.0,-57.13076995167353
9731758333.33,-56.81273340558719
9736756666.67,-57.119319519012954
9741755000.0,-57.17833183775372
9746753333.33,-57.124418764752136
9751751666.67,-57.43202948141183
9756750000.0,-57.035333963897656
9761748333.33,-56.53123090830153
9766746666.67,-56.83664155783055
9771745000.0,-56.70971168596891
9776743333.33,-56.625017140746934
9781741666.67,-56.23771422570564
9786740000.0,-56.18640614745132
9791738333.33,-56.74085370192933
9796736666.67,-56.82026138813316
9801735000.0,-56.804439795131515
9806733333.33,-56.696809773526056
9811731666.67,-56.99654267318709
9816730000.0,-57.09159789099522
9821728333.33,-57.21748332849938
9826726666.67,-56.98916238695305
9831725000.0,-57.39241335223933
9836723333.33,-57.05284552189291
9841721666.67,-56.99210768227394
9846720000.0,-56.80376175656364
9851718333.33,-56.87557810423147
9856716666.67,-57.02864998291136
9861715000.0,-57.1640648479121
9866713333.33,-57.19377932914747
9871711666.67,-56.84952742948232
9876710000.0,-56.75314512964999
9881708333.33,-56.629592253972504
9886706666.67,-56.99682567344749
9891705000.0,-56.67844854423561
9896703333.33,-56.535326556715766
9901701666.67,-57.07650388287219
9906700000.0,-57.23252402190481
9911698333.33,-57.41394117726286
9916696666.67,-56.74486035936965
9921695000.0,-57.59462237121462
9926693333.33,-57.13514944942738
9931691666.67,-57.21964005074737
9936690000.0,-57.09034620063391
9941688333.33,-57.43614140936651
9946686666.67,-57.07033397064943
9951685000.0,-56.8992978854926
9956683333.33,-57.13950345445237
9961681666.67,-57.134151614176396
9966680000.0,-57.10557194298914
9971678333.33,-57.160697825936815
9976676666.67,-57.22906406666989
9981675000.0,-56.73698362634869
9986673333.33,-57.110748033508685
9991671666.67,-57.27488043914781
9996670000.0,-57.888538328445954
10001668333.3,-57.62111110068961
10006666666.7,-57.12823678760354
10011665000.0,-57.54243114008186
10016663333.3,-57.09984647076717
10021661666.7,-57.242373238044706
10026660000.0,-57.097517271526186
10031658333.3,-56.97813991035783
10036656666.7,-57.33814348689674
10041655000.0,-57.04858704995617
10046653333.3,-57.13504150852053
10051651666.7,-56.70023335108419
10056650000.0,-57.44721205101544
10061648333.3,-57.45977449342486
10066646666.7,-57.681064323147
10071645000.0,-57.069326092897526
10076643333.3,-57.425079491291385
10081641666.7,-57.480857598313484
10086640000.0,-57.7578906855097
10091638333.3,-57.60962606949271
10096636666.7,-57.45429592888517
10101635000.0,-57.30661905941342
10106633333.3,-57.27855769528248
10111631666.7,-57.014878676270975
10116630000.0,-57.49912435499351
10121628333.3,-57.113388954253125
10126626666.7,-56.9902916374769
10131625000.0,-57.673813873143615
10136623333.3,-57.457512105081875
10141621666.7,-57.60392243930971
10146620000.0,-57.541124284607534
10151618333.3,-57.630837739348166
10156616666.7,-57.656766654821624
10161615000.0,-58.32921974911443
10166613333.3,-58.34130225631472
10171611666.7,-58.02473087682127
10176610000.0,-58.25799335140539
10181608333.3,-58.3748399679386
10186606666.7,-57.680232779841454
10191605000.0,-58.293997000863854
10196603333.3,-58.048048902876175
10201601666.7,-57.881711020889895
10206600000.0,-58.03105026639285
10211598333.3,-57.74519244289651
10216596666.7,-57.37146165965024
10221595000.0,-57.511850822465654
10226593333.3,-57.7509483021176
10231591666.7,-57.47443739053985
10236590000.0,-57.936459068745805
10241588333.3,-57.518479319466145
10246586666.7,-57.76040778504212
10251585000.0,-57.87571926415503
10256583333.3,-57.92592408633061
10261581666.7,-57.384435548598915
10266580000.0,-57.451882755541554
10271578333.3,-58.22192053924441
10276576666.7,-57.6809991963847
10281575000.0,-57.06850824172271
10286573333.3,-57.66544397905336
10291571666.7,-57.61443185805872
10296570000.0,-57.875141917179185
10301568333.3,-57.38030727097946
10306566666.7,-57.81245111689643
10311565000.0,-57.67239058754916
10316563333.3,-57.80374878070311
10321561666.7,-57.724748671935984
10326560000.0,-57.92717199093776
10331558333.3,-57.901797052730956
10336556666.7,-57.94193249849258
10341555000.0,-58.1605359849426
10346553333.3,-58.00910965583122
10351551666.7,-57.494725728900534
10356550000.0,-58.07408280538823
10361548333.3,-57.728653920736406
10366546666.7,-57.40529836488121
10371545000.0,-57.45554225678027
10376543333.3,-57.229107664361194
10381541666.7,-57.676601030452005
10386540000.0,-57.560294873322995
10391538333.3,-57.7449176152093
10396536666.7,-57.50787760119522
10401535000.0,-57.81515627415226
10406533333.3,-57.61707834037792
10411531666.7,-57.85043833318271
10416530000.0,-58.2246414535673
10421528333.3,-57.54545939665351
10426526666.7,-58.49653298722696
10431525000.0,-58.02312416818725
10436523333.3,-57.62416830315093
10441521666.7,-57.481891099896394
10446520000.0,-57.83912217551539
10451518333.3,-57.658146198719145
10456516666.7,-57.45691976639372
10461515000.0,-57.726467527380294
10466513333.3,-57.91901466231549
10471511666.7,-57.81655211035773
10476510000.0,-57.7510893815697
10481508333.3,-57.226916520933926
10486506666.7,-58.26919252005749
10491505000.0,-58.71136033926462
10496503333.3,-58.46223510471291
10501501666.7,-58.452818944484065
10506500000.0,-58.487490334225065
10511498333.3,-58.37729328608105
10516496666.7,-58.242186136370265
10521495000.0,-58.49864038091671
10526493333.3,-58.13112825939197
10531491666.7,-57.857968330102835
10536490000.0,-58.13809933417818
10541488333.3,-57.99182948877132
10546486666.7,-58.49563069736787
10551485000.0,-57.54905808967884
10556483333.3,-57.80116535278076
10561481666.7,-57.68974164430139
10566480000.0,-57.76592304511215
10571478333.3,-58.072197190799656
10576476666.7,-58.169377713402994
10581475000.0,-58.35035632568843
10586473333.3,-58.83312887257864
10591471666.7,-58.65727465258242
10596470000.0,-58.54871289225856
10601468333.3,-58.47517681764634
10606466666.7,-58.11808186118249
10611465000.0,-58.225087315093596
10616463333.3,-57.934047312034984
10621461666.7,-58.07670987827383
10626460000.0,-58.06837482381028
10631458333.3,-57.91390514463728
10636456666.7,-57.961292094737324
10641455000.0,-57.813991903417204
10646453333.3,-57.8728561118579
10651451666.7,-58.21713875777227
10656450000.0,-58.09176193938424
10661448333.3,-58.22380792222586
10666446666.7,-57.991742550162265
10671445000.0,-58.12852943771201
10676443333.3,-58.495371597745695
10681441666.7,-58.74506413265708
10686440000.0,-58.80948233571804
10691438333.3,-58.471215476158534
10696436666.7,-58.582399921201294
10701435000.0,-58.75698813312027
10706433333.3,-57.84577025756337
10711431666.7,-57.75798637863215
10716430000.0,-57.787042044108084
10721428333.3,-57.93032148480138
10726426666.7,-57.92128453303299
10731425000.0,-57.633319964787404
10736423333.3,-58.04331504749511
10741421666.7,-57.416360457530885
10746420000.0,-57.97597431766213
10751418333.3,-58.240370224944876
10756416666.7,-57.95123303608206
10761415000.0,-58.55180095372166
10766413333.3,-58.51270533485042
10771411666.7,-58.729222097520825
10776410000.0,-58.765191310808696
10781408333.3,-58.604840806989245
10786406666.7,-58.88833096659444
10791405000.0,-58.32077182671232
10796403333.3,-58.74761414510044
10801401666.7,-58.535635521923204
10806400000.0,-58.572852959933435
10811398333.3,-58.37608257921498
10816396666.7,-58.71386197894375
10821395000.0,-58.18306119429622
10826393333.3,-58.084586091970955
10831391666.7,-58.55595693131665
10836390000.0,-58.51580448997591
10841388333.3,-58.81825643307717
10846386666.7,-59.20670773706913
10851385000.0,-59.0490536166258
10856383333.3,-59.46956358628205
10861381666.7,-59.45352261679879
10866380000.0,-59.16228527239595
10871378333.3,-59.52045023194334
10876376666.7,-59.26532152608801
10881375000.0,-59.09771905803342
10886373333.3,-59.015574445544715
10891371666.7,-58.76437847333567
10896370000.0,-59.24604463806092
10901368333.3,-58.740470161728126
10906366666.7,-58.69629182948966
10911365000.0,-59.03895605064642
10916363333.3,-58.69428875449465
10921361666.7,-58.76833977353926
10926360000.0,-58.8939242523513
10931358333.3,-58.79459487258087
10936356666.7,-58.95831256841853
10941355000.0,-58.916166259661466
10946353333.3,-59.29797500604938
10951351666.7,-58.80669654809073
10956350000.0,-58.705189415871956
10961348333.3,-58.87721586348867
10966346666.7,-58.9936249201356
10971345000.0,-59.033378476413475
10976343333.3,-58.519383270997665
10981341666.7,-58.063820085567066
10986340000.0,-58.866426267831784
10991338333.3,-58.601848945557215
10996336666.7,-58.76208256894933
11001335000.0,-58.97508877128529
11006333333.3,-59.10838486811703
11011331666.7,-58.56557897904561
11016330000.0,-58.381408700957074
11021328333.3,-58.671103033309
11026326666.7,-58.908582015597084
11031325000.0,-58.89355290189803
11036323333.3,-59.43224903587564
11041321666.7,-59.11202745641355
11046320000.0,-59.02320390423566
11051318333.3,-59.20948417910295
11056316666.7,-59.04816642446646
11061315000.0,-59.21549822671195
11066313333.3,-58.70110726293959
11071311666.7,-58.77705194268714
11076310000.0,-59.397037512781466
11081308333.3,-58.79521110084881
11086306666.7,-59.008451599540415
11091305000.0,-59.36726127825567
11096303333.3,-59.59921902780822
11101301666.7,-59.562818599428056
11106300000.0,-59.69234555441767
11111298333.3,-59.43062793003267
11116296666.7,-59.75091055255263
11121295000.0,-59.60200735421964
11126293333.3,-59.402267165632495
11131291666.7,-59.56625774947136
11136290000.0,-59.559834754330645
11141288333.3,-59.70852089452447
11146286666.7,-59.16286472762042
11151285000.0,-59.878086576537804
11156283333.3,-59.274902162104304
11161281666.7,-59.28187030177929
11166280000.0,-59.57028621005574
11171278333.3,-59.274604901986585
11176276666.7,-59.08132491693652
11181275000.0,-59.76102830603154
11186273333.3,-59.56970723426278
11191271666.7,-59.8616380868033
11196270000.0,-59.866347116472085
11201268333.3,-59.164677869866786
11206266666.7,-59.71713113159854
11211265000.0,-59.588014058296594
11216263333.3,-59.13785392259748
11221261666.7,-59.666897618876014
11226260000.0,-59.59288516133114
11231258333.3,-59.400375332818456
11236256666.7,-59.307092360532906
11241255000.0,-59.479753821104325
11246253333.3,-59.59654009493889
11251251666.7,-58.85856615597803
11256250000.0,-58.98223310797626
11261248333.3,-58.82328815285795
11266246666.7,-58.548997761674606
11271245000.0,-58.5282372014339
11276243333.3,-58.56033712985979
11281241666.7,-58.64905517410563
11286240000.0,-59.37586155339769
11291238333.3,-58.86528769459299
11296236666.7,-59.39902608760619
11301235000.0,-59.468898322677354
11306233333.3,-58.588292009364224
11311231666.7,-58.76414447810669
11316230000.0,-58.54437010672874
11321228333.3,-58.79918318283029
11326226666.7,-58.74791334807468
11331225000.0,-58.55910526637344
11336223333.3,-59.09134256315899
11341221666.7,-59.27587612989818
11346220000.0,-59.44887059251032
11351218333.3,-59.285020321376905
11356216666.7,-59.01749809642638
11361215000.0,-58.95206876755126
11366213333.3,-59.53781933333106
11371211666.7,-58.937393973428065
11376210000.0,-59.60497741628259
11381208333.3,-58.84405241900939
11386206666.7,-58.99576167117897
11391205000.0,-59.065562127010566
11396203333.3,-58.97579926012688
11401201666.7,-58.90005514460215
11406200000.0,-59.21781561041021
11411198333.3,-58.602644323657586
11416196666.7,-59.06900395759783
11421195000.0,-58.72947676422345
11426193333.3,-58.93664582552768
11431191666.7,-59.254389130906155
11436190000.0,-58.80102305679216
11441188333.3,-58.82312051653884
11446186666.7,-59.36778326303704
11451185000.0,-59.59297824057919
11456183333.3,-59.22603622457402
11461181666.7,-59.61570520613323
11466180000.0,-58.786382094817085
11471178333.3,-58.974016378995124
11476176666.7,-58.983629758915086
11481175000.0,-58.62781731657986
11486173333.3,-58.85910784282609
11491171666.7,-58.586211574314945
11496170000.0,-59.21125776867652
11501168333.3,-58.47202708350438
11506166666.7,-58.81863503276459
11511165000.0,-58.22647144321786
11516163333.3,-58.66698160876989
11521161666.7,-58.5457560013529
11526160000.0,-59.09097060175804
11531158333.3,-59.11190012372023
11536156666.7,-59.00606530862922
11541155000.0,-59.40648444372755
11546153333.3,-59.38943030976429
11551151666.7,-59.34984855233161
11556150000.0,-59.07062895555085
11561148333.3,-59.20639063026623
11566146666.7,-59.529620642902714
11571145000.0,-59.15231013718798
11576143333.3,-58.94068353274523
11581141666.7,-58.78665093229816
11586140000.0,-58.44186609290979
11591138333.3,-58.71973721899234
11596136666.7,-58.6845869317073
11601135000.0,-59.16971714945972
11606133333.3,-58.65074350175678
11611131666.7,-58.77998647194079
11616130000.0,-58.674888103634686
11621128333.3,-58.93179966497193
11626126666.7,-59.024530599962475
11631125000.0,-58.9720302790203
11636123333.3,-58.95374527601834
11641121666.7,-59.25276253589799
11646120000.0,-59.03447792670741
11651118333.3,-58.826122469042716
11656116666.7,-58.81778848568942
11661115000.0,-58.68630044289592
11666113333.3,-58.50928210419397
11671111666.7,-58.88067907679786
11676110000.0,-58.739595643410034
11681108333.3,-58.8923089110036
11686106666.7,-59.202224104511046
11691105000.0,-58.354999667002915
11696103333.3,-58.79919878945647
11701101666.7,-58.4649475323216
11706100000.0,-58.35922643089562
11711098333.3,-59.310729994361246
11716096666.7,-59.544852911325314
11721095000.0,-59.252363120107645
11726093333.3,-59.17655321604924
11731091666.7,-58.51738285474185
11736090000.0,-59.11529251636792
11741088333.3,-58.82308578962884
11746086666.7,-59.0881894992947
11751085000.0,-58.5725257602471
11756083333.3,-58.5407929838223
11761081666.7,-58.70702628739009
11766080000.0,-58.79767307782238
11771078333.3,-58.910161546938625
11776076666.7,-58.24365678591575
11781075000.0,-58.80496041689688
11786073333.3,-59.04459571901715
11791071666.7,-59.313010664466105
11796070000.0,-58.63903277214039
11801068333.3,-58.96570740538145
11806066666.7,-59.197692656549776
11811065000.0,-59.52231019600493
11816063333.3,-59.32385270033563
11821061666.7,-59.12723429593466
11826060000.0,-59.62633311257044
11831058333.3,-59.356597469572506
11836056666.7,-59.07751574813265
11841055000.0,-59.29279800832437
11846053333.3,-58.994410253271695
11851051666.7,-59.13655659304042
11856050000.0,-58.751084420000836
11861048333.3,-58.861470451845236
11866046666.7,-58.610324039872346
11871045000.0,-59.80916990191918
11876043333.3,-59.32498047209122
11881041666.7,-59.38634221435859
11886040000.0,-59.003152134550305
11891038333.3,-59.564650027170345
11896036666.7,-59.170108034420686
11901035000.0,-59.442054440167986
11906033333.3,-59.558307087426066
11911031666.7,-59.53515367821022
11916030000.0,-58.96690388903192
11921028333.3,-59.29461464137377
11926026666.7,-59.28049384684245
11931025000.0,-59.16055931487263
11936023333.3,-59.106835001387736
11941021666.7,-59.32086438087186
11946020000.0,-60.03876283545624
11951018333.3,-58.58673444111809
11956016666.7,-59.13204792124698
11961015000.0,-59.073629265622856
11966013333.3,-59.1950226517105
11971011666.7,-59.50411753276256
11976010000.0,-59.599892329027085
11981008333.3,-59.236906671124146
11986006666.7,-58.838633859515966
11991005000.0,-58.72884408918229
11996003333.3,-58.81875918753035
12001001666.7,-58.93681284405437
12006000000.0,-58.50286691652103
12010998333.3,-58.61544524407124
12015996666.7,-58.183219192761904
12020995000.0,-58.13947106941539
12025993333.3,-58.29520254427735
12030991666.7,-57.70576290791298
12035990000.0,-58.02681448953392
12040988333.3,-58.055078744847194
12045986666.7,-58.25808403523558
12050985000.0,-58.443600635171904
12055983333.3,-58.2961544671645
12060981666.7,-58.38606484475443
12065980000.0,-58.40962992392739
12070978333.3,-58.71440769815958
12075976666.7,-58.6049563320166
12080975000.0,-58.620581564233404
12085973333.3,-58.60856507274158
12090971666.7,-58.06570059517312
12095970000.0,-58.24830968538499
12100968333.3,-58.15680979116715
12105966666.7,-57.46299042281285
12110965000.0,-58.039783542814256
12115963333.3,-58.16954571758389
12120961666.7,-58.0183345253498
12125960000.0,-58.586551154194446
12130958333.3,-58.48658706821523
12135956666.7,-58.80839082535523
12140955000.0,-58.38451959778876
12145953333.3,-59.04238025980618
12150951666.7,-58.48234613485923
12155950000.0,-58.79341661400144
12160948333.3,-58.94263509655306
12165946666.7,-59.657400862518244
12170945000.0,-59.685741471642615
12175943333.3,-58.97765699289679
12180941666.7,-59.17277434620573
12185940000.0,-58.66781793322829
12190938333.3,-58.89789344212856
12195936666.7,-58.61980912952526
12200935000.0,-58.534335393227586
12205933333.3,-58.53362656471059
12210931666.7,-58.885543824478574
12215930000.0,-58.15122968950945
12220928333.3,-59.079260600198594
12225926666.7,-58.581815658618794
12230925000.0,-59.03653100691453
12235923333.3,-58.90755816082154
12240921666.7,-59.15999407942838
12245920000.0,-58.46214931837626
12250918333.3,-59.20726775218793
12255916666.7,-58.800490748130514
12260915000.0,-58.8289282889101
12265913333.3,-59.19503224895226
12270911666.7,-58.58000495795169
12275910000.0,-58.68566852266079
12280908333.3,-58.3670569242376
12285906666.7,-58.99544035381645
12290905000.0,-58.455191526570985
12295903333.3,-58.81703603163386
12300901666.7,-59.18017532939136
12305900000.0,-58.68115819628269
12310898333.3,-58.684379403782586
12315896666.7,-58.40431135544523
12320895000.0,-58.643684596680885
12325893333.3,-58.177613047641856
12330891666.7,-58.27681957680019
12335890000.0,-58.30325587000179
12340888333.3,-58.124272123410705
12345886666.7,-58.30556591921864
12350885000.0,-57.66121519866238
12355883333.3,-57.37592509807683
12360881666.7,-57.61652940076269
12365880000.0,-57.52006242876415
12370878333.3,-57.72195409852781
12375876666.7,-57.541804437943696
12380875000.0,-57.950783714398085
12385873333.3,-57.955685799069904
12390871666.7,-57.90851141498116
12395870000.0,-58.0382795346741
12400868333.3,-58.4513644075598
12405866666.7,-58.297103632841385
12410865000.0,-58.611074306831206
12415863333.3,-58.33224824380935
12420861666.7,-58.886887571238454
12425860000.0,-58.60870802455481
12430858333.3,-58.24357996786284
12435856666.7,-58.29171434932006
12440855000.0,-58.438924400197436
12445853333.3,-58.07774905594913
12450851666.7,-58.33973188419704
12455850000.0,-57.75541353707582
12460848333.3,-58.3833035252203
12465846666.7,-58.94731784431467
12470845000.0,-58.77079254701593
12475843333.3,-58.8085780116461
12480841666.7,-59.12631165217661
12485840000.0,-59.23647116525427
12490838333.3,-59.22937678193831
12495836666.7,-59.12254643805233
12500835000.0,-58.74879383024567
12505833333.3,-59.470924297999744
12510831666.7,-59.41603714044484
12515830000.0,-59.35967714258632
12520828333.3,-59.44250140149038
12525826666.7,-59.230340753594945
12530825000.0,-59.097382092712834
12535823333.3,-58.811050289667094
12540821666.7,-59.156483113892556
12545820000.0,-58.83081155177958
12550818333.3,-58.76137587525733
12555816666.7,-59.697703186895026
12560815000.0,-59.066700579636375
12565813333.3,-59.29996956578143
12570811666.7,-59.40005651356352
12575810000.0,-59.641511819580664
12580808333.3,-59.52364793611718
12585806666.7,-59.78418616019592
12590805000.0,-59.4810944006106
12595803333.3,-59.17294780665789
12600801666.7,-59.002063469908975
12605800000.0,-59.43600150494451
12610798333.3,-58.84210719413136
12615796666.7,-59.02280012376505
12620795000.0,-59.10334797774814
12625793333.3,-58.398582931905985
12630791666.7,-58.3626510341622
12635790000.0,-58.44011031707461
12640788333.3,-58.49335474781146
12645786666.7,-58.80577136983512
12650785000.0,-58.89558406146628
12655783333.3,-59.31517260886484
12660781666.7,-59.20220298091784
12665780000.0,-59.21035100477803
12670778333.3,-59.00255554326901
12675776666.7,-59.09989436064357
12680775000.0,-59.58865948781778
12685773333.3,-59.38460434489141
12690771666.7,-59.536323023719774
12695770000.0,-59.312285072842876
12700768333.3,-59.628134832675954
12705766666.7,-58.87315481262636
12710765000.0,-59.43586866268032
12715763333.3,-59.15035918852148
12720761666.7,-59.02337217507249
12725760000.0,-59.17829894477233
12730758333.3,-58.75918038660586
12735756666.7,-59.53633040663835
12740755000.0,-59.17840276667008
12745753333.3,-59.52243967534025
12750751666.7,-59.69695639978684
12755750000.0,-60.04025845909378
12760748333.3,-59.59838963309332
12765746666.7,-59.65897968104616
12770745000.0,-59.77699090555333
12775743333.3,-59.291526391468835
12780741666.7,-59.552175832808125
12785740000.0,-59.95646316618404
12790738333.3,-59.876844653649755
12795736666.7,-60.21849287797819
12800735000.0,-59.703425568138215
12805733333.3,-59.379772752523024
12810731666.7,-59.60830212105552
12815730000.0,-60.00017189948238
12820728333.3,-59.80121796346531
12825726666.7,-59.5178530666804
12830725000.0,-59.553575804480204
12835723333.3,-60.29393098584522
12840721666.7,-60.30119565732046
12845720000.0,-59.729554190879114
12850718333.3,-60.29265840361336
12855716666.7,-60.33689076154758
12860715000.0,-60.10262720050577
12865713333.3,-60.020051579565475
12870711666.7,-59.598106437699784
12875710000.0,-60.07203725129301
12880708333.3,-60.075890497724274
12885706666.7,-59.59672954321789
12890705000.0,-60.359631573745546
12895703333.3,-59.70088921406643
12900701666.7,-59.68504344364561
12905700000.0,-59.9562425634273
12910698333.3,-60.08098179037566
12915696666.7,-59.35385856031864
12920695000.0,-60.318741096739565
12925693333.3,-59.84235503654108
12930691666.7,-59.73117311931624
12935690000.0,-59.490121720633134
12940688333.3,-60.108277418639126
12945686666.7,-59.870214363381386
12950685000.0,-59.790674987865415
12955683333.3,-59.414147232004936
12960681666.7,-59.28105994352205
12965680000.0,-59.74444075494256
12970678333.3,-59.23958225682803
12975676666.7,-59.52715903694137
12980675000.0,-59.98080530052797
12985673333.3,-60.54107868263863
12990671666.7,-60.177192472631546
12995670000.0,-59.97679459818435
13000668333.3,-60.30526908577207
13005666666.7,-60.02908707910105
13010665000.0,-60.40660011318912
13015663333.3,-59.82874629767669
13020661666.7,-60.454464263768614
13025660000.0,-60.34319706201012
13030658333.3,-60.21403176308945
13035656666.7,-59.49265505725813
13040655000.0,-59.79942917195284
13045653333.3,-59.088948519912535
13050651666.7,-58.80263229167441
13055650000.0,-58.74252949639539
13060648333.3,-59.019943494207155
13065646666.7,-59.33359446111097
13070645000.0,-59.34487184997635
13075643333.3,-59.73307615049039
13080641666.7,-59.665752861950416
13085640000.0,-59.77106961612673
13090638333.3,-59.61652694685963
13095636666.7,-59.35781698998049
13100635000.0,-59.630774054579945
13105633333.3,-59.15865772000572
13110631666.7,-59.4681933110223
13115630000.0,-59.73930666339129
13120628333.3,-60.20503818787405
13125626666.7,-59.863588957178806
13130625000.0,-60.18729474938507
13135623333.3,-59.421029738936184
13140621666.7,-58.98129465009298
13145620000.0,-59.76142075987856
13150618333.3,-59.69024751722526
13155616666.7,-59.12218759386646
13160615000.0,-59.658453846395645
13165613333.3,-59.359633409745314
13170611666.7,-59.62824435280432
13175610000.0,-59.9033393052487
13180608333.3,-59.72217374910478
13185606666.7,-59.152710720420274
13190605000.0,-58.91215996579427
13195603333.3,-59.50662083853834
13200601666.7,-59.383241635416994
13205600000.0,-59.41179899772125
13210598333.3,-58.68671046567802
13215596666.7,-59.491199993367104
13220595000.0,-59.93881622621348
13225593333.3,-59.377078977769756
13230591666.7,-59.53842089263705
13235590000.0,-59.73790804431275
13240588333.3,-59.87400958746523
13245586666.7,-59.47457034193222
13250585000.0,-59.77773732199947
13255583333.3,-59.852081542513375
13260581666.7,-59.49946739047181
13265580000.0,-59.548231464174705
13270578333.3,-60.266086766675855
13275576666.7,-60.025339044902644
13280575000.0,-60.21113241627422
13285573333.3,-59.526205809492694
13290571666.7,-59.9045942529792
13295570000.0,-59.53542042571535
13300568333.3,-60.03612487549275
13305566666.7,-60.44556679723613
13310565000.0,-59.994058152238
13315563333.3,-60.10656189285952
13320561666.7,-60.1838529607312
13325560000.0,-60.197714450174004
13330558333.3,-59.87180577144699
13335556666.7,-59.97870051927154
13340555000.0,-59.750047270932534
13345553333.3,-59.67656864362576
13350551666.7,-60.11686412474272
13355550000.0,-59.775505950420396
13360548333.3,-59.98383311952807
13365546666.7,-59.9593217602628
13370545000.0,-60.191230579921076
13375543333.3,-59.67982891900752
13380541666.7,-59.66935742356293
13385540000.0,-59.388593700497616
13390538333.3,-59.4096787076096
13395536666.7,-59.293011866206
13400535000.0,-60.122919751697694
13405533333.3,-59.30708224929923
13410531666.7,-59.76034131242556
13415530000.0,-60.28005458574803
13420528333.3,-60.78139258572591
13425526666.7,-59.67956354921129
13430525000.0,-59.947079595079785
13435523333.3,-60.73098973545093
13440521666.7,-59.620365945311505
13445520000.0,-59.94232432387611
13450518333.3,-59.894010470004126
13455516666.7,-59.99889969762275
13460515000.0,-60.00451651972667
13465513333.3,-59.635072971971
13470511666.7,-60.106821792677714
13475510000.0,-60.275922925329645
13480508333.3,-59.5330832562211
13485506666.7,-59.89118780208537
13490505000.0,-59.526744510791104
13495503333.3,-59.432469021009304
13500501666.7,-60.21187463168776
13505500000.0,-60.4718683459608
13510498333.3,-59.682894704684756
13515496666.7,-60.65982470125835
13520495000.0,-59.90858974843878
13525493333.3,-60.235604156339726
13530491666.7,-60.49947876082345
13535490000.0,-60.549037541509335
13540488333.3,-60.90847797943028
13545486666.7,-60.57046633899651
13550485000.0,-60.57841432924828
13555483333.3,-60.365438181863034
13560481666.7,-60.25616264342489
13565480000.0,-60.66290942240648
13570478333.3,-60.94019698163735
13575476666.7,-60.497713871742185
13580475000.0,-60.70818334124931
13585473333.3,-60.80919748004817
13590471666.7,-60.23104407582029
13595470000.0,-61.43691500373084
13600468333.3,-61.6606082378831
13605466666.7,-61.507072520506405
13610465000.0,-61.57753249101312
13615463333.3,-61.132401195278234
13620461666.7,-61.09119356794365
13625460000.0,-61.36377674452114
13630458333.3,-61.546679542326416
13635456666.7,-61.61893240409657
13640455000.0,-60.80916784922783
13645453333.3,-60.93395564712412
13650451666.7,-60.657851861828014
13655450000.0,-60.580332150547484
13660448333.3,-60.23129220695811
13665446666.7,-60.16803954085103
13670445000.0,-60.52616957968425
13675443333.3,-60.50154223813
13680441666.7,-60.29958698980205
13685440000.0,-60.37191922369387
13690438333.3,-60.31225584357031
13695436666.7,-60.757947371600906
13700435000.0,-60.39834764665358
13705433333.3,-60.05225291558453
13710431666.7,-59.70831984985785
13715430000.0,-60.39031036670232
13720428333.3,-60.08663813228313
13725426666.7,-60.430337034488765
13730425000.0,-60.27073176265781
13735423333.3,-60.26535467055435
13740421666.7,-60.55877660329111
13745420000.0,-60.22526496711294
13750418333.3,-60.19565034463408
13755416666.7,-60.43542638033937
13760415000.0,-60.449922102803825
13765413333.3,-60.017537340558754
13770411666.7,-60.833301983633646
13775410000.0,-60.567426850455035
13780408333.3,-61.120124151424235
13785406666.7,-60.772100776971875
13790405000.0,-61.307327567252344
13795403333.3,-60.80388187558678
13800401666.7,-60.36000616251834
13805400000.0,-60.45043570349722
13810398333.3,-60.65216337694241
13815396666.7,-60.698841408556596
13820395000.0,-61.02114545585139
13825393333.3,-60.48141268470428
13830391666.7,-60.79289247200652
13835390000.0,-60.14230869917632
13840388333.3,-61.32349358980987
13845386666.7,-60.59591288063498
13850385000.0,-60.333371450249516
13855383333.3,-61.331322457124585
13860381666.7,-60.858992038825534
13865380000.0,-61.291518711840965
13870378333.3,-60.75520460830003
13875376666.7,-60.449079147211876
13880375000.0,-60.97919878984372
13885373333.3,-60.70882933204822
13890371666.7,-60.53123805823564
13895370000.0,-60.6801631870392
13900368333.3,-61.067334432426264
13905366666.7,-60.87475272592016
13910365000.0,-61.075693677996995
13915363333.3,-60.52798926411272
13920361666.7,-61.504201757714306
13925360000.0,-61.104566888363394
13930358333.3,-61.269984705614924
13935356666.7,-61.241003745274575
13940355000.0,-61.112680167393954
13945353333.3,-61.346867727487286
13950351666.7,-60.91476802988921
13955350000.0,-61.36288908638403
13960348333.3,-60.434167914371656
13965346666.7,-60.20260288700762
13970345000.0,-60.926554751379136
13975343333.3,-60.421593615655624
13980341666.7,-59.616290521758955
13985340000.0,-60.44351412451975
13990338333.3,-59.778436117401995
13995336666.7,-59.973503655458494
14000335000.0,-60.52957770677983
14005333333.3,-60.06672907588425
14010331666.7,-59.7697731849411
14015330000.0,-59.72124570923398
14020328333.3,-60.450209877311096
14025326666.7,-60.341584937382315
14030325000.0,-59.49730922450544
14035323333.3,-60.13555936368088
14040321666.7,-60.075874886134116
14045320000.0,-60.46215038515291
14050318333.3,-60.250606936757585
14055316666.7,-60.33406549704806
14060315000.0,-60.41622885542093
14065313333.3,-59.96175692201717
14070311666.7,-60.02891845486332
14075310000.0,-59.8506236877681
14080308333.3,-59.50658214645897
14085306666.7,-59.62779131580504
14090305000.0,-60.044505193162216
14095303333.3,-59.871803678405264
14100301666.7,-59.949978205634686
14105300000.0,-59.93070936770823
14110298333.3,-60.042047632508115
14115296666.7,-60.135623929548146
14120295000.0,-60.16540043070443
14125293333.3,-60.47794345987057
14130291666.7,-60.636730500785426
14135290000.0,-60.71605905220221
14140288333.3,-60.96975716655336
14145286666.7,-60.40892261363197
14150285000.0,-60.932113377819434
14155283333.3,-60.97008300317612
14160281666.7,-60.58069649374963
14165280000.0,-59.73334074270455
14170278333.3,-60.62028640685888
14175276666.7,-60.467803894706705
14180275000.0,-60.349220187972755
14185273333.3,-59.90048322559748
14190271666.7,-60.44689988329117
14195270000.0,-60.429456335576326
14200268333.3,-60.35065309517739
14205266666.7,-60.85222110534369
14210265000.0,-60.57215711224059
14215263333.3,-60.496483262869674
14220261666.7,-60.65064482374141
14225260000.0,-60.60073933174241
14230258333.3,-61.135117432300405
14235256666.7,-60.919119963598106
14240255000.0,-60.59069254164764
14245253333.3,-60.987595234278096
14250251666.7,-60.00959693771654
14255250000.0,-60.08325442551688
14260248333.3,-59.80973595447004
14265246666.7,-59.8901990369251
14270245000.0,-60.28007501071975
14275243333.3,-60.79375266529286
14280241666.7,-60.75245111481201
14285240000.0,-60.83036203197187
14290238333.3,-61.45035832910476
14295236666.7,-60.60358140217316
14300235000.0,-60.86489106439659
14305233333.3,-60.579440374582404
14310231666.7,-59.859460346807495
14315230000.0,-60.14861293424914
14320228333.3,-60.78666096746687
14325226666.7,-60.00252794243178
14330225000.0,-60.75218177208498
14335223333.3,-60.086007333949574
14340221666.7,-60.84889750885901
14345220000.0,-60.38265314148397
14350218333.3,-60.207626795824645
14355216666.7,-60.31613002952251
14360215000.0,-60.13912245209019
14365213333.3,-60.878343478384444
14370211666.7,-60.8264032639568
14375210000.0,-61.402953472519954
14380208333.3,-60.98766982153066
14385206666.7,-60.240959693306955
14390205000.0,-60.903042022568386
14395203333.3,-59.89135923510303
14400201666.7,-60.39811427776209
14405200000.0,-60.38355603366138
14410198333.3,-60.358502400634244
14415196666.7,-60.265608642316266
14420195000.0,-60.89829382878251
14425193333.3,-60.768054239117745
14430191666.7,-60.760657117518726
14435190000.0,-60.4233338316846
14440188333.3,-60.181638023994836
14445186666.7,-60.25915169981906
14450185000.0,-61.348181674211276
14455183333.3,-61.50773615498884
14460181666.7,-60.902812363668545
14465180000.0,-61.454272169233604
14470178333.3,-61.110118020951944
14475176666.7,-61.16402580467063
14480175000.0,-60.913766278133316
14485173333.3,-61.479173452866796
14490171666.7,-60.54915893829147
14495170000.0,-60.68305661704325
14500168333.3,-61.48984385220238
14505166666.7,-60.76301448017857
14510165000.0,-61.16144637489984
14515163333.3,-61.211587520303034
14520161666.7,-61.16559806711669
14525160000.0,-61.38389667373403
14530158333.3,-61.54163358100647
14535156666.7,-61.243670018540186
14540155000.0,-61.50623971233826
14545153333.3,-61.38861130374273
14550151666.7,-62.28928217359771
14555150000.0,-61.90370076044345
14560148333.3,-62.52767313576118
14565146666.7,-62.34959090704404
14570145000.0,-62.046789950188916
14575143333.3,-62.03646077301856
14580141666.7,-61.95088385926205
14585140000.0,-61.93053106451125
14590138333.3,-61.88559629923123
14595136666.7,-62.055119337243674
14600135000.0,-61.83032828856497
14605133333.3,-61.92895842864858
14610131666.7,-62.2390201654985
14615130000.0,-62.01141075902565
14620128333.3,-61.66112042024723
14625126666.7,-61.69044105355204
14630125000.0,-60.995242672996206
14635123333.3,-61.827725898533785
14640121666.7,-61.28415529432673
14645120000.0,-62.041799917751675
14650118333.3,-61.481626280004335
14655116666.7,-61.62424841177871
14660115000.0,-61.37928722258571
14665113333.3,-62.06424865573389
14670111666.7,-60.68173202838359
14675110000.0,-61.226060718138655
14680108333.3,-61.43958321071168
14685106666.7,-61.317711175362824
14690105000.0,-61.226228217329535
14695103333.3,-61.78450500399916
14700101666.7,-61.82749767202759
14705100000.0,-61.31883984471899
14710098333.3,-61.6563042508717
14715096666.7,-61.417344834418365
14720095000.0,-61.57321298367278
14725093333.3,-61.378482464977004
14730091666.7,-61.57056355175797
14735090000.0,-62.420521083814585
14740088333.3,-61.55735533126651
14745086666.7,-61.16121131226361
14750085000.0,-61.19352019082428
14755083333.3,-61.218716275693396
14760081666.7,-61.29655840545907
14765080000.0,-60.6918009199158
14770078333.3,-61.25762568867277
14775076666.7,-60.822861381804245
14780075000.0,-60.40125606166459
14785073333.3,-61.0583709703975
14790071666.7,-61.523005548528474
14795070000.0,-60.75344570453419
14800068333.3,-60.98256254011504
14805066666.7,-61.283226649328725
14810065000.0,-61.24069820594842
14815063333.3,-62.23205337973739
14820061666.7,-61.72854082354164
14825060000.0,-61.493134441979905
14830058333.3,-61.94313029149831
14835056666.7,-61.87318146377752
14840055000.0,-61.278335637686624
14845053333.3,-61.22921899313098
14850051666.7,-61.64469656785545
14855050000.0,-61.319894401216224
14860048333.3,-61.42693472029076
14865046666.7,-61.291148525719706
14870045000.0,-61.46314220777863
14875043333.3,-61.560384001258946
14880041666.7,-62.28130704647803
14885040000.0,-63.1371956790364
14890038333.3,-62.61523785386607
14895036666.7,-62.65255750601936
14900035000.0,-62.59418292905369
14905033333.3,-62.27117970263699
14910031666.7,-61.96299536760567
14915030000.0,-61.95698968685374
14920028333.3,-62.45684757271971
14925026666.7,-61.68107169171986
14930025000.0,-62.219494027366736
14935023333.3,-61.328767437648644
14940021666.7,-61.945382931811075
14945020000.0,-61.23980308852022
14950018333.3,-60.91351796720601
14955016666.7,-60.71621402899563
14960015000.0,-60.86804654712421
14965013333.3,-60.35821146140017
14970011666.7,-61.493321621473456
14975010000.0,-61.25494745256127
14980008333.3,-60.88827186174192
14985006666.7,-61.1938589301672
14990005000.0,-62.24663773931888
14995003333.3,-60.701484462604796
15000001666.7,-61.26968115516095
15005000000.0,-60.573900894504405
15009998333.3,-60.95138262660183
15014996666.7,-61.13025843757345
15019995000.0,-60.52677269459078
15024993333.3,-61.023150235688
15029991666.7,-60.45797725245282
15034990000.0,-61.26345541571525
15039988333.3,-60.90351342107371
15044986666.7,-60.92231268135642
15049985000.0,-61.33264210757752
15054983333.3,-60.785725254640965
15059981666.7,-60.98340339911544
15064980000.0,-61.45379700846164
15069978333.3,-61.7089886126801
15074976666.7,-61.02016826373727
15079975000.0,-61.196037396306394
15084973333.3,-61.20292165213921
15089971666.7,-60.186912542894035
15094970000.0,-60.72799722538262
15099968333.3,-60.74133292945848
15104966666.7,-59.936896190501265
15109965000.0,-60.39726775170593
15114963333.3,-60.85429825576594
15119961666.7,-60.31467805758329
15124960000.0,-60.64084912548797
15129958333.3,-60.82447881774381
15134956666.7,-60.59383654875336
15139955000.0,-60.16293108583547
15144953333.3,-61.11154906237702
15149951666.7,-61.40017964143587
15154950000.0,-61.817864726557005
15159948333.3,-61.58061100175182
15164946666.7,-61.82619626332279
15169945000.0,-61.604254768969966
15174943333.3,-61.583898033946724
15179941666.7,-61.875880826219934
15184940000.0,-61.55557160800839
15189938333.3,-60.78855688814799
15194936666.7,-61.92106079415538
15199935000.0,-61.36435311528259
15204933333.3,-61.8988097123298
15209931666.7,-61.54863120207505
15214930000.0,-62.659127434010806
15219928333.3,-62.3342570961928
15224926666.7,-61.740910306804125
15229925000.0,-61.69739868890097
15234923333.3,-62.43861536838989
15239921666.7,-62.566461156250845
15244920000.0,-62.320154217857144
15249918333.3,-62.32198188078948
15254916666.7,-63.69695632811147
15259915000.0,-63.16933607152095
15264913333.3,-62.62974087395797
15269911666.7,-62.2453196126706
15274910000.0,-63.03711715207339
15279908333.3,-62.25172022392709
15284906666.7,-61.48900383181932
15289905000.0,-62.38416314829565
15294903333.3,-62.13667427620158
15299901666.7,-62.13707179690698
15304900000.0,-62.341761432515234
15309898333.3,-62.40527660305123
15314896666.7,-62.27488598293026
15319895000.0,-61.78051704576477
15324893333.3,-61.81166551183899
15329891666.7,-61.72795484840775
15334890000.0,-61.636157673502225
15339888333.3,-62.566546598249246
15344886666.7,-62.720760870903106
15349885000.0,-62.54479215057819
15354883333.3,-62.76417771411403
15359881666.7,-61.947387704904735
15364880000.0,-60.88189390702666
15369878333.3,-60.38321504880674
15374876666.7,-61.30480524134658
15379875000.0,-61.58653472573229
15384873333.3,-61.54419918050098
15389871666.7,-61.74978838460969
15394870000.0,-62.35274365719738
15399868333.3,-62.23640709340394
15404866666.7,-61.335303133137565
15409865000.0,-61.721799455025
15414863333.3,-61.68683941572976
15419861666.7,-62.022416597207865
15424860000.0,-62.185063898940136
15429858333.3,-62.29030934402755
15434856666.7,-62.548320029501895
15439855000.0,-62.3362018970563
15444853333.3,-62.65998481080369
15449851666.7,-62.11060781986238
15454850000.0,-61.741553201838485
15459848333.3,-62.045538764056325
15464846666.7,-61.397431631276326
15469845000.0,-62.21478737999372
15474843333.3,-62.35299963281135
15479841666.7,-62.86986427125706
15484840000.0,-62.60644284249311
15489838333.3,-63.298452900629194
15494836666.7,-63.36308715398271
15499835000.0,-62.97292044363357
15504833333.3,-62.7574100092519
15509831666.7,-63.801792784759215
15514830000.0,-62.56033986971482
15519828333.3,-63.19809431530658
15524826666.7,-63.65253513504711
15529825000.0,-63.872436297251305
15534823333.3,-63.67073614006788
15539821666.7,-63.2987708663632
15544820000.0,-62.702158884947615
15549818333.3,-63.274575256171
15554816666.7,-63.247583665881166
15559815000.0,-62.67800625410558
15564813333.3,-62.898410873967904
15569811666.7,-63.42900450415656
15574810000.0,-63.61047149216641
15579808333.3,-63.801777330772524
15584806666.7,-63.939892659903244
15589805000.0,-63.484372983906674
15594803333.3,-63.02785010962238
15599801666.7,-62.84866901927806
15604800000.0,-62.667739560256415
15609798333.3,-62.591585678113674
15614796666.7,-62.57306544648847
15619795000.0,-62.98903719990764
15624793333.3,-63.08055347062076
15629791666.7,-63.1625413755922
15634790000.0,-62.411644265883695
15639788333.3,-63.292633610516376
15644786666.7,-61.78618123357404
15649785000.0,-61.62346505036467
15654783333.3,-62.743752034940385
15659781666.7,-62.244440109388115
15664780000.0,-62.66098451653822
15669778333.3,-61.94264517384805
15674776666.7,-63.41855878946425
15679775000.0,-63.41805219894446
15684773333.3,-63.23442671272571
15689771666.7,-61.88465811521936
15694770000.0,-62.613036737088834
15699768333.3,-62.21347940401476
15704766666.7,-62.67477922861835
15709765000.0,-62.27770631993616
15714763333.3,-61.89553268427905
15719761666.7,-62.64418305402111
15724760000.0,-63.54884722464776
15729758333.3,-62.45480438391242
15734756666.7,-63.12076836600195
15739755000.0,-62.66183143380878
15744753333.3,-63.054480690234996
15749751666.7,-62.887469050070486
15754750000.0,-62.87753365600881
15759748333.3,-64.46189285978951
15764746666.7,-64.10563638005476
15769745000.0,-63.38380201649314
15774743333.3,-63.48972098661169
15779741666.7,-62.80775869331023
15784740000.0,-62.83025540310277
15789738333.3,-63.53123259343789
15794736666.7,-62.95199554538102
15799735000.0,-64.06797271698456
15804733333.3,-62.98687575373417
15809731666.7,-63.94928143427619
15814730000.0,-63.204722854562135
15819728333.3,-62.29648809016284
15824726666.7,-62.89517787169906
15829725000.0,-63.5106645625521
15834723333.3,-62.81158717297679
15839721666.7,-62.86747517852551
15844720000.0,-62.546297950553615
15849718333.3,-63.265527480956024
15854716666.7,-62.96251725831581
15859715000.0,-62.756913474422376
15864713333.3,-62.552840275423605
15869711666.7,-61.955684026261
15874710000.0,-62.11333602139594
15879708333.3,-62.53547633611252
15884706666.7,-61.8182161093086
15889705000.0,-62.07808608349473
15894703333.3,-61.81850037371956
15899701666.7,-62.99308097844198
15904700000.0,-63.427502310141094
15909698333.3,-62.282386403214375
15914696666.7,-62.152788163617316
15919695000.0,-62.525299839550954
15924693333.3,-63.02885954148083
15929691666.7,-63.129752770724004
15934690000.0,-62.82708920260114
15939688333.3,-63.529839045347444
15944686666.7,-63.93254619599736
15949685000.0,-63.232499364957846
15954683333.3,-63.70523138459148
15959681666.7,-63.166714664516604
15964680000.0,-62.18261226240371
15969678333.3,-63.01211804835741
15974676666.7,-62.236814967054784
15979675000.0,-62.21915675121686
15984673333.3,-62.299131306130455
15989671666.7,-63.04784069347849
15994670000.0,-63.413743238974725
15999668333.3,-63.75710750902914
16004666666.7,-62.95548064318776
16009665000.0,-63.04945646180286
16014663333.3,-62.86158824793426
16019661666.7,-62.72952903169401
16024660000.0,-63.05726323010391
16029658333.3,-63.44903041109153
16034656666.7,-63.16021699244391
16039655000.0,-62.81399052972611
16044653333.3,-63.17592102117152
16049651666.7,-63.78847012818812
16054650000.0,-62.64907556740133
16059648333.3,-61.97088831213985
16064646666.7,-62.388913769349195
16069645000.0,-62.85653261775857
16074643333.3,-61.89667376177947
16079641666.7,-63.575393418865616
16084640000.0,-63.665854219286615
16089638333.3,-63.429433693923045
16094636666.7,-63.627796462072794
16099635000.0,-64.02100799646517
16104633333.3,-62.86702819925556
16109631666.7,-63.06330643435912
16114630000.0,-63.001866320847014
16119628333.3,-63.0438540250786
16124626666.7,-63.56074246390261
16129625000.0,-64.40540945912122
16134623333.3,-63.210354867213624
16139621666.7,-62.78992604687101
16144620000.0,-63.29647462460068
16149618333.3,-62.29002288331656
16154616666.7,-61.90798485446075
16159615000.0,-62.063342573219494
16164613333.3,-61.625733133298425
16169611666.7,-61.973121742468685
16174610000.0,-62.772506935280944
16179608333.3,-63.13500091342783
16184606666.7,-63.702075826335125
16189605000.0,-63.35992717112951
16194603333.3,-63.49468977606303
16199601666.7,-62.10324176832871
16204600000.0,-62.9831770207974
16209598333.3,-63.23171624088653
16214596666.7,-62.556017161759385
16219595000.0,-63.90109202919967
16224593333.3,-64.13034928821064
16229591666.7,-63.9332120457932
16234590000.0,-64.15905988020765
16239588333.3,-62.77660875437437
16244586666.7,-62.26186559791727
16249585000.0,-63.17274910970138
16254583333.3,-63.23530965431007
16259581666.7,-64.08049365816174
16264580000.0,-63.226142791383886
16269578333.3,-63.90219156107358
16274576666.7,-64.27824946389497
16279575000.0,-63.48830170431489
16284573333.3,-63.70415982983207
16289571666.7,-63.70246248144981
16294570000.0,-62.58160690607486
16299568333.3,-63.22086289882449
16304566666.7,-64.43761257980044
16309565000.0,-63.8818783091895
16314563333.3,-64.47915399967667
16319561666.7,-64.24221821196029
16324560000.0,-63.66763696877357
16329558333.3,-63.33092891716361
16334556666.7,-63.84296492187864
16339555000.0,-63.389673894435575
16344553333.3,-62.38178587276876
16349551666.7,-63.09200247258259
16354550000.0,-63.04880417106055
16359548333.3,-64.10547294276596
16364546666.7,-64.2360867834607
16369545000.0,-63.4714873161241
16374543333.3,-63.45316961176536
16379541666.7,-63.57888134143763
16384540000.0,-63.13068995038587
16389538333.3,-62.93911400265135
16394536666.7,-62.60161680703911
16399535000.0,-62.616647102957266
16404533333.3,-63.094598833619536
16409531666.7,-63.26909611736093
16414530000.0,-63.29569477728265
16419528333.3,-63.499693240152155
16424526666.7,-63.22404852894144
16429525000.0,-63.091708332310894
16434523333.3,-63.286684535009535
16439521666.7,-64.11454430722272
16444520000.0,-62.7447379807801
16449518333.3,-63.84091929106715
16454516666.7,-63.889937394678725
16459515000.0,-63.825086410640715
16464513333.3,-64.18258694777836
16469511666.7,-64.04092213993947
16474510000.0,-62.99033468009281
16479508333.3,-62.95451948854466
16484506666.7,-63.72249796492099
16489505000.0,-62.833673047083394
16494503333.3,-63.203947837961195
16499501666.7,-63.7253022443051
16504500000.0,-63.51993550926732
16509498333.3,-63.60420389303434
16514496666.7,-63.52806313579464
16519495000.0,-63.82380313928637
16524493333.3,-63.63818827232202
16529491666.7,-64.39978289649491
16534490000.0,-63.67245283412879
16539488333.3,-64.49235812257803
16544486666.7,-64.57541120121397
16549485000.0,-64.50578384279477
16554483333.3,-64.84411329416353
16559481666.7,-64.85657888976938
16564480000.0,-64.10773595283926
16569478333.3,-63.85217509490219
16574476666.7,-63.81098080723581
16579475000.0,-64.41990996109088
16584473333.3,-63.41647037569266
16589471666.7,-63.76704280099812
16594470000.0,-64.4282966347416
16599468333.3,-64.38139336042528
16604466666.7,-63.978958964280544
16609465000.0,-64.04519855100153
16614463333.3,-63.37807047264242
16619461666.7,-63.22575560917734
16624460000.0,-63.460629453776185
16629458333.3,-63.451474349326666
16634456666.7,-63.70007813377556
16639455000.0,-64.07806981500018
16644453333.3,-64.9830673546962
16649451666.7,-63.51860597049882
16654450000.0,-63.71127819727258
16659448333.3,-63.92633988099053
16664446666.7,-62.78910028343552
16669445000.0,-63.62218296290357
16674443333.3,-63.86124258232945
16679441666.7,-63.69145759865113
16684440000.0,-63.395613844105974
16689438333.3,-64.48010855717182
16694436666.7,-64.97990685115029
16699435000.0,-63.900578185092584
16704433333.3,-63.554920045065096
16709431666.7,-63.769398397376975
16714430000.0,-62.54990888795558
16719428333.3,-62.199597066154524
16724426666.7,-63.414050422881516
16729425000.0,-63.27801185590988
16734423333.3,-64.01506471263838
16739421666.7,-65.20915313437376
16744420000.0,-64.76981327144523
16749418333.3,-63.207636786944505
16754416666.7,-63.45393506359987
16759415000.0,-63.1634691279922
16764413333.3,-62.2536827614375
16769411666.7,-63.88321162525537
16774410000.0,-63.89987682166812
16779408333.3,-63.620065156233416
16784406666.7,-63.99998539208538
16789405000.0,-63.787026447921384
16794403333.3,-63.18963366861192
16799401666.7,-63.61312614420011
16804400000.0,-63.193604641794565
16809398333.3,-63.27353122848038
16814396666.7,-63.75188755167133
16819395000.0,-64.29102235020021
16824393333.3,-63.71777714101897
16829391666.7,-64.05971702966396
16834390000.0,-64.34810391664527
16839388333.3,-64.34850476956154
16844386666.7,-63.69352329905979
16849385000.0,-63.233530257167004
16854383333.3,-63.177787006138466
16859381666.7,-64.61074398381821
16864380000.0,-64.08271302262204
16869378333.3,-63.95689256463179
16874376666.7,-64.87603058008322
16879375000.0,-65.47405562381842
16884373333.3,-64.20917361473917
16889371666.7,-63.97763565002029
16894370000.0,-64.14020507471116
16899368333.3,-63.68170499605212
16904366666.7,-63.55604042382155
16909365000.0,-64.3851733374005
16914363333.3,-64.9439004969903
16919361666.7,-63.62304697565939
16924360000.0,-64.21672544570454
16929358333.3,-64.09734814842125
16934356666.7,-63.80380419183207
16939355000.0,-63.51603831588782
16944353333.3,-63.78448516030849
16949351666.7,-63.21767031505138
16954350000.0,-63.85877889770612
16959348333.3,-64.36548002602584
16964346666.7,-64.75330517190767
16969345000.0,-63.56584694676532
16974343333.3,-63.74608221463216
16979341666.7,-63.455786882948495
16984340000.0,-63.41615134064775
16989338333.3,-62.86741683384234
16994336666.7,-62.460850480969356
16999335000.0,-62.69757733252299
17004333333.3,-63.70591618004628
17009331666.7,-63.36897351362306
17014330000.0,-63.757021075519404
17019328333.3,-62.61422742627805
17024326666.7,-63.59191178974103
17029325000.0,-62.8782960494939
17034323333.3,-62.76807187872205
17039321666.7,-63.18673920081251
17044320000.0,-62.99496852855904
17049318333.3,-63.06103093614367
17054316666.7,-63.74740237193579
17059315000.0,-64.26361272944484
17064313333.3,-63.37542181462933
17069311666.7,-64.52928544128648
17074310000.0,-63.502468907112466
17079308333.3,-61.84416507998161
17084306666.7,-62.51195041287887
17089305000.0,-63.091589803781375
17094303333.3,-63.774167160288016
17099301666.7,-62.983367542574214
17104300000.0,-63.79532723011852
17109298333.3,-64.26364215587685
17114296666.7,-63.61152721492247
17119295000.0,-63.74261159657641
17124293333.3,-63.613744854879215
17129291666.7,-63.15733026519374
17134290000.0,-63.89321266384922
17139288333.3,-63.89846720130561
17144286666.7,-64.75328819465616
17149285000.0,-64.92616285980314
17154283333.3,-64.07781317613517
17159281666.7,-64.67971672190568
17164280000.0,-64.41624963769857
17169278333.3,-64.59504762583761
17174276666.7,-64.27808888787824
17179275000.0,-63.74340621153891
17184273333.3,-63.48191817554152
17189271666.7,-64.56118948540133
17194270000.0,-64.46946170781855
17199268333.3,-64.67958198396946
17204266666.7,-64.86513622096379
17209265000.0,-64.94930097071179
17214263333.3,-64.16553530062085
17219261666.7,-62.55637596950824
17224260000.0,-64.0979032053186
17229258333.3,-63.23391786352496
17234256666.7,-63.09218811931189
17239255000.0,-64.41448801443441
17244253333.3,-65.473898973219
17249251666.7,-64.50792925130925
17254250000.0,-64.7449066814765
17259248333.3,-65.05965947016321
17264246666.7,-63.52310166448963
17269245000.0,-63.40482505417246
17274243333.3,-63.55374346035
17279241666.7,-64.22696264622446
17284240000.0,-64.61790498259442
17289238333.3,-64.74523256473366
17294236666.7,-64.878920977744
17299235000.0,-64.63985960538776
17304233333.3,-63.951573726594916
17309231666.7,-64.56050340432708
17314230000.0,-62.87820396752871
17319228333.3,-62.90450186672711
17324226666.7,-62.95623876971801
17329225000.0,-63.272961781952155
17334223333.3,-63.87617819922943
17339221666.7,-63.21274929122295
17344220000.0,-63.348824841029966
17349218333.3,-63.494270399066394
17354216666.7,-62.67037421457744
17359215000.0,-62.67352758734893
17364213333.3,-63.052924370001826
17369211666.7,-63.696500908328765
17374210000.0,-63.5219647877522
17379208333.3,-63.284187296930774
17384206666.7,-65.152585223713
17389205000.0,-65.5835627182727
17394203333.3,-66.10003934398091
17399201666.7,-64.39688346688455
17404200000.0,-63.48564586656251
17409198333.3,-64.43130442439711
17414196666.7,-63.966089752042315
17419195000.0,-64.3528789856136
17424193333.3,-64.01438796577763
17429191666.7,-65.69469243244644
17434190000.0,-64.60561920816768
17439188333.3,-64.70252333395221
17444186666.7,-64.50691758443294
17449185000.0,-65.10911052287719
17454183333.3,-64.49543922630419
17459181666.7,-64.34282299654582
17464180000.0,-64.90166687187119
17469178333.3,-64.49945373285883
17474176666.7,-64.64441211814044
17479175000.0,-65.51228106306296
17484173333.3,-65.53192040592457
17489171666.7,-64.67742749741464
17494170000.0,-64.16684040111507
17499168333.3,-64.15269590239775
17504166666.7,-64.15176246123724
17509165000.0,-64.0102920577608
17514163333.3,-64.69039421781277
17519161666.7,-64.72909355231947
17524160000.0,-64.09707023172228
17529158333.3,-64.52773789163524
17534156666.7,-65.67893756467204
17539155000.0,-64.5389882959539
17544153333.3,-64.4065738400431
17549151666.7,-64.25312154153816
17554150000.0,-63.90480897928316
17559148333.3,-64.32484620733909
17564146666.7,-63.84413748211791
17569145000.0,-64.9746320055512
17574143333.3,-65.22422932093302
17579141666.7,-64.3945542861769
17584140000.0,-65.26906600113291
17589138333.3,-64.12242583629575
17594136666.7,-64.51945603613623
17599135000.0,-64.2347248456892
17604133333.3,-65.27566541609406
17609131666.7,-65.52861012560007
17614130000.0,-65.8297942709104
17619128333.3,-65.36789431451686
17624126666.7,-64.87085471919663
17629125000.0,-64.6191630216193
17634123333.3,-64.38776923003648
17639121666.7,-64.17231563943697
17644120000.0,-64.29320843281089
17649118333.3,-64.01387731898578
17654116666.7,-65.21380318609823
17659115000.0,-64.73975030531753
17664113333.3,-65.74900610880063
17669111666.7,-64.82060771902138
17674110000.0,-65.35502773898416
17679108333.3,-64.36714951384127
17684106666.7,-63.86707752991174
17689105000.0,-64.07012637227734
17694103333.3,-63.72103457974852
17699101666.7,-63.811096197449906
17704100000.0,-65.00784452309993
17709098333.3,-64.99403936467132
17714096666.7,-65.41430233259445
17719095000.0,-63.78841116693628
17724093333.3,-64.39105312994482
17729091666.7,-63.77367986173453
17734090000.0,-63.806444584017605
17739088333.3,-64.69658255390344
17744086666.7,-63.44136957673741
17749085000.0,-64.6990703271363
17754083333.3,-63.783501190749156
17759081666.7,-65.1856125415743
17764080000.0,-65.51489391706409
17769078333.3,-64.29468283064526
17774076666.7,-62.73194501559725
17779075000.0,-64.05971917555807
17784073333.3,-62.66479159627936
17789071666.7,-63.707774931190635
17794070000.0,-64.91954988929658
17799068333.3,-64.10533109198478
17804066666.7,-65.4259665009383
17809065000.0,-63.917596753503034
17814063333.3,-64.70240670366594
17819061666.7,-63.169095548994456
17824060000.0,-64.36368055500165
17829058333.3,-63.52641461727708
17834056666.7,-63.44016960649286
17839055000.0,-62.911292631551206
17844053333.3,-64.91391339634387
17849051666.7,-66.0444654720335
17854050000.0,-64.94957332844349
17859048333.3,-64.45702024423201
17864046666.7,-64.27775470563853
17869045000.0,-64.90430702494324
17874043333.3,-64.6665570839924
17879041666.7,-63.67686721906832
17884040000.0,-64.3436211853194
17889038333.3,-65.89816256768523
17894036666.7,-65.97187828047518
17899035000.0,-66.93297788819825
17904033333.3,-65.86636095072657
17909031666.7,-64.91413217498229
17914030000.0,-64.22300369515958
17919028333.3,-64.05016382546277
17924026666.7,-64.98769158916919
17929025000.0,-64.77693130566956
17934023333.3,-65.14766670237789
17939021666.7,-66.50582137152044
17944020000.0,-64.92158657201786
17949018333.3,-65.08936017726495
17954016666.7,-64.9333854590209
17959015000.0,-64.8590986174042
17964013333.3,-64.4831474504552
17969011666.7,-64.26409828770765
17974010000.0,-64.25020380363159
17979008333.3,-64.41769654405616
17984006666.7,-65.30550814088132
17989005000.0,-65.49505934375216
17994003333.3,-66.22061247305153
17999001666.7,-64.56077628499672
18004000000.0,-63.63874302874423
18008998333.3,-64.29901888226328
18013996666.7,-64.25235077555766
18018995000.0,-64.17695715625047
18023993333.3,-65.31797042121292
18028991666.7,-65.49786980791555
18033990000.0,-65.66293624605233
18038988333.3,-65.05862766783059
18043986666.7,-65.98118753617433
18048985000.0,-64.84910560709166
18053983333.3,-63.878639102432444
18058981666.7,-63.48236166245737
18063980000.0,-64.05984427784881
18068978333.3,-65.04976711752676
18073976666.7,-64.50122115239915
18078975000.0,-66.42852008302215
18083973333.3,-66.6774489486724
18088971666.7,-65.86865492870066
18093970000.0,-64.98265143654561
18098968333.3,-64.64140865178732
18103966666.7,-64.43152232868638
18108965000.0,-65.29804232893751
18113963333.3,-64.18246812789877
18118961666.7,-65.02689170699304
18123960000.0,-66.99777336292189
18128958333.3,-66.4734470960347
18133956666.7,-66.78941768818825
18138955000.0,-64.50598615106185
18143953333.3,-64.30055066416527
18148951666.7,-64.4222650393296
18153950000.0,-64.34471519490981
18158948333.3,-65.17557405932064
18163946666.7,-66.05166984774152
18168945000.0,-67.32346277288015
18173943333.3,-66.64132813631835
18178941666.7,-67.16922517305909
18183940000.0,-65.38604909791795
18188938333.3,-67.04078622481833
18193936666.7,-65.01405444701933
18198935000.0,-65.39138394412294
18203933333.3,-65.40989416533995
18208931666.7,-64.56448840249926
18213930000.0,-66.40491882799677
18218928333.3,-66.8653713279982
18223926666.7,-66.93113306631989
18228925000.0,-67.58094026798169
18233923333.3,-65.72660050858887
18238921666.7,-66.05396573590781
18243920000.0,-63.983654654424875
18248918333.3,-64.90653611468815
18253916666.7,-66.29040519586512
18258915000.0,-65.59597419956593
18263913333.3,-66.46696460993043
18268911666.7,-66.92791027708664
18273910000.0,-66.36909397979349
18278908333.3,-65.96805412469303
18283906666.7,-66.11310002580632
18288905000.0,-65.35493406345987
18293903333.3,-64.91706278194977
18298901666.7,-65.7447136183052
18303900000.0,-65.3972581400024
18308898333.3,-66.95765696390498
18313896666.7,-67.85931293596565
18318895000.0,-66.87587976980082
18323893333.3,-66.20172921288837
18328891666.7,-66.17133251827758
18333890000.0,-65.67286762123126
18338888333.3,-64.52112970005216
18343886666.7,-65.80126601631054
18348885000.0,-66.07147038168783
18353883333.3,-66.59614653052105
18358881666.7,-65.57968291310041
18363880000.0,-68.88888913046858
18368878333.3,-66.77220050635357
18373876666.7,-65.94964243911608
18378875000.0,-65.44038145898685
18383873333.3,-65.72736149448433
18388871666.7,-65.20360613437612
18393870000.0,-65.47022774997474
18398868333.3,-65.60109480242889
18403866666.7,-66.57095000841485
18408865000.0,-67.0422593194161
18413863333.3,-66.57630689459518
18418861666.7,-65.21011013791087
18423860000.0,-65.86383462205274
18428858333.3,-64.6810685988413
18433856666.7,-65.11582407233844
18438855000.0,-64.53116576828637
18443853333.3,-65.68227776140628
18448851666.7,-66.76138537131793
18453850000.0,-67.22361130219261
18458848333.3,-65.76194202384534
18463846666.7,-65.38192682664935
18468845000.0,-64.93435343865661
18473843333.3,-65.12929689987968
18478841666.7,-65.1736383109158
18483840000.0,-66.95743828969078
18488838333.3,-65.10448578531896
18493836666.7,-66.89047467338396
18498835000.0,-66.4154587413215
18503833333.3,-66.85933578244139
18508831666.7,-65.41243412009003
18513830000.0,-66.02348853496912
18518828333.3,-64.85006603426119
18523826666.7,-65.37292395816243
18528825000.0,-66.20141416859428
18533823333.3,-67.24146815736984
18538821666.7,-66.51282791484569
18543820000.0,-66.61393872606573
18548818333.3,-68.21149785154365
18553816666.7,-66.45915567622531
18558815000.0,-66.05757888206851
18563813333.3,-65.74179739042623
18568811666.7,-66.18009506852954
18573810000.0,-66.03620710398643
18578808333.3,-65.79575719325696
18583806666.7,-66.62296965055032
18588805000.0,-67.30853016690995
18593803333.3,-66.16650721448605
18598801666.7,-67.42666707682392
18603800000.0,-65.42986102005922
18608798333.3,-66.04705059839178
18613796666.7,-65.83369927991326
18618795000.0,-65.94190187853991
18623793333.3,-65.4825302129205
18628791666.7,-67.36049852756031
18633790000.0,-68.2600105967687
18638788333.3,-66.60301906996241
18643786666.7,-66.82988362092496
18648785000.0,-66.87324272110779
18653783333.3,-66.8353759691262
18658781666.7,-66.81829383251683
18663780000.0,-66.01444876238739
18668778333.3,-66.60363493025986
18673776666.7,-65.99365446637692
18678775000.0,-66.06462958718308
18683773333.3,-66.44428231387026
18688771666.7,-67.3197417168575
18693770000.0,-67.06724807927631
18698768333.3,-66.4330886204846
18703766666.7,-65.08750731906721
18708765000.0,-66.09293412814105
18713763333.3,-65.62725289017125
18718761666.7,-65.37730190379192
18723760000.0,-66.45645637660229
18728758333.3,-66.76240768930674
18733756666.7,-67.4444437180471
18738755000.0,-67.220421584126
18743753333.3,-65.77679233076765
18748751666.7,-66.07818297857949
18753750000.0,-64.8248640929857
18758748333.3,-66.12043773047279
18763746666.7,-65.07404038533251
18768745000.0,-67.05899290322668
18773743333.3,-66.98363547117621
18778741666.7,-67.75424648076024
18783740000.0,-65.9222143403365
18788738333.3,-65.87157535154068
18793736666.7,-65.5358552749511
18798735000.0,-65.93946239581622
18803733333.3,-65.60122096503443
18808731666.7,-65.87980564700241
18813730000.0,-66.40228117378425
18818728333.3,-69.35580460140541
18823726666.7,-67.73323925449185
18828725000.0,-67.38732769912502
18833723333.3,-66.86858888159901
18838721666.7,-66.77268503672556
18843720000.0,-67.46741129122069
18848718333.3,-67.18440215310595
18853716666.7,-67.49509279720522
18858715000.0,-68.22604877939847
18863713333.3,-68.33941742623901
18868711666.7,-67.89315629327146
18873710000.0,-66.3668294627952
18878708333.3,-68.3286141901698
18883706666.7,-67.43123997115416
18888705000.0,-66.19517252077324
18893703333.3,-66.21669298154472
18898701666.7,-66.3848164185636
18903700000.0,-66.77795228512024
18908698333.3,-68.61680606825853
18913696666.7,-68.22810904706944
18918695000.0,-67.11428885206531
18923693333.3,-68.77309082284135
18928691666.7,-66.22466082109301
18933690000.0,-66.37506790276247
18938688333.3,-65.84563902041846
18943686666.7,-66.17512701746148
18948685000.0,-66.29636430112215
18953683333.3,-66.72938271008562
18958681666.7,-68.63938178057991
18963680000.0,-67.72627777163778
18968678333.3,-70.69621708856658
18973676666.7,-66.92179444874581
18978675000.0,-65.87713651143054
18983673333.3,-66.48472053358913
18988671666.7,-66.76833468209236
18993670000.0,-67.08660507790132
18998668333.3,-69.3347250963856
19003666666.7,-69.00267713316795
19008665000.0,-69.9610716221653
19013663333.3,-68.1526152399062
19018661666.7,-67.85727325903929
19023660000.0,-67.87088383449033
19028658333.3,-67.34723255486902
19033656666.7,-67.42846241596628
19038655000.0,-67.37533803160106
19043653333.3,-67.98377692704135
19048651666.7,-68.64134019232698
19053650000.0,-69.3899397056052
19058648333.3,-69.86968013107928
19063646666.7,-69.79749584470605
19068645000.0,-67.9469231986772
19073643333.3,-68.83358307555626
19078641666.7,-66.93635893895545
19083640000.0,-67.57647337965965
19088638333.3,-67.2337629097468
19093636666.7,-68.29881947097556
19098635000.0,-68.02155815473338
19103633333.3,-68.786888108767
19108631666.7,-68.05283253303939
19113630000.0,-68.04757872577125
19118628333.3,-66.76785239157462
19123626666.7,-66.68122505087986
19128625000.0,-66.12101583584047
19133623333.3,-65.8399213605564
19138621666.7,-67.61580917389834
19143620000.0,-67.74278064968034
19148618333.3,-68.84452223865868
19153616666.7,-69.67209514439446
19158615000.0,-67.11449572504135
19163613333.3,-67.12246478207979
19168611666.7,-65.07882121275371
19173610000.0,-67.527294578947
19178608333.3,-67.39970408663058
19183606666.7,-67.4686725942387
19188605000.0,-67.72992460203432
19193603333.3,-67.30857950945835
19198601666.7,-67.38844837841943
19203600000.0,-68.24777156218966
19208598333.3,-66.9783244434565
19213596666.7,-66.20818411504956
19218595000.0,-66.23613016067323
19223593333.3,-67.48707298436076
19228591666.7,-67.72385333826895
19233590000.0,-69.3589692509732
19238588333.3,-66.60507658075429
19243586666.7,-68.63409791532993
19248585000.0,-69.49159343793629
19253583333.3,-68.3038907232285
19258581666.7,-66.84158337073129
19263580000.0,-67.06295639689503
19268578333.3,-67.25307138560603
19273576666.7,-67.23105169352168
19278575000.0,-68.29378541691827
19283573333.3,-68.2194277002404
19288571666.7,-69.25559609509823
19293570000.0,-67.11314435892164
19298568333.3,-69.01846043517617
19303566666.7,-67.18547766524674
19308565000.0,-66.73269678198753
19313563333.3,-67.37375607386929
19318561666.7,-67.38882790753911
19323560000.0,-67.7183441813688
19328558333.3,-68.76576018416924
19333556666.7,-68.97246142893592
19338555000.0,-69.14406289178893
19343553333.3,-67.68775786230792
19348551666.7,-67.60547045767
19353550000.0,-67.99878646933996
19358548333.3,-66.6142026406625
19363546666.7,-68.6873457441588
19368545000.0,-67.99129424628546
19373543333.3,-68.02370558742327
19378541666.7,-70.53072278792128
19383540000.0,-69.61936898914018
19388538333.3,-69.57356703080683
19393536666.7,-69.05101631658752
19398535000.0,-66.2530064400449
19403533333.3,-66.71427873524968
19408531666.7,-65.93458520095987
19413530000.0,-65.8559412144334
19418528333.3,-69.35401842425772
19423526666.7,-66.72637014765971
19428525000.0,-66.90038114251605
19433523333.3,-65.76209904054775
19438521666.7,-67.53246804711205
19443520000.0,-66.61401302453328
19448518333.3,-66.22392589174815
19453516666.7,-65.61068534138536
19458515000.0,-66.82416494573042
19463513333.3,-67.23195466114434
19468511666.7,-67.12314655087417
19473510000.0,-68.21559900716973
19478508333.3,-69.45656713233727
19483506666.7,-65.5294778196467
19488505000.0,-66.10458746158625
19493503333.3,-65.75230842106096
19498501666.7,-65.8401389985808
19503500000.0,-66.5796545444526
19508498333.3,-66.8019896824853
19513496666.7,-67.22329823235647
19518495000.0,-69.61196205110646
19523493333.3,-68.71117509773691
19528491666.7,-68.09116671747555
19533490000.0,-67.41616530981328
19538488333.3,-67.18033159007005
19543486666.7,-67.9051275976285
19548485000.0,-67.04478454096656
19553483333.3,-68.65249191565597
19558481666.7,-68.44776184779859
19563480000.0,-70.68905669035996
19568478333.3,-71.40461759542225
19573476666.7,-68.4734790563182
19578475000.0,-69.48849034772832
19583473333.3,-68.65262843897997
19588471666.7,-67.93540318105192
19593470000.0,-66.84059362038364
19598468333.3,-69.34456548708954
19603466666.7,-67.67824171554585
19608465000.0,-69.9453400892364
19613463333.3,-70.08631535812361
19618461666.7,-69.47286420751819
19623460000.0,-70.73451621354417
19628458333.3,-66.58866358172043
19633456666.7,-67.89553828998281
19638455000.0,-67.5050097279229
19643453333.3,-67.28850146619548
19648451666.7,-68.95440817910462
19653450000.0,-69.64695350586491
19658448333.3,-71.75090046196115
19663446666.7,-69.79992529539119
19668445000.0,-68.32621821933556
19673443333.3,-68.5853496860489
19678441666.7,-67.22170902464444
19683440000.0,-65.02923375683388
19688438333.3,-67.31003314015003
19693436666.7,-68.36709959161927
19698435000.0,-72.06648306797453
19703433333.3,-69.81202285713265
19708431666.7,-72.371742931861
19713430000.0,-69.04297573951
19718428333.3,-68.10687323484096
19723426666.7,-68.24985165128143
19728425000.0,-67.15612900092813
19733423333.3,-67.60999856806133
19738421666.7,-67.26642442513875
19743420000.0,-68.3891744328285
19748418333.3,-69.68123580702483
19753416666.7,-70.33039650283114
19758415000.0,-70.42598853132931
19763413333.3,-68.14527259430884
19768411666.7,-68.64748992547773
19773410000.0,-68.87823115516483
19778408333.3,-66.91817522949991
19783406666.7,-67.36344544331826
19788405000.0,-69.82766113277727
19793403333.3,-72.5987321826401
19798401666.7,-70.50336259548317
19803400000.0,-71.6812182429998
19808398333.3,-69.35260896439085
19813396666.7,-69.29746798404175
19818395000.0,-67.3978448990726
19823393333.3,-67.63041013896627
19828391666.7,-67.71479442331744
19833390000.0,-69.55262462806095
19838388333.3,-68.63227764753002
19843386666.7,-70.38098851949306
19848385000.0,-70.36260686130603
19853383333.3,-69.51729517318863
19858381666.7,-68.63674857809897
19863380000.0,-69.23929366582027
19868378333.3,-68.76904537601081
19873376666.7,-69.2176357545923
19878375000.0,-70.21411869801204
19883373333.3,-68.92572806806513
19888371666.7,-69.92014910245726
19893370000.0,-72.34111882169307
19898368333.3,-71.33859800900044
19903366666.7,-70.91740909586873
19908365000.0,-70.73383722611955
19913363333.3,-68.48318978007727
19918361666.7,-69.20397447794889
19923360000.0,-69.47388824159981
19928358333.3,-70.55198373948701
19933356666.7,-71.13213442261457
19938355000.0,-71.11141735889453
19943353333.3,-72.31057912160674
19948351666.7,-71.63235022165401
19953350000.0,-69.90025614754987
19958348333.3,-68.58565740126501
19963346666.7,-70.66405939759963
19968345000.0,-71.69969072394707
19973343333.3,-70.23088850807814
19978341666.7,-71.07186467484003
19983340000.0,-73.46749279760519
19988338333.3,-71.50594887349017
19993336666.7,-69.32482449847905
19998335000.0,-69.36484606950559
20003333333.3,-69.45156379018461
20008331666.7,-68.48603754231358
20013330000.0,-70.35576491146298
20018328333.3,-69.06902466252865
20023326666.7,-72.15293534667117
20028325000.0,-73.2722753620568
20033323333.3,-72.09372396098784
20038321666.7,-72.55713761353702
20043320000.0,-70.73429973732102
20048318333.3,-69.12823757537498
20053316666.7,-69.04879164226838
20058315000.0,-70.49095408210938
20063313333.3,-69.78848452319399
20068311666.7,-69.03114630830768
20073310000.0,-71.61940868635303
20078308333.3,-69.64047552373943
20083306666.7,-70.85091238755442
20088305000.0,-71.05116941950497
20093303333.3,-69.94536743683669
20098301666.7,-68.7392220925371
20103300000.0,-69.36608285894931
20108298333.3,-70.04812562916412
20113296666.7,-69.39202392017097
20118295000.0,-71.58769854968162
20123293333.3,-74.5975434820558
20128291666.7,-71.06151636379684
20133290000.0,-71.5018099880412
20138288333.3,-71.11548161876021
20143286666.7,-67.99451989860538
20148285000.0,-71.19224488084862
20153283333.3,-70.47876006324122
20158281666.7,-69.35668240258585
20163280000.0,-71.63287622105224
20168278333.3,-71.39351674444865
20173276666.7,-73.799065394349
20178275000.0,-72.66793595932056
20183273333.3,-71.62097741778845
20188271666.7,-70.47128585414916
20193270000.0,-68.85384799367401
20198268333.3,-70.57399630380418
20203266666.7,-71.20341901425276
20208265000.0,-71.18362531585993
20213263333.3,-72.40073829202326
20218261666.7,-72.84633974450945
20223260000.0,-73.65796561091219
20228258333.3,-74.84453102140941
20233256666.7,-70.53363501763263
20238255000.0,-69.08508439967011
20243253333.3,-71.17312621639415
20248251666.7,-70.78911805310322
20253250000.0,-71.01961133271637
20258248333.3,-71.10545516411135
20263246666.7,-70.89000440064835
20268245000.0,-73.70255808951741
20273243333.3,-72.43259172810352
20278241666.7,-71.32875692530776
20283240000.0,-69.93270058334409
20288238333.3,-68.49675391366469
20293236666.7,-70.9909032252179
20298235000.0,-70.18685066536021
20303233333.3,-72.16878863906226
20308231666.7,-73.24236288411298
20313230000.0,-74.9337604580755
20318228333.3,-71.723909045406
20323226666.7,-72.05228230955647
20328225000.0,-70.66738767830275
20333223333.3,-70.11225966210105
20338221666.7,-69.98261300216163
20343220000.0,-68.99820337258085
20348218333.3,-72.22117860254735
20353216666.7,-71.09262892497934
20358215000.0,-70.33859827153175
20363213333.3,-75.15641331809935
20368211666.7,-70.1369095430918
20373210000.0,-70.38107024209837
20378208333.3,-70.91410736687645
20383206666.7,-70.65427078665785
20388205000.0,-72.83842247186585
20393203333.3,-72.81807317276582
20398201666.7,-73.82411132307395
20403200000.0,-71.58495831911141
20408198333.3,-76.00305069224318
20413196666.7,-70.76918675817535
20418195000.0,-73.26350773769518
20423193333.3,-70.08845421117073
20428191666.7,-70.5801906134437
20433190000.0,-70.62259064579739
20438188333.3,-74.70105654619358
20443186666.7,-74.39464941047132
20448185000.0,-72.58111692453343
20453183333.3,-71.25384206291761
20458181666.7,-76.228595373866
20463180000.0,-72.48894208369448
20468178333.3,-71.11503356205417
20473176666.7,-70.8198568500973
20478175000.0,-74.56694809698169
20483173333.3,-71.99551994727996
20488171666.7,-72.9423347483667
20493170000.0,-74.05654740390649
20498168333.3,-75.92427543665123
20503166666.7,-74.95641245039022
20508165000.0,-72.80497465054736
20513163333.3,-73.16270330050976
20518161666.7,-71.8445764664434
20523160000.0,-71.35312560366603
20528158333.3,-71.47017553107874
20533156666.7,-72.6560198346102
20538155000.0,-74.0672698034775
20543153333.3,-72.73079291957792
20548151666.7,-72.30708526524833
20553150000.0,-72.23176898926083
20558148333.3,-70.48953235771255
20563146666.7,-69.31912636958344
20568145000.0,-71.78669800924325
20573143333.3,-71.57947108767618
20578141666.7,-72.1408786669368
20583140000.0,-72.20087172811762
20588138333.3,-75.2138135974069
20593136666.7,-72.66159165308463
20598135000.0,-73.54758475355085
20603133333.3,-71.22467110734333
20608131666.7,-71.4427054912821
20613130000.0,-71.43379252209957
20618128333.3,-69.8701583340565
20623126666.7,-74.34424128404893
20628125000.0,-73.99420787639734
20633123333.3,-73.5960289157951
20638121666.7,-76.1229584846772
20643120000.0,-74.05243785177888
20648118333.3,-74.03561656488799
20653116666.7,-72.6719123336195
20658115000.0,-72.56012519535237
20663113333.3,-73.9883680138998
20668111666.7,-73.7082288547567
20673110000.0,-72.70957889852897
20678108333.3,-75.87945215038592
20683106666.7,-79.91733243967333
20688105000.0,-75.05191533068496
20693103333.3,-71.1291359533968
20698101666.7,-72.8462253293968
20703100000.0,-73.20968348425636
20708098333.3,-72.72256427999415
20713096666.7,-73.68921677241092
20718095000.0,-74.61759466222803
20723093333.3,-75.4104041550144
20728091666.7,-73.88649948765435
20733090000.0,-78.31854662439248
20738088333.3,-79.02695633157539
20743086666.7,-73.21762014028815
20748085000.0,-72.06630918891847
20753083333.3,-72.24603822905239
20758081666.7,-72.48937698062514
20763080000.0,-72.94601818316681
20768078333.3,-75.60267572754674
20773076666.7,-75.24577033711653
20778075000.0,-76.72500777811084
20783073333.3,-72.5072456408146
20788071666.7,-72.73949257717027
20793070000.0,-71.91295401016639
20798068333.3,-73.0976044545339
20803066666.7,-73.35953436964222
20808065000.0,-73.53139467396224
20813063333.3,-75.47374721183098
20818061666.7,-77.59182903108572
20823060000.0,-78.22994338059304
20828058333.3,-75.33141238238436
20833056666.7,-73.1802432242071
20838055000.0,-73.10258029404936
20843053333.3,-71.44463263962383
20848051666.7,-72.09531060288393
20853050000.0,-69.89328892628356
20858048333.3,-76.53725828887917
20863046666.7,-73.94301888446851
20868045000.0,-75.02317310554864
20873043333.3,-76.0196088167926
20878041666.7,-73.38153473556211
20883040000.0,-72.529224145243
20888038333.3,-73.35456030325027
20893036666.7,-73.11750759065637
20898035000.0,-72.91214898563291
20903033333.3,-76.0924895375958
20908031666.7,-78.51254928902824
20913030000.0,-81.42051950978296
20918028333.3,-75.89914913580638
20923026666.7,-75.79483515390851
20928025000.0,-72.59074176915364
20933023333.3,-73.66619192475245
20938021666.7,-74.04254835485307
20943020000.0,-74.9758070216062
20948018333.3,-75.06441889066173
20953016666.7,-76.09399366829365
20958015000.0,-79.40154006051434
20963013333.3,-77.15658871197986
20968011666.7,-77.13847687183929
20973010000.0,-72.1179704003445
20978008333.3,-72.77480101348017
20983006666.7,-75.53577726809837
20988005000.0,-73.63808479429946
20993003333.3,-74.43364773392149
20998001666.7,-77.40375498657323
21003000000.0,-75.97015103772166
21007998333.3,-75.56628315744548
21012996666.7,-76.7960151080212
21017995000.0,-76.00841999673229
21022993333.3,-72.77162565540675
21027991666.7,-71.74422261869697
21032990000.0,-74.91175512664638
21037988333.3,-75.80329509182577
21042986666.7,-76.22326232720386
21047985000.0,-75.34997726221594
21052983333.3,-75.38398002879262
21057981666.7,-74.31998016310985
21062980000.0,-76.00141111135497
21067978333.3,-72.42112291923247
21072976666.7,-73.64951709366089
21077975000.0,-73.78391635618354
21082973333.3,-73.90745111974157
21087971666.7,-74.8945562220673
21092970000.0,-73.47093665527156
21097968333.3,-78.42297001717537
21102966666.7,-75.44728483315507
21107965000.0,-73.92983207554533
21112963333.3,-72.56968792661633
21117961666.7,-71.38646588667274
21122960000.0,-72.37645678955192
21127958333.3,-74.05980102011266
21132956666.7,-75.37844072554009
21137955000.0,-77.30622299705279
21142953333.3,-77.79740792105696
21147951666.7,-76.21414476397872
21152950000.0,-76.61157225786961
21157948333.3,-77.6589361699582
21162946666.7,-73.0616995986505
21167945000.0,-73.37519862520224
21172943333.3,-72.45480639447955
21177941666.7,-76.03525028673216
21182940000.0,-77.5581026403002
21187938333.3,-74.88901363702831
21192936666.7,-78.56375943247193
21197935000.0,-76.82093671978538
21202933333.3,-75.29156938689556
21207931666.7,-73.79554187372995
21212930000.0,-72.77366769819466
21217928333.3,-72.86127604649293
21222926666.7,-72.81358474281255
21227925000.0,-72.66832723481629
21232923333.3,-76.8725682741314
21237921666.7,-85.72153448872984
21242920000.0,-74.99697209322956
21247918333.3,-76.71980149176107
21252916666.7,-75.7026237295402
21257915000.0,-72.85815359136075
21262913333.3,-72.69391018998485
21267911666.7,-74.17798492376532
21272910000.0,-73.50048564894588
21277908333.3,-83.34205899884809
21282906666.7,-74.76032454827048
21287905000.0,-79.11434010756817
21292903333.3,-75.16155441845426
21297901666.7,-72.78468479577604
21302900000.0,-73.80870913159303
21307898333.3,-73.99922465511729
21312896666.7,-75.8610177247777
21317895000.0,-75.15314946770863
21322893333.3,-76.22019838584863
21327891666.7,-80.43293111705555
21332890000.0,-75.5556700004449
21337888333.3,-75.88414664656396
21342886666.7,-77.48951473172701
21347885000.0,-75.65584647467898
21352883333.3,-72.98233812606065
21357881666.7,-73.25538292122103
21362880000.0,-77.98864388797769
21367878333.3,-73.37407604967383
21372876666.7,-80.67049671369676
21377875000.0,-78.83629785129398
21382873333.3,-76.75397958291293
21387871666.7,-75.0736288562244
21392870000.0,-74.18912809821252
21397868333.3,-72.92181187825372
21402866666.7,-72.90265091200226
21407865000.0,-74.75306436661258
21412863333.3,-81.36365764741582
21417861666.7,-76.82236492221632
21422860000.0,-76.68408331540438
21427858333.3,-84.29461238385328
21432856666.7,-77.89545315820266
21437855000.0,-75.26688170879608
21442853333.3,-72.90579711383042
21447851666.7,-76.57507633199944
21452850000.0,-74.081314861899
21457848333.3,-72.26171689230328
21462846666.7,-74.97904862622465
21467845000.0,-75.76698716616298
21472843333.3,-77.85846538459384
21477841666.7,-78.34336433178655
21482840000.0,-74.40039747210947
21487838333.3,-77.26401975319948
21492836666.7,-74.90835151022426
21497835000.0,-72.8883905477672
21502833333.3,-74.74697943693874
21507831666.7,-78.56344714609924
21512830000.0,-78.2481063043972
21517828333.3,-77.23093589368115
21522826666.7,-74.53809628568239
21527825000.0,-74.80071896989367
21532823333.3,-74.2918825132091
21537821666.7,-77.16378781697935
21542820000.0,-79.78811493760047
21547818333.3,-73.73212799896905
21552816666.7,-75.45121163759431
21557815000.0,-79.27279946669759
21562813333.3,-74.69339764536231
21567811666.7,-79.00063097706737
21572810000.0,-76.68549547034823
21577808333.3,-73.7932045724932
21582806666.7,-73.6525455840898
21587805000.0,-74.50598067913928
21592803333.3,-72.96170333719158
21597801666.7,-73.55605527044064
21602800000.0,-77.07313650217623
21607798333.3,-75.8668449674622
21612796666.7,-79.18623142330154
21617795000.0,-79.50746458821241
21622793333.3,-74.07931703643237
21627791666.7,-74.48047069278003
21632790000.0,-70.75922100056479
21637788333.3,-75.08163147517527
21642786666.7,-75.99351061109806
21647785000.0,-76.24420573338044
21652783333.3,-77.89498053560739
21657781666.7,-76.35334520134441
21662780000.0,-84.14114969565199
21667778333.3,-76.76046760606957
21672776666.7,-77.58527313166756
21677775000.0,-73.12961312643117
21682773333.3,-74.21610855671373
21687771666.7,-74.78975969026638
21692770000.0,-78.0329713074754
21697768333.3,-78.40976999453625
21702766666.7,-78.61946741019148
21707765000.0,-77.674510730535
21712763333.3,-76.0112211380152
21717761666.7,-77.70544684014047
21722760000.0,-79.83213909872309
21727758333.3,-74.50327482472095
21732756666.7,-74.31606504248711
21737755000.0,-71.31942673674827
21742753333.3,-77.99995422047368
21747751666.7,-76.73170521152778
21752750000.0,-76.82398703816409
21757748333.3,-79.14438856570175
21762746666.7,-74.53271424532642
21767745000.0,-74.45340502416022
21772743333.3,-71.92064946633776
21777741666.7,-78.29885934333726
21782740000.0,-74.1695825181657
21787738333.3,-76.37251828504651
21792736666.7,-77.84070579830664
21797735000.0,-78.63955774685094
21802733333.3,-75.21616517024506
21807731666.7,-75.75698304838716
21812730000.0,-72.87991020309553
21817728333.3,-74.87620725381477
21822726666.7,-77.35983823332197
21827725000.0,-76.49378591850343
21832723333.3,-76.90165253153398
21837721666.7,-82.03231488767224
21842720000.0,-79.23663287622742
21847718333.3,-80.70806181163697
21852716666.7,-77.17748753926847
21857715000.0,-78.27892314626938
21862713333.3,-75.84309576515209
21867711666.7,-72.2301548804772
21872710000.0,-76.50029532404628
21877708333.3,-78.10152795679676
21882706666.7,-76.63530333090362
21887705000.0,-80.538099937245
21892703333.3,-79.18187170129244
21897701666.7,-78.36165786706303
21902700000.0,-74.87435596108709
21907698333.3,-76.79932969268384
21912696666.7,-79.91141284793287
21917695000.0,-73.757039190845
21922693333.3,-77.41973224680197
21927691666.7,-76.49236733121542
21932690000.0,-77.72239251093967
21937688333.3,-77.41261784658928
21942686666.7,-78.52148252061735
21947685000.0,-81.80568726249162
21952683333.3,-78.71078674321237
21957681666.7,-76.76297529123131
21962680000.0,-75.76873550856766
21967678333.3,-79.4678610473457
21972676666.7,-74.79706884571061
21977675000.0,-74.51438622302248
21982673333.3,-83.02426186461146
21987671666.7,-76.44705896852832
21992670000.0,-76.8171175762321
21997668333.3,-78.63274936114988
22002666666.7,-76.43734793892075
22007665000.0,-74.32427453788594
22012663333.3,-75.70782959244697
22017661666.7,-76.07195333816618
22022660000.0,-79.76064897324724
22027658333.3,-79.12895174587686
22032656666.7,-78.90626190087437
22037655000.0,-76.74678018077029
22042653333.3,-74.44734370146581
22047651666.7,-77.11382728602003
22052650000.0,-78.17973392511409
22057648333.3,-78.25767663225784
22062646666.7,-74.43464880816607
22067645000.0,-81.25362792959736
22072643333.3,-78.97710413696494
22077641666.7,-78.34349899916526
22082640000.0,-75.26613861091056
22087638333.3,-75.80872427893794
22092636666.7,-77.90863901238511
22097635000.0,-75.91854386092042
22102633333.3,-74.80981518810084
22107631666.7,-74.48949314906406
22112630000.0,-80.08874551331516
22117628333.3,-79.88529503703896
22122626666.7,-78.2188050491032
22127625000.0,-79.51737272490695
22132623333.3,-77.70191012160933
22137621666.7,-75.93840767352562
22142620000.0,-74.05173467162436
22147618333.3,-79.00196790375479
22152616666.7,-76.80260472532952
22157615000.0,-80.59413387714645
22162613333.3,-80.12179119070142
22167611666.7,-82.36236763271054
22172610000.0,-81.9277304103283
22177608333.3,-75.87453760122727
22182606666.7,-82.91752058831293
22187605000.0,-77.91100410249724
22192603333.3,-78.59657463833759
22197601666.7,-72.4707060191102
22202600000.0,-80.46369813683702
22207598333.3,-79.40671613557201
22212596666.7,-80.98071379575045
22217595000.0,-80.18614355289904
22222593333.3,-79.61517977102218
22227591666.7,-77.95164679233318
22232590000.0,-79.3949477959244
22237588333.3,-76.57767621081548
22242586666.7,-73.9611450281795
22247585000.0,-74.1462155596021
22252583333.3,-82.80894387346405
22257581666.7,-75.81387057051424
22262580000.0,-76.93866485679615
22267578333.3,-78.8538169951257
22272576666.7,-79.23325088146255
22277575000.0,-77.56616007449912
22282573333.3,-76.22105445940204
22287571666.7,-74.43012024248094
22292570000.0,-78.39732681634153
22297568333.3,-77.9887691144191
22302566666.7,-79.68337934199594
22307565000.0,-77.87838062200984
22312563333.3,-86.9914840237511
22317561666.7,-82.68414443930801
22322560000.0,-79.95335183370861
22327558333.3,-76.09747247488949
22332556666.7,-76.95200745950328
22337555000.0,-79.35798875017167
22342553333.3,-78.97990061631249
22347551666.7,-79.46338712975131
22352550000.0,-81.08325729578374
22357548333.3,-81.11845677470649
22362546666.7,-77.08239963412646
22367545000.0,-77.64167037069502
22372543333.3,-75.42432981983094
22377541666.7,-78.30780680873245
22382540000.0,-77.54279363512671
22387538333.3,-78.5660006006193
22392536666.7,-77.07555245068198
22397535000.0,-91.90250717501654
22402533333.3,-77.7542007656186
22407531666.7,-85.70790605940807
22412530000.0,-81.28315499900393
22417528333.3,-76.99413908485405
22422526666.7,-77.7756452601931
22427525000.0,-76.3277876790256
22432523333.3,-79.76923209345946
22437521666.7,-74.73157995580544
22442520000.0,-74.44027670780808
22447518333.3,-87.24841121765027
22452516666.7,-79.54615895188084
22457515000.0,-78.32390376496909
22462513333.3,-82.97334764095663
22467511666.7,-73.90445993221776
22472510000.0,-75.71719863822945
22477508333.3,-76.08274182376013
22482506666.7,-79.92339916028963
22487505000.0,-76.70060649106962
22492503333.3,-79.07975995187775
22497501666.7,-77.57306687273244
22502500000.0,-77.46714012257536
22507498333.3,-74.24936626453635
22512496666.7,-76.88409612145415
22517495000.0,-77.65319556029493
22522493333.3,-79.69756548134585
22527491666.7,-74.44114402715547
22532490000.0,-75.76216331441044
22537488333.3,-79.22018408478043
22542486666.7,-80.73876761563555
22547485000.0,-77.32678126591833
22552483333.3,-77.71381243260598
22557481666.7,-81.72143040217419
22562480000.0,-77.53327604280668
22567478333.3,-75.34731007406761
22572476666.7,-75.71652131564231
22577475000.0,-77.15674162897729
22582473333.3,-81.3846766387241
22587471666.7,-80.05783001745213
22592470000.0,-79.2750362234918
22597468333.3,-82.2159422512782
22602466666.7,-77.8363755098677
22607465000.0,-77.09300933258163
22612463333.3,-79.06004841310614
22617461666.7,-76.14501137086697
22622460000.0,-78.65482584369735
22627458333.3,-81.1884772665578
22632456666.7,-80.38192151419422
22637455000.0,-82.51770973761327
22642453333.3,-77.0012710580419
22647451666.7,-77.9457845519685
22652450000.0,-76.61056622451704
22657448333.3,-76.20492441978703
22662446666.7,-85.45270143204384
22667445000.0,-79.58842402446764
22672443333.3,-77.65653380360756
22677441666.7,-80.38970121953153
22682440000.0,-76.86592428480748
22687438333.3,-78.54168921526274
22692436666.7,-82.67267738538973
22697435000.0,-75.99947228169002
22702433333.3,-80.29015959514312
22707431666.7,-76.9091798484146
22712430000.0,-90.0814716953677
22717428333.3,-76.34093771270692
22722426666.7,-78.79642026432329
22727425000.0,-86.41849420058023
22732423333.3,-77.83349977175492
22737421666.7,-81.92296598754176
22742420000.0,-76.83052958936582
22747418333.3,-75.92649320899166
22752416666.7,-82.30872766179361
22757415000.0,-78.60078683563724
22762413333.3,-79.1583450506752
22767411666.7,-76.5496459885284
22772410000.0,-81.20387049716136
22777408333.3,-84.3303634365075
22782406666.7,-82.51467108445289
22787405000.0,-78.6539448295157
22792403333.3,-75.61509992268834
22797401666.7,-77.17559824834225
22802400000.0,-75.96077279128097
22807398333.3,-76.60861224532339
22812396666.7,-75.59507696901622
22817395000.0,-90.174179023926
22822393333.3,-83.57650647038581
22827391666.7,-83.35240401654977
22832390000.0,-84.71101403536962
22837388333.3,-76.1829893509848
22842386666.7,-77.13586698292859
22847385000.0,-81.38313230012744
22852383333.3,-82.07860193277139
22857381666.7,-83.19566829222171
22862380000.0,-81.05914148171131
22867378333.3,-79.89047167041802
22872376666.7,-88.04111904502862
22877375000.0,-85.27806094558858
22882373333.3,-77.25348902420174
22887371666.7,-82.38367094606788
22892370000.0,-79.61438500250631
22897368333.3,-78.05378027186991
22902366666.7,-75.99038992150723
22907365000.0,-81.75550933003694
22912363333.3,-83.96141190856491
22917361666.7,-86.00422487954728
22922360000.0,-83.18862509138131
22927358333.3,-79.24229465340116
22932356666.7,-78.71063946160962
22937355000.0,-75.71911127264738
22942353333.3,-78.4140486540882
22947351666.7,-80.40787919819383
22952350000.0,-78.11740390593343
22957348333.3,-80.27531859172473
22962346666.7,-76.80568449137803
22967345000.0,-81.59017517642943
22972343333.3,-78.27198102005616
22977341666.7,-77.8587490453043
22982340000.0,-80.21009223017883
22987338333.3,-79.06322010580399
22992336666.7,-78.00615701572328
22997335000.0,-78.3523371709976
23002333333.3,-82.47964644066387
23007331666.7,-80.44363992633069
23012330000.0,-94.48466475802157
23017328333.3,-78.9079126093479
23022326666.7,-77.9161177893234
23027325000.0,-74.86395744941521
23032323333.3,-80.66637144898586
23037321666.7,-80.70393635961065
23042320000.0,-77.67674292982898
23047318333.3,-76.663803523777
23052316666.7,-79.17579338746287
23057315000.0,-83.36536676214305
23062313333.3,-76.45967781279717
23067311666.7,-86.33029959131352
23072310000.0,-78.14717502284505
23077308333.3,-75.21141844571787
23082306666.7,-77.03981997417449
23087305000.0,-76.65844798050946
23092303333.3,-79.59222273775096
23097301666.7,-80.45067475915248
23102300000.0,-81.6158764161845
23107298333.3,-90.20038611933683
23112296666.7,-78.43585380516787
23117295000.0,-76.21426854310337
23122293333.3,-79.15110969112526
23127291666.7,-78.77824176651362
23132290000.0,-79.89151473686105
23137288333.3,-85.20885908242315
23142286666.7,-77.1707984882555
23147285000.0,-86.45107595739502
23152283333.3,-85.26387445214242
23157281666.7,-83.6955303156316
23162280000.0,-84.39844565693423
23167278333.3,-79.57569482853535
23172276666.7,-76.19173135247762
23177275000.0,-80.76766908844144
23182273333.3,-80.78075259442515
23187271666.7,-88.80108641380264
23192270000.0,-80.15208831138851
23197268333.3,-73.92227666333838
23202266666.7,-82.428532642149
23207265000.0,-79.93847810056049
23212263333.3,-80.7748265612517
23217261666.7,-75.22913871985428
23222260000.0,-76.94385414716862
23227258333.3,-76.83625593005986
23232256666.7,-79.79825798272367
23237255000.0,-86.70760547655738
23242253333.3,-84.6657477058666
23247251666.7,-81.64571914763768
23252250000.0,-84.74766604931301
23257248333.3,-78.7557350812686
23262246666.7,-80.33145569359257
23267245000.0,-77.69852437770825
23272243333.3,-79.73634102520172
23277241666.7,-81.28678464760912
23282240000.0,-80.69598960733197
23287238333.3,-83.12813643131051
23292236666.7,-78.73070699003064
23297235000.0,-80.92505426713808
23302233333.3,-80.26373381365627
23307231666.7,-78.14114906313797
23312230000.0,-75.80684287704709
23317228333.3,-78.71844041487148
23322226666.7,-83.23223726588346
23327225000.0,-83.4017364040636
23332223333.3,-81.26554878636716
23337221666.7,-80.30791261688299
23342220000.0,-80.21394910340581
23347218333.3,-80.20662515085817
23352216666.7,-78.96030989862174
23357215000.0,-75.82794180780964
23362213333.3,-80.63055806654663
23367211666.7,-81.15476486230492
23372210000.0,-82.80349488186614
23377208333.3,-82.89084076631211
23382206666.7,-79.49874733898353
23387205000.0,-80.37943517951524
23392203333.3,-79.53020601080793
23397201666.7,-86.77379142814873
23402200000.0,-76.27793232226809
23407198333.3,-76.0629535902467
23412196666.7,-81.16159706646805
23417195000.0,-81.61281101468832
23422193333.3,-79.69856399861469
23427191666.7,-80.65250020291516
23432190000.0,-78.57980262102797
23437188333.3,-78.55786602634781
23442186666.7,-77.2427465740632
23447185000.0,-77.48955766764605
23452183333.3,-81.67366323010836
23457181666.7,-79.62747717827905
23462180000.0,-81.41460154107264
23467178333.3,-80.25554173242762
23472176666.7,-79.9528168110103
23477175000.0,-81.93094952572969
23482173333.3,-87.09916416443859
23487171666.7,-76.90522723629519
23492170000.0,-78.43636946830198
23497168333.3,-81.42176590994204
23502166666.7,-78.00500797556369
23507165000.0,-80.41054245509359
23512163333.3,-86.3310874700675
23517161666.7,-85.76482412087532
23522160000.0,-84.43681725946048
23527158333.3,-86.31720987701186
23532156666.7,-79.9628494816153
23537155000.0,-80.28852800032128
23542153333.3,-83.31039011418581
23547151666.7,-84.05882314555689
23552150000.0,-81.1469498728381
23557148333.3,-83.6889961936066
23562146666.7,-92.20185760446256
23567145000.0,-81.22376104359009
23572143333.3,-77.59583577300663
23577141666.7,-81.65387108543408
23582140000.0,-87.83245852821236
23587138333.3,-77.37392074086534
23592136666.7,-81.04545930416323
23597135000.0,-79.29953063481521
23602133333.3,-77.01770772863136
23607131666.7,-75.6489457999241
23612130000.0,-82.58633721026898
23617128333.3,-93.73296624707729
23622126666.7,-81.0146774284228
23627125000.0,-77.20105745778535
23632123333.3,-79.24274198131202
23637121666.7,-84.9293128758097
23642120000.0,-82.83451469965733
23647118333.3,-81.85780159315028
23652116666.7,-79.2185436952895
23657115000.0,-78.78628829628794
23662113333.3,-79.97213166761955
23667111666.7,-80.5068596232135
23672110000.0,-78.63140059844565
23677108333.3,-78.17450301848201
23682106666.7,-75.78464052959771
23687105000.0,-78.60092039759395
23692103333.3,-80.91299274042589
23697101666.7,-76.19534027547846
23702100000.0,-77.65887721721597
23707098333.3,-76.38029022339786
23712096666.7,-89.9204065741006
23717095000.0,-83.81170232351373
23722093333.3,-79.49307318267888
23727091666.7,-76.57936089052913
23732090000.0,-85.82643091064932
23737088333.3,-76.20176085924231
23742086666.7,-83.4338323644547
23747085000.0,-75.7873021457183
23752083333.3,-82.83021781170842
23757081666.7,-79.76490072372455
23762080000.0,-81.56288942431466
23767078333.3,-81.06468108051524
23772076666.7,-78.6533209777602
23777075000.0,-80.69620372538353
23782073333.3,-77.78541493026358
23787071666.7,-78.19938112343971
23792070000.0,-80.28645698595801
23797068333.3,-76.02202537334412
23802066666.7,-85.58452396534875
23807065000.0,-79.6263603798411
23812063333.3,-82.85854568510089
23817061666.7,-78.52715753173948
23822060000.0,-83.18681430516153
23827058333.3,-77.84865087384391
23832056666.7,-85.68956253895897
23837055000.0,-78.49460588463656
23842053333.3,-83.44604556141593
23847051666.7,-79.59100292601687
23852050000.0,-78.35473357331033
23857048333.3,-79.34743937041111
23862046666.7,-80.37429681607736
23867045000.0,-77.04898732324727
23872043333.3,-77.37188063494365
23877041666.7,-77.75029029235257
23882040000.0,-81.01729655230034
23887038333.3,-90.08393457568252
23892036666.7,-85.86436582891179
23897035000.0,-86.11198692449223
23902033333.3,-75.24122770015076
23907031666.7,-78.64657699087613
23912030000.0,-76.02012414607574
23917028333.3,-76.83381254700845
23922026666.7,-79.60210951659478
23927025000.0,-79.30070949886729
23932023333.3,-76.63030594149332
23937021666.7,-79.9084424879632
23942020000.0,-79.47791203649692
23947018333.3,-77.46833584762147
23952016666.7,-77.24930631361684
23957015000.0,-76.5888815998739
23962013333.3,-77.56707484837938
23967011666.7,-78.63220327965013
23972010000.0,-82.84535126870985
23977008333.3,-79.3241264706397
23982006666.7,-81.09899193155871
23987005000.0,-90.65609014398106
23992003333.3,-87.50585566528613
23997001666.7,-77.85216405454106
24002000000.0,-69.35384492195956
24006998333.3,-77.52339318505923
24011996666.7,-91.03134345819187
24016995000.0,-77.23661099178992
24021993333.3,-81.12994325793235
24026991666.7,-77.99001319270188
24031990000.0,-76.84707783427369
24036988333.3,-79.25995099846754
24041986666.7,-93.67198941023723
24046985000.0,-86.5786675976736
24051983333.3,-76.51489886270264
24056981666.7,-69.49863971454859
24061980000.0,-71.35131583189141
24066978333.3,-88.81860740238132
24071976666.7,-75.09055171558336
24076975000.0,-78.13484797034478
24081973333.3,-76.73383030411502
24086971666.7,-71.91537884637908
24091970000.0,-77.67050609814439
24096968333.3,-66.33686487368814
24101966666.7,-86.56493304881997
24106965000.0,-72.19952999400155
24111963333.3,-74.15514241620963
24116961666.7,-69.04790518628627
24121960000.0,-73.56951931652108
24126958333.3,-83.13564974132062
24131956666.7,-78.87343357520461
24136955000.0,-72.70907768945334
24141953333.3,-70.36991704878609
24146951666.7,-77.18830956851323
24151950000.0,-81.30190158863245
24156948333.3,-89.62414232611388
24161946666.7,-75.83491215910232
24166945000.0,-72.43568708096964
24171943333.3,-82.42796855145968
24176941666.7,-76.54612783602256
24181940000.0,-76.62003432079503
24186938333.3,-71.35099080319479
24191936666.7,-71.96308945739477
24196935000.0,-81.40650648403306
24201933333.3,-76.0066727394532
24206931666.7,-73.33315411022772
24211930000.0,-69.87508887039502
24216928333.3,-76.67903674410735
24221926666.7,-83.3038838065501
24226925000.0,-75.34744470777268
24231923333.3,-79.52624404258317
24236921666.7,-70.61309020372249
24241920000.0,-77.4592073890363
24246918333.3,-74.19374474489285
24251916666.7,-74.86019495551736
24256915000.0,-74.08338380850023
24261913333.3,-74.81684633042337
24266911666.7,-76.03085674762531
24271910000.0,-79.74044306395358
24276908333.3,-70.84868442515398
24281906666.7,-74.103739524859
24286905000.0,-72.52319021723105
24291903333.3,-95.98064309173961
24296901666.7,-76.57915536079959
24301900000.0,-72.33375624603757
24306898333.3,-75.77006468436855
24311896666.7,-74.8300119744472
24316895000.0,-83.29436907824595
24321893333.3,-73.30353671090677
24326891666.7,-80.55352477012411
24331890000.0,-72.49628514155926
24336888333.3,-79.0933532919117
24341886666.7,-68.71474946144069
24346885000.0,-69.94711736892665
24351883333.3,-75.22143966246406
24356881666.7,-71.53295262718542
24361880000.0,-78.97622286802459
24366878333.3,-73.61372777703536
24371876666.7,-72.25391231550691
24376875000.0,-75.63046043026307
24381873333.3,-73.54553498935948
24386871666.7,-77.69709744131653
24391870000.0,-80.93424445669007
24396868333.3,-73.85583594117867
24401866666.7,-102.94598570196713
24406865000.0,-73.40906461625842
24411863333.3,-77.85412138181304
24416861666.7,-69.99072424438017
24421860000.0,-78.08158043909854
24426858333.3,-87.12544815364859
24431856666.7,-73.89902040189926
24436855000.0,-74.30106076240855
24441853333.3,-78.94288147168807
24446851666.7,-71.4096869647777
24451850000.0,-74.77699965058926
24456848333.3,-67.28005029636873
24461846666.7,-69.13531882936493
24466845000.0,-74.41178378382402
24471843333.3,-75.94916235084538
24476841666.7,-72.8810723853502
24481840000.0,-82.131412408907
24486838333.3,-72.79905609361838
24491836666.7,-80.57949867986993
24496835000.0,-71.7373924733486
24501833333.3,-76.51582193424795
24506831666.7,-88.4172627154471
24511830000.0,-71.30793325427155
24516828333.3,-79.40558156802902
24521826666.7,-77.57016887719507
24526825000.0,-76.78868529222973
24531823333.3,-73.91137901994608
24536821666.7,-91.6626979854734
24541820000.0,-79.91254205847315
24546818333.3,-79.84473872873379
24551816666.7,-80.30099482033273
24556815000.0,-66.34173591076988
24561813333.3,-71.1210976810484
24566811666.7,-83.24391116776924
24571810000.0,-73.38867777047015
24576808333.3,-79.26073500928928
24581806666.7,-73.85808396812946
24586805000.0,-96.31298271337
24591803333.3,-77.0675106485393
24596801666.7,-74.7305940349914
24601800000.0,-71.71367388684271
24606798333.3,-71.45409895745485
24611796666.7,-73.78214829190013
24616795000.0,-86.83086254436526
24621793333.3,-83.42341152253394
24626791666.7,-69.76816958388025
24631790000.0,-83.99415835331595
24636788333.3,-77.9556620947064
24641786666.7,-79.9850872787228
24646785000.0,-73.82331099346854
24651783333.3,-75.18355715213282
24656781666.7,-69.97962928374318
24661780000.0,-78.09818842573623
24666778333.3,-90.57173243646069
24671776666.7,-76.90519806288297
24676775000.0,-78.0298765706162
24681773333.3,-80.98474662053658
24686771666.7,-77.61690085073342
24691770000.0,-83.92529521602384
24696768333.3,-74.3388439505265
24701766666.7,-75.90282653220373
24706765000.0,-74.36793587296715
24711763333.3,-74.86129547441736
24716761666.7,-76.90524494095132
24721760000.0,-74.89027228565408
24726758333.3,-76.66117421180856
24731756666.7,-78.86425742640154
24736755000.0,-77.52616477403727
24741753333.3,-80.15313203978961
24746751666.7,-76.86533985457487
24751750000.0,-73.70127562046028
24756748333.3,-80.25552210092053
24761746666.7,-82.34002670794388
24766745000.0,-74.0014504014456
24771743333.3,-83.93547253918368
24776741666.7,-79.30890294264412
24781740000.0,-78.33704382437841
24786738333.3,-75.53676840820022
24791736666.7,-82.80086079436072
24796735000.0,-77.78468385118603
24801733333.3,-76.07501618807567
24806731666.7,-76.65055531055013
24811730000.0,-86.45037191849431
24816728333.3,-81.53601806473543
24821726666.7,-73.51115384381076
24826725000.0,-74.87827593424058
24831723333.3,-94.78026378326066
24836721666.7,-75.64269129599585
24841720000.0,-74.16497612277469
24846718333.3,-75.8242668666889
24851716666.7,-81.61468426409783
24856715000.0,-78.26308842987281
24861713333.3,-83.56725018439411
24866711666.7,-77.03746864152664
24871710000.0,-72.19127245841926
24876708333.3,-72.9139809361748
24881706666.7,-76.4196754801647
24886705000.0,-72.78733030506982
24891703333.3,-75.50350344165476
24896701666.7,-70.7571010385379
24901700000.0,-74.43192839488592
24906698333.3,-71.45873087321311
24911696666.7,-67.62066002522187
24916695000.0,-66.52890730416061
24921693333.3,-75.424442961443
24926691666.7,-75.78044741382172
24931690000.0,-71.54088836925564
24936688333.3,-76.5376684337613
24941686666.7,-73.5532519977024
24946685000.0,-85.575878819612
24951683333.3,-82.33265328355682
24956681666.7,-78.70056697839604
24961680000.0,-75.62266560692254
24966678333.3,-80.01115304199439
24971676666.7,-72.57387911675833
24976675000.0,-73.73378467926506
24981673333.3,-84.13858692438441
24986671666.7,-83.83895235892714
24991670000.0,-76.60100359981556
24996668333.3,-83.34649192193561
25001666666.7,-81.99985749587614
25006665000.0,-71.19452630861099
25011663333.3,-80.27696431467754
25016661666.7,-92.42949617900982
25021660000.0,-77.43476491843825
25026658333.3,-73.10013473020867
25031656666.7,-71.9612739060078
25036655000.0,-74.07971173831135
25041653333.3,-79.58545502945233
25046651666.7,-76.4001477273115
25051650000.0,-73.67431066469629
25056648333.3,-73.142744468876
25061646666.7,-74.28608210491525
25066645000.0,-71.50555627268278
25071643333.3,-74.19036742309162
25076641666.7,-74.08699706126066
25081640000.0,-75.93672107380205
25086638333.3,-81.74378457423033
25091636666.7,-77.30502414930771
25096635000.0,-79.54246526357493
25101633333.3,-77.6178739512183
25106631666.7,-75.71502439124414
25111630000.0,-71.97692132279533
25116628333.3,-98.67734999054557
25121626666.7,-81.66620555623227
25126625000.0,-72.19772799815165
25131623333.3,-74.89655419903217
25136621666.7,-77.06412120203753
25141620000.0,-72.93394630323108
25146618333.3,-77.96842722248846
25151616666.7,-78.43279560360611
25156615000.0,-74.33460962360519
25161613333.3,-75.09851765518077
25166611666.7,-71.78320537267697
25171610000.0,-76.29285806211287
25176608333.3,-76.49235954969842
25181606666.7,-75.37556366219178
25186605000.0,-76.51696664025101
25191603333.3,-95.76707920709495
25196601666.7,-81.3334313950739
25201600000.0,-84.60984411024884
25206598333.3,-74.36135731579336
25211596666.7,-73.47672287237508
25216595000.0,-71.01751278001446
25221593333.3,-75.67505499562878
25226591666.7,-73.09967917320843
25231590000.0,-76.09499932565775
25236588333.3,-87.7920765794058
25241586666.7,-76.6649826368841
25246585000.0,-75.0280263760782
25251583333.3,-75.19390745138422
25256581666.7,-91.31576261619514
25261580000.0,-79.74425949215544
25266578333.3,-71.26990718376928
25271576666.7,-73.7470016327829
25276575000.0,-73.22281096233884
25281573333.3,-70.32130375434603
25286571666.7,-78.14824696928089
25291570000.0,-77.80887086966314
25296568333.3,-75.83533391946007
25301566666.7,-88.52350651203918
25306565000.0,-73.23585415572776
25311563333.3,-73.09037526478251
25316561666.7,-70.82852512005557
25321560000.0,-74.2624659339299
25326558333.3,-89.60083042582187
25331556666.7,-69.90327857770242
25336555000.0,-74.93669874223626
25341553333.3,-78.07338875418681
25346551666.7,-73.47203693855103
25351550000.0,-77.11137592089838
25356548333.3,-90.22449721099662
25361546666.7,-81.37736058462838
25366545000.0,-79.03008695086062
25371543333.3,-71.57861056033443
25376541666.7,-77.78641977101857
25381540000.0,-79.61752687865382
25386538333.3,-76.20018146744735
25391536666.7,-78.79228292824831
25396535000.0,-78.12519467004797
25401533333.3,-72.39952916836819
25406531666.7,-73.4184249986729
25411530000.0,-73.45200327647696
25416528333.3,-84.39313309741803
25421526666.7,-71.83779911255301
25426525000.0,-70.05498526245094
25431523333.3,-76.71693227443103
25436521666.7,-78.93981243552258
25441520000.0,-78.8663974061137
25446518333.3,-71.53638438345337
25451516666.7,-78.24310470318065
25456515000.0,-75.36503256662033
25461513333.3,-74.61273760773494
25466511666.7,-73.08117880118219
25471510000.0,-73.9410460962988
25476508333.3,-82.91390025496126
25481506666.7,-70.49225567801928
25486505000.0,-76.38262534571373
25491503333.3,-77.37294141062904
25496501666.7,-85.83161807913174
25501500000.0,-70.61582530115663
25506498333.3,-71.04939557205456
25511496666.7,-80.29206815881909
25516495000.0,-74.33636536859649
25521493333.3,-77.50529141539248
25526491666.7,-72.89307118831593
25531490000.0,-74.42923970806507
25536488333.3,-76.84519181323593
25541486666.7,-74.45980179880043
25546485000.0,-83.04587035491068
25551483333.3,-74.28361213086089
25556481666.7,-76.04410355701631
25561480000.0,-76.33401755606492
25566478333.3,-70.79939585240024
25571476666.7,-74.43586612020479
25576475000.0,-75.00693862400882
25581473333.3,-71.18138977053033
25586471666.7,-71.86909403022081
25591470000.0,-74.35383988239187
25596468333.3,-71.97099224333888
25601466666.7,-77.93756888018879
25606465000.0,-83.2542714850189
25611463333.3,-78.4155901167117
25616461666.7,-68.18244544885691
25621460000.0,-83.07412926992745
25626458333.3,-70.28293988620214
25631456666.7,-70.84891274242035
25636455000.0,-71.72577362555838
25641453333.3,-77.226193133612
25646451666.7,-72.05181949359212
25651450000.0,-73.0775799687389
25656448333.3,-78.37395405855187
25661446666.7,-71.10879996149183
25666445000.0,-74.73781968164845
25671443333.3,-70.59041560144314
25676441666.7,-73.71100517551281
25681440000.0,-73.21327837445581
25686438333.3,-78.14301546660136
25691436666.7,-79.4040042604651
25696435000.0,-78.73345009378124
25701433333.3,-72.67023517336258
25706431666.7,-71.68617419777357
25711430000.0,-85.38502959404646
25716428333.3,-78.22677132836658
25721426666.7,-79.42328879975318
25726425000.0,-81.81899299998788
25731423333.3,-72.18841987618491
25736421666.7,-69.42795259545326
25741420000.0,-80.38398883776955
25746418333.3,-76.23114100756081
25751416666.7,-77.51771001397441
25756415000.0,-79.28482747869336
25761413333.3,-81.44989025350338
25766411666.7,-74.96043914110959
25771410000.0,-84.04625480693271
25776408333.3,-79.2250465555372
25781406666.7,-80.04420924184669
25786405000.0,-82.95278208455905
25791403333.3,-80.58829542118605
25796401666.7,-66.24656305495365
25801400000.0,-75.91829844773696
25806398333.3,-78.47878833280522
25811396666.7,-74.22042168848711
25816395000.0,-73.41835273460842
25821393333.3,-76.79356529372032
25826391666.7,-72.73188809189617
25831390000.0,-72.8482410969107
25836388333.3,-84.69380141919133
25841386666.7,-70.91333945448918
25846385000.0,-78.72051990325217
25851383333.3,-70.63354440100657
25856381666.7,-68.4281807239287
25861380000.0,-77.33444871997803
25866378333.3,-72.8911035923471
25871376666.7,-90.79098523387816
25876375000.0,-77.81655958089044
25881373333.3,-85.84688068459364
25886371666.7,-76.78744158597245
25891370000.0,-70.5886483966199
25896368333.3,-72.06677115629915
25901366666.7,-72.98580471632222
25906365000.0,-75.38975740382561
25911363333.3,-84.32986995100109
25916361666.7,-84.72393122276048
25921360000.0,-75.17310882096338
25926358333.3,-71.10152099797223
25931356666.7,-74.7958632462979
25936355000.0,-72.27716624756451
25941353333.3,-81.1223284120523
25946351666.7,-83.14326438297151
25951350000.0,-76.99819845267072
25956348333.3,-77.92440796449628
25961346666.7,-74.91413271591598
25966345000.0,-81.57635708735873
25971343333.3,-74.72919649919973
25976341666.7,-77.21567970368427
25981340000.0,-73.57030681269097
25986338333.3,-75.92138904952562
25991336666.7,-69.50301738187196
25996335000.0,-74.28279799941049
26001333333.3,-69.20104706833013
26006331666.7,-82.20615724215793
26011330000.0,-79.44232512169964
26016328333.3,-72.29783400877629
26021326666.7,-78.94279813859795
26026325000.0,-71.07965735227096
26031323333.3,-70.86311568302631
26036321666.7,-72.94515381823166
26041320000.0,-74.47348692042861
26046318333.3,-107.28135773904708
26051316666.7,-72.43708957089109
26056315000.0,-81.33475855746683
26061313333.3,-79.6556904304896
26066311666.7,-80.90936098359747
26071310000.0,-67.51845442298587
26076308333.3,-69.51127157904102
26081306666.7,-70.00024360686912
26086305000.0,-77.06819875361325
26091303333.3,-75.45262919875606
26096301666.7,-76.5752906291277
26101300000.0,-84.42839557856892
26106298333.3,-73.57056766611394
26111296666.7,-73.6145728389915
26116295000.0,-74.12171894979144
26121293333.3,-80.11413961796565
26126291666.7,-88.40068712936127
26131290000.0,-79.08495156981685
26136288333.3,-76.62728631521985
26141286666.7,-74.86054999663625
26146285000.0,-76.87633278617253
26151283333.3,-78.03869446354074
26156281666.7,-75.60929117779386
26161280000.0,-73.57032241692524
26166278333.3,-77.68609649820246
26171276666.7,-85.17142980201922
26176275000.0,-76.76386772147464
26181273333.3,-77.08680433970858
26186271666.7,-77.56470142569282
26191270000.0,-81.19962805299136
26196268333.3,-85.78711138690153
26201266666.7,-73.90290071317109
26206265000.0,-78.49833552568673
26211263333.3,-71.54872287732394
26216261666.7,-68.92300954302448
26221260000.0,-78.07308662462265
26226258333.3,-76.05559512047658
26231256666.7,-71.50417515364553
26236255000.0,-75.95289008510616
26241253333.3,-82.77762767403381
26246251666.7,-72.3862264870579
26251250000.0,-69.0197836389388
26256248333.3,-73.06752940141538
26261246666.7,-92.39121716876008
26266245000.0,-81.71803969964343
26271243333.3,-71.76664694932639
26276241666.7,-75.31252258408885
26281240000.0,-77.0712524994222
26286238333.3,-73.8904703599256
26291236666.7,-80.62431803582236
26296235000.0,-77.6306735237657
26301233333.3,-73.79100009184694
26306231666.7,-69.25920217620357
26311230000.0,-75.4014968165246
26316228333.3,-79.30273019891527
26321226666.7,-82.93077498400223
26326225000.0,-74.55597590841231
26331223333.3,-80.05606822942754
26336221666.7,-74.94438698163073
26341220000.0,-77.12624364701135
26346218333.3,-71.84335884115255
26351216666.7,-72.13020773947245
26356215000.0,-75.11821976730712
26361213333.3,-74.54021830349602
26366211666.7,-72.4825829898678
26371210000.0,-77.24368280395834
26376208333.3,-81.27529305006547
26381206666.7,-81.49177060611237
26386205000.0,-77.12811246760745
26391203333.3,-72.97558773527919
26396201666.7,-75.46988246469898
26401200000.0,-72.31889280421909
26406198333.3,-72.67638624440589
26411196666.7,-75.16667941875752
26416195000.0,-76.31262437347887
26421193333.3,-75.63002984753109
26426191666.7,-72.19040123274092
26431190000.0,-71.96585110099275
26436188333.3,-71.48587380152911
26441186666.7,-68.77779424979626
26446185000.0,-75.02372284696862
26451183333.3,-74.54571428945916
26456181666.7,-78.6712853706308
26461180000.0,-77.836885199475
26466178333.3,-77.88077269587049
26471176666.7,-76.77662229958213
26476175000.0,-77.9256203074836
26481173333.3,-74.25527707947806
26486171666.7,-74.07010073666312
26491170000.0,-74.44912991253172
26496168333.3,-70.65255306647283
26501166666.7,-80.52673600600507
26506165000.0,-82.23579986151363
26511163333.3,-81.58622376509355
26516161666.7,-74.16207400571209
26521160000.0,-80.12420829210912
26526158333.3,-71.09188816495757
26531156666.7,-74.25426452044243
26536155000.0,-77.708297076174
26541153333.3,-75.08122846904796
26546151666.7,-75.40898200995275
26551150000.0,-73.00718287387548
26556148333.3,-79.48911569353983
26561146666.7,-84.75063847669895
26566145000.0,-80.32821903730027
26571143333.3,-69.73348471201041
26576141666.7,-69.40409641853859
26581140000.0,-77.95069648440543
26586138333.3,-72.57508694326964
26591136666.7,-72.13064578417209
26596135000.0,-77.23523924272973
26601133333.3,-74.75728642376963
26606131666.7,-77.6973884395635
26611130000.0,-74.59184334750478
26616128333.3,-79.38829863535375
26621126666.7,-74.48780063062992
26626125000.0,-84.1164987057901
26631123333.3,-73.90087944684923
26636121666.7,-77.44831161403722
26641120000.0,-72.32940915215822
26646118333.3,-73.93568425807992
26651116666.7,-75.37306753598189
26656115000.0,-87.87374223485536
26661113333.3,-84.13942872153542
26666111666.7,-75.1457470404627
26671110000.0,-74.40352699983669
26676108333.3,-81.15885259253162
26681106666.7,-76.0109959269889
26686105000.0,-79.76421307558208
26691103333.3,-91.51507073508036
26696101666.7,-70.30011116397301
26701100000.0,-70.04096323595023
26706098333.3,-71.0977523217318
26711096666.7,-70.4645565041365
26716095000.0,-71.60201147022565
26721093333.3,-73.74364287927038
26726091666.7,-70.50848940049568
26731090000.0,-72.74175635085287
26736088333.3,-79.15065099758004
26741086666.7,-76.9654075482932
26746085000.0,-80.37298030469995
26751083333.3,-76.36534955360304
26756081666.7,-69.86326531762947
26761080000.0,-69.33109374150219
26766078333.3,-84.9122224407124
26771076666.7,-71.91075909866383
26776075000.0,-83.81611466312755
26781073333.3,-71.06721456254735
26786071666.7,-82.4965873716605
26791070000.0,-87.40596570930053
26796068333.3,-73.7807965872775
26801066666.7,-81.4638858902851
26806065000.0,-79.75156394103692
26811063333.3,-69.5345284012794
26816061666.7,-69.99812402479458
26821060000.0,-86.99698385571753
26826058333.3,-72.5456634180051
26831056666.7,-87.77385491485038
26836055000.0,-73.8165136670267
26841053333.3,-81.08960387182142
26846051666.7,-73.9989502157683
26851050000.0,-99.57273830721137
26856048333.3,-74.44527210880898
26861046666.7,-74.99813065052268
26866045000.0,-74.31137077322191
26871043333.3,-77.14249283431303
26876041666.7,-84.41201163734617
26881040000.0,-73.16714271050633
26886038333.3,-73.33668699321238
26891036666.7,-73.29402374631171
26896035000.0,-76.18610970768697
26901033333.3,-75.09717477827691
26906031666.7,-76.48579221362618
26911030000.0,-79.8419866836227
26916028333.3,-93.32403545670003
26921026666.7,-72.70399452031542
26926025000.0,-77.45380815668115
26931023333.3,-71.0663379487942
26936021666.7,-77.04799085784033
26941020000.0,-70.77156035837977
26946018333.3,-77.67912599102668
26951016666.7,-72.67048894229383
26956015000.0,-74.58078053135408
26961013333.3,-67.790474903127
26966011666.7,-72.51683379144788
26971010000.0,-73.03852439395365
26976008333.3,-87.23186673546338
26981006666.7,-79.05752794881397
26986005000.0,-75.53803526940517
26991003333.3,-67.48567359517492
26996001666.7,-77.46490177676408
27001000000.0,-71.27136948939962
27005998333.3,-73.41185587588502
27010996666.7,-75.78522543141221
27015995000.0,-71.39292667830502
27020993333.3,-80.90916505679496
27025991666.7,-87.76703835626769
27030990000.0,-105.89770223409386
27035988333.3,-71.40016472192346
27040986666.7,-79.59259840137959
27045985000.0,-88.95804659423035
27050983333.3,-79.24521492940539
27055981666.7,-73.76526928346632
27060980000.0,-73.55489893872553
27065978333.3,-88.39621515838468
27070976666.7,-76.5047222977018
27075975000.0,-79.42775065674341
27080973333.3,-77.11796656947539
27085971666.7,-75.1791744211983
27090970000.0,-75.34060160717775
27095968333.3,-74.73426871701488
27100966666.7,-83.66224928856556
27105965000.0,-90.16670756674891
27110963333.3,-83.3634315619723
27115961666.7,-74.18402771818552
27120960000.0,-73.63580605581971
27125958333.3,-79.81320002062071
27130956666.7,-71.12406142641474
27135955000.0,-73.2194822898038
27140953333.3,-72.37130739803081
27145951666.7,-76.07904043369042
27150950000.0,-73.83210354505883
27155948333.3,-76.92496485575941
27160946666.7,-92.67364741228062
27165945000.0,-77.32266854644467
27170943333.3,-73.20502131287631
27175941666.7,-72.37385526286627
27180940000.0,-88.14578739867962
27185938333.3,-72.04907527160806
27190936666.7,-73.30393191583661
27195935000.0,-78.44940443840316
27200933333.3,-75.17021039301427
27205931666.7,-73.92686748357443
27210930000.0,-74.73508638982327
27215928333.3,-81.67046020045524
27220926666.7,-73.39413035946905
27225925000.0,-73.1414401023564
27230923333.3,-80.51522614380195
27235921666.7,-74.72039974931178
27240920000.0,-80.16266651796647
27245918333.3,-73.28082767332324
27250916666.7,-80.96403252165112
27255915000.0,-77.28926532207738
27260913333.3,-75.91034399048239
27265911666.7,-72.22178787041076
27270910000.0,-78.27785286108632
27275908333.3,-75.51998239748448
27280906666.7,-72.9963087786704
27285905000.0,-79.62284943424206
27290903333.3,-68.21598960670525
27295901666.7,-76.32335278173463
27300900000.0,-78.19373938588
27305898333.3,-91.3650373260579
27310896666.7,-71.68714668420917
27315895000.0,-79.3021023151787
27320893333.3,-72.79052370198133
27325891666.7,-73.92752371099525
27330890000.0,-77.63947753587308
27335888333.3,-72.03793021448902
27340886666.7,-81.61825305785838
27345885000.0,-82.26648701611833
27350883333.3,-116.06036813387846
27355881666.7,-75.80664613191584
27360880000.0,-76.6025827632732
27365878333.3,-76.48170027201061
27370876666.7,-81.06737727650754
27375875000.0,-73.7387755016908
27380873333.3,-72.42548698915199
27385871666.7,-74.98275084898331
27390870000.0,-77.38052815595515
27395868333.3,-77.84400290141646
27400866666.7,-73.82237732548701
27405865000.0,-83.7650118805978
27410863333.3,-76.37997034399264
27415861666.7,-68.47844600183042
27420860000.0,-82.0796627895702
27425858333.3,-79.72186418023436
27430856666.7,-82.12758896363286
27435855000.0,-69.24281667275386
27440853333.3,-74.19154168493414
27445851666.7,-78.2117844952498
27450850000.0,-72.04849965998493
27455848333.3,-71.57416155874512
27460846666.7,-74.52963617409137
27465845000.0,-73.21081820460984
27470843333.3,-85.79988841065398
27475841666.7,-75.27566326796969
27480840000.0,-73.32718973302985
27485838333.3,-78.97721944166705
27490836666.7,-76.19616553682934
27495835000.0,-76.58084583546002
27500833333.3,-69.91359427715349
27505831666.7,-78.26709448958488
27510830000.0,-83.33217380723835
27515828333.3,-92.47701386179868
27520826666.7,-75.04133376585949
27525825000.0,-71.3784620875482
27530823333.3,-76.69261574432049
27535821666.7,-80.22300791934286
27540820000.0,-71.73934189165918
27545818333.3,-89.8526172031448
27550816666.7,-72.024676666121
27555815000.0,-82.72494645146955
27560813333.3,-78.1241924152024
27565811666.7,-82.57623007997387
27570810000.0,-76.14264803198625
27575808333.3,-92.0170783131457
27580806666.7,-74.24649324939874
27585805000.0,-70.55493606777473
27590803333.3,-77.87315841113515
27595801666.7,-79.84272852423834
27600800000.0,-78.62051983762935
27605798333.3,-73.95150143859877
27610796666.7,-78.05504221130266
27615795000.0,-88.93841799383871
27620793333.3,-71.49428995291454
27625791666.7,-72.30640109635584
27630790000.0,-75.9650049245843
27635788333.3,-72.8856569191677
27640786666.7,-77.7280020941319
27645785000.0,-76.35024711995045
27650783333.3,-81.02969784067041
27655781666.7,-70.74540574134335
27660780000.0,-70.92287581872591
27665778333.3,-79.05504191944442
27670776666.7,-75.11867253569673
27675775000.0,-80.70343210417292
27680773333.3,-68.69903699743534
27685771666.7,-75.80608416481776
27690770000.0,-81.36456172287645
27695768333.3,-75.89628778214603
27700766666.7,-73.89855452226692
27705765000.0,-72.26727452330252
27710763333.3,-71.32243897533301
27715761666.7,-71.82574603422782
27720760000.0,-78.86810449186046
27725758333.3,-79.68299989731281
27730756666.7,-78.41344471032454
27735755000.0,-68.66910637217734
27740753333.3,-75.95934888055329
27745751666.7,-86.49936516353651
27750750000.0,-76.47772982117718
27755748333.3,-97.96912780647283
27760746666.7,-72.65171621087703
27765745000.0,-73.7827286604625
27770743333.3,-73.25969911855506
27775741666.7,-72.52282227359576
27780740000.0,-90.18593782271118
27785738333.3,-70.35708892835507
27790736666.7,-78.34279789724457
27795735000.0,-78.52784802269011
27800733333.3,-82.8777925017718
27805731666.7,-72.58721709054164
27810730000.0,-72.54959850289642
27815728333.3,-75.49124845287218
27820726666.7,-73.35135205089978
27825725000.0,-72.96800517162569
27830723333.3,-80.22376261627278
27835721666.7,-75.96351770427725
27840720000.0,-72.5364389944145
27845718333.3,-73.61160427072817
27850716666.7,-76.76080294087757
27855715000.0,-73.34670489754043
27860713333.3,-80.96134606807384
27865711666.7,-72.15641874814182
27870710000.0,-75.92822533006002
27875708333.3,-89.95581731812898
27880706666.7,-96.49667884721693
27885705000.0,-77.88523580297941
27890703333.3,-85.33658273587419
27895701666.7,-73.6681931919131
27900700000.0,-78.8810211521296
27905698333.3,-80.08481902243548
27910696666.7,-75.87735851593348
27915695000.0,-74.4003845585644
27920693333.3,-82.85858792769568
27925691666.7,-72.46075297355412
27930690000.0,-83.40343693491413
27935688333.3,-86.15723340830843
27940686666.7,-73.40154130966664
27945685000.0,-82.33105031499923
27950683333.3,-73.07426454169796
27955681666.7,-81.11506671524361
27960680000.0,-72.26038671444368
27965678333.3,-76.26327151249951
27970676666.7,-79.35595033079176
27975675000.0,-86.62900333782943
27980673333.3,-82.81233299130135
27985671666.7,-72.38923530581441
27990670000.0,-77.080181837856
27995668333.3,-81.3090702840129
28000666666.7,-75.74717699889666
28005665000.0,-73.11868864532781
28010663333.3,-82.94871946026481
28015661666.7,-81.67878185363793
28020660000.0,-77.82011255693874
28025658333.3,-81.14437857635303
28030656666.7,-84.51252868725669
28035655000.0,-78.34351743002034
28040653333.3,-69.6854767976713
28045651666.7,-72.11144674241177
28050650000.0,-74.30707718143994
28055648333.3,-72.46887937650641
28060646666.7,-75.72765742746786
28065645000.0,-78.4688149748496
28070643333.3,-84.74888627784532
28075641666.7,-82.00302623037523
28080640000.0,-77.83679904886716
28085638333.3,-70.55623862025928
28090636666.7,-80.05206302111874
28095635000.0,-84.33712389785649
28100633333.3,-74.50988073088047
28105631666.7,-74.62058188188541
28110630000.0,-73.03817833745751
28115628333.3,-75.21462425131013
28120626666.7,-88.43974509618448
28125625000.0,-75.0509539941466
28130623333.3,-78.31264679716894
28135621666.7,-74.66886161787627
28140620000.0,-78.47078879544983
28145618333.3,-73.24187487099442
28150616666.7,-76.62497245835853
28155615000.0,-78.49155015660449
28160613333.3,-80.0815908006551
28165611666.7,-71.02109947279874
28170610000.0,-73.11308890420662
28175608333.3,-82.84342984496908
28180606666.7,-79.20862438230805
28185605000.0,-74.52057487179823
28190603333.3,-76.2232900359134
28195601666.7,-83.9317321998604
28200600000.0,-78.61339878771618
28205598333.3,-81.970732227243
28210596666.7,-79.25031994402384
28215595000.0,-73.8535302403531
28220593333.3,-75.1894875592624
28225591666.7,-77.254304811623
28230590000.0,-71.25043105652378
28235588333.3,-82.52322572769025
28240586666.7,-77.8623916617879
28245585000.0,-72.30354850863841
28250583333.3,-80.35320767689142
28255581666.7,-77.5031311486191
28260580000.0,-84.33464400138081
28265578333.3,-80.13676399384588
28270576666.7,-74.61358861461831
28275575000.0,-78.6950162852059
28280573333.3,-73.24226355084853
28285571666.7,-72.14798181733167
28290570000.0,-73.35245637162112
28295568333.3,-81.59397648357215
28300566666.7,-94.12828340612316
28305565000.0,-79.13025874067196
28310563333.3,-72.47389854460673
28315561666.7,-76.48660852568335
28320560000.0,-77.51628069115111
28325558333.3,-79.06838676129814
28330556666.7,-83.87075833082807
28335555000.0,-73.53285972429344
28340553333.3,-75.0498825692819
28345551666.7,-78.66671932191446
28350550000.0,-81.46581963014995
28355548333.3,-93.41630217189709
28360546666.7,-73.71520252966063
28365545000.0,-77.34741894440883
28370543333.3,-76.95012300153343
28375541666.7,-80.15555854523001
28380540000.0,-84.08456335911411
28385538333.3,-86.68054654190288
28390536666.7,-75.11124258608243
28395535000.0,-83.43703768163144
28400533333.3,-91.80558090313438
28405531666.7,-75.55149002659415
28410530000.0,-75.8773694013127
28415528333.3,-79.7210715575643
28420526666.7,-76.59646870624522
28425525000.0,-74.55871972897438
28430523333.3,-87.87516596285565
28435521666.7,-74.13433388978032
28440520000.0,-78.90603647580674
28445518333.3,-83.93086843921043
28450516666.7,-81.87182250489761
28455515000.0,-77.19196062676244
28460513333.3,-71.7476808622928
28465511666.7,-71.48354026247742
28470510000.0,-71.61307742566335
28475508333.3,-73.37333387464025
28480506666.7,-72.9338718927028
28485505000.0,-69.62896056630495
28490503333.3,-76.88782549035218
28495501666.7,-72.83626697342278
28500500000.0,-76.22004305197629
28505498333.3,-74.18409802578226
28510496666.7,-71.5998202598145
28515495000.0,-71.47868394989199
28520493333.3,-75.63853255804689
28525491666.7,-76.2238558662463
28530490000.0,-95.9650263389603
28535488333.3,-85.99832650609996
28540486666.7,-74.38022754843902
28545485000.0,-78.77514568712378
28550483333.3,-68.38467740545667
28555481666.7,-86.6036861345533
28560480000.0,-70.67481636934953
28565478333.3,-84.14373368598507
28570476666.7,-79.75168488449125
28575475000.0,-72.34384411955573
28580473333.3,-72.28584371012607
28585471666.7,-74.40170017594264
28590470000.0,-75.5856659397927
28595468333.3,-75.15137246878766
28600466666.7,-72.0513963298053
28605465000.0,-78.90620211739704
28610463333.3,-81.47845478984235
28615461666.7,-76.04041019039488
28620460000.0,-72.6469558859879
28625458333.3,-73.39216412140676
28630456666.7,-76.97741148854793
28635455000.0,-76.74916053177853
28640453333.3,-71.9138374135483
28645451666.7,-76.23205260118743
28650450000.0,-72.6507960606715
28655448333.3,-77.98647138541345
28660446666.7,-83.4397621759281
28665445000.0,-76.97679771269071
28670443333.3,-76.33673747717967
28675441666.7,-78.49193885704844
28680440000.0,-77.8163945665037
28685438333.3,-82.32995507091267
28690436666.7,-71.27677020321076
28695435000.0,-78.05913862809462
28700433333.3,-78.16994271262605
28705431666.7,-74.79214272152294
28710430000.0,-74.1790471660496
28715428333.3,-92.51252704278812
28720426666.7,-74.34137061412653
28725425000.0,-70.70403122717184
28730423333.3,-75.29994284198284
28735421666.7,-77.25294380258038
28740420000.0,-79.312938915555
28745418333.3,-76.49924099845353
28750416666.7,-77.07575554657852
28755415000.0,-88.30955131766456
28760413333.3,-71.22339918785431
28765411666.7,-82.71589452667472
28770410000.0,-76.29573055893115
28775408333.3,-77.39974461238286
28780406666.7,-78.15758079162352
28785405000.0,-75.77098643946903
28790403333.3,-77.65753829325105
28795401666.7,-86.98340486202282
28800400000.0,-100.21633414471937
28805398333.3,-82.41802913746753
28810396666.7,-72.13568791025654
28815395000.0,-74.21104941447018
28820393333.3,-69.55858865840264
28825391666.7,-70.25199109554711
28830390000.0,-81.42467482227292
28835388333.3,-75.60830491028777
28840386666.7,-84.42441179425215
28845385000.0,-73.98534500545642
28850383333.3,-80.23221570969979
28855381666.7,-71.74324713279194
28860380000.0,-76.76208783418483
28865378333.3,-70.54300215118772
28870376666.7,-78.84524464946823
28875375000.0,-82.12852395861134
28880373333.3,-76.43287495243075
28885371666.7,-74.50066604569155
28890370000.0,-77.85435837764409
28895368333.3,-80.82566554561062
28900366666.7,-70.10321519489808
28905365000.0,-80.78627602840692
28910363333.3,-71.24593358320347
28915361666.7,-72.44944000885502
28920360000.0,-77.91321434846378
28925358333.3,-82.26334360349202
28930356666.7,-72.41993394157062
28935355000.0,-75.72036726561652
28940353333.3,-82.57954987807099
28945351666.7,-84.66020286100704
28950350000.0,-74.62676200977124
28955348333.3,-80.83884408559422
28960346666.7,-74.47723968084034
28965345000.0,-76.76544682929426
28970343333.3,-74.55320350620029
28975341666.7,-76.58553648683736
28980340000.0,-89.8371760180664
28985338333.3,-83.8174723923932
28990336666.7,-75.6780419304991
28995335000.0,-74.37935806377295
29000333333.3,-68.69036905326712
29005331666.7,-78.75571510640516
29010330000.0,-77.2897625979871
29015328333.3,-82.00438512457659
29020326666.7,-79.6965782654326
29025325000.0,-74.44182757848434
29030323333.3,-70.48849396768267
29035321666.7,-78.2525956901338
29040320000.0,-79.19623685779254
29045318333.3,-76.39884441589076
29050316666.7,-75.82731330925353
29055315000.0,-78.76002943079203
29060313333.3,-77.80784271495685
29065311666.7,-73.14437337218938
29070310000.0,-76.98436331624069
29075308333.3,-83.92328649643675
29080306666.7,-69.99746980280011
29085305000.0,-79.74968702649836
29090303333.3,-73.46061345624841
29095301666.7,-74.92630171589026
29100300000.0,-80.35437346078422
29105298333.3,-83.22285744655444
29110296666.7,-75.87894610561234
29115295000.0,-79.49100345793086
29120293333.3,-74.41263120752274
29125291666.7,-78.45928436201075
29130290000.0,-74.24827944311485
29135288333.3,-71.4578353363675
29140286666.7,-73.69850256976855
29145285000.0,-90.72237650945715
29150283333.3,-81.06987412394716
29155281666.7,-78.07925741823234
29160280000.0,-76.62955727810042
29165278333.3,-85.77446242371823
29170276666.7,-75.76549736784001
29175275000.0,-79.2398772520231
29180273333.3,-76.19564690571255
29185271666.7,-83.19743720124508
29190270000.0,-92.87772043457663
29195268333.3,-72.6563546430036
29200266666.7,-80.78959227820847
29205265000.0,-79.48983663460632
29210263333.3,-82.04766998033163
29215261666.7,-73.2484176553974
29220260000.0,-75.09119913602797
29225258333.3,-70.38570263068823
29230256666.7,-72.35815866580916
29235255000.0,-80.14483635553532
29240253333.3,-77.47606105656929
29245251666.7,-81.24732347347596
29250250000.0,-73.09069167014727
29255248333.3,-72.9437582100189
29260246666.7,-81.62352618789946
29265245000.0,-79.5140074145087
29270243333.3,-74.7771166128695
29275241666.7,-69.13920055657978
29280240000.0,-72.08637764877196
29285238333.3,-86.0693088261294
29290236666.7,-73.93209796696006
29295235000.0,-74.14444152251477
29300233333.3,-77.25936896510957
29305231666.7,-74.8635440540218
29310230000.0,-86.38712998060177
29315228333.3,-70.66540718800073
29320226666.7,-73.98527880770601
29325225000.0,-78.17765058675423
29330223333.3,-80.38341778461563
29335221666.7,-76.93371183279383
29340220000.0,-71.21107711990108
29345218333.3,-94.64423662520657
29350216666.7,-75.21485794718737
29355215000.0,-76.40126432030031
29360213333.3,-78.75160015909205
29365211666.7,-71.92788906002437
29370210000.0,-72.78470633544701
29375208333.3,-84.4912394756389
29380206666.7,-75.29344861176631
29385205000.0,-74.00735370739963
29390203333.3,-81.8634462545394
29395201666.7,-76.6294820532443
29400200000.0,-75.04654933679477
29405198333.3,-83.0675992074572
29410196666.7,-81.67260182492336
29415195000.0,-73.32796012307092
29420193333.3,-88.90892967544434
29425191666.7,-76.92370455779397
29430190000.0,-85.57065105392043
29435188333.3,-79.5239074151566
29440186666.7,-78.25732226248009
29445185000.0,-75.12908057859944
29450183333.3,-74.89042753353577
29455181666.7,-85.28015272824229
29460180000.0,-84.89951796280488
29465178333.3,-78.20987389221406
29470176666.7,-73.79835151244768
29475175000.0,-84.32242236295644
29480173333.3,-84.89978134081417
29485171666.7,-74.12257713458051
29490170000.0,-80.32862300641958
29495168333.3,-80.32634301354584
29500166666.7,-73.73498856763766
29505165000.0,-78.9666379907976
29510163333.3,-75.00534128404082
29515161666.7,-77.62300135183852
29520160000.0,-77.81081094937774
29525158333.3,-78.94184253279332
29530156666.7,-72.22182373633281
29535155000.0,-74.09500080119666
29540153333.3,-72.02522734773899
29545151666.7,-80.11208676025107
29550150000.0,-76.3877118365071
29555148333.3,-86.01670112057802
29560146666.7,-77.78970392650098
29565145000.0,-76.4401004864971
29570143333.3,-80.72860881764306
29575141666.7,-74.98635216273937
29580140000.0,-69.3809385381398
29585138333.3,-79.64476284996911
29590136666.7,-77.41109728796108
29595135000.0,-77.97602921456513
29600133333.3,-69.46072415802992
29605131666.7,-71.54835393269776
29610130000.0,-78.47920075851302
29615128333.3,-82.60663003109039
29620126666.7,-73.9752026243685
29625125000.0,-78.1729926517205
29630123333.3,-75.32858899310484
29635121666.7,-75.56090632184858
29640120000.0,-73.10803337339951
29645118333.3,-75.17203843185057
29650116666.7,-96.19210847016984
29655115000.0,-91.05749876237982
29660113333.3,-79.62821684241143
29665111666.7,-86.98850375419934
29670110000.0,-73.12679429571726
29675108333.3,-88.06240452689059
29680106666.7,-80.58216938416612
29685105000.0,-76.85823475596611
29690103333.3,-83.97458875637682
29695101666.7,-77.21921547877788
29700100000.0,-95.59768080109967
29705098333.3,-77.61022114091354
29710096666.7,-81.85081099702907
29715095000.0,-75.54777184490531
29720093333.3,-84.54806457001887
29725091666.7,-74.21017572807263
29730090000.0,-84.29937387388017
29735088333.3,-78.54231987891586
29740086666.7,-76.77655558589221
29745085000.0,-69.94004747422888
29750083333.3,-81.36518573313384
29755081666.7,-80.7733443513328
29760080000.0,-76.21620501846846
29765078333.3,-77.70966494695392
29770076666.7,-77.9167581746375
29775075000.0,-71.63757451545752
29780073333.3,-72.74515165092028
29785071666.7,-80.57555910027516
29790070000.0,-77.76870149722939
29795068333.3,-71.5833873702573
29800066666.7,-77.43856453450678
29805065000.0,-83.85607199391218
29810063333.3,-79.68845838616292
29815061666.7,-77.3233748754795
29820060000.0,-78.32559039084283
29825058333.3,-76.13296851953655
29830056666.7,-70.82757781811512
29835055000.0,-78.24144198326948
29840053333.3,-74.62753539728547
29845051666.7,-86.94345805312084
29850050000.0,-74.73214767794232
29855048333.3,-73.59809434814272
29860046666.7,-87.87074432645873
29865045000.0,-79.02523896292725
29870043333.3,-73.33831806863515
29875041666.7,-74.0057515679901
29880040000.0,-75.0115978202073
29885038333.3,-71.94668394049374
29890036666.7,-83.74059066364171
29895035000.0,-79.78701955034697
29900033333.3,-75.61654467612918
29905031666.7,-85.65796894462572
29910030000.0,-75.95730032737889
29915028333.3,-72.24617362139662
29920026666.7,-94.26430695657504
29925025000.0,-78.21197311487025
29930023333.3,-77.77743453853647
29935021666.7,-78.56588321452034
29940020000.0,-77.31368709241117
29945018333.3,-77.21548718922313
29950016666.7,-82.43469583098046
29955015000.0,-81.36519905559769
29960013333.3,-77.42763747530992
29965011666.7,-79.31975315107657
29970010000.0,-74.52889834688202
29975008333.3,-78.79621399884638
29980006666.7,-79.23413640364325
29985005000.0,-80.34957566070133
29990003333.3,-73.3372614121617
29995001666.7,-76.02896831867602
30000000000.0,-79.48644368957139
