Frequency_Hz,Magnitude_dB
10000000.0,-61.944803308947016
14998333.3333,-78.15238533283483
19996666.6667,-62.403429038030325
24995000.0,-87.23185237497837
29993333.3333,-78.76678596824608
34991666.6667,-87.15818502872301
39990000.0,-67.43206450727857
44988333.3333,-80.76680038063371
49986666.6667,-84.5407737887096
54985000.0,-65.0457566158344
59983333.3333,-66.28401324844685
64981666.6667,-68.24822606768755
69980000.0,-79.61924001676735
74978333.3333,-75.05299269851066
79976666.6667,-73.36396855004494
84975000.0,-83.88139269031475
89973333.3333,-70.00041523026321
94971666.6667,-83.97035879283126
99970000.0,-72.22459617685739
104968333.333,-82.27301000600937
109966666.667,-70.32005634254686
114965000.0,-75.85740213746008
119963333.333,-75.1499119365202
124961666.667,-74.0680455196834
129960000.0,-85.40252660771432
134958333.333,-73.7704663418712
139956666.667,-74.7114948143473
144955000.0,-76.22832964822715
149953333.333,-77.48193486150194
154951666.667,-70.12158556174973
159950000.0,-75.54807580458863
164948333.333,-79.6286704276241
169946666.667,-72.70044087170886
174945000.0,-69.6048805228557
179943333.333,-73.14069898776853
184941666.667,-69.67424457268935
189940000.0,-80.69559788542554
194938333.333,-72.15395407542053
199936666.667,-74.82600793010496
204935000.0,-74.34736626754368
209933333.333,-93.20551164589675
214931666.667,-81.38127892515277
219930000.0,-69.70016708175076
224928333.333,-82.94625839711583
229926666.667,-74.97445458481378
234925000.0,-76.28647750583542
239923333.333,-71.49696487316619
244921666.667,-77.47107123519031
249920000.0,-76.36237667292062
254918333.333,-77.49576516759694
259916666.667,-76.0204189681101
264915000.0,-73.22184901273248
269913333.333,-77.86429683407471
274911666.667,-70.20989557010273
279910000.0,-74.74208557224819
284908333.333,-77.19600552570385
289906666.667,-72.84534007541598
294905000.0,-70.36595040531466
299903333.333,-67.67018068766234
304901666.667,-71.86688505046055
309900000.0,-71.73633607084406
314898333.333,-80.256504927846
319896666.667,-70.03899605137435
324895000.0,-70.0669297485838
329893333.333,-72.80947624391636
334891666.667,-71.84057954773957
339890000.0,-75.56933358867626
344888333.333,-70.21810424547442
349886666.667,-69.79359476369991
354885000.0,-68.53487796801046
359883333.333,-70.60057376172041
364881666.667,-77.2275068563687
369880000.0,-66.78233656177329
374878333.333,-71.64205168705446
379876666.667,-70.3313228468922
384875000.0,-70.16456737740641
389873333.333,-70.07014621612433
394871666.667,-71.3436384351419
399870000.0,-72.67477855640158
404868333.333,-69.85142007893165
409866666.667,-67.6763117848086
414865000.0,-70.45123355763069
419863333.333,-71.17255743037568
424861666.667,-68.3564657540235
429860000.0,-72.8472446246853
434858333.333,-68.2685314680327
439856666.667,-66.58562668169037
444855000.0,-68.82114311608206
449853333.333,-68.87431080021044
454851666.667,-67.91769392526724
459850000.0,-67.5342180468631
464848333.333,-67.31119399915742
469846666.667,-68.04740462834289
474845000.0,-69.26629660333126
479843333.333,-69.42439500451165
484841666.667,-69.25498868114306
489840000.0,-69.27239736112581
494838333.333,-69.8548267062057
499836666.667,-68.5510569792015
504835000.0,-69.4569467517208
509833333.333,-69.18986947650028
514831666.667,-68.17041635806828
519830000.0,-67.95583558351883
524828333.333,-66.54270866445566
529826666.667,-66.65558714340295
534825000.0,-67.67581405403558
539823333.333,-70.16266867755132
544821666.667,-67.1858136408257
549820000.0,-68.27406174555063
554818333.333,-68.01914944939449
559816666.667,-69.43449834034668
564815000.0,-68.30748665797698
569813333.333,-68.08620775868044
574811666.667,-67.67627517114242
579810000.0,-67.01940669032749
584808333.333,-67.79149907771823
589806666.667,-69.91851759348451
594805000.0,-68.46514781084815
599803333.333,-66.73018998158815
604801666.667,-66.95358459117989
609800000.0,-67.04155362608498
614798333.333,-66.1562715983545
619796666.667,-68.01247939829761
624795000.0,-65.63938898012572
629793333.333,-67.38677895338094
634791666.667,-67.63156060809328
639790000.0,-67.47451489510051
644788333.333,-67.69692277243509
649786666.667,-65.66747345135866
654785000.0,-67.40500816537775
659783333.333,-66.07308102964338
664781666.667,-66.1641601262053
669780000.0,-66.13030814856384
674778333.333,-66.40757488577765
679776666.667,-65.60726948404448
684775000.0,-66.9808597436434
689773333.333,-65.47552785792844
694771666.667,-65.76868774700378
699770000.0,-64.38991303337245
704768333.333,-66.79021889159884
709766666.667,-64.4763886485435
714765000.0,-64.25082168689224
719763333.333,-64.44238832808378
724761666.667,-65.66861740213253
729760000.0,-65.1823385417005
734758333.333,-65.33929792680274
739756666.667,-65.13691752553216
744755000.0,-64.10258813551127
749753333.333,-65.49597849727687
754751666.667,-64.48809918353824
759750000.0,-66.44952070479575
764748333.333,-65.21084055375417
769746666.667,-66.53462721948132
774745000.0,-64.98466125180583
779743333.333,-64.32982435004485
784741666.667,-65.553393387241
789740000.0,-64.19905751277
794738333.333,-64.34819659445908
799736666.667,-62.85146517282967
804735000.0,-63.43409684466237
809733333.333,-62.381182719399824
814731666.667,-63.90865045306582
819730000.0,-63.01763618711821
824728333.333,-62.914960561588835
829726666.667,-63.74742775495485
834725000.0,-63.882675547985
839723333.333,-64.28080423195898
844721666.667,-63.63354334303779
849720000.0,-62.701136423026114
854718333.333,-63.48477492243987
859716666.667,-63.02781461056399
864715000.0,-63.61923543586038
869713333.333,-64.26055817711877
874711666.667,-63.00658694755954
879710000.0,-62.7567147178712
884708333.333,-62.722972690700374
889706666.667,-63.48590833681942
894705000.0,-63.20010709532334
899703333.333,-62.08135950463601
904701666.667,-62.07653419138363
909700000.0,-62.29011788382154
914698333.333,-61.710428821869755
919696666.667,-62.94154368383488
924695000.0,-63.34602911575434
929693333.333,-62.65414825162072
934691666.667,-62.834381694685
939690000.0,-62.30447987733116
944688333.333,-62.560246525828916
949686666.667,-63.130203075403955
954685000.0,-62.219241700752406
959683333.333,-63.51611069131992
964681666.667,-62.70834690860227
969680000.0,-63.27235488957381
974678333.333,-63.045346105043365
979676666.667,-62.0569766865699
984675000.0,-62.44820704831465
989673333.333,-62.40041774259418
994671666.667,-62.37172102855028
999670000.0,-62.034159445281674
1004668333.33,-61.75856829655618
1009666666.67,-61.72783315883501
1014665000.0,-62.15892449785657
1019663333.33,-60.99284368297059
1024661666.67,-61.999864813883356
1029660000.0,-61.651635298349426
1034658333.33,-61.88621042350411
1039656666.67,-61.852133086276496
1044655000.0,-62.90113142088538
1049653333.33,-62.16382732886811
1054651666.67,-62.05989007536985
1059650000.0,-61.918295097106096
1064648333.33,-61.80253689166811
1069646666.67,-61.80688383316579
1074645000.0,-62.12531883044917
1079643333.33,-62.72050647347197
1084641666.67,-61.66250852934293
1089640000.0,-62.35847216243347
1094638333.33,-61.67009330674756
1099636666.67,-61.44571078563214
1104635000.0,-61.01616203767405
1109633333.33,-61.17132907510534
1114631666.67,-61.152051973972156
1119630000.0,-61.46877167738485
1124628333.33,-60.80462076473057
1129626666.67,-61.61656790798405
1134625000.0,-61.544017790796374
1139623333.33,-61.45839818054824
1144621666.67,-61.80322596313072
1149620000.0,-61.58524494345584
1154618333.33,-61.18639524842517
1159616666.67,-60.65408554079046
1164615000.0,-61.3327674652658
1169613333.33,-60.91607582925246
1174611666.67,-60.849792025635516
1179610000.0,-60.879397854241326
1184608333.33,-61.71950580697913
1189606666.67,-60.891955518724785
1194605000.0,-60.33324179288194
1199603333.33,-60.48064791318922
1204601666.67,-60.31823436040404
1209600000.0,-60.49099156811437
1214598333.33,-60.55612857896813
1219596666.67,-60.279145132071264
1224595000.0,-59.990322348512464
1229593333.33,-60.088640639661925
1234591666.67,-59.65528146862515
1239590000.0,-59.90337732760296
1244588333.33,-60.3818263399498
1249586666.67,-59.89823865414556
1254585000.0,-60.07336991423052
1259583333.33,-60.19955594950708
1264581666.67,-60.08380334774321
1269580000.0,-59.956971852906584
1274578333.33,-59.25908960244488
1279576666.67,-60.34086721803207
1284575000.0,-59.776074480987646
1289573333.33,-59.54100890957215
1294571666.67,-59.617778197882046
1299570000.0,-59.6539410095922
1304568333.33,-59.590980814243565
1309566666.67,-59.537712102417764
1314565000.0,-59.359971883156454
1319563333.33,-59.335038241570075
1324561666.67,-59.62761618919474
1329560000.0,-59.56653348857457
1334558333.33,-59.15966418702068
1339556666.67,-59.26849750355109
1344555000.0,-59.490657223993395
1349553333.33,-59.07829280950171
1354551666.67,-59.82249700453327
1359550000.0,-59.44913548220137
1364548333.33,-59.53822771918464
1369546666.67,-59.494155141132865
1374545000.0,-59.745447958178076
1379543333.33,-59.50732796721111
1384541666.67,-59.234714236667216
1389540000.0,-59.072719627735495
1394538333.33,-59.39376935063976
1399536666.67,-58.870957514851845
1404535000.0,-58.8430247453601
1409533333.33,-58.787113044694756
1414531666.67,-58.63686317820754
1419530000.0,-58.736383324987365
1424528333.33,-58.474033094824875
1429526666.67,-58.65258201872657
1434525000.0,-58.60465940059009
1439523333.33,-58.9339433633285
1444521666.67,-58.278204503320616
1449520000.0,-58.64961618494681
1454518333.33,-58.27932476272722
1459516666.67,-58.27490226046741
1464515000.0,-58.33511290191314
1469513333.33,-58.09364356659981
1474511666.67,-58.9001543897279
1479510000.0,-58.28885735749694
1484508333.33,-58.01868774189223
1489506666.67,-58.299770621108415
1494505000.0,-58.00687913447238
1499503333.33,-57.938429773617955
1504501666.67,-58.12361485626945
1509500000.0,-58.10624174202847
1514498333.33,-57.63181727388001
1519496666.67,-57.56136200373764
1524495000.0,-57.83799762848776
1529493333.33,-57.71582019697963
1534491666.67,-57.78488452749216
1539490000.0,-57.61454859982737
1544488333.33,-57.74332291203195
1549486666.67,-57.68766381293426
1554485000.0,-58.01678701607705
1559483333.33,-57.95316565362677
1564481666.67,-57.626249971638856
1569480000.0,-57.94670284455725
1574478333.33,-57.4555195354385
1579476666.67,-57.6698435451995
1584475000.0,-57.85830848592897
1589473333.33,-57.774449334573
1594471666.67,-57.97989564145256
1599470000.0,-57.31126076511586
1604468333.33,-57.66361425205651
1609466666.67,-58.20550054003906
1614465000.0,-57.59083941139689
1619463333.33,-57.28831470242832
1624461666.67,-57.59430580110941
1629460000.0,-57.433146139601206
1634458333.33,-57.24533751525327
1639456666.67,-57.19678348593301
1644455000.0,-57.61819090032685
1649453333.33,-57.53486959454406
1654451666.67,-57.454559582346675
1659450000.0,-57.19028297876644
1664448333.33,-57.154020302812256
1669446666.67,-56.940075176717556
1674445000.0,-57.366256367150115
1679443333.33,-57.22873786074289
1684441666.67,-56.98776011753796
1689440000.0,-57.45172567249182
1694438333.33,-57.26222856990887
1699436666.67,-57.57506753458662
1704435000.0,-57.4593305446879
1709433333.33,-57.31097774681251
1714431666.67,-57.09603372698908
1719430000.0,-57.35378003142158
1724428333.33,-57.38196964245198
1729426666.67,-57.46194557288614
1734425000.0,-57.24054233973375
1739423333.33,-56.91359889211648
1744421666.67,-56.83638666434673
1749420000.0,-56.75352496384421
1754418333.33,-56.88541989242866
1759416666.67,-56.452293964393874
1764415000.0,-56.592219909707175
1769413333.33,-56.891044567730525
1774411666.67,-56.51597666986754
1779410000.0,-56.55711646229763
1784408333.33,-56.40246264236944
1789406666.67,-56.25788214909083
1794405000.0,-56.038719548821845
1799403333.33,-56.76397636269307
1804401666.67,-57.02147791490235
1809400000.0,-56.967857887980344
1814398333.33,-56.62745414716532
1819396666.67,-56.403314982083
1824395000.0,-56.507711489149344
1829393333.33,-56.467346785862844
1834391666.67,-56.306171266158984
1839390000.0,-56.46416023580443
1844388333.33,-56.03429946881854
1849386666.67,-56.3344352218455
1854385000.0,-56.27010935182274
1859383333.33,-56.1648016869616
1864381666.67,-56.2865268821418
1869380000.0,-56.36023004927164
1874378333.33,-56.311522859311296
1879376666.67,-56.15310987220083
1884375000.0,-56.22890972985986
1889373333.33,-55.930327077936866
1894371666.67,-56.18937199083216
1899370000.0,-56.08063211120674
1904368333.33,-56.22209202324284
1909366666.67,-55.89455802147327
1914365000.0,-56.59571867096069
1919363333.33,-56.11223649038532
1924361666.67,-56.21928946973231
1929360000.0,-55.98557822185044
1934358333.33,-55.865013761411824
1939356666.67,-55.87449719011039
1944355000.0,-55.88395110349599
1949353333.33,-56.05368575718391
1954351666.67,-55.74149391770212
1959350000.0,-55.6264246494247
1964348333.33,-55.722791563822796
1969346666.67,-55.73389693619844
1974345000.0,-55.36965904633963
1979343333.33,-55.278716296925566
1984341666.67,-55.65061016044909
1989340000.0,-55.05380831326411
1994338333.33,-55.31160379800585
1999336666.67,-55.71654260824842
2004335000.0,-55.6737568455158
2009333333.33,-55.46693403485567
2014331666.67,-55.92701841337676
2019330000.0,-55.57697547546243
2024328333.33,-55.74595410823819
2029326666.67,-55.276183372372365
2034325000.0,-55.378894494335285
2039323333.33,-55.22756499786524
2044321666.67,-55.398480119458284
2049320000.0,-55.347802910206525
2054318333.33,-55.33928592822751
2059316666.67,-55.40391295023135
2064315000.0,-55.083483872081445
2069313333.33,-55.23149970159658
2074311666.67,-55.30533732469845
2079310000.0,-55.050637092507664
2084308333.33,-55.141189895452875
2089306666.67,-54.94369683852395
2094305000.0,-54.81578356178454
2099303333.33,-55.329788270999806
2104301666.67,-55.17295534065254
2109300000.0,-55.10902620785153
2114298333.33,-54.84686300541833
2119296666.67,-54.8058695013043
2124295000.0,-55.18092493004588
2129293333.33,-55.29525517315876
2134291666.67,-54.932364264031996
2139290000.0,-54.96223714289555
2144288333.33,-55.02483374033929
2149286666.67,-55.00457329551402
2154285000.0,-54.7626349372755
2159283333.33,-54.85924563177028
2164281666.67,-54.708038277934534
2169280000.0,-54.380296037743925
2174278333.33,-54.599699365335724
2179276666.67,-54.16547134851697
2184275000.0,-54.565077460515596
2189273333.33,-54.34387831296231
2194271666.67,-54.61853151055961
2199270000.0,-54.581152671904775
2204268333.33,-54.65286419702437
2209266666.67,-54.5958970838136
2214265000.0,-54.538699507448655
2219263333.33,-54.69271162586694
2224261666.67,-54.34421626889378
2229260000.0,-54.537407411969326
2234258333.33,-54.643080393677664
2239256666.67,-54.380891861734895
2244255000.0,-54.290676683078026
2249253333.33,-54.237323631997015
2254251666.67,-54.217820498257325
2259250000.0,-54.18826235324179
2264248333.33,-54.063215938677594
2269246666.67,-53.86424062837133
2274245000.0,-53.98125171003784
2279243333.33,-54.02460121561976
2284241666.67,-53.77547592439381
2289240000.0,-54.00684470987079
2294238333.33,-54.22011716551613
2299236666.67,-53.9833318517659
2304235000.0,-53.91713812684259
2309233333.33,-54.066873572471714
2314231666.67,-54.033780382282266
2319230000.0,-53.8272904241629
2324228333.33,-53.96392256632402
2329226666.67,-54.05220032459222
2334225000.0,-53.7496423856838
2339223333.33,-53.67396998898873
2344221666.67,-53.750883710813035
2349220000.0,-53.66651815531969
2354218333.33,-53.74259106529034
2359216666.67,-53.66221057311813
2364215000.0,-53.8677457514785
2369213333.33,-53.50120538897891
2374211666.67,-53.656491269483205
2379210000.0,-53.476683357007424
2384208333.33,-53.44974153629116
2389206666.67,-53.349380728772154
2394205000.0,-53.73586354924255
2399203333.33,-53.33495060995044
2404201666.67,-53.33192372796866
2409200000.0,-53.230618345372946
2414198333.33,-53.122648902211075
2419196666.67,-53.19666778017223
2424195000.0,-53.1195574022713
2429193333.33,-53.10046587197536
2434191666.67,-52.72457718385774
2439190000.0,-52.71271314476725
2444188333.33,-52.78650341616518
2449186666.67,-52.59489609637528
2454185000.0,-52.48261078583441
2459183333.33,-52.779266710530464
2464181666.67,-52.55222240017993
2469180000.0,-52.50736999905043
2474178333.33,-52.24667331054647
2479176666.67,-52.94477243921533
2484175000.0,-52.3654834320902
2489173333.33,-52.28088604923492
2494171666.67,-52.50434028565114
2499170000.0,-52.62345307154047
2504168333.33,-52.65689096643363
2509166666.67,-52.3439861316271
2514165000.0,-52.37976089134233
2519163333.33,-52.02662276565092
2524161666.67,-52.25135266461074
2529160000.0,-51.96958033361802
2534158333.33,-51.94494273505732
2539156666.67,-52.25544897501612
2544155000.0,-51.97110672661065
2549153333.33,-51.93610202915936
2554151666.67,-52.11475275022319
2559150000.0,-52.16173532032897
2564148333.33,-51.95809679470226
2569146666.67,-52.00089521894814
2574145000.0,-52.20686851125147
2579143333.33,-52.25415032945766
2584141666.67,-52.197560881601255
2589140000.0,-52.10408323724826
2594138333.33,-52.01934146053062
2599136666.67,-51.89790281324974
2604135000.0,-51.97816967119418
2609133333.33,-51.97923667858113
2614131666.67,-51.839670946897975
2619130000.0,-51.844256088546736
2624128333.33,-51.99606438947181
2629126666.67,-51.7160826325282
2634125000.0,-51.65287190996794
2639123333.33,-51.78190635456123
2644121666.67,-51.94189054023657
2649120000.0,-51.96053052235919
2654118333.33,-51.80145300544753
2659116666.67,-51.911431578635685
2664115000.0,-51.609535402124564
2669113333.33,-51.89551632304459
2674111666.67,-51.78032047445903
2679110000.0,-51.480030112696596
2684108333.33,-51.60023412647889
2689106666.67,-51.270269588686915
2694105000.0,-51.46271468877287
2699103333.33,-51.598252107439244
2704101666.67,-51.30433427552531
2709100000.0,-51.53248234900603
2714098333.33,-51.05711377615633
2719096666.67,-51.401041082821415
2724095000.0,-51.12829624051785
2729093333.33,-51.18260065041174
2734091666.67,-51.15732482910659
2739090000.0,-51.17312825488674
2744088333.33,-51.160073639384905
2749086666.67,-51.12279672134114
2754085000.0,-51.03791415891856
2759083333.33,-51.120879331755745
2764081666.67,-50.94527729954271
2769080000.0,-50.94329846767189
2774078333.33,-50.875354027846214
2779076666.67,-50.73028997977829
2784075000.0,-50.821544380712496
2789073333.33,-50.48793052566903
2794071666.67,-50.65327210528706
2799070000.0,-50.37959094930556
2804068333.33,-50.504781260632484
2809066666.67,-50.26237015339956
2814065000.0,-50.36100706917537
2819063333.33,-50.477024429468116
2824061666.67,-50.33684825874158
2829060000.0,-50.37900677750542
2834058333.33,-50.43732243480635
2839056666.67,-50.36065943626555
2844055000.0,-50.36297212018148
2849053333.33,-50.319060542818015
2854051666.67,-50.29202935861444
2859050000.0,-50.41445922062109
2864048333.33,-50.248931716356786
2869046666.67,-50.1765042551666
2874045000.0,-50.121962835795095
2879043333.33,-49.986974203001765
2884041666.67,-50.06067410034619
2889040000.0,-50.09688010238739
2894038333.33,-50.091884709375904
2899036666.67,-49.949932560683834
2904035000.0,-49.95950018454206
2909033333.33,-49.94648787112122
2914031666.67,-49.88472751333091
2919030000.0,-49.85412290036314
2924028333.33,-49.678359824448314
2929026666.67,-49.910362932355554
2934025000.0,-49.85419968676551
2939023333.33,-49.71840084792945
2944021666.67,-50.01397651009803
2949020000.0,-49.89431231076875
2954018333.33,-49.69179279128167
2959016666.67,-49.71625041115769
2964015000.0,-49.79033334263959
2969013333.33,-49.67897055926699
2974011666.67,-49.568419801938006
2979010000.0,-49.551101277814965
2984008333.33,-49.43945513071701
2989006666.67,-49.52161853588311
2994005000.0,-49.420467123396605
2999003333.33,-49.37062060047865
3004001666.67,-49.3746229821619
3009000000.0,-49.33590612324883
3013998333.33,-49.21120243008026
3018996666.67,-49.19076340599932
3023995000.0,-49.322737151411964
3028993333.33,-49.259007690107055
3033991666.67,-48.93399883520961
3038990000.0,-49.14181964633681
3043988333.33,-49.17277921181945
3048986666.67,-49.08324551301834
3053985000.0,-49.15299729569217
3058983333.33,-49.10435017265269
3063981666.67,-49.04696451503714
3068980000.0,-48.995497018076996
3073978333.33,-48.92955426572109
3078976666.67,-49.04799204093523
3083975000.0,-48.86628879619632
3088973333.33,-48.81579410299462
3093971666.67,-48.660270206225476
3098970000.0,-48.68978315639579
3103968333.33,-48.67746468090858
3108966666.67,-48.51310208104543
3113965000.0,-48.548937470384466
3118963333.33,-48.34459438044652
3123961666.67,-48.33244113942298
3128960000.0,-48.1984913262915
3133958333.33,-48.200751300342674
3138956666.67,-48.18313539271783
3143955000.0,-48.191908818018604
3148953333.33,-48.17458937345907
3153951666.67,-48.150348732627506
3158950000.0,-48.039963041199705
3163948333.33,-48.25912789523536
3168946666.67,-48.13057953354214
3173945000.0,-48.074801538884095
3178943333.33,-48.14875180955798
3183941666.67,-47.9595094256705
3188940000.0,-47.83364129503126
3193938333.33,-47.80843993782136
3198936666.67,-47.77318809583603
3203935000.0,-47.81684850436925
3208933333.33,-47.623468030733925
3213931666.67,-47.65166765901186
3218930000.0,-47.68673871553246
3223928333.33,-47.724838137964625
3228926666.67,-47.63763999123283
3233925000.0,-47.70590244415337
3238923333.33,-47.64386999311857
3243921666.67,-47.696575066316846
3248920000.0,-47.75255824733908
3253918333.33,-47.685974161050055
3258916666.67,-47.65865392891605
3263915000.0,-47.62046794621325
3268913333.33,-47.62725368399148
3273911666.67,-47.583283193869256
3278910000.0,-47.63166549082217
3283908333.33,-47.28199112919549
3288906666.67,-47.27506968264676
3293905000.0,-47.16876235654023
3298903333.33,-47.11555819354176
3303901666.67,-47.017065960424745
3308900000.0,-46.82139382359135
3313898333.33,-46.940830916792216
3318896666.67,-46.890863336046664
3323895000.0,-46.899098720009036
3328893333.33,-46.71957506911077
3333891666.67,-46.84332624025419
3338890000.0,-46.75175431229563
3343888333.33,-46.83538735265091
3348886666.67,-46.81701533050001
3353885000.0,-46.79051258690266
3358883333.33,-46.838441810046035
3363881666.67,-46.74075316455117
3368880000.0,-46.64439658764363
3373878333.33,-46.538734863010454
3378876666.67,-46.495141011592
3383875000.0,-46.60250838430939
3388873333.33,-46.40845358028144
3393871666.67,-46.379742410613844
3398870000.0,-46.35483321287757
3403868333.33,-46.26159040006841
3408866666.67,-46.246384788159446
3413865000.0,-46.15166758761817
3418863333.33,-46.2201881189002
3423861666.67,-46.056873937783266
3428860000.0,-46.14221574457392
3433858333.33,-46.21176620569961
3438856666.67,-46.135632316056046
3443855000.0,-46.160305822469276
3448853333.33,-46.07836022822284
3453851666.67,-46.12001949665373
3458850000.0,-46.012602154896484
3463848333.33,-46.14939924534425
3468846666.67,-46.01757341068691
3473845000.0,-45.71926474427501
3478843333.33,-45.72596441920906
3483841666.67,-45.6569722734089
3488840000.0,-45.595677247862156
3493838333.33,-45.670433036019844
3498836666.67,-45.493922890880796
3503835000.0,-45.51606698351149
3508833333.33,-45.418365100326525
3513831666.67,-45.29353592501184
3518830000.0,-45.435563375967874
3523828333.33,-45.376724788341384
3528826666.67,-45.393006568827936
3533825000.0,-45.261530813236035
3538823333.33,-45.16669294679909
3543821666.67,-45.25627756997796
3548820000.0,-45.0386521825346
3553818333.33,-45.13949259535191
3558816666.67,-44.96546050872765
3563815000.0,-44.96437668162875
3568813333.33,-44.810673229622246
3573811666.67,-44.71813289029011
3578810000.0,-44.72660909377359
3583808333.33,-44.63920921181195
3588806666.67,-44.702180806735036
3593805000.0,-44.642997136450504
3598803333.33,-44.5560520405871
3603801666.67,-44.49555213505925
3608800000.0,-44.47622764807072
3613798333.33,-44.32149253844863
3618796666.67,-44.233496579200356
3623795000.0,-44.20322473898814
3628793333.33,-44.154321572494666
3633791666.67,-44.1803295157888
3638790000.0,-44.14748375843057
3643788333.33,-43.98358928693851
3648786666.67,-43.96175383062826
3653785000.0,-44.0312553621587
3658783333.33,-43.92241582478867
3663781666.67,-43.84386335425573
3668780000.0,-43.94883836921302
3673778333.33,-43.89853177585511
3678776666.67,-44.04228185327625
3683775000.0,-44.03993953347385
3688773333.33,-44.17243540424038
3693771666.67,-44.07226055747478
3698770000.0,-44.13879528914006
3703768333.33,-44.13637618212296
3708766666.67,-44.100842939962284
3713765000.0,-44.20016830567065
3718763333.33,-44.10284459124259
3723761666.67,-44.085769063966765
3728760000.0,-44.04185121375729
3733758333.33,-43.86410039334781
3738756666.67,-43.94024473180413
3743755000.0,-43.83480441938174
3748753333.33,-43.744674096426806
3753751666.67,-43.690660629283
3758750000.0,-43.525127608614945
3763748333.33,-43.57185080719253
3768746666.67,-43.44029607122554
3773745000.0,-43.4648494632866
3778743333.33,-43.43368294430463
3783741666.67,-43.346684165400475
3788740000.0,-43.3631658150178
3793738333.33,-43.33884518718279
3798736666.67,-43.26302286910153
3803735000.0,-43.19032335848114
3808733333.33,-43.040525191673055
3813731666.67,-42.872344416438715
3818730000.0,-42.87323363745805
3823728333.33,-42.82196339818082
3828726666.67,-42.59284078543077
3833725000.0,-42.47142968935908
3838723333.33,-42.26559357080078
3843721666.67,-42.18038446870274
3848720000.0,-42.10477729063268
3853718333.33,-41.951346052785
3858716666.67,-41.926935649905126
3863715000.0,-41.874763401257525
3868713333.33,-41.792643769661964
3873711666.67,-41.727145975208785
3878710000.0,-41.67423095977652
3883708333.33,-41.64836119559294
3888706666.67,-41.59796056526207
3893705000.0,-41.59464637546069
3898703333.33,-41.54470734839105
3903701666.67,-41.394768955573596
3908700000.0,-41.45765405567691
3913698333.33,-41.41185121488866
3918696666.67,-41.363858760280834
3923695000.0,-41.3676008581689
3928693333.33,-41.21166835431527
3933691666.67,-41.23744526560085
3938690000.0,-41.17031497830546
3943688333.33,-41.09521169977845
3948686666.67,-41.088978739034054
3953685000.0,-41.06404676016049
3958683333.33,-41.04046595081521
3963681666.67,-41.04624561210588
3968680000.0,-41.03947217397538
3973678333.33,-40.98259101171412
3978676666.67,-41.01027456651421
3983675000.0,-40.954986933414645
3988673333.33,-40.95094421962891
3993671666.67,-40.954916088629815
3998670000.0,-41.014106298168926
4003668333.33,-41.00783201031712
4008666666.67,-41.092514137076634
4013665000.0,-41.05071412543876
4018663333.33,-41.00511260281999
4023661666.67,-40.88224332911315
4028660000.0,-40.88040968215089
4033658333.33,-40.79361984560106
4038656666.67,-40.70031395354618
4043655000.0,-40.63009940374312
4048653333.33,-40.42984666832166
4053651666.67,-40.353796709846215
4058650000.0,-40.316669449238695
4063648333.33,-40.04093641238521
4068646666.67,-39.94907895019121
4073645000.0,-39.795379637664205
4078643333.33,-39.67581090074491
4083641666.67,-39.58393449693608
4088640000.0,-39.5233300848281
4093638333.33,-39.430877052414104
4098636666.67,-39.2683844689006
4103635000.0,-39.22153455218978
4108633333.33,-39.13060027495593
4113631666.67,-39.049113850714626
4118630000.0,-39.067184816216255
4123628333.33,-38.83810432613928
4128626666.67,-38.8214559010966
4133625000.0,-38.715874114134756
4138623333.33,-38.6387395491097
4143621666.67,-38.62491241413238
4148620000.0,-38.467849134403934
4153618333.33,-38.352572407937494
4158616666.67,-38.29482154001643
4163615000.0,-38.120418554857366
4168613333.33,-38.0282093701929
4173611666.67,-37.95572475898613
4178610000.0,-37.90761811167257
4183608333.33,-37.84677898400694
4188606666.67,-37.81824108242367
4193605000.0,-37.82512840206975
4198603333.33,-37.801819867680436
4203601666.67,-37.81896217255701
4208600000.0,-37.75239330547718
4213598333.33,-37.7746554510507
4218596666.67,-37.75324199254805
4223595000.0,-37.67224178335736
4228593333.33,-37.69535226949333
4233591666.67,-37.58164363574656
4238590000.0,-37.61314244134462
4243588333.33,-37.50405781372301
4248586666.67,-37.464014804743535
4253585000.0,-37.41893091359114
4258583333.33,-37.304531242704485
4263581666.67,-37.318005292359885
4268580000.0,-37.244830983449624
4273578333.33,-37.18187149154374
4278576666.67,-37.230167335057736
4283575000.0,-37.20259053502374
4288573333.33,-37.2014139848196
4293571666.67,-37.193937268340875
4298570000.0,-37.16544767282035
4303568333.33,-37.14780270593468
4308566666.67,-37.0915981248534
4313565000.0,-37.09345223125836
4318563333.33,-36.9880299390009
4323561666.67,-36.93539828024726
4328560000.0,-36.89860079749491
4333558333.33,-36.82514291171315
4338556666.67,-36.797121558078835
4343555000.0,-36.681836552390536
4348553333.33,-36.63951626432005
4353551666.67,-36.58732757751431
4358550000.0,-36.52454662599262
4363548333.33,-36.57403199987058
4368546666.67,-36.50211070912615
4373545000.0,-36.496887075124235
4378543333.33,-36.507440812916336
4383541666.67,-36.5036129881869
4388540000.0,-36.536211785737855
4393538333.33,-36.4663245568004
4398536666.67,-36.48206736396175
4403535000.0,-36.44758863774158
4408533333.33,-36.40670873226146
4413531666.67,-36.43607132186178
4418530000.0,-36.34923978033297
4423528333.33,-36.36926593490951
4428526666.67,-36.341211855498436
4433525000.0,-36.364934457596824
4438523333.33,-36.40194530224282
4443521666.67,-36.32485690550404
4448520000.0,-36.428446527991404
4453518333.33,-36.41127498076607
4458516666.67,-36.42986185360387
4463515000.0,-36.56274752620079
4468513333.33,-36.53361187584667
4473511666.67,-36.59240168055439
4478510000.0,-36.61021904221562
4483508333.33,-36.63050223218671
4488506666.67,-36.66805445884304
4493505000.0,-36.71330257906777
4498503333.33,-36.73230379660674
4503501666.67,-36.709806268277134
4508500000.0,-36.692652800321724
4513498333.33,-36.761891360945675
4518496666.67,-36.7583917363212
4523495000.0,-36.861652051759265
4528493333.33,-36.881666531517084
4533491666.67,-36.91983741763477
4538490000.0,-36.96789578400005
4543488333.33,-37.06156244891745
4548486666.67,-37.13290455297036
4553485000.0,-37.12972780539512
4558483333.33,-37.24165233243201
4563481666.67,-37.284812013145725
4568480000.0,-37.28440519980122
4573478333.33,-37.33817240781149
4578476666.67,-37.36242388676013
4583475000.0,-37.37891907646926
4588473333.33,-37.27958732432279
4593471666.67,-37.362940663351175
4598470000.0,-37.399677229282524
4603468333.33,-37.39531043840642
4608466666.67,-37.540879330276915
4613465000.0,-37.500011554596085
4618463333.33,-37.57165555696323
4623461666.67,-37.67382100681004
4628460000.0,-37.677290727233355
4633458333.33,-37.81446053867116
4638456666.67,-37.88758339713204
4643455000.0,-37.95211499650703
4648453333.33,-37.983823648898294
4653451666.67,-38.10918247483098
4658450000.0,-38.16940665805581
4663448333.33,-38.222384027734584
4668446666.67,-38.35275203249315
4673445000.0,-38.37034096359969
4678443333.33,-38.3943178810125
4683441666.67,-38.475575967267844
4688440000.0,-38.48485507170362
4693438333.33,-38.61231902917566
4698436666.67,-38.61144722920597
4703435000.0,-38.67588199793248
4708433333.33,-38.83185365653328
4713431666.67,-38.81545021797131
4718430000.0,-39.024893071980976
4723428333.33,-39.11020838916947
4728426666.67,-39.161532848051394
4733425000.0,-39.26555080899916
4738423333.33,-39.37228980721942
4743421666.67,-39.41121497191543
4748420000.0,-39.47374957908275
4753418333.33,-39.52303593226779
4758416666.67,-39.46328654567382
4763415000.0,-39.6146327508807
4768413333.33,-39.647778627003035
4773411666.67,-39.55752049539553
4778410000.0,-39.66156026280451
4783408333.33,-39.66729568253661
4788406666.67,-39.693678894619715
4793405000.0,-39.780519237211756
4798403333.33,-39.68804390861342
4803401666.67,-39.84941315569208
4808400000.0,-39.883167249943526
4813398333.33,-39.894413922905315
4818396666.67,-40.02383658491368
4823395000.0,-40.039438757494196
4828393333.33,-40.15191846038813
4833391666.67,-40.25444141614444
4838390000.0,-40.281406952327416
4843388333.33,-40.31681424898542
4848386666.67,-40.38102185526952
4853385000.0,-40.5112987956754
4858383333.33,-40.44171448485492
4863381666.67,-40.57372318752562
4868380000.0,-40.662860842923024
4873378333.33,-40.69287231816331
4878376666.67,-40.86660738842677
4883375000.0,-40.80717982648285
4888373333.33,-40.86821681750799
4893371666.67,-40.954279731713974
4898370000.0,-40.974485746369204
4903368333.33,-41.12980203740968
4908366666.67,-41.13488432002897
4913365000.0,-41.24281650783231
4918363333.33,-41.25556882556296
4923361666.67,-41.298282715754915
4928360000.0,-41.41884373904845
4933358333.33,-41.44724344813683
4938356666.67,-41.44770458906268
4943355000.0,-41.4289764049808
4948353333.33,-41.57137426521477
4953351666.67,-41.55230817552477
4958350000.0,-41.694086892289306
4963348333.33,-41.81602410211031
4968346666.67,-41.73650993846707
4973345000.0,-41.91255821867106
4978343333.33,-41.99002702381363
4983341666.67,-41.94982790274777
4988340000.0,-42.11628835037841
4993338333.33,-42.14903804328959
4998336666.67,-42.15589511593223
5003335000.0,-42.18639106567875
5008333333.33,-42.19933369938505
5013331666.67,-42.23273840214719
5018330000.0,-42.26443560243152
5023328333.33,-42.33249925628542
5028326666.67,-42.27651131993282
5033325000.0,-42.33444389567233
5038323333.33,-42.4180678403968
5043321666.67,-42.41938472244578
5048320000.0,-42.52365950741026
5053318333.33,-42.62346379812267
5058316666.67,-42.660284971684845
5063315000.0,-42.832496860497685
5068313333.33,-42.83493673734476
5073311666.67,-42.91642811257458
5078310000.0,-42.9961849610155
5083308333.33,-43.01270836741501
5088306666.67,-43.094548844561956
5093305000.0,-43.032329842023664
5098303333.33,-43.12165585912435
5103301666.67,-43.033010938511595
5108300000.0,-43.068814837043334
5113298333.33,-43.07244757232609
5118296666.67,-43.15323873923012
5123295000.0,-43.22100977680197
5128293333.33,-43.29085900810621
5133291666.67,-43.31430085333696
5138290000.0,-43.447739577966466
5143288333.33,-43.44706674371302
5148286666.67,-43.61554418645035
5153285000.0,-43.65785694060507
5158283333.33,-43.81125338787263
5163281666.67,-43.86692578650295
5168280000.0,-43.92373195475878
5173278333.33,-43.995074013270326
5178276666.67,-44.00579272627706
5183275000.0,-44.08906143524269
5188273333.33,-44.05754446252522
5193271666.67,-44.1105754514308
5198270000.0,-44.12129996632969
5203268333.33,-44.05069734265389
5208266666.67,-44.12845865597138
5213265000.0,-44.193189211216136
5218263333.33,-44.09040461356878
5223261666.67,-44.19075574126181
5228260000.0,-44.267972469743036
5233258333.33,-44.482212911663254
5238256666.67,-44.51199253575062
5243255000.0,-44.485036526339776
5248253333.33,-44.54343843881689
5253251666.67,-44.67874941254351
5258250000.0,-44.85014587310812
5263248333.33,-44.85340285283809
5268246666.67,-44.764682901840125
5273245000.0,-44.815202378635306
5278243333.33,-44.73857259822629
5283241666.67,-44.83950320950433
5288240000.0,-44.75626331340236
5293238333.33,-44.840209420878345
5298236666.67,-44.893067890307606
5303235000.0,-44.87641025005193
5308233333.33,-44.90714311239109
5313231666.67,-45.0062760780882
5318230000.0,-45.08946020354877
5323228333.33,-45.14933867978472
5328226666.67,-45.19414444724745
5333225000.0,-45.373265605919435
5338223333.33,-45.381678068878145
5343221666.67,-45.44577222226495
5348220000.0,-45.44536084561254
5353218333.33,-45.50381829577712
5358216666.67,-45.48209127935678
5363215000.0,-45.658331929327645
5368213333.33,-45.744760560692086
5373211666.67,-45.67572656531465
5378210000.0,-45.64193561449436
5383208333.33,-45.7604766404383
5388206666.67,-45.72301353311866
5393205000.0,-45.888951683242105
5398203333.33,-46.0734553178746
5403201666.67,-46.159670851933896
5408200000.0,-46.132271216070066
5413198333.33,-46.2053749188743
5418196666.67,-46.35379449187599
5423195000.0,-46.25372873714192
5428193333.33,-46.46106915565423
5433191666.67,-46.431994146401664
5438190000.0,-46.44847547914739
5443188333.33,-46.60051901570745
5448186666.67,-46.562183844091194
5453185000.0,-46.62284683826598
5458183333.33,-46.596034382056985
5463181666.67,-46.62849492900327
5468180000.0,-46.68987636691659
5473178333.33,-46.60603341522898
5478176666.67,-46.67030839818381
5483175000.0,-46.73126609380755
5488173333.33,-46.84459872236302
5493171666.67,-46.91662049345923
5498170000.0,-46.830110739642706
5503168333.33,-46.968466935155426
5508166666.67,-47.0301445832737
5513165000.0,-47.09844245012554
5518163333.33,-47.08929472928163
5523161666.67,-46.997225096165344
5528160000.0,-47.02422495566175
5533158333.33,-47.212284501907284
5538156666.67,-46.99777092490142
5543155000.0,-47.00857120467575
5548153333.33,-47.074918573244986
5553151666.67,-47.11982724773848
5558150000.0,-47.030122594504746
5563148333.33,-47.065799728996254
5568146666.67,-47.14082142714514
5573145000.0,-47.232429543576096
5578143333.33,-47.37623274441225
5583141666.67,-47.34029755939457
5588140000.0,-47.61310547410091
5593138333.33,-47.49923094860401
5598136666.67,-47.70726402710713
5603135000.0,-47.71715425464641
5608133333.33,-47.75037768272704
5613131666.67,-47.833488675131434
5618130000.0,-47.815574348430125
5623128333.33,-48.05524735855333
5628126666.67,-47.910412303051345
5633125000.0,-47.98781701842594
5638123333.33,-48.05912136728979
5643121666.67,-47.994054424143584
5648120000.0,-48.04727453739889
5653118333.33,-48.16588076347895
5658116666.67,-48.24963191407056
5663115000.0,-48.29537060753008
5668113333.33,-48.235736138610214
5673111666.67,-48.36337481733578
5678110000.0,-48.33872637292537
5683108333.33,-48.49684781169291
5688106666.67,-48.41058475505149
5693105000.0,-48.52114734270431
5698103333.33,-48.66604788024531
5703101666.67,-48.58326059701258
5708100000.0,-48.50165919601204
5713098333.33,-48.466304463950266
5718096666.67,-48.588886362018016
5723095000.0,-48.441131634862664
5728093333.33,-48.58821931614352
5733091666.67,-48.528142189900585
5738090000.0,-48.55648480746983
5743088333.33,-48.501012255333116
5748086666.67,-48.566351949937896
5753085000.0,-48.48458423386076
5758083333.33,-48.47619860162888
5763081666.67,-48.620338638653486
5768080000.0,-48.569972405094845
5773078333.33,-48.71375401411515
5778076666.67,-48.58245016341624
5783075000.0,-48.74573029241589
5788073333.33,-48.77477650476141
5793071666.67,-48.69549168164828
5798070000.0,-48.92906700521007
5803068333.33,-48.80494927086222
5808066666.67,-48.82846133077807
5813065000.0,-48.8709160846475
5818063333.33,-49.09293761156671
5823061666.67,-49.07299642416936
5828060000.0,-49.04092600384129
5833058333.33,-49.194528718927884
5838056666.67,-49.24521159786831
5843055000.0,-49.202931736413625
5848053333.33,-49.31760697313678
5853051666.67,-49.472255095423414
5858050000.0,-49.52498825712182
5863048333.33,-49.21154763342676
5868046666.67,-49.55402297869426
5873045000.0,-49.559898562207856
5878043333.33,-49.53563640861376
5883041666.67,-49.57181998953769
5888040000.0,-49.6168435262056
5893038333.33,-49.614836988043116
5898036666.67,-49.418599798181106
5903035000.0,-49.51112964392153
5908033333.33,-49.712652789876984
5913031666.67,-49.73158238670456
5918030000.0,-49.679972922629176
5923028333.33,-50.030333079155085
5928026666.67,-49.946899590308355
5933025000.0,-49.99119889858724
5938023333.33,-49.982429438785985
5943021666.67,-49.9953169959897
5948020000.0,-50.03195998610398
5953018333.33,-49.999959893653084
5958016666.67,-50.02779447915699
5963015000.0,-50.02202470990781
5968013333.33,-50.051031155024425
5973011666.67,-49.963255952443944
5978010000.0,-50.0677292846645
5983008333.33,-50.08762919628492
5988006666.67,-50.02381315415082
5993005000.0,-50.15475870214221
5998003333.33,-50.163823241799584
6003001666.67,-50.34828907327707
6008000000.0,-50.387759199734525
6012998333.33,-50.20266762614821
6017996666.67,-50.2739685870724
6022995000.0,-50.50414291251589
6027993333.33,-50.21986213447946
6032991666.67,-50.275270945558326
6037990000.0,-50.264854635881306
6042988333.33,-50.350379227837394
6047986666.67,-50.33720725492814
6052985000.0,-50.33623266009045
6057983333.33,-50.295905903301986
6062981666.67,-50.280672721712314
6067980000.0,-50.11464794313319
6072978333.33,-50.370716653199956
6077976666.67,-50.30685284892194
6082975000.0,-50.563267977064186
6087973333.33,-50.43193196994392
6092971666.67,-50.65623724601928
6097970000.0,-50.572273119006105
6102968333.33,-50.939352977236034
6107966666.67,-51.00040496692435
6112965000.0,-51.02416925794064
6117963333.33,-50.890278949589984
6122961666.67,-51.19435986242284
6127960000.0,-51.079458401198735
6132958333.33,-51.034130060575734
6137956666.67,-51.055206630956
6142955000.0,-50.995128288687866
6147953333.33,-50.98610176765068
6152951666.67,-51.47853508450629
6157950000.0,-51.098139055245326
6162948333.33,-51.18194940568639
6167946666.67,-51.461178794938654
6172945000.0,-51.54773799178301
6177943333.33,-51.518090077028226
6182941666.67,-51.76261741775565
6187940000.0,-51.55406310943115
6192938333.33,-51.44542234560838
6197936666.67,-51.75071717792095
6202935000.0,-51.736287750621386
6207933333.33,-51.683330290816905
6212931666.67,-51.62950435273329
6217930000.0,-51.51695774287019
6222928333.33,-51.66534199625733
6227926666.67,-51.653129940465604
6232925000.0,-51.38622348566851
6237923333.33,-51.47561558270926
6242921666.67,-51.58278360115028
6247920000.0,-51.317350929234415
6252918333.33,-51.50980973179195
6257916666.67,-51.67971595438538
6262915000.0,-51.65849021329389
6267913333.33,-51.707266415662936
6272911666.67,-51.45590401273765
6277910000.0,-51.793958750272154
6282908333.33,-51.83936078876609
6287906666.67,-51.93062147367677
6292905000.0,-51.810600673420424
6297903333.33,-52.008977094617336
6302901666.67,-51.88641825496682
6307900000.0,-52.05072647015526
6312898333.33,-52.03395904103678
6317896666.67,-51.95670707634137
6322895000.0,-52.290624558851
6327893333.33,-52.29150880663986
6332891666.67,-52.12248480362771
6337890000.0,-52.226023237291805
6342888333.33,-52.36238374836849
6347886666.67,-52.257503664212386
6352885000.0,-52.24035757989122
6357883333.33,-52.56433810233354
6362881666.67,-52.497175955752915
6367880000.0,-52.564526397355735
6372878333.33,-52.60126896984248
6377876666.67,-52.437664775456916
6382875000.0,-52.728496272459104
6387873333.33,-52.61454455176616
6392871666.67,-52.52204091638329
6397870000.0,-52.59639648948108
6402868333.33,-52.44525201614961
6407866666.67,-52.514474197245626
6412865000.0,-52.54618212402622
6417863333.33,-52.58513106173224
6422861666.67,-52.50504651080667
6427860000.0,-52.59386282604002
6432858333.33,-52.69098375316653
6437856666.67,-52.591191229455404
6442855000.0,-52.67121934494214
6447853333.33,-52.86397124340097
6452851666.67,-52.84743732339189
6457850000.0,-52.6518272080823
6462848333.33,-52.81694358046244
6467846666.67,-52.87070543202455
6472845000.0,-52.75093913292055
6477843333.33,-52.751144281363615
6482841666.67,-52.83188970429994
6487840000.0,-52.75713003521076
6492838333.33,-52.716580474937906
6497836666.67,-52.845259212666534
6502835000.0,-52.90366016197772
6507833333.33,-53.02896277291252
6512831666.67,-53.145653421425585
6517830000.0,-53.324943102325406
6522828333.33,-53.28915236241862
6527826666.67,-53.264732561538075
6532825000.0,-53.29342459830609
6537823333.33,-53.405326429072815
6542821666.67,-53.505476234292786
6547820000.0,-53.22026642441374
6552818333.33,-53.37480945998065
6557816666.67,-53.331603572844486
6562815000.0,-53.38178465026368
6567813333.33,-53.33261053360453
6572811666.67,-53.40576373177778
6577810000.0,-53.47278260970094
6582808333.33,-53.34009488013937
6587806666.67,-53.649852139487706
6592805000.0,-53.44504955482882
6597803333.33,-53.25857217044935
6602801666.67,-53.44174730369122
6607800000.0,-53.61522330186758
6612798333.33,-53.60152575469648
6617796666.67,-53.42789378124645
6622795000.0,-53.58128617520024
6627793333.33,-53.685391399466376
6632791666.67,-53.60958775217455
6637790000.0,-53.563089078764826
6642788333.33,-53.37805881732956
6647786666.67,-53.612714447094206
6652785000.0,-53.73120067538313
6657783333.33,-53.56265830723673
6662781666.67,-53.59377158269554
6667780000.0,-53.55986752126752
6672778333.33,-53.49316572449487
6677776666.67,-53.501776669273895
6682775000.0,-53.68087119682002
6687773333.33,-53.92553096415497
6692771666.67,-53.63176528684661
6697770000.0,-53.61510113096537
6702768333.33,-53.961239488278714
6707766666.67,-53.85508502644386
6712765000.0,-53.65811651464939
6717763333.33,-53.69447573752844
6722761666.67,-53.6629545644645
6727760000.0,-53.953357414254974
6732758333.33,-53.799031096903846
6737756666.67,-53.81157163917241
6742755000.0,-53.75854701993414
6747753333.33,-53.80346103013175
6752751666.67,-53.88316276899537
6757750000.0,-53.79286115548419
6762748333.33,-53.8306734321867
6767746666.67,-53.78726449985416
6772745000.0,-53.77773088472986
6777743333.33,-53.799340894860094
6782741666.67,-54.042029273878114
6787740000.0,-54.245891693252275
6792738333.33,-54.18501869571706
6797736666.67,-53.9395217794999
6802735000.0,-54.01811864746443
6807733333.33,-54.32981302381765
6812731666.67,-54.057301086211226
6817730000.0,-54.434840954609015
6822728333.33,-54.25849393305576
6827726666.67,-54.0964642771262
6832725000.0,-54.05106867607373
6837723333.33,-54.46550093009801
6842721666.67,-54.01956345510841
6847720000.0,-54.222383770149676
6852718333.33,-54.5745359710818
6857716666.67,-54.62279079567176
6862715000.0,-54.73926763953067
6867713333.33,-54.93085278010657
6872711666.67,-54.78458536925352
6877710000.0,-55.0967754728557
6882708333.33,-54.71897925801392
6887706666.67,-55.100880702473674
6892705000.0,-55.020452188222826
6897703333.33,-54.592809610271324
6902701666.67,-54.76412728178997
6907700000.0,-54.564304324286866
6912698333.33,-54.631936907892964
6917696666.67,-54.290379199368246
6922695000.0,-54.35267306096353
6927693333.33,-54.15334820058554
6932691666.67,-54.20043339098653
6937690000.0,-54.25635368323383
6942688333.33,-54.268512847002256
6947686666.67,-54.52469204361539
6952685000.0,-54.465725329652855
6957683333.33,-54.28843426608193
6962681666.67,-54.27742557537939
6967680000.0,-54.53408420536341
6972678333.33,-54.72743873585995
6977676666.67,-54.53434246517431
6982675000.0,-54.559752319785375
6987673333.33,-54.49333831220122
6992671666.67,-54.49690204946347
6997670000.0,-54.818827826093674
7002668333.33,-54.27018578463752
7007666666.67,-54.33310861809905
7012665000.0,-54.63346428946953
7017663333.33,-54.33305135553109
7022661666.67,-54.58775928929324
7027660000.0,-54.654775815683266
7032658333.33,-54.45847358568106
7037656666.67,-54.96720118163233
7042655000.0,-54.8347724538348
7047653333.33,-54.93390611857017
7052651666.67,-55.26882995675591
7057650000.0,-55.15773113422577
7062648333.33,-55.311489207435415
7067646666.67,-55.316927319149215
7072645000.0,-55.18119422040746
7077643333.33,-55.18688217281279
7082641666.67,-55.14915890912108
7087640000.0,-55.33218296152399
7092638333.33,-55.27118640716424
7097636666.67,-55.179440627481455
7102635000.0,-55.11931893091062
7107633333.33,-55.05192865516208
7112631666.67,-55.1518422885787
7117630000.0,-55.5051081428116
7122628333.33,-55.51216304737086
7127626666.67,-55.390417290115906
7132625000.0,-55.17056158094625
7137623333.33,-55.22696728623891
7142621666.67,-55.46675319786299
7147620000.0,-55.38087589673526
7152618333.33,-55.385254739459256
7157616666.67,-55.44673295092443
7162615000.0,-55.4400088285192
7167613333.33,-55.25345838076576
7172611666.67,-55.69797497422725
7177610000.0,-55.16415035044467
7182608333.33,-55.121395952429225
7187606666.67,-55.433137576496556
7192605000.0,-55.395746037487044
7197603333.33,-55.45813992091152
7202601666.67,-55.54372307420776
7207600000.0,-55.515444268322575
7212598333.33,-55.52215126897566
7217596666.67,-56.14241971825234
7222595000.0,-55.628097368436414
7227593333.33,-55.5391333872423
7232591666.67,-55.5807815517755
7237590000.0,-55.905048978151825
7242588333.33,-55.626592405902365
7247586666.67,-55.70044177653662
7252585000.0,-55.98153044042839
7257583333.33,-55.686276482559336
7262581666.67,-55.82177530912393
7267580000.0,-55.66662187739554
7272578333.33,-55.29525640498519
7277576666.67,-55.66834259183722
7282575000.0,-55.86747688872138
7287573333.33,-55.89252498774744
7292571666.67,-56.32696824618327
7297570000.0,-55.98494349946121
7302568333.33,-55.984631235734014
7307566666.67,-56.18885833959543
7312565000.0,-56.476306692700945
7317563333.33,-56.423157980687996
7322561666.67,-56.33925144644515
7327560000.0,-56.117551253549664
7332558333.33,-56.18341831604825
7337556666.67,-56.47175679730833
7342555000.0,-56.02001819338318
7347553333.33,-55.979473148384585
7352551666.67,-56.17703644894562
7357550000.0,-55.56918123459195
7362548333.33,-55.64088200847625
7367546666.67,-56.27938793485805
7372545000.0,-56.36125125267576
7377543333.33,-56.22394701590182
7382541666.67,-56.030521453117494
7387540000.0,-56.689135124230944
7392538333.33,-56.31423525238186
7397536666.67,-56.490329475834784
7402535000.0,-56.41057110095562
7407533333.33,-56.54147244512426
7412531666.67,-56.316044577749274
7417530000.0,-56.390989215346565
7422528333.33,-56.214917845437746
7427526666.67,-55.908042953041445
7432525000.0,-56.312967513083024
7437523333.33,-56.33185905774688
7442521666.67,-56.18023452505266
7447520000.0,-55.79375347049538
7452518333.33,-55.88164627505094
7457516666.67,-55.99474584489117
7462515000.0,-56.3653773945548
7467513333.33,-56.288713825645836
7472511666.67,-56.26388110736447
7477510000.0,-56.77157578773408
7482508333.33,-56.40203397381963
7487506666.67,-56.74465328214759
7492505000.0,-56.505881876820524
7497503333.33,-56.475180343652724
7502501666.67,-56.71610733254391
7507500000.0,-56.96671434010049
7512498333.33,-57.048201599528426
7517496666.67,-57.2588186281525
7522495000.0,-56.9322393809401
7527493333.33,-57.04451601238645
7532491666.67,-57.067230294365146
7537490000.0,-56.77483665567168
7542488333.33,-57.108888193463486
7547486666.67,-56.818993354859444
7552485000.0,-56.93929800082032
7557483333.33,-57.103042822886295
7562481666.67,-57.088225171306746
7567480000.0,-57.1352082038436
7572478333.33,-57.05496693222243
7577476666.67,-57.40510816170912
7582475000.0,-56.927842601253
7587473333.33,-57.40968936144037
7592471666.67,-57.022156327190345
7597470000.0,-56.927015977427196
7602468333.33,-57.00236843186521
7607466666.67,-56.523939127691946
7612465000.0,-56.88132623717415
7617463333.33,-56.70986658871952
7622461666.67,-56.95925045595307
7627460000.0,-56.73346705848892
7632458333.33,-56.93232114254936
7637456666.67,-56.90946830243669
7642455000.0,-56.80739077648898
7647453333.33,-56.974884386423625
7652451666.67,-56.40159267606439
7657450000.0,-57.11795236338788
7662448333.33,-57.05979731116819
7667446666.67,-56.868117537804096
7672445000.0,-56.736753835491626
7677443333.33,-56.75229093417613
7682441666.67,-56.314304164284366
7687440000.0,-55.95080631450894
7692438333.33,-56.480881540085775
7697436666.67,-56.58814280144461
7702435000.0,-56.4643260872029
7707433333.33,-56.25559345856612
7712431666.67,-56.02079814959775
7717430000.0,-56.543215071335794
7722428333.33,-56.303620952982186
7727426666.67,-56.58748891468538
7732425000.0,-56.818838735589
7737423333.33,-56.37138668458945
7742421666.67,-57.0207220618148
7747420000.0,-56.71213724427085
7752418333.33,-56.96602624891134
7757416666.67,-57.117972566811225
7762415000.0,-57.34143469077174
7767413333.33,-56.8995279933216
7772411666.67,-56.945576024240765
7777410000.0,-56.90527000725724
7782408333.33,-57.435502531578884
7787406666.67,-57.025409839576966
7792405000.0,-57.07123568459551
7797403333.33,-57.05830600210278
7802401666.67,-57.531359148302926
7807400000.0,-57.25313729534622
7812398333.33,-57.59253882025108
7817396666.67,-57.43383393460501
7822395000.0,-57.945540139438435
7827393333.33,-58.31111891802063
7832391666.67,-58.68022892397393
7837390000.0,-58.29856371639559
7842388333.33,-58.59703122698637
7847386666.67,-58.238767471611936
7852385000.0,-58.20298363080718
7857383333.33,-57.52298284627331
7862381666.67,-57.44342728750104
7867380000.0,-57.220642661730636
7872378333.33,-58.10827814690767
7877376666.67,-57.27145740599306
7882375000.0,-57.206367785638335
7887373333.33,-57.57417427477602
7892371666.67,-57.56121379739571
7897370000.0,-57.65093527492301
7902368333.33,-57.51093142334305
7907366666.67,-57.906409525759685
7912365000.0,-57.60989875194076
7917363333.33,-57.58470587988473
7922361666.67,-57.76708655063398
7927360000.0,-57.9338219827398
7932358333.33,-58.31818034021964
7937356666.67,-57.74294789924002
7942355000.0,-57.589290808334994
7947353333.33,-57.66689120653091
7952351666.67,-57.45178897800747
7957350000.0,-57.872978563739636
7962348333.33,-57.25559070211047
7967346666.67,-57.57745099931089
7972345000.0,-57.463400790436594
7977343333.33,-57.886394314920075
7982341666.67,-57.58070653644879
7987340000.0,-57.7616689851976
7992338333.33,-57.96365450222028
7997336666.67,-57.85618149331239
8002335000.0,-57.68905889065521
8007333333.33,-58.11598619786114
8012331666.67,-57.63474808655003
8017330000.0,-57.48910767714016
8022328333.33,-57.930514937034346
8027326666.67,-58.27672204942932
8032325000.0,-57.8721788409885
8037323333.33,-57.65376235788101
8042321666.67,-57.85481779424881
8047320000.0,-58.075798252323565
8052318333.33,-57.747594471933084
8057316666.67,-58.051572970575585
8062315000.0,-58.63532320589799
8067313333.33,-58.03578298791004
8072311666.67,-58.388344614749755
8077310000.0,-58.091554008226616
8082308333.33,-58.73471759904029
8087306666.67,-58.32803756961101
8092305000.0,-59.06223100973429
8097303333.33,-58.763343502395514
8102301666.67,-58.75667387522381
8107300000.0,-58.830816332270146
8112298333.33,-59.10759605900558
8117296666.67,-59.27713294932694
8122295000.0,-59.06709382634004
8127293333.33,-59.03482850778463
8132291666.67,-59.03283126186751
8137290000.0,-58.956961691953744
8142288333.33,-59.280368278528684
8147286666.67,-59.101493117061146
8152285000.0,-59.28202014432313
8157283333.33,-59.17027165682385
8162281666.67,-58.87186862008208
8167280000.0,-59.408663778215015
8172278333.33,-59.052319078505334
8177276666.67,-59.3727940577277
8182275000.0,-59.1573568722217
8187273333.33,-59.319008001005244
8192271666.67,-59.30582019467036
8197270000.0,-59.18970329322225
8202268333.33,-59.017549746955964
8207266666.67,-58.94343399760971
8212265000.0,-58.98972234068444
8217263333.33,-59.06437412587068
8222261666.67,-59.27136742567643
8227260000.0,-59.40662873141921
8232258333.33,-59.160018723671826
8237256666.67,-60.117945107878235
8242255000.0,-59.717931434747186
8247253333.33,-59.51402621658968
8252251666.67,-59.33272079723639
8257250000.0,-59.58418087735495
8262248333.33,-60.1647184474228
8267246666.67,-59.93572022412029
8272245000.0,-59.72681355471251
8277243333.33,-59.52350523781505
8282241666.67,-59.43413490319868
8287240000.0,-59.74449593765338
8292238333.33,-60.20829962684825
8297236666.67,-59.637767932772796
8302235000.0,-59.042613664239376
8307233333.33,-59.617547357529375
8312231666.67,-59.45520920622527
8317230000.0,-59.43296507636282
8322228333.33,-60.09472100628501
8327226666.67,-59.42777703115087
8332225000.0,-59.7876991307413
8337223333.33,-59.46522755072424
8342221666.67,-60.137904997575305
8347220000.0,-60.25411135641078
8352218333.33,-60.20717135105621
8357216666.67,-60.16479368980731
8362215000.0,-60.1830757232132
8367213333.33,-59.88848136736684
8372211666.67,-59.69341853486994
8377210000.0,-59.26085423212156
8382208333.33,-59.4681880402652
8387206666.67,-59.95972462557904
8392205000.0,-59.94600111652272
8397203333.33,-59.322414785832876
8402201666.67,-59.66433247952291
8407200000.0,-59.92422200475112
8412198333.33,-60.273381729203905
8417196666.67,-59.97973679055199
8422195000.0,-59.99302897624325
8427193333.33,-60.15105665197013
8432191666.67,-60.743573327005514
8437190000.0,-60.053767712127495
8442188333.33,-60.70976190647856
8447186666.67,-61.01295119086331
8452185000.0,-60.14735852740823
8457183333.33,-60.13687189826737
8462181666.67,-60.34800856090234
8467180000.0,-60.07983262595361
8472178333.33,-60.053564600282556
8477176666.67,-60.61566628852831
8482175000.0,-60.48329623027925
8487173333.33,-60.13367919131107
8492171666.67,-60.898268787044515
8497170000.0,-60.49511590399284
8502168333.33,-59.99335479411717
8507166666.67,-60.4131265142243
8512165000.0,-60.80272154242232
8517163333.33,-61.08015271262759
8522161666.67,-60.79388453581048
8527160000.0,-60.58381807585174
8532158333.33,-61.302449001860694
8537156666.67,-60.36177718335729
8542155000.0,-60.94452365190935
8547153333.33,-61.08311019659559
8552151666.67,-60.493050863022816
8557150000.0,-60.61185252106639
8562148333.33,-60.40955457549448
8567146666.67,-60.705204971698606
8572145000.0,-60.9701213408076
8577143333.33,-60.96893928701456
8582141666.67,-60.743943593608726
8587140000.0,-60.430067046936685
8592138333.33,-60.67968433464269
8597136666.67,-60.23376932618723
8602135000.0,-61.231427660342455
8607133333.33,-61.33709712638861
8612131666.67,-60.31025945460003
8617130000.0,-60.48124324900756
8622128333.33,-61.11067147121961
8627126666.67,-60.406803837809456
8632125000.0,-60.01029997543731
8637123333.33,-59.91625815424471
8642121666.67,-60.028428526941624
8647120000.0,-60.11249209556059
8652118333.33,-60.35893648754534
8657116666.67,-59.98644257600219
8662115000.0,-60.64473799418977
8667113333.33,-60.63115374027415
8672111666.67,-60.89547458913821
8677110000.0,-60.88141783846109
8682108333.33,-61.02226606461599
8687106666.67,-61.87516413430993
8692105000.0,-61.96016305351418
8697103333.33,-61.38428505539192
8702101666.67,-62.061675126242136
8707100000.0,-60.78151471012979
8712098333.33,-61.480112693961296
8717096666.67,-61.25930387129416
8722095000.0,-61.22215704387871
8727093333.33,-61.38881437550946
8732091666.67,-59.99739429053213
8737090000.0,-61.11604189163352
8742088333.33,-59.67879459829254
8747086666.67,-60.32940754322122
8752085000.0,-60.00987133631842
8757083333.33,-60.954911280477766
8762081666.67,-61.06055402535902
8767080000.0,-61.079650205282476
8772078333.33,-61.472842194119366
8777076666.67,-61.63463590018889
8782075000.0,-61.93836251500435
8787073333.33,-61.263725783736106
8792071666.67,-61.15535726357449
8797070000.0,-61.88474081680063
8802068333.33,-61.11589164047504
8807066666.67,-61.70407280474427
8812065000.0,-61.10827138068999
8817063333.33,-61.661254093049834
8822061666.67,-60.87566749202728
8827060000.0,-61.18014937932386
8832058333.33,-60.25811038285254
8837056666.67,-61.048520358174166
8842055000.0,-61.11185603525415
8847053333.33,-61.319359721377225
8852051666.67,-61.08237784983678
8857050000.0,-60.92547688624948
8862048333.33,-61.70529662867965
8867046666.67,-61.583748478263026
8872045000.0,-61.73871719910646
8877043333.33,-61.53610593278089
8882041666.67,-61.1089336877649
8887040000.0,-61.546527348368286
8892038333.33,-62.15532372153774
8897036666.67,-61.55818905458539
8902035000.0,-61.688827374822786
8907033333.33,-60.87069387807456
8912031666.67,-61.617443336211764
8917030000.0,-61.33992044624386
8922028333.33,-60.746431059418455
8927026666.67,-61.18189278646704
8932025000.0,-61.08800095276435
8937023333.33,-61.13229558733415
8942021666.67,-61.307588782649745
8947020000.0,-62.05445434054027
8952018333.33,-61.777166378279205
8957016666.67,-61.69347512755478
8962015000.0,-61.93045085257662
8967013333.33,-60.99926814369704
8972011666.67,-61.87349525431681
8977010000.0,-62.32793898861438
8982008333.33,-62.041023930967626
8987006666.67,-61.58881715800847
8992005000.0,-61.76679283338272
8997003333.33,-61.618315132872
9002001666.67,-61.21177840959918
9007000000.0,-61.493597560590906
9011998333.33,-61.657862851072096
9016996666.67,-62.282389689233916
9021995000.0,-61.88495554244802
9026993333.33,-61.531297641465784
9031991666.67,-61.925254063187666
9036990000.0,-62.152644661471506
9041988333.33,-61.80172085186561
9046986666.67,-61.59288461309134
9051985000.0,-61.972567235111555
9056983333.33,-62.28472454995718
9061981666.67,-62.05201975643094
9066980000.0,-62.371285086686974
9071978333.33,-61.27391605697675
9076976666.67,-60.99487106556172
9081975000.0,-61.85027722643732
9086973333.33,-61.21135871829517
9091971666.67,-61.94817067320649
9096970000.0,-61.34512883310389
9101968333.33,-61.76705622086022
9106966666.67,-61.444556031211846
9111965000.0,-61.761565677982986
9116963333.33,-61.598340774991016
9121961666.67,-61.64681987653387
9126960000.0,-61.90190608033275
9131958333.33,-62.113028128741746
9136956666.67,-62.296309800221266
9141955000.0,-62.54539126639298
9146953333.33,-62.352533310043334
9151951666.67,-62.330325546814336
9156950000.0,-61.76619733840458
9161948333.33,-63.355356198895166
9166946666.67,-62.42019214035874
9171945000.0,-62.398338211322326
9176943333.33,-63.030699674806165
9181941666.67,-62.36373264726247
9186940000.0,-63.12727658702083
9191938333.33,-62.384846397409135
9196936666.67,-62.595142095940375
9201935000.0,-62.550672606960624
9206933333.33,-62.00648150349139
9211931666.67,-62.792433688783966
9216930000.0,-62.997261534923595
9221928333.33,-63.086403918170895
9226926666.67,-62.64966371806007
9231925000.0,-62.245914074397994
9236923333.33,-62.503228038783135
9241921666.67,-63.40792840919076
9246920000.0,-63.05175709432672
9251918333.33,-62.3118899748325
9256916666.67,-63.00186989159903
9261915000.0,-61.91418719644089
9266913333.33,-62.02971968050932
9271911666.67,-62.202104101493276
9276910000.0,-62.81198911827387
9281908333.33,-63.117778983706515
9286906666.67,-63.459150631073584
9291905000.0,-62.786361925359266
9296903333.33,-62.21144741699088
9301901666.67,-61.9290364170936
9306900000.0,-62.166585716263334
9311898333.33,-62.27235751158142
9316896666.67,-62.943347430114855
9321895000.0,-61.89307389319498
9326893333.33,-62.29902430949934
9331891666.67,-61.607943845726794
9336890000.0,-61.97223846063304
9341888333.33,-61.80475988679903
9346886666.67,-61.47709143302737
9351885000.0,-62.02398774593685
9356883333.33,-61.65531826463999
9361881666.67,-62.973431181238894
9366880000.0,-61.900612689610874
9371878333.33,-62.144554353277485
9376876666.67,-62.914278668850194
9381875000.0,-62.799066285571314
9386873333.33,-62.44962368750818
9391871666.67,-61.88181236680951
9396870000.0,-62.23785548300222
9401868333.33,-62.209891497665694
9406866666.67,-62.096619300380276
9411865000.0,-61.911077330383286
9416863333.33,-62.015849621935104
9421861666.67,-61.92524791787426
9426860000.0,-62.53150214535545
9431858333.33,-62.255514516366105
9436856666.67,-61.95378950331248
9441855000.0,-62.338510694517524
9446853333.33,-62.16171723369748
9451851666.67,-62.58261196684488
9456850000.0,-62.82579642136257
9461848333.33,-63.06868267113482
9466846666.67,-63.09596303909903
9471845000.0,-62.517218995983086
9476843333.33,-62.745836030297355
9481841666.67,-62.61742834082783
9486840000.0,-62.39489156247129
9491838333.33,-62.71841681199541
9496836666.67,-62.65640260695041
9501835000.0,-62.730043348702594
9506833333.33,-62.56350764302403
9511831666.67,-62.51014912211744
9516830000.0,-62.40294746762629
9521828333.33,-62.28291786213914
9526826666.67,-62.437045674746685
9531825000.0,-62.11787347748253
9536823333.33,-62.44481315437398
9541821666.67,-62.52507348747586
9546820000.0,-62.38447551476841
9551818333.33,-62.65919462204514
9556816666.67,-63.18376956291125
9561815000.0,-63.14315741440292
9566813333.33,-62.92191358935944
9571811666.67,-62.36498194957512
9576810000.0,-61.87086086560126
9581808333.33,-62.21739881277307
9586806666.67,-62.59461473220896
9591805000.0,-62.11635495695681
9596803333.33,-62.32343342151204
9601801666.67,-62.20198495024836
9606800000.0,-61.718789458393104
9611798333.33,-61.77049608501506
9616796666.67,-61.59270252092905
9621795000.0,-62.18552628554714
9626793333.33,-62.017406789416086
9631791666.67,-61.56828789051331
9636790000.0,-62.45637999071613
9641788333.33,-62.74815863625199
9646786666.67,-62.1017198778728
9651785000.0,-61.697774457494
9656783333.33,-62.64389927703722
9661781666.67,-62.158289153235586
9666780000.0,-62.266411373841926
9671778333.33,-61.611750313786445
9676776666.67,-61.571445121478675
9681775000.0,-62.10738489147808
9686773333.33,-62.006038901982556
9691771666.67,-61.69268608540419
9696770000.0,-62.12688893466533
9701768333.33,-61.8487725866013
9706766666.67,-61.585308923708
9711765000.0,-61.877995986654064
9716763333.33,-62.83762870254263
9721761666.67,-62.294012287723426
9726760000.0,-62.898358765163096
9731758333.33,-63.79311372655025
9736756666.67,-62.857293069035606
9741755000.0,-63.135796160855165
9746753333.33,-62.17430064350441
9751751666.67,-63.25793492029377
9756750000.0,-62.58220444541845
9761748333.33,-62.36241458070545
9766746666.67,-62.68254454001149
9771745000.0,-62.04748849124752
9776743333.33,-62.159668298209326
9781741666.67,-61.79441552915862
9786740000.0,-61.94604909595931
9791738333.33,-62.710383198531716
9796736666.67,-62.20407361063678
9801735000.0,-63.05653869725867
9806733333.33,-62.50707066712221
9811731666.67,-62.377404338260014
9816730000.0,-62.585935672604755
9821728333.33,-62.751966091207194
9826726666.67,-63.43845480153242
9831725000.0,-62.74094069678576
9836723333.33,-62.92317592236827
9841721666.67,-62.349066509343956
9846720000.0,-62.37911050531052
9851718333.33,-62.834547658159096
9856716666.67,-63.03063715017035
9861715000.0,-62.0478690910132
9866713333.33,-62.48218167609272
9871711666.67,-63.183623569828
9876710000.0,-62.13713696424847
9881708333.33,-62.2696890366712
9886706666.67,-62.40814271535022
9891705000.0,-62.8787923823966
9896703333.33,-62.93414350670132
9901701666.67,-62.9592459341832
9906700000.0,-62.41905520890268
9911698333.33,-63.56008162603302
9916696666.67,-62.88489993578301
9921695000.0,-62.61227311925361
9926693333.33,-62.77175429765835
9931691666.67,-63.49295463285409
9936690000.0,-63.17626871942548
9941688333.33,-61.98992290603844
9946686666.67,-62.58343438905931
9951685000.0,-62.73767128034298
9956683333.33,-62.55930184982347
9961681666.67,-64.04516229349132
9966680000.0,-62.74258014258288
9971678333.33,-61.869715343091876
9976676666.67,-62.57787571029845
9981675000.0,-61.954874724691436
9986673333.33,-63.02372983972149
9991671666.67,-61.98513334828003
9996670000.0,-63.022180889341186
10001668333.3,-62.90016151141059
10006666666.7,-63.70986716446221
10011665000.0,-63.43235771775408
10016663333.3,-63.21328959582213
10021661666.7,-62.939474299889476
10026660000.0,-62.739228910156825
10031658333.3,-62.09021661721127
10036656666.7,-62.14036034614761
10041655000.0,-63.05768046439309
10046653333.3,-62.28782524066989
10051651666.7,-63.01646479418724
10056650000.0,-62.39893818545093
10061648333.3,-62.92611033012002
10066646666.7,-62.63334024767577
10071645000.0,-63.54850175851165
10076643333.3,-63.172286583224135
10081641666.7,-63.29593684691734
10086640000.0,-62.957081851138305
10091638333.3,-63.20626220757913
10096636666.7,-63.70457665961854
10101635000.0,-62.605731476867874
10106633333.3,-62.668665213969525
10111631666.7,-63.21009735002016
10116630000.0,-64.17068166421467
10121628333.3,-63.28061033189886
10126626666.7,-63.03573578318361
10131625000.0,-63.40253858973903
10136623333.3,-63.986897299980896
10141621666.7,-63.07357206440342
10146620000.0,-63.1898495823577
10151618333.3,-63.75611675570849
10156616666.7,-63.71325582113094
10161615000.0,-62.77167927105786
10166613333.3,-63.66256298990845
10171611666.7,-64.07411319522572
10176610000.0,-63.69031802262505
10181608333.3,-64.01787179443724
10186606666.7,-63.49475948902171
10191605000.0,-63.97505731857451
10196603333.3,-63.59887251784497
10201601666.7,-63.51693178171364
10206600000.0,-62.85566045226845
10211598333.3,-62.803730256104345
10216596666.7,-63.01990594984755
10221595000.0,-62.54216256568135
10226593333.3,-63.35544997757752
10231591666.7,-63.46898628068382
10236590000.0,-63.819539103321844
10241588333.3,-63.314221716916805
10246586666.7,-62.52547315962924
10251585000.0,-63.769295838745286
10256583333.3,-63.40070607879785
10261581666.7,-63.015129252420685
10266580000.0,-63.520897473882016
10271578333.3,-62.86587284777848
10276576666.7,-63.09581192580734
10281575000.0,-63.274840226465386
10286573333.3,-62.23792491728929
10291571666.7,-63.12285841960548
10296570000.0,-62.80404429869344
10301568333.3,-63.877642770868306
10306566666.7,-62.665716946372285
10311565000.0,-63.578936309717506
10316563333.3,-62.987785701999016
10321561666.7,-62.72462059260489
10326560000.0,-63.2775477340347
10331558333.3,-63.152651525171464
10336556666.7,-63.183671880756116
10341555000.0,-63.12304365476162
10346553333.3,-63.09552703119594
10351551666.7,-63.49376878153311
10356550000.0,-63.244198895041386
10361548333.3,-63.515123919696734
10366546666.7,-62.31560255643019
10371545000.0,-62.778054713344076
10376543333.3,-62.65083101515907
10381541666.7,-63.52868497093419
10386540000.0,-63.64694556308948
10391538333.3,-62.22521721502388
10396536666.7,-62.34024035638932
10401535000.0,-63.4849239277516
10406533333.3,-62.39895847635175
10411531666.7,-62.85240446700439
10416530000.0,-63.38195319158768
10421528333.3,-63.40874242051123
10426526666.7,-63.03372186724851
10431525000.0,-64.18222731933886
10436523333.3,-62.866747321291655
10441521666.7,-63.11342683936242
10446520000.0,-63.00445196775013
10451518333.3,-62.13913659042177
10456516666.7,-63.19327985243988
10461515000.0,-63.61960144529266
10466513333.3,-63.12528606635145
10471511666.7,-63.30381578526467
10476510000.0,-62.79199405840779
10481508333.3,-63.553373612368475
10486506666.7,-63.031475993856006
10491505000.0,-63.30270792863543
10496503333.3,-63.53348616831724
10501501666.7,-62.6997130584312
10506500000.0,-63.14836534305445
10511498333.3,-64.02777876335985
10516496666.7,-63.2539529617913
10521495000.0,-63.801126290833885
10526493333.3,-63.47780185053892
10531491666.7,-62.80029503086101
10536490000.0,-62.9652063355543
10541488333.3,-62.784077248861216
10546486666.7,-63.23667465300559
10551485000.0,-63.0575163295545
10556483333.3,-62.512806333116345
10561481666.7,-63.58363925306722
10566480000.0,-63.09552240011425
10571478333.3,-62.809040742030795
10576476666.7,-63.14457172360285
10581475000.0,-63.495932732711125
10586473333.3,-63.56142385486727
10591471666.7,-62.605536860151275
10596470000.0,-63.43716462922886
10601468333.3,-63.025984825062444
10606466666.7,-62.81329820651118
10611465000.0,-63.37118281296554
10616463333.3,-63.4034789079182
10621461666.7,-62.785177494656644
10626460000.0,-62.08107670138589
10631458333.3,-63.650576608254795
10636456666.7,-62.82683527719339
10641455000.0,-62.92249168409597
10646453333.3,-62.83679752376011
10651451666.7,-63.0901639285523
10656450000.0,-64.39625486001856
10661448333.3,-63.71364581257214
10666446666.7,-63.05132368643741
10671445000.0,-62.84488966904987
10676443333.3,-63.304552398187525
10681441666.7,-63.571096214820244
10686440000.0,-63.505189960284
10691438333.3,-64.19203243628772
10696436666.7,-63.510057211829356
10701435000.0,-63.81918644702221
10706433333.3,-62.83497706530888
10711431666.7,-62.72528265289389
10716430000.0,-63.2395503771506
10721428333.3,-62.75567867503521
10726426666.7,-63.03427045457771
10731425000.0,-62.954705475767405
10736423333.3,-62.31861729001504
10741421666.7,-62.67340163492295
10746420000.0,-63.18327167835712
10751418333.3,-62.64905870885569
10756416666.7,-63.44611767879812
10761415000.0,-63.90955480016794
10766413333.3,-63.81845515144186
10771411666.7,-63.63533107474155
10776410000.0,-63.72395928479854
10781408333.3,-64.46542370373783
10786406666.7,-63.78826952988244
10791405000.0,-63.64556011700707
10796403333.3,-63.407423494366654
10801401666.7,-63.89477155811161
10806400000.0,-63.067799498142165
10811398333.3,-63.752242370536536
10816396666.7,-63.394060279152036
10821395000.0,-63.37257450910588
10826393333.3,-62.86624578188161
10831391666.7,-63.289717202361466
10836390000.0,-63.38703672816979
10841388333.3,-64.16782817070775
10846386666.7,-63.85199494404201
10851385000.0,-64.26762847032727
10856383333.3,-64.80146686273612
10861381666.7,-64.23460997461939
10866380000.0,-63.80491192235293
10871378333.3,-64.46796603299231
10876376666.7,-64.54757275460656
10881375000.0,-64.56229911523275
10886373333.3,-64.16788970320755
10891371666.7,-63.80825571699988
10896370000.0,-63.9672843285284
10901368333.3,-63.95014862494718
10906366666.7,-64.00723885821766
10911365000.0,-63.67778702119136
10916363333.3,-63.266453801368144
10921361666.7,-63.06220343710255
10926360000.0,-62.92104227618744
10931358333.3,-63.756506441804994
10936356666.7,-63.36715312488859
10941355000.0,-63.223649530542986
10946353333.3,-64.06130923171753
10951351666.7,-63.5021244687795
10956350000.0,-63.380489582219745
10961348333.3,-63.039759069262956
10966346666.7,-64.06178472564395
10971345000.0,-63.84783452297362
10976343333.3,-63.07096573527984
10981341666.7,-63.38874206615501
10986340000.0,-63.05565061956578
10991338333.3,-62.986088519495325
10996336666.7,-63.432345285238455
11001335000.0,-62.862000941175005
11006333333.3,-63.61241653671179
11011331666.7,-63.09100984264436
11016330000.0,-63.1516422376023
11021328333.3,-63.50546062966123
11026326666.7,-63.709145370069756
11031325000.0,-63.37192449868211
11036323333.3,-63.600693623459705
11041321666.7,-64.54720873599713
11046320000.0,-63.40187871684936
11051318333.3,-63.45323145147993
11056316666.7,-64.02774622169964
11061315000.0,-63.13724948652215
11066313333.3,-63.8982040840915
11071311666.7,-63.115593035609294
11076310000.0,-63.71874054058331
11081308333.3,-63.879751845328286
11086306666.7,-64.25904407499667
11091305000.0,-63.66383838825014
11096303333.3,-63.74516403874351
11101301666.7,-63.86979481637991
11106300000.0,-64.10255492500718
11111298333.3,-64.44906986343211
11116296666.7,-64.3799763479656
11121295000.0,-63.73697861452767
11126293333.3,-64.06232081418213
11131291666.7,-64.62662093226608
11136290000.0,-64.00196660353684
11141288333.3,-64.31572955424939
11146286666.7,-64.04017833185046
11151285000.0,-63.9591266646778
11156283333.3,-64.53907962133069
11161281666.7,-63.478174497779456
11166280000.0,-64.40635137843375
11171278333.3,-63.96195823992096
11176276666.7,-64.48798357139572
11181275000.0,-63.727541183855514
11186273333.3,-64.67014041933449
11191271666.7,-65.05346867789653
11196270000.0,-64.08801931637306
11201268333.3,-64.07944271739679
11206266666.7,-64.11073721855283
11211265000.0,-64.10659535654376
11216263333.3,-63.84357354637635
11221261666.7,-64.64158345724651
11226260000.0,-63.86485954654268
11231258333.3,-63.713066137372614
11236256666.7,-63.33720856111696
11241255000.0,-63.539406945359566
11246253333.3,-63.67982086709543
11251251666.7,-63.64458689280532
11256250000.0,-63.05873780790609
11261248333.3,-63.420755038159484
11266246666.7,-63.12073035020007
11271245000.0,-63.26641043273311
11276243333.3,-63.71175233161975
11281241666.7,-63.80278112827418
11286240000.0,-62.832297805598145
11291238333.3,-62.86415289471347
11296236666.7,-63.88718422620174
11301235000.0,-63.558616696658774
11306233333.3,-63.153836379313184
11311231666.7,-63.442845503965906
11316230000.0,-62.4797385939157
11321228333.3,-63.565147478778236
11326226666.7,-63.347327566648744
11331225000.0,-63.075855627999
11336223333.3,-63.17266520513326
11341221666.7,-62.55342787055344
11346220000.0,-63.62819808598526
11351218333.3,-63.24835002820055
11356216666.7,-63.32776198120836
11361215000.0,-63.39931740708963
11366213333.3,-63.06160700093609
11371211666.7,-63.5247200803516
11376210000.0,-63.427555622974154
11381208333.3,-63.747706683725845
11386206666.7,-63.16373464377187
11391205000.0,-63.42031360125718
11396203333.3,-63.381208199181174
11401201666.7,-63.73571371151457
11406200000.0,-63.18969766767225
11411198333.3,-63.3701522238161
11416196666.7,-63.65820975583118
11421195000.0,-63.76565858800291
11426193333.3,-64.04226381404193
11431191666.7,-62.88579764382995
11436190000.0,-63.345649862135176
11441188333.3,-63.410530198735856
11446186666.7,-63.44269396787999
11451185000.0,-63.64092698838135
11456183333.3,-63.107840317095395
11461181666.7,-63.141878421114484
11466180000.0,-63.947226373694434
11471178333.3,-64.22245536883229
11476176666.7,-63.432618837540076
11481175000.0,-62.85654327380939
11486173333.3,-63.17508871924875
11491171666.7,-62.78148827941941
11496170000.0,-63.08154995130515
11501168333.3,-63.775235153981924
11506166666.7,-64.55359978403874
11511165000.0,-62.68968673507607
11516163333.3,-63.17789304074096
11521161666.7,-62.45481543069228
11526160000.0,-64.1589989347034
11531158333.3,-63.757203833564375
11536156666.7,-63.624360198833045
11541155000.0,-64.13199091148353
11546153333.3,-63.14594623178414
11551151666.7,-64.04230918269819
11556150000.0,-63.701143539427136
11561148333.3,-63.59370584175637
11566146666.7,-63.25112710128809
11571145000.0,-63.06635211860921
11576143333.3,-63.264554551587
11581141666.7,-62.64067602082143
11586140000.0,-62.15929888530866
11591138333.3,-63.69394315245029
11596136666.7,-62.833550902328966
11601135000.0,-63.33789370330003
11606133333.3,-63.16582213918401
11611131666.7,-62.672364006655734
11616130000.0,-62.73221612127891
11621128333.3,-63.00827267677115
11626126666.7,-62.493075656899684
11631125000.0,-63.138161378900165
11636123333.3,-63.49670275842986
11641121666.7,-63.1933738838105
11646120000.0,-63.49389399714707
11651118333.3,-63.691377876155784
11656116666.7,-62.75148063509191
11661115000.0,-63.37836491245736
11666113333.3,-62.71638621027315
11671111666.7,-62.03526974506182
11676110000.0,-62.76192018252207
11681108333.3,-63.13339349686209
11686106666.7,-62.8249479161837
11691105000.0,-63.33097170480586
11696103333.3,-63.16272316584108
11701101666.7,-63.18012213014712
11706100000.0,-62.41665764140666
11711098333.3,-63.40746510891971
11716096666.7,-62.67010994958171
11721095000.0,-62.956832582976325
11726093333.3,-62.997934988696315
11731091666.7,-63.94873367634811
11736090000.0,-64.56527316190662
11741088333.3,-63.319624338554384
11746086666.7,-63.437797781715574
11751085000.0,-63.58046837369959
11756083333.3,-62.85452682159551
11761081666.7,-62.25511254541318
11766080000.0,-62.1234970034149
11771078333.3,-62.43725232854736
11776076666.7,-62.473296439759885
11781075000.0,-62.99148134611126
11786073333.3,-62.85662206293286
11791071666.7,-62.937678326254265
11796070000.0,-62.612271474752106
11801068333.3,-63.820819198738185
11806066666.7,-63.18707197156375
11811065000.0,-63.86191481105154
11816063333.3,-63.37227560140324
11821061666.7,-63.84495222423933
11826060000.0,-63.513274096746414
11831058333.3,-62.947466767713124
11836056666.7,-63.51836620655008
11841055000.0,-63.09177344639805
11846053333.3,-63.43373737501821
11851051666.7,-62.41986071322963
11856050000.0,-62.00227645853002
11861048333.3,-62.43575985553933
11866046666.7,-62.81236280132173
11871045000.0,-62.897940605009
11876043333.3,-62.64152113191245
11881041666.7,-63.31754119288404
11886040000.0,-63.51289015011801
11891038333.3,-63.62274410601751
11896036666.7,-63.04839083538927
11901035000.0,-63.51782130195232
11906033333.3,-62.81166424383291
11911031666.7,-63.86131418658354
11916030000.0,-63.35752247462771
11921028333.3,-63.6652978309298
11926026666.7,-62.64876619356559
11931025000.0,-63.005159683934835
11936023333.3,-62.937345282567506
11941021666.7,-62.39371424711399
11946020000.0,-62.76262680210256
11951018333.3,-62.96501804165955
11956016666.7,-63.06102191721508
11961015000.0,-63.97146278528961
11966013333.3,-62.79774278960434
11971011666.7,-63.47438067903479
11976010000.0,-63.806792042552516
11981008333.3,-63.10335469167511
11986006666.7,-62.59033933518212
11991005000.0,-63.23669019969018
11996003333.3,-63.09675786605557
12001001666.7,-63.059638581719454
12006000000.0,-62.65650848000553
12010998333.3,-62.17665212009864
12015996666.7,-62.601422506278944
12020995000.0,-62.448733309758204
12025993333.3,-62.19923428893057
12030991666.7,-62.40152338211207
12035990000.0,-61.93099431435443
12040988333.3,-62.34646979921493
12045986666.7,-63.03738760273263
12050985000.0,-63.25447213697912
12055983333.3,-62.43921856393028
12060981666.7,-61.86732999495934
12065980000.0,-62.31738293278901
12070978333.3,-62.644420307231215
12075976666.7,-62.684900040803356
12080975000.0,-62.3254525902198
12085973333.3,-61.627797272425695
12090971666.7,-61.85193270000465
12095970000.0,-61.58828193387964
12100968333.3,-62.96089588145283
12105966666.7,-61.72581964789408
12110965000.0,-61.471574939976435
12115963333.3,-62.5961302276999
12120961666.7,-62.336143634489545
12125960000.0,-62.415818553372006
12130958333.3,-62.29328417884149
12135956666.7,-62.237648555310656
12140955000.0,-62.273454724410485
12145953333.3,-63.029867937150385
12150951666.7,-62.92541656751598
12155950000.0,-63.06525719094603
12160948333.3,-62.98025857040238
12165946666.7,-62.74170508963757
12170945000.0,-62.6536222109027
12175943333.3,-62.91940075747307
12180941666.7,-62.5935689386468
12185940000.0,-62.98570014996507
12190938333.3,-62.14526386251662
12195936666.7,-62.08581613645654
12200935000.0,-62.589410854935686
12205933333.3,-62.11892872109151
12210931666.7,-62.49438089599721
12215930000.0,-62.203852146373706
12220928333.3,-62.297475515949316
12225926666.7,-61.992666625588704
12230925000.0,-62.349420855294426
12235923333.3,-62.86427864587957
12240921666.7,-62.72341068575935
12245920000.0,-63.08248526701051
12250918333.3,-62.281139811873665
12255916666.7,-62.5848047425181
12260915000.0,-62.565732094775086
12265913333.3,-62.73351309650201
12270911666.7,-61.85471570458845
12275910000.0,-62.19753521474419
12280908333.3,-62.00262763465149
12285906666.7,-62.22597755778777
12290905000.0,-62.70392175815957
12295903333.3,-62.001571432180064
12300901666.7,-62.08715472048621
12305900000.0,-62.06678988403667
12310898333.3,-61.78612239903123
12315896666.7,-61.88557670689309
12320895000.0,-61.82703473108229
12325893333.3,-62.15189351117597
12330891666.7,-62.035711106211515
12335890000.0,-61.64764976890355
12340888333.3,-61.68667140067062
12345886666.7,-62.22204187738869
12350885000.0,-61.19403099569815
12355883333.3,-60.93017095214887
12360881666.7,-60.925738725873
12365880000.0,-61.057409380014704
12370878333.3,-61.463655490566865
12375876666.7,-61.006943204576615
12380875000.0,-61.50844966936689
12385873333.3,-61.88608680727771
12390871666.7,-61.8888019610001
12395870000.0,-62.11721773722854
12400868333.3,-61.46263742001415
12405866666.7,-61.69645462947991
12410865000.0,-62.2618419464045
12415863333.3,-62.19830169210923
12420861666.7,-61.588999627457056
12425860000.0,-61.55448646053366
12430858333.3,-62.32480939807074
12435856666.7,-61.716115179852125
12440855000.0,-61.86665548666109
12445853333.3,-61.25364664096963
12450851666.7,-61.68559872307909
12455850000.0,-61.622910893678565
12460848333.3,-61.48160116663797
12465846666.7,-62.07695882562628
12470845000.0,-61.69079824949945
12475843333.3,-62.30508174781251
12480841666.7,-62.207087053320194
12485840000.0,-62.38623170283933
12490838333.3,-62.67153715104711
12495836666.7,-62.34582005458769
12500835000.0,-63.63955098537916
12505833333.3,-63.05110230768817
12510831666.7,-62.66053048257681
12515830000.0,-61.93186564790832
12520828333.3,-62.92052042090372
12525826666.7,-63.00211091877028
12530825000.0,-63.13384535634948
12535823333.3,-63.042530037246536
12540821666.7,-62.54013948674842
12545820000.0,-62.74634683041774
12550818333.3,-63.17283608009147
12555816666.7,-61.86624771690014
12560815000.0,-62.71516972032505
12565813333.3,-63.12266401607406
12570811666.7,-62.549217252435234
12575810000.0,-63.053670470123684
12580808333.3,-63.12163860991368
12585806666.7,-63.09128672522313
12590805000.0,-62.50489886377249
12595803333.3,-62.79617565490014
12600801666.7,-62.65711645322469
12605800000.0,-62.15194005195439
12610798333.3,-62.043783002875976
12615796666.7,-62.951436994521835
12620795000.0,-62.567195743485755
12625793333.3,-61.58663832590985
12630791666.7,-61.88884156289898
12635790000.0,-62.47707720215992
12640788333.3,-61.05631420567653
12645786666.7,-62.125393008211745
12650785000.0,-62.32392069013648
12655783333.3,-62.345536701344635
12660781666.7,-62.302230564986516
12665780000.0,-62.77850938963
12670778333.3,-63.18441216499457
12675776666.7,-62.4187008353935
12680775000.0,-62.70935143702842
12685773333.3,-62.77416999660385
12690771666.7,-62.175184508635375
12695770000.0,-62.2789955901688
12700768333.3,-62.12642029533019
12705766666.7,-62.06530431755937
12710765000.0,-61.80364498572243
12715763333.3,-62.62821491409952
12720761666.7,-62.076437389496505
12725760000.0,-62.68650116501342
12730758333.3,-62.19991895111954
12735756666.7,-62.62066077932309
12740755000.0,-62.726992814258836
12745753333.3,-62.28265775295785
12750751666.7,-63.246872769381135
12755750000.0,-63.0561683633136
12760748333.3,-62.7715834644249
12765746666.7,-62.50420322031064
12770745000.0,-62.85183524370028
12775743333.3,-62.85166581031809
12780741666.7,-62.666643683020844
12785740000.0,-62.77653207428714
12790738333.3,-61.87602917745534
12795736666.7,-62.80482033674801
12800735000.0,-62.14629989658623
12805733333.3,-62.90549181419173
12810731666.7,-62.72787261033802
12815730000.0,-62.47951201558276
12820728333.3,-62.860855045255015
12825726666.7,-64.07359802482615
12830725000.0,-62.63805139968578
12835723333.3,-62.18519423996404
12840721666.7,-62.60781157594651
12845720000.0,-62.91367622779873
12850718333.3,-63.28992636079012
12855716666.7,-63.47276544475719
12860715000.0,-62.972810046532445
12865713333.3,-63.18107576077552
12870711666.7,-62.95725003891305
12875710000.0,-62.59939116568625
12880708333.3,-62.477391009752736
12885706666.7,-62.29523611911742
12890705000.0,-62.96729957191859
12895703333.3,-62.920923220735226
12900701666.7,-62.79132265806722
12905700000.0,-63.07966737409315
12910698333.3,-62.33517299416066
12915696666.7,-61.79079207490594
12920695000.0,-62.726269099584286
12925693333.3,-62.78769465927119
12930691666.7,-62.90000089596844
12935690000.0,-62.210311602100816
12940688333.3,-62.24028041246943
12945686666.7,-62.394018100696904
12950685000.0,-62.61910465523825
12955683333.3,-62.46385829571756
12960681666.7,-62.67681382234709
12965680000.0,-62.6757200812655
12970678333.3,-62.489369046071275
12975676666.7,-62.11962499108167
12980675000.0,-62.823055343601304
12985673333.3,-62.70743858951941
12990671666.7,-62.7407550121368
12995670000.0,-62.863232926671145
13000668333.3,-63.16069402306674
13005666666.7,-63.478362896887006
13010665000.0,-62.92574221602854
13015663333.3,-63.20202939642006
13020661666.7,-63.08686210558261
13025660000.0,-63.203066019399124
13030658333.3,-62.45351991132846
13035656666.7,-62.14237263421782
13040655000.0,-61.86931546642174
13045653333.3,-62.4084429389043
13050651666.7,-62.5105213772808
13055650000.0,-62.02637567245758
13060648333.3,-62.02341956388488
13065646666.7,-62.85279537131599
13070645000.0,-61.78740369573447
13075643333.3,-62.32646376653882
13080641666.7,-62.49258675390376
13085640000.0,-62.41635869258097
13090638333.3,-63.123854491968494
13095636666.7,-62.11106130643971
13100635000.0,-62.166912203890526
13105633333.3,-62.311966522221674
13110631666.7,-62.02467684913727
13115630000.0,-62.24224717687104
13120628333.3,-62.51083760213453
13125626666.7,-62.35639643680741
13130625000.0,-62.739451210314215
13135623333.3,-61.83895784731084
13140621666.7,-62.35372173412372
13145620000.0,-62.548107376586756
13150618333.3,-62.23948919554922
13155616666.7,-62.26684543929877
13160615000.0,-61.779390268056815
13165613333.3,-62.435339461128834
13170611666.7,-61.823609132983904
13175610000.0,-62.340782040567106
13180608333.3,-63.057398348102794
13185606666.7,-62.28477708108785
13190605000.0,-62.09446967212391
13195603333.3,-62.22292617536959
13200601666.7,-61.53180505863573
13205600000.0,-62.072086267608874
13210598333.3,-62.505847075617936
13215596666.7,-62.2939604418054
13220595000.0,-62.50576249298355
13225593333.3,-61.84875284370972
13230591666.7,-62.20099084691193
13235590000.0,-61.52892510565544
13240588333.3,-62.62472462078027
13245586666.7,-61.7305925737164
13250585000.0,-61.68320437469215
13255583333.3,-62.3287470394589
13260581666.7,-63.16641571619634
13265580000.0,-62.727319107812974
13270578333.3,-62.41635575238555
13275576666.7,-62.536697662768425
13280575000.0,-62.31888067393602
13285573333.3,-61.91952892714433
13290571666.7,-62.583463184639506
13295570000.0,-62.68072372442958
13300568333.3,-61.89487223100681
13305566666.7,-62.21188332824495
13310565000.0,-62.37948556651811
13315563333.3,-63.092065184996315
13320561666.7,-62.24545257986784
13325560000.0,-62.23196736971647
13330558333.3,-63.17138419401856
13335556666.7,-62.30972149623638
13340555000.0,-62.18445924085418
13345553333.3,-62.47476000591308
13350551666.7,-62.813299469923756
13355550000.0,-62.99741056381486
13360548333.3,-62.769934894995885
13365546666.7,-62.77148377387331
13370545000.0,-62.18433341033027
13375543333.3,-62.35470971793616
13380541666.7,-62.12959062977751
13385540000.0,-62.24063752783912
13390538333.3,-62.865033158830514
13395536666.7,-61.65330479056546
13400535000.0,-62.32152018397179
13405533333.3,-61.49607793285402
13410531666.7,-61.533290861255196
13415530000.0,-62.32581776479058
13420528333.3,-61.966491075486125
13425526666.7,-62.07377211505222
13430525000.0,-62.68063862755142
13435523333.3,-61.81146079551195
13440521666.7,-62.42336655411744
13445520000.0,-61.883502610353396
13450518333.3,-61.99935293858885
13455516666.7,-61.857580082878016
13460515000.0,-62.719497706061205
13465513333.3,-62.48755293868086
13470511666.7,-62.09658426714454
13475510000.0,-62.59269095478018
13480508333.3,-62.98958034116631
13485506666.7,-61.62771282678804
13490505000.0,-61.60029152269061
13495503333.3,-62.22566172513679
13500501666.7,-62.49106766028806
13505500000.0,-62.35800695346042
13510498333.3,-62.00598720649304
13515496666.7,-62.30801585257918
13520495000.0,-62.93805597246195
13525493333.3,-62.849932643097226
13530491666.7,-62.56774504257262
13535490000.0,-62.30820142990564
13540488333.3,-62.53378317029138
13545486666.7,-62.34239773719932
13550485000.0,-62.8097945846188
13555483333.3,-62.79907767055463
13560481666.7,-62.55928777369223
13565480000.0,-63.53500911040072
13570478333.3,-62.506043646847935
13575476666.7,-62.521855097517395
13580475000.0,-63.459450965560734
13585473333.3,-62.26208223265829
13590471666.7,-63.33008067480358
13595470000.0,-63.66810298107918
13600468333.3,-64.4799454673632
13605466666.7,-62.555079120370095
13610465000.0,-63.798409796524666
13615463333.3,-63.03613194217295
13620461666.7,-64.16545646697203
13625460000.0,-63.855271235970854
13630458333.3,-62.752442745324466
13635456666.7,-63.511531766269236
13640455000.0,-62.45501663022729
13645453333.3,-63.81845292665825
13650451666.7,-62.72775629110151
13655450000.0,-63.072498189310295
13660448333.3,-62.98728137227539
13665446666.7,-62.57438766845726
13670445000.0,-62.50710461810945
13675443333.3,-62.942917648060124
13680441666.7,-62.2200637620029
13685440000.0,-62.88237500996702
13690438333.3,-62.84515007745302
13695436666.7,-62.80827620263308
13700435000.0,-62.503530034660464
13705433333.3,-62.83576249438877
13710431666.7,-62.73978851656128
13715430000.0,-62.3969707694833
13720428333.3,-62.13976032664305
13725426666.7,-62.40231115675789
13730425000.0,-61.80653921908209
13735423333.3,-62.53466040561628
13740421666.7,-62.99564697585499
13745420000.0,-61.9322921937644
13750418333.3,-62.327985765123074
13755416666.7,-62.42802509905546
13760415000.0,-62.13261972528728
13765413333.3,-62.0047378614452
13770411666.7,-62.753573620878015
13775410000.0,-61.989396147508806
13780408333.3,-62.50121910667041
13785406666.7,-63.054653956812736
13790405000.0,-63.40970241585943
13795403333.3,-63.412767322844694
13800401666.7,-62.35558243687379
13805400000.0,-62.97350714070915
13810398333.3,-62.96275074690355
13815396666.7,-62.24501396401713
13820395000.0,-62.94546910966085
13825393333.3,-62.77159901320992
13830391666.7,-63.63141679819299
13835390000.0,-62.73229777517291
13840388333.3,-63.37583763967288
13845386666.7,-62.53143856651832
13850385000.0,-62.87110016845401
13855383333.3,-62.25365666136702
13860381666.7,-63.09247119656714
13865380000.0,-63.00394927299055
13870378333.3,-62.990794425008275
13875376666.7,-63.106401575550635
13880375000.0,-62.57545794056733
13885373333.3,-62.63955506500481
13890371666.7,-62.35519775768378
13895370000.0,-63.175230571517204
13900368333.3,-63.06023494285896
13905366666.7,-62.737258012139215
13910365000.0,-62.584088546802064
13915363333.3,-62.8584659006535
13920361666.7,-62.77325161002964
13925360000.0,-62.68547078590403
13930358333.3,-62.011033100407104
13935356666.7,-62.05771106509445
13940355000.0,-63.477682625973735
13945353333.3,-62.350807281986526
13950351666.7,-62.27695329249193
13955350000.0,-62.54831551531332
13960348333.3,-62.789283872195824
13965346666.7,-62.243299329395676
13970345000.0,-62.29692947185872
13975343333.3,-62.16220891974588
13980341666.7,-62.30395115373903
13985340000.0,-62.67001854582205
13990338333.3,-63.313413129078846
13995336666.7,-61.640388447384424
14000335000.0,-61.391846067184446
14005333333.3,-61.98451838700758
14010331666.7,-61.66350049923523
14015330000.0,-61.81123023756236
14020328333.3,-62.16583924613416
14025326666.7,-62.40884726074232
14030325000.0,-62.21188895938017
14035323333.3,-62.07213700367336
14040321666.7,-62.280569670893314
14045320000.0,-61.816780001147116
14050318333.3,-61.38229273384261
14055316666.7,-61.41074230406694
14060315000.0,-61.7587845365816
14065313333.3,-61.239304531798325
14070311666.7,-61.75910578839216
14075310000.0,-61.785223912231714
14080308333.3,-61.94567755226349
14085306666.7,-61.92063473306241
14090305000.0,-62.23743506709552
14095303333.3,-61.54964671476701
14100301666.7,-62.00152057424282
14105300000.0,-62.218401233058984
14110298333.3,-62.824020463513506
14115296666.7,-62.00150102693922
14120295000.0,-62.577248267957145
14125293333.3,-62.386668324492014
14130291666.7,-61.11848076355155
14135290000.0,-62.43770705169054
14140288333.3,-62.06579201924419
14145286666.7,-62.18422709195384
14150285000.0,-62.572813929711934
14155283333.3,-61.49612517947681
14160281666.7,-62.08664534615654
14165280000.0,-62.60816737072738
14170278333.3,-61.772674869586666
14175276666.7,-61.94617903181252
14180275000.0,-61.525033267022465
14185273333.3,-62.203841613900394
14190271666.7,-62.931701914308
14195270000.0,-62.587318916082744
14200268333.3,-62.367716068499405
14205266666.7,-62.35768842394084
14210265000.0,-61.62309768638466
14215263333.3,-61.99502448984238
14220261666.7,-61.90474583830053
14225260000.0,-62.22626338488054
14230258333.3,-62.48299441864685
14235256666.7,-62.31249980196685
14240255000.0,-61.23378703829636
14245253333.3,-61.881413317367794
14250251666.7,-62.112176380794224
14255250000.0,-62.555965333041044
14260248333.3,-62.38305908400629
14265246666.7,-61.792920130290355
14270245000.0,-62.352281121717226
14275243333.3,-62.26871594234467
14280241666.7,-63.061704590206745
14285240000.0,-62.40489865330875
14290238333.3,-63.21930358702449
14295236666.7,-62.54571728532067
14300235000.0,-62.76310565770781
14305233333.3,-62.062063787975305
14310231666.7,-62.593934178450084
14315230000.0,-62.41684113406768
14320228333.3,-62.95669977392948
14325226666.7,-61.924221933304196
14330225000.0,-61.656427475929114
14335223333.3,-61.73976722117335
14340221666.7,-61.8318077062895
14345220000.0,-63.07266330757614
14350218333.3,-61.8667458459712
14355216666.7,-61.80344286353445
14360215000.0,-61.74491792342508
14365213333.3,-62.14901792311533
14370211666.7,-61.6766133945639
14375210000.0,-62.61713818867402
14380208333.3,-61.755344466946156
14385206666.7,-62.243330238905116
14390205000.0,-62.154835837409536
14395203333.3,-61.785499688825716
14400201666.7,-61.85956919888915
14405200000.0,-62.55670031904033
14410198333.3,-61.38605090958012
14415196666.7,-62.10909838695898
14420195000.0,-62.13484357110332
14425193333.3,-62.402372285344256
14430191666.7,-61.87828236938577
14435190000.0,-61.586950629604885
14440188333.3,-61.729017729171716
14445186666.7,-62.767488753262825
14450185000.0,-62.12438722577942
14455183333.3,-62.08715222163146
14460181666.7,-62.95490729283054
14465180000.0,-61.932031708586344
14470178333.3,-63.286725856475236
14475176666.7,-62.9586680309604
14480175000.0,-62.21297072690337
14485173333.3,-62.8350380421963
14490171666.7,-63.02152796192897
14495170000.0,-62.7435960319082
14500168333.3,-62.305452700179664
14505166666.7,-62.37708214728984
14510165000.0,-62.56727271359026
14515163333.3,-62.04905567519652
14520161666.7,-62.54951418357692
14525160000.0,-62.343915348887144
14530158333.3,-62.57111177687557
14535156666.7,-62.57547843756966
14540155000.0,-63.227586972653256
14545153333.3,-62.960862217631814
14550151666.7,-62.99237155146878
14555150000.0,-64.23806405960912
14560148333.3,-63.70625426829979
14565146666.7,-63.35526178143024
14570145000.0,-63.2188193987836
14575143333.3,-63.099020761411275
14580141666.7,-64.09668668673875
14585140000.0,-63.86128208401726
14590138333.3,-62.5747869727169
14595136666.7,-62.73092921384385
14600135000.0,-63.1083448216603
14605133333.3,-63.614154067833375
14610131666.7,-63.14538637680333
14615130000.0,-62.23128489754306
14620128333.3,-62.87241773148877
14625126666.7,-62.58902966711091
14630125000.0,-63.12577906347239
14635123333.3,-62.789473116184816
14640121666.7,-62.24125286685955
14645120000.0,-62.33167823659521
14650118333.3,-62.857688418328515
14655116666.7,-62.84731771299174
14660115000.0,-62.2375455040158
14665113333.3,-62.08598118186081
14670111666.7,-62.68916025316901
14675110000.0,-63.49253084810386
14680108333.3,-62.682975215245875
14685106666.7,-62.02533770329927
14690105000.0,-62.71756341190772
14695103333.3,-61.945811487212374
14700101666.7,-62.833131674170495
14705100000.0,-63.08691521003598
14710098333.3,-62.61144987911936
14715096666.7,-62.830522454534766
14720095000.0,-63.4536148779583
14725093333.3,-62.363424022655536
14730091666.7,-62.94870801283025
14735090000.0,-61.79884100651445
14740088333.3,-61.795804670784406
14745086666.7,-62.884661687315536
14750085000.0,-62.59063918685193
14755083333.3,-62.292068887705376
14760081666.7,-62.24141383877661
14765080000.0,-61.63004675663502
14770078333.3,-62.56696005074724
14775076666.7,-62.25477820873303
14780075000.0,-62.43501298186885
14785073333.3,-61.501743442817784
14790071666.7,-61.93045502237116
14795070000.0,-62.95528860812165
14800068333.3,-63.22586044522044
14805066666.7,-62.7561854964068
14810065000.0,-62.93119840772346
14815063333.3,-62.33209614337325
14820061666.7,-61.791538095500755
14825060000.0,-62.91040771598031
14830058333.3,-63.0206957815727
14835056666.7,-61.7089885800236
14840055000.0,-62.62651061876405
14845053333.3,-62.37464184898883
14850051666.7,-62.79547023391913
14855050000.0,-62.836557484461395
14860048333.3,-63.0046059872451
14865046666.7,-62.7195719410534
14870045000.0,-63.65953011745528
14875043333.3,-63.04293275691209
14880041666.7,-64.30609190256631
14885040000.0,-63.08891958748611
14890038333.3,-63.488314492642374
14895036666.7,-63.298072916613094
14900035000.0,-63.19333411123946
14905033333.3,-63.82463361390592
14910031666.7,-63.82695718346219
14915030000.0,-63.35351122845658
14920028333.3,-63.10742815879956
14925026666.7,-63.001804263510806
14930025000.0,-63.1916210802084
14935023333.3,-63.215260698405956
14940021666.7,-62.35036271331519
14945020000.0,-62.111991781184635
14950018333.3,-61.9009652674777
14955016666.7,-62.16135675080835
14960015000.0,-62.1345273877428
14965013333.3,-61.90476435544593
14970011666.7,-61.8349655244006
14975010000.0,-61.82247372106744
14980008333.3,-62.72098189936537
14985006666.7,-62.537809286091104
14990005000.0,-62.59789314635104
14995003333.3,-63.26566148218119
15000001666.7,-62.674969812839514
15005000000.0,-62.49178221553646
15009998333.3,-61.50674223256159
15014996666.7,-62.37405804258646
15019995000.0,-62.11274930275551
15024993333.3,-62.21762100365378
15029991666.7,-62.227403904817244
15034990000.0,-62.15942529837182
15039988333.3,-62.27183942471142
15044986666.7,-61.80828449026983
15049985000.0,-62.076654255423676
15054983333.3,-62.1920004650389
15059981666.7,-61.83593709334005
15064980000.0,-62.03359121491347
15069978333.3,-62.605344578364786
15074976666.7,-61.907616465047106
15079975000.0,-62.894904047324935
15084973333.3,-62.278763545668255
15089971666.7,-62.04901004691671
15094970000.0,-61.29045363385413
15099968333.3,-61.77868822482466
15104966666.7,-60.847801635788926
15109965000.0,-61.26401890371426
15114963333.3,-61.82185108605661
15119961666.7,-61.5400251212938
15124960000.0,-61.19262438012379
15129958333.3,-61.69711797650561
15134956666.7,-61.56941016520244
15139955000.0,-61.56058239134177
15144953333.3,-61.64303305855612
15149951666.7,-61.634509250683834
15154950000.0,-61.57737389003081
15159948333.3,-62.14974901246923
15164946666.7,-62.693827732027415
15169945000.0,-62.53849085349981
15174943333.3,-62.605137696798174
15179941666.7,-61.80707905335299
15184940000.0,-62.943258922453495
15189938333.3,-61.85486364340435
15194936666.7,-62.328845477406546
15199935000.0,-61.98570552570506
15204933333.3,-61.82809023815679
15209931666.7,-62.69907713300438
15214930000.0,-62.82217385808366
15219928333.3,-62.65141606110174
15224926666.7,-62.82378930976335
15229925000.0,-62.91831002218146
15234923333.3,-63.18149516483917
15239921666.7,-64.2411969602688
15244920000.0,-63.26331381963671
15249918333.3,-63.04464458984938
15254916666.7,-63.56809844015644
15259915000.0,-63.748475936734756
15264913333.3,-62.56624239366981
15269911666.7,-63.460750433876925
15274910000.0,-63.172147658761624
15279908333.3,-62.59241534678694
15284906666.7,-63.22567703852964
15289905000.0,-62.30530752259781
15294903333.3,-62.7937835986506
15299901666.7,-62.45241175984003
15304900000.0,-62.32569322776791
15309898333.3,-62.44375850968159
15314896666.7,-63.02010130592695
15319895000.0,-62.420576049155365
15324893333.3,-62.84386607051685
15329891666.7,-62.08945830519134
15334890000.0,-61.95571317636691
15339888333.3,-62.61500589961861
15344886666.7,-63.017201235561096
15349885000.0,-63.02679640174489
15354883333.3,-62.57342785474795
15359881666.7,-62.722341598855024
15364880000.0,-62.64591430455389
15369878333.3,-61.936711541077045
15374876666.7,-62.07838205152703
15379875000.0,-62.24232543896518
15384873333.3,-62.463417918316544
15389871666.7,-62.00568494879814
15394870000.0,-62.067344016449596
15399868333.3,-61.915514051216334
15404866666.7,-62.57472453302996
15409865000.0,-62.37306507050973
15414863333.3,-62.78270288329368
15419861666.7,-62.897805161399496
15424860000.0,-62.38079230861693
15429858333.3,-62.753960230300486
15434856666.7,-61.85567671357792
15439855000.0,-62.45529194016516
15444853333.3,-62.37093667362184
15449851666.7,-63.67147914688363
15454850000.0,-62.66296383326467
15459848333.3,-62.60594518615828
15464846666.7,-62.80673434125035
15469845000.0,-63.1579953106945
15474843333.3,-63.01155836132021
15479841666.7,-62.771330211288834
15484840000.0,-63.315042679916196
15489838333.3,-62.951148296211635
15494836666.7,-63.784098281743155
15499835000.0,-63.653267277022124
15504833333.3,-63.83907051824295
15509831666.7,-64.03646025108029
15514830000.0,-63.98597257927463
15519828333.3,-63.03515637949823
15524826666.7,-63.79228414228115
15529825000.0,-63.479621964292775
15534823333.3,-64.58879459010953
15539821666.7,-62.95605548740205
15544820000.0,-63.61933077369392
15549818333.3,-63.78549044937144
15554816666.7,-63.80305065118223
15559815000.0,-63.48408945339709
15564813333.3,-63.960673448119536
15569811666.7,-63.7406473145975
15574810000.0,-63.65898757831517
15579808333.3,-63.22294317758335
15584806666.7,-64.30565985862488
15589805000.0,-64.25717276666569
15594803333.3,-64.15800843943727
15599801666.7,-63.5410957561869
15604800000.0,-62.97613600997464
15609798333.3,-63.40461180530724
15614796666.7,-62.872396921024674
15619795000.0,-63.34897953847425
15624793333.3,-62.93954648707697
15629791666.7,-62.55448358569708
15634790000.0,-62.74263927570609
15639788333.3,-63.570323168144405
15644786666.7,-62.64476106961929
15649785000.0,-62.41687631228528
15654783333.3,-63.44555144881437
15659781666.7,-62.57782569968658
15664780000.0,-62.47792232247252
15669778333.3,-62.44394238322716
15674776666.7,-62.62430157185791
15679775000.0,-62.464136659642186
15684773333.3,-63.05317313311305
15689771666.7,-62.64936530644188
15694770000.0,-62.54184308770685
15699768333.3,-62.4691759220892
15704766666.7,-62.56182285915632
15709765000.0,-61.45236542781221
15714763333.3,-61.98986302059708
15719761666.7,-63.04739783503122
15724760000.0,-62.46138122402135
15729758333.3,-62.04227541735547
15734756666.7,-62.93021301599861
15739755000.0,-63.04057203708613
15744753333.3,-63.51901801194373
15749751666.7,-62.80353038014914
15754750000.0,-62.96636424706439
15759748333.3,-63.72561554157321
15764746666.7,-63.162910488140895
15769745000.0,-63.66915662472765
15774743333.3,-63.62062404971515
15779741666.7,-64.67872033237362
15784740000.0,-62.6789712428577
15789738333.3,-63.40799987800434
15794736666.7,-62.88659079205103
15799735000.0,-62.762120558021635
15804733333.3,-63.42061982430789
15809731666.7,-63.015565742208324
15814730000.0,-63.4853081244788
15819728333.3,-62.9549423243798
15824726666.7,-63.39138398421444
15829725000.0,-62.78185994066778
15834723333.3,-62.4291805464664
15839721666.7,-63.00560845442811
15844720000.0,-62.67818725537026
15849718333.3,-62.30178953469523
15854716666.7,-62.501031260683185
15859715000.0,-63.08404745081709
15864713333.3,-62.86305694092117
15869711666.7,-62.66348712654832
15874710000.0,-62.749301232464646
15879708333.3,-62.616072766965374
15884706666.7,-61.978470808996704
15889705000.0,-62.25883892643691
15894703333.3,-62.59040417807816
15899701666.7,-62.066754453191535
15904700000.0,-62.04903301784184
15909698333.3,-62.751060140996074
15914696666.7,-62.73343191087044
15919695000.0,-62.62885021867427
15924693333.3,-62.99340845590415
15929691666.7,-62.99941370951232
15934690000.0,-62.23540116353373
15939688333.3,-62.50928423641632
15944686666.7,-62.55421840296225
15949685000.0,-63.401790467521295
15954683333.3,-63.56191745417825
15959681666.7,-62.90573914924504
15964680000.0,-62.871264740089416
15969678333.3,-62.374102152982374
15974676666.7,-62.31240946444125
15979675000.0,-62.71908991452327
15984673333.3,-62.89337492133866
15989671666.7,-62.35542028114455
15994670000.0,-62.560895789156994
15999668333.3,-63.012576045744815
16004666666.7,-62.823422782753724
16009665000.0,-62.66691916817601
16014663333.3,-62.107195898634195
16019661666.7,-62.52021245182911
16024660000.0,-62.61567165922925
16029658333.3,-62.40261472400629
16034656666.7,-62.33859833060417
16039655000.0,-61.98517743746287
16044653333.3,-62.71339107336058
16049651666.7,-62.43789042750967
16054650000.0,-62.76791683599861
16059648333.3,-62.14370299202474
16064646666.7,-63.10534563781146
16069645000.0,-62.251263577864684
16074643333.3,-62.589716542551066
16079641666.7,-62.5733206375586
16084640000.0,-63.48556953734601
16089638333.3,-63.385196775493434
16094636666.7,-62.88439245668573
16099635000.0,-63.690145116273555
16104633333.3,-62.939557407335236
16109631666.7,-63.79498371780951
16114630000.0,-62.503457863974994
16119628333.3,-62.63334042788571
16124626666.7,-63.281320001547634
16129625000.0,-62.8124855656701
16134623333.3,-61.99415862296176
16139621666.7,-61.90289065201509
16144620000.0,-61.4636795252434
16149618333.3,-62.24476166105034
16154616666.7,-61.93336969973414
16159615000.0,-61.75572868868918
16164613333.3,-62.651922576036725
16169611666.7,-61.26605027539718
16174610000.0,-62.23860239303654
16179608333.3,-61.640043102385455
16184606666.7,-62.44169296431742
16189605000.0,-62.3709643630249
16194603333.3,-62.78027104383244
16199601666.7,-62.39131795870851
16204600000.0,-62.33478844455246
16209598333.3,-62.414776353145704
16214596666.7,-62.956784485950685
16219595000.0,-63.15605241591588
16224593333.3,-62.734857415604345
16229591666.7,-63.68000443835708
16234590000.0,-62.83571597897718
16239588333.3,-62.97051875437927
16244586666.7,-62.91209568577898
16249585000.0,-62.19789798420742
16254583333.3,-62.929624915856614
16259581666.7,-62.22576700675621
16264580000.0,-63.18609445533361
16269578333.3,-62.36961920625006
16274576666.7,-62.87861077479797
16279575000.0,-63.32278946919053
16284573333.3,-63.493232746897796
16289571666.7,-63.564887160675525
16294570000.0,-63.53519050187867
16299568333.3,-62.950949655364845
16304566666.7,-63.634270252543615
16309565000.0,-63.03479812475697
16314563333.3,-62.74584152196545
16319561666.7,-62.261375426082594
16324560000.0,-62.04436832142002
16329558333.3,-63.2409224596224
16334556666.7,-62.998569391339544
16339555000.0,-62.86506154602823
16344553333.3,-62.14835735852303
16349551666.7,-62.83305034282964
16354550000.0,-62.64050366495077
16359548333.3,-62.452946899618105
16364546666.7,-63.0264596224619
16369545000.0,-63.223373047988375
16374543333.3,-61.86556247900748
16379541666.7,-63.40675210340674
16384540000.0,-63.34555403222049
16389538333.3,-62.78928035769113
16394536666.7,-62.44115001353321
16399535000.0,-62.274149398213254
16404533333.3,-63.16172760294805
16409531666.7,-62.41451903543641
16414530000.0,-62.92680666550573
16419528333.3,-63.03552454687719
16424526666.7,-63.069980848828834
16429525000.0,-62.67767060298782
16434523333.3,-62.42071595716419
16439521666.7,-63.407463048972105
16444520000.0,-63.292384748067185
16449518333.3,-62.563479989252215
16454516666.7,-62.97817997722788
16459515000.0,-63.2570045843069
16464513333.3,-63.294338212022005
16469511666.7,-62.87847241009541
16474510000.0,-62.630723531099726
16479508333.3,-62.00876886578917
16484506666.7,-63.39129384275737
16489505000.0,-62.18646614009244
16494503333.3,-62.46178709514152
16499501666.7,-62.50383460439081
16504500000.0,-61.94292072413336
16509498333.3,-62.733426314493826
16514496666.7,-62.35345072594661
16519495000.0,-63.24517510664638
16524493333.3,-63.53218988947566
16529491666.7,-63.409132673191365
16534490000.0,-63.02254360802513
16539488333.3,-62.76920188630846
16544486666.7,-63.28676094940049
16549485000.0,-63.18102219680861
16554483333.3,-63.69500831185687
16559481666.7,-63.489219515981155
16564480000.0,-63.98439068845108
16569478333.3,-63.122333243904265
16574476666.7,-62.689257633453764
16579475000.0,-63.754013740221474
16584473333.3,-61.99076812418342
16589471666.7,-62.08252351067982
16594470000.0,-62.38314924889422
16599468333.3,-62.573435026485946
16604466666.7,-63.86605671754191
16609465000.0,-62.79670493371863
16614463333.3,-63.14015032535095
16619461666.7,-62.70864641163946
16624460000.0,-62.87828937865481
16629458333.3,-63.28532328134787
16634456666.7,-63.25746240427048
16639455000.0,-63.633893143472314
16644453333.3,-63.342570553538025
16649451666.7,-63.03662604760858
16654450000.0,-62.94688553278671
16659448333.3,-63.94369519117778
16664446666.7,-62.58043132502665
16669445000.0,-63.42831914691256
16674443333.3,-62.64823570742109
16679441666.7,-62.8186138334931
16684440000.0,-61.97223628808217
16689438333.3,-62.844397291580634
16694436666.7,-62.679426136704365
16699435000.0,-62.58715571380691
16704433333.3,-62.79169444776749
16709431666.7,-62.36035852148973
16714430000.0,-63.1097424527334
16719428333.3,-62.23171797775205
16724426666.7,-61.891479155983724
16729425000.0,-62.05570496444285
16734423333.3,-62.58476353217993
16739421666.7,-62.52595447855914
16744420000.0,-62.48133658302066
16749418333.3,-62.20787166503086
16754416666.7,-62.36397261638803
16759415000.0,-61.68791622724881
16764413333.3,-61.78880834845952
16769411666.7,-62.56621328657391
16774410000.0,-61.81229440394312
16779408333.3,-61.593152532453175
16784406666.7,-63.10997695894159
16789405000.0,-62.428472683690615
16794403333.3,-62.58786534272082
16799401666.7,-62.40865597841822
16804400000.0,-62.587687934319625
16809398333.3,-62.34987046892242
16814396666.7,-62.372699624172334
16819395000.0,-62.910433120598825
16824393333.3,-62.21883127873646
16829391666.7,-62.225593121815976
16834390000.0,-62.62483226040515
16839388333.3,-62.587032701663205
16844386666.7,-62.56429586137811
16849385000.0,-62.75718450289061
16854383333.3,-62.50504629048487
16859381666.7,-62.57396041142095
16864380000.0,-62.74936726898179
16869378333.3,-63.028561633407364
16874376666.7,-63.16576775955292
16879375000.0,-63.14267497556386
16884373333.3,-63.09376792245149
16889371666.7,-62.625260401313135
16894370000.0,-62.892310642662636
16899368333.3,-62.90732491607038
16904366666.7,-62.23317598763952
16909365000.0,-63.114170306559565
16914363333.3,-61.45160643294165
16919361666.7,-62.221876717200416
16924360000.0,-61.77620562871729
16929358333.3,-61.89277663481823
16934356666.7,-62.8159904354088
16939355000.0,-61.94447379345688
16944353333.3,-62.09452936609951
16949351666.7,-62.291259150057215
16954350000.0,-61.819610537957566
16959348333.3,-61.73408688517575
16964346666.7,-62.08276005398851
16969345000.0,-61.93808316604348
16974343333.3,-61.40723429027909
16979341666.7,-61.68129371302811
16984340000.0,-61.993007869699724
16989338333.3,-61.67551976405838
16994336666.7,-61.46766471622332
16999335000.0,-61.70148237447435
17004333333.3,-60.858611583995
17009331666.7,-61.24018289014629
17014330000.0,-61.40493034556904
17019328333.3,-60.60232922278496
17024326666.7,-60.82330780992116
17029325000.0,-61.43053051112963
17034323333.3,-61.400909779476756
17039321666.7,-61.09544256779994
17044320000.0,-61.70112048472089
17049318333.3,-61.88847077525345
17054316666.7,-62.66169205164503
17059315000.0,-61.5742579170316
17064313333.3,-61.74170015249648
17069311666.7,-61.70100551726257
17074310000.0,-62.242332587016875
17079308333.3,-61.42603022624701
17084306666.7,-61.18363862316761
17089305000.0,-61.35667880754575
17094303333.3,-62.419617392888604
17099301666.7,-61.061676805842154
17104300000.0,-61.41393983389033
17109298333.3,-61.17631685577342
17114296666.7,-62.22362851348316
17119295000.0,-62.18952870089662
17124293333.3,-62.310244100673586
17129291666.7,-62.50732560463766
17134290000.0,-62.31546883405344
17139288333.3,-62.185681152066635
17144286666.7,-62.60252202623826
17149285000.0,-62.69720031019149
17154283333.3,-62.88291044916886
17159281666.7,-62.29879761059231
17164280000.0,-63.14076312159067
17169278333.3,-63.14709003257253
17174276666.7,-62.13812946015597
17179275000.0,-63.26537166979688
17184273333.3,-62.27691071805513
17189271666.7,-61.71483627339869
17194270000.0,-62.13836558822369
17199268333.3,-61.87417794724113
17204266666.7,-61.81336456062308
17209265000.0,-62.56345597143528
17214263333.3,-62.19505076013117
17219261666.7,-62.114556095363874
17224260000.0,-62.83322612189401
17229258333.3,-61.53519712943863
17234256666.7,-62.40521962113755
17239255000.0,-61.663322640054005
17244253333.3,-63.014642062172115
17249251666.7,-62.19102870911678
17254250000.0,-62.05091443689021
17259248333.3,-62.592132013278565
17264246666.7,-61.85875792687031
17269245000.0,-62.330917361506025
17274243333.3,-61.97811999505058
17279241666.7,-61.659289593293664
17284240000.0,-61.14856969573588
17289238333.3,-62.10861750982485
17294236666.7,-62.313830337728426
17299235000.0,-61.65088228465822
17304233333.3,-61.077749480273795
17309231666.7,-62.54794068777347
17314230000.0,-61.25861380858319
17319228333.3,-61.5166033845756
17324226666.7,-60.249747142084395
17329225000.0,-61.25307177540081
17334223333.3,-61.33835486371987
17339221666.7,-61.6944132036851
17344220000.0,-61.26093130494268
17349218333.3,-61.45193810504263
17354216666.7,-62.466132817526955
17359215000.0,-62.36980336389217
17364213333.3,-62.59941890167524
17369211666.7,-61.61912416979923
17374210000.0,-62.03957179421117
17379208333.3,-61.9685084793116
17384206666.7,-61.72703483056601
17389205000.0,-62.01295510088536
17394203333.3,-62.059279031040816
17399201666.7,-62.32624098410099
17404200000.0,-62.184705201026446
17409198333.3,-62.272102208080085
17414196666.7,-62.0294471658956
17419195000.0,-62.457398486837704
17424193333.3,-62.64348395996244
17429191666.7,-62.31753929657997
17434190000.0,-62.07217906996088
17439188333.3,-62.93026743632375
17444186666.7,-63.11911317109734
17449185000.0,-62.073378963283254
17454183333.3,-62.63252590804374
17459181666.7,-62.406855990027154
17464180000.0,-62.21080650761786
17469178333.3,-61.67691123649753
17474176666.7,-62.59698124954941
17479175000.0,-62.68827124400985
17484173333.3,-62.4932152519136
17489171666.7,-61.94023003688875
17494170000.0,-62.35103590592864
17499168333.3,-62.6952841295211
17504166666.7,-62.276136598549236
17509165000.0,-61.469812922927865
17514163333.3,-60.692401246172864
17519161666.7,-62.0340609409424
17524160000.0,-61.71800008247932
17529158333.3,-61.263150932604916
17534156666.7,-62.11713046679492
17539155000.0,-61.69119570130468
17544153333.3,-61.41771466805747
17549151666.7,-61.369403200878345
17554150000.0,-61.39147073511732
17559148333.3,-62.35965659741805
17564146666.7,-61.988001212152156
17569145000.0,-61.474520803211234
17574143333.3,-61.367995895819554
17579141666.7,-61.266511340771416
17584140000.0,-61.87821677870981
17589138333.3,-62.40960633556142
17594136666.7,-63.06163805634025
17599135000.0,-61.76029031802181
17604133333.3,-62.85868739370113
17609131666.7,-63.104954144712444
17614130000.0,-62.21573098178368
17619128333.3,-62.31316133986664
17624126666.7,-61.95404783780358
17629125000.0,-62.511221874237684
17634123333.3,-62.27160389770931
17639121666.7,-62.34309127098035
17644120000.0,-61.90526978909059
17649118333.3,-62.307172424792824
17654116666.7,-62.4499714284907
17659115000.0,-61.9487448628974
17664113333.3,-61.96334572977629
17669111666.7,-61.95087016089821
17674110000.0,-62.11774843075677
17679108333.3,-62.74559889376542
17684106666.7,-62.05946384287312
17689105000.0,-62.58630149195355
17694103333.3,-62.672789956601775
17699101666.7,-61.00621710444373
17704100000.0,-62.669071357392184
17709098333.3,-62.36859109716719
17714096666.7,-61.29567679103404
17719095000.0,-61.233126424059925
17724093333.3,-61.9985867030578
17729091666.7,-61.468267390893374
17734090000.0,-62.18918856514577
17739088333.3,-61.606149927943974
17744086666.7,-61.84397993743347
17749085000.0,-61.24787977321393
17754083333.3,-61.66206141884832
17759081666.7,-61.10158991320319
17764080000.0,-61.51088224675712
17769078333.3,-61.7137675252053
17774076666.7,-61.44380154837448
17779075000.0,-61.083604633991506
17784073333.3,-60.568239678395805
17789071666.7,-61.10303909113979
17794070000.0,-61.163339205505935
17799068333.3,-60.24557546141399
17804066666.7,-61.490034343216415
17809065000.0,-60.99997141325069
17814063333.3,-61.55381524347497
17819061666.7,-60.46930174476651
17824060000.0,-61.6502951312127
17829058333.3,-61.33000268752701
17834056666.7,-61.30351443849045
17839055000.0,-62.017937750021815
17844053333.3,-61.48272609399983
17849051666.7,-60.570766232578194
17854050000.0,-61.69655334080025
17859048333.3,-61.829637305110396
17864046666.7,-60.76850439249985
17869045000.0,-62.33148229337851
17874043333.3,-61.587336244151594
17879041666.7,-61.18570425951175
17884040000.0,-61.64277495068028
17889038333.3,-62.1193092890887
17894036666.7,-62.769578351943906
17899035000.0,-62.768363947348575
17904033333.3,-62.352163324086945
17909031666.7,-63.16903751343406
17914030000.0,-62.26000251703421
17919028333.3,-62.812151452127665
17924026666.7,-61.50210671162648
17929025000.0,-62.010997513830795
17934023333.3,-61.761734302309925
17939021666.7,-62.3716195081702
17944020000.0,-61.759474544869725
17949018333.3,-61.36524870536397
17954016666.7,-62.4060233957573
17959015000.0,-61.11175464086482
17964013333.3,-62.067664623348186
17969011666.7,-62.56204542147964
17974010000.0,-61.966677782922574
17979008333.3,-61.71404699059699
17984006666.7,-61.70294790257769
17989005000.0,-61.30162182067751
17994003333.3,-61.57754154913181
17999001666.7,-61.93162776830683
18004000000.0,-61.34818350637205
18008998333.3,-61.57394610452057
18013996666.7,-61.69537563805566
18018995000.0,-61.50121732704161
18023993333.3,-61.438474231635894
18028991666.7,-62.24068633312126
18033990000.0,-60.747208756455706
18038988333.3,-61.881279076213474
18043986666.7,-61.482945725927046
18048985000.0,-60.935516362706565
18053983333.3,-61.31498465513096
18058981666.7,-61.687997208247964
18063980000.0,-60.345698602699294
18068978333.3,-61.51552410301652
18073976666.7,-61.52165325311572
18078975000.0,-60.857123019360735
18083973333.3,-61.39030450064172
18088971666.7,-61.11104901036205
18093970000.0,-62.125922822622
18098968333.3,-62.95744833092236
18103966666.7,-61.53020848536138
18108965000.0,-61.72685604633253
18113963333.3,-61.25718097605254
18118961666.7,-61.68162032745539
18123960000.0,-61.94384155639285
18128958333.3,-62.113780769058906
18133956666.7,-61.39136544270296
18138955000.0,-62.382907792790235
18143953333.3,-62.4317736534949
18148951666.7,-61.525849052423006
18153950000.0,-62.32255497402163
18158948333.3,-61.91795063495477
18163946666.7,-62.06146259040361
18168945000.0,-61.15633269028939
18173943333.3,-61.63055511510488
18178941666.7,-61.473882090850864
18183940000.0,-62.80513299799803
18188938333.3,-62.72033141357147
18193936666.7,-61.75416121667028
18198935000.0,-61.524685726594996
18203933333.3,-62.2907558952496
18208931666.7,-61.24212252515689
18213930000.0,-61.62010708716743
18218928333.3,-61.62779203563435
18223926666.7,-61.98827667114087
18228925000.0,-61.614729174157915
18233923333.3,-61.99467059988368
18238921666.7,-61.93505159835102
18243920000.0,-61.51861483940958
18248918333.3,-61.831305814119034
18253916666.7,-61.29834479768337
18258915000.0,-62.78258662856245
18263913333.3,-61.51191967684497
18268911666.7,-62.79115662277266
18273910000.0,-61.54859257288176
18278908333.3,-62.38135671686882
18283906666.7,-62.49753794681142
18288905000.0,-62.162004964461
18293903333.3,-61.90798585455519
18298901666.7,-61.348436585406944
18303900000.0,-62.15841075460154
18308898333.3,-61.49045892130567
18313896666.7,-61.99437674195411
18318895000.0,-62.256872058132316
18323893333.3,-62.829186298083016
18328891666.7,-62.32924558335432
18333890000.0,-62.67442744143175
18338888333.3,-62.15295168593576
18343886666.7,-62.22451194770518
18348885000.0,-62.03093354790589
18353883333.3,-61.033617241077856
18358881666.7,-62.476770217094355
18363880000.0,-62.89537195636264
18368878333.3,-62.34885228787508
18373876666.7,-61.74325942415868
18378875000.0,-61.060944819707146
18383873333.3,-61.96826607497786
18388871666.7,-61.66600690189965
18393870000.0,-61.34829912517141
18398868333.3,-61.81732188573923
18403866666.7,-61.72456434513704
18408865000.0,-62.68534606863461
18413863333.3,-62.54322486860894
18418861666.7,-61.34900881061732
18423860000.0,-61.92276362500449
18428858333.3,-61.840076409512754
18433856666.7,-60.981871470217214
18438855000.0,-60.95525179569033
18443853333.3,-60.8237436481805
18448851666.7,-60.881776220932835
18453850000.0,-61.153881520265145
18458848333.3,-60.5524025719654
18463846666.7,-61.41337105320374
18468845000.0,-61.774089461092316
18473843333.3,-61.24262666389964
18478841666.7,-60.8813582788807
18483840000.0,-61.65125072066268
18488838333.3,-61.54714131505685
18493836666.7,-61.50009674930505
18498835000.0,-61.46171249024215
18503833333.3,-61.97856256884036
18508831666.7,-62.42324527379425
18513830000.0,-62.329119354722515
18518828333.3,-60.80027850254378
18523826666.7,-62.47166043077324
18528825000.0,-61.80639704691683
18533823333.3,-62.398527759485276
18538821666.7,-62.15743888081452
18543820000.0,-62.09246849110123
18548818333.3,-62.772353414085686
18553816666.7,-61.818566670134054
18558815000.0,-61.83213646578884
18563813333.3,-61.58826606147272
18568811666.7,-61.60805942754557
18573810000.0,-61.63802636756985
18578808333.3,-61.77551711398182
18583806666.7,-62.286386812963016
18588805000.0,-62.016752854672475
18593803333.3,-62.03650097653649
18598801666.7,-62.1617979728157
18603800000.0,-61.633948442123184
18608798333.3,-61.72587360122597
18613796666.7,-61.438783600592764
18618795000.0,-62.23456286016163
18623793333.3,-62.145117878300546
18628791666.7,-62.05330510514682
18633790000.0,-61.850526168745546
18638788333.3,-61.2261922535859
18643786666.7,-61.621280187422244
18648785000.0,-61.91854805660064
18653783333.3,-62.22824538010299
18658781666.7,-61.112820138457195
18663780000.0,-61.45874192764875
18668778333.3,-61.054341684380226
18673776666.7,-61.27579131431549
18678775000.0,-60.8687284907967
18683773333.3,-61.619666168477174
18688771666.7,-61.570528001745394
18693770000.0,-61.5975509012451
18698768333.3,-61.555283648111825
18703766666.7,-61.17450219983618
18708765000.0,-60.50280185992505
18713763333.3,-61.56924771952348
18718761666.7,-61.72152905539071
18723760000.0,-61.12088149166321
18728758333.3,-60.89569746952084
18733756666.7,-61.606245954540384
18738755000.0,-61.06598533366899
18743753333.3,-61.26333519973424
18748751666.7,-61.24124364222156
18753750000.0,-61.41010052363537
18758748333.3,-61.27056920348008
18763746666.7,-61.47706768772245
18768745000.0,-61.39930656150602
18773743333.3,-61.575170232585364
18778741666.7,-61.04933890218256
18783740000.0,-61.30240288636159
18788738333.3,-61.040017809304445
18793736666.7,-61.39613082456702
18798735000.0,-61.11256812896727
18803733333.3,-61.11190348846065
18808731666.7,-61.49298382587912
18813730000.0,-62.14832057747999
18818728333.3,-62.47984982424423
18823726666.7,-62.05047349531904
18828725000.0,-62.46133178364075
18833723333.3,-62.143119923367635
18838721666.7,-62.235707970809656
18843720000.0,-62.541855565285985
18848718333.3,-62.40968334477756
18853716666.7,-62.21376448056078
18858715000.0,-62.19807084800963
18863713333.3,-62.513282719854
18868711666.7,-61.9553039937328
18873710000.0,-61.853581151140496
18878708333.3,-61.8422821454224
18883706666.7,-61.54560556650121
18888705000.0,-61.98705487016285
18893703333.3,-61.688150723500215
18898701666.7,-61.0574876918522
18903700000.0,-61.86677680132743
18908698333.3,-61.473816027200876
18913696666.7,-61.50382169564839
18918695000.0,-61.713513576829804
18923693333.3,-62.16416103823242
18928691666.7,-61.58153074862832
18933690000.0,-60.948117096594494
18938688333.3,-61.42082874468291
18943686666.7,-62.191137740551966
18948685000.0,-60.61399001159031
18953683333.3,-61.086260915443674
18958681666.7,-61.54197274253468
18963680000.0,-61.636536489549584
18968678333.3,-61.534132770315225
18973676666.7,-62.414536053897656
18978675000.0,-61.88530411997634
18983673333.3,-61.38598711761632
18988671666.7,-62.3607907377439
18993670000.0,-62.432588861584584
18998668333.3,-62.51378325535022
19003666666.7,-62.005646698897266
19008665000.0,-61.47978589040366
19013663333.3,-61.73954414923223
19018661666.7,-62.24758711676287
19023660000.0,-62.06150860768486
19028658333.3,-62.61695160490041
19033656666.7,-62.21619543326629
19038655000.0,-62.346451958354024
19043653333.3,-61.62474449000467
19048651666.7,-62.39578768673173
19053650000.0,-61.72770851806257
19058648333.3,-61.15515889893719
19063646666.7,-62.38622598915198
19068645000.0,-62.105043685675135
19073643333.3,-61.327605519565594
19078641666.7,-61.592600007019094
19083640000.0,-61.87980424269743
19088638333.3,-61.714001971985496
19093636666.7,-61.984164590619486
19098635000.0,-61.6544878086541
19103633333.3,-61.478482232765714
19108631666.7,-61.56358209226016
19113630000.0,-61.879186617133264
19118628333.3,-60.867262514778055
19123626666.7,-61.75314348495967
19128625000.0,-61.786144981467785
19133623333.3,-61.28685547525159
19138621666.7,-61.12072902274203
19143620000.0,-61.173444275149905
19148618333.3,-60.75344080906105
19153616666.7,-61.303238582141894
19158615000.0,-61.215442635070936
19163613333.3,-62.424165501274175
19168611666.7,-60.974066481276424
19173610000.0,-61.67118039850698
19178608333.3,-62.12610233888371
19183606666.7,-61.090347279868986
19188605000.0,-60.96519628767486
19193603333.3,-61.64671559851652
19198601666.7,-61.706126402635405
19203600000.0,-61.342975590133875
19208598333.3,-61.47115340575454
19213596666.7,-61.73734145426703
19218595000.0,-61.16326295140361
19223593333.3,-61.09960847688956
19228591666.7,-61.299566739582126
19233590000.0,-61.234722116418936
19238588333.3,-61.051454563124636
19243586666.7,-61.19301031107403
19248585000.0,-62.63784125478135
19253583333.3,-61.37305560477643
19258581666.7,-61.49457619613429
19263580000.0,-61.20339478586637
19268578333.3,-62.0676093020981
19273576666.7,-61.499188947346546
19278575000.0,-61.63521223647686
19283573333.3,-61.35226610637816
19288571666.7,-61.779019382451835
19293570000.0,-61.71962985564409
19298568333.3,-61.50672906732271
19303566666.7,-61.95283255266121
19308565000.0,-61.831004869668284
19313563333.3,-61.79370419938475
19318561666.7,-61.420143942802234
19323560000.0,-60.942227799024316
19328558333.3,-62.041148553801364
19333556666.7,-61.363906147216895
19338555000.0,-62.26998231703368
19343553333.3,-62.578151924817654
19348551666.7,-62.34285253505037
19353550000.0,-61.84333014554883
19358548333.3,-61.733236758291525
19363546666.7,-61.33583009444714
19368545000.0,-61.421239974424566
19373543333.3,-60.51345467733939
19378541666.7,-60.31264389929109
19383540000.0,-61.09352032687066
19388538333.3,-61.29886318337074
19393536666.7,-61.59956365667024
19398535000.0,-61.31322821786361
19403533333.3,-60.614305903465635
19408531666.7,-60.66780567875302
19413530000.0,-59.988438087720574
19418528333.3,-60.27647031022524
19423526666.7,-60.700211814654345
19428525000.0,-60.319683223879714
19433523333.3,-60.40282535246395
19438521666.7,-60.36756306251946
19443520000.0,-59.86018039996378
19448518333.3,-60.42550423700297
19453516666.7,-59.57476908299843
19458515000.0,-60.113589315655
19463513333.3,-60.33949688923455
19468511666.7,-59.87757786060823
19473510000.0,-59.687020115510954
19478508333.3,-59.15439749584914
19483506666.7,-59.757846029060374
19488505000.0,-59.68163089369739
19493503333.3,-60.47313614088695
19498501666.7,-59.45575436425333
19503500000.0,-60.616125314601476
19508498333.3,-60.03228214513669
19513496666.7,-60.81424837161185
19518495000.0,-60.76792949683843
19523493333.3,-60.75278430360421
19528491666.7,-61.619707540509566
19533490000.0,-61.42269133269639
19538488333.3,-60.875620666923815
19543486666.7,-61.45537408593949
19548485000.0,-61.21339990898042
19553483333.3,-60.826448405483696
19558481666.7,-61.339542060799054
19563480000.0,-60.615701368715875
19568478333.3,-60.978715372347374
19573476666.7,-61.538427412236025
19578475000.0,-61.51825966729599
19583473333.3,-61.71490375362357
19588471666.7,-61.74475667423494
19593470000.0,-61.47511773183388
19598468333.3,-61.47889708572286
19603466666.7,-60.580829943124485
19608465000.0,-61.465820731854414
19613463333.3,-61.483797968059605
19618461666.7,-60.63727496650113
19623460000.0,-60.695794564213095
19628458333.3,-60.62301481296921
19633456666.7,-60.777014537450434
19638455000.0,-60.7780977053325
19643453333.3,-60.82552432811291
19648451666.7,-60.84708826515211
19653450000.0,-60.810823760277735
19658448333.3,-60.401988045394994
19663446666.7,-60.48234246799407
19668445000.0,-60.710315231374814
19673443333.3,-60.17060564035919
19678441666.7,-61.14725588005247
19683440000.0,-60.21190002314622
19688438333.3,-60.30614177603853
19693436666.7,-60.49244250020312
19698435000.0,-61.497363162313846
19703433333.3,-61.63102273508248
19708431666.7,-62.00879118804459
19713430000.0,-60.70066039269098
19718428333.3,-61.60487753202545
19723426666.7,-60.85380214897954
19728425000.0,-61.107313811580575
19733423333.3,-61.04254109530696
19738421666.7,-59.95214145534654
19743420000.0,-60.2282261759798
19748418333.3,-61.10427264946991
19753416666.7,-61.19925859644525
19758415000.0,-61.07473831862375
19763413333.3,-61.68376077197556
19768411666.7,-61.71833265156533
19773410000.0,-62.06600957300175
19778408333.3,-61.28109256280658
19783406666.7,-61.24870052046351
19788405000.0,-60.296570679261244
19793403333.3,-61.41531268821889
19798401666.7,-60.95443599118834
19803400000.0,-60.99949904531044
19808398333.3,-60.92637185606485
19813396666.7,-61.524314731701544
19818395000.0,-61.03615225194204
19823393333.3,-60.9550982304068
19828391666.7,-60.95183103441326
19833390000.0,-60.69382339050988
19838388333.3,-60.516901406591685
19843386666.7,-60.93315208855074
19848385000.0,-60.983622640289575
19853383333.3,-60.854814117700606
19858381666.7,-62.005850628791094
19863380000.0,-61.523908979508676
19868378333.3,-62.47226400385952
19873376666.7,-61.79730674965937
19878375000.0,-61.20926955752431
19883373333.3,-61.52214076926052
19888371666.7,-61.50907107648373
19893370000.0,-61.63079022662296
19898368333.3,-62.700006380486016
19903366666.7,-62.30608424622555
19908365000.0,-62.24698331650266
19913363333.3,-61.51751587124454
19918361666.7,-60.74991614669928
19923360000.0,-61.69982437820465
19928358333.3,-61.49614282871919
19933356666.7,-61.33225068105293
19938355000.0,-62.17990840716584
19943353333.3,-61.176276689571736
19948351666.7,-62.24994971133607
19953350000.0,-62.33517228649291
19958348333.3,-62.11578356274967
19963346666.7,-62.12989050169048
19968345000.0,-62.53911267356671
19973343333.3,-61.910675192814594
19978341666.7,-61.9140502149805
19983340000.0,-62.247731496853184
19988338333.3,-62.64979474252386
19993336666.7,-62.7293721212108
19998335000.0,-62.1328002251028
20003333333.3,-62.168674869136794
20008331666.7,-62.093386661773906
20013330000.0,-61.44380989386286
20018328333.3,-62.15906116701609
20023326666.7,-61.61760702883658
20028325000.0,-62.73798411592714
20033323333.3,-61.77089945637768
20038321666.7,-62.71736660008298
20043320000.0,-62.52751223138742
20048318333.3,-61.872444097559516
20053316666.7,-62.410226201423164
20058315000.0,-61.8115432025348
20063313333.3,-62.05844667419186
20068311666.7,-61.612599911546305
20073310000.0,-61.93650631419811
20078308333.3,-61.65054354369269
20083306666.7,-61.357201202849474
20088305000.0,-61.48490401011869
20093303333.3,-61.977730209003276
20098301666.7,-61.73354297293773
20103300000.0,-61.27640336464167
20108298333.3,-61.2734134603296
20113296666.7,-61.347066857410965
20118295000.0,-61.29653697062849
20123293333.3,-62.263924993805674
20128291666.7,-61.05930453440501
20133290000.0,-61.93962955999212
20138288333.3,-62.39926897226794
20143286666.7,-61.55414621906338
20148285000.0,-62.542304528005076
20153283333.3,-61.966698786457954
20158281666.7,-61.34120846406047
20163280000.0,-61.54343033098304
20168278333.3,-61.73563178736132
20173276666.7,-61.26121845266293
20178275000.0,-61.538726610851526
20183273333.3,-62.595251996155014
20188271666.7,-62.745563585583994
20193270000.0,-62.73356962298771
20198268333.3,-62.237235263043836
20203266666.7,-62.20550611248739
20208265000.0,-62.62331984835576
20213263333.3,-62.81693151565169
20218261666.7,-63.19298631810675
20223260000.0,-63.32504448119414
20228258333.3,-62.91830460618904
20233256666.7,-62.00554011560807
20238255000.0,-61.691371402235546
20243253333.3,-62.42956474030858
20248251666.7,-61.73543678742827
20253250000.0,-61.795624451040396
20258248333.3,-61.36164760208453
20263246666.7,-62.07623772254999
20268245000.0,-61.91590204839492
20273243333.3,-62.87464604271704
20278241666.7,-61.66319065145445
20283240000.0,-61.74825189241125
20288238333.3,-61.74483307793291
20293236666.7,-62.47152642116201
20298235000.0,-61.99010951742586
20303233333.3,-62.33844093523491
20308231666.7,-62.21653750272849
20313230000.0,-62.84869831355814
20318228333.3,-61.57220972508868
20323226666.7,-62.268865149551154
20328225000.0,-62.57081298763792
20333223333.3,-62.208094981337766
20338221666.7,-60.788909850507935
20343220000.0,-60.675144409328695
20348218333.3,-61.86661429095608
20353216666.7,-61.31209538755431
20358215000.0,-61.94114430592332
20363213333.3,-61.75614217811734
20368211666.7,-62.163778619763235
20373210000.0,-61.976346789122694
20378208333.3,-62.21406205072859
20383206666.7,-61.915883662002706
20388205000.0,-62.52237093292273
20393203333.3,-61.77195743039397
20398201666.7,-61.55406163916393
20403200000.0,-62.05287931663677
20408198333.3,-61.68537167066637
20413196666.7,-62.40014199589793
20418195000.0,-61.74196739075914
20423193333.3,-61.638542146923605
20428191666.7,-62.31002700339319
20433190000.0,-61.60659590442548
20438188333.3,-61.71334053866282
20443186666.7,-62.26618990118514
20448185000.0,-61.976495264006985
20453183333.3,-61.86756243975431
20458181666.7,-61.66305386398655
20463180000.0,-62.96932502028238
20468178333.3,-62.797729073219955
20473176666.7,-62.749253839445345
20478175000.0,-62.831676464470625
20483173333.3,-62.84037798758642
20488171666.7,-61.77697198191964
20493170000.0,-62.19265752781945
20498168333.3,-62.188773594967024
20503166666.7,-63.20629597923205
20508165000.0,-62.7284934836695
20513163333.3,-62.505387258101315
20518161666.7,-62.24375977701471
20523160000.0,-61.53658932354273
20528158333.3,-61.28781485312005
20533156666.7,-61.4648302866155
20538155000.0,-61.65229801535161
20543153333.3,-62.05420618518238
20548151666.7,-62.073661332143246
20553150000.0,-62.447164261046396
20558148333.3,-62.23490954475793
20563146666.7,-61.52309905797496
20568145000.0,-62.34055336664095
20573143333.3,-62.02035206898784
20578141666.7,-61.882464922176084
20583140000.0,-62.276020478725364
20588138333.3,-61.92875529278151
20593136666.7,-62.4183400740081
20598135000.0,-62.70611418074688
20603133333.3,-62.10629599811929
20608131666.7,-62.36940070326625
20613130000.0,-62.78310684164793
20618128333.3,-61.08888579406154
20623126666.7,-61.99772526941922
20628125000.0,-62.13987925012445
20633123333.3,-62.75413563234588
20638121666.7,-62.8290865720999
20643120000.0,-61.86208292188247
20648118333.3,-63.06730142789156
20653116666.7,-63.66939826333564
20658115000.0,-62.92004810818234
20663113333.3,-63.00958976461746
20668111666.7,-61.99921589880142
20673110000.0,-62.286321164967795
20678108333.3,-62.7117898432713
20683106666.7,-62.39060153509243
20688105000.0,-63.10279816012563
20693103333.3,-63.08823560622639
20698101666.7,-63.87487296086639
20703100000.0,-62.56587825439915
20708098333.3,-62.40998029148546
20713096666.7,-63.00811475118434
20718095000.0,-63.15465965754104
20723093333.3,-63.31695433396166
20728091666.7,-63.23677205536279
20733090000.0,-63.008674277713645
20738088333.3,-63.01564793143673
20743086666.7,-63.37330266619784
20748085000.0,-63.61259200348
20753083333.3,-62.78926384518117
20758081666.7,-62.560698894150434
20763080000.0,-62.209534464143886
20768078333.3,-63.0249118789503
20773076666.7,-62.09692783488569
20778075000.0,-62.247924652775765
20783073333.3,-62.98236070566399
20788071666.7,-62.54410218596293
20793070000.0,-63.04437980556887
20798068333.3,-62.39979726622905
20803066666.7,-62.38561832566636
20808065000.0,-62.3823897689575
20813063333.3,-62.42847939757539
20818061666.7,-62.95699031725823
20823060000.0,-63.35108227403947
20828058333.3,-62.63338046017957
20833056666.7,-63.36381508363872
20838055000.0,-63.24698422724376
20843053333.3,-63.08255669369593
20848051666.7,-62.69103698173087
20853050000.0,-62.27719764577713
20858048333.3,-61.85634893104457
20863046666.7,-62.41262126986281
20868045000.0,-61.816280827301924
20873043333.3,-62.299716632421614
20878041666.7,-62.43810691901664
20883040000.0,-62.49507023701654
20888038333.3,-62.81518301402421
20893036666.7,-63.07036861425682
20898035000.0,-63.289876668703435
20903033333.3,-63.26059706775827
20908031666.7,-63.90979978705027
20913030000.0,-63.24063529826421
20918028333.3,-64.04186135318734
20923026666.7,-64.8481446561442
20928025000.0,-64.31437821010687
20933023333.3,-64.25775774766235
20938021666.7,-63.95554084960817
20943020000.0,-63.93387218844182
20948018333.3,-64.11651388261183
20953016666.7,-63.72670693233317
20958015000.0,-63.13842479050504
20963013333.3,-63.718715448654606
20968011666.7,-63.78331627990883
20973010000.0,-63.93545777751232
20978008333.3,-64.30957335422546
20983006666.7,-64.14160655062862
20988005000.0,-64.00080457436277
20993003333.3,-63.92933865623014
20998001666.7,-63.21658664007331
21003000000.0,-63.849401869345044
21007998333.3,-63.911307083048925
21012996666.7,-63.288549180200555
21017995000.0,-63.70907464116999
21022993333.3,-63.652091144123006
21027991666.7,-62.53014933965967
21032990000.0,-63.383652260426814
21037988333.3,-62.62697364946321
21042986666.7,-62.72295940343331
21047985000.0,-62.70488522726987
21052983333.3,-62.4891644164895
21057981666.7,-63.14638593795281
21062980000.0,-62.49307946687975
21067978333.3,-62.85065225010875
21072976666.7,-62.79196582858539
21077975000.0,-62.83262133614548
21082973333.3,-61.96119488447573
21087971666.7,-62.78430358669334
21092970000.0,-62.31983169562905
21097968333.3,-62.37525349435351
21102966666.7,-62.75181902584036
21107965000.0,-61.48060286837492
21112963333.3,-62.11366033448365
21117961666.7,-62.16442954294972
21122960000.0,-62.369909877436704
21127958333.3,-62.005513262995244
21132956666.7,-61.66352875070391
21137955000.0,-62.177949010524
21142953333.3,-62.05149302945113
21147951666.7,-63.378461899191905
21152950000.0,-62.57155229518125
21157948333.3,-63.57897566636393
21162946666.7,-63.79700173562058
21167945000.0,-64.45916271548629
21172943333.3,-63.771612516537544
21177941666.7,-63.88299775894912
21182940000.0,-63.69982321390673
21187938333.3,-63.32700050244873
21192936666.7,-64.01452515051892
21197935000.0,-63.56150290283794
21202933333.3,-63.93391542101792
21207931666.7,-63.4714588155028
21212930000.0,-63.263339368071584
21217928333.3,-63.07709694298008
21222926666.7,-63.46585622800971
21227925000.0,-63.98791038037885
21232923333.3,-62.75558617248967
21237921666.7,-63.48228077684257
21242920000.0,-63.29863445840509
21247918333.3,-63.81149018118692
21252916666.7,-63.262015110343825
21257915000.0,-64.09419047946307
21262913333.3,-63.480918358944564
21267911666.7,-63.377865900026
21272910000.0,-62.925341579636466
21277908333.3,-62.074305579000466
21282906666.7,-62.35994733904938
21287905000.0,-62.09343096965087
21292903333.3,-63.3938017930718
21297901666.7,-62.29075123428033
21302900000.0,-62.34049214276105
21307898333.3,-62.3956600412089
21312896666.7,-62.549168525133425
21317895000.0,-62.34283064384576
21322893333.3,-61.95042541089096
21327891666.7,-61.730649595511615
21332890000.0,-62.5086066456575
21337888333.3,-62.36332052664029
21342886666.7,-63.692133112482516
21347885000.0,-63.26206959449165
21352883333.3,-62.02885542169186
21357881666.7,-62.33587030892625
21362880000.0,-61.89304640220801
21367878333.3,-61.68781096887929
21372876666.7,-62.45268621679359
21377875000.0,-62.062369985983885
21382873333.3,-61.79019804489642
21387871666.7,-62.3483608689429
21392870000.0,-62.92734022444741
21397868333.3,-62.22703110373867
21402866666.7,-62.73541119070134
21407865000.0,-61.470333509216886
21412863333.3,-62.758194074486426
21417861666.7,-61.945821255421976
21422860000.0,-61.84558912978673
21427858333.3,-63.17331454849031
21432856666.7,-62.4563207659481
21437855000.0,-62.87865900667861
21442853333.3,-61.99789462072046
21447851666.7,-61.90646034832512
21452850000.0,-62.08404174756215
21457848333.3,-61.81079371301631
21462846666.7,-61.733405216110846
21467845000.0,-61.7424690937304
21472843333.3,-62.23347019258118
21477841666.7,-62.18471015382289
21482840000.0,-61.92763982624378
21487838333.3,-61.94392211551499
21492836666.7,-61.64249383581062
21497835000.0,-62.30730196619178
21502833333.3,-62.81702643196857
21507831666.7,-62.280496175094
21512830000.0,-62.93194858003389
21517828333.3,-62.642516402196655
21522826666.7,-62.211289395489445
21527825000.0,-62.8310782752336
21532823333.3,-62.46050182648275
21537821666.7,-63.08427741709343
21542820000.0,-62.030645148674836
21547818333.3,-61.709006036635174
21552816666.7,-62.207410039094746
21557815000.0,-62.394773005077546
21562813333.3,-62.28923271697286
21567811666.7,-62.55661766975478
21572810000.0,-62.77190271431002
21577808333.3,-61.96109971560473
21582806666.7,-62.18481972785854
21587805000.0,-62.26124514057691
21592803333.3,-62.94796872049392
21597801666.7,-62.79690601623802
21602800000.0,-62.059040990246864
21607798333.3,-62.00128942573108
21612796666.7,-62.610019500518455
21617795000.0,-61.7545397254791
21622793333.3,-62.895031392466485
21627791666.7,-62.29328964086852
21632790000.0,-63.334512322543574
21637788333.3,-62.31609095107751
21642786666.7,-62.28940312568043
21647785000.0,-61.73914658334792
21652783333.3,-62.94604359128254
21657781666.7,-62.943411044524694
21662780000.0,-62.868794241318795
21667778333.3,-63.59646129567292
21672776666.7,-63.35494717914479
21677775000.0,-62.36575016714114
21682773333.3,-63.098434712520884
21687771666.7,-63.27540715850854
21692770000.0,-62.79729534131289
21697768333.3,-62.70014802312657
21702766666.7,-62.78484697172446
21707765000.0,-63.408796072080236
21712763333.3,-62.57115148198813
21717761666.7,-62.68324627608194
21722760000.0,-62.55298315448339
21727758333.3,-62.493670725430846
21732756666.7,-62.115693089453366
21737755000.0,-62.06841358908174
21742753333.3,-62.47770809649029
21747751666.7,-61.198179148168634
21752750000.0,-62.66480413355487
21757748333.3,-62.600822036905264
21762746666.7,-62.62250847150131
21767745000.0,-63.04052580088378
21772743333.3,-62.9552231432441
21777741666.7,-62.20310348473103
21782740000.0,-61.9644700300325
21787738333.3,-62.52060042845852
21792736666.7,-61.90758768724044
21797735000.0,-61.67752006670065
21802733333.3,-62.99551162711572
21807731666.7,-61.88819134906194
21812730000.0,-62.09921106983825
21817728333.3,-61.949246536511964
21822726666.7,-61.34339703346539
21827725000.0,-62.54302819794637
21832723333.3,-62.516459812107726
21837721666.7,-62.92482574758344
21842720000.0,-63.04526726263652
21847718333.3,-62.38071327750007
21852716666.7,-64.38547731745169
21857715000.0,-63.33152802042147
21862713333.3,-64.18798676657299
21867711666.7,-62.869746957988184
21872710000.0,-64.52977194374463
21877708333.3,-63.50886886361921
21882706666.7,-64.89154519899449
21887705000.0,-63.59397795023596
21892703333.3,-62.93466570890638
21897701666.7,-64.35141417602082
21902700000.0,-63.89213577707959
21907698333.3,-64.22872365711524
21912696666.7,-64.1143449595619
21917695000.0,-63.066709805529314
21922693333.3,-62.7307044934684
21927691666.7,-62.96990531500781
21932690000.0,-62.83560882091186
21937688333.3,-63.035372469949
21942686666.7,-63.477381303689796
21947685000.0,-63.914194553858714
21952683333.3,-63.93654912680159
21957681666.7,-63.83832424233795
21962680000.0,-63.82353487633254
21967678333.3,-63.68861226687315
21972676666.7,-62.778968555448245
21977675000.0,-64.57789078299574
21982673333.3,-63.17267128256632
21987671666.7,-63.48667613772697
21992670000.0,-63.99439150414062
21997668333.3,-62.994271118324406
22002666666.7,-63.6337968286889
22007665000.0,-63.37359620937515
22012663333.3,-62.71968798153349
22017661666.7,-62.67111784526472
22022660000.0,-63.27314335811717
22027658333.3,-64.35687144792763
22032656666.7,-63.990073971947
22037655000.0,-64.0480351969905
22042653333.3,-63.74144305552158
22047651666.7,-63.93282679542226
22052650000.0,-63.098894605628075
22057648333.3,-63.40483305509448
22062646666.7,-61.99530497500554
22067645000.0,-62.945989719995794
22072643333.3,-62.458116338497916
22077641666.7,-63.167572245558084
22082640000.0,-62.70348116472554
22087638333.3,-63.48961753099373
22092636666.7,-63.82579365397305
22097635000.0,-63.588940468722726
22102633333.3,-62.86686247483015
22107631666.7,-63.103736799836405
22112630000.0,-62.939792358017776
22117628333.3,-63.15121365764003
22122626666.7,-63.957960623816525
22127625000.0,-63.32214884224403
22132623333.3,-64.25785112435247
22137621666.7,-63.99862196321948
22142620000.0,-62.674965321783546
22147618333.3,-63.17372844062292
22152616666.7,-62.63095844809448
22157615000.0,-63.09654111394495
22162613333.3,-63.76076066773883
22167611666.7,-62.47131240949177
22172610000.0,-64.20166525339837
22177608333.3,-64.095082608822
22182606666.7,-63.1847925035506
22187605000.0,-63.34739048156025
22192603333.3,-63.91357834729626
22197601666.7,-63.61061051344219
22202600000.0,-63.023394602846565
22207598333.3,-62.63197057499937
22212596666.7,-63.24072556182972
22217595000.0,-62.69199510313061
22222593333.3,-63.6978472935192
22227591666.7,-63.15589264694722
22232590000.0,-63.290562249696514
22237588333.3,-62.95903177931062
22242586666.7,-62.49650259498053
22247585000.0,-62.548617927746974
22252583333.3,-62.50760250695223
22257581666.7,-62.673172761452975
22262580000.0,-63.324002639752095
22267578333.3,-63.004893072709606
22272576666.7,-62.730892267213235
22277575000.0,-63.592691369747065
22282573333.3,-63.43502702912688
22287571666.7,-63.83576065264972
22292570000.0,-63.69390852775
22297568333.3,-63.372552394535084
22302566666.7,-62.96567711426768
22307565000.0,-64.10144356971804
22312563333.3,-63.6581609231627
22317561666.7,-64.24537200904757
22322560000.0,-64.1406312620986
22327558333.3,-63.875533104618334
22332556666.7,-63.12246243966544
22337555000.0,-63.83759944341011
22342553333.3,-63.77271559012119
22347551666.7,-63.610741974693006
22352550000.0,-64.33103954921638
22357548333.3,-63.75032878574327
22362546666.7,-64.23334358216391
22367545000.0,-63.70574205753509
22372543333.3,-62.596654595411
22377541666.7,-63.885912701514286
22382540000.0,-63.789869710564744
22387538333.3,-62.09988521012862
22392536666.7,-63.825679649884194
22397535000.0,-63.20164287446589
22402533333.3,-62.85206089769909
22407531666.7,-63.55013547933767
22412530000.0,-63.609762460591185
22417528333.3,-64.0451713430744
22422526666.7,-63.31074380595284
22427525000.0,-62.85981875671065
22432523333.3,-62.95389716619433
22437521666.7,-62.59814210461079
22442520000.0,-63.03903954602192
22447518333.3,-63.59800968378559
22452516666.7,-63.59588209398944
22457515000.0,-64.21353398490893
22462513333.3,-63.07571760084117
22467511666.7,-62.66215457425551
22472510000.0,-62.87359114355931
22477508333.3,-63.231436295458565
22482506666.7,-63.22149584626609
22487505000.0,-62.24975400275034
22492503333.3,-62.9000043954636
22497501666.7,-63.39087572079103
22502500000.0,-63.34884226100361
22507498333.3,-63.23128985060802
22512496666.7,-63.063641237734075
22517495000.0,-62.759227526245034
22522493333.3,-62.5403128677973
22527491666.7,-63.24297886995321
22532490000.0,-62.74637723148089
22537488333.3,-63.51130485850733
22542486666.7,-62.59486614979053
22547485000.0,-63.738869192235235
22552483333.3,-64.46728083672394
22557481666.7,-63.45465659197393
22562480000.0,-63.999988140113715
22567478333.3,-63.87995245344777
22572476666.7,-63.7525374218923
22577475000.0,-63.81906192875463
22582473333.3,-64.09672299164158
22587471666.7,-64.258687044775
22592470000.0,-64.8149891041097
22597468333.3,-64.24760427156437
22602466666.7,-64.6560534602308
22607465000.0,-64.39207410686465
22612463333.3,-64.45507107931411
22617461666.7,-64.02424934694625
22622460000.0,-64.39839103932876
22627458333.3,-64.01217987514035
22632456666.7,-64.18079954675395
22637455000.0,-64.57745701937039
22642453333.3,-64.92895818600779
22647451666.7,-64.87760820330575
22652450000.0,-64.2891075819838
22657448333.3,-64.73328375137831
22662446666.7,-64.04191021954269
22667445000.0,-63.77222338172612
22672443333.3,-63.96211424012739
22677441666.7,-63.80929751649348
22682440000.0,-63.95630118071488
22687438333.3,-64.59515265384263
22692436666.7,-64.74957530794956
22697435000.0,-63.48318435043669
22702433333.3,-64.36442400212826
22707431666.7,-63.7449092001372
22712430000.0,-63.821557521677235
22717428333.3,-63.85367221236003
22722426666.7,-64.12108838743227
22727425000.0,-63.83085149679136
22732423333.3,-64.25576681386141
22737421666.7,-63.35943831832529
22742420000.0,-63.85093394416388
22747418333.3,-64.61580342498073
22752416666.7,-64.55035740220146
22757415000.0,-64.51561529556598
22762413333.3,-63.74160366062622
22767411666.7,-64.332063944298
22772410000.0,-63.486700173888124
22777408333.3,-64.08453825750045
22782406666.7,-64.2619356683535
22787405000.0,-64.07391814057343
22792403333.3,-64.57863981432135
22797401666.7,-64.12548070006966
22802400000.0,-64.58237320537086
22807398333.3,-64.64238479479229
22812396666.7,-64.59048462649241
22817395000.0,-65.1096409587621
22822393333.3,-64.76313022301949
22827391666.7,-64.87521797601333
22832390000.0,-65.63065979852243
22837388333.3,-65.42435482110812
22842386666.7,-65.59550767311903
22847385000.0,-66.25359905797296
22852383333.3,-65.28715610767374
22857381666.7,-65.7984845012945
22862380000.0,-66.24022868576249
22867378333.3,-65.55027109230129
22872376666.7,-65.73558114343605
22877375000.0,-64.9557642968667
22882373333.3,-64.70354174283399
22887371666.7,-64.86551625309893
22892370000.0,-64.9068645562669
22897368333.3,-64.8073648186872
22902366666.7,-64.97884354944807
22907365000.0,-64.83601285955602
22912363333.3,-65.36420835024083
22917361666.7,-65.01312966862587
22922360000.0,-66.14796140729376
22927358333.3,-64.68404108450558
22932356666.7,-66.73407698176975
22937355000.0,-64.65884924590775
22942353333.3,-65.12134780737331
22947351666.7,-64.35821906751333
22952350000.0,-64.161729036951
22957348333.3,-65.08804724656754
22962346666.7,-65.61268106174856
22967345000.0,-64.08201252834948
22972343333.3,-64.4766813235731
22977341666.7,-65.277189610319
22982340000.0,-64.41342393198575
22987338333.3,-64.81903698436648
22992336666.7,-64.63239327707056
22997335000.0,-65.32790739430767
23002333333.3,-65.00084312592237
23007331666.7,-65.44112965126328
23012330000.0,-65.25314561546972
23017328333.3,-64.89013438538721
23022326666.7,-64.5285074136417
23027325000.0,-65.28712398705535
23032323333.3,-64.85769186536254
23037321666.7,-64.68663800373561
23042320000.0,-64.63584351891761
23047318333.3,-65.34595643091315
23052316666.7,-65.54954284180903
23057315000.0,-64.95024476176901
23062313333.3,-65.10580125225522
23067311666.7,-64.84467208392755
23072310000.0,-65.39709528869011
23077308333.3,-65.38267161269901
23082306666.7,-64.85324280150095
23087305000.0,-65.55604651968255
23092303333.3,-65.38571341173255
23097301666.7,-66.08974632935744
23102300000.0,-65.31935795981698
23107298333.3,-65.40670071673799
23112296666.7,-67.2204407041546
23117295000.0,-65.04080273851645
23122293333.3,-65.57819885274976
23127291666.7,-64.94704700780376
23132290000.0,-65.49618905717914
23137288333.3,-66.28516256431459
23142286666.7,-65.9218641577221
23147285000.0,-65.78853535750159
23152283333.3,-65.38589440849789
23157281666.7,-65.79457139424052
23162280000.0,-65.91117640208006
23167278333.3,-65.63184597006304
23172276666.7,-65.7096617778979
23177275000.0,-65.84125327724809
23182273333.3,-66.22939989296367
23187271666.7,-66.00980071232756
23192270000.0,-65.1141417390613
23197268333.3,-66.66373328839506
23202266666.7,-65.67655944229126
23207265000.0,-66.35838743497256
23212263333.3,-65.36821263515937
23217261666.7,-65.27959251263268
23222260000.0,-65.48843598492307
23227258333.3,-64.80838495100836
23232256666.7,-64.35283573574435
23237255000.0,-66.64559365683259
23242253333.3,-65.63971672907346
23247251666.7,-65.73370490874092
23252250000.0,-65.64379625915369
23257248333.3,-65.20642305729156
23262246666.7,-65.16997208815197
23267245000.0,-65.14387311148877
23272243333.3,-65.61355101306748
23277241666.7,-65.80860452191584
23282240000.0,-66.6397291775414
23287238333.3,-67.09829819393457
23292236666.7,-66.85555673253819
23297235000.0,-66.20440660374372
23302233333.3,-65.01394397722895
23307231666.7,-66.20071080419964
23312230000.0,-66.32540660804662
23317228333.3,-65.19372868176335
23322226666.7,-65.37103404903516
23327225000.0,-66.22986227150042
23332223333.3,-66.42878340328134
23337221666.7,-66.8504155885117
23342220000.0,-66.34323756033551
23347218333.3,-66.06917787449126
23352216666.7,-65.91181356309927
23357215000.0,-65.09175932775493
23362213333.3,-65.86959345738036
23367211666.7,-66.04174188191305
23372210000.0,-64.77271528436704
23377208333.3,-65.95177206630387
23382206666.7,-66.59913675844685
23387205000.0,-66.94055420865018
23392203333.3,-65.91934638307949
23397201666.7,-65.86997214232129
23402200000.0,-65.30819610453636
23407198333.3,-65.27336715124349
23412196666.7,-64.27446344897425
23417195000.0,-66.34835200678192
23422193333.3,-65.14304954548989
23427191666.7,-65.4393543807308
23432190000.0,-65.17527548898067
23437188333.3,-65.9115543971733
23442186666.7,-66.2915331039853
23447185000.0,-65.13141614420272
23452183333.3,-65.45499670252656
23457181666.7,-65.33254241308562
23462180000.0,-64.79402443414335
23467178333.3,-65.95825120423329
23472176666.7,-66.15931731497682
23477175000.0,-64.77184937537533
23482173333.3,-66.14053129364714
23487171666.7,-65.47753077914231
23492170000.0,-65.7441249797869
23497168333.3,-66.22728128894911
23502166666.7,-65.6076973739689
23507165000.0,-65.12441765405501
23512163333.3,-65.50188823989727
23517161666.7,-65.59610585311177
23522160000.0,-65.31064681141325
23527158333.3,-66.40974757867112
23532156666.7,-66.19441245796041
23537155000.0,-65.92053279569372
23542153333.3,-65.49898117197263
23547151666.7,-66.60429700948868
23552150000.0,-65.83559703971653
23557148333.3,-66.24290500029198
23562146666.7,-66.2162080599859
23567145000.0,-66.29656462945478
23572143333.3,-66.52750883477967
23577141666.7,-65.6844547196029
23582140000.0,-65.3738744119836
23587138333.3,-66.09335629268828
23592136666.7,-65.73038459193658
23597135000.0,-65.80020393418181
23602133333.3,-65.69225866493026
23607131666.7,-65.83071298373352
23612130000.0,-65.34645114231975
23617128333.3,-65.99123149835303
23622126666.7,-65.04004465228965
23627125000.0,-65.83079534162216
23632123333.3,-66.22994704545643
23637121666.7,-65.6475518756865
23642120000.0,-66.01085320423759
23647118333.3,-65.41328238453258
23652116666.7,-65.35242153100967
23657115000.0,-66.28090514152542
23662113333.3,-65.68626534779969
23667111666.7,-66.30072801083492
23672110000.0,-65.6059283406578
23677108333.3,-66.71328260667029
23682106666.7,-65.26370790721282
23687105000.0,-65.97313135955604
23692103333.3,-65.86614366772038
23697101666.7,-65.4687036597368
23702100000.0,-65.96854201644084
23707098333.3,-65.58658931882535
23712096666.7,-65.904853768083
23717095000.0,-66.16961241498954
23722093333.3,-65.87005408240185
23727091666.7,-64.95067821695777
23732090000.0,-65.61835645129585
23737088333.3,-66.0120890239156
23742086666.7,-65.41948273474992
23747085000.0,-66.4714403069463
23752083333.3,-66.18291274523163
23757081666.7,-65.59105012624389
23762080000.0,-66.40280113468835
23767078333.3,-66.21752812024373
23772076666.7,-65.42899755175269
23777075000.0,-65.52411485162536
23782073333.3,-65.52470680258351
23787071666.7,-65.58920896347155
23792070000.0,-66.20121712807246
23797068333.3,-66.0876500135407
23802066666.7,-67.75504724222414
23807065000.0,-65.92049115817613
23812063333.3,-65.82583276659652
23817061666.7,-65.00400923211234
23822060000.0,-64.69145360501143
23827058333.3,-66.24147783969873
23832056666.7,-65.10637217818875
23837055000.0,-65.71388706150205
23842053333.3,-66.54017337857519
23847051666.7,-65.70673224855399
23852050000.0,-65.5124277110732
23857048333.3,-65.74392377787603
23862046666.7,-65.3427007311024
23867045000.0,-64.96620233157982
23872043333.3,-65.74305203713561
23877041666.7,-66.0991162256367
23882040000.0,-66.26348867848765
23887038333.3,-66.37961014898495
23892036666.7,-65.67046717936582
23897035000.0,-66.33740374645193
23902033333.3,-64.88621339205493
23907031666.7,-65.61458484433376
23912030000.0,-64.97377464245447
23917028333.3,-65.3983853376786
23922026666.7,-65.71898126660413
23927025000.0,-65.09843082638542
23932023333.3,-65.72259960759973
23937021666.7,-64.57732930996089
23942020000.0,-67.1576771744858
23947018333.3,-65.74537686810481
23952016666.7,-65.66826898769096
23957015000.0,-65.02073013130766
23962013333.3,-65.63651947079066
23967011666.7,-65.98226814396226
23972010000.0,-66.95173038794752
23977008333.3,-66.04839299484088
23982006666.7,-66.39853282254559
23987005000.0,-65.7632535248895
23992003333.3,-66.23508456779273
23997001666.7,-66.48673194305867
24002000000.0,-65.51883686821087
24006998333.3,-67.23915325342037
24011996666.7,-63.48790686590598
24016995000.0,-65.33950284901834
24021993333.3,-65.39006253619598
24026991666.7,-64.8458496860487
24031990000.0,-62.56335670182995
24036988333.3,-63.888109744611015
24041986666.7,-66.76208918258739
24046985000.0,-64.17820956069073
24051983333.3,-65.47414478138899
24056981666.7,-64.6480448076768
24061980000.0,-72.23237714113255
24066978333.3,-65.860342434338
24071976666.7,-66.81965434262236
24076975000.0,-67.4717421441626
24081973333.3,-63.53591365594599
24086971666.7,-67.7797346476981
24091970000.0,-65.4691488617893
24096968333.3,-63.17228843828734
24101966666.7,-63.84022376087937
24106965000.0,-65.06483725075927
24111963333.3,-61.89529093104053
24116961666.7,-63.72822277912884
24121960000.0,-62.870605620728966
24126958333.3,-65.43110684517876
24131956666.7,-61.78713828187021
24136955000.0,-62.44825819044177
24141953333.3,-64.61296365528976
24146951666.7,-66.4975538617929
24151950000.0,-68.66541269995223
24156948333.3,-63.140172904945516
24161946666.7,-63.48289889211398
24166945000.0,-63.52159072901415
24171943333.3,-65.07313949743053
24176941666.7,-63.961958043759914
24181940000.0,-64.14620519827912
24186938333.3,-64.5514382131111
24191936666.7,-65.42214911163396
24196935000.0,-65.42458945594157
24201933333.3,-65.34198784516481
24206931666.7,-66.58894361757098
24211930000.0,-65.44584361268078
24216928333.3,-67.47677056203611
24221926666.7,-64.82217238491265
24226925000.0,-65.44472680223154
24231923333.3,-67.1503683573207
24236921666.7,-65.73702972731567
24241920000.0,-69.32050298773022
24246918333.3,-69.21782189577368
24251916666.7,-65.39497941643691
24256915000.0,-66.53795795576612
24261913333.3,-66.11825241002663
24266911666.7,-69.49192583156686
24271910000.0,-67.42057537404548
24276908333.3,-68.16379738155302
24281906666.7,-67.39006311930991
24286905000.0,-64.44720042047666
24291903333.3,-70.65112477577614
24296901666.7,-64.84558583886067
24301900000.0,-68.11263382692749
24306898333.3,-67.54351313326289
24311896666.7,-69.38289036624218
24316895000.0,-65.21495167292197
24321893333.3,-63.6217219006208
24326891666.7,-65.4141120322509
24331890000.0,-66.06176331251605
24336888333.3,-61.84794953026453
24341886666.7,-68.05781300579612
24346885000.0,-64.61066973155522
24351883333.3,-67.12657162734878
24356881666.7,-66.49276365540365
24361880000.0,-63.51588259459153
24366878333.3,-66.2765863740382
24371876666.7,-64.49924661668231
24376875000.0,-66.29097879751576
24381873333.3,-61.840149504736615
24386871666.7,-63.282511480080615
24391870000.0,-63.08516584835371
24396868333.3,-65.14929927981292
24401866666.7,-64.89082447628589
24406865000.0,-68.51247337566667
24411863333.3,-66.78887912401139
24416861666.7,-68.5910284312976
24421860000.0,-67.05236354015504
24426858333.3,-63.421462613685584
24431856666.7,-66.43826841006431
24436855000.0,-62.347290008135985
24441853333.3,-64.60058109538834
24446851666.7,-64.19047073496175
24451850000.0,-65.50713985890985
24456848333.3,-65.97970417645384
24461846666.7,-66.29302573351745
24466845000.0,-66.9340562912908
24471843333.3,-64.40163416324691
24476841666.7,-66.04393911170953
24481840000.0,-63.92569622126715
24486838333.3,-67.04451658049398
24491836666.7,-65.07036710102692
24496835000.0,-67.2949585357535
24501833333.3,-70.6955882706265
24506831666.7,-65.13447165179431
24511830000.0,-68.22741823518375
24516828333.3,-67.77395265226617
24521826666.7,-74.91119047959636
24526825000.0,-65.89257203973078
24531823333.3,-65.41570117892157
24536821666.7,-67.91427283337994
24541820000.0,-64.88329051964114
24546818333.3,-66.17573825707171
24551816666.7,-68.97276827636188
24556815000.0,-65.85532498935667
24561813333.3,-65.66047439035026
24566811666.7,-65.5241166438817
24571810000.0,-68.91873306598895
24576808333.3,-66.5278217511617
24581806666.7,-66.90264088292678
24586805000.0,-64.7712678195835
24591803333.3,-71.11196185912111
24596801666.7,-70.39223131234264
24601800000.0,-65.68097417898437
24606798333.3,-64.75528702518338
24611796666.7,-65.22930589394952
24616795000.0,-64.84580897757253
24621793333.3,-65.7285013229443
24626791666.7,-65.96773665632375
24631790000.0,-67.44479421789393
24636788333.3,-64.73119995834283
24641786666.7,-66.14223880278757
24646785000.0,-65.6508692608989
24651783333.3,-69.15148960430861
24656781666.7,-62.61328341353109
24661780000.0,-66.17121124735077
24666778333.3,-64.02523549273505
24671776666.7,-66.90892615502636
24676775000.0,-65.06406607775523
24681773333.3,-67.38996691151287
24686771666.7,-65.65624963529699
24691770000.0,-65.5275488662787
24696768333.3,-67.61836283389071
24701766666.7,-62.91237337948953
24706765000.0,-66.06625695869772
24711763333.3,-67.54994794412222
24716761666.7,-68.98709500833425
24721760000.0,-70.19415535778928
24726758333.3,-66.56416313596783
24731756666.7,-64.56603483974183
24736755000.0,-66.17705610421828
24741753333.3,-67.39838370059323
24746751666.7,-66.22374655679656
24751750000.0,-63.397310711045264
24756748333.3,-70.86249076398333
24761746666.7,-65.81099089874466
24766745000.0,-65.3935512411133
24771743333.3,-65.80401463460694
24776741666.7,-66.61153936401998
24781740000.0,-64.78558484856981
24786738333.3,-74.56784688552146
24791736666.7,-68.07894249456918
24796735000.0,-67.30448643376658
24801733333.3,-67.87077891345895
24806731666.7,-63.687582149377434
24811730000.0,-65.07322166635592
24816728333.3,-66.251184138892
24821726666.7,-67.37361864660205
24826725000.0,-65.4940047776755
24831723333.3,-67.14922954568105
24836721666.7,-67.06576478498661
24841720000.0,-65.89726090475042
24846718333.3,-67.05015298707755
24851716666.7,-66.53862905994774
24856715000.0,-64.25710681467909
24861713333.3,-69.47675542836963
24866711666.7,-69.01450996470314
24871710000.0,-65.86651195116373
24876708333.3,-64.74878092877435
24881706666.7,-63.9819661480911
24886705000.0,-65.86831586242042
24891703333.3,-67.77127605056037
24896701666.7,-69.44310082108518
24901700000.0,-67.62637027638716
24906698333.3,-65.32876158329123
24911696666.7,-67.73514720185224
24916695000.0,-68.11527767070558
24921693333.3,-69.16032211808007
24926691666.7,-65.59206472601326
24931690000.0,-66.78305568976117
24936688333.3,-66.84554427350074
24941686666.7,-64.1891418285859
24946685000.0,-64.72338836843616
24951683333.3,-72.65253728732061
24956681666.7,-70.98917286779682
24961680000.0,-69.80890756509379
24966678333.3,-69.31366177836136
24971676666.7,-67.9348329746537
24976675000.0,-66.27308614685121
24981673333.3,-64.18810746199432
24986671666.7,-68.98892242500415
24991670000.0,-69.92526772197598
24996668333.3,-67.1254769762841
25001666666.7,-71.02732604336802
25006665000.0,-66.38616449989951
25011663333.3,-70.54142700739314
25016661666.7,-67.37103102145039
25021660000.0,-71.44914872366539
25026658333.3,-68.94089189740558
25031656666.7,-68.65617696052526
25036655000.0,-67.40746442703971
25041653333.3,-67.52190982726832
25046651666.7,-67.54485283115092
25051650000.0,-67.98859068978781
25056648333.3,-64.40456280746965
25061646666.7,-68.07326128616678
25066645000.0,-72.2386165987019
25071643333.3,-68.94694632383187
25076641666.7,-68.89578372726932
25081640000.0,-66.72273012790137
25086638333.3,-65.46855517503604
25091636666.7,-70.09342581314692
25096635000.0,-65.32083656336496
25101633333.3,-67.10665383943339
25106631666.7,-70.78749942907505
25111630000.0,-70.50639525422689
25116628333.3,-66.48726526424463
25121626666.7,-67.0315590266429
25126625000.0,-65.89187860632174
25131623333.3,-67.11686524665727
25136621666.7,-67.69834559919984
25141620000.0,-75.19728779352734
25146618333.3,-67.3920726914886
25151616666.7,-67.03194754883951
25156615000.0,-67.8393105672431
25161613333.3,-69.2895005700056
25166611666.7,-68.10525131004617
25171610000.0,-67.14168714274429
25176608333.3,-65.80982573984157
25181606666.7,-67.67149816811545
25186605000.0,-68.17509144913254
25191603333.3,-68.22001568834187
25196601666.7,-65.94755427140753
25201600000.0,-69.03677568989865
25206598333.3,-70.44410538184178
25211596666.7,-66.96104726336023
25216595000.0,-67.74310198179491
25221593333.3,-65.79521602744322
25226591666.7,-71.68379562523418
25231590000.0,-66.36311525816274
25236588333.3,-68.57177389642787
25241586666.7,-66.72514265352122
25246585000.0,-72.0437532392556
25251583333.3,-67.62338121727849
25256581666.7,-69.4247215520691
25261580000.0,-68.11495412374802
25266578333.3,-69.0484288991239
25271576666.7,-70.49276758506379
25276575000.0,-69.99823582972358
25281573333.3,-72.18821544703164
25286571666.7,-69.22941895981401
25291570000.0,-71.68211366437205
25296568333.3,-69.79314109301903
25301566666.7,-65.12003294520645
25306565000.0,-66.76309742509815
25311563333.3,-67.53807357266174
25316561666.7,-65.6417796158835
25321560000.0,-69.02169124878526
25326558333.3,-66.32496745828742
25331556666.7,-70.11454310608883
25336555000.0,-65.24711307327061
25341553333.3,-68.52806345468612
25346551666.7,-67.74036643233936
25351550000.0,-72.62869631912697
25356548333.3,-70.65455805971924
25361546666.7,-70.54526561600679
25366545000.0,-67.90913244973422
25371543333.3,-67.41643395296437
25376541666.7,-67.9936346496125
25381540000.0,-69.65714244074971
25386538333.3,-70.1655753262881
25391536666.7,-63.74679323231611
25396535000.0,-67.71128482892169
25401533333.3,-71.85286299251915
25406531666.7,-65.1614399272892
25411530000.0,-66.32434273536754
25416528333.3,-67.88403627904822
25421526666.7,-66.17197786151655
25426525000.0,-72.37046788852261
25431523333.3,-68.57608561426099
25436521666.7,-67.32690594140308
25441520000.0,-68.93439766625681
25446518333.3,-66.0094934488471
25451516666.7,-69.60224917325579
25456515000.0,-67.69504028939063
25461513333.3,-68.12088531865824
25466511666.7,-72.05903814720905
25471510000.0,-71.35437302580839
25476508333.3,-67.23706212001555
25481506666.7,-67.81518438127796
25486505000.0,-67.31236688244798
25491503333.3,-68.5894265334436
25496501666.7,-68.3199223484234
25501500000.0,-66.61650992447098
25506498333.3,-67.73357194269443
25511496666.7,-66.37037849993939
25516495000.0,-66.35395297088536
25521493333.3,-66.06715888934329
25526491666.7,-67.85744464469862
25531490000.0,-67.9807409091685
25536488333.3,-70.28507608097169
25541486666.7,-67.49648479015472
25546485000.0,-66.00363277719451
25551483333.3,-74.6984017288972
25556481666.7,-77.08757940832682
25561480000.0,-69.41941449247336
25566478333.3,-64.50045593051979
25571476666.7,-69.95444897673212
25576475000.0,-69.53868942506301
25581473333.3,-66.02238972223373
25586471666.7,-69.8707437912098
25591470000.0,-67.50289515484087
25596468333.3,-64.71019119714524
25601466666.7,-74.84551045900128
25606465000.0,-71.08169210576521
25611463333.3,-67.7950073995634
25616461666.7,-65.88897715226382
25621460000.0,-70.71700483835042
25626458333.3,-66.22456102665075
25631456666.7,-65.3186958987507
25636455000.0,-67.87063390207683
25641453333.3,-71.62815367428743
25646451666.7,-72.88278450084368
25651450000.0,-69.77320736250279
25656448333.3,-80.66488243430834
25661446666.7,-69.38436745342253
25666445000.0,-65.41396314286229
25671443333.3,-72.56561647053212
25676441666.7,-68.13686228872356
25681440000.0,-64.6469785553923
25686438333.3,-70.04240369900694
25691436666.7,-66.60909593713357
25696435000.0,-67.22522869612698
25701433333.3,-70.97070722979629
25706431666.7,-71.89307202854383
25711430000.0,-70.40262918749852
25716428333.3,-69.7888558833078
25721426666.7,-69.76846166065937
25726425000.0,-67.83068186836049
25731423333.3,-65.6427534120609
25736421666.7,-66.80921291328798
25741420000.0,-66.57485117519334
25746418333.3,-65.39865620964767
25751416666.7,-66.6011745203975
25756415000.0,-70.44873541108318
25761413333.3,-67.78274504337564
25766411666.7,-68.21283514685406
25771410000.0,-66.41990539958255
25776408333.3,-67.14442460275863
25781406666.7,-70.30623870905488
25786405000.0,-71.94889768932846
25791403333.3,-69.51300770527591
25796401666.7,-68.41440931260566
25801400000.0,-68.47996847004902
25806398333.3,-67.74277448507301
25811396666.7,-65.1570415488308
25816395000.0,-68.52173808730376
25821393333.3,-70.25357256947706
25826391666.7,-75.36598083483015
25831390000.0,-64.63390248145653
25836388333.3,-74.46603201202075
25841386666.7,-68.33343848760846
25846385000.0,-65.7679733859559
25851383333.3,-73.96922583283032
25856381666.7,-73.72245394285004
25861380000.0,-65.9533384703872
25866378333.3,-68.33168512592601
25871376666.7,-70.73723556660879
25876375000.0,-68.61837955911005
25881373333.3,-71.11525529642977
25886371666.7,-70.14791640671265
25891370000.0,-67.73984353685418
25896368333.3,-72.2521116888683
25901366666.7,-72.3436337741255
25906365000.0,-69.77733827339455
25911363333.3,-69.56011316388278
25916361666.7,-71.02307223853362
25921360000.0,-69.37615158878705
25926358333.3,-73.11366538578197
25931356666.7,-73.60795654697856
25936355000.0,-68.25397685347464
25941353333.3,-69.50284899865898
25946351666.7,-71.33284491551822
25951350000.0,-73.01017347917296
25956348333.3,-68.90297512082738
25961346666.7,-67.60201441774831
25966345000.0,-74.30870086499026
25971343333.3,-68.56372069052364
25976341666.7,-67.52877263269733
25981340000.0,-68.64979343906117
25986338333.3,-80.31116607610488
25991336666.7,-68.39471191796513
25996335000.0,-71.54406794585225
26001333333.3,-68.90186777662053
26006331666.7,-75.03238468307978
26011330000.0,-70.02913346565644
26016328333.3,-70.5060390753969
26021326666.7,-69.91262417829168
26026325000.0,-70.37103401089347
26031323333.3,-67.53590232797629
26036321666.7,-71.54791322144953
26041320000.0,-70.12088968288589
26046318333.3,-76.40157174823064
26051316666.7,-65.9453588502379
26056315000.0,-69.43457505029592
26061313333.3,-72.1679529741546
26066311666.7,-69.93970191747044
26071310000.0,-69.1876066203819
26076308333.3,-68.15403094978012
26081306666.7,-72.3183414724077
26086305000.0,-72.6977423850952
26091303333.3,-75.03209631252764
26096301666.7,-68.56326271428591
26101300000.0,-68.80915471672198
26106298333.3,-65.79431642483851
26111296666.7,-71.04216380004507
26116295000.0,-69.34052386853898
26121293333.3,-72.25418387769462
26126291666.7,-74.75401160117602
26131290000.0,-73.03146688141022
26136288333.3,-73.33557005210568
26141286666.7,-69.39929829748748
26146285000.0,-71.22527170462268
26151283333.3,-68.47367000026954
26156281666.7,-65.44269873753815
26161280000.0,-81.60839221709608
26166278333.3,-69.41241138932565
26171276666.7,-67.76309815775478
26176275000.0,-70.64628747326219
26181273333.3,-68.95367255566111
26186271666.7,-71.22820939340156
26191270000.0,-69.94595342210802
26196268333.3,-70.24725472495535
26201266666.7,-69.51223569968892
26206265000.0,-78.614119030492
26211263333.3,-67.46390358938613
26216261666.7,-71.39054607767902
26221260000.0,-76.33257157363408
26226258333.3,-68.9272056153747
26231256666.7,-74.23167012339397
26236255000.0,-74.13592682584438
26241253333.3,-70.5940149480894
26246251666.7,-69.3659003448906
26251250000.0,-67.83280599752425
26256248333.3,-72.92040458035228
26261246666.7,-71.16129214506773
26266245000.0,-68.49758241724459
26271243333.3,-67.03698468817008
26276241666.7,-69.26828497895022
26281240000.0,-69.86387862250406
26286238333.3,-69.65236641482153
26291236666.7,-76.18796747201456
26296235000.0,-71.52731699220607
26301233333.3,-70.07375685822687
26306231666.7,-67.01618437271834
26311230000.0,-70.57516494163589
26316228333.3,-71.2280812827849
26321226666.7,-67.44610408672993
26326225000.0,-67.58678019660377
26331223333.3,-75.63182475854826
26336221666.7,-71.37542550212888
26341220000.0,-68.49665327551342
26346218333.3,-67.08777844905427
26351216666.7,-71.72827370155636
26356215000.0,-73.0608344059312
26361213333.3,-70.48259032967022
26366211666.7,-69.39068010932718
26371210000.0,-73.91951993526555
26376208333.3,-71.38668578090237
26381206666.7,-68.24574838893474
26386205000.0,-73.67164337971764
26391203333.3,-77.07947239317097
26396201666.7,-72.79946847169656
26401200000.0,-75.44552985153297
26406198333.3,-73.99112252497099
26411196666.7,-71.34515393447151
26416195000.0,-70.75394430120848
26421193333.3,-72.66152260757097
26426191666.7,-69.12991801189348
26431190000.0,-69.6356361910753
26436188333.3,-68.02211737791016
26441186666.7,-69.82423214728394
26446185000.0,-69.45673895013906
26451183333.3,-69.03163947644623
26456181666.7,-71.7058198133948
26461180000.0,-71.75104688109292
26466178333.3,-69.7091371379763
26471176666.7,-69.51228076321588
26476175000.0,-71.24915308609462
26481173333.3,-71.19090901751281
26486171666.7,-71.76329530397864
26491170000.0,-72.46677693220605
26496168333.3,-79.36400729529157
26501166666.7,-71.97150894516942
26506165000.0,-71.33022232317218
26511163333.3,-72.21737376634927
26516161666.7,-76.31279151410484
26521160000.0,-65.15010658629112
26526158333.3,-69.4584011721548
26531156666.7,-70.6791408494725
26536155000.0,-67.12186779430537
26541153333.3,-68.03861040954838
26546151666.7,-71.13152333364002
26551150000.0,-68.00696767057062
26556148333.3,-70.54309865010008
26561146666.7,-71.31793832279894
26566145000.0,-74.71008959068901
26571143333.3,-69.51041893960108
26576141666.7,-73.9882303760414
26581140000.0,-70.48310303145709
26586138333.3,-76.03049605137615
26591136666.7,-68.46916452542531
26596135000.0,-71.20154137158296
26601133333.3,-65.90713528552283
26606131666.7,-69.41340287719893
26611130000.0,-72.01121197640082
26616128333.3,-66.96022952382974
26621126666.7,-68.22667122341159
26626125000.0,-73.9868225900348
26631123333.3,-74.75217183950551
26636121666.7,-74.17358076746564
26641120000.0,-71.26295967903604
26646118333.3,-73.67121016919926
26651116666.7,-67.75501513345064
26656115000.0,-73.1200721418211
26661113333.3,-68.37709449834111
26666111666.7,-68.91737615103739
26671110000.0,-75.23866885573901
26676108333.3,-84.08457196278539
26681106666.7,-71.00931709750542
26686105000.0,-74.07233272254096
26691103333.3,-70.55049225256779
26696101666.7,-70.06669628019222
26701100000.0,-68.04625809352088
26706098333.3,-73.98865208817399
26711096666.7,-68.65175606615142
26716095000.0,-73.67023765892968
26721093333.3,-73.29281032335726
26726091666.7,-70.79833596833426
26731090000.0,-68.25934030079834
26736088333.3,-71.5406233047129
26741086666.7,-69.70838079951444
26746085000.0,-65.27897069755306
26751083333.3,-72.74616323593823
26756081666.7,-68.64977634870412
26761080000.0,-73.55128559571396
26766078333.3,-76.700457560985
26771076666.7,-68.75430825263524
26776075000.0,-69.20368604328306
26781073333.3,-71.58670298728632
26786071666.7,-71.02965632736772
26791070000.0,-71.10475668727554
26796068333.3,-69.83935920684381
26801066666.7,-68.75311039032519
26806065000.0,-68.74324412072326
26811063333.3,-70.85837881096005
26816061666.7,-68.90782734001213
26821060000.0,-67.84124160437045
26826058333.3,-72.79692648781474
26831056666.7,-67.85596753853028
26836055000.0,-70.58012513382076
26841053333.3,-67.77160329528456
26846051666.7,-69.41403069273115
26851050000.0,-76.57522061253559
26856048333.3,-73.04566306003031
26861046666.7,-66.92266613012255
26866045000.0,-70.16266902860167
26871043333.3,-71.61507111025901
26876041666.7,-66.77085506812628
26881040000.0,-72.26617338128074
26886038333.3,-73.09964561643457
26891036666.7,-75.29468413264131
26896035000.0,-71.49615620991018
26901033333.3,-65.70462947622532
26906031666.7,-68.05373946617723
26911030000.0,-70.0031662755609
26916028333.3,-69.30498354187945
26921026666.7,-75.06628983596089
26926025000.0,-69.02954718826211
26931023333.3,-69.2386902952939
26936021666.7,-73.87629553827949
26941020000.0,-70.43853478416598
26946018333.3,-72.19851344203818
26951016666.7,-69.68692858760961
26956015000.0,-70.719375656779
26961013333.3,-68.28306731494646
26966011666.7,-73.8742711228691
26971010000.0,-70.17467708621312
26976008333.3,-69.82142444459379
26981006666.7,-67.66129372813744
26986005000.0,-71.4173401360195
26991003333.3,-74.35120237880338
26996001666.7,-72.3105499613544
27001000000.0,-75.15036977541592
27005998333.3,-76.60575821992785
27010996666.7,-75.52748413203639
27015995000.0,-72.91349932870577
27020993333.3,-75.39859368671279
27025991666.7,-74.10464233730653
27030990000.0,-71.38277497857955
27035988333.3,-70.46595090254407
27040986666.7,-70.49880301926508
27045985000.0,-77.32776562575043
27050983333.3,-82.662203339041
27055981666.7,-71.97616736644436
27060980000.0,-68.84879515154138
27065978333.3,-70.89224636654221
27070976666.7,-78.8995484749849
27075975000.0,-72.35183765635529
27080973333.3,-70.75439292785268
27085971666.7,-71.09468890043632
27090970000.0,-69.26900781857418
27095968333.3,-77.17885210705874
27100966666.7,-67.48017652192381
27105965000.0,-68.30521670247404
27110963333.3,-76.74149094358184
27115961666.7,-69.45923786356518
27120960000.0,-70.17062964250479
27125958333.3,-70.52232737210421
27130956666.7,-69.0904059149454
27135955000.0,-68.6398266252873
27140953333.3,-70.68884940687641
27145951666.7,-67.4725195920263
27150950000.0,-69.38477800347843
27155948333.3,-70.2998112240277
27160946666.7,-71.64025993421289
27165945000.0,-71.71677420323606
27170943333.3,-74.89543065695904
27175941666.7,-71.12466425127526
27180940000.0,-72.64932121596931
27185938333.3,-75.22386364667108
27190936666.7,-71.51512212240713
27195935000.0,-79.80889298373567
27200933333.3,-78.32712068645115
27205931666.7,-68.61522611359786
27210930000.0,-75.44476311017394
27215928333.3,-67.2825942113908
27220926666.7,-74.404432924594
27225925000.0,-72.0143824878768
27230923333.3,-73.54371285714515
27235921666.7,-72.87633450655105
27240920000.0,-70.77728132177614
27245918333.3,-78.32004108460237
27250916666.7,-73.4578602914092
27255915000.0,-72.01086885894516
27260913333.3,-74.45160761290032
27265911666.7,-76.42173796267927
27270910000.0,-79.93303850942071
27275908333.3,-70.89243822375754
27280906666.7,-75.10866172869288
27285905000.0,-76.98729489968103
27290903333.3,-76.83012306894271
27295901666.7,-75.21127340087733
27300900000.0,-68.15017660617863
27305898333.3,-68.76030030074003
27310896666.7,-68.88312553924581
27315895000.0,-77.06139217860215
27320893333.3,-70.52911714921993
27325891666.7,-72.53597049488211
27330890000.0,-81.95098663395427
27335888333.3,-77.45387884767335
27340886666.7,-78.81875230398217
27345885000.0,-72.33695946618546
27350883333.3,-72.93895321698876
27355881666.7,-72.2350085856238
27360880000.0,-72.77286764863685
27365878333.3,-72.6714669190683
27370876666.7,-71.40972776957042
27375875000.0,-76.1056864598336
27380873333.3,-77.1493502767047
27385871666.7,-75.63138855713069
27390870000.0,-69.98092227372047
27395868333.3,-75.84283706534362
27400866666.7,-78.43121900071765
27405865000.0,-68.80373447647949
27410863333.3,-77.84944183812766
27415861666.7,-73.58000232864129
27420860000.0,-77.32738426593245
27425858333.3,-77.16426060053072
27430856666.7,-73.61130553338546
27435855000.0,-74.05760574024359
27440853333.3,-72.542492457039
27445851666.7,-72.95082816277295
27450850000.0,-81.44687883285678
27455848333.3,-71.95128846569348
27460846666.7,-74.49623318272567
27465845000.0,-78.90971751108138
27470843333.3,-79.8095415425149
27475841666.7,-71.03012879319843
27480840000.0,-74.87887766991338
27485838333.3,-71.60868344688565
27490836666.7,-70.3004494577514
27495835000.0,-69.3792467366541
27500833333.3,-72.03974922910173
27505831666.7,-75.58661144089311
27510830000.0,-80.74507375283908
27515828333.3,-74.4152859306311
27520826666.7,-83.96006162753577
27525825000.0,-74.89857734352631
27530823333.3,-69.44217710800147
27535821666.7,-73.95771135318111
27540820000.0,-82.81022581782594
27545818333.3,-71.93722773760639
27550816666.7,-78.4744769729179
27555815000.0,-76.68650107513966
27560813333.3,-77.09718496294178
27565811666.7,-85.64025086973338
27570810000.0,-78.32706903662141
27575808333.3,-71.03603020514625
27580806666.7,-72.06025472225531
27585805000.0,-76.22940188820237
27590803333.3,-77.8413566616594
27595801666.7,-71.19849450750218
27600800000.0,-73.27687659655248
27605798333.3,-70.50071731169706
27610796666.7,-76.0950706767973
27615795000.0,-74.06944616129296
27620793333.3,-74.25232400964275
27625791666.7,-67.57580533232829
27630790000.0,-69.67611592633853
27635788333.3,-76.29305558549653
27640786666.7,-80.35255742824553
27645785000.0,-71.1499636962379
27650783333.3,-76.55361383814851
27655781666.7,-70.87550502988486
27660780000.0,-74.53747658125916
27665778333.3,-73.16467363296428
27670776666.7,-73.2798963735151
27675775000.0,-74.77981916903146
27680773333.3,-74.07789425192179
27685771666.7,-80.52551739965445
27690770000.0,-75.39926887528853
27695768333.3,-77.61966676333932
27700766666.7,-71.76387301088101
27705765000.0,-79.03635341657635
27710763333.3,-77.69377341187794
27715761666.7,-69.70135460790583
27720760000.0,-69.1096093759917
27725758333.3,-74.8401246256011
27730756666.7,-71.71736259441931
27735755000.0,-72.68165783836159
27740753333.3,-87.9705754118116
27745751666.7,-77.93707533613008
27750750000.0,-70.25778721435204
27755748333.3,-81.6254310652519
27760746666.7,-76.0626835779752
27765745000.0,-75.65571970588331
27770743333.3,-73.3527484799484
27775741666.7,-69.14690987118226
27780740000.0,-75.53101962303423
27785738333.3,-72.75566369419845
27790736666.7,-73.79420594803233
27795735000.0,-70.99918703611561
27800733333.3,-71.03988315950525
27805731666.7,-70.14170139616583
27810730000.0,-78.82414034712004
27815728333.3,-78.80183594098776
27820726666.7,-71.89451907195667
27825725000.0,-74.34923936280772
27830723333.3,-78.72515281009044
27835721666.7,-75.83600322778635
27840720000.0,-78.63432661164512
27845718333.3,-77.33302409856593
27850716666.7,-74.26157243287528
27855715000.0,-81.5447269604488
27860713333.3,-69.02075900178131
27865711666.7,-77.24409246721588
27870710000.0,-79.52481027485837
27875708333.3,-72.35062718034
27880706666.7,-84.65998925405233
27885705000.0,-73.38929728519264
27890703333.3,-84.38479625510602
27895701666.7,-73.21013692757684
27900700000.0,-69.3992257480141
27905698333.3,-71.48727307876187
27910696666.7,-70.39805631353852
27915695000.0,-82.87536463477664
27920693333.3,-77.3499551985305
27925691666.7,-73.390324799176
27930690000.0,-70.49466383402887
27935688333.3,-85.35673543940403
27940686666.7,-68.97010926715564
27945685000.0,-77.93892877904804
27950683333.3,-78.76293868125714
27955681666.7,-70.54369385568525
27960680000.0,-94.20293240399721
27965678333.3,-74.73609062429281
27970676666.7,-84.71498655297226
27975675000.0,-73.44309510098937
27980673333.3,-76.16588924287393
27985671666.7,-74.97056162458853
27990670000.0,-79.9391675846719
27995668333.3,-74.89092317045788
28000666666.7,-72.83417806642765
28005665000.0,-74.0625478801575
28010663333.3,-72.85126343821122
28015661666.7,-79.14598436432917
28020660000.0,-74.42312792427683
28025658333.3,-80.0869036149051
28030656666.7,-79.12596496622861
28035655000.0,-77.09700086975884
28040653333.3,-71.15545119890601
28045651666.7,-74.70579475258697
28050650000.0,-82.5467760643661
28055648333.3,-79.45088064726092
28060646666.7,-79.8382840345358
28065645000.0,-91.33155594701101
28070643333.3,-79.23214234188605
28075641666.7,-76.05645595475113
28080640000.0,-73.48600652252533
28085638333.3,-74.31920142585697
28090636666.7,-73.24356317124827
28095635000.0,-77.28447731663904
28100633333.3,-73.81463718373455
28105631666.7,-75.75802888009856
28110630000.0,-73.87318694043876
28115628333.3,-75.40058458497106
28120626666.7,-79.06555715994125
28125625000.0,-87.64150488755843
28130623333.3,-75.01784811219117
28135621666.7,-70.40139488950486
28140620000.0,-73.51144803723113
28145618333.3,-83.9570166316366
28150616666.7,-73.03066211102036
28155615000.0,-78.62871895919045
28160613333.3,-74.73935843539341
28165611666.7,-70.85583513670298
28170610000.0,-74.347564432609
28175608333.3,-75.28059959141083
28180606666.7,-74.49700749044405
28185605000.0,-71.78882550377685
28190603333.3,-69.88562557746056
28195601666.7,-75.18303358489463
28200600000.0,-72.63978655285642
28205598333.3,-76.4206512652473
28210596666.7,-77.39198617270696
28215595000.0,-76.69212099939602
28220593333.3,-76.68449186211225
28225591666.7,-77.33415807624246
28230590000.0,-77.17332204791778
28235588333.3,-71.50422420708936
28240586666.7,-73.80213024949495
28245585000.0,-76.94258920112614
28250583333.3,-76.73033489646342
28255581666.7,-78.24790207129678
28260580000.0,-76.2506349257612
28265578333.3,-78.03578403085683
28270576666.7,-79.07331757749458
28275575000.0,-80.16068124939056
28280573333.3,-72.20011676159389
28285571666.7,-78.2628060725108
28290570000.0,-72.90692808279151
28295568333.3,-79.48546922639237
28300566666.7,-79.02967645911501
28305565000.0,-70.04296586375612
28310563333.3,-82.18293956497607
28315561666.7,-78.42901735469987
28320560000.0,-79.51688186358128
28325558333.3,-81.795317725704
28330556666.7,-72.07799134256543
28335555000.0,-77.43879494142676
28340553333.3,-84.25665273407279
28345551666.7,-72.9577443722164
28350550000.0,-71.84082744331292
28355548333.3,-86.65886555316341
28360546666.7,-76.04559407543755
28365545000.0,-81.66062706569537
28370543333.3,-77.36770815287834
28375541666.7,-84.49246716074563
28380540000.0,-77.29369730878679
28385538333.3,-76.80965360732165
28390536666.7,-75.64478555572674
28395535000.0,-75.48685872044446
28400533333.3,-81.55540713513045
28405531666.7,-81.90667505243542
28410530000.0,-74.131169885181
28415528333.3,-76.20189355684063
28420526666.7,-77.74345227237404
28425525000.0,-74.11188005118153
28430523333.3,-76.6465947415629
28435521666.7,-75.43448875439866
28440520000.0,-79.06289979290365
28445518333.3,-78.95770765434801
28450516666.7,-76.30302937623489
28455515000.0,-72.50903006953335
28460513333.3,-72.02566088439843
28465511666.7,-86.308613918317
28470510000.0,-67.92023434021996
28475508333.3,-80.52029072309648
28480506666.7,-72.01762222948625
28485505000.0,-70.0608212045434
28490503333.3,-78.24971309285485
28495501666.7,-78.88349005864293
28500500000.0,-73.90191048206275
28505498333.3,-72.29988652629622
28510496666.7,-78.79204402070998
28515495000.0,-76.1299199134341
28520493333.3,-84.94028997954337
28525491666.7,-73.65369985339211
28530490000.0,-77.17983681166439
28535488333.3,-91.12792639219032
28540486666.7,-75.23422154563838
28545485000.0,-79.08878820713647
28550483333.3,-75.9353371608758
28555481666.7,-75.50646992771283
28560480000.0,-77.24812090379599
28565478333.3,-78.06904468098594
28570476666.7,-77.3334138894268
28575475000.0,-79.42363121292058
28580473333.3,-77.6258644529074
28585471666.7,-71.91754942063044
28590470000.0,-88.21027786102071
28595468333.3,-75.93872678540605
28600466666.7,-76.59320435219742
28605465000.0,-84.2915807605616
28610463333.3,-81.00336979268002
28615461666.7,-86.16533864184828
28620460000.0,-72.57264543995623
28625458333.3,-71.4587399236493
28630456666.7,-76.32506304036227
28635455000.0,-80.84240560952976
28640453333.3,-72.46938401000051
28645451666.7,-83.84316494259397
28650450000.0,-78.64100828020537
28655448333.3,-81.32933792998999
28660446666.7,-76.46910454968496
28665445000.0,-75.53316669845016
28670443333.3,-81.78398833150213
28675441666.7,-83.05941706068965
28680440000.0,-73.11332271275728
28685438333.3,-76.60640737049911
28690436666.7,-75.72184182433028
28695435000.0,-74.92108653225343
28700433333.3,-70.08830508829912
28705431666.7,-75.95733465527448
28710430000.0,-73.65409935182161
28715428333.3,-77.71156677141052
28720426666.7,-86.69357677080689
28725425000.0,-78.34507522108991
28730423333.3,-76.34538092560184
28735421666.7,-76.17708551176952
28740420000.0,-91.52008289433041
28745418333.3,-77.67054414599345
28750416666.7,-73.5669982281154
28755415000.0,-74.39990051954625
28760413333.3,-74.74109858376785
28765411666.7,-82.26946008015516
28770410000.0,-76.48597117014221
28775408333.3,-74.41346571522783
28780406666.7,-74.72550609474825
28785405000.0,-76.14281205781306
28790403333.3,-81.37197432814287
28795401666.7,-83.0796852320633
28800400000.0,-77.74658564252336
28805398333.3,-73.08032458305136
28810396666.7,-74.65060137256535
28815395000.0,-79.51658106967089
28820393333.3,-81.1682641658924
28825391666.7,-84.46078825668812
28830390000.0,-79.09484815452082
28835388333.3,-74.72333670531701
28840386666.7,-70.69127791349976
28845385000.0,-72.63486770343546
28850383333.3,-74.39520899031618
28855381666.7,-87.56913776991071
28860380000.0,-73.43031457056706
28865378333.3,-74.79630838871385
28870376666.7,-93.0920920041275
28875375000.0,-81.88622069709616
28880373333.3,-74.33767850306431
28885371666.7,-77.35846590759964
28890370000.0,-75.55374788966974
28895368333.3,-80.44031962422132
28900366666.7,-78.94036876550157
28905365000.0,-73.02004740443085
28910363333.3,-76.51872662270495
28915361666.7,-77.42841675116088
28920360000.0,-78.63719119077224
28925358333.3,-75.65170484800387
28930356666.7,-80.43033817529299
28935355000.0,-87.42672922897893
28940353333.3,-76.41617284184187
28945351666.7,-74.55324227326126
28950350000.0,-93.2470847874446
28955348333.3,-78.7373012637059
28960346666.7,-105.46995689881476
28965345000.0,-77.11729752180156
28970343333.3,-78.15876092543327
28975341666.7,-78.32355063687649
28980340000.0,-74.36560471513617
28985338333.3,-77.47622523618483
28990336666.7,-81.78696092868728
28995335000.0,-85.43413286149752
29000333333.3,-71.01452257300627
29005331666.7,-82.59902923059764
29010330000.0,-77.684301135632
29015328333.3,-73.48862603516994
29020326666.7,-72.25288509266379
29025325000.0,-87.47747008562865
29030323333.3,-79.37916564873677
29035321666.7,-72.64823961602465
29040320000.0,-89.92067921309612
29045318333.3,-77.23911399243762
29050316666.7,-83.34929611455749
29055315000.0,-82.09211240481275
29060313333.3,-83.79327756206443
29065311666.7,-82.77669151072385
29070310000.0,-71.90941580865045
29075308333.3,-80.04616668347863
29080306666.7,-79.0335746700007
29085305000.0,-84.24651141730376
29090303333.3,-78.84174032219042
29095301666.7,-84.53240307291526
29100300000.0,-87.44231852996475
29105298333.3,-73.63408404481439
29110296666.7,-86.67825776379614
29115295000.0,-81.93189542066679
29120293333.3,-73.98313314653534
29125291666.7,-71.9436798815021
29130290000.0,-79.11634802791949
29135288333.3,-78.36155912323419
29140286666.7,-79.18223899996474
29145285000.0,-78.38863734577967
29150283333.3,-75.46021571143342
29155281666.7,-79.87472228656604
29160280000.0,-75.82605303157396
29165278333.3,-75.13489061731411
29170276666.7,-77.24657696774489
29175275000.0,-72.36328879873426
29180273333.3,-77.63148789698295
29185271666.7,-86.49472187360935
29190270000.0,-75.41365265320854
29195268333.3,-74.14092950816325
29200266666.7,-75.49944493217558
29205265000.0,-77.63761843491987
29210263333.3,-68.09594569104833
29215261666.7,-102.93707902106647
29220260000.0,-73.9757695734133
29225258333.3,-73.39645629943413
29230256666.7,-78.34850159121501
29235255000.0,-75.72722345703788
29240253333.3,-78.8351951184511
29245251666.7,-76.71814658755221
29250250000.0,-72.36794066422958
29255248333.3,-80.58264219106664
29260246666.7,-75.2842111353868
29265245000.0,-75.17831236970899
29270243333.3,-73.5138203567913
29275241666.7,-78.12440705187554
29280240000.0,-79.90188285921661
29285238333.3,-79.35036962502777
29290236666.7,-74.83342246625192
29295235000.0,-98.35436801313207
29300233333.3,-75.40518699340333
29305231666.7,-77.06236610780866
29310230000.0,-77.5111752713792
29315228333.3,-84.43926921056205
29320226666.7,-86.74894832934493
29325225000.0,-76.50653194524192
29330223333.3,-79.51949263530523
29335221666.7,-72.4167604703174
29340220000.0,-78.63583000513435
29345218333.3,-90.55231578613768
29350216666.7,-75.69939796652754
29355215000.0,-83.92724707123847
29360213333.3,-75.50838844358856
29365211666.7,-77.16702140408495
29370210000.0,-77.13294143998507
29375208333.3,-87.82128528512617
29380206666.7,-76.94406088225543
29385205000.0,-75.56820357771949
29390203333.3,-80.68428885569347
29395201666.7,-95.86043545906375
29400200000.0,-74.19122496125637
29405198333.3,-73.43300637195125
29410196666.7,-90.8379531211645
29415195000.0,-77.8880591663812
29420193333.3,-82.84306236405223
29425191666.7,-77.02918154483038
29430190000.0,-74.24135458371063
29435188333.3,-75.08267136358546
29440186666.7,-77.83819099331208
29445185000.0,-80.66664066499752
29450183333.3,-81.7947436511528
29455181666.7,-84.36984228005312
29460180000.0,-74.14202661138035
29465178333.3,-83.793675935653
29470176666.7,-76.44468524686309
29475175000.0,-77.87037719076024
29480173333.3,-78.86756039679386
29485171666.7,-89.17195652094583
29490170000.0,-81.91316707144615
29495168333.3,-79.53198219334446
29500166666.7,-75.16833324425323
29505165000.0,-71.06132117267245
29510163333.3,-77.35517483401487
29515161666.7,-81.27343257065299
29520160000.0,-77.96709906194549
29525158333.3,-77.45329713519219
29530156666.7,-73.61112801796907
29535155000.0,-73.34857944490562
29540153333.3,-77.07015857821807
29545151666.7,-78.61205556406141
29550150000.0,-80.81265645270847
29555148333.3,-84.9539087946506
29560146666.7,-85.60675267844599
29565145000.0,-87.45989492862266
29570143333.3,-84.5226932770424
29575141666.7,-73.97775625125068
29580140000.0,-87.15874778596614
29585138333.3,-73.88286500157731
29590136666.7,-80.25395706486532
29595135000.0,-87.14402477170971
29600133333.3,-76.55375642740665
29605131666.7,-84.41477441849095
29610130000.0,-74.73482287527186
29615128333.3,-82.6267937233323
29620126666.7,-82.91201488506731
29625125000.0,-80.34598340466546
29630123333.3,-77.23346023341037
29635121666.7,-74.23578743893381
29640120000.0,-79.72187656241418
29645118333.3,-74.10189347863623
29650116666.7,-89.37828851376054
29655115000.0,-74.86197661964285
29660113333.3,-79.26755456216333
29665111666.7,-82.85720073512393
29670110000.0,-72.74154110924053
29675108333.3,-80.9945455384255
29680106666.7,-73.85787376823883
29685105000.0,-82.32899034270693
29690103333.3,-75.74014905168848
29695101666.7,-76.60659902481717
29700100000.0,-79.91300671591893
29705098333.3,-74.05152222662213
29710096666.7,-82.08737287256922
29715095000.0,-81.83345394718641
29720093333.3,-76.96000721440402
29725091666.7,-76.80514694317023
29730090000.0,-78.28796494174946
29735088333.3,-75.98929499875182
29740086666.7,-73.67592203332913
29745085000.0,-77.00635153087434
29750083333.3,-88.10915894179377
29755081666.7,-74.44287715772747
29760080000.0,-71.92735297463844
29765078333.3,-92.00243966088689
29770076666.7,-77.00456927657876
29775075000.0,-78.23170588350914
29780073333.3,-74.36909413722744
29785071666.7,-84.3357806805777
29790070000.0,-79.64995577593743
29795068333.3,-75.86646134162416
29800066666.7,-78.00101467876158
29805065000.0,-77.24127983096791
29810063333.3,-78.62221616948636
29815061666.7,-75.12792857543533
29820060000.0,-86.24153494726065
29825058333.3,-76.28703665661828
29830056666.7,-79.28713256039907
29835055000.0,-77.52538811538435
29840053333.3,-83.01488551899806
29845051666.7,-75.66445839922426
29850050000.0,-76.47346909512758
29855048333.3,-71.78965891196856
29860046666.7,-79.37486205428931
29865045000.0,-73.67800576015485
29870043333.3,-72.31747557357998
29875041666.7,-76.48867004142744
29880040000.0,-82.8321954758456
29885038333.3,-85.78638742494164
29890036666.7,-77.93921886923405
29895035000.0,-72.34776710489544
29900033333.3,-72.75383611435439
29905031666.7,-81.14088039008283
29910030000.0,-78.1948243190435
29915028333.3,-76.70395545376665
29920026666.7,-79.88348210865176
29925025000.0,-82.16810215018734
29930023333.3,-88.73519462604291
29935021666.7,-91.01371919291105
29940020000.0,-74.16072960230318
29945018333.3,-77.25572317916786
29950016666.7,-78.93012244068635
29955015000.0,-76.00536887221163
29960013333.3,-71.84552255186341
29965011666.7,-86.49556363120409
29970010000.0,-77.21719030311814
29975008333.3,-74.70275150070702
29980006666.7,-77.30455119119429
29985005000.0,-78.9388535623422
29990003333.3,-80.78043541528183
29995001666.7,-89.2358409120073
30000000000.0,-96.24238552755227
