Frequency_Hz,Magnitude_dB
10000000.0,-56.719838098952586
14998333.3333,-61.408610643995765
19996666.6667,-59.084293421928784
24995000.0,-58.72520399528244
29993333.3333,-61.68403148257639
34991666.6667,-63.46019648444462
39990000.0,-60.32289041728285
44988333.3333,-63.04549445136419
49986666.6667,-58.615951595794286
54985000.0,-66.88655457576428
59983333.3333,-62.0219614038313
64981666.6667,-59.85425127145593
69980000.0,-63.44793403702734
74978333.3333,-66.45715696394468
79976666.6667,-63.67802306238943
84975000.0,-66.13152884004182
89973333.3333,-62.30435738022443
94971666.6667,-60.30206864335244
99970000.0,-65.14818319599566
104968333.333,-61.44883699308877
109966666.667,-64.178002477595
114965000.0,-66.44512309463124
119963333.333,-60.95901627383593
124961666.667,-62.74641949769243
129960000.0,-65.55200277315797
134958333.333,-63.09394903097746
139956666.667,-61.21059517059608
144955000.0,-63.64222893483132
149953333.333,-63.391586321948665
154951666.667,-61.57974434966643
159950000.0,-64.13442291862337
164948333.333,-62.953794619522434
169946666.667,-63.9240855355412
174945000.0,-64.25729990769871
179943333.333,-62.25914996577701
184941666.667,-63.013802084917344
189940000.0,-64.01282856753258
194938333.333,-61.96641632928723
199936666.667,-64.05314104848983
204935000.0,-64.32183414221169
209933333.333,-64.4963093214835
214931666.667,-64.48782114777549
219930000.0,-63.56718130229488
224928333.333,-62.647045869815614
229926666.667,-62.702970430233606
234925000.0,-63.3852692579361
239923333.333,-63.65715808772692
244921666.667,-64.16578269393925
249920000.0,-64.10600265803673
254918333.333,-62.3406190488258
259916666.667,-64.71962867436757
264915000.0,-64.77400089934322
269913333.333,-65.52768391861267
274911666.667,-62.40094372840198
279910000.0,-63.49583854680727
284908333.333,-64.55667580599496
289906666.667,-62.10784215610805
294905000.0,-65.38897079366963
299903333.333,-63.83052400206638
304901666.667,-64.19070096867578
309900000.0,-62.69482526529558
314898333.333,-65.3343812549994
319896666.667,-63.669800490765525
324895000.0,-64.24018608695698
329893333.333,-64.19874498895655
334891666.667,-63.80163392799687
339890000.0,-64.81365520333122
344888333.333,-65.0189841528808
349886666.667,-63.22190802164812
354885000.0,-62.5726588209225
359883333.333,-64.14950539062798
364881666.667,-62.88317103404996
369880000.0,-63.595177347793054
374878333.333,-61.47873214580911
379876666.667,-62.28393134124758
384875000.0,-63.186799286201804
389873333.333,-62.97394994381907
394871666.667,-62.66356145870831
399870000.0,-63.75612120818366
404868333.333,-62.62691502913704
409866666.667,-63.863608838760896
414865000.0,-62.74675874486224
419863333.333,-63.38841793875269
424861666.667,-62.95325294031692
429860000.0,-62.32764053856302
434858333.333,-64.22267989454181
439856666.667,-64.74628357921289
444855000.0,-64.80925530751529
449853333.333,-63.430479854390995
454851666.667,-65.17351998424931
459850000.0,-62.98734705617983
464848333.333,-64.39190887592703
469846666.667,-61.9512441137795
474845000.0,-61.5859211772118
479843333.333,-63.95026503275682
484841666.667,-62.77689382371407
489840000.0,-62.51795935583523
494838333.333,-63.90809356872624
499836666.667,-63.166174866153646
504835000.0,-64.27034806158045
509833333.333,-62.868493562258394
514831666.667,-63.82000250671745
519830000.0,-64.19593411934474
524828333.333,-63.16096739470886
529826666.667,-63.24570079566182
534825000.0,-63.00043015733225
539823333.333,-62.57483190235391
544821666.667,-63.84540161225297
549820000.0,-62.73732385470994
554818333.333,-63.24698294260125
559816666.667,-61.825982148435045
564815000.0,-63.19237120658691
569813333.333,-62.87357572177615
574811666.667,-63.518209812091
579810000.0,-63.66883326723663
584808333.333,-63.397824775639734
589806666.667,-62.61264912175004
594805000.0,-63.13392112150079
599803333.333,-62.75112360679816
604801666.667,-62.31313569651617
609800000.0,-62.93030003988203
614798333.333,-63.19380902684899
619796666.667,-63.26811165189666
624795000.0,-62.691165148513434
629793333.333,-63.8546171667045
634791666.667,-63.22206144284376
639790000.0,-63.41057192528937
644788333.333,-63.16712453525084
649786666.667,-62.78620755600865
654785000.0,-62.139751210716426
659783333.333,-62.05487253890776
664781666.667,-63.0536626078733
669780000.0,-63.72887064860444
674778333.333,-63.18154326923178
679776666.667,-61.900812704073246
684775000.0,-63.432680642812436
689773333.333,-63.37712032858529
694771666.667,-63.022183512085746
699770000.0,-62.824378409539165
704768333.333,-62.63968455269803
709766666.667,-63.125020043615045
714765000.0,-62.371705478323385
719763333.333,-62.49291453689209
724761666.667,-62.991730862863946
729760000.0,-62.91583426679047
734758333.333,-62.56190189351485
739756666.667,-62.78272707243847
744755000.0,-63.28247785995736
749753333.333,-62.55884714585438
754751666.667,-62.476646646605296
759750000.0,-63.02047756281737
764748333.333,-62.231655435463
769746666.667,-61.95853653419817
774745000.0,-61.193414106210625
779743333.333,-62.17570777645812
784741666.667,-63.36437301037536
789740000.0,-63.15541217588699
794738333.333,-61.913115321878216
799736666.667,-63.165503735933406
804735000.0,-61.46758175806208
809733333.333,-62.117000907912555
814731666.667,-62.53739452874619
819730000.0,-62.70392621362753
824728333.333,-62.40215952523592
829726666.667,-61.95393636530224
834725000.0,-62.60125970103655
839723333.333,-61.99738938300216
844721666.667,-62.42498297186913
849720000.0,-62.42743285615349
854718333.333,-62.56781182575605
859716666.667,-62.869540048569746
864715000.0,-62.28703900797352
869713333.333,-62.64666793646909
874711666.667,-62.105714806015996
879710000.0,-62.119411503204596
884708333.333,-61.32278728112326
889706666.667,-62.14214810471865
894705000.0,-62.48945183910593
899703333.333,-62.12859591685294
904701666.667,-62.31563587364584
909700000.0,-62.18931501138529
914698333.333,-62.12683860004644
919696666.667,-62.21817352720579
924695000.0,-61.538894187393886
929693333.333,-61.54877688223106
934691666.667,-61.91794349808192
939690000.0,-61.24193263565392
944688333.333,-62.87063600161928
949686666.667,-61.55367682921377
954685000.0,-61.25273310123974
959683333.333,-61.27365939762268
964681666.667,-61.55016894754711
969680000.0,-61.95992460447488
974678333.333,-61.54387038104873
979676666.667,-61.98324205261318
984675000.0,-61.58875321347739
989673333.333,-61.473178471836654
994671666.667,-61.75113091569716
999670000.0,-62.3547042352922
1004668333.33,-62.242352513080974
1009666666.67,-62.375158636203984
1014665000.0,-62.245064956468845
1019663333.33,-60.54454416709505
1024661666.67,-62.35399226816238
1029660000.0,-62.143976787578964
1034658333.33,-61.252661967600716
1039656666.67,-63.04076086446393
1044655000.0,-63.08677554825983
1049653333.33,-62.53574623283724
1054651666.67,-62.25845154128689
1059650000.0,-62.557523724509814
1064648333.33,-62.423175754358915
1069646666.67,-60.975670212101925
1074645000.0,-62.21280228065149
1079643333.33,-62.76519463386385
1084641666.67,-62.77294194182258
1089640000.0,-62.384930531229436
1094638333.33,-62.09753817027977
1099636666.67,-62.64528490781356
1104635000.0,-62.432842979638664
1109633333.33,-62.51536319108414
1114631666.67,-62.68512120071599
1119630000.0,-61.67653261385176
1124628333.33,-61.84928969192669
1129626666.67,-62.13886857986342
1134625000.0,-61.87857062257422
1139623333.33,-62.15451076654105
1144621666.67,-62.58112476156741
1149620000.0,-62.24903137773153
1154618333.33,-61.72844911550612
1159616666.67,-61.68947661766657
1164615000.0,-62.389568426667346
1169613333.33,-62.31712462442334
1174611666.67,-62.02120658375254
1179610000.0,-62.10877485678277
1184608333.33,-62.02758361528866
1189606666.67,-62.22411802055113
1194605000.0,-61.94095233193024
1199603333.33,-61.673005257606846
1204601666.67,-61.68654831735538
1209600000.0,-62.14974430990881
1214598333.33,-61.14881594983124
1219596666.67,-62.24079663113574
1224595000.0,-61.301004849448866
1229593333.33,-61.19339045872171
1234591666.67,-61.800102267409784
1239590000.0,-61.32831272402008
1244588333.33,-61.094768511588136
1249586666.67,-61.706005868533424
1254585000.0,-62.25910106907894
1259583333.33,-61.8516378829313
1264581666.67,-62.192668355036815
1269580000.0,-61.18235025753373
1274578333.33,-62.01546635357714
1279576666.67,-62.193230903952326
1284575000.0,-62.14557247060044
1289573333.33,-61.800456512530666
1294571666.67,-61.37880360601387
1299570000.0,-61.224932680577666
1304568333.33,-61.03109374988327
1309566666.67,-61.71643920682288
1314565000.0,-61.743827778353165
1319563333.33,-61.636876304779165
1324561666.67,-61.94265274629263
1329560000.0,-61.42011822452866
1334558333.33,-61.96218158110171
1339556666.67,-62.34081532077147
1344555000.0,-61.414116039241186
1349553333.33,-61.125218259275144
1354551666.67,-61.179725168355894
1359550000.0,-61.28329168595948
1364548333.33,-62.74118561182456
1369546666.67,-61.825536017827844
1374545000.0,-62.354473495409195
1379543333.33,-62.05810547448793
1384541666.67,-61.22409766155584
1389540000.0,-61.92006085960411
1394538333.33,-61.61973024529314
1399536666.67,-61.34152671812656
1404535000.0,-61.177385542903586
1409533333.33,-61.53269881879406
1414531666.67,-61.81959026316907
1419530000.0,-61.31959174425244
1424528333.33,-61.45724545469438
1429526666.67,-61.18380868478401
1434525000.0,-61.62077748900466
1439523333.33,-61.41244456700484
1444521666.67,-61.382874261116086
1449520000.0,-62.01007520958639
1454518333.33,-61.10028888060857
1459516666.67,-61.523838657400034
1464515000.0,-62.018700270096836
1469513333.33,-61.59478518872598
1474511666.67,-61.59819005006385
1479510000.0,-61.76836115837535
1484508333.33,-61.44506843597561
1489506666.67,-60.942534554735566
1494505000.0,-60.88424181458696
1499503333.33,-61.1402396756101
1504501666.67,-61.810436323977655
1509500000.0,-61.414037380015046
1514498333.33,-60.85531413041906
1519496666.67,-61.25435362846542
1524495000.0,-60.64939863289751
1529493333.33,-61.043302999359696
1534491666.67,-60.934441686507995
1539490000.0,-61.202136845568305
1544488333.33,-61.778984405016914
1549486666.67,-61.64924500647783
1554485000.0,-61.29610002716002
1559483333.33,-60.52071143844025
1564481666.67,-60.573262342579206
1569480000.0,-61.608288667107544
1574478333.33,-61.488103764203494
1579476666.67,-61.95459108419753
1584475000.0,-61.51475328018327
1589473333.33,-61.74557690204283
1594471666.67,-61.35550588192092
1599470000.0,-60.968643385950884
1604468333.33,-61.105902337884814
1609466666.67,-60.83132073716678
1614465000.0,-61.660374753601914
1619463333.33,-61.26754008667472
1624461666.67,-60.68407859923022
1629460000.0,-60.80525231351914
1634458333.33,-60.95993946870809
1639456666.67,-61.549998229453394
1644455000.0,-61.03591932587321
1649453333.33,-60.99308325623078
1654451666.67,-61.6297577080944
1659450000.0,-61.11454386584419
1664448333.33,-61.81257397659917
1669446666.67,-61.97300420144268
1674445000.0,-62.043699759891304
1679443333.33,-61.578799414525456
1684441666.67,-61.93871962850266
1689440000.0,-61.91534881864762
1694438333.33,-61.449543310647634
1699436666.67,-61.808317194184134
1704435000.0,-61.030228472934986
1709433333.33,-60.99984992760335
1714431666.67,-61.70380213915573
1719430000.0,-61.772779210524746
1724428333.33,-60.89600683033446
1729426666.67,-61.13620464337217
1734425000.0,-61.52974201103494
1739423333.33,-61.5445731769882
1744421666.67,-61.207686130287485
1749420000.0,-61.61128028604266
1754418333.33,-61.207065013299925
1759416666.67,-61.35462623263855
1764415000.0,-61.07512670590747
1769413333.33,-60.64348792948738
1774411666.67,-61.372221533825325
1779410000.0,-61.27033688668079
1784408333.33,-62.090389572525105
1789406666.67,-61.639327680435784
1794405000.0,-60.91553685723505
1799403333.33,-61.67911806353792
1804401666.67,-61.275661283154186
1809400000.0,-62.113311650823576
1814398333.33,-61.13527290088349
1819396666.67,-60.867037301572545
1824395000.0,-60.56093197599215
1829393333.33,-61.36122419036165
1834391666.67,-61.339484693376406
1839390000.0,-61.332139590568325
1844388333.33,-61.33293444834612
1849386666.67,-61.3392969330599
1854385000.0,-61.24229783674038
1859383333.33,-60.709599140319256
1864381666.67,-61.28491937071988
1869380000.0,-60.65962158260412
1874378333.33,-60.98298142371132
1879376666.67,-61.843397084321126
1884375000.0,-61.21355866614992
1889373333.33,-61.51244654769678
1894371666.67,-61.00852387642159
1899370000.0,-61.45053943385774
1904368333.33,-61.30347253637119
1909366666.67,-60.793899944929784
1914365000.0,-61.605268070955944
1919363333.33,-61.09147039924463
1924361666.67,-61.54733098628928
1929360000.0,-62.159548835884706
1934358333.33,-60.8273646855628
1939356666.67,-61.86758264936201
1944355000.0,-60.29029794299074
1949353333.33,-61.02132651245932
1954351666.67,-61.29279687800309
1959350000.0,-61.07951492818629
1964348333.33,-60.42033676257219
1969346666.67,-60.754344111358606
1974345000.0,-61.23550307332273
1979343333.33,-61.474176163206515
1984341666.67,-61.11596706149497
1989340000.0,-60.989568761242445
1994338333.33,-60.65213698285855
1999336666.67,-60.587497363897086
2004335000.0,-60.943367086890056
2009333333.33,-60.4705176765132
2014331666.67,-60.831336796671856
2019330000.0,-60.87210432588186
2024328333.33,-62.16868761818035
2029326666.67,-61.4506393417208
2034325000.0,-61.599180835928316
2039323333.33,-61.579106933395295
2044321666.67,-61.148814237120554
2049320000.0,-61.343880965953666
2054318333.33,-60.951286709279714
2059316666.67,-60.711922632878014
2064315000.0,-61.03052692275756
2069313333.33,-61.05366750035671
2074311666.67,-60.388427536972245
2079310000.0,-60.35416101111073
2084308333.33,-60.52239073481679
2089306666.67,-60.84005131639424
2094305000.0,-60.52369461167186
2099303333.33,-61.49201385274508
2104301666.67,-60.14673899244034
2109300000.0,-60.88718809962997
2114298333.33,-60.736412314805705
2119296666.67,-60.75350978276482
2124295000.0,-60.49675363458405
2129293333.33,-61.23060553137134
2134291666.67,-61.32136536440626
2139290000.0,-61.22956445025117
2144288333.33,-60.702272705840905
2149286666.67,-60.16561504460288
2154285000.0,-61.06420772851407
2159283333.33,-60.478397035068845
2164281666.67,-61.088733381103914
2169280000.0,-60.63647401309442
2174278333.33,-61.030874488881196
2179276666.67,-60.728487883302556
2184275000.0,-60.59308642210468
2189273333.33,-60.2368550130187
2194271666.67,-60.45625164494713
2199270000.0,-60.618022107169395
2204268333.33,-60.50496786456967
2209266666.67,-60.872084883771876
2214265000.0,-61.0774970883831
2219263333.33,-61.13815717391815
2224261666.67,-61.16284359700817
2229260000.0,-60.57290388893825
2234258333.33,-60.43213400375711
2239256666.67,-60.990185709426626
2244255000.0,-60.544830835246806
2249253333.33,-61.07847736714177
2254251666.67,-60.72089145696165
2259250000.0,-60.615051883139444
2264248333.33,-60.88395826001421
2269246666.67,-60.49504868443401
2274245000.0,-60.09024121952108
2279243333.33,-60.14137873779027
2284241666.67,-60.20850105145979
2289240000.0,-60.41378851357653
2294238333.33,-60.84491684777531
2299236666.67,-60.06908324759522
2304235000.0,-60.69822160782684
2309233333.33,-60.53157662348579
2314231666.67,-60.89802053973984
2319230000.0,-61.1172536131173
2324228333.33,-60.995697675875284
2329226666.67,-60.29097220324858
2334225000.0,-60.662344084611036
2339223333.33,-60.98004395228611
2344221666.67,-61.14613066863057
2349220000.0,-60.76303218375755
2354218333.33,-60.50976868841458
2359216666.67,-61.15928126563793
2364215000.0,-60.62968954449581
2369213333.33,-60.60053585155043
2374211666.67,-60.104119355991955
2379210000.0,-60.176414827110776
2384208333.33,-60.751621497182796
2389206666.67,-60.51824738156028
2394205000.0,-60.240196994615715
2399203333.33,-60.796785256522455
2404201666.67,-59.42664162400242
2409200000.0,-60.24339922813361
2414198333.33,-60.10529176149242
2419196666.67,-60.170222189307324
2424195000.0,-60.476188931301905
2429193333.33,-60.65240374573308
2434191666.67,-60.41820238030251
2439190000.0,-60.597188628917266
2444188333.33,-60.003544653992115
2449186666.67,-60.27073059994464
2454185000.0,-59.74475993339341
2459183333.33,-60.013778245456294
2464181666.67,-59.87229672246385
2469180000.0,-59.35982771620669
2474178333.33,-59.75875430917368
2479176666.67,-60.16484013743763
2484175000.0,-60.04521287832648
2489173333.33,-60.32214925657401
2494171666.67,-59.8169595797135
2499170000.0,-60.53921134575819
2504168333.33,-60.545309636203285
2509166666.67,-60.594429771365256
2514165000.0,-59.64341390529039
2519163333.33,-60.130622953354745
2524161666.67,-60.39685219517065
2529160000.0,-59.78535052314903
2534158333.33,-60.08265927953552
2539156666.67,-59.708479044516416
2544155000.0,-59.35347661780982
2549153333.33,-60.20149228388378
2554151666.67,-59.17089753804818
2559150000.0,-59.41588964117198
2564148333.33,-59.80552117932089
2569146666.67,-59.62126900431536
2574145000.0,-60.50501686749599
2579143333.33,-60.0463451583802
2584141666.67,-60.01563657401648
2589140000.0,-60.10941049860435
2594138333.33,-59.920108620157905
2599136666.67,-60.329284631039044
2604135000.0,-60.529171592696486
2609133333.33,-60.2506038059823
2614131666.67,-60.3342165697418
2619130000.0,-60.22280969801419
2624128333.33,-60.08241869367285
2629126666.67,-59.83038547157435
2634125000.0,-60.09816173057545
2639123333.33,-60.580459057180384
2644121666.67,-60.03856361852516
2649120000.0,-60.332452855773234
2654118333.33,-59.69618001882806
2659116666.67,-59.90150027229019
2664115000.0,-59.84053718626683
2669113333.33,-60.289311265132866
2674111666.67,-60.61480315750575
2679110000.0,-60.16067482700586
2684108333.33,-59.84700695408871
2689106666.67,-59.83738426318057
2694105000.0,-60.23992706749176
2699103333.33,-59.82944371055303
2704101666.67,-60.04958006483315
2709100000.0,-60.05679013471784
2714098333.33,-59.9872962702773
2719096666.67,-60.03064033027455
2724095000.0,-60.25472462757152
2729093333.33,-60.17054652591775
2734091666.67,-59.42138353186469
2739090000.0,-59.34111433898969
2744088333.33,-59.79780344480581
2749086666.67,-60.36143399335478
2754085000.0,-59.78191048814821
2759083333.33,-60.10315131589194
2764081666.67,-59.97904488633591
2769080000.0,-59.528787966800074
2774078333.33,-59.84956710776452
2779076666.67,-59.44139146858748
2784075000.0,-59.59855841265415
2789073333.33,-58.55366901252992
2794071666.67,-59.24548768905655
2799070000.0,-59.32701123087349
2804068333.33,-59.314543562985506
2809066666.67,-59.482321993027654
2814065000.0,-59.50274392143588
2819063333.33,-59.79274406531943
2824061666.67,-59.57991360178592
2829060000.0,-58.9383656838661
2834058333.33,-59.08305141835381
2839056666.67,-59.51215009434637
2844055000.0,-59.16561602547649
2849053333.33,-59.502430011913816
2854051666.67,-59.35044568923492
2859050000.0,-59.739579041529716
2864048333.33,-59.00465730930008
2869046666.67,-59.847768293130386
2874045000.0,-59.40865222263871
2879043333.33,-59.058211117499404
2884041666.67,-59.20325200259203
2889040000.0,-59.68796044153977
2894038333.33,-60.02678042597401
2899036666.67,-59.67223511184731
2904035000.0,-59.342533224906546
2909033333.33,-59.27242522440122
2914031666.67,-59.06902217031282
2919030000.0,-59.35836584466362
2924028333.33,-59.051173272938584
2929026666.67,-59.59595546243855
2934025000.0,-59.39316994741201
2939023333.33,-59.70069084812238
2944021666.67,-59.9366644664569
2949020000.0,-59.762915300695745
2954018333.33,-59.76451418663935
2959016666.67,-59.18761013139787
2964015000.0,-59.723450164110204
2969013333.33,-59.478290741552044
2974011666.67,-59.11796549784082
2979010000.0,-59.02150441400157
2984008333.33,-59.3226431102389
2989006666.67,-59.32876870981027
2994005000.0,-59.56254126083162
2999003333.33,-59.26328164143102
3004001666.67,-59.66038408163905
3009000000.0,-58.65971771895319
3013998333.33,-58.729514792559186
3018996666.67,-59.10977749262314
3023995000.0,-59.057460671645174
3028993333.33,-59.08892743647335
3033991666.67,-59.397370506236314
3038990000.0,-59.30678980675421
3043988333.33,-59.2676574926149
3048986666.67,-59.521067723054756
3053985000.0,-59.25049022119428
3058983333.33,-59.355797542300095
3063981666.67,-59.17370638112038
3068980000.0,-59.02888401043123
3073978333.33,-59.09973339043961
3078976666.67,-59.30915569146716
3083975000.0,-59.82158254384519
3088973333.33,-59.52640728992043
3093971666.67,-58.932152510392434
3098970000.0,-59.166043207175115
3103968333.33,-59.20089448747035
3108966666.67,-59.82671897950702
3113965000.0,-58.879239193016886
3118963333.33,-58.9436975801647
3123961666.67,-58.85277426027173
3128960000.0,-59.252378654945176
3133958333.33,-58.858027077516155
3138956666.67,-59.25919137706629
3143955000.0,-59.12133068569957
3148953333.33,-59.565223184913805
3153951666.67,-59.29510495070197
3158950000.0,-58.66090282109685
3163948333.33,-58.32813258429579
3168946666.67,-58.887370316409516
3173945000.0,-58.879920757254496
3178943333.33,-59.496891051451286
3183941666.67,-59.64087064069118
3188940000.0,-59.12047461608222
3193938333.33,-58.964231781736956
3198936666.67,-59.04860058055646
3203935000.0,-58.60726663561418
3208933333.33,-58.91775665658879
3213931666.67,-58.59294527293223
3218930000.0,-59.0689866628906
3223928333.33,-59.12105142432455
3228926666.67,-59.03448360360612
3233925000.0,-58.92295683904728
3238923333.33,-59.18569215414077
3243921666.67,-58.69809356879501
3248920000.0,-59.035208530796695
3253918333.33,-58.848958628285715
3258916666.67,-58.81112695903144
3263915000.0,-59.48374818488405
3268913333.33,-58.84518248372195
3273911666.67,-58.921411994366665
3278910000.0,-58.976737884109326
3283908333.33,-59.43067142331237
3288906666.67,-59.10641805323574
3293905000.0,-59.28327695272573
3298903333.33,-58.70738447698421
3303901666.67,-58.61967114938275
3308900000.0,-58.72176386330288
3313898333.33,-59.261029747837554
3318896666.67,-58.632795071583104
3323895000.0,-58.683393734872126
3328893333.33,-58.49522658543695
3333891666.67,-58.66566392582193
3338890000.0,-58.65540090755202
3343888333.33,-58.913760641811415
3348886666.67,-58.487872125407876
3353885000.0,-58.2570095493059
3358883333.33,-58.92935671793218
3363881666.67,-59.31230178850532
3368880000.0,-58.95623546356974
3373878333.33,-58.64114620392694
3378876666.67,-58.70512550496228
3383875000.0,-58.829745119108274
3388873333.33,-58.31230658808738
3393871666.67,-58.61479213559909
3398870000.0,-58.88897687782815
3403868333.33,-59.080715295105016
3408866666.67,-58.629921448274274
3413865000.0,-58.67262617705335
3418863333.33,-58.879585387709895
3423861666.67,-59.05546541954597
3428860000.0,-58.814720083437855
3433858333.33,-58.96119490721223
3438856666.67,-58.797753769269434
3443855000.0,-58.756948536352105
3448853333.33,-59.184256678223676
3453851666.67,-58.79085938098499
3458850000.0,-59.126959499955035
3463848333.33,-58.725530976298785
3468846666.67,-58.824981609195646
3473845000.0,-58.99694054686237
3478843333.33,-58.563898207281895
3483841666.67,-58.93049901332393
3488840000.0,-58.125269779746
3493838333.33,-58.341457559240496
3498836666.67,-58.72544596599386
3503835000.0,-58.73026743249147
3508833333.33,-58.90274541230349
3513831666.67,-58.699606169909345
3518830000.0,-58.671079126606955
3523828333.33,-58.455111818133275
3528826666.67,-58.442128757589124
3533825000.0,-58.85893328146501
3538823333.33,-58.275655558997634
3543821666.67,-58.68402111402454
3548820000.0,-58.88040468591054
3553818333.33,-58.95974433600763
3558816666.67,-58.87818937534186
3563815000.0,-58.74379219183495
3568813333.33,-58.73944843587584
3573811666.67,-58.84081504814483
3578810000.0,-58.31470953848508
3583808333.33,-58.3187265723553
3588806666.67,-58.38651305055553
3593805000.0,-58.76160720279945
3598803333.33,-58.69909720439729
3603801666.67,-58.765313051125716
3608800000.0,-58.29403621517831
3613798333.33,-58.46530918604059
3618796666.67,-58.075720314678605
3623795000.0,-58.462678016837614
3628793333.33,-58.476254508378645
3633791666.67,-58.345102803904744
3638790000.0,-58.546592274056295
3643788333.33,-58.24157310351125
3648786666.67,-58.197939558929875
3653785000.0,-58.43128883825034
3658783333.33,-58.657618540892415
3663781666.67,-58.88164301544158
3668780000.0,-58.447163691482174
3673778333.33,-58.14731940761904
3678776666.67,-58.77985910379449
3683775000.0,-58.90476623934084
3688773333.33,-59.014375698276126
3693771666.67,-58.928851428316875
3698770000.0,-59.58172684165437
3703768333.33,-59.035979174675106
3708766666.67,-58.807331496733354
3713765000.0,-58.798142464803185
3718763333.33,-58.597522855750626
3723761666.67,-58.68128317048152
3728760000.0,-59.32229668252988
3733758333.33,-59.49424748558076
3738756666.67,-59.149086885453464
3743755000.0,-58.89410757986972
3748753333.33,-59.62482199922394
3753751666.67,-59.04649852305689
3758750000.0,-58.614111845892445
3763748333.33,-58.73608423700055
3768746666.67,-59.20516848952146
3773745000.0,-58.50609813821964
3778743333.33,-58.69253545015599
3783741666.67,-59.042957683872395
3788740000.0,-59.36136680917272
3793738333.33,-59.43036143933697
3798736666.67,-58.95593294148017
3803735000.0,-59.27428245738783
3808733333.33,-58.74203239119957
3813731666.67,-59.06259068801341
3818730000.0,-58.92272541268198
3823728333.33,-58.41862909314531
3828726666.67,-58.6723255650027
3833725000.0,-58.857351102089446
3838723333.33,-58.83904271595557
3843721666.67,-58.43913720467988
3848720000.0,-58.47001859769689
3853718333.33,-58.72006345276905
3858716666.67,-58.11521580852868
3863715000.0,-58.6977894535965
3868713333.33,-58.40890105869712
3873711666.67,-58.466977757731904
3878710000.0,-58.76071873156959
3883708333.33,-58.61287006627343
3888706666.67,-57.74635445056708
3893705000.0,-58.21120193918154
3898703333.33,-58.384485465815175
3903701666.67,-58.42450296268634
3908700000.0,-58.427435064148526
3913698333.33,-58.93979070840618
3918696666.67,-58.39597880542718
3923695000.0,-58.23876238164515
3928693333.33,-58.83564278885085
3933691666.67,-58.671985530602946
3938690000.0,-58.54032155338728
3943688333.33,-58.55802703328826
3948686666.67,-58.439723096129654
3953685000.0,-58.45887718502133
3958683333.33,-58.70772113645478
3963681666.67,-58.317891843703784
3968680000.0,-58.82594050904811
3973678333.33,-58.50632154646718
3978676666.67,-58.94505790644085
3983675000.0,-59.1994851111766
3988673333.33,-58.807946447948254
3993671666.67,-59.041279457278215
3998670000.0,-58.74383913764392
4003668333.33,-58.93427083751015
4008666666.67,-59.44480383153818
4013665000.0,-59.38400283520267
4018663333.33,-59.222507599462226
4023661666.67,-58.965433419945164
4028660000.0,-59.37315060824087
4033658333.33,-59.329086665471806
4038656666.67,-59.411978305301716
4043655000.0,-58.96337581361689
4048653333.33,-59.08605689590307
4053651666.67,-59.51689762328876
4058650000.0,-58.7207890930451
4063648333.33,-58.64332716962328
4068646666.67,-58.68686041011482
4073645000.0,-59.063040132685344
4078643333.33,-58.684890194426416
4083641666.67,-58.67983140519784
4088640000.0,-58.45157062646329
4093638333.33,-58.50479561635985
4098636666.67,-58.73503675257954
4103635000.0,-59.01610208988308
4108633333.33,-58.34220517829916
4113631666.67,-58.716578075652286
4118630000.0,-58.4154725969173
4123628333.33,-58.136349724982495
4128626666.67,-58.12651421804854
4133625000.0,-58.09153678148497
4138623333.33,-58.337902068315444
4143621666.67,-58.1330275815385
4148620000.0,-58.10825071937976
4153618333.33,-58.28091978874155
4158616666.67,-58.14668507860229
4163615000.0,-57.924720732785964
4168613333.33,-58.475492070723256
4173611666.67,-57.904661012745954
4178610000.0,-57.77357631354797
4183608333.33,-58.4460704339788
4188606666.67,-57.99894209123285
4193605000.0,-58.01116344060645
4198603333.33,-57.897658444893274
4203601666.67,-57.78832498078478
4208600000.0,-58.68794577925799
4213598333.33,-58.36272345051174
4218596666.67,-58.54102473450659
4223595000.0,-58.37294101429868
4228593333.33,-58.27488482126757
4233591666.67,-58.61337114361356
4238590000.0,-58.367487081618506
4243588333.33,-58.5421300893056
4248586666.67,-58.089484817692735
4253585000.0,-58.42751664288656
4258583333.33,-58.342867075584095
4263581666.67,-58.13280252432459
4268580000.0,-58.379774739011665
4273578333.33,-57.61031250293194
4278576666.67,-58.65046801141659
4283575000.0,-58.247454260983815
4288573333.33,-58.42053680981653
4293571666.67,-58.56399471073448
4298570000.0,-58.42602919507649
4303568333.33,-58.38864144657927
4308566666.67,-58.01987180057011
4313565000.0,-58.365201976236136
4318563333.33,-57.9157871360203
4323561666.67,-58.33358234448049
4328560000.0,-58.097258596684625
4333558333.33,-58.25688926464029
4338556666.67,-58.30909445772555
4343555000.0,-58.312255116849094
4348553333.33,-58.178287766908255
4353551666.67,-57.78322591198795
4358550000.0,-57.98058622589125
4363548333.33,-57.962453671613176
4368546666.67,-57.53221811343229
4373545000.0,-57.75000536124074
4378543333.33,-57.8858198661019
4383541666.67,-57.966817539639834
4388540000.0,-58.33072122601068
4393538333.33,-58.040030239938005
4398536666.67,-58.06668489135045
4403535000.0,-57.77594933167435
4408533333.33,-57.51596030955031
4413531666.67,-57.82640241716542
4418530000.0,-57.76107906392767
4423528333.33,-57.872484825771835
4428526666.67,-57.85464364296263
4433525000.0,-57.90595372389798
4438523333.33,-57.945429227307486
4443521666.67,-57.77998219794513
4448520000.0,-58.059862519675704
4453518333.33,-57.72777758902362
4458516666.67,-57.62494859607208
4463515000.0,-57.79883209088176
4468513333.33,-57.764559258539734
4473511666.67,-58.03856684307987
4478510000.0,-57.573626438606276
4483508333.33,-57.89655651722469
4488506666.67,-58.1146469552231
4493505000.0,-57.86289628721658
4498503333.33,-57.9472072778632
4503501666.67,-57.62517166539047
4508500000.0,-57.81598360319907
4513498333.33,-57.87396275414345
4518496666.67,-57.92701140827495
4523495000.0,-57.58576769940567
4528493333.33,-58.223881671781314
4533491666.67,-57.98878841417347
4538490000.0,-57.936952346953646
4543488333.33,-57.964746837328995
4548486666.67,-58.14566962124175
4553485000.0,-57.626766599090935
4558483333.33,-57.56884735895797
4563481666.67,-57.66120489492828
4568480000.0,-57.928796584520256
4573478333.33,-57.80597603661177
4578476666.67,-58.1909280663167
4583475000.0,-58.048448148839526
4588473333.33,-57.71039500993904
4593471666.67,-57.63795288813472
4598470000.0,-57.52573737002017
4603468333.33,-57.429906625872334
4608466666.67,-57.116861097752285
4613465000.0,-57.74627268053557
4618463333.33,-57.507959178609156
4623461666.67,-57.520782784431205
4628460000.0,-57.750387580219815
4633458333.33,-57.414916470583144
4638456666.67,-57.685627241309014
4643455000.0,-57.82968190103064
4648453333.33,-57.273994262461926
4653451666.67,-57.57285094047969
4658450000.0,-57.53063651935368
4663448333.33,-57.68813997968125
4668446666.67,-57.436630222964396
4673445000.0,-57.97973481212984
4678443333.33,-57.62347772455517
4683441666.67,-57.59389159197812
4688440000.0,-57.437844997677274
4693438333.33,-57.43751336855408
4698436666.67,-57.83592665159486
4703435000.0,-57.375086367329395
4708433333.33,-57.49318281733866
4713431666.67,-57.77730479568751
4718430000.0,-57.95327062788714
4723428333.33,-57.56662059842178
4728426666.67,-58.01654460046702
4733425000.0,-57.66380473153372
4738423333.33,-57.73599130180906
4743421666.67,-57.74610324373434
4748420000.0,-57.549230593799805
4753418333.33,-57.71294959785945
4758416666.67,-57.75421023512774
4763415000.0,-57.74408878965371
4768413333.33,-57.305149480041834
4773411666.67,-57.62087800794235
4778410000.0,-57.010970538815265
4783408333.33,-57.40264287210597
4788406666.67,-57.54037996241097
4793405000.0,-57.13965930614332
4798403333.33,-57.15285281853346
4803401666.67,-57.48567096916151
4808400000.0,-57.645234872665824
4813398333.33,-57.438115880278914
4818396666.67,-57.35220213305802
4823395000.0,-57.29762541188081
4828393333.33,-57.09041059689349
4833391666.67,-57.348236303411866
4838390000.0,-57.075092902905524
4843388333.33,-57.39922515503678
4848386666.67,-57.09728242099999
4853385000.0,-57.61930753353454
4858383333.33,-57.424603742437185
4863381666.67,-57.16605129495487
4868380000.0,-57.32036834803195
4873378333.33,-56.94719506270367
4878376666.67,-56.94820289974451
4883375000.0,-57.40248072657353
4888373333.33,-57.17407163562185
4893371666.67,-57.78289958783647
4898370000.0,-57.28090067237429
4903368333.33,-57.311344907827426
4908366666.67,-57.224344388845275
4913365000.0,-57.01189933893997
4918363333.33,-57.045287479154716
4923361666.67,-57.07750637360779
4928360000.0,-57.09753833041185
4933358333.33,-57.4974704232785
4938356666.67,-57.05024374789882
4943355000.0,-56.99134977589296
4948353333.33,-57.111183992837184
4953351666.67,-57.19886734255813
4958350000.0,-57.061871463150936
4963348333.33,-56.87751947583911
4968346666.67,-56.886351905493214
4973345000.0,-57.07594349917653
4978343333.33,-56.85502149892634
4983341666.67,-57.17321954637878
4988340000.0,-57.642582334242995
4993338333.33,-57.08844504488554
4998336666.67,-56.86322182260156
5003335000.0,-57.15246322145013
5008333333.33,-56.98248561997161
5013331666.67,-57.02452097961817
5018330000.0,-56.80547230180076
5023328333.33,-56.71125394661206
5028326666.67,-56.97475858449472
5033325000.0,-56.820328068238936
5038323333.33,-56.9474309248269
5043321666.67,-56.565406278706014
5048320000.0,-56.45455017401058
5053318333.33,-56.62537338122096
5058316666.67,-56.77841082577843
5063315000.0,-56.67777399437859
5068313333.33,-57.084454417127105
5073311666.67,-56.80495836557711
5078310000.0,-56.85389133763038
5083308333.33,-56.91455482264037
5088306666.67,-56.73735291090249
5093305000.0,-56.74890842660212
5098303333.33,-56.81260655958084
5103301666.67,-56.49120805255122
5108300000.0,-56.600527759632435
5113298333.33,-56.629940822901084
5118296666.67,-56.634201650437
5123295000.0,-56.75692823225787
5128293333.33,-56.62461792450987
5133291666.67,-56.59665896083344
5138290000.0,-57.000174728549986
5143288333.33,-56.695069326771986
5148286666.67,-56.52112764594307
5153285000.0,-56.49815987353853
5158283333.33,-56.586542805966744
5163281666.67,-56.79900413303933
5168280000.0,-56.56924667758886
5173278333.33,-56.875851731556246
5178276666.67,-56.812820774903194
5183275000.0,-56.93702511810631
5188273333.33,-56.899171830916835
5193271666.67,-56.788157034174354
5198270000.0,-56.55804171537273
5203268333.33,-56.37905875271879
5208266666.67,-56.39703296773635
5213265000.0,-56.360280273258624
5218263333.33,-56.52827144974609
5223261666.67,-56.61972820272402
5228260000.0,-56.592679508515886
5233258333.33,-56.52720722048752
5238256666.67,-56.667703124454654
5243255000.0,-56.618784598595006
5248253333.33,-56.92711988956933
5253251666.67,-56.32560840656475
5258250000.0,-56.78645481694764
5263248333.33,-57.06260048412301
5268246666.67,-56.71389835408762
5273245000.0,-57.04091711473473
5278243333.33,-56.63351237135757
5283241666.67,-56.86231971622182
5288240000.0,-56.50321106981789
5293238333.33,-56.65340665251594
5298236666.67,-56.10540814061122
5303235000.0,-56.30202236523654
5308233333.33,-56.727279062071496
5313231666.67,-56.40819070231737
5318230000.0,-56.316399574280084
5323228333.33,-56.94251395919966
5328226666.67,-56.49298098209557
5333225000.0,-56.683287194185226
5338223333.33,-56.621357203033256
5343221666.67,-56.53585029727636
5348220000.0,-56.705149099472976
5353218333.33,-56.75752897220817
5358216666.67,-56.49045367263757
5363215000.0,-56.98466375837426
5368213333.33,-56.87968690681788
5373211666.67,-56.46797219927706
5378210000.0,-56.48905150499893
5383208333.33,-56.46863150571218
5388206666.67,-56.217576418806516
5393205000.0,-56.459216167736706
5398203333.33,-56.22708835802747
5403201666.67,-56.6125654867892
5408200000.0,-56.45527925020573
5413198333.33,-56.59477353382912
5418196666.67,-56.55223485833026
5423195000.0,-56.479322612824426
5428193333.33,-56.65636470740559
5433191666.67,-56.652288010706584
5438190000.0,-56.769190846884996
5443188333.33,-56.92034189017194
5448186666.67,-56.74755045255772
5453185000.0,-56.661570940255146
5458183333.33,-56.94766643427916
5463181666.67,-56.89279694127302
5468180000.0,-57.208565754077284
5473178333.33,-56.493841807235725
5478176666.67,-56.42618898202222
5483175000.0,-56.5922331782306
5488173333.33,-56.52080881780048
5493171666.67,-56.74768997007216
5498170000.0,-56.38060954103746
5503168333.33,-56.689957716535005
5508166666.67,-56.73159390424505
5513165000.0,-56.65422772081029
5518163333.33,-56.19852996477128
5523161666.67,-56.47833860417197
5528160000.0,-56.289000176443054
5533158333.33,-56.44717314522538
5538156666.67,-56.50768395731957
5543155000.0,-56.7875131104189
5548153333.33,-56.753984376100334
5553151666.67,-56.63409785196845
5558150000.0,-56.60330005820307
5563148333.33,-56.3045930042497
5568146666.67,-56.32141603892887
5573145000.0,-56.50184721697621
5578143333.33,-56.28366365112542
5583141666.67,-56.09183128950397
5588140000.0,-56.4423454899672
5593138333.33,-56.12769597641722
5598136666.67,-56.44430436212899
5603135000.0,-56.55713730010827
5608133333.33,-56.367383341086466
5613131666.67,-56.66169761058801
5618130000.0,-56.83622378844119
5623128333.33,-56.06538086582309
5628126666.67,-56.66932602529214
5633125000.0,-56.512863294370135
5638123333.33,-56.708853107937884
5643121666.67,-56.4891736804999
5648120000.0,-56.56664663895665
5653118333.33,-56.5311335879635
5658116666.67,-56.406807550986706
5663115000.0,-56.24495886206645
5668113333.33,-56.801619684541684
5673111666.67,-56.64611943110289
5678110000.0,-56.82703067238962
5683108333.33,-56.672544431951394
5688106666.67,-57.084330398887616
5693105000.0,-56.531468523453896
5698103333.33,-56.60080192129138
5703101666.67,-56.36634416157065
5708100000.0,-56.62554315235913
5713098333.33,-56.21255523094803
5718096666.67,-56.7214509304204
5723095000.0,-56.60706003554872
5728093333.33,-56.24419833423442
5733091666.67,-56.44899540599613
5738090000.0,-56.53002655127254
5743088333.33,-56.093992729100705
5748086666.67,-56.12179544504837
5753085000.0,-55.9471815918928
5758083333.33,-55.825494278961514
5763081666.67,-56.52838696973789
5768080000.0,-56.25497166593661
5773078333.33,-56.30707674837471
5778076666.67,-56.33388407226376
5783075000.0,-56.34829353014861
5788073333.33,-56.06946856588482
5793071666.67,-55.99217817316203
5798070000.0,-56.09030149929602
5803068333.33,-56.097471929059786
5808066666.67,-56.219196471605414
5813065000.0,-56.25108227258287
5818063333.33,-55.85282560218819
5823061666.67,-56.22674730096004
5828060000.0,-56.068011192879965
5833058333.33,-56.44870137234453
5838056666.67,-55.97409682022186
5843055000.0,-56.26581973327937
5848053333.33,-56.061071906612234
5853051666.67,-56.19576477759644
5858050000.0,-56.213034854734744
5863048333.33,-56.28021740385714
5868046666.67,-56.54535786168385
5873045000.0,-56.16583132716677
5878043333.33,-56.204334642348776
5883041666.67,-56.42054263889947
5888040000.0,-56.05697433078323
5893038333.33,-56.162042168293134
5898036666.67,-56.1129587597173
5903035000.0,-56.22906404940647
5908033333.33,-55.940513607769596
5913031666.67,-56.05385578433694
5918030000.0,-56.573095191888136
5923028333.33,-56.32532932647195
5928026666.67,-56.18959500928513
5933025000.0,-56.05982721193223
5938023333.33,-56.297776429782886
5943021666.67,-56.35735440556281
5948020000.0,-56.03594438787123
5953018333.33,-56.339777530640106
5958016666.67,-56.40543859158922
5963015000.0,-56.48200827810481
5968013333.33,-56.264396736883995
5973011666.67,-56.26399965936855
5978010000.0,-55.838131920022605
5983008333.33,-56.14054525878843
5988006666.67,-56.245682195849184
5993005000.0,-55.8123809907078
5998003333.33,-56.35175761713084
6003001666.67,-56.12338488140799
6008000000.0,-56.034758187881046
6012998333.33,-56.20967648840691
6017996666.67,-55.720800476050556
6022995000.0,-55.919751407249024
6027993333.33,-56.11764498476346
6032991666.67,-55.61222243719995
6037990000.0,-55.81250101632599
6042988333.33,-55.65387985755748
6047986666.67,-55.83747554038083
6052985000.0,-55.632057227624195
6057983333.33,-55.48903063337248
6062981666.67,-55.628822300874674
6067980000.0,-55.523486552247796
6072978333.33,-55.68384228687755
6077976666.67,-55.87989450945883
6082975000.0,-55.619429875026526
6087973333.33,-55.739229419300344
6092971666.67,-55.732419905043216
6097970000.0,-55.8866261470818
6102968333.33,-55.97609327890819
6107966666.67,-55.99408313714462
6112965000.0,-55.90703619249372
6117963333.33,-56.0116130495981
6122961666.67,-56.18713618504748
6127960000.0,-55.891645423895156
6132958333.33,-56.358721884599525
6137956666.67,-55.87323137500043
6142955000.0,-56.37239649854599
6147953333.33,-55.85254589189705
6152951666.67,-56.189178915495276
6157950000.0,-55.89391592701935
6162948333.33,-56.22215011579748
6167946666.67,-56.14607059641834
6172945000.0,-56.46845700533579
6177943333.33,-56.02076824348511
6182941666.67,-56.15739085822203
6187940000.0,-56.2298413179822
6192938333.33,-56.3126665069895
6197936666.67,-56.122870403938066
6202935000.0,-56.51397585609287
6207933333.33,-56.04165921717805
6212931666.67,-56.079936458819155
6217930000.0,-55.77359694942814
6222928333.33,-56.02945588705253
6227926666.67,-55.907556137330126
6232925000.0,-55.805025366652565
6237923333.33,-55.735286280248005
6242921666.67,-55.69717094428553
6247920000.0,-55.953674169294416
6252918333.33,-55.8425740055636
6257916666.67,-55.68575593257921
6262915000.0,-55.722735077025845
6267913333.33,-55.98808851811451
6272911666.67,-55.73874389135621
6277910000.0,-56.08479023883233
6282908333.33,-56.051601409478266
6287906666.67,-55.9241523502104
6292905000.0,-56.162518985194765
6297903333.33,-56.05748503637204
6302901666.67,-55.98024033977712
6307900000.0,-56.0614324831196
6312898333.33,-55.88769524660186
6317896666.67,-55.744105935673424
6322895000.0,-55.90833085030427
6327893333.33,-55.78558261988768
6332891666.67,-56.033599324148526
6337890000.0,-56.27203785762553
6342888333.33,-55.92604504990363
6347886666.67,-56.0194465193434
6352885000.0,-56.12242416356797
6357883333.33,-56.078969500408505
6362881666.67,-56.0964376173441
6367880000.0,-56.07219962959153
6372878333.33,-55.73611287233867
6377876666.67,-56.40876899262325
6382875000.0,-56.0122541056644
6387873333.33,-55.91052458953932
6392871666.67,-56.03621554616217
6397870000.0,-55.88520859451829
6402868333.33,-55.864632507759666
6407866666.67,-55.729771620881635
6412865000.0,-55.677092131319796
6417863333.33,-55.70628187419783
6422861666.67,-55.51826203776699
6427860000.0,-55.93877572695801
6432858333.33,-56.006860858540634
6437856666.67,-55.958909313552596
6442855000.0,-56.30819072059927
6447853333.33,-55.60415623891787
6452851666.67,-55.64820505006018
6457850000.0,-55.491756429168106
6462848333.33,-55.579276598729535
6467846666.67,-55.350273956191316
6472845000.0,-55.846142521558264
6477843333.33,-55.84580885907731
6482841666.67,-55.840171045284336
6487840000.0,-55.735655466081994
6492838333.33,-55.41781824646641
6497836666.67,-55.75593278582177
6502835000.0,-55.634699821380394
6507833333.33,-55.63522129413375
6512831666.67,-55.75601675526201
6517830000.0,-55.87542140832311
6522828333.33,-55.774564844024496
6527826666.67,-55.932323503397264
6532825000.0,-55.76408409060038
6537823333.33,-55.700837125314166
6542821666.67,-56.123579937168806
6547820000.0,-56.14180864600546
6552818333.33,-55.798354961171334
6557816666.67,-55.92022903857518
6562815000.0,-55.845040577362006
6567813333.33,-55.42524644608467
6572811666.67,-55.89196974844462
6577810000.0,-55.75575807160364
6582808333.33,-56.037103245261086
6587806666.67,-55.5688677985328
6592805000.0,-55.627938589818875
6597803333.33,-55.6526995345531
6602801666.67,-55.652350936464146
6607800000.0,-55.808168337827986
6612798333.33,-55.66396149239079
6617796666.67,-55.98580827409421
6622795000.0,-55.75079028011261
6627793333.33,-55.82505096390072
6632791666.67,-55.823145021150566
6637790000.0,-55.90010157045036
6642788333.33,-55.46851389680992
6647786666.67,-55.674324539520235
6652785000.0,-55.51836765326347
6657783333.33,-55.68893506046082
6662781666.67,-55.36767441450433
6667780000.0,-55.47467899746218
6672778333.33,-55.29995832753309
6677776666.67,-55.412655154123264
6682775000.0,-55.28964016937153
6687773333.33,-55.30615265823235
6692771666.67,-55.24038077623092
6697770000.0,-55.60745549613672
6702768333.33,-55.54284055806794
6707766666.67,-55.17068097262106
6712765000.0,-55.44809141936873
6717763333.33,-55.522930771546264
6722761666.67,-55.51909361058064
6727760000.0,-55.30431461022917
6732758333.33,-54.8880611936964
6737756666.67,-55.237768103289355
6742755000.0,-55.32731968294356
6747753333.33,-54.90449420942981
6752751666.67,-55.209601241752786
6757750000.0,-55.10708205848581
6762748333.33,-55.000974559408405
6767746666.67,-55.18209688972575
6772745000.0,-55.21339487367209
6777743333.33,-55.26443191646309
6782741666.67,-55.05482026967763
6787740000.0,-55.08426416346397
6792738333.33,-55.35646546735479
6797736666.67,-55.4820972389532
6802735000.0,-55.3302380964267
6807733333.33,-55.23299047375768
6812731666.67,-55.403470169057776
6817730000.0,-55.214784989837355
6822728333.33,-55.266977995082996
6827726666.67,-55.18623657655841
6832725000.0,-55.02536958271705
6837723333.33,-55.320417821704346
6842721666.67,-55.47667625069795
6847720000.0,-55.360951999882474
6852718333.33,-55.24225855645444
6857716666.67,-55.48133257926907
6862715000.0,-55.16864456907592
6867713333.33,-55.29399973508433
6872711666.67,-55.48813514952612
6877710000.0,-55.23928179057205
6882708333.33,-55.3887619392317
6887706666.67,-55.22186004117134
6892705000.0,-55.19696003405153
6897703333.33,-55.30527203713415
6902701666.67,-55.49606880014649
6907700000.0,-55.49306977187062
6912698333.33,-55.29107463531945
6917696666.67,-54.75164807407458
6922695000.0,-54.56295739255367
6927693333.33,-55.11507784286194
6932691666.67,-54.72315083585091
6937690000.0,-54.78431033535999
6942688333.33,-54.68626895496737
6947686666.67,-54.92506807660273
6952685000.0,-54.99563120156574
6957683333.33,-54.785304803746335
6962681666.67,-54.68876244925618
6967680000.0,-54.78543416512828
6972678333.33,-54.8074975141727
6977676666.67,-54.82406313903695
6982675000.0,-54.86390094773913
6987673333.33,-54.661626761610044
6992671666.67,-54.550591582903905
6997670000.0,-54.33220972159926
7002668333.33,-54.4335394506852
7007666666.67,-54.46421874224392
7012665000.0,-54.295202466693965
7017663333.33,-54.63323158752763
7022661666.67,-54.35846213416675
7027660000.0,-54.788567037108855
7032658333.33,-54.72072335724992
7037656666.67,-54.82917534188915
7042655000.0,-55.09682280196154
7047653333.33,-55.00829889464937
7052651666.67,-55.02623940026426
7057650000.0,-54.757699497690744
7062648333.33,-55.11380866353591
7067646666.67,-54.98456917815296
7072645000.0,-54.97788742385694
7077643333.33,-54.88520835437888
7082641666.67,-55.146699715181995
7087640000.0,-54.89171854759826
7092638333.33,-54.58149780889681
7097636666.67,-54.74422317235095
7102635000.0,-54.34045255029753
7107633333.33,-54.72574079931331
7112631666.67,-54.49541273727963
7117630000.0,-54.823935072184184
7122628333.33,-54.81382037629984
7127626666.67,-54.669163057640574
7132625000.0,-54.73094561360906
7137623333.33,-55.02370926252563
7142621666.67,-54.81989439517729
7147620000.0,-55.049719183755094
7152618333.33,-54.61890291345505
7157616666.67,-54.640187499678376
7162615000.0,-54.512493955324715
7167613333.33,-54.524126150802914
7172611666.67,-54.48934848202049
7177610000.0,-54.5620345801581
7182608333.33,-54.681732281372
7187606666.67,-54.56190263059177
7192605000.0,-54.27308066335183
7197603333.33,-54.88044399833497
7202601666.67,-54.89527815434713
7207600000.0,-55.019296050236484
7212598333.33,-54.466558717152495
7217596666.67,-54.8726375441602
7222595000.0,-55.23806112674713
7227593333.33,-54.70581274442295
7232591666.67,-54.79044083027743
7237590000.0,-54.44025698183523
7242588333.33,-54.493945847744236
7247586666.67,-54.31800020972435
7252585000.0,-54.30543462955154
7257583333.33,-54.56104712581148
7262581666.67,-54.61906055853514
7267580000.0,-54.41874113454329
7272578333.33,-54.47152967600416
7277576666.67,-54.469916350405256
7282575000.0,-54.539640074081596
7287573333.33,-54.425327834442115
7292571666.67,-54.63908990261623
7297570000.0,-54.448043545906245
7302568333.33,-54.674742639697754
7307566666.67,-55.03928198170768
7312565000.0,-54.76972890697336
7317563333.33,-54.92450212760864
7322561666.67,-55.04489625522582
7327560000.0,-54.67891963441227
7332558333.33,-54.726459370247326
7337556666.67,-54.62203659568339
7342555000.0,-54.61549589104591
7347553333.33,-54.68394868790745
7352551666.67,-54.49429117166366
7357550000.0,-54.501140307091234
7362548333.33,-54.360587195340706
7367546666.67,-54.53362548717734
7372545000.0,-54.52288019236714
7377543333.33,-54.472544150102074
7382541666.67,-54.325152228655696
7387540000.0,-54.645334019720565
7392538333.33,-54.643606589798814
7397536666.67,-54.572045553668424
7402535000.0,-54.557574683938775
7407533333.33,-54.7099205682862
7412531666.67,-54.400493961118855
7417530000.0,-54.50042569108828
7422528333.33,-54.19300139381158
7427526666.67,-54.44427904219901
7432525000.0,-54.08523120299239
7437523333.33,-54.17892044534295
7442521666.67,-54.00576424770299
7447520000.0,-53.80899657510839
7452518333.33,-53.95642974089042
7457516666.67,-54.05322490766916
7462515000.0,-54.23193581145658
7467513333.33,-53.98032534638142
7472511666.67,-54.2064281965351
7477510000.0,-54.1214136221386
7482508333.33,-54.33864132509191
7487506666.67,-54.0173938096758
7492505000.0,-54.57999707491687
7497503333.33,-54.53442692322922
7502501666.67,-54.642219226860135
7507500000.0,-54.80565890092869
7512498333.33,-54.44479018008258
7517496666.67,-54.24953740996264
7522495000.0,-54.473667931469414
7527493333.33,-54.422468672479674
7532491666.67,-54.08661628905061
7537490000.0,-54.346142962595636
7542488333.33,-54.17752485199231
7547486666.67,-54.30574879596396
7552485000.0,-54.4723510560037
7557483333.33,-54.357793725226024
7562481666.67,-54.69577103593608
7567480000.0,-54.61886036413468
7572478333.33,-54.483103532025495
7577476666.67,-54.631407873010296
7582475000.0,-54.305648597246716
7587473333.33,-54.43130780590636
7592471666.67,-54.38072105966693
7597470000.0,-54.19930374392998
7602468333.33,-54.274893626248996
7607466666.67,-54.20634232172763
7612465000.0,-53.90451490493588
7617463333.33,-54.14391956477367
7622461666.67,-53.79597097087014
7627460000.0,-53.75358244389902
7632458333.33,-53.91001468527912
7637456666.67,-53.83209252571419
7642455000.0,-53.941076614794824
7647453333.33,-53.91789321591902
7652451666.67,-54.0899106269717
7657450000.0,-53.69532538112445
7662448333.33,-53.32513016426451
7667446666.67,-53.54328845120561
7672445000.0,-53.49553576766389
7677443333.33,-53.8323177929137
7682441666.67,-53.61331097139466
7687440000.0,-53.70124117172965
7692438333.33,-53.29103619269607
7697436666.67,-52.88275637237126
7702435000.0,-52.695346769613636
7707433333.33,-52.720997778052435
7712431666.67,-52.76304991667166
7717430000.0,-53.01637132769807
7722428333.33,-52.76812622100928
7727426666.67,-53.03025689206393
7732425000.0,-53.03861157090279
7737423333.33,-53.00621461867772
7742421666.67,-53.233443271395664
7747420000.0,-53.20710539687009
7752418333.33,-53.4916529350653
7757416666.67,-53.516756025955836
7762415000.0,-53.70290665133205
7767413333.33,-53.66963281377062
7772411666.67,-53.47358674503194
7777410000.0,-53.87875628175907
7782408333.33,-53.53899860197427
7787406666.67,-53.44602268983964
7792405000.0,-53.59561502941165
7797403333.33,-53.55431818225178
7802401666.67,-53.692052272731026
7807400000.0,-53.7812409529687
7812398333.33,-53.78692849107218
7817396666.67,-53.73112496540265
7822395000.0,-54.009652893745724
7827393333.33,-54.23310251807902
7832391666.67,-54.10790279778216
7837390000.0,-54.26462806741151
7842388333.33,-54.199392728247204
7847386666.67,-54.237645472665534
7852385000.0,-54.10166804382981
7857383333.33,-53.832308740267024
7862381666.67,-53.72842288640995
7867380000.0,-53.91151804258943
7872378333.33,-53.64804546671243
7877376666.67,-53.540839440785035
7882375000.0,-53.70806864792871
7887373333.33,-53.33275852334164
7892371666.67,-53.44350999615391
7897370000.0,-53.24515540088524
7902368333.33,-53.08219890616969
7907366666.67,-53.38833207505768
7912365000.0,-53.50638356530563
7917363333.33,-53.084136497403335
7922361666.67,-53.41412372131897
7927360000.0,-53.64360300451426
7932358333.33,-53.30854285289904
7937356666.67,-53.40638771105539
7942355000.0,-53.19962845775553
7947353333.33,-53.31358504167913
7952351666.67,-53.12857495789049
7957350000.0,-53.25730964883483
7962348333.33,-52.97879360591715
7967346666.67,-53.03000192935713
7972345000.0,-53.206876609144246
7977343333.33,-53.021248748329455
7982341666.67,-53.26689165946243
7987340000.0,-52.874210445753306
7992338333.33,-53.23698055288978
7997336666.67,-53.222954982309716
8002335000.0,-53.487231703215855
8007333333.33,-53.20474719213128
8012331666.67,-53.10850151109288
8017330000.0,-53.341341644026876
8022328333.33,-53.10524401047536
8027326666.67,-52.969313807089875
8032325000.0,-52.85582021204168
8037323333.33,-52.94711800284062
8042321666.67,-52.623360808777086
8047320000.0,-52.933353953551645
8052318333.33,-53.03464767247384
8057316666.67,-52.92762327925076
8062315000.0,-53.03862636683383
8067313333.33,-53.203516554483144
8072311666.67,-53.30458833048234
8077310000.0,-53.59674572081627
8082308333.33,-53.82143662770783
8087306666.67,-53.62653178651753
8092305000.0,-53.75136842914347
8097303333.33,-53.970947609305504
8102301666.67,-54.089050575032346
8107300000.0,-54.030305720746014
8112298333.33,-53.693037658529796
8117296666.67,-53.90321334318732
8122295000.0,-53.65469482052145
8127293333.33,-53.58717465035746
8132291666.67,-53.774764992029695
8137290000.0,-53.580412923049195
8142288333.33,-53.62504910750779
8147286666.67,-53.935548285745014
8152285000.0,-53.71876782672595
8157283333.33,-53.53378711849074
8162281666.67,-53.60649255248841
8167280000.0,-53.86160323258757
8172278333.33,-53.73835293608225
8177276666.67,-53.49425861659398
8182275000.0,-53.60657528840239
8187273333.33,-53.74318797540393
8192271666.67,-53.784372633746514
8197270000.0,-53.90164050254513
8202268333.33,-53.31586827305816
8207266666.67,-53.66031003244625
8212265000.0,-53.491192613055844
8217263333.33,-53.379183748729005
8222261666.67,-53.15883189767434
8227260000.0,-53.299003487645706
8232258333.33,-53.569000216343696
8237256666.67,-53.59322535570685
8242255000.0,-53.79805401237756
8247253333.33,-54.076437284281546
8252251666.67,-53.96672760736074
8257250000.0,-53.86033237781173
8262248333.33,-53.93591324540225
8267246666.67,-53.80776711624386
8272245000.0,-53.84120655195645
8277243333.33,-53.51040170320019
8282241666.67,-53.60890909786325
8287240000.0,-53.44071226474903
8292238333.33,-53.47397687441123
8297236666.67,-53.54279058582614
8302235000.0,-53.316772667963434
8307233333.33,-53.02808949481219
8312231666.67,-53.17029591363067
8317230000.0,-53.18448192975321
8322228333.33,-53.34421021952827
8327226666.67,-53.3978763988009
8332225000.0,-53.63572354099078
8337223333.33,-53.7296102366346
8342221666.67,-53.784629374576284
8347220000.0,-53.979919728655624
8352218333.33,-53.81303122043016
8357216666.67,-53.77218719691645
8362215000.0,-53.481049440624744
8367213333.33,-53.56365149652595
8372211666.67,-53.63668278726888
8377210000.0,-53.212185087216454
8382208333.33,-53.30896427109423
8387206666.67,-53.015939070770926
8392205000.0,-53.07835024968086
8397203333.33,-53.207060039926766
8402201666.67,-53.4532554882071
8407200000.0,-52.94542885887297
8412198333.33,-53.33555364064368
8417196666.67,-53.64825880166579
8422195000.0,-53.50127501451955
8427193333.33,-53.62568631682984
8432191666.67,-53.817398387915134
8437190000.0,-53.55046717331745
8442188333.33,-53.630429990958746
8447186666.67,-53.640236124657356
8452185000.0,-53.39970852669836
8457183333.33,-53.56753310531623
8462181666.67,-53.46940095707776
8467180000.0,-53.16563077732934
8472178333.33,-53.47706819356443
8477176666.67,-53.4246794281696
8482175000.0,-53.184561230159716
8487173333.33,-53.347695620647045
8492171666.67,-53.163363160544
8497170000.0,-53.20263556011337
8502168333.33,-53.56921536982229
8507166666.67,-53.47532458112566
8512165000.0,-53.64862085789013
8517163333.33,-53.76787357093168
8522161666.67,-53.74829532670447
8527160000.0,-53.51761675634435
8532158333.33,-53.59534635450707
8537156666.67,-53.550539986978876
8542155000.0,-53.464500176981396
8547153333.33,-53.1629099775816
8552151666.67,-53.16179081536102
8557150000.0,-52.9988493527521
8562148333.33,-53.124690710981504
8567146666.67,-53.104041851308935
8572145000.0,-52.99879369440325
8577143333.33,-53.150957808754455
8582141666.67,-53.132915487729655
8587140000.0,-52.96604400312711
8592138333.33,-53.21227721424849
8597136666.67,-53.27398582644495
8602135000.0,-53.22338671281262
8607133333.33,-53.272397163699736
8612131666.67,-52.948442667600666
8617130000.0,-52.973830129848295
8622128333.33,-52.85551575696181
8627126666.67,-52.89654453432466
8632125000.0,-52.51487234749143
8637123333.33,-52.58003313886966
8642121666.67,-52.18638481252714
8647120000.0,-52.145454487061656
8652118333.33,-52.254666416634706
8657116666.67,-52.28971820317311
8662115000.0,-52.37142826822055
8667113333.33,-52.36935461624075
8672111666.67,-52.537453264895944
8677110000.0,-52.913571539296456
8682108333.33,-52.98736551448719
8687106666.67,-53.0735889932312
8692105000.0,-53.15547015367688
8697103333.33,-53.1788234343866
8702101666.67,-53.05921030408864
8707100000.0,-53.16082801617897
8712098333.33,-52.92264848586172
8717096666.67,-52.80225136164507
8722095000.0,-52.56964266447741
8727093333.33,-52.58579597524125
8732091666.67,-52.46414430513496
8737090000.0,-52.364831857690675
8742088333.33,-52.228920037744686
8747086666.67,-52.12739305960744
8752085000.0,-52.21906058310857
8757083333.33,-52.45359097638733
8762081666.67,-52.29409643636391
8767080000.0,-52.437050506370994
8772078333.33,-52.541099622724715
8777076666.67,-52.55769831464514
8782075000.0,-52.574806025126705
8787073333.33,-52.73854779342636
8792071666.67,-53.17985322645153
8797070000.0,-52.776296477841385
8802068333.33,-52.914064800205594
8807066666.67,-52.71679261482066
8812065000.0,-52.62726155335859
8817063333.33,-52.420382225347296
8822061666.67,-52.42101383378496
8827060000.0,-52.3708006578609
8832058333.33,-52.41739651968973
8837056666.67,-52.21433984500365
8842055000.0,-52.1759712775868
8847053333.33,-52.51828434863902
8852051666.67,-52.481746199854854
8857050000.0,-52.48653535974266
8862048333.33,-52.54318846779307
8867046666.67,-52.63250656996985
8872045000.0,-52.526304922069265
8877043333.33,-52.828843133544446
8882041666.67,-52.82023396716606
8887040000.0,-52.753589140669376
8892038333.33,-52.600899288438995
8897036666.67,-52.64981815199202
8902035000.0,-52.49674739134846
8907033333.33,-52.482316485467294
8912031666.67,-52.285659535224916
8917030000.0,-52.263670831520386
8922028333.33,-52.048750157714764
8927026666.67,-52.26690398696162
8932025000.0,-52.2890552607607
8937023333.33,-52.322431422188316
8942021666.67,-52.35861216619039
8947020000.0,-52.180697240833034
8952018333.33,-52.47030258626942
8957016666.67,-52.39293239621262
8962015000.0,-51.98954453041411
8967013333.33,-52.58290031355331
8972011666.67,-52.22417842443875
8977010000.0,-52.3039095232903
8982008333.33,-52.35286442232841
8987006666.67,-52.40408439510847
8992005000.0,-52.31361609632056
8997003333.33,-52.21493285649999
9002001666.67,-52.230580951552625
9007000000.0,-52.285243799658446
9011998333.33,-52.07363355232749
9016996666.67,-52.2811826955183
9021995000.0,-52.29428723164552
9026993333.33,-52.50936339734725
9031991666.67,-52.17716459496199
9036990000.0,-52.2908258236406
9041988333.33,-52.251849653969686
9046986666.67,-52.31671520181587
9051985000.0,-52.03914449099042
9056983333.33,-51.82738353583838
9061981666.67,-51.80541570281481
9066980000.0,-51.74834155202218
9071978333.33,-51.50080957381998
9076976666.67,-51.48554153109028
9081975000.0,-51.13237396708425
9086973333.33,-51.385567819574256
9091971666.67,-51.43404487776234
9096970000.0,-51.353743425470014
9101968333.33,-51.43235985575241
9106966666.67,-51.33024339198397
9111965000.0,-51.812056365287795
9116963333.33,-51.95140401189953
9121961666.67,-52.01307684125556
9126960000.0,-51.938480166461716
9131958333.33,-52.07035289442139
9136956666.67,-52.19006478152521
9141955000.0,-51.977022383506394
9146953333.33,-52.00943736101144
9151951666.67,-51.957240384786104
9156950000.0,-52.03060965431934
9161948333.33,-51.75335182602965
9166946666.67,-52.015154705165116
9171945000.0,-51.79585132963026
9176943333.33,-51.760443547196786
9181941666.67,-51.65401716820285
9186940000.0,-51.750803184019
9191938333.33,-52.04481494317194
9196936666.67,-52.027884381289304
9201935000.0,-51.909926821559
9206933333.33,-52.000497666163085
9211931666.67,-51.99978603141126
9216930000.0,-52.10496989349055
9221928333.33,-51.94942724764877
9226926666.67,-52.008200132741734
9231925000.0,-51.93808467408228
9236923333.33,-51.68881766977534
9241921666.67,-51.634593403070454
9246920000.0,-51.577475394940464
9251918333.33,-51.53238066890145
9256916666.67,-51.4683228670459
9261915000.0,-51.43825889939839
9266913333.33,-51.53661865074626
9271911666.67,-51.36638841888934
9276910000.0,-51.481534699572265
9281908333.33,-51.54271627423035
9286906666.67,-51.44302549810628
9291905000.0,-51.3472350903202
9296903333.33,-51.307853949312474
9301901666.67,-51.47305438624515
9306900000.0,-51.44103660598028
9311898333.33,-51.28583835831708
9316896666.67,-51.01688921099996
9321895000.0,-50.87769625338779
9326893333.33,-50.888286469212375
9331891666.67,-50.766563057856686
9336890000.0,-50.300015553242325
9341888333.33,-50.31864206387431
9346886666.67,-50.29187518040099
9351885000.0,-50.169820894572304
9356883333.33,-50.4491567689313
9361881666.67,-50.16744567998786
9366880000.0,-50.2554526305049
9371878333.33,-50.331712913043276
9376876666.67,-50.713798803679076
9381875000.0,-50.66037525832626
9386873333.33,-50.52512706379994
9391871666.67,-50.464239286941456
9396870000.0,-50.37908668577056
9401868333.33,-50.37184798547662
9406866666.67,-50.27519427456107
9411865000.0,-50.33186861784313
9416863333.33,-50.18825513445961
9421861666.67,-50.050697778965116
9426860000.0,-50.146775758915815
9431858333.33,-49.95576536504239
9436856666.67,-49.96912285390429
9441855000.0,-50.18953192199519
9446853333.33,-50.342234643597095
9451851666.67,-50.515017628606486
9456850000.0,-50.40160330428962
9461848333.33,-50.70463944903804
9466846666.67,-50.5509228724847
9471845000.0,-50.5738342934876
9476843333.33,-50.60423567626848
9481841666.67,-50.58425111464768
9486840000.0,-50.50095498055122
9491838333.33,-50.47104297657878
9496836666.67,-50.13109390346686
9501835000.0,-50.17543087654908
9506833333.33,-49.820904126865855
9511831666.67,-49.83859747321242
9516830000.0,-49.731227302662056
9521828333.33,-49.63163937096296
9526826666.67,-49.587365150427146
9531825000.0,-49.512122422869886
9536823333.33,-49.69208413273313
9541821666.67,-49.752620085695
9546820000.0,-49.696955422365725
9551818333.33,-50.052074707995246
9556816666.67,-49.79042410204271
9561815000.0,-49.62907204019085
9566813333.33,-49.52948685781132
9571811666.67,-49.45322771887217
9576810000.0,-49.39847994413534
9581808333.33,-49.219124898296144
9586806666.67,-49.09691583765844
9591805000.0,-48.89227145692344
9596803333.33,-48.82969751005784
9601801666.67,-48.83810373091833
9606800000.0,-48.63803631132061
9611798333.33,-48.627916675172074
9616796666.67,-48.6621288318242
9621795000.0,-48.46523028701061
9626793333.33,-48.818933193413876
9631791666.67,-48.96396803292116
9636790000.0,-48.827988932175344
9641788333.33,-49.19308588777001
9646786666.67,-48.765760820150206
9651785000.0,-48.87030435033787
9656783333.33,-48.850707580775165
9661781666.67,-48.57396540697172
9666780000.0,-48.35822585624137
9671778333.33,-48.40740253531174
9676776666.67,-48.11084274683778
9681775000.0,-48.04611797104685
9686773333.33,-47.93993591128677
9691771666.67,-47.8343134624025
9696770000.0,-47.858986429533545
9701768333.33,-47.77434004901605
9706766666.67,-47.87806309796322
9711765000.0,-48.06233292187409
9716763333.33,-48.252791259696764
9721761666.67,-48.28891878138834
9726760000.0,-48.401361008743
9731758333.33,-48.44131524920719
9736756666.67,-48.516170275941946
9741755000.0,-48.75080597689602
9746753333.33,-48.46153638825398
9751751666.67,-48.39696240418617
9756750000.0,-48.23700696031314
9761748333.33,-48.19990744524871
9766746666.67,-47.935097869237126
9771745000.0,-48.014838141714826
9776743333.33,-47.753853846255495
9781741666.67,-47.64384131801471
9786740000.0,-47.523307763557135
9791738333.33,-47.45856297788034
9796736666.67,-47.660522031968135
9801735000.0,-47.514520668703035
9806733333.33,-47.687771570318695
9811731666.67,-47.793534769295334
9816730000.0,-47.95196517682358
9821728333.33,-47.99869868207103
9826726666.67,-47.84067200581254
9831725000.0,-47.90503402688725
9836723333.33,-47.75680571597779
9841721666.67,-47.65926535464249
9846720000.0,-47.58844186241671
9851718333.33,-47.47722354188756
9856716666.67,-47.149839519682466
9861715000.0,-47.20799847544336
9866713333.33,-47.18955912741886
9871711666.67,-47.19299283072541
9876710000.0,-47.0566532429111
9881708333.33,-46.99507076373165
9886706666.67,-46.84780025413708
9891705000.0,-47.08270106623088
9896703333.33,-46.98675446006595
9901701666.67,-47.12311125705335
9906700000.0,-47.157694836777836
9911698333.33,-47.18913275857367
9916696666.67,-47.187573521687284
9921695000.0,-47.11734797373203
9926693333.33,-46.906591896500196
9931691666.67,-47.01564735187113
9936690000.0,-46.68849855584195
9941688333.33,-46.75986771456313
9946686666.67,-46.54996174943769
9951685000.0,-46.558283062429695
9956683333.33,-46.344147297748265
9961681666.67,-46.30852412016674
9966680000.0,-46.47239542853047
9971678333.33,-46.42188249013366
9976676666.67,-46.54408277772309
9981675000.0,-46.521062198441285
9986673333.33,-46.424434555744234
9991671666.67,-46.54019446451571
9996670000.0,-46.62672813042437
10001668333.3,-46.33097081845544
10006666666.7,-46.39912815889869
10011665000.0,-46.32501238373269
10016663333.3,-46.07469874370934
10021661666.7,-46.0840876347354
10026660000.0,-45.82017540278672
10031658333.3,-45.82148448778999
10036656666.7,-45.54337254662685
10041655000.0,-45.63712308963845
10046653333.3,-45.51343987410408
10051651666.7,-45.47882900991105
10056650000.0,-45.591667567651285
10061648333.3,-45.58677231223612
10066646666.7,-45.73564501742247
10071645000.0,-45.813139279001604
10076643333.3,-45.831600932794096
10081641666.7,-45.797612848333486
10086640000.0,-45.78948055731034
10091638333.3,-45.452552385456556
10096636666.7,-45.417746960750456
10101635000.0,-45.28300395029552
10106633333.3,-45.20522007000722
10111631666.7,-45.21230269135096
10116630000.0,-44.99409502307698
10121628333.3,-45.03443165388654
10126626666.7,-45.0355339547296
10131625000.0,-44.96892407549402
10136623333.3,-45.168472347541105
10141621666.7,-45.142567843391895
10146620000.0,-45.20012734681511
10151618333.3,-45.239880303445084
10156616666.7,-45.3588373564816
10161615000.0,-45.370123666357784
10166613333.3,-45.41819432271846
10171611666.7,-45.30001487519836
10176610000.0,-45.248260504230196
10181608333.3,-45.10112443686885
10186606666.7,-44.91491657653854
10191605000.0,-44.82449907627671
10196603333.3,-44.76544953724289
10201601666.7,-44.50039392619434
10206600000.0,-44.39928024337668
10211598333.3,-44.3220083434704
10216596666.7,-44.120061156551245
10221595000.0,-43.93390519814754
10226593333.3,-43.98784628484822
10231591666.7,-43.85753542572935
10236590000.0,-43.92811934123814
10241588333.3,-43.988346117659205
10246586666.7,-43.87467103155346
10251585000.0,-43.842260259950265
10256583333.3,-43.779989736127575
10261581666.7,-43.80009191726484
10266580000.0,-43.610721089503706
10271578333.3,-43.57944786837273
10276576666.7,-43.5071021578558
10281575000.0,-43.44087601758322
10286573333.3,-43.253519898193744
10291571666.7,-43.233658671926435
10296570000.0,-43.18734738175767
10301568333.3,-43.17707945055666
10306566666.7,-43.044158003943835
10311565000.0,-43.14255152832351
10316563333.3,-43.01722543465828
10321561666.7,-43.1399119244188
10326560000.0,-42.99382526632893
10331558333.3,-43.18600497409416
10336556666.7,-43.11225815113253
10341555000.0,-43.03261994423694
10346553333.3,-43.01181347210456
10351551666.7,-42.8436283020815
10356550000.0,-42.82137881611999
10361548333.3,-42.59408261767244
10366546666.7,-42.48400606590329
10371545000.0,-42.39694891776766
10376543333.3,-42.339635673841016
10381541666.7,-42.22146674261779
10386540000.0,-42.22356196497653
10391538333.3,-42.18517423836915
10396536666.7,-42.22210366171566
10401535000.0,-42.2505936632748
10406533333.3,-42.237425198813156
10411531666.7,-42.266663209254546
10416530000.0,-42.332329979728556
10421528333.3,-42.33077197032827
10426526666.7,-42.25591830304477
10431525000.0,-42.175202790700766
10436523333.3,-42.17347928328324
10441521666.7,-42.127374535412756
10446520000.0,-42.076027061636964
10451518333.3,-41.86559172045517
10456516666.7,-41.833590849702915
10461515000.0,-41.794700226537024
10466513333.3,-41.78079977400441
10471511666.7,-41.92003546618516
10476510000.0,-41.90297671559211
10481508333.3,-41.937974175315816
10486506666.7,-41.947134876043044
10491505000.0,-42.0713783833512
10496503333.3,-42.12501589011807
10501501666.7,-42.134243924328075
10506500000.0,-42.234758371229034
10511498333.3,-42.14439453406179
10516496666.7,-42.111887310387104
10521495000.0,-41.971865082889366
10526493333.3,-41.99489528225247
10531491666.7,-41.89240319501799
10536490000.0,-41.75093025814273
10541488333.3,-41.67253015424622
10546486666.7,-41.63850594696437
10551485000.0,-41.57843184589009
10556483333.3,-41.51136527570827
10561481666.7,-41.5636482022525
10566480000.0,-41.66163885861999
10571478333.3,-41.806020001583946
10576476666.7,-41.91372009249635
10581475000.0,-42.05317225281793
10586473333.3,-42.07652316463797
10591471666.7,-42.099507354355424
10596470000.0,-42.20924725776749
10601468333.3,-42.239906803080885
10606466666.7,-42.26186412920914
10611465000.0,-42.220782022229
10616463333.3,-42.2207708537039
10621461666.7,-42.12674056597598
10626460000.0,-42.155508123633076
10631458333.3,-42.07735478231571
10636456666.7,-42.10893496690097
10641455000.0,-42.12602999691346
10646453333.3,-42.13919925180554
10651451666.7,-42.21162406566019
10656450000.0,-42.383837326924635
10661448333.3,-42.474902913256464
10666446666.7,-42.684033157751514
10671445000.0,-42.740191691385824
10676443333.3,-42.93298802773385
10681441666.7,-42.96652114362678
10686440000.0,-42.90444547803
10691438333.3,-42.97583665759238
10696436666.7,-42.97446290720944
10701435000.0,-42.829053122340554
10706433333.3,-42.82634742271209
10711431666.7,-42.79031556987072
10716430000.0,-42.74380469715811
10721428333.3,-42.7411868177451
10726426666.7,-42.77466057986337
10731425000.0,-42.852352185424316
10736423333.3,-42.87153912721645
10741421666.7,-43.06781736180113
10746420000.0,-43.302681269248836
10751418333.3,-43.461925924183774
10756416666.7,-43.58042128179338
10761415000.0,-43.878207064280126
10766413333.3,-44.04757146388807
10771411666.7,-44.10668035419344
10776410000.0,-44.39232410250704
10781408333.3,-44.384776118620806
10786406666.7,-44.28129141962583
10791405000.0,-44.31229083537111
10796403333.3,-44.414126020314264
10801401666.7,-44.36960294404652
10806400000.0,-44.487604707745106
10811398333.3,-44.418648158970306
10816396666.7,-44.52903657976893
10821395000.0,-44.62150393639177
10826393333.3,-44.68700589844054
10831391666.7,-45.017823572976866
10836390000.0,-45.16878175234276
10841388333.3,-45.39135336361997
10846386666.7,-45.592353774681925
10851385000.0,-45.732040766688286
10856383333.3,-45.79138455208336
10861381666.7,-46.04494587676428
10866380000.0,-46.232807173989784
10871378333.3,-46.21216754969743
10876376666.7,-46.13308595741616
10881375000.0,-46.14245634039043
10886373333.3,-46.00937758137888
10891371666.7,-45.98900239043863
10896370000.0,-46.084477216657206
10901368333.3,-46.15124271846658
10906366666.7,-46.2178138047164
10911365000.0,-46.11611267442041
10916363333.3,-46.324878797596156
10921361666.7,-46.37746133315815
10926360000.0,-46.533797150115824
10931358333.3,-46.56877184412076
10936356666.7,-46.70064195986527
10941355000.0,-46.75173252381747
10946353333.3,-46.828863222659
10951351666.7,-46.92291751417802
10956350000.0,-46.764974421815324
10961348333.3,-46.97624746564631
10966346666.7,-46.962589462905214
10971345000.0,-46.819845626633224
10976343333.3,-46.84826798423564
10981341666.7,-46.83386237810449
10986340000.0,-46.77669896286179
10991338333.3,-46.98577372517288
10996336666.7,-47.0349896399526
11001335000.0,-47.22574386514003
11006333333.3,-47.3065932494816
11011331666.7,-47.39244458164655
11016330000.0,-47.45945788608957
11021328333.3,-47.57742570074978
11026326666.7,-47.8536502411514
11031325000.0,-47.94087589978502
11036323333.3,-48.11977491826213
11041321666.7,-48.34245125234414
11046320000.0,-47.989059937177714
11051318333.3,-48.215830026304104
11056316666.7,-48.116580662749996
11061315000.0,-48.221515295870816
11066313333.3,-48.14410870709338
11071311666.7,-48.35754145792013
11076310000.0,-48.46318497187502
11081308333.3,-48.378870370083156
11086306666.7,-48.772136977176864
11091305000.0,-49.102991554641655
11096303333.3,-49.30272135518266
11101301666.7,-49.471116858730625
11106300000.0,-49.54781450690152
11111298333.3,-49.69106954859497
11116296666.7,-49.734552495939965
11121295000.0,-50.00094046301388
11126293333.3,-50.02646105791874
11131291666.7,-49.9766070801174
11136290000.0,-49.84072644682336
11141288333.3,-49.97956500070921
11146286666.7,-49.878765457492705
11151285000.0,-49.7165779086271
11156283333.3,-49.755610013934294
11161281666.7,-49.793632434160344
11166280000.0,-49.840744268401906
11171278333.3,-50.01126248040379
11176276666.7,-50.172621517596916
11181275000.0,-50.4688482688899
11186273333.3,-50.26467487105124
11191271666.7,-50.663578972162775
11196270000.0,-50.636233298235126
11201268333.3,-50.87405464298364
11206266666.7,-50.81359147425401
11211265000.0,-50.77311832181469
11216263333.3,-50.72176225426852
11221261666.7,-50.873505834524344
11226260000.0,-50.83406870112162
11231258333.3,-50.709816365285306
11236256666.7,-50.448402647459424
11241255000.0,-50.42318301658967
11246253333.3,-50.31141096474912
11251251666.7,-50.40548242733419
11256250000.0,-50.58579338348868
11261248333.3,-50.32283082633037
11266246666.7,-50.69828587686855
11271245000.0,-50.78633844029687
11276243333.3,-50.87309452695824
11281241666.7,-51.00154595649367
11286240000.0,-50.96045069024257
11291238333.3,-50.87979365060341
11296236666.7,-50.88809363711093
11301235000.0,-50.98401626682212
11306233333.3,-51.02270910671068
11311231666.7,-51.08514959627482
11316230000.0,-51.26401183574483
11321228333.3,-51.32518812481075
11326226666.7,-51.03585810183195
11331225000.0,-51.3974687490511
11336223333.3,-51.07815135822466
11341221666.7,-51.30118530182025
11346220000.0,-51.344005140102375
11351218333.3,-51.46268214617426
11356216666.7,-51.568111789144915
11361215000.0,-51.65746037508255
11366213333.3,-51.98997588095303
11371211666.7,-52.0100464906131
11376210000.0,-52.026991808729086
11381208333.3,-52.026298161572655
11386206666.7,-52.017611221966035
11391205000.0,-52.02639689113607
11396203333.3,-51.87820837853397
11401201666.7,-52.302665244247784
11406200000.0,-51.93160851219751
11411198333.3,-51.974645905480365
11416196666.7,-52.13914416271642
11421195000.0,-52.152932196761284
11426193333.3,-52.28627784328953
11431191666.7,-52.35674242089661
11436190000.0,-52.24968836466415
11441188333.3,-52.35832938858327
11446186666.7,-52.688898160622045
11451185000.0,-52.57663611331098
11456183333.3,-52.93808607056193
11461181666.7,-52.912030531207364
11466180000.0,-52.817261812675895
11471178333.3,-52.877778209767484
11476176666.7,-53.000966560163704
11481175000.0,-52.73268839605673
11486173333.3,-52.61809084219295
11491171666.7,-52.66180503909406
11496170000.0,-52.67102332253994
11501168333.3,-52.691696409621855
11506166666.7,-53.007864686519916
11511165000.0,-52.83420458304977
11516163333.3,-52.78129521535832
11521161666.7,-52.707919290741856
11526160000.0,-53.0296102882414
11531158333.3,-53.031622261821674
11536156666.7,-53.36102991413505
11541155000.0,-53.57437217779798
11546153333.3,-53.28854397666822
11551151666.7,-53.61490311627409
11556150000.0,-53.548403206589555
11561148333.3,-53.553954636046484
11566146666.7,-53.47125465200541
11571145000.0,-53.15812249177378
11576143333.3,-53.23355089349179
11581141666.7,-53.264575725195385
11586140000.0,-53.13254555695289
11591138333.3,-53.07552343345472
11596136666.7,-53.31056227065201
11601135000.0,-53.23667720382281
11606133333.3,-53.37762903315302
11611131666.7,-53.35811608045968
11616130000.0,-53.64600659039847
11621128333.3,-53.74816085477648
11626126666.7,-53.87712357223621
11631125000.0,-53.94939179968154
11636123333.3,-53.95436328623851
11641121666.7,-54.11109031682771
11646120000.0,-54.14681292578643
11651118333.3,-53.99590416386154
11656116666.7,-54.07177112166679
11661115000.0,-54.15149320495762
11666113333.3,-53.714553125810134
11671111666.7,-53.85522005711783
11676110000.0,-53.620216706683046
11681108333.3,-53.804321613403204
11686106666.7,-53.838377100912034
11691105000.0,-54.497138205733506
11696103333.3,-54.02217482206624
11701101666.7,-54.35655623709912
11706100000.0,-54.5164715293754
11711098333.3,-54.36041290839451
11716096666.7,-54.38827909881033
11721095000.0,-54.72498324005514
11726093333.3,-55.00893888666626
11731091666.7,-54.706719610178965
11736090000.0,-54.43674849551936
11741088333.3,-54.56283549854923
11746086666.7,-54.47851231658629
11751085000.0,-54.41510546490348
11756083333.3,-54.12419566128573
11761081666.7,-54.1365305633603
11766080000.0,-54.35147463473772
11771078333.3,-54.47211243118579
11776076666.7,-54.36681204033286
11781075000.0,-55.0231259083086
11786073333.3,-55.01348930515225
11791071666.7,-54.90800766048758
11796070000.0,-54.97974412403587
11801068333.3,-54.89331145654006
11806066666.7,-55.35802667528175
11811065000.0,-55.47937080287626
11816063333.3,-55.09169785201098
11821061666.7,-54.998835785507055
11826060000.0,-55.38899171857977
11831058333.3,-55.264815050044966
11836056666.7,-55.53177139196694
11841055000.0,-55.125728750570346
11846053333.3,-55.180706121471204
11851051666.7,-54.90933166610073
11856050000.0,-54.802837398561294
11861048333.3,-55.04671715527742
11866046666.7,-55.25300361122348
11871045000.0,-55.3967432156838
11876043333.3,-55.65133913120071
11881041666.7,-55.76108161190216
11886040000.0,-56.04144359021358
11891038333.3,-55.853856424567205
11896036666.7,-55.54988315748303
11901035000.0,-55.35585315573264
11906033333.3,-56.02970148424423
11911031666.7,-55.57248079423718
11916030000.0,-55.94162670567452
11921028333.3,-55.86594826011361
11926026666.7,-55.84359320618796
11931025000.0,-55.642564966144015
11936023333.3,-55.91893148424576
11941021666.7,-55.762203321891796
11946020000.0,-55.39400387482674
11951018333.3,-55.95337602785858
11956016666.7,-56.07585914038243
11961015000.0,-56.2448693816561
11966013333.3,-56.417874877157004
11971011666.7,-56.38415031421741
11976010000.0,-56.1795497663709
11981008333.3,-56.261360319575495
11986006666.7,-56.36242837393767
11991005000.0,-55.856070893970376
11996003333.3,-55.99331959787541
12001001666.7,-55.99619268621706
12006000000.0,-55.377404630375906
12010998333.3,-55.79545466709209
12015996666.7,-55.55481340199328
12020995000.0,-55.16905339216126
12025993333.3,-55.32223504767924
12030991666.7,-55.403737495234424
12035990000.0,-55.230136017068816
12040988333.3,-55.68390203153559
12045986666.7,-55.56039046287208
12050985000.0,-55.432650575123226
12055983333.3,-55.53932694146248
12060981666.7,-56.28122268625739
12065980000.0,-56.44223587718379
12070978333.3,-56.00395400252119
12075976666.7,-56.1023446427702
12080975000.0,-56.20633041095071
12085973333.3,-55.49600051505969
12090971666.7,-55.72831262532941
12095970000.0,-55.74117286523163
12100968333.3,-55.57312629032665
12105966666.7,-55.93422364049819
12110965000.0,-55.703035587896494
12115963333.3,-55.69496484106054
12120961666.7,-55.73615997974685
12125960000.0,-56.06704122376141
12130958333.3,-56.21373090999391
12135956666.7,-56.20646727537399
12140955000.0,-56.01344468041867
12145953333.3,-56.45645129268993
12150951666.7,-56.26743317059699
12155950000.0,-56.77285715516665
12160948333.3,-56.874296421172936
12165946666.7,-56.85257081726205
12170945000.0,-57.12230483203185
12175943333.3,-56.57327650063596
12180941666.7,-56.83311796265275
12185940000.0,-56.7410556512073
12190938333.3,-56.42117721927911
12195936666.7,-56.91858306913494
12200935000.0,-56.24198318985158
12205933333.3,-56.316500187200205
12210931666.7,-56.62100610589103
12215930000.0,-56.639220806248545
12220928333.3,-56.55013541101201
12225926666.7,-56.64350586531544
12230925000.0,-57.19690682119911
12235923333.3,-57.16065139783808
12240921666.7,-56.82529335399429
12245920000.0,-57.272325532501505
12250918333.3,-56.58750431258646
12255916666.7,-56.78765933739661
12260915000.0,-57.128604440502556
12265913333.3,-56.679824204490004
12270911666.7,-56.65873992121395
12275910000.0,-56.77144786205698
12280908333.3,-56.84460893248503
12285906666.7,-56.0988022006522
12290905000.0,-56.59143858051645
12295903333.3,-56.79721636870043
12300901666.7,-57.06543751036296
12305900000.0,-56.85364255446309
12310898333.3,-57.11079614859041
12315896666.7,-56.655714777009585
12320895000.0,-56.740700209936634
12325893333.3,-56.705482109645324
12330891666.7,-56.587279258151064
12335890000.0,-56.48227504433607
12340888333.3,-56.45133203267218
12345886666.7,-56.005304830744514
12350885000.0,-56.72078815507661
12355883333.3,-56.007059139694746
12360881666.7,-56.39849159984112
12365880000.0,-55.75358463986879
12370878333.3,-56.05756744192703
12375876666.7,-56.0790390342244
12380875000.0,-56.38478160125708
12385873333.3,-56.6960026036152
12390871666.7,-56.791139357081846
12395870000.0,-56.82307509539778
12400868333.3,-56.80364341434384
12405866666.7,-56.937757726427364
12410865000.0,-56.801298364446986
12415863333.3,-56.83424526609258
12420861666.7,-57.14120742546615
12425860000.0,-57.12744592859834
12430858333.3,-57.17730244970828
12435856666.7,-57.19299387818712
12440855000.0,-56.614813315786144
12445853333.3,-56.692617081115756
12450851666.7,-57.23090337612281
12455850000.0,-56.809196167709416
12460848333.3,-57.254314348095754
12465846666.7,-56.78928994844847
12470845000.0,-57.24459080220634
12475843333.3,-57.245811880546135
12480841666.7,-57.30221973953691
12485840000.0,-57.86007522431531
12490838333.3,-57.366148366521365
12495836666.7,-57.776815292719014
12500835000.0,-57.914254329572394
12505833333.3,-57.86332596767661
12510831666.7,-57.97698931185664
12515830000.0,-58.01893545608457
12520828333.3,-58.32022031794131
12525826666.7,-57.87654791425501
12530825000.0,-57.85080949095339
12535823333.3,-58.02282903746254
12540821666.7,-58.16644039738171
12545820000.0,-57.58569534032692
12550818333.3,-57.67041851599902
12555816666.7,-58.21142255191902
12560815000.0,-57.94498404349454
12565813333.3,-58.06652109354903
12570811666.7,-58.07009382643987
12575810000.0,-58.39736162382592
12580808333.3,-58.59129518439048
12585806666.7,-58.48881499034509
12590805000.0,-58.05957695201986
12595803333.3,-58.101174820830046
12600801666.7,-58.27129414806507
12605800000.0,-58.13421647605833
12610798333.3,-57.79041246095844
12615796666.7,-57.53412753096789
12620795000.0,-57.87852593362824
12625793333.3,-58.08735771648681
12630791666.7,-57.831491750716104
12635790000.0,-57.74468416301862
12640788333.3,-57.928236731424725
12645786666.7,-58.250318454977005
12650785000.0,-58.0999732405016
12655783333.3,-58.07219786143783
12660781666.7,-57.94584017616608
12665780000.0,-58.20217715561843
12670778333.3,-58.39363372231384
12675776666.7,-58.87475652506927
12680775000.0,-58.232889442969686
12685773333.3,-58.920443959894826
12690771666.7,-58.15665230549237
12695770000.0,-58.46674709172543
12700768333.3,-58.489227817433346
12705766666.7,-58.82020589127433
12710765000.0,-58.26617548732465
12715763333.3,-58.70096023522416
12720761666.7,-58.65909212197159
12725760000.0,-58.16281061496057
12730758333.3,-58.467784867805435
12735756666.7,-58.68275784011224
12740755000.0,-58.872029753316895
12745753333.3,-58.39008129164934
12750751666.7,-58.400387762582824
12755750000.0,-58.818760501968974
12760748333.3,-58.96122306092138
12765746666.7,-58.944471484583154
12770745000.0,-58.84527397086357
12775743333.3,-58.87673137380605
12780741666.7,-58.72268319080966
12785740000.0,-58.74656693233648
12790738333.3,-58.728125600726784
12795736666.7,-58.90479512110346
12800735000.0,-58.37853116263865
12805733333.3,-59.180270922693445
12810731666.7,-59.01099302781497
12815730000.0,-59.29890286434234
12820728333.3,-59.28703037866363
12825726666.7,-59.53071486255631
12830725000.0,-59.39695188632611
12835723333.3,-59.21960754548777
12840721666.7,-59.268706325036874
12845720000.0,-59.53513458369697
12850718333.3,-59.81655730790386
12855716666.7,-59.569522296152385
12860715000.0,-59.365798519664
12865713333.3,-59.412598802116314
12870711666.7,-58.995758533097515
12875710000.0,-59.217392735469346
12880708333.3,-59.298544885414856
12885706666.7,-58.96590597259541
12890705000.0,-59.18187079869667
12895703333.3,-58.87573311145387
12900701666.7,-59.22467893973767
12905700000.0,-59.74965517586877
12910698333.3,-59.43889676788864
12915696666.7,-59.15620095645127
12920695000.0,-59.901189029864135
12925693333.3,-59.435086045561334
12930691666.7,-59.19033292337032
12935690000.0,-59.42671173299096
12940688333.3,-59.55384695414757
12945686666.7,-59.56521799278982
12950685000.0,-59.50144508928713
12955683333.3,-58.75245760989516
12960681666.7,-58.81256779620314
12965680000.0,-59.03441734964961
12970678333.3,-59.364663133697505
12975676666.7,-59.06143404462841
12980675000.0,-58.892527382494926
12985673333.3,-59.2414910096581
12990671666.7,-59.6494733492585
12995670000.0,-59.97522774465398
13000668333.3,-59.23616726567065
13005666666.7,-59.825905667365184
13010665000.0,-59.53777054874089
13015663333.3,-59.50397874745536
13020661666.7,-59.95525723983761
13025660000.0,-59.67300991404335
13030658333.3,-59.28788669592731
13035656666.7,-58.86000948916127
13040655000.0,-59.04435882152215
13045653333.3,-59.338497966665926
13050651666.7,-59.694624679195336
13055650000.0,-58.93047692200578
13060648333.3,-58.79020960931378
13065646666.7,-58.63391204704695
13070645000.0,-58.56343877578133
13075643333.3,-58.92536843088428
13080641666.7,-58.55796128777766
13085640000.0,-58.995979402197534
13090638333.3,-59.44652252660201
13095636666.7,-59.55007650981614
13100635000.0,-59.371096423893654
13105633333.3,-59.598213431418465
13110631666.7,-58.98334699872099
13115630000.0,-59.348739528974036
13120628333.3,-59.251620778162525
13125626666.7,-59.46441610110845
13130625000.0,-58.93689873329144
13135623333.3,-59.21680631219726
13140621666.7,-59.485989133879954
13145620000.0,-59.194267280329534
13150618333.3,-58.98885269668638
13155616666.7,-58.96850749554866
13160615000.0,-59.40048547707042
13165613333.3,-58.88061268161509
13170611666.7,-59.403266136624275
13175610000.0,-59.02104046065087
13180608333.3,-59.50816760846135
13185606666.7,-59.75160550554857
13190605000.0,-59.1830584602512
13195603333.3,-59.322890878118145
13200601666.7,-59.12272370833321
13205600000.0,-59.59823196650598
13210598333.3,-59.04981300771052
13215596666.7,-59.301439366379576
13220595000.0,-59.055181853778684
13225593333.3,-59.35186263109923
13230591666.7,-59.838512508302856
13235590000.0,-59.19342642275204
13240588333.3,-58.885414728680026
13245586666.7,-59.62875993400685
13250585000.0,-59.50951332782268
13255583333.3,-59.59828282183043
13260581666.7,-59.468200530413995
13265580000.0,-59.557692297030556
13270578333.3,-59.51551203127666
13275576666.7,-60.153091730402735
13280575000.0,-60.00451682981492
13285573333.3,-60.04403185052365
13290571666.7,-59.74597649386407
13295570000.0,-59.70670128797866
13300568333.3,-59.2858985827958
13305566666.7,-59.904784490319784
13310565000.0,-59.88657590756917
13315563333.3,-59.947893145484066
13320561666.7,-60.52350054377879
13325560000.0,-60.23853635324414
13330558333.3,-60.67079465499842
13335556666.7,-59.53263518390414
13340555000.0,-59.60493041621103
13345553333.3,-59.78531825449985
13350551666.7,-59.467005633749785
13355550000.0,-59.66428553134652
13360548333.3,-59.96699049329291
13365546666.7,-59.272415065185
13370545000.0,-59.59154389336928
13375543333.3,-59.532831074020784
13380541666.7,-59.46704972028673
13385540000.0,-59.60483221327316
13390538333.3,-59.734395381435526
13395536666.7,-59.79638026191084
13400535000.0,-59.484722583354106
13405533333.3,-59.57221625949369
13410531666.7,-59.67661413439677
13415530000.0,-59.832265024257225
13420528333.3,-59.499774148327795
13425526666.7,-59.687283610829596
13430525000.0,-60.23413804908054
13435523333.3,-59.661306627774096
13440521666.7,-59.892555569994876
13445520000.0,-59.564128689621626
13450518333.3,-59.93494702384336
13455516666.7,-60.38701396523422
13460515000.0,-60.434279982072155
13465513333.3,-60.1784317957765
13470511666.7,-59.90807762988439
13475510000.0,-60.316952108804855
13480508333.3,-59.7845692190039
13485506666.7,-59.94876551547747
13490505000.0,-59.750270150522454
13495503333.3,-59.33299728222731
13500501666.7,-59.611147970955855
13505500000.0,-60.033775757806715
13510498333.3,-59.793571134458
13515496666.7,-60.27666612088865
13520495000.0,-60.29431576727741
13525493333.3,-60.10074875335454
13530491666.7,-60.26395337809745
13535490000.0,-59.82447949401639
13540488333.3,-59.983614835530936
13545486666.7,-60.00672072259295
13550485000.0,-60.82173794619841
13555483333.3,-60.56245511307146
13560481666.7,-60.24755466804106
13565480000.0,-60.07927209202344
13570478333.3,-60.461392648295345
13575476666.7,-60.36516554263463
13580475000.0,-60.061372428448095
13585473333.3,-61.39273114982469
13590471666.7,-60.95430521077782
13595470000.0,-61.104051384481096
13600468333.3,-61.180833736510046
13605466666.7,-61.27536641312923
13610465000.0,-61.54073864166926
13615463333.3,-61.033325782801874
13620461666.7,-61.2194519765978
13625460000.0,-60.63390054873308
13630458333.3,-60.53332762583697
13635456666.7,-61.12765494210829
13640455000.0,-61.01621512925011
13645453333.3,-61.028375789990214
13650451666.7,-60.98796139837013
13655450000.0,-60.33180539506838
13660448333.3,-60.32025750289341
13665446666.7,-60.607177960035855
13670445000.0,-60.39982348651363
13675443333.3,-60.42338274317035
13680441666.7,-60.77401355757633
13685440000.0,-60.60036945067004
13690438333.3,-59.85776650079423
13695436666.7,-60.2371637923236
13700435000.0,-60.7760936807587
13705433333.3,-60.64633210511049
13710431666.7,-60.06592450369746
13715430000.0,-60.28178517092397
13720428333.3,-60.07867210020099
13725426666.7,-59.20093504787964
13730425000.0,-60.234615960338054
13735423333.3,-60.11359904236457
13740421666.7,-59.979723812316344
13745420000.0,-59.696274989709735
13750418333.3,-60.27730602776912
13755416666.7,-60.9758867079784
13760415000.0,-59.89372180065513
13765413333.3,-60.4325939148803
13770411666.7,-60.269386599062315
13775410000.0,-60.639446195347546
13780408333.3,-60.909423242242866
13785406666.7,-60.99112822279079
13790405000.0,-60.95582521095979
13795403333.3,-61.01057963294788
13800401666.7,-61.086266744126114
13805400000.0,-60.330688790751395
13810398333.3,-60.62943162601846
13815396666.7,-60.007036282574795
13820395000.0,-60.2928021684136
13825393333.3,-60.388367478964675
13830391666.7,-60.499918480051264
13835390000.0,-60.5349466559474
13840388333.3,-60.40336373173215
13845386666.7,-60.317062943647166
13850385000.0,-61.6424294919453
13855383333.3,-60.80160340678845
13860381666.7,-60.95962408087577
13865380000.0,-60.05686004095501
13870378333.3,-60.8664487677145
13875376666.7,-61.41000936936348
13880375000.0,-61.5967387431435
13885373333.3,-61.24115729021564
13890371666.7,-60.69368920412141
13895370000.0,-60.35152930470299
13900368333.3,-61.081557762064705
13905366666.7,-60.342356737202465
13910365000.0,-61.03362236985124
13915363333.3,-60.33914798339688
13920361666.7,-60.64021558397306
13925360000.0,-60.741927894798835
13930358333.3,-61.075972335001
13935356666.7,-61.4486560641214
13940355000.0,-60.588428653540014
13945353333.3,-60.428326378946636
13950351666.7,-60.963736447811876
13955350000.0,-60.18048014592861
13960348333.3,-60.445944239616836
13965346666.7,-59.9107376555113
13970345000.0,-60.396948330090524
13975343333.3,-60.626604029437715
13980341666.7,-60.7468274813213
13985340000.0,-60.01589294824658
13990338333.3,-59.97564253979708
13995336666.7,-60.069392931893674
14000335000.0,-60.20736756840897
14005333333.3,-59.254676220684274
14010331666.7,-60.00488797685129
14015330000.0,-59.287736742577295
14020328333.3,-59.5879216854993
14025326666.7,-60.05770496381796
14030325000.0,-60.04310782351716
14035323333.3,-59.65943036295319
14040321666.7,-59.41311574953445
14045320000.0,-60.11686417170484
14050318333.3,-60.03837193246697
14055316666.7,-60.279255633489825
14060315000.0,-60.30506007810071
14065313333.3,-60.020270345962565
14070311666.7,-60.6744299318911
14075310000.0,-59.749116358923274
14080308333.3,-60.21797179346738
14085306666.7,-59.24143021000027
14090305000.0,-60.02817002586589
14095303333.3,-60.233476527946024
14100301666.7,-60.77261043829891
14105300000.0,-60.08209518739178
14110298333.3,-60.117911917847174
14115296666.7,-59.94671553389579
14120295000.0,-60.531757584077816
14125293333.3,-60.505296109893045
14130291666.7,-60.535556676320184
14135290000.0,-60.26815669776971
14140288333.3,-60.08819736262112
14145286666.7,-60.085862518052
14150285000.0,-59.68371662394148
14155283333.3,-60.40466194008538
14160281666.7,-60.59977979283189
14165280000.0,-60.34484070061076
14170278333.3,-60.105781539627344
14175276666.7,-60.04918267828775
14180275000.0,-60.14389780790705
14185273333.3,-60.361985579692416
14190271666.7,-60.04063139665678
14195270000.0,-59.7723716771615
14200268333.3,-60.47336679495327
14205266666.7,-60.82584766585529
14210265000.0,-60.441821352384935
14215263333.3,-60.9120887734436
14220261666.7,-60.839892309531635
14225260000.0,-60.380536299898466
14230258333.3,-60.35720955302972
14235256666.7,-60.57334798796874
14240255000.0,-60.39651548068473
14245253333.3,-59.76964138545231
14250251666.7,-59.768174119073734
14255250000.0,-59.69788336178996
14260248333.3,-60.14365562943749
14265246666.7,-60.16980128319149
14270245000.0,-60.224754377850296
14275243333.3,-60.45615838901494
14280241666.7,-59.874271344959865
14285240000.0,-60.904851617049474
14290238333.3,-60.742454629714764
14295236666.7,-60.944970415102176
14300235000.0,-60.599993932292655
14305233333.3,-60.79949468084391
14310231666.7,-60.30084230246601
14315230000.0,-60.30732452957298
14320228333.3,-60.10365248934535
14325226666.7,-59.90262486683821
14330225000.0,-59.771845853774686
14335223333.3,-59.87570287911565
14340221666.7,-59.659513929419894
14345220000.0,-60.67400810345476
14350218333.3,-59.977347466183815
14355216666.7,-60.171473294064995
14360215000.0,-60.08736065441682
14365213333.3,-59.61179066459904
14370211666.7,-60.365026411890085
14375210000.0,-60.067895389133824
14380208333.3,-60.33699991685846
14385206666.7,-60.26856309887225
14390205000.0,-60.66352516165297
14395203333.3,-60.52143195005446
14400201666.7,-60.46164783617592
14405200000.0,-60.27442895199201
14410198333.3,-60.09682643580238
14415196666.7,-60.41872307437493
14420195000.0,-59.85308363985877
14425193333.3,-59.663523455154575
14430191666.7,-59.61207632036812
14435190000.0,-60.698263583188485
14440188333.3,-60.44360992151181
14445186666.7,-60.003209115012865
14450185000.0,-60.06379585206011
14455183333.3,-60.4548261015817
14460181666.7,-60.31608687666658
14465180000.0,-60.20615279272266
14470178333.3,-60.83907317095792
14475176666.7,-60.51927301389048
14480175000.0,-60.85710987081323
14485173333.3,-61.21399260218969
14490171666.7,-60.65126380331258
14495170000.0,-60.273259651235875
14500168333.3,-60.34864375455403
14505166666.7,-60.75107487998593
14510165000.0,-60.0943943374089
14515163333.3,-60.841607245127236
14520161666.7,-61.332994914488296
14525160000.0,-60.25749422549868
14530158333.3,-60.53851392975077
14535156666.7,-61.40156284984749
14540155000.0,-61.43537845682049
14545153333.3,-60.76350230967897
14550151666.7,-60.87018859343065
14555150000.0,-61.018763967841565
14560148333.3,-61.461646230941554
14565146666.7,-61.857235125350634
14570145000.0,-61.10163149778087
14575143333.3,-61.11779010461604
14580141666.7,-61.884421171684814
14585140000.0,-61.56940824411886
14590138333.3,-60.96396304299603
14595136666.7,-61.36517870489825
14600135000.0,-61.028623274344504
14605133333.3,-60.2839798192058
14610131666.7,-60.75708630785282
14615130000.0,-60.70366312934063
14620128333.3,-61.070077590349115
14625126666.7,-60.96835287265887
14630125000.0,-61.28983618631893
14635123333.3,-61.538206400422595
14640121666.7,-61.35263730679199
14645120000.0,-60.884681306148735
14650118333.3,-61.15410793659875
14655116666.7,-60.87611745466538
14660115000.0,-61.08976927347787
14665113333.3,-61.21275554988364
14670111666.7,-60.90988217379611
14675110000.0,-60.878084079975075
14680108333.3,-61.3063591519449
14685106666.7,-61.139671986278586
14690105000.0,-60.945763669586334
14695103333.3,-60.69323276536985
14700101666.7,-60.95862856281117
14705100000.0,-60.91657794708177
14710098333.3,-61.63172633743433
14715096666.7,-61.593442829644054
14720095000.0,-61.64990082606255
14725093333.3,-61.41618646495815
14730091666.7,-60.52247281659436
14735090000.0,-61.43927222363971
14740088333.3,-60.61989156958293
14745086666.7,-60.22766823166437
14750085000.0,-60.73109758459268
14755083333.3,-60.03589214595539
14760081666.7,-60.41456648633904
14765080000.0,-60.28101049987037
14770078333.3,-59.85361306706978
14775076666.7,-60.13818968378801
14780075000.0,-59.297620278193705
14785073333.3,-59.72431452121551
14790071666.7,-59.85096523438517
14795070000.0,-60.13749005263015
14800068333.3,-60.453005567273095
14805066666.7,-60.36629395565615
14810065000.0,-61.28443811394977
14815063333.3,-61.30100780548882
14820061666.7,-61.17800302561143
14825060000.0,-60.509685740110406
14830058333.3,-60.52657012398431
14835056666.7,-60.70246160718877
14840055000.0,-60.517366495923035
14845053333.3,-60.510974799747466
14850051666.7,-60.78810323068539
14855050000.0,-61.188978054410995
14860048333.3,-60.971191537172594
14865046666.7,-61.16456131098187
14870045000.0,-61.311610245954704
14875043333.3,-61.19240194318628
14880041666.7,-61.292688310893986
14885040000.0,-61.217490864534334
14890038333.3,-60.4646816075458
14895036666.7,-61.64303102005817
14900035000.0,-61.83102087914967
14905033333.3,-61.71178808189846
14910031666.7,-61.42754503148946
14915030000.0,-61.82570703377426
14920028333.3,-61.3887682794075
14925026666.7,-61.20370596110452
14930025000.0,-60.53717311894077
14935023333.3,-60.64652666080991
14940021666.7,-60.40281257639328
14945020000.0,-60.62724555112559
14950018333.3,-60.09816185420179
14955016666.7,-60.18346109375625
14960015000.0,-59.99676736916601
14965013333.3,-59.71869880814275
14970011666.7,-60.114951103513235
14975010000.0,-60.06173913073603
14980008333.3,-59.823352540156634
14985006666.7,-60.34915177494354
14990005000.0,-59.62372107893625
14995003333.3,-60.704601564942195
15000001666.7,-60.340436077161215
15005000000.0,-60.74565953235481
15009998333.3,-60.94204833580584
15014996666.7,-60.39696629995002
15019995000.0,-60.537586275373314
15024993333.3,-60.40224583588994
15029991666.7,-59.60415541719143
15034990000.0,-60.41284290674746
15039988333.3,-59.30054281835422
15044986666.7,-60.347731581941545
15049985000.0,-60.2678848724409
15054983333.3,-59.4275095590873
15059981666.7,-60.10454536540793
15064980000.0,-59.61694577381196
15069978333.3,-60.47593028559464
15074976666.7,-60.16479480290913
15079975000.0,-60.261373666165746
15084973333.3,-60.03491787789358
15089971666.7,-60.20081634012811
15094970000.0,-59.78780335326351
15099968333.3,-59.63999491683589
15104966666.7,-59.75146072344971
15109965000.0,-59.00457523337004
15114963333.3,-58.99011882111441
15119961666.7,-60.21517529545325
15124960000.0,-59.478500748303276
15129958333.3,-59.820579313736324
15134956666.7,-59.94401646765317
15139955000.0,-59.86937299392516
15144953333.3,-59.73092586148305
15149951666.7,-59.64248765123854
15154950000.0,-60.428440391260864
15159948333.3,-59.8993588245675
15164946666.7,-60.96273250419064
15169945000.0,-60.34852823970237
15174943333.3,-60.83369108476649
15179941666.7,-60.93953423710196
15184940000.0,-61.30002143874175
15189938333.3,-60.74657786612679
15194936666.7,-60.13386930499902
15199935000.0,-60.51497523880499
15204933333.3,-60.530797185546405
15209931666.7,-60.87950427931805
15214930000.0,-61.41770589790835
15219928333.3,-60.927886266296156
15224926666.7,-61.38965052290392
15229925000.0,-61.357754407003
15234923333.3,-61.95069662911986
15239921666.7,-61.95494286393376
15244920000.0,-61.488369846855264
15249918333.3,-61.984606753888265
15254916666.7,-61.74950708201305
15259915000.0,-61.43789792969041
15264913333.3,-61.15595025206895
15269911666.7,-61.98371239460115
15274910000.0,-61.01967006037085
15279908333.3,-61.59760606994002
15284906666.7,-61.03311644231681
15289905000.0,-61.41676067819816
15294903333.3,-60.799504035964915
15299901666.7,-60.70036872287663
15304900000.0,-60.36017014179777
15309898333.3,-60.985903670257564
15314896666.7,-60.25635987325205
15319895000.0,-60.67121745795614
15324893333.3,-60.39370359409962
15329891666.7,-60.797495999387664
15334890000.0,-61.28924769361294
15339888333.3,-61.627400821660245
15344886666.7,-60.518044033246994
15349885000.0,-60.44885150035775
15354883333.3,-60.950003486247624
15359881666.7,-60.68151689811433
15364880000.0,-60.32688889381273
15369878333.3,-60.19161119317333
15374876666.7,-60.11399537520308
15379875000.0,-60.095232456001916
15384873333.3,-60.36362476030089
15389871666.7,-59.81151509212589
15394870000.0,-60.83476973827345
15399868333.3,-60.36351397496684
15404866666.7,-60.542799487215376
15409865000.0,-60.816389088810666
15414863333.3,-60.12267580216598
15419861666.7,-60.81761032031436
15424860000.0,-61.554138059678685
15429858333.3,-61.259102458964776
15434856666.7,-60.85787093735683
15439855000.0,-61.1587377117834
15444853333.3,-60.406675272745304
15449851666.7,-60.91996910676245
15454850000.0,-60.44957800733555
15459848333.3,-60.91444510167409
15464846666.7,-61.235739755049394
15469845000.0,-60.904384810764
15474843333.3,-61.10708414025598
15479841666.7,-62.59073500913584
15484840000.0,-61.08677226054286
15489838333.3,-61.09692169588623
15494836666.7,-60.80753221571136
15499835000.0,-61.61269811351187
15504833333.3,-61.96640559380721
15509831666.7,-62.224863601250206
15514830000.0,-62.06044123639298
15519828333.3,-61.980333332712554
15524826666.7,-61.879254765368756
15529825000.0,-61.856795536411454
15534823333.3,-61.78859414826551
15539821666.7,-61.63082948073811
15544820000.0,-61.99009299081978
15549818333.3,-61.97105474958079
15554816666.7,-61.825672299462404
15559815000.0,-61.80726819023267
15564813333.3,-61.89478885250434
15569811666.7,-61.37965369242697
15574810000.0,-61.747324119898515
15579808333.3,-61.924442081688525
15584806666.7,-62.21680927642573
15589805000.0,-61.66086766524408
15594803333.3,-61.566470588388675
15599801666.7,-62.23940425047523
15604800000.0,-62.2866179112755
15609798333.3,-60.96468855441131
15614796666.7,-61.796972829128514
15619795000.0,-61.14820068889592
15624793333.3,-60.70378732555444
15629791666.7,-60.97131850037526
15634790000.0,-61.040688527370236
15639788333.3,-61.2568691599332
15644786666.7,-61.29817714528187
15649785000.0,-61.18196016774967
15654783333.3,-61.173093395681406
15659781666.7,-60.939664325480855
15664780000.0,-60.26525279570553
15669778333.3,-60.61089568656165
15674776666.7,-61.61298407734581
15679775000.0,-61.116417225605566
15684773333.3,-60.85009329120075
15689771666.7,-60.76993171530316
15694770000.0,-60.675485545383935
15699768333.3,-60.944293920645045
15704766666.7,-60.53202901703891
15709765000.0,-61.15454093284868
15714763333.3,-60.02154816006113
15719761666.7,-61.196989837318156
15724760000.0,-60.79104155779352
15729758333.3,-61.25041974968663
15734756666.7,-61.1405330473493
15739755000.0,-61.186861908981676
15744753333.3,-61.553865515092944
15749751666.7,-61.59388829141697
15754750000.0,-61.6319564360698
15759748333.3,-62.12530966097154
15764746666.7,-61.65371201086867
15769745000.0,-62.37808048390936
15774743333.3,-62.22543131971213
15779741666.7,-61.68544834127076
15784740000.0,-62.170941904408735
15789738333.3,-61.777189396390916
15794736666.7,-61.26672223273198
15799735000.0,-62.26963202598856
15804733333.3,-61.66421662657995
15809731666.7,-61.04435402595356
15814730000.0,-61.26674360384421
15819728333.3,-60.62866402192667
15824726666.7,-61.9808046171583
15829725000.0,-60.78599034623058
15834723333.3,-61.48139491635021
15839721666.7,-60.75636724014718
15844720000.0,-60.97580067953797
15849718333.3,-61.670767531419074
15854716666.7,-61.16738241606288
15859715000.0,-61.4115463802576
15864713333.3,-61.95328788473857
15869711666.7,-60.99513319013549
15874710000.0,-60.53554722495008
15879708333.3,-60.32535218168911
15884706666.7,-60.760519909462644
15889705000.0,-60.66989965993656
15894703333.3,-59.916028313580284
15899701666.7,-60.46664314306086
15904700000.0,-60.55250384573054
15909698333.3,-60.7139234962958
15914696666.7,-60.4645450418375
15919695000.0,-61.20294193827142
15924693333.3,-61.63161603623483
15929691666.7,-60.72566293256136
15934690000.0,-61.37975143953021
15939688333.3,-61.16818186303747
15944686666.7,-61.17021001202238
15949685000.0,-60.828868526421324
15954683333.3,-60.75014422110372
15959681666.7,-61.32185044960118
15964680000.0,-60.76447250127484
15969678333.3,-60.78568895784561
15974676666.7,-61.19352121127385
15979675000.0,-61.57641007189299
15984673333.3,-61.26682584871109
15989671666.7,-60.18821966588608
15994670000.0,-61.57291632885333
15999668333.3,-60.684907200547606
16004666666.7,-60.79984076477739
16009665000.0,-61.35306136814333
16014663333.3,-61.471064450112756
16019661666.7,-61.378850768312745
16024660000.0,-60.97246340787808
16029658333.3,-61.13571479859367
16034656666.7,-60.84463292178508
16039655000.0,-60.71065549042271
16044653333.3,-61.065073051598795
16049651666.7,-60.54436074123543
16054650000.0,-60.64240791599376
16059648333.3,-60.524904268134236
16064646666.7,-60.80514706522025
16069645000.0,-60.7127094208023
16074643333.3,-60.76787669456593
16079641666.7,-60.44983520315175
16084640000.0,-61.10224088042821
16089638333.3,-60.861277218520186
16094636666.7,-61.4265268990567
16099635000.0,-60.85050606397509
16104633333.3,-61.52150229899668
16109631666.7,-61.12326947878215
16114630000.0,-61.636640893182715
16119628333.3,-61.38193733979015
16124626666.7,-61.58861309866989
16129625000.0,-60.79302053323461
16134623333.3,-59.936834712118284
16139621666.7,-61.495037007562196
16144620000.0,-60.373080795619074
16149618333.3,-60.10161074272966
16154616666.7,-60.079956252637444
16159615000.0,-60.11708286358953
16164613333.3,-60.62833215203797
16169611666.7,-60.140558442846384
16174610000.0,-60.363214438334836
16179608333.3,-60.959876969995875
16184606666.7,-60.21334666465361
16189605000.0,-60.6416615317596
16194603333.3,-60.64157339102566
16199601666.7,-61.194109589572854
16204600000.0,-61.25735791230912
16209598333.3,-60.60191004140031
16214596666.7,-61.53538355667095
16219595000.0,-61.33532719149437
16224593333.3,-60.99613480141163
16229591666.7,-60.91608265731446
16234590000.0,-60.824010374574684
16239588333.3,-60.93893386779757
16244586666.7,-60.637226474490475
16249585000.0,-61.238045853163534
16254583333.3,-60.78983115570401
16259581666.7,-61.097910090184236
16264580000.0,-60.87876905777308
16269578333.3,-61.50074405235708
16274576666.7,-61.49636251404747
16279575000.0,-61.49600486241137
16284573333.3,-60.996855860433435
16289571666.7,-61.91915791441001
16294570000.0,-62.10358058012141
16299568333.3,-62.449062141589735
16304566666.7,-61.77526236213437
16309565000.0,-61.95178223201738
16314563333.3,-60.788068066434974
16319561666.7,-60.53763409021994
16324560000.0,-61.04306243647435
16329558333.3,-61.04607084779776
16334556666.7,-60.53391556010492
16339555000.0,-61.39428986686916
16344553333.3,-61.47577376835664
16349551666.7,-60.86135725269444
16354550000.0,-61.667104746089436
16359548333.3,-60.67261691226608
16364546666.7,-60.00591381898793
16369545000.0,-60.62405299129688
16374543333.3,-60.78557251051162
16379541666.7,-61.66496004262086
16384540000.0,-61.098686413310965
16389538333.3,-60.86228966175134
16394536666.7,-60.75039831136722
16399535000.0,-60.93609818695513
16404533333.3,-61.53422547878592
16409531666.7,-60.64702987359371
16414530000.0,-60.77193148834909
16419528333.3,-60.62299234644974
16424526666.7,-60.91782728661162
16429525000.0,-61.41169212066934
16434523333.3,-60.60885410218718
16439521666.7,-61.47914033215403
16444520000.0,-60.95772663351304
16449518333.3,-61.158842394957034
16454516666.7,-61.67185954576446
16459515000.0,-60.87187873946631
16464513333.3,-60.357639174625575
16469511666.7,-60.976440632727204
16474510000.0,-60.46711880901278
16479508333.3,-60.85900847074703
16484506666.7,-61.17633136141432
16489505000.0,-60.349915319452975
16494503333.3,-60.90574389304513
16499501666.7,-60.72358065376777
16504500000.0,-60.355179836234385
16509498333.3,-61.215708268838284
16514496666.7,-60.91411913942898
16519495000.0,-61.31325382556116
16524493333.3,-61.235163152745066
16529491666.7,-61.15816174542079
16534490000.0,-62.06286788839026
16539488333.3,-61.27073810870293
16544486666.7,-61.2532276919983
16549485000.0,-61.74669136782099
16554483333.3,-61.04193800729195
16559481666.7,-61.73534824648815
16564480000.0,-61.1266347959726
16569478333.3,-61.72356141319093
16574476666.7,-61.4908213718607
16579475000.0,-61.15820154770903
16584473333.3,-61.070734855662224
16589471666.7,-61.412434035230476
16594470000.0,-61.00850681488949
16599468333.3,-61.160777811665184
16604466666.7,-60.948135596059245
16609465000.0,-61.584643606112046
16614463333.3,-61.37148529980635
16619461666.7,-61.93078155328528
16624460000.0,-61.44599550594246
16629458333.3,-61.43162053410243
16634456666.7,-61.82266197214677
16639455000.0,-61.27286247531082
16644453333.3,-61.23822535131276
16649451666.7,-60.60447137488973
16654450000.0,-60.874659395897794
16659448333.3,-60.03329905598421
16664446666.7,-60.40268061017413
16669445000.0,-60.163480789154576
16674443333.3,-60.93413833956072
16679441666.7,-60.626786929173676
16684440000.0,-60.48220429839769
16689438333.3,-60.436822134079016
16694436666.7,-60.678429391185595
16699435000.0,-60.960829160816644
16704433333.3,-61.4730045693197
16709431666.7,-60.90043413055049
16714430000.0,-60.23667815016519
16719428333.3,-61.41226896926657
16724426666.7,-60.37868147426957
16729425000.0,-60.37256720957466
16734423333.3,-60.34590499187881
16739421666.7,-60.555365650617425
16744420000.0,-60.34518151823743
16749418333.3,-60.64474437118185
16754416666.7,-59.96364896716007
16759415000.0,-59.96861439018705
16764413333.3,-60.551547723657805
16769411666.7,-60.49066140940315
16774410000.0,-60.32975929149741
16779408333.3,-60.25543099150812
16784406666.7,-60.32879888932974
16789405000.0,-60.325234975008684
16794403333.3,-60.67219533913771
16799401666.7,-60.31282820671075
16804400000.0,-60.25873779298117
16809398333.3,-60.80752037893709
16814396666.7,-60.58751796709971
16819395000.0,-60.59092324968138
16824393333.3,-60.880824080872635
16829391666.7,-60.41522559808479
16834390000.0,-60.2286681829763
16839388333.3,-60.32070644972911
16844386666.7,-60.510609901649744
16849385000.0,-60.181224518760736
16854383333.3,-60.85812756423985
16859381666.7,-60.98662001016613
16864380000.0,-61.13604129397149
16869378333.3,-61.18031078969476
16874376666.7,-60.82142577733918
16879375000.0,-60.579410549032254
16884373333.3,-60.791535347274426
16889371666.7,-60.48749540220891
16894370000.0,-60.70135684289559
16899368333.3,-60.45997562527734
16904366666.7,-61.27931271067054
16909365000.0,-61.45566492884367
16914363333.3,-60.814389645875764
16919361666.7,-60.29978943744232
16924360000.0,-60.44340529258301
16929358333.3,-60.7457266694951
16934356666.7,-59.982788399723965
16939355000.0,-60.00577449765028
16944353333.3,-60.33811339416757
16949351666.7,-60.15883076654332
16954350000.0,-60.193453412289045
16959348333.3,-60.061103816672265
16964346666.7,-59.902852590405395
16969345000.0,-59.87295759268558
16974343333.3,-60.27904642529795
16979341666.7,-59.76305351255077
16984340000.0,-59.90787352920332
16989338333.3,-59.985982338298996
16994336666.7,-59.70783717561893
16999335000.0,-59.50760039728483
17004333333.3,-59.43786795741832
17009331666.7,-59.87182784968997
17014330000.0,-59.29976034502197
17019328333.3,-59.05402427004049
17024326666.7,-58.91102459187444
17029325000.0,-59.47725352615092
17034323333.3,-59.319615184768146
17039321666.7,-59.152095358910024
17044320000.0,-60.37919307761709
17049318333.3,-59.8326139523251
17054316666.7,-59.64674780123484
17059315000.0,-59.7531327856996
17064313333.3,-59.88119656535477
17069311666.7,-59.565970423529734
17074310000.0,-59.09136965420458
17079308333.3,-60.47258526824149
17084306666.7,-59.96859639949232
17089305000.0,-59.73926466912624
17094303333.3,-60.196255830529005
17099301666.7,-59.74413146570876
17104300000.0,-60.0191292319533
17109298333.3,-59.822751348791286
17114296666.7,-59.69384810954185
17119295000.0,-59.4051682006542
17124293333.3,-59.61497469050825
17129291666.7,-60.24858081931265
17134290000.0,-60.423220654458135
17139288333.3,-60.38812127411763
17144286666.7,-59.76921130497682
17149285000.0,-61.03696658355827
17154283333.3,-60.747328548775535
17159281666.7,-60.63978433253473
17164280000.0,-60.788942769641004
17169278333.3,-60.17818498286018
17174276666.7,-61.79531685488428
17179275000.0,-60.56724073223653
17184273333.3,-61.211753603844954
17189271666.7,-60.58171767870496
17194270000.0,-60.213671879687844
17199268333.3,-59.57093841167922
17204266666.7,-59.87232297563115
17209265000.0,-60.65044240061078
17214263333.3,-59.903448560721905
17219261666.7,-60.251807839874736
17224260000.0,-59.80960840301688
17229258333.3,-60.215014311492624
17234256666.7,-60.36962309269536
17239255000.0,-60.86624547977781
17244253333.3,-60.64615045927872
17249251666.7,-61.15208422486227
17254250000.0,-60.39685983066647
17259248333.3,-60.44887081056117
17264246666.7,-60.061548076728684
17269245000.0,-60.51858299551049
17274243333.3,-60.80063460333477
17279241666.7,-60.00426163085305
17284240000.0,-60.00787332815847
17289238333.3,-59.800502825840276
17294236666.7,-59.45179399830386
17299235000.0,-59.70945790077074
17304233333.3,-59.871226981676145
17309231666.7,-59.41520046683291
17314230000.0,-59.64407314000987
17319228333.3,-59.35996025548526
17324226666.7,-59.322615027699406
17329225000.0,-59.37186117729873
17334223333.3,-59.52364196668973
17339221666.7,-59.32544655544908
17344220000.0,-59.5469366030914
17349218333.3,-59.849665776958716
17354216666.7,-59.98427629971211
17359215000.0,-59.84158579811105
17364213333.3,-59.867478470710005
17369211666.7,-59.541338918564215
17374210000.0,-60.31310353632733
17379208333.3,-59.97094628603939
17384206666.7,-60.24268754684117
17389205000.0,-59.83348811649964
17394203333.3,-59.8715924137596
17399201666.7,-59.95076994931844
17404200000.0,-61.05265034664398
17409198333.3,-60.35340257479801
17414196666.7,-61.29248173653914
17419195000.0,-60.482030844368694
17424193333.3,-60.91426865734788
17429191666.7,-60.80193058977819
17434190000.0,-60.58768437866906
17439188333.3,-60.500626783183804
17444186666.7,-60.418195911605075
17449185000.0,-60.202789475766124
17454183333.3,-60.34649730544939
17459181666.7,-60.21144362799446
17464180000.0,-60.684158051639855
17469178333.3,-60.39746240964106
17474176666.7,-60.40797314516716
17479175000.0,-60.4487694075586
17484173333.3,-59.591625597953275
17489171666.7,-60.14285236155224
17494170000.0,-59.64619134389857
17499168333.3,-60.01628617555074
17504166666.7,-59.51988766342779
17509165000.0,-60.33896624022964
17514163333.3,-59.23483903876988
17519161666.7,-59.30053462842345
17524160000.0,-59.388325593432285
17529158333.3,-59.49726229524711
17534156666.7,-59.33179578243969
17539155000.0,-58.84003916364734
17544153333.3,-59.58641377573109
17549151666.7,-59.23936847394331
17554150000.0,-59.13756902908688
17559148333.3,-59.65750358710668
17564146666.7,-60.324558718223486
17569145000.0,-60.062375569384216
17574143333.3,-60.10416999910936
17579141666.7,-59.95523474160442
17584140000.0,-60.07774716016407
17589138333.3,-60.136970574728636
17594136666.7,-59.7972113860333
17599135000.0,-60.409855330266105
17604133333.3,-60.513166936710675
17609131666.7,-60.29488472803094
17614130000.0,-60.44993004727152
17619128333.3,-60.87637239506528
17624126666.7,-60.0607107356487
17629125000.0,-60.68745461230378
17634123333.3,-59.8850476363597
17639121666.7,-60.41432908817504
17644120000.0,-60.32607287383218
17649118333.3,-60.37282751531346
17654116666.7,-60.10288052383081
17659115000.0,-59.68292967159441
17664113333.3,-59.631972424632885
17669111666.7,-59.12434742516631
17674110000.0,-59.87807043221051
17679108333.3,-60.11023919436158
17684106666.7,-60.40242619270216
17689105000.0,-59.36490104560974
17694103333.3,-59.67894376646904
17699101666.7,-59.97434009770204
17704100000.0,-60.22148341469163
17709098333.3,-59.15865094925026
17714096666.7,-59.55910408042946
17719095000.0,-59.109026444780625
17724093333.3,-59.30898151654014
17729091666.7,-60.347820935536234
17734090000.0,-59.802246382438895
17739088333.3,-59.43978513703114
17744086666.7,-58.86471674191009
17749085000.0,-59.22228466039799
17754083333.3,-59.390584863122875
17759081666.7,-59.27553377859727
17764080000.0,-59.38523178258692
17769078333.3,-58.992621378457486
17774076666.7,-59.096487308502724
17779075000.0,-59.47208835196896
17784073333.3,-59.51753880972761
17789071666.7,-59.430128317377125
17794070000.0,-59.75038806357094
17799068333.3,-58.7174780651915
17804066666.7,-59.27628370952174
17809065000.0,-59.26974943428387
17814063333.3,-58.98897424842762
17819061666.7,-58.80452472760684
17824060000.0,-60.15990835048412
17829058333.3,-59.72857096672104
17834056666.7,-59.04708167061549
17839055000.0,-59.13581911480901
17844053333.3,-58.97987002654417
17849051666.7,-59.81076901677752
17854050000.0,-58.93239164328904
17859048333.3,-59.19320635813477
17864046666.7,-59.15283590553561
17869045000.0,-59.81026382177024
17874043333.3,-59.70881647053399
17879041666.7,-60.54523208435094
17884040000.0,-60.10499388338018
17889038333.3,-60.076078852032325
17894036666.7,-60.282206674238246
17899035000.0,-60.22503920189655
17904033333.3,-59.59329061535315
17909031666.7,-60.05021904643171
17914030000.0,-59.442157636079656
17919028333.3,-59.930935759574744
17924026666.7,-60.34834782205523
17929025000.0,-59.969803896459325
17934023333.3,-59.454925733350436
17939021666.7,-59.85913489440015
17944020000.0,-59.96629791769233
17949018333.3,-59.88204898823781
17954016666.7,-60.042098283527004
17959015000.0,-59.66195269317027
17964013333.3,-59.38883695947232
17969011666.7,-59.96337849545255
17974010000.0,-59.88581921547791
17979008333.3,-59.73770604039984
17984006666.7,-59.901396472454834
17989005000.0,-60.138164527951275
17994003333.3,-59.16554718228809
17999001666.7,-58.67159860069157
18004000000.0,-59.57594128123084
18008998333.3,-59.48251644549561
18013996666.7,-59.11949147402364
18018995000.0,-59.651647198700005
18023993333.3,-59.917604236592766
18028991666.7,-58.96569323130643
18033990000.0,-58.63033218497225
18038988333.3,-59.29472449953011
18043986666.7,-59.487259448914074
18048985000.0,-58.934299388165016
18053983333.3,-58.779927300375036
18058981666.7,-59.131083496858004
18063980000.0,-59.302541070615646
18068978333.3,-59.16868522793054
18073976666.7,-59.533520757625496
18078975000.0,-59.175259512543334
18083973333.3,-59.557312331530746
18088971666.7,-59.40078917138933
18093970000.0,-59.213846108553625
18098968333.3,-59.617543131714285
18103966666.7,-59.873353551971114
18108965000.0,-59.691897908005316
18113963333.3,-59.45298245865847
18118961666.7,-59.632032355531294
18123960000.0,-60.09129716029917
18128958333.3,-60.034880514351784
18133956666.7,-59.86050541154633
18138955000.0,-59.55046426273458
18143953333.3,-59.23491501060358
18148951666.7,-59.77080558409235
18153950000.0,-60.644761441832614
18158948333.3,-60.152622200384755
18163946666.7,-59.67559498573641
18168945000.0,-59.77551462428516
18173943333.3,-58.91708699635515
18178941666.7,-59.57247565822405
18183940000.0,-59.99855946716245
18188938333.3,-60.11489770940716
18193936666.7,-60.113209973633744
18198935000.0,-59.93748027315601
18203933333.3,-59.95199642679217
18208931666.7,-59.440265797347195
18213930000.0,-59.484376270059364
18218928333.3,-60.11288164552148
18223926666.7,-60.24761867300199
18228925000.0,-59.92625883743847
18233923333.3,-59.26976132772538
18238921666.7,-60.2260330945828
18243920000.0,-60.40661708577437
18248918333.3,-59.78785191191073
18253916666.7,-60.163036569166536
18258915000.0,-60.794328343636074
18263913333.3,-59.49029883652783
18268911666.7,-59.33565936736605
18273910000.0,-59.4828432635599
18278908333.3,-59.475766737802296
18283906666.7,-59.5022897866182
18288905000.0,-59.62064716247979
18293903333.3,-60.00325769790049
18298901666.7,-60.34851354124173
18303900000.0,-60.60817087403607
18308898333.3,-60.17325496918163
18313896666.7,-59.930672731987976
18318895000.0,-59.79716272005711
18323893333.3,-60.2548675312055
18328891666.7,-60.08042711973502
18333890000.0,-60.32195456627705
18338888333.3,-60.02487280799808
18343886666.7,-60.314222349320545
18348885000.0,-59.826815022560645
18353883333.3,-60.31906368552051
18358881666.7,-59.483754934651685
18363880000.0,-59.699702746491106
18368878333.3,-59.322050647177136
18373876666.7,-59.953756571689674
18378875000.0,-60.319534501562586
18383873333.3,-59.357781119371424
18388871666.7,-59.527045335015586
18393870000.0,-59.49959760081952
18398868333.3,-59.484412326613985
18403866666.7,-59.45333342993248
18408865000.0,-60.19488144581509
18413863333.3,-59.54234308898538
18418861666.7,-59.47640682991423
18423860000.0,-59.61047140406342
18428858333.3,-59.20928224682597
18433856666.7,-59.475048687350025
18438855000.0,-59.24312404263833
18443853333.3,-59.201220177568324
18448851666.7,-58.962871436133504
18453850000.0,-58.7269924194257
18458848333.3,-59.068737633499964
18463846666.7,-59.071963505939735
18468845000.0,-59.77374567410485
18473843333.3,-59.67211659323607
18478841666.7,-59.025157593920234
18483840000.0,-59.66589172936515
18488838333.3,-59.021410706887195
18493836666.7,-59.76535152890611
18498835000.0,-59.61434847856705
18503833333.3,-59.35139559403421
18508831666.7,-60.41168204438137
18513830000.0,-59.64406067579206
18518828333.3,-60.67756962717921
18523826666.7,-60.40252756331286
18528825000.0,-59.75800217320796
18533823333.3,-59.624039359045184
18538821666.7,-59.216240232978244
18543820000.0,-59.620728904612186
18548818333.3,-59.978687759314155
18553816666.7,-59.719610266846686
18558815000.0,-60.107853245739065
18563813333.3,-59.926743025057476
18568811666.7,-59.9105674770892
18573810000.0,-59.77500685587073
18578808333.3,-60.129029758613285
18583806666.7,-59.64047043237967
18588805000.0,-59.81587183751212
18593803333.3,-59.8333263865024
18598801666.7,-59.37676975064872
18603800000.0,-59.40357932333907
18608798333.3,-59.680969287295866
18613796666.7,-59.986548380477736
18618795000.0,-60.12043488386075
18623793333.3,-59.39137548971775
18628791666.7,-59.1026562021506
18633790000.0,-59.21372469738038
18638788333.3,-59.45119422727875
18643786666.7,-59.909899640183504
18648785000.0,-59.3987800273087
18653783333.3,-58.977841713121606
18658781666.7,-59.063027070082015
18663780000.0,-59.874278248450224
18668778333.3,-59.84002152362426
18673776666.7,-59.72290769572423
18678775000.0,-59.215422665286574
18683773333.3,-59.15019470575292
18688771666.7,-59.41651923067785
18693770000.0,-58.77661173746574
18698768333.3,-59.13471228902189
18703766666.7,-59.23453836110422
18708765000.0,-59.07342326084185
18713763333.3,-59.44116434509561
18718761666.7,-59.92339792086718
18723760000.0,-59.05125349513418
18728758333.3,-58.90807308238381
18733756666.7,-58.847692596115095
18738755000.0,-59.20966985686717
18743753333.3,-58.855464294000235
18748751666.7,-58.96294526858291
18753750000.0,-59.33087036195328
18758748333.3,-59.22116095460454
18763746666.7,-59.381032920287986
18768745000.0,-58.56011223474195
18773743333.3,-58.44258384506472
18778741666.7,-58.67776599993139
18783740000.0,-58.5782319357294
18788738333.3,-58.86617844678404
18793736666.7,-59.23434714184115
18798735000.0,-59.36882207510983
18803733333.3,-59.49473000857242
18808731666.7,-59.340329978515875
18813730000.0,-59.67342233134109
18818728333.3,-59.710946235436914
18823726666.7,-60.14543457425609
18828725000.0,-59.9502231570595
18833723333.3,-60.26410688712693
18838721666.7,-59.481323570860994
18843720000.0,-60.04814517817497
18848718333.3,-60.220032384800305
18853716666.7,-60.425748896592644
18858715000.0,-60.28052770087055
18863713333.3,-59.74299921228489
18868711666.7,-59.546948085662656
18873710000.0,-60.20915540325687
18878708333.3,-59.69004224876415
18883706666.7,-59.681273634313456
18888705000.0,-59.705156910932864
18893703333.3,-59.65774163705233
18898701666.7,-59.223982782490225
18903700000.0,-59.36288025748521
18908698333.3,-59.85692128915826
18913696666.7,-59.359664587496084
18918695000.0,-58.89973936630206
18923693333.3,-59.555418691089905
18928691666.7,-59.34021098774593
18933690000.0,-59.713215601110775
18938688333.3,-59.857806586566504
18943686666.7,-59.41359094990898
18948685000.0,-58.74030727158443
18953683333.3,-58.71871913725808
18958681666.7,-59.039388547600076
18963680000.0,-59.13611864639258
18968678333.3,-59.149371027086765
18973676666.7,-59.7438760194202
18978675000.0,-59.355986109764146
18983673333.3,-59.913736361918325
18988671666.7,-59.60653760797342
18993670000.0,-59.618732210410755
18998668333.3,-59.76921383880559
19003666666.7,-59.62670349725996
19008665000.0,-59.962980186116035
19013663333.3,-60.07112245380825
19018661666.7,-59.50694285180959
19023660000.0,-60.74844109700046
19028658333.3,-60.27563909841382
19033656666.7,-60.52728537920193
19038655000.0,-59.73527781542554
19043653333.3,-60.001363804209504
19048651666.7,-60.22355223117416
19053650000.0,-60.10988757038551
19058648333.3,-60.281785576054084
19063646666.7,-59.77537871602564
19068645000.0,-59.64260097583644
19073643333.3,-59.504989050976185
19078641666.7,-59.51812703360215
19083640000.0,-60.269063009657714
19088638333.3,-59.51160644499087
19093636666.7,-58.85885176968385
19098635000.0,-59.48539213736021
19103633333.3,-59.53119716138634
19108631666.7,-58.971661119858474
19113630000.0,-59.044036003308726
19118628333.3,-58.691490891787346
19123626666.7,-59.27465230448772
19128625000.0,-59.191178477083604
19133623333.3,-59.013666749937244
19138621666.7,-58.776656411960744
19143620000.0,-58.98600703539416
19148618333.3,-59.27082392016181
19153616666.7,-58.724270512367724
19158615000.0,-59.699917356760835
19163613333.3,-58.75722425963066
19168611666.7,-59.30307506059122
19173610000.0,-59.21874327809178
19178608333.3,-59.28623242254751
19183606666.7,-59.70501054794596
19188605000.0,-59.434597365525974
19193603333.3,-59.36529257364246
19198601666.7,-58.90310284741972
19203600000.0,-59.15851240667212
19208598333.3,-58.86780701048109
19213596666.7,-59.03091406498493
19218595000.0,-59.209190278567874
19223593333.3,-58.25917186541622
19228591666.7,-58.764028092245155
19233590000.0,-58.78193624991055
19238588333.3,-58.71282295375481
19243586666.7,-59.233932574610655
19248585000.0,-59.0474398512072
19253583333.3,-59.39159315958494
19258581666.7,-59.81245118173716
19263580000.0,-59.58213272513446
19268578333.3,-59.62578516244215
19273576666.7,-60.05792195786757
19278575000.0,-59.823860511808036
19283573333.3,-59.61000181908829
19288571666.7,-59.05634596610729
19293570000.0,-59.286914068552285
19298568333.3,-59.51165668674234
19303566666.7,-59.28107036569567
19308565000.0,-59.96436012821957
19313563333.3,-59.46361652840519
19318561666.7,-60.129115927903555
19323560000.0,-59.53510283014651
19328558333.3,-59.93452804909097
19333556666.7,-59.5862991193361
19338555000.0,-60.23833353864084
19343553333.3,-59.45106683985248
19348551666.7,-60.30260509167735
19353550000.0,-59.76709227461594
19358548333.3,-59.99808746578392
19363546666.7,-59.51045207500458
19368545000.0,-59.29810361271212
19373543333.3,-59.04443325432104
19378541666.7,-59.369027761248425
19383540000.0,-58.88048118996978
19388538333.3,-58.278324306885274
19393536666.7,-58.52438533962682
19398535000.0,-58.3330374552003
19403533333.3,-58.944387650743195
19408531666.7,-57.97092060020809
19413530000.0,-57.92024127512264
19418528333.3,-58.36601132925228
19423526666.7,-58.29375243607893
19428525000.0,-58.08581388006054
19433523333.3,-58.143249481776316
19438521666.7,-57.95777985305841
19443520000.0,-58.02375892299493
19448518333.3,-58.108389842568755
19453516666.7,-57.94599217349412
19458515000.0,-58.555376245731935
19463513333.3,-57.24574364576638
19468511666.7,-57.6375641968049
19473510000.0,-57.91919483962455
19478508333.3,-57.699737716289974
19483506666.7,-57.40495799746363
19488505000.0,-57.67079874074294
19493503333.3,-57.52921414139986
19498501666.7,-57.854728102114734
19503500000.0,-57.947547347170676
19508498333.3,-58.402202650356394
19513496666.7,-58.16637165449049
19518495000.0,-58.54112081059802
19523493333.3,-58.80165058630307
19528491666.7,-57.91067779411165
19533490000.0,-58.643816784267
19538488333.3,-59.75970669241334
19543486666.7,-59.64601383276228
19548485000.0,-59.472102936261884
19553483333.3,-59.506182279945286
19558481666.7,-58.77545015182054
19563480000.0,-58.23523041002478
19568478333.3,-58.46221388153336
19573476666.7,-58.228000207921056
19578475000.0,-59.275837479635626
19583473333.3,-59.333808718358924
19588471666.7,-59.24511156223161
19593470000.0,-58.53890452258349
19598468333.3,-58.63005578178378
19603466666.7,-59.75781615605978
19608465000.0,-58.722684952001
19613463333.3,-59.28361677331516
19618461666.7,-58.507915323770774
19623460000.0,-58.59303248135549
19628458333.3,-59.28591628062472
19633456666.7,-59.34753972481211
19638455000.0,-58.608996853765404
19643453333.3,-58.4050831741328
19648451666.7,-58.558223794779
19653450000.0,-58.7451469341423
19658448333.3,-58.05208043927239
19663446666.7,-58.692658266211595
19668445000.0,-58.50692779858916
19673443333.3,-58.533960407442756
19678441666.7,-58.30501789130699
19683440000.0,-58.94265815822007
19688438333.3,-58.535989135045796
19693436666.7,-58.873060089196954
19698435000.0,-58.949754902886184
19703433333.3,-58.64933090538851
19708431666.7,-58.58148353285918
19713430000.0,-58.81899006193524
19718428333.3,-59.31744431900481
19723426666.7,-58.23554950086931
19728425000.0,-58.595928214100475
19733423333.3,-58.99882543370219
19738421666.7,-58.54015473038102
19743420000.0,-58.50027750180513
19748418333.3,-58.380469891135355
19753416666.7,-58.15308276219453
19758415000.0,-58.85617428741648
19763413333.3,-58.845770371943296
19768411666.7,-58.25680986386453
19773410000.0,-58.66628436485694
19778408333.3,-59.28349258438445
19783406666.7,-59.10598428331376
19788405000.0,-58.9305572517405
19793403333.3,-59.035112118348955
19798401666.7,-58.710499189518394
19803400000.0,-58.1770528721856
19808398333.3,-58.71769620054063
19813396666.7,-58.460812366362134
19818395000.0,-58.35883426425555
19823393333.3,-58.41119412094196
19828391666.7,-58.18684403942243
19833390000.0,-58.81555319330058
19838388333.3,-59.02101724712013
19843386666.7,-58.81241605537495
19848385000.0,-58.828629674013094
19853383333.3,-59.52842492811669
19858381666.7,-58.991839165974056
19863380000.0,-59.93472553139821
19868378333.3,-59.99497537369937
19873376666.7,-60.31960899413316
19878375000.0,-59.57646972545134
19883373333.3,-59.54635912512204
19888371666.7,-60.1274358329339
19893370000.0,-59.57479490340943
19898368333.3,-59.308090797388004
19903366666.7,-59.10466268676028
19908365000.0,-59.4613300862268
19913363333.3,-59.52962301829039
19918361666.7,-59.456131387204266
19923360000.0,-59.239576376641295
19928358333.3,-59.26979360141482
19933356666.7,-58.93333831607444
19938355000.0,-59.54946462137536
19943353333.3,-59.35594285487837
19948351666.7,-59.61108087967549
19953350000.0,-59.085454939004734
19958348333.3,-59.90069471098124
19963346666.7,-59.577761223727
19968345000.0,-59.47803920279494
19973343333.3,-59.40337531926485
19978341666.7,-59.252285767530836
19983340000.0,-59.93413814717464
19988338333.3,-59.522379582230506
19993336666.7,-58.98979977862358
19998335000.0,-59.07275476792408
20003333333.3,-59.60422818297931
20008331666.7,-59.78680313682507
20013330000.0,-59.25208601743555
20018328333.3,-59.82839438031264
20023326666.7,-60.17738692781209
20028325000.0,-59.96217577164202
20033323333.3,-60.14607539920685
20038321666.7,-59.769768059506845
20043320000.0,-60.01685734168941
20048318333.3,-59.96030294509569
20053316666.7,-59.980252691674124
20058315000.0,-59.77300258090643
20063313333.3,-59.87117855372924
20068311666.7,-59.20106636294492
20073310000.0,-58.943059241899114
20078308333.3,-59.57174384401979
20083306666.7,-59.12009115987736
20088305000.0,-59.68638755256066
20093303333.3,-59.03715824533664
20098301666.7,-59.304653843619306
20103300000.0,-58.86598804594547
20108298333.3,-59.63139951488601
20113296666.7,-60.086347175826525
20118295000.0,-59.54773286859118
20123293333.3,-59.180081980989925
20128291666.7,-59.67978801792284
20133290000.0,-59.4544786286185
20138288333.3,-59.61516752249715
20143286666.7,-60.07268523391849
20148285000.0,-59.5620274141602
20153283333.3,-59.8416380666395
20158281666.7,-59.127221060732815
20163280000.0,-59.59587020538062
20168278333.3,-59.23650652949719
20173276666.7,-59.62246749267236
20178275000.0,-59.451310496194914
20183273333.3,-59.41089997824983
20188271666.7,-59.07675896666396
20193270000.0,-59.755430821195404
20198268333.3,-60.133384988607396
20203266666.7,-60.54149955266332
20208265000.0,-60.32592110360312
20213263333.3,-60.28582520198961
20218261666.7,-60.086391813238514
20223260000.0,-60.26761337430088
20228258333.3,-60.09463010195744
20233256666.7,-59.89068269843916
20238255000.0,-60.22847439653019
20243253333.3,-59.80637154570161
20248251666.7,-59.53095916956606
20253250000.0,-59.16106077916118
20258248333.3,-58.95872054567681
20263246666.7,-59.607716498420054
20268245000.0,-59.46174888670075
20273243333.3,-59.52943644395173
20278241666.7,-60.11914506168548
20283240000.0,-59.65784649999303
20288238333.3,-59.979594418287256
20293236666.7,-59.31090545641691
20298235000.0,-59.15460499947607
20303233333.3,-59.81737456638114
20308231666.7,-59.86348017860468
20313230000.0,-59.77023350497391
20318228333.3,-59.73899503934245
20323226666.7,-59.82593166688166
20328225000.0,-58.95823230891625
20333223333.3,-59.345973115163076
20338221666.7,-60.03864108422966
20343220000.0,-59.2486834127801
20348218333.3,-58.634476226848086
20353216666.7,-59.16204058916402
20358215000.0,-59.44235599857426
20363213333.3,-58.747051461366425
20368211666.7,-59.71418385292769
20373210000.0,-59.124112683438234
20378208333.3,-59.35450381936128
20383206666.7,-60.09972617256725
20388205000.0,-60.290439978090866
20393203333.3,-59.43195721682549
20398201666.7,-59.80216726701826
20403200000.0,-59.63468773716179
20408198333.3,-59.508923404674825
20413196666.7,-59.93327797499514
20418195000.0,-59.33005039158446
20423193333.3,-59.775609181693284
20428191666.7,-59.4463951818722
20433190000.0,-60.027224167013316
20438188333.3,-59.42855416079542
20443186666.7,-59.488284085227804
20448185000.0,-59.86672922113144
20453183333.3,-59.60546520971366
20458181666.7,-59.498807449358
20463180000.0,-60.27012603676228
20468178333.3,-60.654442329652795
20473176666.7,-60.371857313358326
20478175000.0,-60.111352924952314
20483173333.3,-60.8572442212369
20488171666.7,-60.62656703715503
20493170000.0,-60.686924106104485
20498168333.3,-60.02562031061581
20503166666.7,-60.10153825073371
20508165000.0,-59.99630804383387
20513163333.3,-59.38522900190919
20518161666.7,-59.51028088630661
20523160000.0,-59.20725978089799
20528158333.3,-59.50323047524343
20533156666.7,-59.10781984558704
20538155000.0,-59.086317583631086
20543153333.3,-59.09484400781467
20548151666.7,-58.953494490343076
20553150000.0,-59.27707288125199
20558148333.3,-59.61643246014709
20563146666.7,-60.060610919158776
20568145000.0,-59.69816846668421
20573143333.3,-59.834773154912654
20578141666.7,-59.105056793474375
20583140000.0,-59.642609172262944
20588138333.3,-60.212996443891065
20593136666.7,-59.273688434064795
20598135000.0,-59.33879043098334
20603133333.3,-59.179287934541456
20608131666.7,-59.24505458553404
20613130000.0,-59.397123618537215
20618128333.3,-59.47360654190733
20623126666.7,-59.603332702512944
20628125000.0,-59.7639217789876
20633123333.3,-60.21273105167797
20638121666.7,-59.58866219438521
20643120000.0,-60.27003336298806
20648118333.3,-60.367102335975616
20653116666.7,-60.501416542586
20658115000.0,-60.93149763252909
20663113333.3,-60.128641896781154
20668111666.7,-60.375146269372564
20673110000.0,-59.79106194414332
20678108333.3,-60.369086436446906
20683106666.7,-60.00308936510343
20688105000.0,-59.96051248460098
20693103333.3,-60.59414729738488
20698101666.7,-60.19066149278853
20703100000.0,-60.57433097926355
20708098333.3,-60.06160057171596
20713096666.7,-60.516170336674875
20718095000.0,-60.4577460227328
20723093333.3,-60.818136353037396
20728091666.7,-60.94033824395077
20733090000.0,-61.12120145961222
20738088333.3,-61.21547261736711
20743086666.7,-60.959664537244294
20748085000.0,-60.96384744985821
20753083333.3,-60.6640723485171
20758081666.7,-60.047765668138695
20763080000.0,-60.1364973956437
20768078333.3,-60.39672253381436
20773076666.7,-59.795015632345155
20778075000.0,-59.87863730537315
20783073333.3,-60.529811383253566
20788071666.7,-60.04601796631832
20793070000.0,-60.308242924826715
20798068333.3,-59.97804410228013
20803066666.7,-60.14875350516394
20808065000.0,-60.611091616497184
20813063333.3,-60.85829173656044
20818061666.7,-60.1632926136367
20823060000.0,-60.19014048017988
20828058333.3,-60.55725961527191
20833056666.7,-59.96847052004816
20838055000.0,-60.11091176426727
20843053333.3,-59.83887546489936
20848051666.7,-60.27809749100239
20853050000.0,-60.087066282047346
20858048333.3,-59.91300955674336
20863046666.7,-59.70229057260593
20868045000.0,-59.51509524981073
20873043333.3,-59.40944011843955
20878041666.7,-60.039887631363996
20883040000.0,-59.69391524107209
20888038333.3,-60.406439430089726
20893036666.7,-60.91188417170507
20898035000.0,-60.33378110965879
20903033333.3,-60.80254328476447
20908031666.7,-60.85697331110033
20913030000.0,-61.14866060406748
20918028333.3,-61.15327173941072
20923026666.7,-61.039710047112564
20928025000.0,-61.10684241434254
20933023333.3,-62.1592270418321
20938021666.7,-61.581770976077586
20943020000.0,-61.28345800628572
20948018333.3,-60.9678212675686
20953016666.7,-60.883405211322554
20958015000.0,-60.56990637516008
20963013333.3,-61.23753580940644
20968011666.7,-60.89362805024122
20973010000.0,-60.95440417063198
20978008333.3,-61.71658386931222
20983006666.7,-61.44026122514356
20988005000.0,-61.32648885436253
20993003333.3,-61.51555129925397
20998001666.7,-61.04452571110923
21003000000.0,-60.920251313875596
21007998333.3,-61.44113723563511
21012996666.7,-61.35069201794791
21017995000.0,-61.16990302151989
21022993333.3,-60.83635010172145
21027991666.7,-60.773303511423464
21032990000.0,-60.230475165773385
21037988333.3,-60.51654550098759
21042986666.7,-59.75689242827517
21047985000.0,-59.71848840572158
21052983333.3,-59.69755947708013
21057981666.7,-60.30452027794708
21062980000.0,-60.26557497568885
21067978333.3,-60.21939248359154
21072976666.7,-59.73245084980343
21077975000.0,-60.15061863704125
21082973333.3,-60.151246848600344
21087971666.7,-60.11985524418571
21092970000.0,-59.74637063171727
21097968333.3,-59.825364226198666
21102966666.7,-58.9512003909892
21107965000.0,-59.936388515327664
21112963333.3,-59.565350338526635
21117961666.7,-59.35351097056902
21122960000.0,-59.35848205121664
21127958333.3,-59.860188881193146
21132956666.7,-59.89040060056672
21137955000.0,-60.23053521969328
21142953333.3,-59.35381781660155
21147951666.7,-60.02173664610261
21152950000.0,-60.19321979151207
21157948333.3,-60.71704738160042
21162946666.7,-61.00273451600213
21167945000.0,-60.848074691465506
21172943333.3,-60.437739410304665
21177941666.7,-61.57039158040095
21182940000.0,-61.21780718014391
21187938333.3,-60.649937922259234
21192936666.7,-60.53235400558408
21197935000.0,-60.69081468840203
21202933333.3,-60.45725149888849
21207931666.7,-61.08010952030738
21212930000.0,-61.2523065311375
21217928333.3,-61.15448071088065
21222926666.7,-61.585317916769355
21227925000.0,-60.81785817959066
21232923333.3,-59.964176353748314
21237921666.7,-61.073755431690124
21242920000.0,-60.53875682379388
21247918333.3,-60.82006339770114
21252916666.7,-60.88863265444708
21257915000.0,-61.05835993924201
21262913333.3,-61.13990902687928
21267911666.7,-60.74883278380345
21272910000.0,-60.137208748118226
21277908333.3,-60.46743480217597
21282906666.7,-59.90754394672102
21287905000.0,-60.446068811539874
21292903333.3,-59.53779556429846
21297901666.7,-59.60479617430554
21302900000.0,-60.09654092118842
21307898333.3,-59.935596802046135
21312896666.7,-59.97721083201263
21317895000.0,-59.90114317978162
21322893333.3,-59.569214467716094
21327891666.7,-60.38067165188291
21332890000.0,-59.732281927283054
21337888333.3,-59.96246580185945
21342886666.7,-59.570617656153274
21347885000.0,-60.38281101311375
21352883333.3,-60.25929959694045
21357881666.7,-59.76737865825393
21362880000.0,-59.51756423590342
21367878333.3,-59.30641123454342
21372876666.7,-59.20969234090387
21377875000.0,-59.01538136693353
21382873333.3,-59.49760551545065
21387871666.7,-59.50152099044702
21392870000.0,-58.93912326938099
21397868333.3,-59.269005735712234
21402866666.7,-59.997473337638134
21407865000.0,-59.319121339590566
21412863333.3,-59.67057065435354
21417861666.7,-59.544801978206735
21422860000.0,-58.86150544280679
21427858333.3,-59.505930505640166
21432856666.7,-59.671808278986376
21437855000.0,-60.03339199986971
21442853333.3,-60.14075777367716
21447851666.7,-59.255371396834526
21452850000.0,-59.36595020038466
21457848333.3,-59.437098808813005
21462846666.7,-59.638234217264156
21467845000.0,-58.891216023191085
21472843333.3,-59.79544487715151
21477841666.7,-59.17922760242355
21482840000.0,-59.79979691527564
21487838333.3,-59.105633088092986
21492836666.7,-59.90469022711614
21497835000.0,-59.88679121496748
21502833333.3,-59.432842445615236
21507831666.7,-60.10395931434453
21512830000.0,-59.50388320659847
21517828333.3,-59.65231974210741
21522826666.7,-59.821907561673775
21527825000.0,-59.60600581937388
21532823333.3,-59.47974449632084
21537821666.7,-59.723088293951896
21542820000.0,-59.66207541133529
21547818333.3,-60.31811331760102
21552816666.7,-59.70935581915826
21557815000.0,-59.54811492694472
21562813333.3,-60.01774835525087
21567811666.7,-59.44443665153248
21572810000.0,-59.649020964879924
21577808333.3,-59.55349872697603
21582806666.7,-59.75733997841275
21587805000.0,-59.954082620719376
21592803333.3,-60.00238767047176
21597801666.7,-60.00168937473824
21602800000.0,-59.592958138896755
21607798333.3,-59.64470864586368
21612796666.7,-59.426449039466156
21617795000.0,-59.453312432078334
21622793333.3,-60.00964911341826
21627791666.7,-59.765440425437184
21632790000.0,-60.022163199717305
21637788333.3,-59.78624306610048
21642786666.7,-60.0366281205934
21647785000.0,-59.618216262605216
21652783333.3,-59.67995322052797
21657781666.7,-59.59780749868956
21662780000.0,-60.13636620239172
21667778333.3,-59.50011188990943
21672776666.7,-60.18512181954858
21677775000.0,-60.470068160149985
21682773333.3,-60.97778184082509
21687771666.7,-60.45350249789379
21692770000.0,-60.698475708442984
21697768333.3,-59.9681210497658
21702766666.7,-59.48521924714442
21707765000.0,-59.18154574854157
21712763333.3,-60.19426025991314
21717761666.7,-59.80533409523367
21722760000.0,-60.57450443463197
21727758333.3,-59.62159292014532
21732756666.7,-59.09189890276668
21737755000.0,-59.21537987717133
21742753333.3,-59.392697409911634
21747751666.7,-59.09143088238979
21752750000.0,-60.201543125262646
21757748333.3,-59.462209261824896
21762746666.7,-59.38603648524448
21767745000.0,-59.646746015234726
21772743333.3,-59.715642573932435
21777741666.7,-59.698226503449554
21782740000.0,-59.218385280390166
21787738333.3,-60.567291805273626
21792736666.7,-59.74588719463345
21797735000.0,-59.16179594218431
21802733333.3,-59.11860306448146
21807731666.7,-59.55474603678748
21812730000.0,-59.26759627282876
21817728333.3,-59.81247678978556
21822726666.7,-60.04502194078383
21827725000.0,-59.27950991032485
21832723333.3,-60.379757646518456
21837721666.7,-60.0834311794216
21842720000.0,-60.24860269725337
21847718333.3,-60.412202238621205
21852716666.7,-60.51389256235586
21857715000.0,-60.67056599287962
21862713333.3,-60.326850790111564
21867711666.7,-60.35981589546136
21872710000.0,-60.31360041030603
21877708333.3,-60.45964434775493
21882706666.7,-60.25860704278575
21887705000.0,-60.79300520259062
21892703333.3,-60.661031350076456
21897701666.7,-60.48925634540871
21902700000.0,-60.71984307356827
21907698333.3,-60.46597900849005
21912696666.7,-60.783287204832845
21917695000.0,-60.587973084052905
21922693333.3,-60.15991277505786
21927691666.7,-60.987410432388586
21932690000.0,-60.6872292127517
21937688333.3,-60.68830940564852
21942686666.7,-60.458323786602335
21947685000.0,-60.880930797810116
21952683333.3,-61.030459301836885
21957681666.7,-60.14170989364115
21962680000.0,-60.80157057312548
21967678333.3,-60.399099932941155
21972676666.7,-60.174957128202244
21977675000.0,-60.805405751633444
21982673333.3,-60.086416679979834
21987671666.7,-60.156934337697834
21992670000.0,-60.32853271152895
21997668333.3,-60.75919634184573
22002666666.7,-60.56687735542653
22007665000.0,-60.150213483015676
22012663333.3,-60.19568477759599
22017661666.7,-60.519066713834334
22022660000.0,-60.07768542892126
22027658333.3,-59.8788151908584
22032656666.7,-60.01512817779001
22037655000.0,-60.21891326348776
22042653333.3,-60.36751536872143
22047651666.7,-59.92072537277829
22052650000.0,-59.40357120046508
22057648333.3,-60.47276827231627
22062646666.7,-60.4307335261971
22067645000.0,-60.41544517683502
22072643333.3,-60.09260504491707
22077641666.7,-60.027992347427045
22082640000.0,-60.134918899657784
22087638333.3,-60.240083083601675
22092636666.7,-60.589121474981994
22097635000.0,-60.27061653768277
22102633333.3,-60.481113356183315
22107631666.7,-60.67401523623286
22112630000.0,-60.49309229489032
22117628333.3,-60.61727274217057
22122626666.7,-61.02814291443046
22127625000.0,-60.87513172322977
22132623333.3,-60.86342999037326
22137621666.7,-59.90913438614683
22142620000.0,-60.82482243691361
22147618333.3,-60.52388026983718
22152616666.7,-60.347074197411246
22157615000.0,-60.43659705808106
22162613333.3,-60.08598831730592
22167611666.7,-59.949078320830004
22172610000.0,-60.11564532230099
22177608333.3,-59.97074943374328
22182606666.7,-60.23214151217972
22187605000.0,-60.11333914367584
22192603333.3,-60.1707112114008
22197601666.7,-59.54057184196923
22202600000.0,-60.28499919050947
22207598333.3,-60.04136645219183
22212596666.7,-60.07665312239354
22217595000.0,-60.47657124063492
22222593333.3,-60.26852644399517
22227591666.7,-59.809030581506434
22232590000.0,-59.2884383611337
22237588333.3,-60.02678454752464
22242586666.7,-60.03372663328101
22247585000.0,-59.45462820911028
22252583333.3,-59.67641202143923
22257581666.7,-59.223539777521296
22262580000.0,-59.6319565740087
22267578333.3,-59.50377142662428
22272576666.7,-59.52959799469283
22277575000.0,-59.84614035592379
22282573333.3,-59.98005295471344
22287571666.7,-60.772593456312904
22292570000.0,-61.07135518534554
22297568333.3,-60.06566798781384
22302566666.7,-60.44493726257124
22307565000.0,-60.132750387075134
22312563333.3,-60.510081842368706
22317561666.7,-60.586856483804326
22322560000.0,-60.92035058768968
22327558333.3,-60.43109697970565
22332556666.7,-60.87658067101152
22337555000.0,-60.814950231205344
22342553333.3,-59.66320770906264
22347551666.7,-60.37545712684121
22352550000.0,-60.6143754807829
22357548333.3,-60.11637060117903
22362546666.7,-59.83422376965703
22367545000.0,-60.25450754988549
22372543333.3,-61.08433198211863
22377541666.7,-60.72001346806122
22382540000.0,-60.47752257902222
22387538333.3,-60.407009318720945
22392536666.7,-59.69255212894002
22397535000.0,-59.85674053883287
22402533333.3,-60.32369050698176
22407531666.7,-60.25704449822808
22412530000.0,-60.552019189220644
22417528333.3,-60.43413978719009
22422526666.7,-59.70933242390523
22427525000.0,-59.82269985015436
22432523333.3,-59.68927608500613
22437521666.7,-59.60272679601431
22442520000.0,-59.90318835469721
22447518333.3,-60.12707366944879
22452516666.7,-60.087077095850596
22457515000.0,-60.495470249954934
22462513333.3,-60.353029908688754
22467511666.7,-59.65396502211905
22472510000.0,-60.59466198761591
22477508333.3,-59.65931282798046
22482506666.7,-59.64563222777572
22487505000.0,-59.75629716458577
22492503333.3,-59.387365197475155
22497501666.7,-60.05695817070275
22502500000.0,-59.5372377096095
22507498333.3,-58.95973840019845
22512496666.7,-59.75386545052661
22517495000.0,-59.66433242204846
22522493333.3,-59.81674511313096
22527491666.7,-60.03703478501703
22532490000.0,-60.05181175890063
22537488333.3,-59.57531158244712
22542486666.7,-60.07136061736246
22547485000.0,-60.42959458506468
22552483333.3,-60.22060837222921
22557481666.7,-60.31839824315292
22562480000.0,-60.18693356996251
22567478333.3,-60.61072412318644
22572476666.7,-60.795265889844515
22577475000.0,-60.520046499370125
22582473333.3,-60.890333153415924
22587471666.7,-60.768203474411244
22592470000.0,-60.94071161280055
22597468333.3,-60.92472414200351
22602466666.7,-60.53811592949904
22607465000.0,-60.678452225175555
22612463333.3,-61.200181876088415
22617461666.7,-60.60690721216402
22622460000.0,-60.98415041008554
22627458333.3,-60.94723880464138
22632456666.7,-61.12418118574725
22637455000.0,-61.973817229948494
22642453333.3,-61.81621484208896
22647451666.7,-60.56390262126356
22652450000.0,-60.74453507284642
22657448333.3,-61.063669679313406
22662446666.7,-61.00962522878766
22667445000.0,-61.1288739877905
22672443333.3,-61.09616515215335
22677441666.7,-60.668322490776234
22682440000.0,-61.0477678257799
22687438333.3,-60.23447111862215
22692436666.7,-60.209297007380016
22697435000.0,-60.53465734219248
22702433333.3,-60.135412429146356
22707431666.7,-60.3526795963852
22712430000.0,-61.06022045620691
22717428333.3,-60.07989456531842
22722426666.7,-60.18967145452049
22727425000.0,-60.53299794985712
22732423333.3,-60.258896875423645
22737421666.7,-60.97563393018746
22742420000.0,-60.51675413690692
22747418333.3,-60.81584799788864
22752416666.7,-61.12323119987538
22757415000.0,-60.52513789939851
22762413333.3,-60.46586919794705
22767411666.7,-60.452637553512744
22772410000.0,-60.616808497179015
22777408333.3,-60.55393575992055
22782406666.7,-60.464408766617495
22787405000.0,-60.53540870200587
22792403333.3,-61.32214401927126
22797401666.7,-61.409001691203315
22802400000.0,-61.34274974755789
22807398333.3,-61.13062347371649
22812396666.7,-61.19933284026595
22817395000.0,-61.03202614891807
22822393333.3,-61.62841915144586
22827391666.7,-61.531292683764576
22832390000.0,-61.02233667503925
22837388333.3,-61.73181598635216
22842386666.7,-61.660807238277
22847385000.0,-61.780146366754735
22852383333.3,-61.437603341705874
22857381666.7,-61.270246168411006
22862380000.0,-61.8431360544895
22867378333.3,-62.20967649932259
22872376666.7,-61.27533241573885
22877375000.0,-61.5841508588759
22882373333.3,-61.62244952004369
22887371666.7,-62.3254431989528
22892370000.0,-61.394146347582044
22897368333.3,-61.525044739146246
22902366666.7,-61.484369764036764
22907365000.0,-61.69335742033954
22912363333.3,-61.650790411075214
22917361666.7,-61.38335205207606
22922360000.0,-61.8504093955005
22927358333.3,-61.7603040147487
22932356666.7,-61.78469124342229
22937355000.0,-60.87877187847445
22942353333.3,-61.13405657741261
22947351666.7,-61.069034596324094
22952350000.0,-60.632102493117046
22957348333.3,-60.704487709111746
22962346666.7,-60.965323751991846
22967345000.0,-60.98471374602457
22972343333.3,-60.666640214284
22977341666.7,-61.1783800152157
22982340000.0,-61.525793031472574
22987338333.3,-60.99017142341255
22992336666.7,-61.40065829806155
22997335000.0,-60.805004002682274
23002333333.3,-61.214707266508015
23007331666.7,-61.67134984140574
23012330000.0,-60.805243426839795
23017328333.3,-61.070854833885406
23022326666.7,-61.36415646709325
23027325000.0,-61.08292163463025
23032323333.3,-61.4703728651977
23037321666.7,-60.738779716317126
23042320000.0,-61.09766948102545
23047318333.3,-60.63028577553985
23052316666.7,-61.59422179105135
23057315000.0,-60.92025891439646
23062313333.3,-61.07739889130972
23067311666.7,-61.32290705163011
23072310000.0,-61.456631422494326
23077308333.3,-61.06398883425289
23082306666.7,-61.62459394735794
23087305000.0,-61.55799494358729
23092303333.3,-61.0664021078858
23097301666.7,-61.47817788040618
23102300000.0,-61.953327042946064
23107298333.3,-62.05592254371708
23112296666.7,-61.33588863040355
23117295000.0,-61.49093860744667
23122293333.3,-61.88076138669048
23127291666.7,-61.836956582191576
23132290000.0,-61.80480294261365
23137288333.3,-62.12257272912833
23142286666.7,-61.91767174469189
23147285000.0,-61.60326669693946
23152283333.3,-61.67645267068341
23157281666.7,-61.86859404070701
23162280000.0,-62.18005923855904
23167278333.3,-62.04867223492539
23172276666.7,-61.72793492655995
23177275000.0,-61.50305020546849
23182273333.3,-61.205275181707265
23187271666.7,-61.39884311044423
23192270000.0,-61.854627798423834
23197268333.3,-61.90316932412873
23202266666.7,-61.66161182948304
23207265000.0,-61.31836678009095
23212263333.3,-61.375098493594294
23217261666.7,-61.40642000527767
23222260000.0,-61.45713501918089
23227258333.3,-61.24262755926112
23232256666.7,-61.05770447953809
23237255000.0,-61.0511121841245
23242253333.3,-61.58397897810318
23247251666.7,-61.58959676632351
23252250000.0,-61.66889571483431
23257248333.3,-61.95034063038123
23262246666.7,-61.72020385370014
23267245000.0,-61.20335841500457
23272243333.3,-61.7749050617133
23277241666.7,-61.59053913085697
23282240000.0,-61.82688557559709
23287238333.3,-62.18656100589823
23292236666.7,-61.44750926008463
23297235000.0,-61.556262979310375
23302233333.3,-62.621833379633394
23307231666.7,-62.425798116352254
23312230000.0,-61.98396653829394
23317228333.3,-62.170595692875644
23322226666.7,-61.43713911211186
23327225000.0,-62.4957251748869
23332223333.3,-61.75939602320524
23337221666.7,-61.53845049575252
23342220000.0,-61.7242176206571
23347218333.3,-63.280812120538734
23352216666.7,-61.936375092335965
23357215000.0,-62.3568798439356
23362213333.3,-61.41547969781457
23367211666.7,-61.653176745946176
23372210000.0,-62.00176935792916
23377208333.3,-61.29602617578763
23382206666.7,-62.15756570735194
23387205000.0,-61.9887782735034
23392203333.3,-61.713637472180224
23397201666.7,-62.33573297382864
23402200000.0,-62.13893302898935
23407198333.3,-61.36054280972948
23412196666.7,-61.052500167205714
23417195000.0,-61.23851466277482
23422193333.3,-62.05104224119327
23427191666.7,-61.689055414507585
23432190000.0,-61.51762444280273
23437188333.3,-61.84381062635512
23442186666.7,-61.92976545931586
23447185000.0,-61.09607424047784
23452183333.3,-61.725625289371195
23457181666.7,-62.54410708327076
23462180000.0,-61.74739890019022
23467178333.3,-62.384964395226675
23472176666.7,-61.58525604398975
23477175000.0,-61.98276822062294
23482173333.3,-61.672271987788406
23487171666.7,-62.790400012913636
23492170000.0,-61.99701088312832
23497168333.3,-61.8576449780393
23502166666.7,-61.6145769020861
23507165000.0,-62.058269524928264
23512163333.3,-62.15052146413257
23517161666.7,-62.504762992598096
23522160000.0,-62.83094013939093
23527158333.3,-62.26420258247643
23532156666.7,-62.2833351717922
23537155000.0,-62.69604899184263
23542153333.3,-62.544494054919696
23547151666.7,-62.29162974518338
23552150000.0,-62.06465312588498
23557148333.3,-62.437311019328696
23562146666.7,-61.949927630116115
23567145000.0,-61.915939789927336
23572143333.3,-61.97094335872835
23577141666.7,-62.58704984672971
23582140000.0,-61.82323574473831
23587138333.3,-61.70075697756509
23592136666.7,-62.37414575858822
23597135000.0,-61.76828542685292
23602133333.3,-61.379923359812025
23607131666.7,-61.18228161492453
23612130000.0,-61.08079696202279
23617128333.3,-61.19755249302197
23622126666.7,-62.2073676119738
23627125000.0,-61.810754525535515
23632123333.3,-60.89625871579677
23637121666.7,-61.67607021663699
23642120000.0,-62.287222443197415
23647118333.3,-61.15200260095936
23652116666.7,-62.24026122264409
23657115000.0,-61.335910378176095
23662113333.3,-61.58326481961359
23667111666.7,-61.66541668222355
23672110000.0,-61.966838199755486
23677108333.3,-61.50539866039611
23682106666.7,-61.50319118411222
23687105000.0,-61.1580000738143
23692103333.3,-61.532417380786
23697101666.7,-60.769699759334316
23702100000.0,-61.167112169015766
23707098333.3,-61.59142343378639
23712096666.7,-61.27544488192044
23717095000.0,-61.239792409143675
23722093333.3,-61.82050832096849
23727091666.7,-61.33353432967734
23732090000.0,-61.68971604209362
23737088333.3,-61.540983553635044
23742086666.7,-61.83451372308589
23747085000.0,-61.9668304946595
23752083333.3,-61.616655318871736
23757081666.7,-62.510087933891555
23762080000.0,-61.758796486773974
23767078333.3,-61.12148331620878
23772076666.7,-62.188188039152095
23777075000.0,-62.31650028322847
23782073333.3,-61.37400651231857
23787071666.7,-61.445241856302026
23792070000.0,-61.68482038650169
23797068333.3,-61.63923259304302
23802066666.7,-61.86938613981258
23807065000.0,-61.788406247164815
23812063333.3,-61.76334184001953
23817061666.7,-62.037228582195894
23822060000.0,-61.691307601770774
23827058333.3,-61.249667253666544
23832056666.7,-61.4109853779643
23837055000.0,-60.68111051383886
23842053333.3,-61.19812207732831
23847051666.7,-60.67696467835898
23852050000.0,-61.193407800730455
23857048333.3,-61.159480192793005
23862046666.7,-61.75285187077055
23867045000.0,-60.15041786383583
23872043333.3,-61.80593270851979
23877041666.7,-61.00773571803352
23882040000.0,-61.270193896573915
23887038333.3,-61.968496700192546
23892036666.7,-61.61387911264975
23897035000.0,-61.496668944364366
23902033333.3,-61.82771369925902
23907031666.7,-61.26073514472124
23912030000.0,-61.39775182737475
23917028333.3,-61.37463973231935
23922026666.7,-61.12298696619881
23927025000.0,-61.22588531771143
23932023333.3,-60.769442236502975
23937021666.7,-60.31725434828266
23942020000.0,-60.78654605204755
23947018333.3,-60.457222194630575
23952016666.7,-60.77753818465589
23957015000.0,-60.613552577050214
23962013333.3,-61.772325229988425
23967011666.7,-61.42536710937735
23972010000.0,-61.23884887776684
23977008333.3,-61.48332547640959
23982006666.7,-62.14859725116778
23987005000.0,-62.11124203701964
23992003333.3,-62.502968453016344
23997001666.7,-61.89134359672748
24002000000.0,-62.47800420807363
24006998333.3,-63.004071435186276
24011996666.7,-61.266946832982335
24016995000.0,-62.27795225441663
24021993333.3,-60.392763551142224
24026991666.7,-61.08715810348939
24031990000.0,-59.64853929982183
24036988333.3,-61.214513879017076
24041986666.7,-61.415313314700015
24046985000.0,-61.00778473833359
24051983333.3,-61.46680028335284
24056981666.7,-62.38887915330012
24061980000.0,-62.746533058701715
24066978333.3,-60.0319552709053
24071976666.7,-61.53310387013721
24076975000.0,-60.140704960689476
24081973333.3,-60.30699406149955
24086971666.7,-61.036540751778034
24091970000.0,-60.29017453834311
24096968333.3,-60.88182853859414
24101966666.7,-60.30891871651213
24106965000.0,-58.62715849224131
24111963333.3,-60.097451162790314
24116961666.7,-59.5297746093702
24121960000.0,-59.494691068450216
24126958333.3,-60.02612950883609
24131956666.7,-60.926778587428494
24136955000.0,-57.734798919335816
24141953333.3,-59.15994513982727
24146951666.7,-62.65246112517716
24151950000.0,-60.8218621055935
24156948333.3,-58.79667207603064
24161946666.7,-59.83505264944536
24166945000.0,-60.28012399359711
24171943333.3,-61.15429692637786
24176941666.7,-60.9050453852048
24181940000.0,-61.02162089088154
24186938333.3,-61.49883113914559
24191936666.7,-59.01980663981897
24196935000.0,-61.23001644672766
24201933333.3,-60.435913816936946
24206931666.7,-61.736582716368254
24211930000.0,-60.138174662686346
24216928333.3,-61.38287532725148
24221926666.7,-61.848438730168986
24226925000.0,-63.947108118377265
24231923333.3,-62.83161001029726
24236921666.7,-63.7204345256638
24241920000.0,-62.79299956575892
24246918333.3,-63.30395292382945
24251916666.7,-62.8394750085566
24256915000.0,-64.75495226054313
24261913333.3,-61.62731982635174
24266911666.7,-61.94845424680358
24271910000.0,-62.61323060396295
24276908333.3,-62.275105940751445
24281906666.7,-60.83859423314256
24286905000.0,-62.624819337077014
24291903333.3,-61.22688896093236
24296901666.7,-59.22493454715572
24301900000.0,-59.192644189180974
24306898333.3,-61.648414742634245
24311896666.7,-63.02106889367761
24316895000.0,-61.594873066610354
24321893333.3,-61.8715215294974
24326891666.7,-62.6554176011279
24331890000.0,-60.03740999535946
24336888333.3,-62.94216665691209
24341886666.7,-60.30464023698359
24346885000.0,-60.51536817554083
24351883333.3,-59.59632558312659
24356881666.7,-60.4915381789077
24361880000.0,-59.565390696058714
24366878333.3,-59.556692808629435
24371876666.7,-58.91592730131528
24376875000.0,-59.95697492813866
24381873333.3,-61.183751770278505
24386871666.7,-59.2929574873352
24391870000.0,-62.0956130409884
24396868333.3,-60.114186246093254
24401866666.7,-61.41576576018339
24406865000.0,-62.95227159288419
24411863333.3,-61.45886651107099
24416861666.7,-61.02556381720536
24421860000.0,-60.46854381525095
24426858333.3,-61.04062153626431
24431856666.7,-61.08738474931592
24436855000.0,-59.18680884680518
24441853333.3,-59.71840232629341
24446851666.7,-60.836896016647984
24451850000.0,-59.980809177935434
24456848333.3,-60.293746734874546
24461846666.7,-60.13853289830034
24466845000.0,-60.80582432735397
24471843333.3,-60.84863261150461
24476841666.7,-60.10340545679647
24481840000.0,-61.32636981141288
24486838333.3,-61.45158230432714
24491836666.7,-60.99333876475932
24496835000.0,-60.96733656856529
24501833333.3,-61.61668641771385
24506831666.7,-60.40255312263927
24511830000.0,-64.85502198025316
24516828333.3,-64.14646508758317
24521826666.7,-62.1955212888814
24526825000.0,-62.132218696026904
24531823333.3,-61.605586563532384
24536821666.7,-61.667024669443045
24541820000.0,-61.77253725899494
24546818333.3,-62.29924827523369
24551816666.7,-63.048942012340355
24556815000.0,-62.0183693089551
24561813333.3,-61.93007765051768
24566811666.7,-61.35003292362705
24571810000.0,-63.2045487303193
24576808333.3,-62.2012641093373
24581806666.7,-61.80030829254292
24586805000.0,-61.63221291903132
24591803333.3,-63.26654537228683
24596801666.7,-60.58278801759059
24601800000.0,-66.32352210339783
24606798333.3,-59.00046920098485
24611796666.7,-60.83623370908419
24616795000.0,-59.869229863171356
24621793333.3,-63.23314463222189
24626791666.7,-57.8036253008133
24631790000.0,-60.31109129172915
24636788333.3,-62.98259810040097
24641786666.7,-59.94871919289693
24646785000.0,-60.25620893837556
24651783333.3,-58.43349747772204
24656781666.7,-58.903064422783906
24661780000.0,-60.75601396776615
24666778333.3,-60.27828170873464
24671776666.7,-61.8558248607352
24676775000.0,-60.21528658398683
24681773333.3,-60.028000606393555
24686771666.7,-60.71867528092039
24691770000.0,-61.764629996562775
24696768333.3,-60.673496049866216
24701766666.7,-60.45978058986349
24706765000.0,-61.367256528778384
24711763333.3,-62.38700660345005
24716761666.7,-58.20640789035032
24721760000.0,-61.69617998529815
24726758333.3,-60.95386419761419
24731756666.7,-61.656451658860846
24736755000.0,-60.38639982996067
24741753333.3,-62.02167138592525
24746751666.7,-62.672897377552204
24751750000.0,-61.995049793114205
24756748333.3,-61.191556423266576
24761746666.7,-60.431719214055484
24766745000.0,-62.749978578817874
24771743333.3,-61.655278813195
24776741666.7,-59.72183516671568
24781740000.0,-62.980079059323856
24786738333.3,-60.93595255627385
24791736666.7,-64.49910141041731
24796735000.0,-59.516025353858765
24801733333.3,-59.792390156643826
24806731666.7,-62.89957289087593
24811730000.0,-60.90522998537925
24816728333.3,-63.12242587047807
24821726666.7,-61.30405771360425
24826725000.0,-60.24282055444131
24831723333.3,-62.931505831622154
24836721666.7,-61.95734914646404
24841720000.0,-61.37762379633746
24846718333.3,-62.72163461565331
24851716666.7,-62.724601120258185
24856715000.0,-60.93867827729164
24861713333.3,-60.062592733995714
24866711666.7,-61.668077647540976
24871710000.0,-59.93068411368769
24876708333.3,-59.45271870241623
24881706666.7,-60.44918065430313
24886705000.0,-58.981009490423574
24891703333.3,-61.034013833054786
24896701666.7,-59.634429575621475
24901700000.0,-62.44237844620593
24906698333.3,-60.693562399026185
24911696666.7,-61.01983401948415
24916695000.0,-61.33034644025646
24921693333.3,-61.715803258537505
24926691666.7,-60.52218549447848
24931690000.0,-63.786798898679955
24936688333.3,-62.501201731035955
24941686666.7,-64.36216019840947
24946685000.0,-62.988616812961396
24951683333.3,-62.96000192194082
24956681666.7,-61.52069508774882
24961680000.0,-62.43306927503581
24966678333.3,-62.79575599571433
24971676666.7,-61.63737773954864
24976675000.0,-60.00025645480611
24981673333.3,-61.683836568611916
24986671666.7,-62.48462035802906
24991670000.0,-63.38357604831909
24996668333.3,-61.762400508778825
25001666666.7,-62.3476586489234
25006665000.0,-62.84613408820875
25011663333.3,-62.904698219061935
25016661666.7,-62.79427943765182
25021660000.0,-62.60960894293166
25026658333.3,-62.176924098370094
25031656666.7,-61.06564754183391
25036655000.0,-60.82740299536043
25041653333.3,-60.51785929696162
25046651666.7,-60.5569969593024
25051650000.0,-61.72939428279118
25056648333.3,-61.866869357880546
25061646666.7,-61.270732705542414
25066645000.0,-62.42467848015123
25071643333.3,-60.723890499354816
25076641666.7,-62.52342198089978
25081640000.0,-61.410434985727875
25086638333.3,-62.20181719902435
25091636666.7,-62.67419316561395
25096635000.0,-63.05979090820773
25101633333.3,-61.10110646858953
25106631666.7,-62.895655862112186
25111630000.0,-61.69949053770281
25116628333.3,-61.620632230746494
25121626666.7,-61.42999615612254
25126625000.0,-61.51508018530993
25131623333.3,-59.60393388401883
25136621666.7,-63.46884263919104
25141620000.0,-60.89140092561257
25146618333.3,-62.43560213246826
25151616666.7,-61.18904499290697
25156615000.0,-61.30896793689553
25161613333.3,-64.78644555265855
25166611666.7,-61.44847276164539
25171610000.0,-62.504607608294755
25176608333.3,-63.34849218013787
25181606666.7,-64.09852258732079
25186605000.0,-63.90959499541906
25191603333.3,-61.196097968674195
25196601666.7,-60.80053516549822
25201600000.0,-62.554463177330355
25206598333.3,-61.61198565271593
25211596666.7,-62.3397256593534
25216595000.0,-62.46646860585659
25221593333.3,-62.5270026575252
25226591666.7,-61.10376596805544
25231590000.0,-59.02958559563945
25236588333.3,-61.66635247222686
25241586666.7,-60.52514918936973
25246585000.0,-61.907488401759764
25251583333.3,-61.83343774710289
25256581666.7,-61.07292841897589
25261580000.0,-63.849213410120186
25266578333.3,-63.7261056052765
25271576666.7,-62.437825509855045
25276575000.0,-63.69606580077772
25281573333.3,-61.08417814262661
25286571666.7,-62.04759937490799
25291570000.0,-63.51816699396254
25296568333.3,-60.95024616801901
25301566666.7,-59.38045152353391
25306565000.0,-61.460312276263274
25311563333.3,-62.60461591163782
25316561666.7,-60.87179546056127
25321560000.0,-60.01692876899845
25326558333.3,-61.387680033473
25331556666.7,-62.20853520861433
25336555000.0,-61.719381228932946
25341553333.3,-61.88708393435493
25346551666.7,-61.13069845070817
25351550000.0,-62.293822628778656
25356548333.3,-62.44238611741143
25361546666.7,-61.97331843894199
25366545000.0,-62.83558836840317
25371543333.3,-61.23800898178384
25376541666.7,-64.19360289709923
25381540000.0,-62.24262649417145
25386538333.3,-64.10282637635665
25391536666.7,-61.701076058233554
25396535000.0,-62.572246276077536
25401533333.3,-62.400066123220235
25406531666.7,-62.90806227943142
25411530000.0,-60.57320394858627
25416528333.3,-60.50110649835216
25421526666.7,-63.203643284657716
25426525000.0,-64.28500838662976
25431523333.3,-63.33334807560824
25436521666.7,-61.509595435945634
25441520000.0,-65.79078567725486
25446518333.3,-62.71926833361923
25451516666.7,-66.76725564983096
25456515000.0,-66.14033746097152
25461513333.3,-62.49499198355978
25466511666.7,-65.16156134586379
25471510000.0,-62.52984770802396
25476508333.3,-60.84986743218242
25481506666.7,-62.51397910773499
25486505000.0,-63.73147739285174
25491503333.3,-61.40696213672578
25496501666.7,-64.74340125776249
25501500000.0,-60.80509807582759
25506498333.3,-61.26261367658222
25511496666.7,-61.372382234160234
25516495000.0,-61.492429032702766
25521493333.3,-63.76157184172206
25526491666.7,-61.77013600319182
25531490000.0,-60.737445272547205
25536488333.3,-63.565389751488084
25541486666.7,-64.2544821581311
25546485000.0,-62.09427493196679
25551483333.3,-64.58013908341377
25556481666.7,-60.49270141858401
25561480000.0,-60.86346530744248
25566478333.3,-62.0874259464414
25571476666.7,-62.50195581603491
25576475000.0,-60.85820312077011
25581473333.3,-61.731646497446555
25586471666.7,-61.35643973465055
25591470000.0,-61.48573075685134
25596468333.3,-59.889168875638596
25601466666.7,-62.88555060332698
25606465000.0,-61.697419397413995
25611463333.3,-62.98263163834684
25616461666.7,-61.86954622515766
25621460000.0,-60.25546568199939
25626458333.3,-65.31957958790272
25631456666.7,-60.53479174439381
25636455000.0,-63.606270665660446
25641453333.3,-61.05529563910747
25646451666.7,-61.04585502804682
25651450000.0,-61.49140924897108
25656448333.3,-62.22976132740952
25661446666.7,-64.14575611990121
25666445000.0,-63.236448540979744
25671443333.3,-61.979751878314445
25676441666.7,-61.381363989735114
25681440000.0,-63.88177110478534
25686438333.3,-64.45845563933287
25691436666.7,-62.60105372304221
25696435000.0,-61.02292465374453
25701433333.3,-62.402241163218264
25706431666.7,-63.17722647019699
25711430000.0,-61.187082753767626
25716428333.3,-62.50375540766882
25721426666.7,-62.928899141222125
25726425000.0,-64.09038130028597
25731423333.3,-62.19839950563451
25736421666.7,-60.228837021005035
25741420000.0,-61.36980281951149
25746418333.3,-62.61473121354108
25751416666.7,-61.04921311710865
25756415000.0,-61.03533382406486
25761413333.3,-61.33146182422735
25766411666.7,-62.27544769716316
25771410000.0,-63.08804374654511
25776408333.3,-60.26559638288695
25781406666.7,-60.76190494988454
25786405000.0,-62.05564606309204
25791403333.3,-64.16699774328193
25796401666.7,-62.588779205674605
25801400000.0,-64.02068411421375
25806398333.3,-60.45513035098628
25811396666.7,-61.38455361055983
25816395000.0,-62.7839423517723
25821393333.3,-60.55662686040422
25826391666.7,-60.977704792964786
25831390000.0,-61.14103459222737
25836388333.3,-60.734959764888465
25841386666.7,-61.541319336231474
25846385000.0,-61.36175798097721
25851383333.3,-60.667915825543034
25856381666.7,-59.85979475519069
25861380000.0,-62.080411188943394
25866378333.3,-64.82472681606026
25871376666.7,-62.412115772115115
25876375000.0,-60.70437256061915
25881373333.3,-65.94322644570525
25886371666.7,-62.82206763000143
25891370000.0,-64.79542444131606
25896368333.3,-62.57064526601839
25901366666.7,-61.98691124820198
25906365000.0,-60.81563909138718
25911363333.3,-65.50776890124277
25916361666.7,-61.53225668590753
25921360000.0,-62.243178961362425
25926358333.3,-61.7164993990377
25931356666.7,-61.12359610272453
25936355000.0,-61.320233548952416
25941353333.3,-62.36514549376998
25946351666.7,-62.477247382334994
25951350000.0,-63.406476754613685
25956348333.3,-62.702909696444216
25961346666.7,-63.038258310186364
25966345000.0,-59.578075837439
25971343333.3,-61.23738741477065
25976341666.7,-62.8886901183851
25981340000.0,-63.36280843127515
25986338333.3,-61.141988464980706
25991336666.7,-59.97426926660569
25996335000.0,-61.5739847512767
26001333333.3,-61.118550044858125
26006331666.7,-63.12509030385192
26011330000.0,-62.769062869805225
26016328333.3,-62.939722650902226
26021326666.7,-61.52201921268373
26026325000.0,-61.929679623747916
26031323333.3,-62.71558074888837
26036321666.7,-64.29794165001496
26041320000.0,-60.88346835496404
26046318333.3,-63.43686302831118
26051316666.7,-63.74768773367029
26056315000.0,-63.25958341655807
26061313333.3,-64.00970425647236
26066311666.7,-68.00357553380563
26071310000.0,-62.56341194735543
26076308333.3,-64.11888630375705
26081306666.7,-60.56538613474331
26086305000.0,-59.89313796440565
26091303333.3,-61.4681991071199
26096301666.7,-63.71898404666614
26101300000.0,-62.380342551375435
26106298333.3,-61.670299609325596
26111296666.7,-60.611229296741286
26116295000.0,-63.182987278470165
26121293333.3,-64.40431939658365
26126291666.7,-62.16586302651802
26131290000.0,-64.01331369135548
26136288333.3,-61.077693686164594
26141286666.7,-63.10706345381689
26146285000.0,-62.90063648531174
26151283333.3,-62.79919430447879
26156281666.7,-62.36900050825121
26161280000.0,-62.970417454187384
26166278333.3,-61.99792911994578
26171276666.7,-60.73464046735256
26176275000.0,-63.47231914345417
26181273333.3,-61.9371817286505
26186271666.7,-61.51999894602728
26191270000.0,-64.03617520840827
26196268333.3,-63.99962998340772
26201266666.7,-62.09367738093726
26206265000.0,-60.54284149679013
26211263333.3,-63.32942115352591
26216261666.7,-62.21926292351577
26221260000.0,-62.45487297163877
26226258333.3,-63.426898533857766
26231256666.7,-65.8108661092409
26236255000.0,-62.349522925184324
26241253333.3,-63.4778817424926
26246251666.7,-63.598686469307026
26251250000.0,-61.27019839977646
26256248333.3,-63.41644471399161
26261246666.7,-60.40594627495314
26266245000.0,-62.373464684373765
26271243333.3,-60.70253654149415
26276241666.7,-61.209106498155236
26281240000.0,-62.29751416020021
26286238333.3,-61.35865035150911
26291236666.7,-61.85729667872241
26296235000.0,-61.779271939046545
26301233333.3,-62.335974890614054
26306231666.7,-61.57174578705
26311230000.0,-64.07242477628063
26316228333.3,-63.09478485885006
26321226666.7,-64.44983232164738
26326225000.0,-61.83568747318258
26331223333.3,-64.45450201798982
26336221666.7,-62.14164482767561
26341220000.0,-63.984603418255034
26346218333.3,-60.97105041695987
26351216666.7,-63.01667290818465
26356215000.0,-62.03578367601214
26361213333.3,-62.30108248610254
26366211666.7,-63.18070846953718
26371210000.0,-62.45798339832355
26376208333.3,-63.23630575500897
26381206666.7,-64.74269027877496
26386205000.0,-66.56134569562158
26391203333.3,-64.69925462950648
26396201666.7,-64.00629159179101
26401200000.0,-65.7574383280554
26406198333.3,-64.07507757330626
26411196666.7,-62.116365824607634
26416195000.0,-64.67809857716988
26421193333.3,-62.55107874329528
26426191666.7,-62.66713983205019
26431190000.0,-61.44760491374378
26436188333.3,-62.823832660087845
26441186666.7,-62.01208831515392
26446185000.0,-60.02354819059782
26451183333.3,-62.211485680894334
26456181666.7,-62.729510167231425
26461180000.0,-62.352588110421905
26466178333.3,-65.14834448299665
26471176666.7,-62.10884896462942
26476175000.0,-62.5259270665901
26481173333.3,-62.30327162426371
26486171666.7,-63.343786472906004
26491170000.0,-63.24107134436844
26496168333.3,-61.87341058448864
26501166666.7,-62.85725398492321
26506165000.0,-60.490280431326866
26511163333.3,-58.62508871331737
26516161666.7,-61.213735297199804
26521160000.0,-59.57905726359057
26526158333.3,-60.60585878837002
26531156666.7,-60.28041068868001
26536155000.0,-62.49548505417738
26541153333.3,-61.59787111633875
26546151666.7,-60.07474599559867
26551150000.0,-61.28482235559429
26556148333.3,-63.653760092673366
26561146666.7,-63.93186217616176
26566145000.0,-63.34839647569468
26571143333.3,-65.19424282782397
26576141666.7,-61.175158310912565
26581140000.0,-64.03516392901872
26586138333.3,-62.19792495169274
26591136666.7,-63.45804747712642
26596135000.0,-61.07959416440343
26601133333.3,-62.55532877888167
26606131666.7,-62.908395960105764
26611130000.0,-61.26416890139717
26616128333.3,-63.35878660163207
26621126666.7,-61.980353101817045
26626125000.0,-62.36974315277226
26631123333.3,-62.016116799960884
26636121666.7,-62.626480743608695
26641120000.0,-62.54264721882792
26646118333.3,-63.901514230503906
26651116666.7,-63.61924645904565
26656115000.0,-60.57302880377968
26661113333.3,-62.464364419721356
26666111666.7,-62.04744162310156
26671110000.0,-64.1117091376048
26676108333.3,-63.03643281336592
26681106666.7,-61.20493600422566
26686105000.0,-61.133728068536115
26691103333.3,-60.41690016276257
26696101666.7,-59.824963167294875
26701100000.0,-60.232114081150215
26706098333.3,-60.7488765200719
26711096666.7,-60.71772797479192
26716095000.0,-61.15161918627378
26721093333.3,-61.59064183854941
26726091666.7,-62.66274743448821
26731090000.0,-61.205109122116525
26736088333.3,-61.549611369510615
26741086666.7,-61.73387720567214
26746085000.0,-62.86068103851734
26751083333.3,-61.60732161854022
26756081666.7,-62.68219485954296
26761080000.0,-64.79254251271331
26766078333.3,-61.723671968861716
26771076666.7,-61.85604134846948
26776075000.0,-61.1536731317091
26781073333.3,-61.166571238826165
26786071666.7,-63.52544775127686
26791070000.0,-62.27772589130596
26796068333.3,-60.388924748689774
26801066666.7,-62.90856276278265
26806065000.0,-60.08427196725578
26811063333.3,-62.30158167411433
26816061666.7,-61.89137292577547
26821060000.0,-60.6978924654452
26826058333.3,-63.04020551178859
26831056666.7,-61.065454083239324
26836055000.0,-63.84535856584697
26841053333.3,-62.91822053188605
26846051666.7,-62.46473592955199
26851050000.0,-62.56509461479504
26856048333.3,-62.105746619592125
26861046666.7,-62.963979941534134
26866045000.0,-62.0472999371517
26871043333.3,-62.98303731869808
26876041666.7,-59.89930493001619
26881040000.0,-61.080540404054666
26886038333.3,-61.75619638606619
26891036666.7,-59.78234618926163
26896035000.0,-60.996003130196605
26901033333.3,-60.74875807274799
26906031666.7,-62.23130654009066
26911030000.0,-62.38975924333562
26916028333.3,-59.94103481638013
26921026666.7,-60.834176896906776
26926025000.0,-62.00578411725296
26931023333.3,-63.758729674917035
26936021666.7,-62.15984244478024
26941020000.0,-60.773548208071084
26946018333.3,-63.85286003002324
26951016666.7,-60.786834537445344
26956015000.0,-60.834673565641104
26961013333.3,-60.741809692446125
26966011666.7,-60.37017991406206
26971010000.0,-60.74116998667029
26976008333.3,-60.297517534249316
26981006666.7,-61.70213872947983
26986005000.0,-61.642533384315456
26991003333.3,-61.13548559230915
26996001666.7,-62.36314338287833
27001000000.0,-63.22706670862813
27005998333.3,-62.16366334822844
27010996666.7,-62.351539033996694
27015995000.0,-63.46493105249075
27020993333.3,-61.53295262526857
27025991666.7,-61.547465210762354
27030990000.0,-61.11665291892475
27035988333.3,-62.05073103956852
27040986666.7,-61.05293961113668
27045985000.0,-61.54329634883944
27050983333.3,-61.36658799562551
27055981666.7,-61.2352000056119
27060980000.0,-61.12189403495637
27065978333.3,-61.02992001622957
27070976666.7,-59.94117230842647
27075975000.0,-61.166707150956334
27080973333.3,-62.08005495347428
27085971666.7,-60.34303500830121
27090970000.0,-62.44628138370983
27095968333.3,-65.20076562452908
27100966666.7,-64.76820030602318
27105965000.0,-63.702507437013296
27110963333.3,-62.461292621034275
27115961666.7,-61.426170301313334
27120960000.0,-62.118166483003215
27125958333.3,-62.8636810045806
27130956666.7,-61.29358916691737
27135955000.0,-63.626293175415924
27140953333.3,-60.29943701173541
27145951666.7,-62.238774648833044
27150950000.0,-61.98001570340761
27155948333.3,-65.35184101558703
27160946666.7,-63.17849794544802
27165945000.0,-62.591953815703064
27170943333.3,-64.6876429374842
27175941666.7,-63.99753855319173
27180940000.0,-63.65278263527188
27185938333.3,-62.9424645065463
27190936666.7,-64.09919822497099
27195935000.0,-64.40307716787294
27200933333.3,-60.85202471775769
27205931666.7,-64.24429000559283
27210930000.0,-60.606505533508
27215928333.3,-60.89538077674116
27220926666.7,-60.535528991218385
27225925000.0,-61.96986073699159
27230923333.3,-63.35309565999333
27235921666.7,-61.22866284889306
27240920000.0,-62.873693392693745
27245918333.3,-62.695349628747145
27250916666.7,-62.198582766428146
27255915000.0,-62.99077560549745
27260913333.3,-62.738312436893835
27265911666.7,-64.40115468788309
27270910000.0,-63.95875950101576
27275908333.3,-62.388713646604245
27280906666.7,-63.200939725709205
27285905000.0,-61.63027582844089
27290903333.3,-63.577468093818304
27295901666.7,-64.6975824048103
27300900000.0,-61.99394766350225
27305898333.3,-63.91245666186009
27310896666.7,-63.411452284994105
27315895000.0,-63.12763272309742
27320893333.3,-61.74968757290816
27325891666.7,-64.11986680988767
27330890000.0,-65.79204418447216
27335888333.3,-61.84752028928766
27340886666.7,-63.96638164981697
27345885000.0,-63.97193017865597
27350883333.3,-63.501536586413145
27355881666.7,-64.72311211653317
27360880000.0,-62.78277479160599
27365878333.3,-64.64901765589073
27370876666.7,-65.08296070854519
27375875000.0,-63.99844161232266
27380873333.3,-62.577237968738345
27385871666.7,-63.44135072332914
27390870000.0,-64.09159890880976
27395868333.3,-61.67695528882109
27400866666.7,-64.91281549152711
27405865000.0,-62.568533955118724
27410863333.3,-62.73833856954595
27415861666.7,-62.49511921875434
27420860000.0,-61.870948894654425
27425858333.3,-62.94315452161445
27430856666.7,-62.15392330977748
27435855000.0,-64.06574977729746
27440853333.3,-64.74173609519963
27445851666.7,-64.09458328674692
27450850000.0,-63.62467345216176
27455848333.3,-61.03607876943027
27460846666.7,-62.45483828572106
27465845000.0,-62.0129811205276
27470843333.3,-61.77125626103184
27475841666.7,-60.48670520824323
27480840000.0,-60.48692929773203
27485838333.3,-63.348164556988074
27490836666.7,-61.92274830735001
27495835000.0,-63.117875630504315
27500833333.3,-61.48152551132233
27505831666.7,-62.80621587024592
27510830000.0,-61.810741348429275
27515828333.3,-65.81497857930684
27520826666.7,-64.944468688336
27525825000.0,-65.48202330238011
27530823333.3,-63.96732169153489
27535821666.7,-64.82502728880102
27540820000.0,-61.19993350511688
27545818333.3,-62.427121992831815
27550816666.7,-62.443982349664
27555815000.0,-63.665995052958834
27560813333.3,-63.656149968156484
27565811666.7,-64.59425502159918
27570810000.0,-62.511255409881215
27575808333.3,-62.88486438391061
27580806666.7,-61.6226269725971
27585805000.0,-63.02175504352519
27590803333.3,-63.046471893800785
27595801666.7,-64.38489103549016
27600800000.0,-65.28406113196425
27605798333.3,-62.500289370684925
27610796666.7,-63.301030888391296
27615795000.0,-62.399134662248215
27620793333.3,-61.56853784415663
27625791666.7,-60.286740777566735
27630790000.0,-61.66333659083138
27635788333.3,-61.949147691522775
27640786666.7,-62.661326916266596
27645785000.0,-60.879188501827485
27650783333.3,-60.66189547049171
27655781666.7,-61.8591677262918
27660780000.0,-62.37787610834644
27665778333.3,-63.30210396895443
27670776666.7,-62.06217743845463
27675775000.0,-60.52386575498247
27680773333.3,-61.55956496532866
27685771666.7,-63.47374416135267
27690770000.0,-66.07729378566508
27695768333.3,-62.657555286663175
27700766666.7,-61.803589629707744
27705765000.0,-63.185064617343585
27710763333.3,-61.791995385339106
27715761666.7,-63.80883689985815
27720760000.0,-65.6493201381585
27725758333.3,-63.78251660632352
27730756666.7,-63.05583602582145
27735755000.0,-62.116360798871426
27740753333.3,-62.128309997464974
27745751666.7,-63.125340848644484
27750750000.0,-62.55070251023163
27755748333.3,-63.326804257461305
27760746666.7,-63.12871839213958
27765745000.0,-61.97355449959375
27770743333.3,-64.2311270690373
27775741666.7,-61.534033754106765
27780740000.0,-63.36040310003501
27785738333.3,-62.12802562207322
27790736666.7,-63.43579880069999
27795735000.0,-62.986561997291666
27800733333.3,-63.61347000459591
27805731666.7,-62.489730839013056
27810730000.0,-62.50757878118207
27815728333.3,-60.937771935171845
27820726666.7,-61.805794162688876
27825725000.0,-62.47142176333281
27830723333.3,-64.19061414266552
27835721666.7,-62.91071361570931
27840720000.0,-62.79318833774649
27845718333.3,-63.037771964960086
27850716666.7,-62.75760634246802
27855715000.0,-64.0646900944965
27860713333.3,-63.33517510338172
27865711666.7,-62.77082517678263
27870710000.0,-62.613409627970285
27875708333.3,-62.55037129222326
27880706666.7,-63.38297568868868
27885705000.0,-63.740789595373755
27890703333.3,-64.009807820124
27895701666.7,-61.43625332818708
27900700000.0,-62.841183300306724
27905698333.3,-62.23149309773942
27910696666.7,-60.30861338231648
27915695000.0,-62.16889492774244
27920693333.3,-60.77773749809853
27925691666.7,-61.068211302239305
27930690000.0,-62.47846186060444
27935688333.3,-61.7859518499337
27940686666.7,-62.92698330754316
27945685000.0,-62.37508022905424
27950683333.3,-62.523758265193024
27955681666.7,-63.45880425026649
27960680000.0,-64.15207372277324
27965678333.3,-65.48511552285609
27970676666.7,-62.82707884481475
27975675000.0,-63.65885219647716
27980673333.3,-63.882900797948096
27985671666.7,-61.50011007710248
27990670000.0,-63.03134770034322
27995668333.3,-63.523917159856836
28000666666.7,-65.67362552844037
28005665000.0,-64.31784357394795
28010663333.3,-63.80337481683032
28015661666.7,-63.07235025331962
28020660000.0,-63.86280672009275
28025658333.3,-65.2956059995595
28030656666.7,-64.49651669301747
28035655000.0,-64.75516680147922
28040653333.3,-64.97361044856733
28045651666.7,-63.32338206664743
28050650000.0,-66.44539166682583
28055648333.3,-64.57580341339502
28060646666.7,-62.90983856495342
28065645000.0,-64.75886588650351
28070643333.3,-64.04527252759854
28075641666.7,-62.387962654223955
28080640000.0,-64.77778574795546
28085638333.3,-63.299879611871035
28090636666.7,-64.77218966810058
28095635000.0,-65.65592016805803
28100633333.3,-64.62951641320184
28105631666.7,-62.134858427794875
28110630000.0,-63.6889797483296
28115628333.3,-64.96612574695594
28120626666.7,-64.50948137941742
28125625000.0,-65.94428844062354
28130623333.3,-65.84611946571457
28135621666.7,-66.05461248972534
28140620000.0,-63.812921839289125
28145618333.3,-64.3782493132569
28150616666.7,-64.00985863392265
28155615000.0,-62.81824814187856
28160613333.3,-67.25926599947957
28165611666.7,-62.44467311801189
28170610000.0,-63.128327240574464
28175608333.3,-63.10375490213136
28180606666.7,-63.496590316372036
28185605000.0,-62.88971924852872
28190603333.3,-64.34967243658292
28195601666.7,-62.70574233480892
28200600000.0,-65.2646796757732
28205598333.3,-61.58357568029462
28210596666.7,-65.77701713735556
28215595000.0,-62.208348926887524
28220593333.3,-62.069906319617296
28225591666.7,-64.37859272418272
28230590000.0,-63.27680746728498
28235588333.3,-62.58826204828317
28240586666.7,-63.084898546331225
28245585000.0,-63.80953769979878
28250583333.3,-61.80505014277596
28255581666.7,-65.00178509732999
28260580000.0,-61.23252933176736
28265578333.3,-63.11846245900662
28270576666.7,-62.6794964198048
28275575000.0,-63.21374446769994
28280573333.3,-63.60982847086591
28285571666.7,-62.65557517791404
28290570000.0,-63.76735466413554
28295568333.3,-64.05964962864304
28300566666.7,-65.66356636454552
28305565000.0,-66.6417490031177
28310563333.3,-63.87794898599274
28315561666.7,-63.859395696750624
28320560000.0,-66.833520729563
28325558333.3,-66.75580292724919
28330556666.7,-64.66949739307053
28335555000.0,-65.91007603303413
28340553333.3,-64.34579091789382
28345551666.7,-64.08513084318852
28350550000.0,-65.516130652988
28355548333.3,-62.74229515900667
28360546666.7,-63.001931107297594
28365545000.0,-65.02301732449055
28370543333.3,-65.11341546704864
28375541666.7,-64.31700098103914
28380540000.0,-64.00345616192334
28385538333.3,-62.945273638439886
28390536666.7,-64.24459486101125
28395535000.0,-64.53039800896579
28400533333.3,-62.91880273120627
28405531666.7,-65.40691636838554
28410530000.0,-65.37615580687294
28415528333.3,-64.77017069142138
28420526666.7,-63.92110189975323
28425525000.0,-65.05058775179053
28430523333.3,-63.81029806740987
28435521666.7,-63.76488703778277
28440520000.0,-63.640496191984155
28445518333.3,-64.24767763226224
28450516666.7,-64.22220511793755
28455515000.0,-65.36458173286773
28460513333.3,-64.63246873713732
28465511666.7,-62.46235713139562
28470510000.0,-65.82509468485999
28475508333.3,-65.69964755990584
28480506666.7,-62.812506149051785
28485505000.0,-62.89555519702457
28490503333.3,-61.020537807584326
28495501666.7,-64.3966595663852
28500500000.0,-62.36693507759269
28505498333.3,-61.90270861128062
28510496666.7,-64.10675361284147
28515495000.0,-62.77400616563006
28520493333.3,-61.48356658880751
28525491666.7,-62.331617665467654
28530490000.0,-66.3618083324809
28535488333.3,-65.68564164005204
28540486666.7,-61.80820200548862
28545485000.0,-64.63984598967384
28550483333.3,-63.31603755679899
28555481666.7,-63.50916932203515
28560480000.0,-63.17336910606561
28565478333.3,-64.49418359116001
28570476666.7,-64.08214496416606
28575475000.0,-64.42300130119884
28580473333.3,-62.76714674406289
28585471666.7,-63.31811580894439
28590470000.0,-62.80039469509322
28595468333.3,-65.05507002208755
28600466666.7,-62.75287937351106
28605465000.0,-63.06590625794894
28610463333.3,-62.98981700300732
28615461666.7,-64.26871525460297
28620460000.0,-65.41730244100559
28625458333.3,-64.03635811933248
28630456666.7,-64.55389051508492
28635455000.0,-63.63672082861512
28640453333.3,-64.79593482758476
28645451666.7,-67.36917092250249
28650450000.0,-63.14956710258691
28655448333.3,-61.766394457891394
28660446666.7,-64.40205779508779
28665445000.0,-64.6489595855362
28670443333.3,-66.22183988740944
28675441666.7,-62.26295176834745
28680440000.0,-64.34373449642018
28685438333.3,-64.18536463744962
28690436666.7,-62.793635965818794
28695435000.0,-66.18647603218494
28700433333.3,-62.54307271930436
28705431666.7,-62.76700467776911
28710430000.0,-65.1657665734043
28715428333.3,-64.60224995433205
28720426666.7,-63.43744972645547
28725425000.0,-62.89258878832361
28730423333.3,-64.80326811917062
28735421666.7,-64.66218173932326
28740420000.0,-63.46515661188771
28745418333.3,-63.18660000193476
28750416666.7,-61.24909716652211
28755415000.0,-63.6160012930485
28760413333.3,-62.537050397171996
28765411666.7,-63.18822343999991
28770410000.0,-62.933895976500374
28775408333.3,-63.00530811423307
28780406666.7,-62.41732699283661
28785405000.0,-64.45080057124906
28790403333.3,-62.17103845639485
28795401666.7,-63.89110138575386
28800400000.0,-62.05888670648034
28805398333.3,-61.95989057423431
28810396666.7,-63.70904735826941
28815395000.0,-65.3022282120816
28820393333.3,-63.690346828614246
28825391666.7,-63.624365293863995
28830390000.0,-62.696062967914884
28835388333.3,-62.84952964373303
28840386666.7,-62.37503767142148
28845385000.0,-64.67767989392979
28850383333.3,-65.35895568367569
28855381666.7,-62.099096909030365
28860380000.0,-61.2244208851928
28865378333.3,-62.85928512190982
28870376666.7,-64.14427255360746
28875375000.0,-62.98464109917888
28880373333.3,-63.48931866272069
28885371666.7,-62.69015322285422
28890370000.0,-66.90690251103845
28895368333.3,-66.0530562494973
28900366666.7,-67.56039480700527
28905365000.0,-63.71994972031328
28910363333.3,-64.0580955066011
28915361666.7,-63.616738615425405
28920360000.0,-63.24555590632076
28925358333.3,-63.24635672848143
28930356666.7,-64.2622522648526
28935355000.0,-65.22101669839297
28940353333.3,-64.1589483447057
28945351666.7,-63.21165319438436
28950350000.0,-63.773260004907414
28955348333.3,-66.61085521341874
28960346666.7,-66.33360774095124
28965345000.0,-65.37705831891284
28970343333.3,-64.84460650147402
28975341666.7,-65.19456398389727
28980340000.0,-63.92649548342049
28985338333.3,-68.02409061455607
28990336666.7,-64.33117266764879
28995335000.0,-66.45132631953932
29000333333.3,-67.57281775493215
29005331666.7,-65.10833737859666
29010330000.0,-64.11512249190139
29015328333.3,-64.57309045995095
29020326666.7,-63.80168916607069
29025325000.0,-65.67839489719401
29030323333.3,-64.4098471969122
29035321666.7,-65.48998259156646
29040320000.0,-65.88469697316387
29045318333.3,-65.19812403368175
29050316666.7,-62.98306001011295
29055315000.0,-65.44931808003251
29060313333.3,-63.30083002587956
29065311666.7,-64.98654061654905
29070310000.0,-63.51723184440516
29075308333.3,-63.35287530633477
29080306666.7,-62.48325878571849
29085305000.0,-63.811789317222974
29090303333.3,-64.15331174526001
29095301666.7,-65.87606659085617
29100300000.0,-66.11900892161403
29105298333.3,-62.820965067365194
29110296666.7,-65.56140241677102
29115295000.0,-66.80218810078016
29120293333.3,-67.0956564463111
29125291666.7,-65.76361179459663
29130290000.0,-64.3673404672789
29135288333.3,-67.67091182411943
29140286666.7,-63.722425217331214
29145285000.0,-65.46922473254352
29150283333.3,-65.033130102664
29155281666.7,-66.95929466915105
29160280000.0,-64.50497761714145
29165278333.3,-66.09077764000114
29170276666.7,-63.79865717480058
29175275000.0,-64.28481317279918
29180273333.3,-66.37334704154505
29185271666.7,-68.84578125126357
29190270000.0,-65.95885512372867
29195268333.3,-63.35740764464067
29200266666.7,-64.70198115874175
29205265000.0,-68.25070351656272
29210263333.3,-68.73404349212387
29215261666.7,-66.86837102188218
29220260000.0,-64.41293563676507
29225258333.3,-64.89349304967358
29230256666.7,-63.26811516445491
29235255000.0,-66.59208041969069
29240253333.3,-64.89701038698486
29245251666.7,-63.0324194031546
29250250000.0,-65.82123535424142
29255248333.3,-64.13204670127057
29260246666.7,-66.34789969539843
29265245000.0,-65.50370045436959
29270243333.3,-65.14068061287531
29275241666.7,-65.80551578765281
29280240000.0,-64.30135091361363
29285238333.3,-66.84095331514334
29290236666.7,-65.48927242020382
29295235000.0,-66.2596723712713
29300233333.3,-66.92548178511466
29305231666.7,-65.13000570074973
29310230000.0,-64.62359256918315
29315228333.3,-64.79720817978416
29320226666.7,-64.79980879513646
29325225000.0,-66.39106127891588
29330223333.3,-64.60088516504217
29335221666.7,-63.60442512860969
29340220000.0,-63.611899917858814
29345218333.3,-65.07245955325699
29350216666.7,-63.155744458239546
29355215000.0,-64.06680065930638
29360213333.3,-68.36123134851485
29365211666.7,-64.1748936488271
29370210000.0,-63.42016231668055
29375208333.3,-68.2867750816816
29380206666.7,-70.0286819416347
29385205000.0,-65.9775092032499
29390203333.3,-66.52090600296962
29395201666.7,-66.69606882896811
29400200000.0,-65.7998880442544
29405198333.3,-65.80135400504444
29410196666.7,-66.3840779297544
29415195000.0,-67.11556672444578
29420193333.3,-63.53246093934924
29425191666.7,-64.56451397167558
29430190000.0,-66.18187444780995
29435188333.3,-66.2055655388552
29440186666.7,-64.82103174733062
29445185000.0,-67.25156163162228
29450183333.3,-64.45426323355075
29455181666.7,-65.64207618207979
29460180000.0,-66.21237723853677
29465178333.3,-65.63545954345672
29470176666.7,-65.98887417574633
29475175000.0,-63.38777623264973
29480173333.3,-67.62510617662087
29485171666.7,-66.30916905446416
29490170000.0,-66.3581834488882
29495168333.3,-64.56363297871113
29500166666.7,-66.3031761608141
29505165000.0,-64.09706356582645
29510163333.3,-70.02019078074406
29515161666.7,-66.53208171544115
29520160000.0,-62.17155560551683
29525158333.3,-65.1035281453547
29530156666.7,-66.49782683539182
29535155000.0,-63.627550373203846
29540153333.3,-68.51002755139127
29545151666.7,-67.00116341631008
29550150000.0,-63.74408595686376
29555148333.3,-67.6787469998171
29560146666.7,-70.16266422427444
29565145000.0,-67.46248736807023
29570143333.3,-63.30165440652244
29575141666.7,-67.88109208948596
29580140000.0,-67.11883720253554
29585138333.3,-68.10812690529895
29590136666.7,-67.90674147598006
29595135000.0,-67.49438415045573
29600133333.3,-65.85556153122643
29605131666.7,-63.76840049647151
29610130000.0,-65.58772754296723
29615128333.3,-64.13114080912328
29620126666.7,-65.34818264907514
29625125000.0,-66.85457342394169
29630123333.3,-64.00430713409749
29635121666.7,-69.35398598446382
29640120000.0,-67.03725766620937
29645118333.3,-67.79254503727469
29650116666.7,-66.21467977043002
29655115000.0,-65.89907427053791
29660113333.3,-64.13532046461441
29665111666.7,-71.0142871672579
29670110000.0,-67.40104335331985
29675108333.3,-70.26329669169596
29680106666.7,-68.06640414879635
29685105000.0,-67.22608186080258
29690103333.3,-66.00982704313488
29695101666.7,-65.85473906306927
29700100000.0,-65.52422151147842
29705098333.3,-68.07178950662319
29710096666.7,-66.9513098106525
29715095000.0,-67.4889251868069
29720093333.3,-67.53924278953852
29725091666.7,-67.10672005815043
29730090000.0,-66.2158529190409
29735088333.3,-66.79096746538498
29740086666.7,-68.44298346921796
29745085000.0,-64.47632456803741
29750083333.3,-72.41106704462625
29755081666.7,-69.93949286671159
29760080000.0,-64.68253262181929
29765078333.3,-67.15294966934923
29770076666.7,-64.6929829780477
29775075000.0,-67.46481054495914
29780073333.3,-62.935364633023454
29785071666.7,-65.92194857384187
29790070000.0,-64.12042647585235
29795068333.3,-73.00307123722385
29800066666.7,-67.87103233463989
29805065000.0,-65.88795069336346
29810063333.3,-66.8604370682168
29815061666.7,-66.37536383379367
29820060000.0,-66.51982255771237
29825058333.3,-66.7098436212602
29830056666.7,-69.81726057124051
29835055000.0,-67.52817969925273
29840053333.3,-72.42441861965419
29845051666.7,-64.69788310214345
29850050000.0,-67.84801349143626
29855048333.3,-68.34460968149376
29860046666.7,-67.10014194962257
29865045000.0,-65.12124906964824
29870043333.3,-65.98659570079735
29875041666.7,-68.42374557510493
29880040000.0,-66.2442018412242
29885038333.3,-68.89303367714862
29890036666.7,-71.64961693338527
29895035000.0,-66.71364251269489
29900033333.3,-68.45298482317341
29905031666.7,-68.10841851950626
29910030000.0,-69.24516945518872
29915028333.3,-70.0659048023003
29920026666.7,-68.38857016448794
29925025000.0,-66.98700089450794
29930023333.3,-67.33687637077857
29935021666.7,-68.64264181774172
29940020000.0,-68.73043588187558
29945018333.3,-70.73056692044358
29950016666.7,-70.88089484550514
29955015000.0,-68.19917519777877
29960013333.3,-67.67716925473528
29965011666.7,-68.5958683332133
29970010000.0,-69.95269832950385
29975008333.3,-69.49770357204751
29980006666.7,-66.10744839808909
29985005000.0,-69.1687973078134
29990003333.3,-65.807750781981
29995001666.7,-72.49972308259841
30000000000.0,-65.66825080783822
