Frequency_Hz,Magnitude_dB
10000000.0,-57.09432901774137
14998333.3333,-61.922565652649546
19996666.6667,-63.24021643771442
24995000.0,-67.49722074713128
29993333.3333,-60.97201804365649
34991666.6667,-67.56718540598581
39990000.0,-64.47142827885463
44988333.3333,-66.83709866187239
49986666.6667,-66.07423819417924
54985000.0,-62.079451056553616
59983333.3333,-64.32480498819166
64981666.6667,-61.42399475779154
69980000.0,-60.10938803382585
74978333.3333,-64.19048558090742
79976666.6667,-60.778635169260326
84975000.0,-61.910796835220374
89973333.3333,-59.025300058652086
94971666.6667,-58.397732196416605
99970000.0,-62.091534846462935
104968333.333,-57.63749213338089
109966666.667,-58.302503382973335
114965000.0,-57.234179775073
119963333.333,-57.50743045742499
124961666.667,-57.67250569231531
129960000.0,-55.87437113201705
134958333.333,-56.945013578303126
139956666.667,-57.15833843646542
144955000.0,-55.902264953602995
149953333.333,-55.34220832740219
154951666.667,-56.08022884768562
159950000.0,-55.83530717581347
164948333.333,-55.32583090092214
169946666.667,-54.73242507708069
174945000.0,-54.543162933808446
179943333.333,-54.71182198082612
184941666.667,-54.41815542441517
189940000.0,-53.295043502177045
194938333.333,-54.07143034515582
199936666.667,-53.01091593827611
204935000.0,-53.30166492491148
209933333.333,-53.16815731394918
214931666.667,-53.39751843800027
219930000.0,-52.9096446038492
224928333.333,-52.81529264815026
229926666.667,-52.53085969176717
234925000.0,-52.16210130237844
239923333.333,-52.141009313881675
244921666.667,-51.86324231622736
249920000.0,-51.851094832223225
254918333.333,-52.511660179497866
259916666.667,-51.55906302116943
264915000.0,-51.30819433918898
269913333.333,-51.715084362746865
274911666.667,-50.51064015107503
279910000.0,-50.67298420882756
284908333.333,-50.5923195287449
289906666.667,-50.604011297119165
294905000.0,-50.361323548134926
299903333.333,-49.78942994415826
304901666.667,-49.967839373923624
309900000.0,-49.723841358165544
314898333.333,-49.61103854095464
319896666.667,-49.51376412931875
324895000.0,-49.43161966244665
329893333.333,-49.299474432693444
334891666.667,-49.419987011851276
339890000.0,-48.876814612087294
344888333.333,-48.83931128442531
349886666.667,-48.880068378843085
354885000.0,-48.488990481195046
359883333.333,-48.431366030757985
364881666.667,-48.41664542262262
369880000.0,-48.08393204634871
374878333.333,-47.95653270069721
379876666.667,-47.619280499188044
384875000.0,-47.44581065029912
389873333.333,-47.50946460228998
394871666.667,-47.17685982136737
399870000.0,-46.703094470218794
404868333.333,-46.974708409099
409866666.667,-46.892240734220124
414865000.0,-46.74103703363534
419863333.333,-46.593874343708485
424861666.667,-46.68066580134459
429860000.0,-46.682457156543855
434858333.333,-46.249082900095786
439856666.667,-46.05042986519783
444855000.0,-46.31617997719501
449853333.333,-45.99507252748317
454851666.667,-45.797648658724725
459850000.0,-45.83856412295538
464848333.333,-45.66165504010929
469846666.667,-45.56333843193262
474845000.0,-45.399186928815595
479843333.333,-45.53237229760292
484841666.667,-45.12455254641098
489840000.0,-44.93071849051248
494838333.333,-44.724822551738754
499836666.667,-44.7559594289558
504835000.0,-44.72128302795234
509833333.333,-44.745087941851125
514831666.667,-44.70441140375102
519830000.0,-44.60072408496278
524828333.333,-44.64682117323542
529826666.667,-44.40844439562233
534825000.0,-44.40581493668827
539823333.333,-44.37533542992807
544821666.667,-44.1765842384288
549820000.0,-44.17589536506146
554818333.333,-44.11436711984665
559816666.667,-43.98944761062998
564815000.0,-43.94862892236657
569813333.333,-43.63023705170804
574811666.667,-43.581351791723726
579810000.0,-43.6107813707548
584808333.333,-43.171293195626234
589806666.667,-43.20727865825485
594805000.0,-43.204624952972466
599803333.333,-43.252221228604924
604801666.667,-42.94354142894302
609800000.0,-43.00341468321935
614798333.333,-42.918133088921934
619796666.667,-42.76431901779861
624795000.0,-42.63463041252094
629793333.333,-42.661098481575465
634791666.667,-42.72407641882054
639790000.0,-42.52151046238631
644788333.333,-42.52144711952585
649786666.667,-42.33893850678356
654785000.0,-42.18586230468926
659783333.333,-41.964423896387544
664781666.667,-41.88948747045033
669780000.0,-41.968180421463956
674778333.333,-41.7463985801446
679776666.667,-41.64718309785862
684775000.0,-41.55462298684019
689773333.333,-41.46810337738419
694771666.667,-41.385310158508126
699770000.0,-41.30829639782946
704768333.333,-41.27110456468665
709766666.667,-41.203929707826966
714765000.0,-41.09261851730422
719763333.333,-41.178923602672704
724761666.667,-41.08594929492854
729760000.0,-41.07637109402508
734758333.333,-41.003899538379194
739756666.667,-40.812679064763806
744755000.0,-40.94326568544207
749753333.333,-40.790907216407064
754751666.667,-40.645440084608936
759750000.0,-40.57072095772617
764748333.333,-40.52843055751481
769746666.667,-40.39773342841428
774745000.0,-40.374231408350255
779743333.333,-40.15061154348796
784741666.667,-40.15071544399242
789740000.0,-40.04595159346089
794738333.333,-39.98658998612265
799736666.667,-39.90533976319967
804735000.0,-39.85624343801595
809733333.333,-39.82319895577075
814731666.667,-39.83503264377256
819730000.0,-39.850338484037216
824728333.333,-39.82292674144298
829726666.667,-39.71159466507382
834725000.0,-39.61237105843626
839723333.333,-39.5464078797341
844721666.667,-39.53888060259469
849720000.0,-39.40618427782987
854718333.333,-39.3203132139959
859716666.667,-39.33746601540016
864715000.0,-39.17105650758303
869713333.333,-39.08850025435033
874711666.667,-38.97271724728205
879710000.0,-38.87694620773767
884708333.333,-38.855736545197644
889706666.667,-38.71309054586921
894705000.0,-38.65552479216633
899703333.333,-38.61132736494798
904701666.667,-38.439506956922884
909700000.0,-38.41927924335899
914698333.333,-38.376217072565986
919696666.667,-38.29411178725348
924695000.0,-38.20830080282278
929693333.333,-38.05682048172283
934691666.667,-38.03845686767299
939690000.0,-37.93762194742477
944688333.333,-37.89554742138553
949686666.667,-37.83616168986277
954685000.0,-37.67766596805522
959683333.333,-37.71853978969483
964681666.667,-37.48803589655085
969680000.0,-37.574592165824015
974678333.333,-37.42869656498999
979676666.667,-37.36388126535317
984675000.0,-37.223736054969415
989673333.333,-37.24133210253159
994671666.667,-37.1094266008217
999670000.0,-37.054097599872804
1004668333.33,-37.26555524297476
1009666666.67,-37.31009507357137
1014665000.0,-37.253673011001524
1019663333.33,-37.134536666420416
1024661666.67,-37.1348591338451
1029660000.0,-37.055446040798785
1034658333.33,-36.95114407735007
1039656666.67,-37.01173619190792
1044655000.0,-36.871815027511396
1049653333.33,-36.85675845786103
1054651666.67,-36.80458625368889
1059650000.0,-36.738928690759614
1064648333.33,-36.64164074931895
1069646666.67,-36.608400962688265
1074645000.0,-36.49083298231097
1079643333.33,-36.501114038057246
1084641666.67,-36.46815605717889
1089640000.0,-36.3293553084105
1094638333.33,-36.3739033338615
1099636666.67,-36.267414146449106
1104635000.0,-36.252983187445665
1109633333.33,-36.13264539154511
1114631666.67,-36.08536001559098
1119630000.0,-35.98281162366639
1124628333.33,-36.005905149438256
1129626666.67,-35.80516027462753
1134625000.0,-35.77036872995677
1139623333.33,-35.6709736943866
1144621666.67,-35.645897087222764
1149620000.0,-35.53974495514095
1154618333.33,-35.50255637669562
1159616666.67,-35.35393368885353
1164615000.0,-35.31904516229428
1169613333.33,-35.12669064893004
1174611666.67,-35.05524611733081
1179610000.0,-35.050142667802135
1184608333.33,-34.90795580540948
1189606666.67,-34.82539179780651
1194605000.0,-34.72758873026751
1199603333.33,-34.632058594622684
1204601666.67,-34.52410882683471
1209600000.0,-34.47030231115062
1214598333.33,-34.31223619035982
1219596666.67,-34.269754780214775
1224595000.0,-34.104447253243976
1229593333.33,-34.00751864646595
1234591666.67,-33.87988345701646
1239590000.0,-33.872868650597695
1244588333.33,-33.69481078661397
1249586666.67,-33.67680671211567
1254585000.0,-33.45798103469266
1259583333.33,-33.443614090241766
1264581666.67,-33.39839668398212
1269580000.0,-33.28503323466845
1274578333.33,-33.296454256565525
1279576666.67,-33.168502630525374
1284575000.0,-33.120459441668835
1289573333.33,-33.070749409758776
1294571666.67,-32.92505090933589
1299570000.0,-32.91296252577443
1304568333.33,-32.843740103383524
1309566666.67,-32.74124203906954
1314565000.0,-32.73172632038241
1319563333.33,-32.54615842221967
1324561666.67,-32.56978227751665
1329560000.0,-32.43287914032485
1334558333.33,-32.39438271779702
1339556666.67,-32.36768136276764
1344555000.0,-32.26466109658125
1349553333.33,-32.26968897541259
1354551666.67,-32.19981326670685
1359550000.0,-32.133622013205965
1364548333.33,-32.12733488343607
1369546666.67,-32.08074780878045
1374545000.0,-32.04113289202713
1379543333.33,-32.01748736785103
1384541666.67,-31.940121319222445
1389540000.0,-31.91638047024711
1394538333.33,-31.7977564646895
1399536666.67,-31.732523300547268
1404535000.0,-31.61914658450388
1409533333.33,-31.571503653206655
1414531666.67,-31.441824737939953
1419530000.0,-31.37849145889848
1424528333.33,-31.23799393664808
1429526666.67,-31.15430232652362
1434525000.0,-31.054538173391258
1439523333.33,-30.956717695782572
1444521666.67,-30.86911417541316
1449520000.0,-30.779838072544095
1454518333.33,-30.688038691274116
1459516666.67,-30.591081179595122
1464515000.0,-30.504919074963443
1469513333.33,-30.405013979051915
1474511666.67,-30.40144685541716
1479510000.0,-30.21725664683583
1484508333.33,-30.222532818861975
1489506666.67,-30.063954582333587
1494505000.0,-29.99113348051331
1499503333.33,-29.918525173615286
1504501666.67,-29.849592142861407
1509500000.0,-29.696655989876874
1514498333.33,-29.675179883844535
1519496666.67,-29.514280710226622
1524495000.0,-29.432219597724053
1529493333.33,-29.330980130700055
1534491666.67,-29.276825020338848
1539490000.0,-29.231968747469452
1544488333.33,-29.144233693914646
1549486666.67,-29.08335577520357
1554485000.0,-29.00647200310242
1559483333.33,-29.014186705932357
1564481666.67,-28.86414450694418
1569480000.0,-28.961813061064817
1574478333.33,-28.78790931677279
1579476666.67,-28.84254958887459
1584475000.0,-28.750353485058948
1589473333.33,-28.712191776973253
1594471666.67,-28.626937904481554
1599470000.0,-28.605365707414986
1604468333.33,-28.498779997304826
1609466666.67,-28.524012615261864
1614465000.0,-28.330936306495694
1619463333.33,-28.340585003842506
1624461666.67,-28.255209349197578
1629460000.0,-28.13671447692224
1634458333.33,-28.108593876216016
1639456666.67,-27.99096271546999
1644455000.0,-27.98749073948413
1649453333.33,-27.875077934877286
1654451666.67,-27.886413152113274
1659450000.0,-27.751586761256114
1664448333.33,-27.74393563601871
1669446666.67,-27.681591750733006
1674445000.0,-27.615372642403386
1679443333.33,-27.598482254110024
1684441666.67,-27.55570763517435
1689440000.0,-27.475639321534395
1694438333.33,-27.50505958219283
1699436666.67,-27.37613201219419
1704435000.0,-27.353162951848017
1709433333.33,-27.29778595307732
1714431666.67,-27.190274094947704
1719430000.0,-27.23089056472594
1724428333.33,-27.051383925319485
1729426666.67,-27.030351423332746
1734425000.0,-26.91078598196901
1739423333.33,-26.856017092838332
1744421666.67,-26.775892793230117
1749420000.0,-26.715290721796087
1754418333.33,-26.64031306107878
1759416666.67,-26.56656551561693
1764415000.0,-26.47514721025233
1769413333.33,-26.45010545182525
1774411666.67,-26.375891798053463
1779410000.0,-26.362684855213395
1784408333.33,-26.32981068197816
1789406666.67,-26.212818155711567
1794405000.0,-26.234458189169622
1799403333.33,-26.151196401389658
1804401666.67,-26.16028023419693
1809400000.0,-26.060194967431556
1814398333.33,-26.06450375733539
1819396666.67,-25.92249491029548
1824395000.0,-25.96751182368348
1829393333.33,-25.914109835051498
1834391666.67,-25.896830854396367
1839390000.0,-25.870102634730934
1844388333.33,-25.825648727373153
1849386666.67,-25.840610655894054
1854385000.0,-25.842009530881427
1859383333.33,-25.7666310207916
1864381666.67,-25.825817772955
1869380000.0,-25.771171340149802
1874378333.33,-25.789908637194028
1879376666.67,-25.802943512351067
1884375000.0,-25.757841590669305
1889373333.33,-25.788840086204758
1894371666.67,-25.717821185999217
1899370000.0,-25.700222862435936
1904368333.33,-25.69620810661245
1909366666.67,-25.624565714042753
1914365000.0,-25.66323185864922
1919363333.33,-25.610887884748447
1924361666.67,-25.57422018752408
1929360000.0,-25.591609959085435
1934358333.33,-25.535293667540504
1939356666.67,-25.587665540208697
1944355000.0,-25.532654618848486
1949353333.33,-25.547891954225385
1954351666.67,-25.53791760723457
1959350000.0,-25.51744153384389
1964348333.33,-25.58344683739243
1969346666.67,-25.549776437423645
1974345000.0,-25.596791348667466
1979343333.33,-25.59338610064147
1984341666.67,-25.60305627174198
1989340000.0,-25.629658764805367
1994338333.33,-25.625386025316445
1999336666.67,-25.67945727662181
2004335000.0,-25.659310229634414
2009333333.33,-25.697164767591055
2014331666.67,-25.767750267905264
2019330000.0,-25.769305972394584
2024328333.33,-25.844916141950456
2029326666.67,-25.8690977287861
2034325000.0,-25.916175155238513
2039323333.33,-25.971380955860816
2044321666.67,-26.025947180609485
2049320000.0,-26.10381536855843
2054318333.33,-26.07015839394226
2059316666.67,-26.18423523431848
2064315000.0,-26.16103694484658
2069313333.33,-26.20422745748516
2074311666.67,-26.28633808674565
2079310000.0,-26.241359336339706
2084308333.33,-26.292197611779585
2089306666.67,-26.274276684290342
2094305000.0,-26.26255325328961
2099303333.33,-26.352699466072792
2104301666.67,-26.32795441022585
2109300000.0,-26.428379381041154
2114298333.33,-26.421775919922325
2119296666.67,-26.46775955858796
2124295000.0,-26.550914700444082
2129293333.33,-26.562664378255448
2134291666.67,-26.699844547613147
2139290000.0,-26.6683032916458
2144288333.33,-26.768991434637137
2149286666.67,-26.79329588897003
2154285000.0,-26.848349855314396
2159283333.33,-26.894412836402974
2164281666.67,-26.91837899388139
2169280000.0,-26.950990805081723
2174278333.33,-27.00911941440021
2179276666.67,-26.98754168801443
2184275000.0,-27.055372273784602
2189273333.33,-27.03142327444574
2194271666.67,-27.153186093985113
2199270000.0,-27.1282315141633
2204268333.33,-27.23679392293996
2209266666.67,-27.31035279316505
2214265000.0,-27.295146718382366
2219263333.33,-27.437605934525134
2224261666.67,-27.41693247454814
2229260000.0,-27.453475788202404
2234258333.33,-27.596884406181502
2239256666.67,-27.585329779630182
2244255000.0,-27.693509436320113
2249253333.33,-27.721648053478837
2254251666.67,-27.74297691816608
2259250000.0,-27.817655907715974
2264248333.33,-27.82631587227922
2269246666.67,-27.904421352991644
2274245000.0,-27.916725743829325
2279243333.33,-28.01230382504265
2284241666.67,-28.02468332641513
2289240000.0,-28.08935940019657
2294238333.33,-28.19348436785111
2299236666.67,-28.254591592375377
2304235000.0,-28.343193211722966
2309233333.33,-28.43463611245162
2314231666.67,-28.47168869386205
2319230000.0,-28.629775704246153
2324228333.33,-28.582837868536892
2329226666.67,-28.742650535915995
2334225000.0,-28.751622680328275
2339223333.33,-28.845516035861493
2344221666.67,-28.925883310047958
2349220000.0,-28.97063668138408
2354218333.33,-29.0383734269879
2359216666.67,-29.070650281352776
2364215000.0,-29.115643813601135
2369213333.33,-29.197432933826136
2374211666.67,-29.211782843568123
2379210000.0,-29.317375028674665
2384208333.33,-29.323012837619615
2389206666.67,-29.338238965653783
2394205000.0,-29.450770755817587
2399203333.33,-29.423891882879744
2404201666.67,-29.53318667801858
2409200000.0,-29.49636548964606
2414198333.33,-29.563186039884894
2419196666.67,-29.496739963846487
2424195000.0,-29.600722556803497
2429193333.33,-29.551839070893404
2434191666.67,-29.591106908027317
2439190000.0,-29.6211581369564
2444188333.33,-29.605298989203888
2449186666.67,-29.61222472003844
2454185000.0,-29.685887724266063
2459183333.33,-29.63793387818212
2464181666.67,-29.782552915900023
2469180000.0,-29.760299890768618
2474178333.33,-29.83503320968083
2479176666.67,-29.945678718552678
2484175000.0,-29.9226041787224
2489173333.33,-30.07289436214841
2494171666.67,-30.084338655358568
2499170000.0,-30.114940035738176
2504168333.33,-30.23651717645221
2509166666.67,-30.215651851874902
2514165000.0,-30.241669600793287
2519163333.33,-30.340570801506352
2524161666.67,-30.342471847553586
2529160000.0,-30.4097882499778
2534158333.33,-30.45173357526909
2539156666.67,-30.54196754841876
2544155000.0,-30.54510569128482
2549153333.33,-30.667029321464003
2554151666.67,-30.709290987536804
2559150000.0,-30.789374101389676
2564148333.33,-30.906069183757495
2569146666.67,-30.937627850615836
2574145000.0,-31.062136140322792
2579143333.33,-31.10384550879956
2584141666.67,-31.16344726446044
2589140000.0,-31.27880362201484
2594138333.33,-31.24933040882352
2599136666.67,-31.383282871627088
2604135000.0,-31.40979942776102
2609133333.33,-31.47061882624326
2614131666.67,-31.522359573273327
2619130000.0,-31.524218474505176
2624128333.33,-31.557449878172402
2629126666.67,-31.59307493979467
2634125000.0,-31.64594027184029
2639123333.33,-31.701861903268927
2644121666.67,-31.715556642192112
2649120000.0,-31.801334542128522
2654118333.33,-31.797482646223024
2659116666.67,-31.892667398057352
2664115000.0,-31.927970004305607
2669113333.33,-31.991929352124547
2674111666.67,-32.085186556767276
2679110000.0,-32.021518168165734
2684108333.33,-32.105801073787916
2689106666.67,-32.12759486983749
2694105000.0,-32.1323665652496
2699103333.33,-32.26628643230422
2704101666.67,-32.23082536898146
2709100000.0,-32.2952847308028
2714098333.33,-32.31400835804722
2719096666.67,-32.362232079984935
2724095000.0,-32.42861736608792
2729093333.33,-32.44202659283591
2734091666.67,-32.525600780533004
2739090000.0,-32.56276636140666
2744088333.33,-32.576074930620734
2749086666.67,-32.64971161265322
2754085000.0,-32.63852263057797
2759083333.33,-32.6719816079535
2764081666.67,-32.68052412044298
2769080000.0,-32.707701683805716
2774078333.33,-32.70258481271454
2779076666.67,-32.67757569202519
2784075000.0,-32.74640069497024
2789073333.33,-32.708176078698884
2794071666.67,-32.7351355458134
2799070000.0,-32.775746029773764
2804068333.33,-32.77743477415607
2809066666.67,-32.901866444515086
2814065000.0,-32.89207751964271
2819063333.33,-32.955035954320536
2824061666.67,-32.96756440857819
2829060000.0,-33.04388974966003
2834058333.33,-33.16382231756728
2839056666.67,-33.14031365614336
2844055000.0,-33.20197737843117
2849053333.33,-33.21701698773722
2854051666.67,-33.24262749848059
2859050000.0,-33.32345309369579
2864048333.33,-33.268400561937305
2869046666.67,-33.33793209309642
2874045000.0,-33.34949846780988
2879043333.33,-33.3638067759871
2884041666.67,-33.45882231517728
2889040000.0,-33.430735393134185
2894038333.33,-33.55424882633679
2899036666.67,-33.56830218420379
2904035000.0,-33.64020317486692
2909033333.33,-33.75378454469081
2914031666.67,-33.79385415822163
2919030000.0,-33.89456312341759
2924028333.33,-33.90135591282436
2929026666.67,-33.98809959130751
2934025000.0,-34.032673796044016
2939023333.33,-34.06947536107909
2944021666.67,-34.122828739296956
2949020000.0,-34.107730288882124
2954018333.33,-34.157824141935045
2959016666.67,-34.16204785099082
2964015000.0,-34.194496571600624
2969013333.33,-34.2526385257975
2974011666.67,-34.19565801873795
2979010000.0,-34.28765627092518
2984008333.33,-34.2365098795438
2989006666.67,-34.34244848461579
2994005000.0,-34.479971496739445
2999003333.33,-34.42406391934113
3004001666.67,-34.51528398274602
3009000000.0,-34.56305716226227
3013998333.33,-34.56022358215612
3018996666.67,-34.644832580761275
3023995000.0,-34.61745991034994
3028993333.33,-34.68945924872286
3033991666.67,-34.668646942137535
3038990000.0,-34.70650465597915
3043988333.33,-34.74891814763254
3048986666.67,-34.76143040535952
3053985000.0,-34.80876632363869
3058983333.33,-34.79430496282046
3063981666.67,-34.8424622325717
3068980000.0,-34.90698929190673
3073978333.33,-34.88416583082056
3078976666.67,-35.02182484004437
3083975000.0,-34.94192354221946
3088973333.33,-34.992984430917
3093971666.67,-35.02418970285752
3098970000.0,-35.07777338385929
3103968333.33,-35.14642867670888
3108966666.67,-35.03931177215997
3113965000.0,-35.09563591195976
3118963333.33,-35.0499681764176
3123961666.67,-35.06914506547362
3128960000.0,-35.0999155829837
3133958333.33,-35.10394847784275
3138956666.67,-35.136179796874146
3143955000.0,-35.07117413901184
3148953333.33,-35.12928294161317
3153951666.67,-35.20977641297891
3158950000.0,-35.14848395081492
3163948333.33,-35.269395672920034
3168946666.67,-35.314171906693794
3173945000.0,-35.371423515029385
3178943333.33,-35.36646668735839
3183941666.67,-35.388752528548565
3188940000.0,-35.557577244364104
3193938333.33,-35.50928550823683
3198936666.67,-35.560824073953825
3203935000.0,-35.57772422954804
3208933333.33,-35.584621394076976
3213931666.67,-35.67891621864596
3218930000.0,-35.6406917509061
3223928333.33,-35.71625265712829
3228926666.67,-35.81874035987945
3233925000.0,-35.824138686706846
3238923333.33,-35.94123646003078
3243921666.67,-35.93785569299606
3248920000.0,-36.00848169319466
3253918333.33,-36.0114605399584
3258916666.67,-36.109626044715796
3263915000.0,-36.18516758342977
3268913333.33,-36.22659154777312
3273911666.67,-36.27579433907918
3278910000.0,-36.23479781773924
3283908333.33,-36.24550508013285
3288906666.67,-36.21489880420428
3293905000.0,-36.231214465061356
3298903333.33,-36.23417157823756
3303901666.67,-36.1978439843726
3308900000.0,-36.223297623645855
3313898333.33,-36.185161901894546
3318896666.67,-36.21608771131194
3323895000.0,-36.29895687950916
3328893333.33,-36.2361981525188
3333891666.67,-36.3154907338071
3338890000.0,-36.321402268982
3343888333.33,-36.387871781837376
3348886666.67,-36.53861244802078
3353885000.0,-36.48481741118347
3358883333.33,-36.58650701274617
3363881666.67,-36.60749959477765
3368880000.0,-36.614387620966376
3373878333.33,-36.665914044262095
3378876666.67,-36.645263011037635
3383875000.0,-36.71172795658667
3388873333.33,-36.67027052438915
3393871666.67,-36.67856939353139
3398870000.0,-36.74240583322821
3403868333.33,-36.71612252609074
3408866666.67,-36.84608459430428
3413865000.0,-36.76772345401654
3418863333.33,-36.88149873719665
3423861666.67,-36.9441565499934
3428860000.0,-37.0098009790943
3433858333.33,-37.09860194487204
3438856666.67,-37.07703982076708
3443855000.0,-37.16887308425852
3448853333.33,-37.23498465644258
3453851666.67,-37.20317191114304
3458850000.0,-37.32995644639146
3463848333.33,-37.26291101856448
3468846666.67,-37.31883460264946
3473845000.0,-37.295266211517394
3478843333.33,-37.289111162798065
3483841666.67,-37.37026354384043
3488840000.0,-37.27384017474152
3493838333.33,-37.38321652038283
3498836666.67,-37.3268735231586
3503835000.0,-37.379864015172075
3508833333.33,-37.43370642879307
3513831666.67,-37.44770849116664
3518830000.0,-37.46522781936899
3523828333.33,-37.48334232492562
3528826666.67,-37.49639042296489
3533825000.0,-37.551972024495875
3538823333.33,-37.57477678965997
3543821666.67,-37.64752578601593
3548820000.0,-37.58570089862762
3553818333.33,-37.654000445191016
3558816666.67,-37.66236759561618
3563815000.0,-37.59626822652375
3568813333.33,-37.738692648944365
3573811666.67,-37.664650455040835
3578810000.0,-37.69610079677908
3583808333.33,-37.67836565308733
3588806666.67,-37.710570669345316
3593805000.0,-37.7768979074721
3598803333.33,-37.73767505909458
3603801666.67,-37.82120318180291
3608800000.0,-37.80813320088405
3613798333.33,-37.80177286234865
3618796666.67,-37.87996662246621
3623795000.0,-37.82729843910984
3628793333.33,-37.849379710168385
3633791666.67,-37.913029373404854
3638790000.0,-37.91419709871902
3643788333.33,-37.8679861753647
3648786666.67,-37.87789249606317
3653785000.0,-38.04030102973821
3658783333.33,-38.0325544522848
3663781666.67,-38.0776005645062
3668780000.0,-38.21982520592996
3673778333.33,-38.310218372813935
3678776666.67,-38.434157948787664
3683775000.0,-38.47253210995807
3688773333.33,-38.668357369890515
3693771666.67,-38.72756396647035
3698770000.0,-38.85244647465426
3703768333.33,-38.917271902448
3708766666.67,-38.94981809730061
3713765000.0,-39.05337078180254
3718763333.33,-39.06003783068254
3723761666.67,-39.08116451014174
3728760000.0,-39.168218058897665
3733758333.33,-39.10557417665884
3738756666.67,-39.133338231721766
3743755000.0,-39.11003344696597
3748753333.33,-39.11486719483888
3753751666.67,-39.21230897865794
3758750000.0,-39.17823621877905
3763748333.33,-39.25020795853845
3768746666.67,-39.21174358979216
3773745000.0,-39.349827181150744
3778743333.33,-39.35676880993923
3783741666.67,-39.38821596042294
3788740000.0,-39.4494051924637
3793738333.33,-39.43156509117989
3798736666.67,-39.44675547318645
3803735000.0,-39.47573846848822
3808733333.33,-39.371067840843345
3813731666.67,-39.396635841135115
3818730000.0,-39.356589375871934
3823728333.33,-39.29143609414514
3828726666.67,-39.21633174922782
3833725000.0,-39.24252927507749
3838723333.33,-39.16833415742442
3843721666.67,-39.1549991669927
3848720000.0,-39.145302308557916
3853718333.33,-39.084523729921926
3858716666.67,-39.13086586879175
3863715000.0,-39.18436238897712
3868713333.33,-39.103699884173295
3873711666.67,-39.2337661085547
3878710000.0,-39.17127118166216
3883708333.33,-39.288538081079246
3888706666.67,-39.2597122261085
3893705000.0,-39.24835110037979
3898703333.33,-39.28944940170985
3903701666.67,-39.31184731427498
3908700000.0,-39.34158356063213
3913698333.33,-39.373052576640404
3918696666.67,-39.40095170817208
3923695000.0,-39.518049600512825
3928693333.33,-39.4016456080885
3933691666.67,-39.560277023179985
3938690000.0,-39.60780865454816
3943688333.33,-39.69246166629549
3948686666.67,-39.798564581075865
3953685000.0,-39.83318015659199
3958683333.33,-39.9140143065062
3963681666.67,-39.94367304979201
3968680000.0,-40.00252363230929
3973678333.33,-40.12430353552248
3978676666.67,-40.103565695875396
3983675000.0,-40.19707957810197
3988673333.33,-40.30440061006091
3993671666.67,-40.36657635435519
3998670000.0,-40.40645277090497
4003668333.33,-40.49863080768862
4008666666.67,-40.6633097803829
4013665000.0,-40.66850761845268
4018663333.33,-40.740964244398796
4023661666.67,-40.738669043338255
4028660000.0,-40.83692148563664
4033658333.33,-40.92802127428609
4038656666.67,-40.84385884713523
4043655000.0,-40.88064728987331
4048653333.33,-40.87975783564923
4053651666.67,-40.80091943988889
4058650000.0,-40.81352506630977
4063648333.33,-40.7207624637521
4068646666.67,-40.715098050935566
4073645000.0,-40.604708812544615
4078643333.33,-40.50007697910742
4083641666.67,-40.53316203969081
4088640000.0,-40.40871173612128
4093638333.33,-40.45445045711449
4098636666.67,-40.36213473106657
4103635000.0,-40.33029340788534
4108633333.33,-40.472000642234114
4113631666.67,-40.376874846984094
4118630000.0,-40.384683020787975
4123628333.33,-40.401488071561076
4128626666.67,-40.51220003585746
4133625000.0,-40.49886654522354
4138623333.33,-40.44667493770267
4143621666.67,-40.511113877307224
4148620000.0,-40.482338784565364
4153618333.33,-40.5077244190865
4158616666.67,-40.494080482132645
4163615000.0,-40.382444590421656
4168613333.33,-40.43496138064214
4173611666.67,-40.39317119206274
4178610000.0,-40.35310046501273
4183608333.33,-40.42459858887004
4188606666.67,-40.45197178468285
4193605000.0,-40.54554145955891
4198603333.33,-40.5843111761783
4203601666.67,-40.6270760971562
4208600000.0,-40.702167658243795
4213598333.33,-40.76238154163206
4218596666.67,-40.84712117987977
4223595000.0,-40.86617611021107
4228593333.33,-40.8415419379185
4233591666.67,-40.90389339938045
4238590000.0,-40.95509421409734
4243588333.33,-40.99826985325616
4248586666.67,-40.990310265147116
4253585000.0,-41.07248707822505
4258583333.33,-41.04037729161141
4263581666.67,-41.0532294789507
4268580000.0,-41.111611459224136
4273578333.33,-41.11200848759783
4278576666.67,-41.17423877674945
4283575000.0,-41.20696988108358
4288573333.33,-41.138501439960436
4293571666.67,-41.22237589390985
4298570000.0,-41.18510966359811
4303568333.33,-41.28148539026909
4308566666.67,-41.21127852598052
4313565000.0,-41.28652631176252
4318563333.33,-41.272192690479656
4323561666.67,-41.282892122815454
4328560000.0,-41.2972443514051
4333558333.33,-41.253440058319015
4338556666.67,-41.359342040332265
4343555000.0,-41.26432237375704
4348553333.33,-41.22468783764208
4353551666.67,-41.29444612376324
4358550000.0,-41.19853360515699
4363548333.33,-41.297182582762545
4368546666.67,-41.2499107329063
4373545000.0,-41.304000514299716
4378543333.33,-41.32033889814019
4383541666.67,-41.337437548352504
4388540000.0,-41.3356026028013
4393538333.33,-41.267625910829736
4398536666.67,-41.31371531757311
4403535000.0,-41.41320990490176
4408533333.33,-41.26951689723179
4413531666.67,-41.27894558567967
4418530000.0,-41.23590255492375
4423528333.33,-41.32336632341749
4428526666.67,-41.30613438760234
4433525000.0,-41.356230246770195
4438523333.33,-41.387216657936705
4443521666.67,-41.417156425633905
4448520000.0,-41.38794448099554
4453518333.33,-41.52431672826513
4458516666.67,-41.440230337778026
4463515000.0,-41.55741012681209
4468513333.33,-41.508750021132066
4473511666.67,-41.57166647698421
4478510000.0,-41.628073385591414
4483508333.33,-41.62952663430286
4488506666.67,-41.669115049435305
4493505000.0,-41.6224205832561
4498503333.33,-41.704518612837795
4503501666.67,-41.61021121580188
4508500000.0,-41.652417424075914
4513498333.33,-41.686880429178146
4518496666.67,-41.64715985254372
4523495000.0,-41.700559762896276
4528493333.33,-41.70283975698588
4533491666.67,-41.70106557104188
4538490000.0,-41.81531340079293
4543488333.33,-41.780135967709704
4548486666.67,-41.85788513027955
4553485000.0,-41.827205515455006
4558483333.33,-41.87753304709602
4563481666.67,-41.90159037406482
4568480000.0,-41.926323383305466
4573478333.33,-41.897441283535656
4578476666.67,-41.84950784232403
4583475000.0,-41.859903525545704
4588473333.33,-41.83151024294517
4593471666.67,-41.80779781005583
4598470000.0,-41.852845631725174
4603468333.33,-41.782938402489435
4608466666.67,-41.83065324956825
4613465000.0,-41.83241358767093
4618463333.33,-41.84762553759049
4623461666.67,-41.92446572064376
4628460000.0,-41.88128895161021
4633458333.33,-41.92049209335477
4638456666.67,-42.01698648443663
4643455000.0,-42.054715373281624
4648453333.33,-42.09698243245018
4653451666.67,-42.05991839296679
4658450000.0,-42.15412521097427
4663448333.33,-42.11765838395807
4668446666.67,-42.075333959694994
4673445000.0,-42.094079924108755
4678443333.33,-42.04229527586436
4683441666.67,-42.13948191078465
4688440000.0,-42.090253477863996
4693438333.33,-42.12374713427275
4698436666.67,-42.19274826599456
4703435000.0,-42.18983652874303
4708433333.33,-42.304387652397956
4713431666.67,-42.3328500089956
4718430000.0,-42.38406356652245
4723428333.33,-42.466680274749926
4728426666.67,-42.43373043712037
4733425000.0,-42.540127467630754
4738423333.33,-42.538747331116475
4743421666.67,-42.51528846862719
4748420000.0,-42.51727179334999
4753418333.33,-42.49313506839943
4758416666.67,-42.472069179123025
4763415000.0,-42.395505370818746
4768413333.33,-42.41722775743932
4773411666.67,-42.35451736608887
4778410000.0,-42.33608641758721
4783408333.33,-42.35914802264476
4788406666.67,-42.26656616579212
4793405000.0,-42.31527658243479
4798403333.33,-42.276172991596965
4803401666.67,-42.35711912342896
4808400000.0,-42.332959800298646
4813398333.33,-42.37139047232209
4818396666.67,-42.46721080331787
4823395000.0,-42.39739683487968
4828393333.33,-42.49370670893019
4833391666.67,-42.45410491411487
4838390000.0,-42.39683270652001
4843388333.33,-42.468785251708624
4848386666.67,-42.421314330251064
4853385000.0,-42.43640388421146
4858383333.33,-42.45975055497608
4863381666.67,-42.432747496560694
4868380000.0,-42.52339818991916
4873378333.33,-42.39777745137203
4878376666.67,-42.51798560094986
4883375000.0,-42.52915913983604
4888373333.33,-42.55678215840017
4893371666.67,-42.55560918156707
4898370000.0,-42.68538180598814
4903368333.33,-42.73753344066503
4908366666.67,-42.66125264734007
4913365000.0,-42.68423995716322
4918363333.33,-42.73711422057929
4923361666.67,-42.639158622246
4928360000.0,-42.75123200815172
4933358333.33,-42.72014687784952
4938356666.67,-42.61769074074762
4943355000.0,-42.694311078945084
4948353333.33,-42.571764995016245
4953351666.67,-42.658130561948255
4958350000.0,-42.646007102177315
4963348333.33,-42.68754115744376
4968346666.67,-42.715711766375534
4973345000.0,-42.68971281228346
4978343333.33,-42.79891724714463
4983341666.67,-42.75613469376823
4988340000.0,-42.85190942734737
4993338333.33,-42.75231697701826
4998336666.67,-42.82591179492407
5003335000.0,-42.85772935247256
5008333333.33,-42.80391616121983
5013331666.67,-42.84002298232747
5018330000.0,-42.7792288645431
5023328333.33,-42.77371407671431
5028326666.67,-42.79671941684338
5033325000.0,-42.74505950942
5038323333.33,-42.77798729301204
5043321666.67,-42.75928692775139
5048320000.0,-42.73610688889054
5053318333.33,-42.82048641731028
5058316666.67,-42.83568562627022
5063315000.0,-42.78500243269825
5068313333.33,-42.86051127361635
5073311666.67,-42.84673070116017
5078310000.0,-42.87091293195309
5083308333.33,-42.94367013614888
5088306666.67,-42.98513875336185
5093305000.0,-42.944856556070114
5098303333.33,-42.9025402656362
5103301666.67,-42.93952938687635
5108300000.0,-42.837896388627136
5113298333.33,-42.90506976027566
5118296666.67,-42.910818636428615
5123295000.0,-42.96915680448528
5128293333.33,-42.85487583447565
5133291666.67,-42.87907640492482
5138290000.0,-42.92662446723391
5143288333.33,-42.98140057065957
5148286666.67,-43.03300149385137
5153285000.0,-43.168172230552
5158283333.33,-43.18120848229828
5163281666.67,-43.19162117168435
5168280000.0,-43.26362056587545
5173278333.33,-43.262692159984454
5178276666.67,-43.26283520657952
5183275000.0,-43.27069857010777
5188273333.33,-43.26802560152839
5193271666.67,-43.2569418610855
5198270000.0,-43.24200817462824
5203268333.33,-43.18836597478914
5208266666.67,-43.18880264028692
5213265000.0,-43.27296915685252
5218263333.33,-43.203838479488454
5223261666.67,-43.27560531046786
5228260000.0,-43.24171884720372
5233258333.33,-43.25590872928048
5238256666.67,-43.326870187803806
5243255000.0,-43.382425747666375
5248253333.33,-43.31947711128005
5253251666.67,-43.42033084359155
5258250000.0,-43.34238949656636
5263248333.33,-43.45912627502778
5268246666.67,-43.43714911922965
5273245000.0,-43.45417448351185
5278243333.33,-43.34973071258403
5283241666.67,-43.33125179615994
5288240000.0,-43.393123825673186
5293238333.33,-43.293252405490335
5298236666.67,-43.3872051617767
5303235000.0,-43.375613600922655
5308233333.33,-43.4423628088447
5313231666.67,-43.38388563030805
5318230000.0,-43.45806171237069
5323228333.33,-43.437959887198545
5328226666.67,-43.41525016350353
5333225000.0,-43.60637614393002
5338223333.33,-43.512098847241305
5343221666.67,-43.602478257689945
5348220000.0,-43.615970024191775
5353218333.33,-43.64668496234826
5358216666.67,-43.713749994209856
5363215000.0,-43.63325563289892
5368213333.33,-43.575971480896676
5373211666.67,-43.59279275068449
5378210000.0,-43.71907434650126
5383208333.33,-43.72395997410407
5388206666.67,-43.71245586522902
5393205000.0,-43.742671143654334
5398203333.33,-43.840214584071965
5403201666.67,-43.932865023080936
5408200000.0,-44.05645033448987
5413198333.33,-43.9259452769339
5418196666.67,-44.07300247663202
5423195000.0,-44.066541833570945
5428193333.33,-44.10801057412091
5433191666.67,-44.06463006104793
5438190000.0,-44.17650966700332
5443188333.33,-44.204681946839386
5448186666.67,-44.0921483247271
5453185000.0,-44.163451896494934
5458183333.33,-44.10790456360068
5463181666.67,-44.12217147369119
5468180000.0,-44.130112348352554
5473178333.33,-44.128173330015755
5478176666.67,-44.12968063235492
5483175000.0,-44.22292491206659
5488173333.33,-44.180136648725004
5493171666.67,-44.279914042019996
5498170000.0,-44.31817504876301
5503168333.33,-44.25425647420824
5508166666.67,-44.33477044458684
5513165000.0,-44.288547468925
5518163333.33,-44.3349880899434
5523161666.67,-44.21421255507694
5528160000.0,-44.18395682078106
5533158333.33,-44.13909216364031
5538156666.67,-44.1723827236744
5543155000.0,-44.14650335782122
5548153333.33,-44.143130501840055
5553151666.67,-44.134360216195574
5558150000.0,-44.10969785364849
5563148333.33,-44.15246766481576
5568146666.67,-44.15316550290207
5573145000.0,-44.26312907456194
5578143333.33,-44.21580465307092
5583141666.67,-44.320881323680425
5588140000.0,-44.34672627982954
5593138333.33,-44.481941822409965
5598136666.67,-44.493970311181805
5603135000.0,-44.54541219096775
5608133333.33,-44.439730723868216
5613131666.67,-44.547499333675155
5618130000.0,-44.56448337419236
5623128333.33,-44.58917960754601
5628126666.67,-44.66234632099135
5633125000.0,-44.55033420998842
5638123333.33,-44.720234644592125
5643121666.67,-44.55509668009284
5648120000.0,-44.668962426749474
5653118333.33,-44.67811902022759
5658116666.67,-44.59861999498615
5663115000.0,-44.84990768652573
5668113333.33,-44.85183907528011
5673111666.67,-44.82130618222301
5678110000.0,-44.940031594553396
5683108333.33,-44.94461610785572
5688106666.67,-44.98566807827289
5693105000.0,-44.89528439406429
5698103333.33,-44.77604322797197
5703101666.67,-44.81511108235753
5708100000.0,-44.8669177446267
5713098333.33,-44.835302094941305
5718096666.67,-44.74941591657971
5723095000.0,-44.73207208046864
5728093333.33,-44.729483010161466
5733091666.67,-44.66708673584462
5738090000.0,-44.686107472965745
5743088333.33,-44.68000064791206
5748086666.67,-44.707001937935615
5753085000.0,-44.709572593238214
5758083333.33,-44.63132059861842
5763081666.67,-44.76428319921758
5768080000.0,-44.67298513501773
5773078333.33,-44.740804306041554
5778076666.67,-44.79574416353099
5783075000.0,-44.70860093411656
5788073333.33,-44.75415228525413
5793071666.67,-44.63328177008619
5798070000.0,-44.73612910860835
5803068333.33,-44.68180206520236
5808066666.67,-44.70059824061465
5813065000.0,-44.80965839976797
5818063333.33,-44.66626436174977
5823061666.67,-44.864887470517516
5828060000.0,-44.83384637751183
5833058333.33,-44.96220943453121
5838056666.67,-45.015973093879104
5843055000.0,-45.015650609533175
5848053333.33,-45.14962189973446
5853051666.67,-45.10856940707775
5858050000.0,-45.105986802631605
5863048333.33,-45.29032933774086
5868046666.67,-45.10304432242336
5873045000.0,-45.17348593428003
5878043333.33,-45.23243987525908
5883041666.67,-45.22658173247274
5888040000.0,-45.11092125731611
5893038333.33,-45.15400201538661
5898036666.67,-45.13251381203639
5903035000.0,-45.1031556682055
5908033333.33,-45.16373102770654
5913031666.67,-45.20228094460418
5918030000.0,-45.1273875279502
5923028333.33,-45.28404300500405
5928026666.67,-45.223302569614646
5933025000.0,-45.28937576592841
5938023333.33,-45.31992209268069
5943021666.67,-45.39660520505834
5948020000.0,-45.34937230115859
5953018333.33,-45.41439595428482
5958016666.67,-45.378620732922535
5963015000.0,-45.341213726681744
5968013333.33,-45.33612951476342
5973011666.67,-45.3792329873768
5978010000.0,-45.293861221933824
5983008333.33,-45.493441084800324
5988006666.67,-45.249794423854624
5993005000.0,-45.436607326971206
5998003333.33,-45.23955637013714
6003001666.67,-45.27204100110961
6008000000.0,-45.35292015275307
6012998333.33,-45.31557176674657
6017996666.67,-45.33842909364739
6022995000.0,-45.39741257179088
6027993333.33,-45.383195425323855
6032991666.67,-45.389413533965396
6037990000.0,-45.29665399668298
6042988333.33,-45.364755642125075
6047986666.67,-45.33017469500586
6052985000.0,-45.28089281082938
6057983333.33,-45.21024759551782
6062981666.67,-45.1909084556973
6067980000.0,-45.11640421742954
6072978333.33,-45.23664688952642
6077976666.67,-45.218011095673006
6082975000.0,-45.292509196562776
6087973333.33,-45.28149097537647
6092971666.67,-45.416752098195765
6097970000.0,-45.43474651634794
6102968333.33,-45.385543257527345
6107966666.67,-45.5188332969275
6112965000.0,-45.61943480466137
6117963333.33,-45.46819589546999
6122961666.67,-45.620212771929204
6127960000.0,-45.57441181990114
6132958333.33,-45.82697894685735
6137956666.67,-45.670712669668774
6142955000.0,-45.744405259658265
6147953333.33,-45.740312187417956
6152951666.67,-45.83217817123501
6157950000.0,-45.853391887446485
6162948333.33,-45.933463651851454
6167946666.67,-45.89868688878788
6172945000.0,-45.98663710070518
6177943333.33,-46.01574542959189
6182941666.67,-46.0238488441406
6187940000.0,-46.11181976528458
6192938333.33,-46.041443892329625
6197936666.67,-46.05401586369726
6202935000.0,-46.150015863280636
6207933333.33,-46.023464231728596
6212931666.67,-46.00293613065449
6217930000.0,-45.94645983354332
6222928333.33,-45.92921866281984
6227926666.67,-45.83021634913511
6232925000.0,-45.87362723574231
6237923333.33,-45.74409267928162
6242921666.67,-45.76143951774415
6247920000.0,-45.76829016692038
6252918333.33,-45.87914394342921
6257916666.67,-45.79154320937242
6262915000.0,-45.975871407225604
6267913333.33,-45.8858904907179
6272911666.67,-45.87807538986381
6277910000.0,-46.070218299104056
6282908333.33,-45.9985174415931
6287906666.67,-45.98243546016815
6292905000.0,-46.05494868327689
6297903333.33,-46.06997632377212
6302901666.67,-46.12769500944003
6307900000.0,-46.07081265845846
6312898333.33,-46.018460746256444
6317896666.67,-46.08050956902569
6322895000.0,-46.159767695314514
6327893333.33,-46.188863825389205
6332891666.67,-46.24342716889438
6337890000.0,-46.33302108285653
6342888333.33,-46.31704133264741
6347886666.67,-46.30849790691318
6352885000.0,-46.517072491410694
6357883333.33,-46.3552542742569
6362881666.67,-46.438309513237684
6367880000.0,-46.548070520853024
6372878333.33,-46.51818077854458
6377876666.67,-46.488627962186996
6382875000.0,-46.48971776149396
6387873333.33,-46.59737158629541
6392871666.67,-46.305453637308545
6397870000.0,-46.34862513401518
6402868333.33,-46.37824855130529
6407866666.67,-46.25110336143432
6412865000.0,-46.477104312365555
6417863333.33,-46.2222988796089
6422861666.67,-46.24672609074854
6427860000.0,-46.27743503394424
6432858333.33,-46.439056629805435
6437856666.67,-46.36664048647137
6442855000.0,-46.41717251449158
6447853333.33,-46.43980331487528
6452851666.67,-46.4652813114433
6457850000.0,-46.41967896183165
6462848333.33,-46.42329668813304
6467846666.67,-46.47152228962439
6472845000.0,-46.41583155266086
6477843333.33,-46.44381557351921
6482841666.67,-46.414402480297355
6487840000.0,-46.372315050174024
6492838333.33,-46.36641263509467
6497836666.67,-46.486503526216715
6502835000.0,-46.42118599162604
6507833333.33,-46.541007234780814
6512831666.67,-46.61506529876518
6517830000.0,-46.65907887612402
6522828333.33,-46.712215774154004
6527826666.67,-46.89011012779294
6532825000.0,-46.96118155784742
6537823333.33,-46.94988462207217
6542821666.67,-46.948042589713296
6547820000.0,-46.94383200221946
6552818333.33,-46.82232326595148
6557816666.67,-46.84846191330032
6562815000.0,-46.83200577827819
6567813333.33,-46.74248357559097
6572811666.67,-46.733205439350684
6577810000.0,-46.75846755351265
6582808333.33,-46.72212122934367
6587806666.67,-46.72660277898882
6592805000.0,-46.83073088178272
6597803333.33,-46.838098869242216
6602801666.67,-46.71924180794828
6607800000.0,-46.79546393324337
6612798333.33,-46.92465181116405
6617796666.67,-46.901379121207015
6622795000.0,-46.940543993926326
6627793333.33,-47.06272242660014
6632791666.67,-47.01577389914753
6637790000.0,-46.89290495953833
6642788333.33,-47.0370218142444
6647786666.67,-46.88908035365266
6652785000.0,-46.893927092395494
6657783333.33,-46.819832841111676
6662781666.67,-46.66298336579096
6667780000.0,-46.680017501590534
6672778333.33,-46.647103872123154
6677776666.67,-46.718128247939454
6682775000.0,-46.678134773266066
6687773333.33,-46.73913698777068
6692771666.67,-46.8873452131751
6697770000.0,-46.746306434663445
6702768333.33,-46.89718114044893
6707766666.67,-46.87776325066576
6712765000.0,-46.89354593436401
6717763333.33,-46.898765173830206
6722761666.67,-46.93788159293299
6727760000.0,-46.89855759276027
6732758333.33,-46.77018570547834
6737756666.67,-46.74235920435716
6742755000.0,-46.63869040988702
6747753333.33,-46.750097875867
6752751666.67,-46.716840786566024
6757750000.0,-46.67394638172642
6762748333.33,-46.68037784619326
6767746666.67,-46.65750201326767
6772745000.0,-46.82662054483541
6777743333.33,-46.75144335992727
6782741666.67,-46.75179379711973
6787740000.0,-46.90549312113617
6792738333.33,-46.897170012622766
6797736666.67,-47.01295638257954
6802735000.0,-47.11920649458604
6807733333.33,-46.955949413883296
6812731666.67,-46.89197862089551
6817730000.0,-47.017061052075924
6822728333.33,-47.05307208977773
6827726666.67,-46.97052216028194
6832725000.0,-47.098647361541495
6837723333.33,-47.0351609830938
6842721666.67,-47.07109013795807
6847720000.0,-47.19341391785672
6852718333.33,-47.11936474799546
6857716666.67,-47.262430304090515
6862715000.0,-47.2333243677085
6867713333.33,-47.34557609146739
6872711666.67,-47.37889000476399
6877710000.0,-47.359423902469175
6882708333.33,-47.36190590484264
6887706666.67,-47.4566336057471
6892705000.0,-47.35938868092176
6897703333.33,-47.291141836348096
6902701666.67,-47.216510072345216
6907700000.0,-47.15306463518075
6912698333.33,-47.058080401041494
6917696666.67,-46.97082583994706
6922695000.0,-46.894364887130294
6927693333.33,-46.85748917166977
6932691666.67,-47.01607346354773
6937690000.0,-46.852238019070825
6942688333.33,-46.93269880609941
6947686666.67,-46.957702502061274
6952685000.0,-46.86831048022097
6957683333.33,-46.842653889679376
6962681666.67,-46.97865946112189
6967680000.0,-46.90780345417696
6972678333.33,-46.89761781035271
6977676666.67,-46.83812736654617
6982675000.0,-46.8895982781703
6987673333.33,-46.862967057981336
6992671666.67,-46.70181730805359
6997670000.0,-46.859131245565564
7002668333.33,-46.77327432639853
7007666666.67,-46.81485913219767
7012665000.0,-46.72424978759467
7017663333.33,-46.87091494377151
7022661666.67,-46.92717257183909
7027660000.0,-47.074100383222806
7032658333.33,-47.065806915833065
7037656666.67,-47.30766629392001
7042655000.0,-47.273633944087905
7047653333.33,-47.30472768120562
7052651666.67,-47.416592585903636
7057650000.0,-47.44111936368779
7062648333.33,-47.41484636912071
7067646666.67,-47.46420000354435
7072645000.0,-47.49894521429497
7077643333.33,-47.513616874782024
7082641666.67,-47.35111645750126
7087640000.0,-47.359189325492906
7092638333.33,-47.35054712352151
7097636666.67,-47.36857219112856
7102635000.0,-47.26208929928347
7107633333.33,-47.40132060054685
7112631666.67,-47.39837433454952
7117630000.0,-47.437473422568466
7122628333.33,-47.4281067318934
7127626666.67,-47.56266228478657
7132625000.0,-47.481485840744156
7137623333.33,-47.50205814979621
7142621666.67,-47.4377819921206
7147620000.0,-47.57662161144496
7152618333.33,-47.39400621582043
7157616666.67,-47.419450432104064
7162615000.0,-47.439264469649665
7167613333.33,-47.449070130328295
7172611666.67,-47.49468254694362
7177610000.0,-47.3900185096596
7182608333.33,-47.35978349221305
7187606666.67,-47.511428002787426
7192605000.0,-47.47637765214526
7197603333.33,-47.59081287406193
7202601666.67,-47.4360509359936
7207600000.0,-47.83818291987765
7212598333.33,-47.58686502854467
7217596666.67,-47.73872816060173
7222595000.0,-47.72505960088751
7227593333.33,-47.76946198468701
7232591666.67,-47.89910855458296
7237590000.0,-47.72271565362452
7242588333.33,-47.7601635494122
7247586666.67,-47.64480616543569
7252585000.0,-47.39495750239633
7257583333.33,-47.58073867555937
7262581666.67,-47.45363173883202
7267580000.0,-47.49663598709979
7272578333.33,-47.617590632047126
7277576666.67,-47.541254436007804
7282575000.0,-47.76639494865368
7287573333.33,-47.668145792532854
7292571666.67,-47.65964892108437
7297570000.0,-48.073010397130425
7302568333.33,-48.12641639441422
7307566666.67,-48.03822811138155
7312565000.0,-48.025285224608666
7317563333.33,-48.07664174132411
7322561666.67,-48.02806300831173
7327560000.0,-48.03178891689514
7332558333.33,-48.051510484542376
7337556666.67,-47.94670976772527
7342555000.0,-47.88583638858327
7347553333.33,-47.65821074569396
7352551666.67,-47.81005832488869
7357550000.0,-47.80391115700983
7362548333.33,-47.707478980412716
7367546666.67,-47.77477907647355
7372545000.0,-47.81961082802104
7377543333.33,-47.92230478098108
7382541666.67,-48.00005052154435
7387540000.0,-48.02736710372465
7392538333.33,-47.98212754418849
7397536666.67,-48.07077748183317
7402535000.0,-48.12561961693518
7407533333.33,-48.181277740651126
7412531666.67,-48.04862334161932
7417530000.0,-48.15632501475481
7422528333.33,-47.87877749885146
7427526666.67,-47.84200637434478
7432525000.0,-47.812752694749875
7437523333.33,-47.612337872882186
7442521666.67,-47.62310661623263
7447520000.0,-47.62881368424757
7452518333.33,-47.646173811164886
7457516666.67,-47.667788188696974
7462515000.0,-47.62123637161349
7467513333.33,-47.712264238461174
7472511666.67,-47.97398582662515
7477510000.0,-48.02282421190911
7482508333.33,-48.048801970652576
7487506666.67,-48.215197213103764
7492505000.0,-48.32071354326159
7497503333.33,-48.17735356218452
7502501666.67,-48.345426137772535
7507500000.0,-48.3086415951242
7512498333.33,-48.21779297840516
7517496666.67,-48.27608390415921
7522495000.0,-48.299973426754505
7527493333.33,-48.29011192543567
7532491666.67,-48.15325981562114
7537490000.0,-48.2802081439044
7542488333.33,-48.20630082731827
7547486666.67,-48.29507900500208
7552485000.0,-48.44333829401659
7557483333.33,-48.313606349547214
7562481666.67,-48.490658221093064
7567480000.0,-48.56229237473025
7572478333.33,-48.41166279836833
7577476666.67,-48.735511626588945
7582475000.0,-48.50184151954729
7587473333.33,-48.589837045743174
7592471666.67,-48.4223100584935
7597470000.0,-48.51162858397083
7602468333.33,-48.37683871693835
7607466666.67,-48.08320735961537
7612465000.0,-48.25821005300695
7617463333.33,-48.07515973176961
7622461666.67,-47.970492999777235
7627460000.0,-48.078709743626476
7632458333.33,-47.97026995760127
7637456666.67,-48.063567536459985
7642455000.0,-48.042834652426706
7647453333.33,-48.09921868615777
7652451666.67,-48.086960008109685
7657450000.0,-48.14769711824937
7662448333.33,-48.000680418989326
7667446666.67,-47.90786196576286
7672445000.0,-47.95986547615
7677443333.33,-47.822541046758616
7682441666.67,-47.79294673129198
7687440000.0,-47.58425615718353
7692438333.33,-47.54567543667874
7697436666.67,-47.4591863020043
7702435000.0,-47.27472493169799
7707433333.33,-47.44851439142492
7712431666.67,-47.50452826703834
7717430000.0,-47.43213019908397
7722428333.33,-47.473824191216494
7727426666.67,-47.60789523830511
7732425000.0,-47.644759234755554
7737423333.33,-47.710207863915
7742421666.67,-47.75060803506149
7747420000.0,-47.86593033464041
7752418333.33,-48.05022227108927
7757416666.67,-48.191952660794925
7762415000.0,-48.22371338477291
7767413333.33,-48.16060879128938
7772411666.67,-48.15941383521461
7777410000.0,-48.12255104618629
7782408333.33,-48.133031888335005
7787406666.67,-48.069847617343044
7792405000.0,-48.18496478178333
7797403333.33,-48.14802758681815
7802401666.67,-48.373842799001466
7807400000.0,-48.409266573395584
7812398333.33,-48.66196512505698
7817396666.67,-48.77553054947399
7822395000.0,-48.83668570913889
7827393333.33,-48.80061218624702
7832391666.67,-49.037788434545845
7837390000.0,-49.05035212534561
7842388333.33,-48.88353910237151
7847386666.67,-48.98890574419097
7852385000.0,-48.99428851564604
7857383333.33,-48.82714727586623
7862381666.67,-48.85332119999957
7867380000.0,-48.788105159271964
7872378333.33,-48.64409619877137
7877376666.67,-48.53476325516836
7882375000.0,-48.651862064318195
7887373333.33,-48.32134863132116
7892371666.67,-48.52622845714602
7897370000.0,-48.36587282817922
7902368333.33,-48.38736340893309
7907366666.67,-48.5321959258065
7912365000.0,-48.42921621080704
7917363333.33,-48.60654500259486
7922361666.67,-48.47016281335267
7927360000.0,-48.5483075402335
7932358333.33,-48.52890719644768
7937356666.67,-48.419490518897234
7942355000.0,-48.41217482902594
7947353333.33,-48.360517786503856
7952351666.67,-48.31260737717709
7957350000.0,-48.43681882949699
7962348333.33,-48.36506712067197
7967346666.67,-48.305422348459274
7972345000.0,-48.345044997260295
7977343333.33,-48.18968699341902
7982341666.67,-48.42912114699142
7987340000.0,-48.54873164394988
7992338333.33,-48.515758781295865
7997336666.67,-48.575080816262314
8002335000.0,-48.47733102125758
8007333333.33,-48.54522705803997
8012331666.67,-48.63516759071659
8017330000.0,-48.37690339264154
8022328333.33,-48.479414212985404
8027326666.67,-48.506948311309216
8032325000.0,-48.582978288625604
8037323333.33,-48.65941182359401
8042321666.67,-48.47827364809209
8047320000.0,-48.618749310362915
8052318333.33,-48.44658240124835
8057316666.67,-48.76185621520083
8062315000.0,-48.865069086946036
8067313333.33,-48.86234743693038
8072311666.67,-48.99463160251793
8077310000.0,-49.2682555544057
8082308333.33,-49.27039797454714
8087306666.67,-49.27081067708034
8092305000.0,-49.364158632075224
8097303333.33,-49.533953186235834
8102301666.67,-49.60863520388536
8107300000.0,-49.4859665459813
8112298333.33,-49.39171280698063
8117296666.67,-49.43468130319215
8122295000.0,-49.358758608980686
8127293333.33,-49.60287348538365
8132291666.67,-49.540220682156296
8137290000.0,-49.397349032545925
8142288333.33,-49.58389338727959
8147286666.67,-49.492256947732685
8152285000.0,-49.79856221436866
8157283333.33,-49.64765972947405
8162281666.67,-49.92862795391289
8167280000.0,-49.71599372085432
8172278333.33,-50.05913951985663
8177276666.67,-49.83741740790225
8182275000.0,-49.68821331503753
8187273333.33,-49.853869941554585
8192271666.67,-49.86861021414727
8197270000.0,-49.581547379650424
8202268333.33,-49.56432041161408
8207266666.67,-49.418814708771365
8212265000.0,-49.79379189185218
8217263333.33,-49.38417210583894
8222261666.67,-49.62170691696143
8227260000.0,-49.92228660773221
8232258333.33,-49.73659152365094
8237256666.67,-49.88152413311467
8242255000.0,-49.9533117037472
8247253333.33,-50.24096260837751
8252251666.67,-50.26812592723456
8257250000.0,-50.24425976431406
8262248333.33,-50.4156274099314
8267246666.67,-50.32328028251872
8272245000.0,-50.04806710698398
8277243333.33,-50.18812179363191
8282241666.67,-49.94606965409051
8287240000.0,-50.00093064151599
8292238333.33,-49.94858408048916
8297236666.67,-49.759913288058826
8302235000.0,-49.65878342524186
8307233333.33,-49.7793107889591
8312231666.67,-49.67460997933497
8317230000.0,-49.719424225990416
8322228333.33,-49.94343876090535
8327226666.67,-49.86292308730845
8332225000.0,-50.05075677120911
8337223333.33,-50.22324509749885
8342221666.67,-50.28691198391329
8347220000.0,-50.30008613419688
8352218333.33,-50.26848951086559
8357216666.67,-50.153223323020455
8362215000.0,-50.21556624709621
8367213333.33,-50.28433841460177
8372211666.67,-50.239321894059984
8377210000.0,-50.14892104157049
8382208333.33,-50.08644211813795
8387206666.67,-50.04797579990222
8392205000.0,-49.88562072803468
8397203333.33,-49.93747514058459
8402201666.67,-50.07452541914164
8407200000.0,-49.983337103207745
8412198333.33,-50.06215300831991
8417196666.67,-50.27325498909566
8422195000.0,-50.406407121732855
8427193333.33,-50.33018312875339
8432191666.67,-50.827298338719835
8437190000.0,-50.446313348370325
8442188333.33,-50.52107491098723
8447186666.67,-50.66043304014828
8452185000.0,-50.50440159601643
8457183333.33,-50.51842486309858
8462181666.67,-50.63290935181331
8467180000.0,-50.41864981138345
8472178333.33,-50.51224838764079
8477176666.67,-50.22966243672612
8482175000.0,-50.494154197121794
8487173333.33,-50.34853754858898
8492171666.67,-50.59609781830267
8497170000.0,-50.55069210253744
8502168333.33,-50.59034461326095
8507166666.67,-50.74663408609328
8512165000.0,-50.808810448709636
8517163333.33,-51.17157336865346
8522161666.67,-50.858113313673655
8527160000.0,-50.749641207323265
8532158333.33,-50.881092239289565
8537156666.67,-50.81503064734673
8542155000.0,-51.084612120362074
8547153333.33,-50.65963837483218
8552151666.67,-50.61765056696987
8557150000.0,-50.4697687349151
8562148333.33,-50.44420690562025
8567146666.67,-50.36260881049925
8572145000.0,-50.45163223658698
8577143333.33,-50.58808135445509
8582141666.67,-50.581059029707745
8587140000.0,-50.646765759417804
8592138333.33,-50.73078718322
8597136666.67,-50.73164445424602
8602135000.0,-50.69349861458376
8607133333.33,-50.78749063446097
8612131666.67,-50.49246815188937
8617130000.0,-50.69529872345171
8622128333.33,-50.51636927883396
8627126666.67,-50.30976510949693
8632125000.0,-50.12568939870241
8637123333.33,-50.13219614130519
8642121666.67,-50.02017049041575
8647120000.0,-49.91603307160524
8652118333.33,-50.09498919634903
8657116666.67,-50.075886489963935
8662115000.0,-50.37041643078217
8667113333.33,-50.31343895166623
8672111666.67,-50.623869294993554
8677110000.0,-50.65320464709298
8682108333.33,-50.877781869976
8687106666.67,-50.96928625036128
8692105000.0,-51.04670424227529
8697103333.33,-51.470148505285415
8702101666.67,-51.329195793169475
8707100000.0,-51.374939634269566
8712098333.33,-51.06102751422601
8717096666.67,-51.10390146731572
8722095000.0,-50.92125996368711
8727093333.33,-50.53127300514224
8732091666.67,-50.64571052074986
8737090000.0,-50.46331378969877
8742088333.33,-50.340954845759086
8747086666.67,-50.405440917831754
8752085000.0,-50.176789332079096
8757083333.33,-50.443690521089486
8762081666.67,-50.49824863285258
8767080000.0,-50.62879803836169
8772078333.33,-50.67649189865172
8777076666.67,-50.96197157024578
8782075000.0,-50.80119534367022
8787073333.33,-51.20689056723045
8792071666.67,-51.34601709600223
8797070000.0,-51.375919399722186
8802068333.33,-51.18822828921029
8807066666.67,-51.33696137133203
8812065000.0,-51.08663062714186
8817063333.33,-50.86865074116513
8822061666.67,-50.981606000041694
8827060000.0,-50.70337923402828
8832058333.33,-50.90435338083081
8837056666.67,-50.952538423984784
8842055000.0,-50.945684030909575
8847053333.33,-50.88687094218156
8852051666.67,-50.96811007715736
8857050000.0,-51.10425898519608
8862048333.33,-51.2316493758651
8867046666.67,-51.350172922732646
8872045000.0,-51.34683685975944
8877043333.33,-51.39221574651529
8882041666.67,-51.33582095138662
8887040000.0,-51.50779652379222
8892038333.33,-51.49981265497307
8897036666.67,-51.53747334386494
8902035000.0,-51.423997923345475
8907033333.33,-51.28346812563281
8912031666.67,-51.03059619316231
8917030000.0,-51.07749036759338
8922028333.33,-51.28123586961401
8927026666.67,-50.958549469966805
8932025000.0,-51.39410802049416
8937023333.33,-51.19694688851784
8942021666.67,-51.33797538404674
8947020000.0,-51.33144561321065
8952018333.33,-51.34325112507223
8957016666.67,-51.345646822952176
8962015000.0,-51.678453590719684
8967013333.33,-51.41370707458594
8972011666.67,-51.74410705639894
8977010000.0,-51.55930582983355
8982008333.33,-51.60690631201213
8987006666.67,-51.61894204584716
8992005000.0,-51.577334651561664
8997003333.33,-51.438844884918
9002001666.67,-51.58604347479525
9007000000.0,-51.39761714773865
9011998333.33,-51.56907932102963
9016996666.67,-51.68643061259745
9021995000.0,-51.57517696906414
9026993333.33,-51.53227971326551
9031991666.67,-51.61818575274401
9036990000.0,-51.67305346286648
9041988333.33,-51.76392301783902
9046986666.67,-51.7053643540002
9051985000.0,-51.730114501833654
9056983333.33,-51.5261548841621
9061981666.67,-51.566110796895515
9066980000.0,-51.2791284911108
9071978333.33,-51.3859555006393
9076976666.67,-51.1167262253403
9081975000.0,-51.26182940805171
9086973333.33,-51.159081766990795
9091971666.67,-51.21917046244637
9096970000.0,-51.1645951739566
9101968333.33,-51.29172679717817
9106966666.67,-51.45089095957317
9111965000.0,-51.63418994739835
9116963333.33,-51.680290780097664
9121961666.67,-51.81767191139977
9126960000.0,-52.023833503646685
9131958333.33,-51.95364880608
9136956666.67,-52.003463404504686
9141955000.0,-52.12178355698568
9146953333.33,-52.161130337178264
9151951666.67,-52.0514795703662
9156950000.0,-52.10091295037353
9161948333.33,-51.989564073624905
9166946666.67,-51.94945615359653
9171945000.0,-52.093304323102586
9176943333.33,-51.916321732915776
9181941666.67,-51.97807753446774
9186940000.0,-52.112565496852795
9191938333.33,-52.249394789829935
9196936666.67,-52.42817077093654
9201935000.0,-52.49039498729865
9206933333.33,-52.45553725392638
9211931666.67,-52.58889880959076
9216930000.0,-52.61076523649702
9221928333.33,-52.50800955443627
9226926666.67,-52.54611224836188
9231925000.0,-52.55999912472297
9236923333.33,-52.30717716529344
9241921666.67,-52.23036647521611
9246920000.0,-52.20256563860188
9251918333.33,-52.30758608122333
9256916666.67,-51.99926635303746
9261915000.0,-52.18356980293451
9266913333.33,-52.03244243306618
9271911666.67,-52.20634832986002
9276910000.0,-52.112288564534275
9281908333.33,-52.14620442821703
9286906666.67,-52.175030326560616
9291905000.0,-52.31270798322583
9296903333.33,-52.3138485896904
9301901666.67,-52.302994683867084
9306900000.0,-52.45406578960164
9311898333.33,-52.14881264257765
9316896666.67,-52.19145854007773
9321895000.0,-51.75292913527112
9326893333.33,-52.02494325840719
9331891666.67,-51.58815963644757
9336890000.0,-51.539671164575154
9341888333.33,-51.65562838514809
9346886666.67,-51.819635720913396
9351885000.0,-51.612655263531636
9356883333.33,-51.57593177729295
9361881666.67,-51.65638376112852
9366880000.0,-51.878510665913026
9371878333.33,-51.65351065619045
9376876666.67,-51.75155227192765
9381875000.0,-52.024046016398756
9386873333.33,-52.03084050595463
9391871666.67,-51.872043987135726
9396870000.0,-52.143067399387526
9401868333.33,-52.0906745361974
9406866666.67,-51.82370855409893
9411865000.0,-52.04420006386188
9416863333.33,-51.685146913991645
9421861666.67,-51.909343998069374
9426860000.0,-51.98840027489949
9431858333.33,-51.81592634778643
9436856666.67,-51.849587306703825
9441855000.0,-52.09292549243432
9446853333.33,-52.04633133251771
9451851666.67,-52.49691296707578
9456850000.0,-52.4187097229236
9461848333.33,-52.571221962112666
9466846666.67,-52.58444845972235
9471845000.0,-52.418861352684914
9476843333.33,-52.6820511301203
9481841666.67,-52.696559894669434
9486840000.0,-52.60402467213837
9491838333.33,-52.74697410649304
9496836666.67,-52.15967516276004
9501835000.0,-52.381556626082386
9506833333.33,-52.05207213131508
9511831666.67,-51.99858426143771
9516830000.0,-52.080385235672146
9521828333.33,-52.0164879557371
9526826666.67,-52.11214856306776
9531825000.0,-52.27448652900814
9536823333.33,-51.98794656833864
9541821666.67,-52.08718856808672
9546820000.0,-52.249664467508275
9551818333.33,-52.168279106096875
9556816666.67,-52.42226716169617
9561815000.0,-52.404387230517656
9566813333.33,-52.48585555467074
9571811666.67,-52.09284261329799
9576810000.0,-52.21764826447782
9581808333.33,-52.07605626076489
9586806666.67,-52.24846930433662
9591805000.0,-51.697318997345064
9596803333.33,-51.600995233192286
9601801666.67,-51.68502583577073
9606800000.0,-51.51689137688213
9611798333.33,-51.82104714600689
9616796666.67,-51.77245577421929
9621795000.0,-51.608330936088365
9626793333.33,-51.938049846637206
9631791666.67,-51.96753637766055
9636790000.0,-52.038810328621345
9641788333.33,-51.930951083455746
9646786666.67,-52.21761520990676
9651785000.0,-51.76985950316147
9656783333.33,-51.96827990842639
9661781666.67,-52.01557920838511
9666780000.0,-52.016521760246064
9671778333.33,-51.87448673454586
9676776666.67,-51.605001778240165
9681775000.0,-51.666529862073666
9686773333.33,-51.23690200709255
9691771666.67,-51.45192906034612
9696770000.0,-51.31505420712675
9701768333.33,-51.529153193755974
9706766666.67,-51.83645788720068
9711765000.0,-52.01434468553178
9716763333.33,-51.958248820163845
9721761666.67,-52.30419324650093
9726760000.0,-52.40711231972065
9731758333.33,-52.65309511415185
9736756666.67,-52.5291563261295
9741755000.0,-52.502259084328045
9746753333.33,-52.31294099847918
9751751666.67,-52.519402011593996
9756750000.0,-52.57256047175097
9761748333.33,-52.18935221305788
9766746666.67,-52.2976003647657
9771745000.0,-52.06470176118289
9776743333.33,-51.94635582779626
9781741666.67,-52.12304284045718
9786740000.0,-51.91872544988526
9791738333.33,-52.01557517761116
9796736666.67,-51.91233763721342
9801735000.0,-52.07282535206856
9806733333.33,-52.40915348962834
9811731666.67,-52.403964270952486
9816730000.0,-52.627874199496254
9821728333.33,-52.56301400161027
9826726666.67,-52.394034931386344
9831725000.0,-52.637148791173765
9836723333.33,-52.82017476952212
9841721666.67,-52.527011337551286
9846720000.0,-52.5630797010184
9851718333.33,-52.41624147469213
9856716666.67,-52.35232744310221
9861715000.0,-52.37482792990306
9866713333.33,-52.319710019835355
9871711666.67,-52.095150261555496
9876710000.0,-52.09374026099469
9881708333.33,-52.14911671161987
9886706666.67,-52.21428126498757
9891705000.0,-52.27112860947738
9896703333.33,-52.55432151684333
9901701666.67,-52.842962312703406
9906700000.0,-52.91174855459993
9911698333.33,-52.888457680412564
9916696666.67,-52.79257246058681
9921695000.0,-52.87231484815234
9926693333.33,-52.84824935361321
9931691666.67,-52.64458240263761
9936690000.0,-52.7183054264633
9941688333.33,-52.5488267597315
9946686666.67,-52.77775180643929
9951685000.0,-52.661984508886775
9956683333.33,-52.61902946938597
9961681666.67,-52.709447033921826
9966680000.0,-52.7357806684353
9971678333.33,-52.66191315885628
9976676666.67,-52.69143048862552
9981675000.0,-52.7639716652675
9986673333.33,-53.01368716566473
9991671666.67,-52.79328926628765
9996670000.0,-52.975574143504936
10001668333.3,-53.023015633102794
10006666666.7,-53.02680754919133
10011665000.0,-52.79419721025174
10016663333.3,-52.53896394291516
10021661666.7,-52.80230468304934
10026660000.0,-52.58074819146081
10031658333.3,-52.530124048088126
10036656666.7,-52.94769047864719
10041655000.0,-52.53967111083859
10046653333.3,-52.81426344159523
10051651666.7,-52.69519930145238
10056650000.0,-52.842502698182265
10061648333.3,-52.77259856595981
10066646666.7,-53.1717152008592
10071645000.0,-53.16841951907265
10076643333.3,-53.33004112437105
10081641666.7,-53.11875047285588
10086640000.0,-53.19013945255645
10091638333.3,-52.857453418212785
10096636666.7,-53.03736679921511
10101635000.0,-52.915421070364786
10106633333.3,-53.01912536323714
10111631666.7,-52.88509587121531
10116630000.0,-52.816114872848786
10121628333.3,-52.56961819758412
10126626666.7,-52.880050524598076
10131625000.0,-52.98892783782606
10136623333.3,-53.25768932556865
10141621666.7,-53.28322838651394
10146620000.0,-53.44908975814704
10151618333.3,-53.593085421376394
10156616666.7,-53.919096839498536
10161615000.0,-53.80210615969599
10166613333.3,-53.90804155422896
10171611666.7,-54.05965792966556
10176610000.0,-53.77115925192463
10181608333.3,-54.007413960629236
10186606666.7,-53.90497822213659
10191605000.0,-53.79446254889703
10196603333.3,-53.56737717604118
10201601666.7,-53.196292249237004
10206600000.0,-53.2273780563592
10211598333.3,-53.3195496475816
10216596666.7,-53.166004421973874
10221595000.0,-53.19642495655606
10226593333.3,-53.084947675420835
10231591666.7,-53.252449754134396
10236590000.0,-53.07726746706629
10241588333.3,-53.44753884358645
10246586666.7,-53.263629588952135
10251585000.0,-53.3363496434078
10256583333.3,-53.15557980950831
10261581666.7,-53.525253717279426
10266580000.0,-53.31497593130762
10271578333.3,-53.10357443593731
10276576666.7,-53.23030537877549
10281575000.0,-53.16061784117007
10286573333.3,-53.0170755604107
10291571666.7,-53.12183120047406
10296570000.0,-52.96984238650058
10301568333.3,-53.207315719946216
10306566666.7,-53.32163524216929
10311565000.0,-53.39316953465209
10316563333.3,-53.31857512929109
10321561666.7,-53.55031005262954
10326560000.0,-53.598672761267366
10331558333.3,-53.71941569294269
10336556666.7,-53.43530006719061
10341555000.0,-53.23715549521176
10346553333.3,-53.65865791694654
10351551666.7,-53.44985661496136
10356550000.0,-53.65181313985775
10361548333.3,-53.3679759360465
10366546666.7,-53.418358664846544
10371545000.0,-53.358362250391956
10376543333.3,-53.29464504105199
10381541666.7,-53.31875417742683
10386540000.0,-53.143914632603924
10391538333.3,-53.24445388493611
10396536666.7,-53.23530322999791
10401535000.0,-53.21981441580302
10406533333.3,-53.36440516010186
10411531666.7,-53.34438397698862
10416530000.0,-53.319450696546184
10421528333.3,-53.60609417234373
10426526666.7,-53.18455224605511
10431525000.0,-53.57317088891703
10436523333.3,-53.38432746709092
10441521666.7,-53.5351391593801
10446520000.0,-53.64571433358326
10451518333.3,-53.416942540597965
10456516666.7,-53.48096357472392
10461515000.0,-53.63458248069536
10466513333.3,-53.69195588526143
10471511666.7,-53.430029292323894
10476510000.0,-53.27355891215816
10481508333.3,-53.56703487055451
10486506666.7,-53.95950531520954
10491505000.0,-53.7017128318748
10496503333.3,-54.00764636851828
10501501666.7,-53.991778707556
10506500000.0,-53.89862436001838
10511498333.3,-53.98028914733416
10516496666.7,-53.65227776652504
10521495000.0,-53.94722259656972
10526493333.3,-53.806678956959445
10531491666.7,-53.73433598092379
10536490000.0,-53.66923046505221
10541488333.3,-53.41302274449763
10546486666.7,-53.4797245869786
10551485000.0,-53.49503515006656
10556483333.3,-53.54162679808845
10561481666.7,-53.5710492310016
10566480000.0,-53.52048505951924
10571478333.3,-53.58399586190919
10576476666.7,-53.776592174615054
10581475000.0,-53.88663537607033
10586473333.3,-53.90147442891386
10591471666.7,-54.03819627204281
10596470000.0,-54.19402270639695
10601468333.3,-54.158031897405024
10606466666.7,-53.95204872634135
10611465000.0,-53.764036645863236
10616463333.3,-53.79900929715478
10621461666.7,-53.88754724840326
10626460000.0,-53.76786320875557
10631458333.3,-53.68044512096653
10636456666.7,-53.5287501004553
10641455000.0,-53.56451898443075
10646453333.3,-53.76278321080781
10651451666.7,-53.71594752395354
10656450000.0,-53.61975298023769
10661448333.3,-54.12154173001756
10666446666.7,-54.201656168682355
10671445000.0,-54.37206993762902
10676443333.3,-54.00519355457238
10681441666.7,-54.25409443420265
10686440000.0,-54.132683097891665
10691438333.3,-53.959205065901244
10696436666.7,-54.13005753638919
10701435000.0,-54.012108902456276
10706433333.3,-53.984599693038106
10711431666.7,-53.53888445291268
10716430000.0,-53.62891976135341
10721428333.3,-53.462341343463
10726426666.7,-53.482378805097326
10731425000.0,-53.548462859724296
10736423333.3,-53.709229408882905
10741421666.7,-53.936421000916546
10746420000.0,-54.06816119030469
10751418333.3,-54.067049736329935
10756416666.7,-54.24995701752706
10761415000.0,-54.119204217396124
10766413333.3,-54.716059862619645
10771411666.7,-54.45030306405648
10776410000.0,-54.565884524950754
10781408333.3,-54.61343164502186
10786406666.7,-54.65249536643046
10791405000.0,-54.69988472071076
10796403333.3,-54.299506277983426
10801401666.7,-54.63637576834506
10806400000.0,-54.166140605762365
10811398333.3,-54.17854340933204
10816396666.7,-54.08533074631285
10821395000.0,-54.33222080343566
10826393333.3,-54.399941040722965
10831391666.7,-54.488718452803376
10836390000.0,-54.85812821991836
10841388333.3,-54.66444752742741
10846386666.7,-54.88954181966755
10851385000.0,-55.189290594271725
10856383333.3,-55.1123168584937
10861381666.7,-55.10437723712509
10866380000.0,-55.38454066921026
10871378333.3,-55.38361815713831
10876376666.7,-55.13041404534726
10881375000.0,-55.13593030865196
10886373333.3,-54.84075792712004
10891371666.7,-54.99521208462192
10896370000.0,-54.852782443184324
10901368333.3,-54.65087470392199
10906366666.7,-54.32025301982878
10911365000.0,-54.564360015460466
10916363333.3,-54.83472297146368
10921361666.7,-54.77339114532632
10926360000.0,-54.54969061650345
10931358333.3,-54.810423665332515
10936356666.7,-54.813623142325774
10941355000.0,-55.06420741208743
10946353333.3,-54.73470388787994
10951351666.7,-54.812152491852885
10956350000.0,-54.789776858957936
10961348333.3,-54.7557849893694
10966346666.7,-54.63165231865223
10971345000.0,-54.55787904509993
10976343333.3,-54.71273663301358
10981341666.7,-54.45829200330333
10986340000.0,-54.35704469893024
10991338333.3,-54.76751092772146
10996336666.7,-54.31254525389649
11001335000.0,-54.46495898962319
11006333333.3,-54.49008429555731
11011331666.7,-54.57277499292146
11016330000.0,-54.83935936907811
11021328333.3,-54.61620055280263
11026326666.7,-54.71072843634875
11031325000.0,-54.84405209363115
11036323333.3,-55.07969223956613
11041321666.7,-54.86701347971903
11046320000.0,-54.868657882164754
11051318333.3,-54.91422765797654
11056316666.7,-55.125531673491565
11061315000.0,-54.88804416738651
11066313333.3,-54.741122657667205
11071311666.7,-54.85848310997133
11076310000.0,-54.91686816356868
11081308333.3,-54.645367894172495
11086306666.7,-55.172295941434314
11091305000.0,-55.184018061992155
11096303333.3,-55.422360233331496
11101301666.7,-55.252631390443916
11106300000.0,-55.51407339604033
11111298333.3,-55.3995504148702
11116296666.7,-55.778524887887066
11121295000.0,-55.52500635730578
11126293333.3,-55.2971641165346
11131291666.7,-55.63974182166966
11136290000.0,-55.41572341355569
11141288333.3,-55.270377557392294
11146286666.7,-55.23905469902654
11151285000.0,-55.37296774136588
11156283333.3,-55.12703402573824
11161281666.7,-55.059485731199274
11166280000.0,-54.89902139276184
11171278333.3,-55.17246809201158
11176276666.7,-55.33959176581468
11181275000.0,-55.20950928208989
11186273333.3,-55.61148390535945
11191271666.7,-55.65577300419485
11196270000.0,-55.164556702669486
11201268333.3,-55.66763676781619
11206266666.7,-55.69587790867147
11211265000.0,-55.60747702103918
11216263333.3,-55.57352690740787
11221261666.7,-55.25988365650625
11226260000.0,-55.47417465677726
11231258333.3,-55.06109117055817
11236256666.7,-55.02789771397424
11241255000.0,-54.87685942784739
11246253333.3,-54.767305755052874
11251251666.7,-54.828983437816376
11256250000.0,-54.94730348634383
11261248333.3,-54.533547742133955
11266246666.7,-54.65504227974384
11271245000.0,-54.616113769735094
11276243333.3,-54.86617980842852
11281241666.7,-54.944190539692684
11286240000.0,-54.82321441157198
11291238333.3,-54.70906732987439
11296236666.7,-54.69708436839422
11301235000.0,-54.966101973273595
11306233333.3,-55.136680236683176
11311231666.7,-54.69153109358474
11316230000.0,-54.83728260822733
11321228333.3,-54.795334848783604
11326226666.7,-54.5068957064037
11331225000.0,-54.799073989053795
11336223333.3,-55.068948857358976
11341221666.7,-54.816173732691425
11346220000.0,-55.248726889387555
11351218333.3,-54.89352316479538
11356216666.7,-55.11735877183337
11361215000.0,-55.114780667726045
11366213333.3,-55.503230789244185
11371211666.7,-55.28934937118282
11376210000.0,-55.356701962130536
11381208333.3,-55.08232250381727
11386206666.7,-55.228223803325214
11391205000.0,-55.38648464231386
11396203333.3,-55.18387584684412
11401201666.7,-54.90578762499585
11406200000.0,-55.11062609909136
11411198333.3,-55.151116834314266
11416196666.7,-55.273985118362745
11421195000.0,-54.92813535533906
11426193333.3,-55.33525414959915
11431191666.7,-54.97412718509463
11436190000.0,-55.61891188056558
11441188333.3,-55.34374043515286
11446186666.7,-55.170876126353214
11451185000.0,-55.35034387597179
11456183333.3,-55.530542084142056
11461181666.7,-55.65263506108518
11466180000.0,-55.251099028820505
11471178333.3,-55.54791086156758
11476176666.7,-55.22400995046204
11481175000.0,-55.25893992400583
11486173333.3,-55.154298746387205
11491171666.7,-55.13577862807858
11496170000.0,-55.002071607342494
11501168333.3,-55.12005232812882
11506166666.7,-54.873947946640065
11511165000.0,-54.96513162610364
11516163333.3,-54.58617962208172
11521161666.7,-55.14575278365072
11526160000.0,-54.862249705228535
11531158333.3,-55.1451545432603
11536156666.7,-55.59471728592213
11541155000.0,-55.227785134858664
11546153333.3,-55.30204873013371
11551151666.7,-55.664024471753784
11556150000.0,-55.533599751299214
11561148333.3,-55.08885878943183
11566146666.7,-55.046522066704725
11571145000.0,-55.08317994409395
11576143333.3,-54.83065916140476
11581141666.7,-54.99698448946275
11586140000.0,-54.68185616857626
11591138333.3,-54.515819293679584
11596136666.7,-54.514640088766775
11601135000.0,-54.707010417515065
11606133333.3,-54.84775910942679
11611131666.7,-54.93314594967731
11616130000.0,-54.99556455289442
11621128333.3,-55.06903642897537
11626126666.7,-55.25647445536133
11631125000.0,-55.39661254472549
11636123333.3,-55.24678185920908
11641121666.7,-55.376438144932756
11646120000.0,-54.897693472521894
11651118333.3,-54.83303806489717
11656116666.7,-55.13246248804361
11661115000.0,-54.941505579896585
11666113333.3,-54.73683591861515
11671111666.7,-54.609806119803686
11676110000.0,-54.76638323184507
11681108333.3,-54.77174498910869
11686106666.7,-54.7650174915485
11691105000.0,-54.931005964895874
11696103333.3,-55.15984777594654
11701101666.7,-54.96544243104127
11706100000.0,-55.52000182753581
11711098333.3,-55.143550989545375
11716096666.7,-55.375429453864236
11721095000.0,-55.60437577874111
11726093333.3,-55.36725728697361
11731091666.7,-55.22262812665375
11736090000.0,-55.5611290792137
11741088333.3,-55.07268978969391
11746086666.7,-55.38136902578846
11751085000.0,-54.80145218386039
11756083333.3,-54.95232401416365
11761081666.7,-54.47363225406572
11766080000.0,-54.969606952102374
11771078333.3,-54.78279797199729
11776076666.7,-54.80009481261455
11781075000.0,-54.9445989359403
11786073333.3,-55.11073198394084
11791071666.7,-55.571056166614525
11796070000.0,-55.1779352797675
11801068333.3,-55.46361953654608
11806066666.7,-55.62866655409962
11811065000.0,-55.39622792758376
11816063333.3,-55.60388140108206
11821061666.7,-55.618203005411914
11826060000.0,-55.503811868651944
11831058333.3,-55.3676647997364
11836056666.7,-55.682232987474116
11841055000.0,-55.26341951877831
11846053333.3,-55.23316557166969
11851051666.7,-54.95415856141069
11856050000.0,-55.133327126048705
11861048333.3,-55.05838283043025
11866046666.7,-55.273016177324806
11871045000.0,-55.3025148567751
11876043333.3,-55.14521739476989
11881041666.7,-55.46700776612991
11886040000.0,-55.77446383367945
11891038333.3,-55.44876730667583
11896036666.7,-55.543184642287606
11901035000.0,-55.94023743571277
11906033333.3,-55.41551630840091
11911031666.7,-55.472544389398024
11916030000.0,-55.49162379147016
11921028333.3,-55.68662688421719
11926026666.7,-55.706701750572584
11931025000.0,-55.53782941672204
11936023333.3,-55.58279403062769
11941021666.7,-55.61250039444374
11946020000.0,-55.74067795944222
11951018333.3,-55.63916787554818
11956016666.7,-55.33613358391069
11961015000.0,-55.83203964092768
11966013333.3,-56.031254604829996
11971011666.7,-55.98985350487187
11976010000.0,-55.79895465057226
11981008333.3,-55.70096996893086
11986006666.7,-55.945547450633626
11991005000.0,-55.93211372455825
11996003333.3,-55.58153840293767
12001001666.7,-55.340213160433116
12006000000.0,-55.12094200300587
12010998333.3,-54.69052727060592
12015996666.7,-54.62824839903628
12020995000.0,-54.366648278110794
12025993333.3,-54.48312281654772
12030991666.7,-55.000087464250825
12035990000.0,-54.78397376314135
12040988333.3,-54.925769925720275
12045986666.7,-55.12713562756046
12050985000.0,-54.93728798051166
12055983333.3,-54.95750367179948
12060981666.7,-55.134311490568265
12065980000.0,-55.182761600708815
12070978333.3,-54.84328675588803
12075976666.7,-55.102664292467374
12080975000.0,-55.14113677083793
12085973333.3,-55.31659117652463
12090971666.7,-54.78206653784891
12095970000.0,-54.59883896964289
12100968333.3,-54.42220002497169
12105966666.7,-54.57382646963573
12110965000.0,-54.71777807764195
12115963333.3,-54.70515033344296
12120961666.7,-54.642851551378435
12125960000.0,-54.908277951467916
12130958333.3,-55.278605613563
12135956666.7,-54.886297570876195
12140955000.0,-55.4262633167341
12145953333.3,-55.210763861303676
12150951666.7,-55.50474182119953
12155950000.0,-55.32143646412949
12160948333.3,-55.52067189882091
12165946666.7,-55.125926212459156
12170945000.0,-55.23861298786493
12175943333.3,-55.61791410942835
12180941666.7,-55.436931080228824
12185940000.0,-55.312245393681906
12190938333.3,-55.09785784394225
12195936666.7,-55.016040786247714
12200935000.0,-55.26734628111712
12205933333.3,-55.05767337729143
12210931666.7,-55.28851733290048
12215930000.0,-55.227885022477416
12220928333.3,-55.17219527007568
12225926666.7,-55.5376406706105
12230925000.0,-55.86848524610968
12235923333.3,-55.07476394742127
12240921666.7,-55.68060034563189
12245920000.0,-55.54461537110502
12250918333.3,-55.573337764429034
12255916666.7,-55.30358163059485
12260915000.0,-55.77241037499719
12265913333.3,-55.6553643752271
12270911666.7,-55.40939365305606
12275910000.0,-55.38197213882058
12280908333.3,-55.650471691264585
12285906666.7,-54.93646874555211
12290905000.0,-54.87754714198668
12295903333.3,-55.207241901094626
12300901666.7,-55.54268553776531
12305900000.0,-55.50896034315901
12310898333.3,-54.90948335364432
12315896666.7,-55.376488917383035
12320895000.0,-55.0799274182951
12325893333.3,-55.19365957031407
12330891666.7,-54.99672377332768
12335890000.0,-54.39669731498409
12340888333.3,-54.45158104080359
12345886666.7,-54.57755485651363
12350885000.0,-54.14758059022933
12355883333.3,-54.345029096750835
12360881666.7,-54.24486815331996
12365880000.0,-54.312472201759036
12370878333.3,-54.45963029201372
12375876666.7,-54.09806175521805
12380875000.0,-54.422172074065315
12385873333.3,-54.950797220976725
12390871666.7,-54.59048813065117
12395870000.0,-54.95005934256728
12400868333.3,-55.167410033359225
12405866666.7,-55.476061167807124
12410865000.0,-55.6276884649984
12415863333.3,-55.25192658864746
12420861666.7,-55.365114306663685
12425860000.0,-55.02765631951461
12430858333.3,-54.83559764101372
12435856666.7,-55.234149836587676
12440855000.0,-54.84723150074189
12445853333.3,-54.74039768941505
12450851666.7,-54.74378230507731
12455850000.0,-54.99777009821414
12460848333.3,-55.07175556108904
12465846666.7,-55.182811463703516
12470845000.0,-55.23699227933171
12475843333.3,-55.26803012022021
12480841666.7,-55.494574625631834
12485840000.0,-55.455565627989444
12490838333.3,-55.63271997420625
12495836666.7,-56.05919411073873
12500835000.0,-56.06883225286864
12505833333.3,-56.22554738031969
12510831666.7,-55.871708513939396
12515830000.0,-55.864958162389314
12520828333.3,-56.09387484567921
12525826666.7,-55.74763344427653
12530825000.0,-55.773157749245435
12535823333.3,-56.10278645061182
12540821666.7,-55.554520128445375
12545820000.0,-56.07434171301285
12550818333.3,-55.967167739277
12555816666.7,-55.94121171600087
12560815000.0,-56.176261727705196
12565813333.3,-55.75778811345088
12570811666.7,-55.95464020171307
12575810000.0,-56.22510700540519
12580808333.3,-55.81923687613366
12585806666.7,-56.32139041064319
12590805000.0,-56.024543526291446
12595803333.3,-56.314535772437594
12600801666.7,-55.71968233581827
12605800000.0,-55.861015589142085
12610798333.3,-55.53218801401109
12615796666.7,-55.74515637007299
12620795000.0,-55.54238813560015
12625793333.3,-55.73051062271365
12630791666.7,-55.668234259002496
12635790000.0,-55.457732280036495
12640788333.3,-56.017123253237756
12645786666.7,-55.75714195997599
12650785000.0,-55.38243882868145
12655783333.3,-55.78222953830358
12660781666.7,-55.69534796840783
12665780000.0,-56.18038304854289
12670778333.3,-55.67112970719001
12675776666.7,-55.917981341240164
12680775000.0,-55.952451015321685
12685773333.3,-56.25734488292221
12690771666.7,-55.90266259430621
12695770000.0,-55.98372964308892
12700768333.3,-56.04143534180004
12705766666.7,-55.58096417707962
12710765000.0,-55.577178365601874
12715763333.3,-55.998558855981564
12720761666.7,-56.263395336409985
12725760000.0,-56.001266500659355
12730758333.3,-56.529925536779324
12735756666.7,-56.18829022492185
12740755000.0,-56.283826926534616
12745753333.3,-56.22072145343135
12750751666.7,-56.12624441057778
12755750000.0,-56.378659025183346
12760748333.3,-56.82810444995493
12765746666.7,-56.427764207835544
12770745000.0,-56.571657656054896
12775743333.3,-56.587430924233615
12780741666.7,-56.47269164398854
12785740000.0,-56.25443110380873
12790738333.3,-56.365580000414056
12795736666.7,-56.30135136860723
12800735000.0,-56.1306460618572
12805733333.3,-56.32173859100046
12810731666.7,-56.353801983663644
12815730000.0,-56.43949096149338
12820728333.3,-56.7890855247265
12825726666.7,-56.63109070184187
12830725000.0,-56.712655289564665
12835723333.3,-56.73619700091316
12840721666.7,-57.014424394645935
12845720000.0,-57.028745435701886
12850718333.3,-56.86923240200169
12855716666.7,-56.77059635930476
12860715000.0,-56.8893611141765
12865713333.3,-56.879176213576514
12870711666.7,-57.45969732859649
12875710000.0,-56.79336799408467
12880708333.3,-56.64221069500536
12885706666.7,-57.12909731811131
12890705000.0,-56.59180814011329
12895703333.3,-56.84452378437973
12900701666.7,-56.5163359281453
12905700000.0,-56.78932262039358
12910698333.3,-56.79036125665285
12915696666.7,-56.83440363914528
12920695000.0,-57.41481339083664
12925693333.3,-56.656464701873894
12930691666.7,-56.759331508416835
12935690000.0,-56.62053542533805
12940688333.3,-56.5685357816075
12945686666.7,-56.282596294061726
12950685000.0,-56.42987758757933
12955683333.3,-56.919413315413216
12960681666.7,-56.60087814284125
12965680000.0,-57.0019030892744
12970678333.3,-56.715611871884335
12975676666.7,-56.66366360652222
12980675000.0,-56.702503810429576
12985673333.3,-56.608059163446015
12990671666.7,-56.65729351877552
12995670000.0,-56.87868115934842
13000668333.3,-57.26401068564285
13005666666.7,-57.412608765161735
13010665000.0,-57.15398288806294
13015663333.3,-57.43742343463499
13020661666.7,-57.51697944262232
13025660000.0,-57.124975076005065
13030658333.3,-57.12166102846257
13035656666.7,-56.434342472668256
13040655000.0,-56.823381591858805
13045653333.3,-56.5263404337664
13050651666.7,-56.86315093630859
13055650000.0,-56.24578748964038
13060648333.3,-56.488789784065375
13065646666.7,-56.28029712569608
13070645000.0,-56.379851997143476
13075643333.3,-56.30219272435528
13080641666.7,-56.276417273193516
13085640000.0,-56.00610161568342
13090638333.3,-56.50123594272021
13095636666.7,-56.665928953929026
13100635000.0,-57.06995175035172
13105633333.3,-57.21077003176113
13110631666.7,-57.1249168483271
13115630000.0,-56.626245436201195
13120628333.3,-57.09080373295635
13125626666.7,-56.59099438847261
13130625000.0,-56.86243876672418
13135623333.3,-56.798354644989935
13140621666.7,-56.51530824473827
13145620000.0,-56.843823744221794
13150618333.3,-56.52035045767932
13155616666.7,-57.12539147660386
13160615000.0,-56.561884712684815
13165613333.3,-56.600558903758504
13170611666.7,-56.34679135158977
13175610000.0,-56.79797540314266
13180608333.3,-56.61345850828768
13185606666.7,-56.915534549004704
13190605000.0,-56.80762751187099
13195603333.3,-57.038927027443236
13200601666.7,-57.12752926186674
13205600000.0,-56.76547234331946
13210598333.3,-56.953004673410774
13215596666.7,-56.843071466000254
13220595000.0,-56.525185217765255
13225593333.3,-57.058538246419715
13230591666.7,-56.7400059607828
13235590000.0,-56.52451285458359
13240588333.3,-56.88717981427237
13245586666.7,-57.217046407492276
13250585000.0,-57.17525935968199
13255583333.3,-56.967931198155306
13260581666.7,-57.10928570494162
13265580000.0,-57.34961664392329
13270578333.3,-56.990603498287996
13275576666.7,-57.080674206101236
13280575000.0,-57.266121050925406
13285573333.3,-57.70694540613577
13290571666.7,-57.08031188032375
13295570000.0,-57.178203612533174
13300568333.3,-57.13784962207477
13305566666.7,-57.512176828977275
13310565000.0,-57.260600509763215
13315563333.3,-57.419230641474755
13320561666.7,-57.06747730311836
13325560000.0,-57.505352645968195
13330558333.3,-57.52147461969378
13335556666.7,-57.68353976596289
13340555000.0,-57.53827434950043
13345553333.3,-57.819329413712914
13350551666.7,-57.47287921077528
13355550000.0,-56.98326750043576
13360548333.3,-57.12720096577265
13365546666.7,-57.04229394099022
13370545000.0,-56.87508377868872
13375543333.3,-57.28383140890618
13380541666.7,-57.19668715704556
13385540000.0,-56.71212915468321
13390538333.3,-56.82881220636462
13395536666.7,-56.78208402706638
13400535000.0,-56.821548595496736
13405533333.3,-56.979518731240184
13410531666.7,-56.66210359489205
13415530000.0,-57.1977978237263
13420528333.3,-57.07855453352944
13425526666.7,-57.60329469536593
13430525000.0,-57.33072705514196
13435523333.3,-57.89976007404168
13440521666.7,-57.749044509358455
13445520000.0,-57.79589065488109
13450518333.3,-57.670224623788556
13455516666.7,-57.739355482176144
13460515000.0,-57.198223529211475
13465513333.3,-57.34301844640444
13470511666.7,-57.985276169469955
13475510000.0,-57.52243822143132
13480508333.3,-57.72837691887873
13485506666.7,-57.252283150571486
13490505000.0,-57.437558300595335
13495503333.3,-57.197501484534776
13500501666.7,-57.01662095536352
13505500000.0,-57.2213570959406
13510498333.3,-57.88422556891916
13515496666.7,-57.616217676275056
13520495000.0,-57.737977511983665
13525493333.3,-57.95053285143635
13530491666.7,-57.98844644342529
13535490000.0,-57.87719339397012
13540488333.3,-57.74730651701557
13545486666.7,-57.78764010493855
13550485000.0,-58.00881151438158
13555483333.3,-58.279980835600284
13560481666.7,-58.07005767456778
13565480000.0,-58.02183447279121
13570478333.3,-58.494898501187706
13575476666.7,-58.61475543453399
13580475000.0,-58.221645599353444
13585473333.3,-58.18278035089132
13590471666.7,-58.19041025309871
13595470000.0,-58.34654860129251
13600468333.3,-58.705285840990555
13605466666.7,-58.33838147029496
13610465000.0,-58.84849168743463
13615463333.3,-59.0715763586916
13620461666.7,-59.31113579740323
13625460000.0,-58.60392935611291
13630458333.3,-58.4090606667429
13635456666.7,-58.597374415048264
13640455000.0,-58.28922144017176
13645453333.3,-58.203799490165615
13650451666.7,-58.31740462813706
13655450000.0,-58.56413805225803
13660448333.3,-58.17127002050406
13665446666.7,-58.30667457009333
13670445000.0,-58.15343712341451
13675443333.3,-58.16788793074526
13680441666.7,-58.19813346613991
13685440000.0,-57.67122799787899
13690438333.3,-58.36843321648374
13695436666.7,-58.05752294113556
13700435000.0,-58.20637887072409
13705433333.3,-57.806605077132254
13710431666.7,-58.14790832920928
13715430000.0,-57.931044380678564
13720428333.3,-57.94514918417647
13725426666.7,-58.12847889111915
13730425000.0,-57.61435604215711
13735423333.3,-57.84913478786599
13740421666.7,-57.95841003189639
13745420000.0,-58.089686396998054
13750418333.3,-58.227429360435636
13755416666.7,-58.712186822343604
13760415000.0,-58.40951614334091
13765413333.3,-58.62610041452365
13770411666.7,-58.05294888325649
13775410000.0,-58.74756576056371
13780408333.3,-58.093202779247406
13785406666.7,-58.61387412252714
13790405000.0,-58.862761958079794
13795403333.3,-58.695239996100675
13800401666.7,-58.80037232661695
13805400000.0,-58.64702907314333
13810398333.3,-58.20865396803414
13815396666.7,-58.64197228663447
13820395000.0,-58.309076181123636
13825393333.3,-58.26369502905686
13830391666.7,-58.53290111660176
13835390000.0,-58.89960622943121
13840388333.3,-58.82574018485148
13845386666.7,-58.70503361978476
13850385000.0,-58.65183748286167
13855383333.3,-59.04751826479127
13860381666.7,-58.63018865624106
13865380000.0,-59.132195972723345
13870378333.3,-59.09167636436827
13875376666.7,-59.018431610491504
13880375000.0,-58.61329993962038
13885373333.3,-58.84398741686759
13890371666.7,-58.89985040517617
13895370000.0,-58.20714227852559
13900368333.3,-58.48394034437437
13905366666.7,-58.48379223086
13910365000.0,-58.61728435590271
13915363333.3,-58.727411434454446
13920361666.7,-57.95777455554046
13925360000.0,-58.36326014847916
13930358333.3,-58.54310266832357
13935356666.7,-58.82286304888044
13940355000.0,-59.09731950626586
13945353333.3,-59.15227229961409
13950351666.7,-58.302007866590024
13955350000.0,-58.700852946285984
13960348333.3,-58.65323473982066
13965346666.7,-58.41832184348093
13970345000.0,-58.24170837792842
13975343333.3,-58.28029707850834
13980341666.7,-58.861077463373384
13985340000.0,-58.46108253244922
13990338333.3,-58.54041706355201
13995336666.7,-57.803510092568104
14000335000.0,-58.01787992488207
14005333333.3,-57.484877234889105
14010331666.7,-57.80571890689009
14015330000.0,-57.762312146349224
14020328333.3,-57.744661736250286
14025326666.7,-58.083878333068725
14030325000.0,-58.24953749112683
14035323333.3,-57.990207466275606
14040321666.7,-58.057918118733056
14045320000.0,-57.9488092602533
14050318333.3,-57.894309571359
14055316666.7,-57.712339135547296
14060315000.0,-57.65530748283764
14065313333.3,-58.06179967641893
14070311666.7,-58.01867378745705
14075310000.0,-58.10684525605414
14080308333.3,-58.151572161187744
14085306666.7,-57.94192449082489
14090305000.0,-57.65104161914132
14095303333.3,-57.56892216422361
14100301666.7,-58.39386848024053
14105300000.0,-58.147480242860425
14110298333.3,-58.32306386884029
14115296666.7,-58.81541266191164
14120295000.0,-58.31709870857115
14125293333.3,-58.9292140445611
14130291666.7,-58.87512670205409
14135290000.0,-58.810199428809554
14140288333.3,-58.6389615253773
14145286666.7,-58.409587460598644
14150285000.0,-59.12273941256113
14155283333.3,-58.80703770521017
14160281666.7,-58.49602052692036
14165280000.0,-58.96835708439369
14170278333.3,-58.348836619309154
14175276666.7,-59.01301858046903
14180275000.0,-58.69070770820231
14185273333.3,-58.205888442709636
14190271666.7,-59.118616944191544
14195270000.0,-57.9947638802477
14200268333.3,-58.69321201005363
14205266666.7,-58.60699188759539
14210265000.0,-58.87790325990557
14215263333.3,-58.75057443183078
14220261666.7,-58.3311240113683
14225260000.0,-58.668090439061444
14230258333.3,-58.263291841316125
14235256666.7,-58.62566286402419
14240255000.0,-58.66925672729508
14245253333.3,-58.00495944167831
14250251666.7,-58.31931906864363
14255250000.0,-58.48679184194409
14260248333.3,-58.52901379835251
14265246666.7,-58.89553506289046
14270245000.0,-59.249388791786146
14275243333.3,-58.860103919968054
14280241666.7,-58.87679131138687
14285240000.0,-59.14224381469262
14290238333.3,-59.187659237094785
14295236666.7,-59.15230904634407
14300235000.0,-58.88214100590845
14305233333.3,-59.087943924240285
14310231666.7,-59.42106071504817
14315230000.0,-58.64882418191549
14320228333.3,-59.22727324384767
14325226666.7,-58.72461476538517
14330225000.0,-58.6691527350854
14335223333.3,-58.953176230008395
14340221666.7,-58.1469407672146
14345220000.0,-58.627734261208964
14350218333.3,-58.98059166116448
14355216666.7,-58.78040624869277
14360215000.0,-58.63134207296998
14365213333.3,-59.16707823779507
14370211666.7,-59.16799689088667
14375210000.0,-58.94902756650712
14380208333.3,-58.87326972875922
14385206666.7,-58.97357831733621
14390205000.0,-58.8895090703791
14395203333.3,-58.75912489443603
14400201666.7,-59.40876813855934
14405200000.0,-59.255340811879876
14410198333.3,-58.89854571032668
14415196666.7,-58.578220578481044
14420195000.0,-58.8276593724018
14425193333.3,-58.322995817075565
14430191666.7,-58.45727115872592
14435190000.0,-58.358731501585936
14440188333.3,-59.37632226051786
14445186666.7,-58.67985486657865
14450185000.0,-59.361837926763236
14455183333.3,-59.355286371646685
14460181666.7,-59.4312145525537
14465180000.0,-59.98785592761202
14470178333.3,-59.79654368248095
14475176666.7,-59.51242269785751
14480175000.0,-59.792024908842485
14485173333.3,-59.49528601894009
14490171666.7,-59.034442908243065
14495170000.0,-60.165156171655624
14500168333.3,-59.646747655025166
14505166666.7,-59.57188884199094
14510165000.0,-60.2429409364241
14515163333.3,-59.44356258502892
14520161666.7,-59.433052353043365
14525160000.0,-59.39425724470155
14530158333.3,-60.39021014983179
14535156666.7,-60.29079196210664
14540155000.0,-60.46473610800093
14545153333.3,-60.67435506310644
14550151666.7,-60.413394443953095
14555150000.0,-60.8993512834018
14560148333.3,-60.589175418778055
14565146666.7,-60.7814007187352
14570145000.0,-60.08915908189894
14575143333.3,-60.567660759848955
14580141666.7,-60.888334935738214
14585140000.0,-60.180046410329155
14590138333.3,-60.53818545969843
14595136666.7,-60.54892090157503
14600135000.0,-60.36627753466317
14605133333.3,-60.641077642848444
14610131666.7,-60.59640277493089
14615130000.0,-59.7056005626857
14620128333.3,-60.37887659610695
14625126666.7,-60.06943147244272
14630125000.0,-60.28718478395423
14635123333.3,-60.35903835448691
14640121666.7,-60.46662251199025
14645120000.0,-60.41799746934694
14650118333.3,-60.22431116833669
14655116666.7,-59.56481381007477
14660115000.0,-60.047995126265505
14665113333.3,-59.905043598613055
14670111666.7,-59.944198792649
14675110000.0,-60.52957433361711
14680108333.3,-60.024860962383705
14685106666.7,-59.96784800643702
14690105000.0,-60.07115456135886
14695103333.3,-60.13168396340602
14700101666.7,-60.08175545957201
14705100000.0,-59.756472889616354
14710098333.3,-60.63505383755352
14715096666.7,-60.42050974334857
14720095000.0,-60.688684038052365
14725093333.3,-60.586485958190735
14730091666.7,-60.53684820412175
14735090000.0,-60.476281393540845
14740088333.3,-60.73257464464635
14745086666.7,-60.672899470253874
14750085000.0,-60.142550831736294
14755083333.3,-60.06269012682559
14760081666.7,-59.58458324824636
14765080000.0,-59.592808098076475
14770078333.3,-59.55618513629301
14775076666.7,-60.05875732779697
14780075000.0,-59.61607751473518
14785073333.3,-59.70704000746246
14790071666.7,-60.00407864873536
14795070000.0,-60.593392154589196
14800068333.3,-60.43203752283474
14805066666.7,-60.2736367526878
14810065000.0,-60.72476491773799
14815063333.3,-60.499137232409055
14820061666.7,-60.94466026057915
14825060000.0,-60.817062668638684
14830058333.3,-60.61704927415751
14835056666.7,-60.58945038885028
14840055000.0,-60.29711806149816
14845053333.3,-59.66534778447426
14850051666.7,-60.461897554324786
14855050000.0,-60.72786529013317
14860048333.3,-59.96537535947381
14865046666.7,-60.86541780001474
14870045000.0,-60.823855706445855
14875043333.3,-60.59285102078182
14880041666.7,-60.63927096192412
14885040000.0,-61.49525593646594
14890038333.3,-61.339860495247464
14895036666.7,-60.936074774059676
14900035000.0,-61.144906927027634
14905033333.3,-61.59510933290184
14910031666.7,-61.39972036701822
14915030000.0,-62.04972672179544
14920028333.3,-61.15206898814133
14925026666.7,-60.81018881575425
14930025000.0,-60.965111057962325
14935023333.3,-60.793642330147115
14940021666.7,-60.43713081890899
14945020000.0,-60.66075735392741
14950018333.3,-60.004946277394914
14955016666.7,-60.11360025794727
14960015000.0,-60.16063297045711
14965013333.3,-60.3897724526616
14970011666.7,-60.23818566878748
14975010000.0,-60.06501515441827
14980008333.3,-60.42953557451039
14985006666.7,-60.528868320607515
14990005000.0,-59.77154994587009
14995003333.3,-60.63283483194387
15000001666.7,-60.903794652564194
15005000000.0,-60.9198284340915
15009998333.3,-60.433493506754715
15014996666.7,-60.243501882941075
15019995000.0,-60.65610964192271
15024993333.3,-59.70148108712942
15029991666.7,-59.218022608559735
15034990000.0,-59.74700447420793
15039988333.3,-60.15278311231336
15044986666.7,-60.916131415057215
15049985000.0,-60.2793266506214
15054983333.3,-60.318958772907756
15059981666.7,-60.82775198202108
15064980000.0,-60.55685743316583
15069978333.3,-59.866311698843546
15074976666.7,-60.01344755538221
15079975000.0,-60.40193210547588
15084973333.3,-60.04335027967976
15089971666.7,-60.42703517061546
15094970000.0,-60.19879438774686
15099968333.3,-59.80315272866552
15104966666.7,-60.103517498319064
15109965000.0,-59.822431181152155
15114963333.3,-59.38303384628544
15119961666.7,-59.43455594202098
15124960000.0,-60.26637775822867
15129958333.3,-59.68391143111775
15134956666.7,-60.31984997612591
15139955000.0,-60.30854849859559
15144953333.3,-60.58985513554052
15149951666.7,-60.613478702838336
15154950000.0,-61.020566904141695
15159948333.3,-60.66264527213982
15164946666.7,-61.13160135125988
15169945000.0,-61.00477545329004
15174943333.3,-61.00455181198384
15179941666.7,-61.156866532532106
15184940000.0,-61.209163415816114
15189938333.3,-61.19061460295214
15194936666.7,-61.36208978749372
15199935000.0,-61.47208500104683
15204933333.3,-61.47421033444874
15209931666.7,-61.31390358406386
15214930000.0,-60.69513412303795
15219928333.3,-61.78337252281494
15224926666.7,-61.84209118036759
15229925000.0,-62.309197158860464
15234923333.3,-62.076604973270584
15239921666.7,-62.7194671784143
15244920000.0,-62.39496177998021
15249918333.3,-62.287956769443376
15254916666.7,-62.164836627956596
15259915000.0,-62.11243983202345
15264913333.3,-61.652359626160866
15269911666.7,-62.55855218532517
15274910000.0,-61.84348193515998
15279908333.3,-62.51009253512679
15284906666.7,-61.931980729206686
15289905000.0,-62.06429379179931
15294903333.3,-61.588687331510464
15299901666.7,-61.24058395056083
15304900000.0,-60.87806010736025
15309898333.3,-61.08071205179388
15314896666.7,-61.08494066857147
15319895000.0,-62.137418907575366
15324893333.3,-62.2550658311105
15329891666.7,-61.71284104448926
15334890000.0,-62.33507756483356
15339888333.3,-61.50044430572543
15344886666.7,-61.761995180433274
15349885000.0,-61.63957008995767
15354883333.3,-61.17735103167229
15359881666.7,-61.19473815309547
15364880000.0,-61.34853537295729
15369878333.3,-61.75647093513145
15374876666.7,-61.23633391975929
15379875000.0,-61.11727154942744
15384873333.3,-60.97077284872458
15389871666.7,-61.695873105682175
15394870000.0,-61.25296342517408
15399868333.3,-60.88290483377061
15404866666.7,-60.933077857972336
15409865000.0,-60.99214894623045
15414863333.3,-61.373620529367734
15419861666.7,-62.0280960773993
15424860000.0,-61.67193299828085
15429858333.3,-61.667062591793034
15434856666.7,-61.32120409061984
15439855000.0,-61.44500691043943
15444853333.3,-61.92661284985253
15449851666.7,-61.797314736519965
15454850000.0,-61.96908760105111
15459848333.3,-61.342350543964145
15464846666.7,-62.57245677434714
15469845000.0,-62.61914277193644
15474843333.3,-62.405167311029516
15479841666.7,-62.57045765018926
15484840000.0,-62.226585620496124
15489838333.3,-62.68290888396407
15494836666.7,-62.936425710295566
15499835000.0,-62.645272947366365
15504833333.3,-62.96534937664475
15509831666.7,-63.395155984039306
15514830000.0,-63.259417307171255
15519828333.3,-63.205426596504566
15524826666.7,-62.96162113636686
15529825000.0,-63.0571795286949
15534823333.3,-62.40174927863606
15539821666.7,-63.370604756814004
15544820000.0,-62.97451542592018
15549818333.3,-63.01101173371038
15554816666.7,-62.59965112141475
15559815000.0,-62.41415750941427
15564813333.3,-64.3326827420133
15569811666.7,-63.586358558378436
15574810000.0,-64.17549712777
15579808333.3,-63.111673432642625
15584806666.7,-63.110600387164
15589805000.0,-62.643073897805124
15594803333.3,-62.646112078943325
15599801666.7,-63.14334930173175
15604800000.0,-62.8971663978352
15609798333.3,-63.15539405398147
15614796666.7,-62.607057568563434
15619795000.0,-62.99527502722384
15624793333.3,-62.67262219685213
15629791666.7,-61.750558045329925
15634790000.0,-61.98436494081005
15639788333.3,-61.51127854642681
15644786666.7,-61.84932039762755
15649785000.0,-62.619033859001576
15654783333.3,-63.078949919786716
15659781666.7,-62.7950138847619
15664780000.0,-62.62796895216269
15669778333.3,-61.554776283100836
15674776666.7,-62.3521046855226
15679775000.0,-62.567589822726546
15684773333.3,-62.828495306288346
15689771666.7,-62.24516944121882
15694770000.0,-62.952151896346294
15699768333.3,-63.49612976492985
15704766666.7,-62.56767161688358
15709765000.0,-62.49331008075538
15714763333.3,-62.04371664902812
15719761666.7,-61.70509942861942
15724760000.0,-62.60529847573069
15729758333.3,-62.68399813162255
15734756666.7,-62.58570406886356
15739755000.0,-62.419376786685056
15744753333.3,-63.70043078012887
15749751666.7,-63.38555200753965
15754750000.0,-64.01172282930587
15759748333.3,-64.0661808797054
15764746666.7,-63.675315482874524
15769745000.0,-63.294042548897195
15774743333.3,-63.20107790089451
15779741666.7,-63.234209679420815
15784740000.0,-64.27770827500342
15789738333.3,-63.14824573614257
15794736666.7,-63.195255181665004
15799735000.0,-63.31032063960742
15804733333.3,-62.79660209235559
15809731666.7,-62.03692982380609
15814730000.0,-63.10966612968886
15819728333.3,-63.536131106164895
15824726666.7,-62.80621072075999
15829725000.0,-63.705005555325755
15834723333.3,-63.32394384466997
15839721666.7,-64.4090544570402
15844720000.0,-64.04248494378635
15849718333.3,-63.315095885331175
15854716666.7,-63.232913930510726
15859715000.0,-63.14699011812649
15864713333.3,-63.019302515581394
15869711666.7,-61.741934458464875
15874710000.0,-63.00986045876635
15879708333.3,-62.314368440127396
15884706666.7,-61.913669546048354
15889705000.0,-62.79207114624762
15894703333.3,-63.07246650356486
15899701666.7,-62.584126408634056
15904700000.0,-62.74576141697651
15909698333.3,-62.731840176215606
15914696666.7,-62.32076341413205
15919695000.0,-62.238517257896156
15924693333.3,-62.13314663423589
15929691666.7,-63.86300173352563
15934690000.0,-63.062263269186474
15939688333.3,-62.815064610832785
15944686666.7,-64.90474015722437
15949685000.0,-62.98431858143904
15954683333.3,-62.76085844076274
15959681666.7,-63.537676294453966
15964680000.0,-62.309023590357604
15969678333.3,-63.467384892447015
15974676666.7,-63.69972674734416
15979675000.0,-63.2286880387535
15984673333.3,-62.76272767486721
15989671666.7,-63.33377456285093
15994670000.0,-62.79128703202471
15999668333.3,-63.29120119969816
16004666666.7,-62.96889192102009
16009665000.0,-63.05632456271299
16014663333.3,-63.63415204604979
16019661666.7,-64.08334483760909
16024660000.0,-63.55184864301951
16029658333.3,-62.9096770469601
16034656666.7,-64.05322220174932
16039655000.0,-63.117826587010526
16044653333.3,-62.438573115833194
16049651666.7,-62.45464000785158
16054650000.0,-62.53824825040227
16059648333.3,-62.32641764690199
16064646666.7,-62.91818455282459
16069645000.0,-63.742921652576186
16074643333.3,-63.3914880999567
16079641666.7,-63.196757873708044
16084640000.0,-62.535418101298525
16089638333.3,-64.28005296533553
16094636666.7,-63.8833560321262
16099635000.0,-63.52335645242579
16104633333.3,-64.91552067960481
16109631666.7,-63.971984968258326
16114630000.0,-63.67169158203585
16119628333.3,-64.53565610941425
16124626666.7,-64.27764092643253
16129625000.0,-63.43036773209069
16134623333.3,-63.834577544507106
16139621666.7,-62.9217793543978
16144620000.0,-63.055243352648496
16149618333.3,-63.17988777652997
16154616666.7,-62.70163846691352
16159615000.0,-63.729405020459
16164613333.3,-64.12878431653614
16169611666.7,-63.19952191895762
16174610000.0,-63.092898727030764
16179608333.3,-63.556780758058366
16184606666.7,-62.53055611508687
16189605000.0,-62.37714256688274
16194603333.3,-63.000239544752986
16199601666.7,-64.88772858427069
16204600000.0,-64.89151971734897
16209598333.3,-63.56729411423234
16214596666.7,-63.89110994139451
16219595000.0,-64.6349072447397
16224593333.3,-64.99581135920027
16229591666.7,-63.56310017587505
16234590000.0,-63.442912000675946
16239588333.3,-63.91206571602487
16244586666.7,-63.28521981919693
16249585000.0,-63.84410119425024
16254583333.3,-63.34890166678282
16259581666.7,-63.818084006184705
16264580000.0,-64.67524281130117
16269578333.3,-64.74392244852011
16274576666.7,-64.6417123877132
16279575000.0,-63.21348645352125
16284573333.3,-63.86293507615322
16289571666.7,-64.82420510002586
16294570000.0,-64.2507696007742
16299568333.3,-66.29450939319211
16304566666.7,-65.17448262813404
16309565000.0,-64.95349972103091
16314563333.3,-64.58368685655736
16319561666.7,-63.632135408875826
16324560000.0,-64.04355022369208
16329558333.3,-63.985072395813106
16334556666.7,-63.31956918636304
16339555000.0,-64.98966884878234
16344553333.3,-64.72592465747977
16349551666.7,-65.09553737048708
16354550000.0,-63.96928724346826
16359548333.3,-64.7304283755623
16364546666.7,-64.08273277081508
16369545000.0,-64.1250193119246
16374543333.3,-65.46102480357241
16379541666.7,-63.880370167788634
16384540000.0,-64.82992897616492
16389538333.3,-65.31923274993261
16394536666.7,-64.65289106684952
16399535000.0,-65.54066005725234
16404533333.3,-64.06250695653931
16409531666.7,-64.21897636517636
16414530000.0,-64.53298144268449
16419528333.3,-63.91376803260552
16424526666.7,-64.13136923445248
16429525000.0,-64.58845455061248
16434523333.3,-65.06701520868874
16439521666.7,-64.29294647147115
16444520000.0,-64.7753191797793
16449518333.3,-65.67855619180513
16454516666.7,-65.85437363954594
16459515000.0,-64.46071723271632
16464513333.3,-64.86603068177767
16469511666.7,-64.0557341989311
16474510000.0,-64.53492160287458
16479508333.3,-64.22146475790788
16484506666.7,-65.59537325151531
16489505000.0,-63.916417303919616
16494503333.3,-66.0380461306614
16499501666.7,-64.88779569863702
16504500000.0,-64.73958412132016
16509498333.3,-64.02759102067297
16514496666.7,-64.65486082405312
16519495000.0,-65.0223550009078
16524493333.3,-65.53820196397906
16529491666.7,-65.56388983441057
16534490000.0,-65.88342367618968
16539488333.3,-65.59242590233892
16544486666.7,-65.43163288497497
16549485000.0,-65.65706737936758
16554483333.3,-65.44298697701109
16559481666.7,-64.60302161366246
16564480000.0,-64.43267723197395
16569478333.3,-65.20134950868547
16574476666.7,-65.14371931305134
16579475000.0,-65.82555923279551
16584473333.3,-64.95839561195437
16589471666.7,-65.41708290781833
16594470000.0,-65.53332819908276
16599468333.3,-65.11082457381492
16604466666.7,-64.53848963498551
16609465000.0,-65.18166805084063
16614463333.3,-64.3813832856924
16619461666.7,-65.92844255894485
16624460000.0,-64.95043872278787
16629458333.3,-65.50016095316101
16634456666.7,-65.75362675022389
16639455000.0,-65.54134373420322
16644453333.3,-64.12070360435605
16649451666.7,-63.94511506238973
16654450000.0,-64.86761145029017
16659448333.3,-63.508218771778786
16664446666.7,-65.90999058254306
16669445000.0,-64.9218371712585
16674443333.3,-65.03070298771625
16679441666.7,-65.37238930480835
16684440000.0,-63.87150760110589
16689438333.3,-64.65337733422159
16694436666.7,-64.1783705029037
16699435000.0,-65.16596263895967
16704433333.3,-65.20939455059191
16709431666.7,-64.74335765492123
16714430000.0,-65.88599807596977
16719428333.3,-64.7155944029865
16724426666.7,-65.50328537853639
16729425000.0,-65.81475829837063
16734423333.3,-64.75373438652524
16739421666.7,-65.7033858331177
16744420000.0,-64.58479075246719
16749418333.3,-64.79067446871339
16754416666.7,-64.9154702962842
16759415000.0,-64.11993240890698
16764413333.3,-65.36708985831747
16769411666.7,-64.57332977575086
16774410000.0,-65.66892690046575
16779408333.3,-65.02665184039981
16784406666.7,-65.21786419882368
16789405000.0,-64.228749662499
16794403333.3,-63.96734365432696
16799401666.7,-64.61105748196722
16804400000.0,-64.87887142532328
16809398333.3,-65.70656349635013
16814396666.7,-64.5598482202814
16819395000.0,-65.25239166911848
16824393333.3,-65.41869404338685
16829391666.7,-65.55627890638624
16834390000.0,-64.58446447559996
16839388333.3,-65.329048044736
16844386666.7,-65.77293472701473
16849385000.0,-65.12821471389698
16854383333.3,-66.49299891285148
16859381666.7,-65.91960442321357
16864380000.0,-65.67162406760441
16869378333.3,-65.70653244345644
16874376666.7,-65.71887941971683
16879375000.0,-64.81301386794466
16884373333.3,-65.27750211716443
16889371666.7,-66.00990712459038
16894370000.0,-65.80870758108443
16899368333.3,-66.34765444451156
16904366666.7,-66.24932065762623
16909365000.0,-66.0615894890467
16914363333.3,-65.48206925502888
16919361666.7,-65.27734993005426
16924360000.0,-65.40255842456398
16929358333.3,-65.09946003336984
16934356666.7,-65.34711825064275
16939355000.0,-65.98736227466671
16944353333.3,-64.6299653659046
16949351666.7,-66.2422046408619
16954350000.0,-65.90111622039981
16959348333.3,-65.52938624890687
16964346666.7,-66.18781964627257
16969345000.0,-64.22740998057053
16974343333.3,-64.51209552595634
16979341666.7,-65.06323359923864
16984340000.0,-65.0243471624022
16989338333.3,-66.79132606569506
16994336666.7,-66.1797383059889
16999335000.0,-66.13631085684843
17004333333.3,-65.84215054420686
17009331666.7,-65.04971592390659
17014330000.0,-64.39609562646312
17019328333.3,-63.762713666916525
17024326666.7,-63.9528197346445
17029325000.0,-64.85101912811163
17034323333.3,-64.58867255490512
17039321666.7,-64.9063172214688
17044320000.0,-65.56289140234144
17049318333.3,-64.86798097854178
17054316666.7,-65.81632512422644
17059315000.0,-65.5354141073482
17064313333.3,-65.00471021674875
17069311666.7,-64.6113645519309
17074310000.0,-65.70093102624472
17079308333.3,-64.8481544886114
17084306666.7,-65.93861166720518
17089305000.0,-65.76999014592066
17094303333.3,-66.46278528538299
17099301666.7,-64.36338016971744
17104300000.0,-64.54124204343988
17109298333.3,-64.74934992357154
17114296666.7,-65.56593719820793
17119295000.0,-66.21144894775207
17124293333.3,-65.9636006104662
17129291666.7,-66.19789204754382
17134290000.0,-66.25804006615355
17139288333.3,-67.34404320300332
17144286666.7,-66.90163131586571
17149285000.0,-65.95178163841146
17154283333.3,-66.5724384209289
17159281666.7,-66.01495653226577
17164280000.0,-66.38716302435525
17169278333.3,-66.32635548947403
17174276666.7,-66.84359486070475
17179275000.0,-66.06233575245953
17184273333.3,-66.73288963200275
17189271666.7,-66.44743112654278
17194270000.0,-66.02880400316259
17199268333.3,-67.54433475893238
17204266666.7,-66.11747487355214
17209265000.0,-65.81839937326386
17214263333.3,-66.09757724860832
17219261666.7,-66.6243926671026
17224260000.0,-65.2976905313534
17229258333.3,-66.35753595577428
17234256666.7,-67.42254606511372
17239255000.0,-67.63275990472025
17244253333.3,-66.14024781445345
17249251666.7,-66.43769404102989
17254250000.0,-64.75695434168503
17259248333.3,-66.92416439678514
17264246666.7,-67.37777136437897
17269245000.0,-67.02525830742366
17274243333.3,-66.6337224372525
17279241666.7,-67.31431604566151
17284240000.0,-67.91539762744564
17289238333.3,-65.60682284075968
17294236666.7,-65.47675030794207
17299235000.0,-66.0864652072357
17304233333.3,-66.13992333458381
17309231666.7,-64.6313874058741
17314230000.0,-65.8845205172563
17319228333.3,-66.84350692437113
17324226666.7,-66.72972908495369
17329225000.0,-65.80564711008867
17334223333.3,-65.97030167871714
17339221666.7,-65.43613070363217
17344220000.0,-66.41731664940183
17349218333.3,-65.44602431344524
17354216666.7,-65.48598621442456
17359215000.0,-64.52885706208636
17364213333.3,-66.94435672960414
17369211666.7,-66.14084672081472
17374210000.0,-65.8021908175395
17379208333.3,-68.40992708002202
17384206666.7,-66.83653227591888
17389205000.0,-66.69290306937529
17394203333.3,-66.35797407232948
17399201666.7,-66.40161228401091
17404200000.0,-66.28135122391103
17409198333.3,-67.12776281735447
17414196666.7,-68.34397378141762
17419195000.0,-66.83910980523717
17424193333.3,-67.07093788505128
17429191666.7,-67.44745829046761
17434190000.0,-67.1542549267693
17439188333.3,-66.05782882356918
17444186666.7,-66.87305828013206
17449185000.0,-65.03475806002184
17454183333.3,-66.63539025590786
17459181666.7,-67.03952962281323
17464180000.0,-67.98440211405372
17469178333.3,-68.10544523268948
17474176666.7,-68.68594839856537
17479175000.0,-67.22583213605529
17484173333.3,-67.35746673596313
17489171666.7,-66.85254837438276
17494170000.0,-66.08793451279507
17499168333.3,-67.01200629782224
17504166666.7,-67.4475534792866
17509165000.0,-67.90487780958726
17514163333.3,-66.73695944845963
17519161666.7,-66.7515118067654
17524160000.0,-65.59072312005088
17529158333.3,-66.57359622231618
17534156666.7,-66.80411293547466
17539155000.0,-67.00886091261292
17544153333.3,-67.25148616728445
17549151666.7,-65.98295164857997
17554150000.0,-67.2078636118169
17559148333.3,-67.48126593745863
17564146666.7,-68.55578644961278
17569145000.0,-67.47680247023874
17574143333.3,-65.94575645551308
17579141666.7,-67.07814131719641
17584140000.0,-65.78235546888776
17589138333.3,-69.07751726737155
17594136666.7,-67.11266723065503
17599135000.0,-67.85316480229338
17604133333.3,-68.36342654112153
17609131666.7,-68.290209599438
17614130000.0,-66.85886714455008
17619128333.3,-67.31858216172519
17624126666.7,-65.49728659276892
17629125000.0,-67.54117666016421
17634123333.3,-67.16211091482795
17639121666.7,-67.63152297149689
17644120000.0,-68.0963681134387
17649118333.3,-67.88215153700587
17654116666.7,-67.46721905128825
17659115000.0,-67.41740547440789
17664113333.3,-65.71388198749747
17669111666.7,-66.18024655385108
17674110000.0,-68.05524538278758
17679108333.3,-64.65567520136597
17684106666.7,-67.70615257505101
17689105000.0,-67.12515192987469
17694103333.3,-68.65728210824645
17699101666.7,-66.74688525447877
17704100000.0,-67.40430712594663
17709098333.3,-66.63120442454586
17714096666.7,-66.3795914635775
17719095000.0,-66.5053790169492
17724093333.3,-68.12569718422401
17729091666.7,-67.47215188655731
17734090000.0,-67.73574746224119
17739088333.3,-68.11533315917897
17744086666.7,-67.77098266298778
17749085000.0,-67.37715785892178
17754083333.3,-67.88778901645658
17759081666.7,-66.5484047564772
17764080000.0,-66.31295011561855
17769078333.3,-66.66827799004942
17774076666.7,-67.30051244904384
17779075000.0,-67.57168445545541
17784073333.3,-67.31146009489231
17789071666.7,-67.45983332711471
17794070000.0,-68.93068071663339
17799068333.3,-65.46263054147613
17804066666.7,-67.03230967057829
17809065000.0,-66.62025235317948
17814063333.3,-66.20247331371006
17819061666.7,-66.40682405137441
17824060000.0,-68.51623817999868
17829058333.3,-66.44039035397778
17834056666.7,-67.93677503171865
17839055000.0,-68.5140947100073
17844053333.3,-66.53396436848345
17849051666.7,-68.27144016783461
17854050000.0,-65.7528855425472
17859048333.3,-67.23919684750362
17864046666.7,-67.4232425670279
17869045000.0,-68.73094084173188
17874043333.3,-69.38056831053699
17879041666.7,-69.7858749440276
17884040000.0,-70.42693454568293
17889038333.3,-68.51894870003382
17894036666.7,-67.36997725950151
17899035000.0,-69.55641495668792
17904033333.3,-66.51502991381992
17909031666.7,-66.62177765771143
17914030000.0,-68.30897700778443
17919028333.3,-68.0270132250752
17924026666.7,-69.2255917843907
17929025000.0,-69.11695882372102
17934023333.3,-68.99297286303774
17939021666.7,-68.37800361500285
17944020000.0,-67.66416997220071
17949018333.3,-67.80126318134842
17954016666.7,-68.96867436376594
17959015000.0,-67.107301660936
17964013333.3,-68.72924378422144
17969011666.7,-70.74730661216009
17974010000.0,-69.59551200845067
17979008333.3,-70.49443243427467
17984006666.7,-67.36501534823827
17989005000.0,-67.94236035520527
17994003333.3,-67.91193518788803
17999001666.7,-66.79430599040664
18004000000.0,-67.27842726636088
18008998333.3,-68.8904363444721
18013996666.7,-69.45074546917984
18018995000.0,-68.70650670782283
18023993333.3,-69.03398715015601
18028991666.7,-69.27292496216019
18033990000.0,-66.95931219533635
18038988333.3,-67.386903350948
18043986666.7,-66.74653550875176
18048985000.0,-67.61075920842252
18053983333.3,-67.43373533692983
18058981666.7,-70.730171920327
18063980000.0,-68.31607152404942
18068978333.3,-69.67286867603877
18073976666.7,-68.54321224243225
18078975000.0,-67.62314918966402
18083973333.3,-69.26721453030908
18088971666.7,-67.5905200543998
18093970000.0,-68.74284287799419
18098968333.3,-70.8323892694876
18103966666.7,-70.27076840018205
18108965000.0,-70.15812444692658
18113963333.3,-68.73109250307556
18118961666.7,-69.74805862464322
18123960000.0,-69.35193573605767
18128958333.3,-68.33513189054148
18133956666.7,-68.21634874039458
18138955000.0,-67.6746428855383
18143953333.3,-68.02554247006096
18148951666.7,-68.65553511640412
18153950000.0,-70.64888683497752
18158948333.3,-71.47594197102599
18163946666.7,-69.04957822093549
18168945000.0,-70.98356763143423
18173943333.3,-68.88334070327092
18178941666.7,-67.81940497916787
18183940000.0,-68.8793483094029
18188938333.3,-69.09624100892844
18193936666.7,-67.73868563150968
18198935000.0,-68.38276280201319
18203933333.3,-70.10616248701038
18208931666.7,-72.68087542971107
18213930000.0,-70.1834302138656
18218928333.3,-68.35109288492801
18223926666.7,-68.49698688706054
18228925000.0,-67.70756109434272
18233923333.3,-69.54592926893584
18238921666.7,-69.27839747346214
18243920000.0,-69.49554592109504
18248918333.3,-71.31572473020925
18253916666.7,-71.64694662110125
18258915000.0,-72.01013670225012
18263913333.3,-69.6649162516468
18268911666.7,-70.43194748588328
18273910000.0,-67.74554726610984
18278908333.3,-69.5087269442821
18283906666.7,-70.17131375916654
18288905000.0,-70.11106867718175
18293903333.3,-71.48224833450828
18298901666.7,-72.57985306508827
18303900000.0,-72.82564736740551
18308898333.3,-69.66589064042807
18313896666.7,-70.54515872976191
18318895000.0,-69.368305384415
18323893333.3,-67.44070993955685
18328891666.7,-68.84223924030465
18333890000.0,-71.07743596676443
18338888333.3,-69.84014638447972
18343886666.7,-73.2636340701566
18348885000.0,-72.35359150288569
18353883333.3,-71.9300707842503
18358881666.7,-70.85967745464127
18363880000.0,-68.00185767279982
18368878333.3,-70.3778651040128
18373876666.7,-69.85600706586177
18378875000.0,-69.21667359051796
18383873333.3,-69.91726196435556
18388871666.7,-70.05380792960308
18393870000.0,-69.42753281103171
18398868333.3,-70.58119377993799
18403866666.7,-70.1258790484936
18408865000.0,-68.98954757410733
18413863333.3,-68.59868969894598
18418861666.7,-68.89425362495977
18423860000.0,-71.09100083647527
18428858333.3,-68.16504105966528
18433856666.7,-69.26390965717181
18438855000.0,-71.85307172737993
18443853333.3,-71.81087868092847
18448851666.7,-70.30840051807863
18453850000.0,-72.08836534728968
18458848333.3,-69.57010000850349
18463846666.7,-68.10594515973646
18468845000.0,-67.33851270473197
18473843333.3,-70.4923218936188
18478841666.7,-70.22908026006246
18483840000.0,-69.37951544774272
18488838333.3,-70.13181283098126
18493836666.7,-70.80836114060851
18498835000.0,-69.94549712458623
18503833333.3,-68.75320174093346
18508831666.7,-70.89291654827423
18513830000.0,-69.04949536627231
18518828333.3,-70.00969392578287
18523826666.7,-72.03314501220733
18528825000.0,-69.78647856290367
18533823333.3,-71.02409578052247
18538821666.7,-71.32700261004534
18543820000.0,-71.89093908990343
18548818333.3,-70.86623072565817
18553816666.7,-69.45129765159001
18558815000.0,-68.3926316091272
18563813333.3,-69.1742890963587
18568811666.7,-73.77398972719979
18573810000.0,-70.84012352914912
18578808333.3,-70.88235942034008
18583806666.7,-73.63075561005542
18588805000.0,-70.77717128225655
18593803333.3,-70.02277153017
18598801666.7,-68.80372750262082
18603800000.0,-71.82309022318682
18608798333.3,-71.5040688422963
18613796666.7,-70.0325523093159
18618795000.0,-69.23429717824358
18623793333.3,-72.46981819237432
18628791666.7,-71.7388225973039
18633790000.0,-71.93981519815725
18638788333.3,-69.91835856702198
18643786666.7,-69.64441205721911
18648785000.0,-72.06913956109875
18653783333.3,-68.93316246981202
18658781666.7,-71.1027066460179
18663780000.0,-70.56404149621206
18668778333.3,-73.12024884040076
18673776666.7,-70.29322362293047
18678775000.0,-71.05880039861358
18683773333.3,-71.21322595600861
18688771666.7,-69.61239104394443
18693770000.0,-69.07698559271488
18698768333.3,-71.19642778068703
18703766666.7,-70.2134695473753
18708765000.0,-71.29957173256747
18713763333.3,-70.22443737815885
18718761666.7,-70.17961706234509
18723760000.0,-72.92728828041713
18728758333.3,-71.10766489695601
18733756666.7,-68.46462977697354
18738755000.0,-70.26467863348189
18743753333.3,-69.33453163191432
18748751666.7,-70.48124366833723
18753750000.0,-69.74249960696565
18758748333.3,-69.88177240470243
18763746666.7,-69.96503518345042
18768745000.0,-70.19074972386079
18773743333.3,-70.40772084771999
18778741666.7,-71.42757921947275
18783740000.0,-70.18237034439653
18788738333.3,-68.18024643177074
18793736666.7,-70.22628200587879
18798735000.0,-71.30604199171741
18803733333.3,-71.45999585668031
18808731666.7,-72.3347518876284
18813730000.0,-72.45520189742534
18818728333.3,-71.74579276271673
18823726666.7,-70.33262730515942
18828725000.0,-69.94014751476544
18833723333.3,-70.68450239356154
18838721666.7,-72.46920877073572
18843720000.0,-71.0933972371883
18848718333.3,-72.76160745476056
18853716666.7,-72.20183755201928
18858715000.0,-74.30154609658163
18863713333.3,-71.48285488479627
18868711666.7,-72.80064056707589
18873710000.0,-70.40430278519337
18878708333.3,-70.73186616115234
18883706666.7,-69.51858538308389
18888705000.0,-72.05918369212691
18893703333.3,-73.06897662398333
18898701666.7,-70.53062352213801
18903700000.0,-73.06337426066443
18908698333.3,-72.58656389819159
18913696666.7,-71.93016839430146
18918695000.0,-68.87363297818573
18923693333.3,-71.50948152002444
18928691666.7,-70.05626502233676
18933690000.0,-70.53846337039444
18938688333.3,-72.1709543864495
18943686666.7,-71.34742816604006
18948685000.0,-71.8235540513736
18953683333.3,-70.88242114398835
18958681666.7,-73.21866627248579
18963680000.0,-69.60988202622835
18968678333.3,-70.03223370421604
18973676666.7,-69.8290071480724
18978675000.0,-70.6334197113593
18983673333.3,-72.8044762821529
18988671666.7,-74.53692394355839
18993670000.0,-73.92731139536325
18998668333.3,-71.77829407951026
19003666666.7,-73.62561899228785
19008665000.0,-74.84431775867688
19013663333.3,-72.94885323737066
19018661666.7,-73.46309477338919
19023660000.0,-71.26745412053674
19028658333.3,-73.4509413999106
19033656666.7,-72.80294098443532
19038655000.0,-72.91089396737992
19043653333.3,-72.82544572092951
19048651666.7,-72.85633195774038
19053650000.0,-71.85091572221316
19058648333.3,-73.25082272741342
19063646666.7,-70.16094705423991
19068645000.0,-71.15503319241866
19073643333.3,-71.9919686054255
19078641666.7,-73.76138291653034
19083640000.0,-73.2595228065541
19088638333.3,-76.92032325568782
19093636666.7,-75.64863258103257
19098635000.0,-72.58903551426543
19103633333.3,-70.505744643199
19108631666.7,-70.9774608227403
19113630000.0,-69.4246538307211
19118628333.3,-71.44646921487546
19123626666.7,-70.41894898590508
19128625000.0,-73.6841889160739
19133623333.3,-72.82896647202796
19138621666.7,-74.85878815013085
19143620000.0,-72.14748014975655
19148618333.3,-71.85608177471325
19153616666.7,-72.75134797201515
19158615000.0,-70.60579636084599
19163613333.3,-69.86348047635295
19168611666.7,-69.87009516409101
19173610000.0,-73.95290202640157
19178608333.3,-71.85025247927624
19183606666.7,-73.51261749195173
19188605000.0,-72.06485317612152
19193603333.3,-72.72692321958485
19198601666.7,-70.65996972870178
19203600000.0,-69.03696195728256
19208598333.3,-70.22616725592434
19213596666.7,-71.59127167586033
19218595000.0,-76.16112078185564
19223593333.3,-72.52010911211119
19228591666.7,-74.94104465146978
19233590000.0,-78.0361486061241
19238588333.3,-71.07015040365978
19243586666.7,-70.6990895699488
19248585000.0,-71.16133091432773
19253583333.3,-70.511748207325
19258581666.7,-72.91161514791574
19263580000.0,-73.32230425037446
19268578333.3,-75.67107551048205
19273576666.7,-74.3531456241281
19278575000.0,-72.17644459613322
19283573333.3,-72.69743064316123
19288571666.7,-72.37763458168736
19293570000.0,-70.81413099117253
19298568333.3,-73.10335591658331
19303566666.7,-71.35434197525727
19308565000.0,-73.01555320626153
19313563333.3,-74.56399898318747
19318561666.7,-73.51743039227617
19323560000.0,-73.11021269543264
19328558333.3,-75.98410476639975
19333556666.7,-72.87798076272672
19338555000.0,-72.95847130359091
19343553333.3,-73.35963558239686
19348551666.7,-73.06867589516841
19353550000.0,-72.60806735315357
19358548333.3,-73.07915852186281
19363546666.7,-74.33191418934244
19368545000.0,-72.40378158571237
19373543333.3,-74.13669771169646
19378541666.7,-71.63703017529856
19383540000.0,-72.68289278948414
19388538333.3,-72.17417057902051
19393536666.7,-71.42103917785785
19398535000.0,-71.33468143917925
19403533333.3,-71.38075563190819
19408531666.7,-76.41201943829296
19413530000.0,-71.9922649218642
19418528333.3,-72.50883213963347
19423526666.7,-71.59153785433088
19428525000.0,-71.77078126775248
19433523333.3,-74.0399795453971
19438521666.7,-67.674533941325
19443520000.0,-74.07420603090384
19448518333.3,-71.97172782651332
19453516666.7,-73.42157367415864
19458515000.0,-76.37552068534336
19463513333.3,-76.08816508548185
19468511666.7,-71.52926330691668
19473510000.0,-75.29013431419465
19478508333.3,-71.13246685414497
19483506666.7,-68.13480159491463
19488505000.0,-72.10887312997973
19493503333.3,-72.33010657402954
19498501666.7,-72.11268611531055
19503500000.0,-73.31370453963157
19508498333.3,-74.8028980208595
19513496666.7,-72.46274691128511
19518495000.0,-72.58920402047931
19523493333.3,-72.66624254798374
19528491666.7,-72.20773290394462
19533490000.0,-70.86977162433429
19538488333.3,-74.57031016360355
19543486666.7,-72.94483545663178
19548485000.0,-79.0882364952781
19553483333.3,-75.22060941586875
19558481666.7,-72.69392799494884
19563480000.0,-71.38574317679524
19568478333.3,-72.18936201673914
19573476666.7,-71.75595537693792
19578475000.0,-70.64946613841305
19583473333.3,-71.02172745017668
19588471666.7,-78.02188991213987
19593470000.0,-74.824735926109
19598468333.3,-76.1411128790032
19603466666.7,-73.92748102971129
19608465000.0,-71.72154177912286
19613463333.3,-74.74856411233787
19618461666.7,-70.43692635239196
19623460000.0,-70.87759201967587
19628458333.3,-75.13944320256947
19633456666.7,-75.46574991682769
19638455000.0,-71.86676018985834
19643453333.3,-73.55485638205033
19648451666.7,-71.82028686230049
19653450000.0,-74.23672396919
19658448333.3,-73.02215644663872
19663446666.7,-71.4856844064468
19668445000.0,-73.36940663731747
19673443333.3,-73.38697110836277
19678441666.7,-71.89790082533509
19683440000.0,-79.9355759895524
19688438333.3,-78.7567472192367
19693436666.7,-75.70423014082348
19698435000.0,-75.98945950652956
19703433333.3,-74.53981382253565
19708431666.7,-71.84147374008161
19713430000.0,-74.43015212998338
19718428333.3,-74.27428270884951
19723426666.7,-77.74737367902078
19728425000.0,-77.91477454486213
19733423333.3,-75.05699450049872
19738421666.7,-77.71114771775999
19743420000.0,-75.20788236039579
19748418333.3,-73.89058941787167
19753416666.7,-71.64646198800408
19758415000.0,-74.07853485784742
19763413333.3,-74.28166875307399
19768411666.7,-73.64354156443143
19773410000.0,-78.70740525870053
19778408333.3,-75.68591697841308
19783406666.7,-75.55416890981607
19788405000.0,-78.39814064393384
19793403333.3,-72.74620385337187
19798401666.7,-76.28687747016299
19803400000.0,-73.83205199975946
19808398333.3,-74.27441111382579
19813396666.7,-73.5743801094759
19818395000.0,-74.64247937767276
19823393333.3,-77.75639033660033
19828391666.7,-75.33785912994277
19833390000.0,-76.56456160553243
19838388333.3,-78.42642825933338
19843386666.7,-75.64444603517342
19848385000.0,-73.16522438037018
19853383333.3,-72.59147126643624
19858381666.7,-72.23532075537015
19863380000.0,-75.193173691318
19868378333.3,-72.67619520842122
19873376666.7,-75.5810320596633
19878375000.0,-76.37277397782611
19883373333.3,-78.19463565468956
19888371666.7,-73.16241269766583
19893370000.0,-72.25537106248598
19898368333.3,-74.70512385953737
19903366666.7,-76.81482556534702
19908365000.0,-73.17697101635743
19913363333.3,-72.73091304937333
19918361666.7,-76.27315749456149
19923360000.0,-73.38456656500581
19928358333.3,-75.22937413028703
19933356666.7,-75.2118551741594
19938355000.0,-75.60242159911311
19943353333.3,-74.35101651205338
19948351666.7,-72.26009693325541
19953350000.0,-74.40161877570416
19958348333.3,-75.84084468350325
19963346666.7,-78.842526168812
19968345000.0,-80.98545233325825
19973343333.3,-80.16651623841305
19978341666.7,-78.59313175634999
19983340000.0,-74.34767494572529
19988338333.3,-72.23890026270192
19993336666.7,-71.7694798910751
19998335000.0,-74.88067578681226
20003333333.3,-76.02204019296033
20008331666.7,-74.72045767156123
20013330000.0,-77.5833431522348
20018328333.3,-78.04565809692238
20023326666.7,-80.24552306044454
20028325000.0,-83.17614480342161
20033323333.3,-75.14572019933954
20038321666.7,-77.14177679529061
20043320000.0,-76.67190599973122
20048318333.3,-73.04905650709466
20053316666.7,-83.55568962759234
20058315000.0,-83.5652689794472
20063313333.3,-80.30275454857863
20068311666.7,-75.67580252955796
20073310000.0,-74.36548223538172
20078308333.3,-71.93266837370732
20083306666.7,-76.2345140024536
20088305000.0,-74.69318826485198
20093303333.3,-75.83289673703807
20098301666.7,-74.26554787753031
20103300000.0,-75.82420300748507
20108298333.3,-77.51296073770608
20113296666.7,-75.29558808052644
20118295000.0,-77.91482043116487
20123293333.3,-73.35274486155699
20128291666.7,-75.68092115926332
20133290000.0,-74.83607950276591
20138288333.3,-75.10762868999146
20143286666.7,-80.69505299933616
20148285000.0,-76.78765310239429
20153283333.3,-75.77216632397077
20158281666.7,-82.92141309311629
20163280000.0,-76.07838912642546
20168278333.3,-77.08159284685685
20173276666.7,-75.21462230924452
20178275000.0,-75.42187670832905
20183273333.3,-75.31871299899842
20188271666.7,-74.25064860307043
20193270000.0,-75.50966180195248
20198268333.3,-81.33391996170567
20203266666.7,-81.94370159383801
20208265000.0,-82.89609754860513
20213263333.3,-77.78315344170684
20218261666.7,-73.84689362121611
20223260000.0,-72.83827237855525
20228258333.3,-74.2374767150895
20233256666.7,-79.40625338018096
20238255000.0,-77.24369078354756
20243253333.3,-78.7603425729798
20248251666.7,-77.20289128492115
20253250000.0,-79.41720309240006
20258248333.3,-75.60561388261749
20263246666.7,-75.48961010721655
20268245000.0,-72.71670750445342
20273243333.3,-71.86865730157015
20278241666.7,-76.14067178850537
20283240000.0,-76.90021551405327
20288238333.3,-78.44021530641433
20293236666.7,-79.26397144524196
20298235000.0,-78.81521126542613
20303233333.3,-75.75663374536698
20308231666.7,-80.04748574111312
20313230000.0,-74.16052407362241
20318228333.3,-74.05227090886027
20323226666.7,-74.31613595187797
20328225000.0,-78.86484180928933
20333223333.3,-79.9520776430455
20338221666.7,-77.07205341283833
20343220000.0,-82.64596135434779
20348218333.3,-73.61707404080467
20353216666.7,-74.19621831242492
20358215000.0,-77.04131591879622
20363213333.3,-75.55942441188719
20368211666.7,-73.50020006666873
20373210000.0,-80.48571139994253
20378208333.3,-80.98679565121479
20383206666.7,-83.34879865179545
20388205000.0,-80.22435708670406
20393203333.3,-85.00242212366665
20398201666.7,-77.51015484753347
20403200000.0,-77.09630090483596
20408198333.3,-78.32774284807648
20413196666.7,-76.35441911280792
20418195000.0,-73.64095195804096
20423193333.3,-78.48082174703863
20428191666.7,-78.19593358506009
20433190000.0,-79.67476480385629
20438188333.3,-79.04275670261823
20443186666.7,-80.57894905547269
20448185000.0,-78.16082586460152
20453183333.3,-73.33465910923232
20458181666.7,-78.53532740512452
20463180000.0,-77.01313326195356
20468178333.3,-76.89698917280155
20473176666.7,-76.94654941341493
20478175000.0,-90.05702278041525
20483173333.3,-78.4462491665683
20488171666.7,-81.28339252605487
20493170000.0,-77.70394569950268
20498168333.3,-79.31596537764635
20503166666.7,-74.4429969434455
20508165000.0,-77.89900435927562
20513163333.3,-79.07586334642274
20518161666.7,-78.33941970119484
20523160000.0,-84.01515362273653
20528158333.3,-80.61020888027704
20533156666.7,-77.60774543892916
20538155000.0,-75.50401152756339
20543153333.3,-84.51115275983058
20548151666.7,-79.02141379299776
20553150000.0,-79.46810337616233
20558148333.3,-74.76898397269073
20563146666.7,-78.70148429512093
20568145000.0,-76.8820818297007
20573143333.3,-86.85697543488135
20578141666.7,-81.959388250861
20583140000.0,-80.78971198334749
20588138333.3,-78.36443782350325
20593136666.7,-74.40600120268633
20598135000.0,-73.62101963681282
20603133333.3,-74.71320948274295
20608131666.7,-79.11581869630454
20613130000.0,-78.5290501389935
20618128333.3,-78.5375116470213
20623126666.7,-77.32650465373288
20628125000.0,-95.79341931680909
20633123333.3,-76.67647925366673
20638121666.7,-74.7308489482003
20643120000.0,-75.22540398911735
20648118333.3,-74.87880927928765
20653116666.7,-78.85507184427993
20658115000.0,-80.64419770405212
20663113333.3,-82.89048401790885
20668111666.7,-83.64954877556261
20673110000.0,-78.90332572462844
20678108333.3,-82.09498274516034
20683106666.7,-75.76575317021783
20688105000.0,-76.31157044516148
20693103333.3,-77.58013481525323
20698101666.7,-76.90851985702315
20703100000.0,-80.8078596964668
20708098333.3,-81.01620862894617
20713096666.7,-83.6350834387782
20718095000.0,-93.82879765212465
20723093333.3,-79.20375888817833
20728091666.7,-77.55301351428373
20733090000.0,-77.05081995881156
20738088333.3,-79.76744653129357
20743086666.7,-75.93755961711905
20748085000.0,-75.73615930086457
20753083333.3,-77.09165120895867
20758081666.7,-80.18808297439831
20763080000.0,-80.14798819600145
20768078333.3,-78.72210847661012
20773076666.7,-80.79331021107137
20778075000.0,-76.32428115629173
20783073333.3,-77.21670714975623
20788071666.7,-76.32578904564535
20793070000.0,-75.05323232551386
20798068333.3,-82.52724016485003
20803066666.7,-90.26762511474996
20808065000.0,-83.02927047158559
20813063333.3,-78.62604215852295
20818061666.7,-80.24812359564163
20823060000.0,-76.1304248391844
20828058333.3,-78.49382728588517
20833056666.7,-81.16792988898521
20838055000.0,-75.17684252642283
20843053333.3,-83.05194105250058
20848051666.7,-84.00592746481423
20853050000.0,-90.05944480159675
20858048333.3,-82.35558239074726
20863046666.7,-78.62160722135337
20868045000.0,-78.28684678475146
20873043333.3,-73.02464622064024
20878041666.7,-77.62031837188027
20883040000.0,-80.16228372441476
20888038333.3,-75.12272437022139
20893036666.7,-81.38572776037407
20898035000.0,-82.37735720054849
20903033333.3,-94.25284352987958
20908031666.7,-84.73812708477156
20913030000.0,-91.19707797812444
20918028333.3,-80.34390634375299
20923026666.7,-78.94810466627709
20928025000.0,-83.50724653699467
20933023333.3,-78.97080052766648
20938021666.7,-75.39193054904572
20943020000.0,-84.62400473615762
20948018333.3,-78.69546681741357
20953016666.7,-86.43710815789117
20958015000.0,-80.20961403764205
20963013333.3,-76.78427950804188
20968011666.7,-77.8507349526059
20973010000.0,-79.29893143003312
20978008333.3,-79.37673815433749
20983006666.7,-78.72194559810234
20988005000.0,-79.6381501361983
20993003333.3,-84.34005829106613
20998001666.7,-85.65289530441581
21003000000.0,-79.9892812586094
21007998333.3,-78.89420333943806
21012996666.7,-80.00585141848387
21017995000.0,-81.64435170817606
21022993333.3,-79.40155130233663
21027991666.7,-77.27877944871713
21032990000.0,-85.89580176606043
21037988333.3,-80.57116100070738
21042986666.7,-79.87213564046515
21047985000.0,-77.43018873673675
21052983333.3,-79.33131912228707
21057981666.7,-76.43923727863124
21062980000.0,-78.80755165609702
21067978333.3,-77.80251849456488
21072976666.7,-83.89408193367599
21077975000.0,-82.27445116754545
21082973333.3,-79.6156481547865
21087971666.7,-81.36917383289739
21092970000.0,-79.48189158968215
21097968333.3,-74.57972344921387
21102966666.7,-80.93567941946014
21107965000.0,-81.53653404655181
21112963333.3,-77.96062125697675
21117961666.7,-78.82288499053338
21122960000.0,-77.52424919790431
21127958333.3,-79.93485533211427
21132956666.7,-89.7604119055502
21137955000.0,-96.8785488420803
21142953333.3,-81.33214339963459
21147951666.7,-80.81261419582947
21152950000.0,-79.50407919611733
21157948333.3,-82.07932690856161
21162946666.7,-79.80869460542034
21167945000.0,-78.79421545748404
21172943333.3,-81.03697882144586
21177941666.7,-86.82881232377616
21182940000.0,-95.83385455998751
21187938333.3,-88.80653372522475
21192936666.7,-79.65889222699234
21197935000.0,-84.39968735449142
21202933333.3,-79.32639903173295
21207931666.7,-76.31025861311625
21212930000.0,-78.55578092975942
21217928333.3,-85.29608987921739
21222926666.7,-80.75382796142927
21227925000.0,-88.63045763643684
21232923333.3,-79.3442562159524
21237921666.7,-83.26237795473654
21242920000.0,-78.55642243868886
21247918333.3,-80.69140502017007
21252916666.7,-77.48529635007847
21257915000.0,-82.26391929962952
21262913333.3,-81.96087264796549
21267911666.7,-90.20615326579144
21272910000.0,-84.8538651681786
21277908333.3,-81.68485358552105
21282906666.7,-81.92964739591784
21287905000.0,-76.16545769582147
21292903333.3,-76.32900181221436
21297901666.7,-77.25489786468123
21302900000.0,-79.83229733609863
21307898333.3,-82.70279674602969
21312896666.7,-103.51586891021925
21317895000.0,-97.71802113000732
21322893333.3,-84.75758942639652
21327891666.7,-81.9700586291495
21332890000.0,-75.19529461327559
21337888333.3,-73.87744827937763
21342886666.7,-80.07108344914207
21347885000.0,-78.63418097850197
21352883333.3,-77.4090940349578
21357881666.7,-80.12251347233475
21362880000.0,-82.05515534488377
21367878333.3,-83.50794209206279
21372876666.7,-97.32150063039106
21377875000.0,-76.59946918917996
21382873333.3,-76.95842026583092
21387871666.7,-75.98259611510662
21392870000.0,-77.96999793281626
21397868333.3,-77.89419330805866
21402866666.7,-82.39355149846884
21407865000.0,-85.82597830838749
21412863333.3,-97.0584349135661
21417861666.7,-75.73539066511421
21422860000.0,-79.74065639662055
21427858333.3,-80.6885221389521
21432856666.7,-76.88365564456586
21437855000.0,-81.19074599084989
21442853333.3,-76.44874432109559
21447851666.7,-79.50483641139725
21452850000.0,-81.69326279855869
21457848333.3,-89.8190125734566
21462846666.7,-81.47355696021704
21467845000.0,-75.54204015487387
21472843333.3,-82.05668068930117
21477841666.7,-78.65840165275596
21482840000.0,-74.28988239686274
21487838333.3,-84.41971529400872
21492836666.7,-81.35319650483554
21497835000.0,-80.78686665813322
21502833333.3,-81.50952342489839
21507831666.7,-81.59310768145329
21512830000.0,-83.29221522376517
21517828333.3,-88.51111078070547
21522826666.7,-81.71126237670072
21527825000.0,-75.05609069195646
21532823333.3,-76.80206205860367
21537821666.7,-78.42886871689171
21542820000.0,-82.40120864957552
21547818333.3,-82.1095073171551
21552816666.7,-90.29205792255587
21557815000.0,-79.20317073298979
21562813333.3,-77.8707305924279
21567811666.7,-76.47579646381664
21572810000.0,-75.19577637950081
21577808333.3,-77.94138789652068
21582806666.7,-93.29293830858866
21587805000.0,-78.7487095053656
21592803333.3,-81.08535586097034
21597801666.7,-84.04049551112344
21602800000.0,-81.15688524320502
21607798333.3,-84.36764796062418
21612796666.7,-84.99394310617696
21617795000.0,-77.85534138718994
21622793333.3,-84.3873698278088
21627791666.7,-79.66432206634114
21632790000.0,-78.10594889903649
21637788333.3,-83.99455486832292
21642786666.7,-85.15048682577702
21647785000.0,-85.99039601334974
21652783333.3,-80.13316988565565
21657781666.7,-105.55220563850456
21662780000.0,-89.35176390144707
21667778333.3,-74.12592454487057
21672776666.7,-78.91036445926355
21677775000.0,-76.14108024136927
21682773333.3,-80.39635404620107
21687771666.7,-82.38545771322637
21692770000.0,-82.03242958458013
21697768333.3,-87.15021137700896
21702766666.7,-80.43670052434209
21707765000.0,-76.62179433617304
21712763333.3,-76.2349662200244
21717761666.7,-86.0005079111992
21722760000.0,-79.35056608141288
21727758333.3,-86.31501030607981
21732756666.7,-87.56595283329055
21737755000.0,-80.92590491966172
21742753333.3,-78.31018788761547
21747751666.7,-79.44292672453398
21752750000.0,-83.58790102337849
21757748333.3,-78.24419190417258
21762746666.7,-77.12179244475747
21767745000.0,-80.69294778822645
21772743333.3,-81.73270607056354
21777741666.7,-78.51657789203466
21782740000.0,-83.54959594485663
21787738333.3,-85.44817571289569
21792736666.7,-83.0278384168094
21797735000.0,-78.91934258421769
21802733333.3,-77.89142918221371
21807731666.7,-79.9456481929648
21812730000.0,-75.9833662770003
21817728333.3,-81.94201478983503
21822726666.7,-82.94932736629289
21827725000.0,-109.62798163690508
21832723333.3,-90.55375737234797
21837721666.7,-80.35727754722878
21842720000.0,-83.61644978513853
21847718333.3,-81.87430188164349
21852716666.7,-78.00014507698548
21857715000.0,-79.51070255806047
21862713333.3,-79.91246554900064
21867711666.7,-82.84692580496666
21872710000.0,-94.6077497785459
21877708333.3,-85.2263946737466
21882706666.7,-82.15385808388747
21887705000.0,-92.28433760411691
21892703333.3,-116.35464347125486
21897701666.7,-86.0008467416128
21902700000.0,-80.2063841595799
21907698333.3,-78.69196126060162
21912696666.7,-79.14803829191926
21917695000.0,-79.99823018153035
21922693333.3,-95.35198793049176
21927691666.7,-85.61004678691825
21932690000.0,-81.33247380012571
21937688333.3,-85.78711769004661
21942686666.7,-78.96550336571089
21947685000.0,-77.07564267740983
21952683333.3,-79.1714943093912
21957681666.7,-78.69448446649511
21962680000.0,-79.83604436764556
21967678333.3,-89.78402492144826
21972676666.7,-83.04421786405538
21977675000.0,-81.80347848667573
21982673333.3,-83.10905122806106
21987671666.7,-75.82531294790037
21992670000.0,-80.05115306247896
21997668333.3,-78.43225757320366
22002666666.7,-76.6565998379795
22007665000.0,-78.7478113724916
22012663333.3,-90.47743307009145
22017661666.7,-84.01803243041772
22022660000.0,-90.95563483872981
22027658333.3,-85.73063912607721
22032656666.7,-80.88564139394826
22037655000.0,-76.58985184920603
22042653333.3,-79.24269907046815
22047651666.7,-81.63266509403795
22052650000.0,-79.81347064746858
22057648333.3,-82.98110497272057
22062646666.7,-87.36255040388323
22067645000.0,-80.81754068884405
22072643333.3,-79.62078191190288
22077641666.7,-77.31710769239045
22082640000.0,-73.28149919033892
22087638333.3,-78.61590914642404
22092636666.7,-82.45679402777937
22097635000.0,-86.59712743007964
22102633333.3,-84.97674493481148
22107631666.7,-93.77674363145593
22112630000.0,-87.90580105944095
22117628333.3,-85.28334914490996
22122626666.7,-82.57133002023426
22127625000.0,-77.76898971455104
22132623333.3,-77.72821653440617
22137621666.7,-90.53647775882197
22142620000.0,-82.00195834810057
22147618333.3,-82.36637426905197
22152616666.7,-82.52788433284141
22157615000.0,-87.58518133553773
22162613333.3,-79.82866402890801
22167611666.7,-82.3154361208635
22172610000.0,-79.79219231953105
22177608333.3,-79.93606347952226
22182606666.7,-80.7734143485674
22187605000.0,-79.35999012762123
22192603333.3,-80.16304270402118
22197601666.7,-85.66807993466183
22202600000.0,-90.25657030621268
22207598333.3,-81.43944842231379
22212596666.7,-80.4085636866177
22217595000.0,-76.3932340521742
22222593333.3,-82.48784805483481
22227591666.7,-80.12541812387467
22232590000.0,-79.63617172782706
22237588333.3,-79.44115313645807
22242586666.7,-84.25233429585407
22247585000.0,-88.87940787865416
22252583333.3,-87.89793331318322
22257581666.7,-83.77632748945459
22262580000.0,-80.79264921182306
22267578333.3,-79.80083999103316
22272576666.7,-80.23242137883318
22277575000.0,-79.87189478449453
22282573333.3,-77.67636754772509
22287571666.7,-83.28683980078952
22292570000.0,-92.23035082384902
22297568333.3,-91.4409160198408
22302566666.7,-83.19128163534228
22307565000.0,-85.46997292604017
22312563333.3,-81.43808166934846
22317561666.7,-79.88649339135324
22322560000.0,-81.4834417222712
22327558333.3,-75.69367770179413
22332556666.7,-79.83812290714786
22337555000.0,-87.93919737873858
22342553333.3,-91.76925734990753
22347551666.7,-82.9632036438282
22352550000.0,-82.74787091877143
22357548333.3,-82.89370358666145
22362546666.7,-78.61252226096633
22367545000.0,-84.89279030346778
22372543333.3,-79.82510034383888
22377541666.7,-80.31881689212447
22382540000.0,-76.69413370922666
22387538333.3,-84.53557263275258
22392536666.7,-79.90827178812881
22397535000.0,-85.04384332519768
22402533333.3,-83.80131162545312
22407531666.7,-75.1519995666285
22412530000.0,-80.95117710530525
22417528333.3,-78.31306467158899
22422526666.7,-77.9397848564317
22427525000.0,-79.4065516988653
22432523333.3,-82.87532497409342
22437521666.7,-84.93410544372743
22442520000.0,-91.05025375445692
22447518333.3,-82.85909200471121
22452516666.7,-85.60934531775018
22457515000.0,-76.55917482727132
22462513333.3,-75.63691269958126
22467511666.7,-80.85215081704123
22472510000.0,-87.58127978052539
22477508333.3,-91.74853182080568
22482506666.7,-82.31972253299732
22487505000.0,-90.95945311216352
22492503333.3,-80.57106987356654
22497501666.7,-78.63951432343882
22502500000.0,-85.22570806973788
22507498333.3,-79.30143793615512
22512496666.7,-79.03298853343162
22517495000.0,-76.99984464593997
22522493333.3,-93.88531987000754
22527491666.7,-83.97386741173251
22532490000.0,-83.71507299666605
22537488333.3,-95.5702672815383
22542486666.7,-85.41416988676016
22547485000.0,-77.65174529834155
22552483333.3,-74.59352958767336
22557481666.7,-79.03989378439805
22562480000.0,-79.06894027136987
22567478333.3,-80.47441029879576
22572476666.7,-86.15748922720172
22577475000.0,-115.35159166544771
22582473333.3,-81.52759258288916
22587471666.7,-81.02672261469715
22592470000.0,-82.57211041571395
22597468333.3,-84.15222751377561
22602466666.7,-78.69971688071635
22607465000.0,-77.9832312460948
22612463333.3,-80.81261456413881
22617461666.7,-84.88538479380244
22622460000.0,-89.39361789824343
22627458333.3,-83.45480349131842
22632456666.7,-79.28770546749314
22637455000.0,-81.21285896130101
22642453333.3,-78.46809634309834
22647451666.7,-77.65891029760542
22652450000.0,-77.01749597694842
22657448333.3,-81.47267498381082
22662446666.7,-81.46051742862741
22667445000.0,-81.07658668345647
22672443333.3,-82.83530438678154
22677441666.7,-85.86384472369808
22682440000.0,-79.57908212803838
22687438333.3,-78.19376116372099
22692436666.7,-76.33425123904658
22697435000.0,-84.45895893417621
22702433333.3,-85.73960325762157
22707431666.7,-77.56706062210509
22712430000.0,-92.95775687280906
22717428333.3,-88.35258924983916
22722426666.7,-82.53664997426925
22727425000.0,-81.07461402554634
22732423333.3,-80.86019850634207
22737421666.7,-79.6856213168771
22742420000.0,-81.50531950483098
22747418333.3,-86.43717228505207
22752416666.7,-83.0588251410736
22757415000.0,-83.79694310583642
22762413333.3,-84.65580873055566
22767411666.7,-83.89599683049168
22772410000.0,-81.82305626010694
22777408333.3,-83.28724334784427
22782406666.7,-80.30151725773288
22787405000.0,-80.16564654380059
22792403333.3,-83.15632610533541
22797401666.7,-82.9187269258893
22802400000.0,-79.58393162833842
22807398333.3,-87.25560399373234
22812396666.7,-98.38543874489883
22817395000.0,-91.61939616278885
22822393333.3,-78.28600029892422
22827391666.7,-77.39586415105916
22832390000.0,-77.40890083911616
22837388333.3,-78.83514196928748
22842386666.7,-78.44084824221864
22847385000.0,-84.9317831415926
22852383333.3,-89.02027140162055
22857381666.7,-84.40209975774181
22862380000.0,-88.93217824800777
22867378333.3,-85.01184102570147
22872376666.7,-83.02369324086841
22877375000.0,-75.80578726005893
22882373333.3,-77.95018391858402
22887371666.7,-87.56945480850747
22892370000.0,-80.28202618026361
22897368333.3,-81.73787764916752
22902366666.7,-84.75164363092176
22907365000.0,-87.26930628737074
22912363333.3,-82.02172670641914
22917361666.7,-83.77447743595809
22922360000.0,-81.33513128972359
22927358333.3,-79.42345558655425
22932356666.7,-94.15708656022889
22937355000.0,-81.57706842660282
22942353333.3,-81.47203790323911
22947351666.7,-85.8528504006772
22952350000.0,-83.9851700603627
22957348333.3,-83.01769507766436
22962346666.7,-81.93615429427184
22967345000.0,-79.02084805530612
22972343333.3,-81.08218978376243
22977341666.7,-78.11775794534938
22982340000.0,-82.90505830211004
22987338333.3,-81.20827435401714
22992336666.7,-78.4908128103364
22997335000.0,-79.43567197983037
23002333333.3,-82.81038932160456
23007331666.7,-77.73444170876449
23012330000.0,-80.11328806917155
23017328333.3,-82.51981329186621
23022326666.7,-82.49276342662117
23027325000.0,-78.90536363168995
23032323333.3,-85.07952238885787
23037321666.7,-83.7908031559674
23042320000.0,-85.27878788429221
23047318333.3,-82.53171169850447
23052316666.7,-84.17718399826177
23057315000.0,-81.47155406450538
23062313333.3,-85.85236385622846
23067311666.7,-83.84120852531018
23072310000.0,-78.94432034974683
23077308333.3,-81.46608712939697
23082306666.7,-81.40300683652464
23087305000.0,-84.66401414788662
23092303333.3,-82.88535768861766
23097301666.7,-85.02792161800592
23102300000.0,-77.33379094585919
23107298333.3,-78.03331262911999
23112296666.7,-78.09468165391367
23117295000.0,-80.73818981781757
23122293333.3,-79.95828001813707
23127291666.7,-81.69804811262507
23132290000.0,-89.03900020358998
23137288333.3,-89.94594632599159
23142286666.7,-93.08346641123117
23147285000.0,-79.6411055663308
23152283333.3,-81.86978492190214
23157281666.7,-79.11297022571995
23162280000.0,-79.82533776429663
23167278333.3,-81.02367767038474
23172276666.7,-77.41374239725819
23177275000.0,-84.15980268276392
23182273333.3,-85.09109750116856
23187271666.7,-86.52566108835627
23192270000.0,-81.6785287228766
23197268333.3,-84.17151021473666
23202266666.7,-80.18215290378294
23207265000.0,-82.61642732507566
23212263333.3,-81.38498700857967
23217261666.7,-82.61646456089076
23222260000.0,-82.98109084550862
23227258333.3,-90.20749132553179
23232256666.7,-83.96439616332856
23237255000.0,-81.38990622419848
23242253333.3,-82.93629815757478
23247251666.7,-80.78111548120663
23252250000.0,-84.61058982001104
23257248333.3,-84.977536702418
23262246666.7,-81.89519796118284
23267245000.0,-79.84219301056366
23272243333.3,-85.55376368288462
23277241666.7,-86.60499255577038
23282240000.0,-81.89363418056166
23287238333.3,-86.23650892666217
23292236666.7,-84.26597535920814
23297235000.0,-76.659991377449
23302233333.3,-78.16979536163055
23307231666.7,-83.67782237275306
23312230000.0,-82.23523265388927
23317228333.3,-112.76340092327789
23322226666.7,-93.00442698119161
23327225000.0,-95.66075099922676
23332223333.3,-87.92209934219863
23337221666.7,-79.45899642789803
23342220000.0,-80.57875398856858
23347218333.3,-81.02275155712596
23352216666.7,-76.7962618639908
23357215000.0,-83.9486380705309
23362213333.3,-85.87750335382891
23367211666.7,-86.08484887353585
23372210000.0,-84.66112314398087
23377208333.3,-88.2264755067385
23382206666.7,-77.91043673730017
23387205000.0,-79.62031866726733
23392203333.3,-76.027277991679
23397201666.7,-76.91498724481694
23402200000.0,-78.97711509528625
23407198333.3,-84.62202799759147
23412196666.7,-84.81522374265711
23417195000.0,-80.55167080809332
23422193333.3,-88.0913238374927
23427191666.7,-81.50040499242871
23432190000.0,-81.35232098581443
23437188333.3,-76.50184607388996
23442186666.7,-77.06622902691267
23447185000.0,-84.60580145901879
23452183333.3,-81.61939484323284
23457181666.7,-85.06553408554996
23462180000.0,-85.56080084287129
23467178333.3,-87.04941522784296
23472176666.7,-81.50591715702592
23477175000.0,-97.1576062097511
23482173333.3,-83.81656112863071
23487171666.7,-85.14951145382113
23492170000.0,-79.69212722774857
23497168333.3,-82.87562954284917
23502166666.7,-86.63295369050935
23507165000.0,-78.84713851383864
23512163333.3,-87.76524600347108
23517161666.7,-77.76316759518885
23522160000.0,-76.4165355663753
23527158333.3,-82.27985950825274
23532156666.7,-78.23484775834054
23537155000.0,-82.92435567178842
23542153333.3,-80.63140684219943
23547151666.7,-83.86505458902606
23552150000.0,-86.51426417651477
23557148333.3,-81.65596159638315
23562146666.7,-103.93099813171654
23567145000.0,-90.71700608074609
23572143333.3,-82.69894012948284
23577141666.7,-76.67615710352698
23582140000.0,-80.26222893785553
23587138333.3,-85.90367366373451
23592136666.7,-84.01639876957105
23597135000.0,-84.76233863541331
23602133333.3,-81.2919503050688
23607131666.7,-89.71317520679987
23612130000.0,-77.86171123458975
23617128333.3,-79.95452711672647
23622126666.7,-75.72666063565602
23627125000.0,-79.46409880973555
23632123333.3,-79.70477735182426
23637121666.7,-89.16428309749342
23642120000.0,-79.23684146621352
23647118333.3,-89.08647946379733
23652116666.7,-83.22464092826667
23657115000.0,-82.25340683694773
23662113333.3,-80.18681356232534
23667111666.7,-77.88073440410497
23672110000.0,-84.72535635153253
23677108333.3,-85.372294500588
23682106666.7,-82.276705015637
23687105000.0,-89.72494796210697
23692103333.3,-80.6412982474836
23697101666.7,-78.19421539322767
23702100000.0,-80.76182960033172
23707098333.3,-77.79727063717156
23712096666.7,-82.03356133037487
23717095000.0,-86.18135444941089
23722093333.3,-79.92337852390777
23727091666.7,-78.54411893431623
23732090000.0,-99.24079696795496
23737088333.3,-83.34718642613657
23742086666.7,-83.3038595682411
23747085000.0,-80.53214839978776
23752083333.3,-76.89295621764263
23757081666.7,-80.15404656459887
23762080000.0,-80.5487226950078
23767078333.3,-81.19282445458522
23772076666.7,-81.38371727398228
23777075000.0,-79.4768882679429
23782073333.3,-99.1822480641295
23787071666.7,-84.04918561198275
23792070000.0,-78.556484667677
23797068333.3,-84.08851249586037
23802066666.7,-87.31578377550342
23807065000.0,-84.20913594230845
23812063333.3,-80.72096128032555
23817061666.7,-78.6562332471337
23822060000.0,-77.75962264881437
23827058333.3,-86.12061552092607
23832056666.7,-79.66253697603172
23837055000.0,-85.86491653951154
23842053333.3,-83.51122733279757
23847051666.7,-76.1187467008055
23852050000.0,-84.10826141903827
23857048333.3,-77.52883230408771
23862046666.7,-83.07868639938441
23867045000.0,-84.83407304142523
23872043333.3,-80.55847371908322
23877041666.7,-83.9708788926346
23882040000.0,-92.66765380299972
23887038333.3,-80.5533177784746
23892036666.7,-80.68869741489655
23897035000.0,-82.48912968992761
23902033333.3,-75.96122625412723
23907031666.7,-81.58503915569439
23912030000.0,-81.7265974158085
23917028333.3,-87.62797798197394
23922026666.7,-77.12392121512559
23927025000.0,-82.50756327638813
23932023333.3,-90.20668592392815
23937021666.7,-85.82787266583449
23942020000.0,-100.58372884732259
23947018333.3,-79.66085237876223
23952016666.7,-84.25687367796942
23957015000.0,-82.14087360842879
23962013333.3,-79.85854610933941
23967011666.7,-91.21459745966824
23972010000.0,-87.24553564749839
23977008333.3,-85.2866769609657
23982006666.7,-88.62404540411426
23987005000.0,-78.68909817642609
23992003333.3,-82.25128684251287
23997001666.7,-78.99807061344015
24002000000.0,-78.72102086860009
24006998333.3,-84.72725383173555
24011996666.7,-77.83495324719723
24016995000.0,-88.5624467765474
24021993333.3,-75.45735273177024
24026991666.7,-77.33709323309111
24031990000.0,-74.32968866736864
24036988333.3,-79.71465474728807
24041986666.7,-67.6536539237379
24046985000.0,-76.48840420851121
24051983333.3,-72.17577920917223
24056981666.7,-73.60047656101014
24061980000.0,-75.05905848601208
24066978333.3,-91.07257804283229
24071976666.7,-74.67283108065376
24076975000.0,-74.32876612630827
24081973333.3,-75.27868706690712
24086971666.7,-72.4922395102794
24091970000.0,-72.63755827083541
24096968333.3,-69.41200146407083
24101966666.7,-77.82189606898868
24106965000.0,-75.1314349849171
24111963333.3,-77.20331752787726
24116961666.7,-72.01749470495506
24121960000.0,-74.1273416974098
24126958333.3,-74.71044378325544
24131956666.7,-74.1382524892724
24136955000.0,-75.4833858272346
24141953333.3,-65.90646740249885
24146951666.7,-72.19103195918936
24151950000.0,-75.1894038641703
24156948333.3,-74.15809836921633
24161946666.7,-73.0518223127376
24166945000.0,-73.08873521387883
24171943333.3,-82.0374424338854
24176941666.7,-72.30248395473402
24181940000.0,-81.93114803484511
24186938333.3,-76.4698235249446
24191936666.7,-77.86097418150567
24196935000.0,-85.50085733199771
24201933333.3,-80.50557696158415
24206931666.7,-81.43500580037625
24211930000.0,-78.78534166268824
24216928333.3,-70.56475319422903
24221926666.7,-96.1807642509303
24226925000.0,-86.34295086088721
24231923333.3,-73.36291516806308
24236921666.7,-75.89379944696738
24241920000.0,-77.91355807130995
24246918333.3,-78.1391303395831
24251916666.7,-73.75958296642641
24256915000.0,-71.45411093038258
24261913333.3,-76.7479779320167
24266911666.7,-71.90519448238247
24271910000.0,-84.00618050341457
24276908333.3,-79.4687045518946
24281906666.7,-75.17489190994
24286905000.0,-79.14265560941944
24291903333.3,-74.36207763362047
24296901666.7,-78.8740139456385
24301900000.0,-71.9379471153737
24306898333.3,-75.26188164941209
24311896666.7,-70.98014457244255
24316895000.0,-75.26782197456126
24321893333.3,-70.87230947652054
24326891666.7,-69.53995931822999
24331890000.0,-77.73440418854716
24336888333.3,-78.3831885441009
24341886666.7,-76.23074900739662
24346885000.0,-81.48096206192014
24351883333.3,-77.50396326073465
24356881666.7,-79.43852675623411
24361880000.0,-67.29768349242232
24366878333.3,-79.75183039668151
24371876666.7,-68.57846885476208
24376875000.0,-80.83044896138894
24381873333.3,-76.42270311790415
24386871666.7,-80.16376467529977
24391870000.0,-73.3927905724911
24396868333.3,-77.1283286913011
24401866666.7,-71.8144354856732
24406865000.0,-86.64608789950712
24411863333.3,-75.17499388746948
24416861666.7,-69.78483006819029
24421860000.0,-89.52049917903065
24426858333.3,-73.40497296581844
24431856666.7,-75.55357513659538
24436855000.0,-76.36298885709449
24441853333.3,-78.90159284792806
24446851666.7,-77.75933200557529
24451850000.0,-73.48869618752857
24456848333.3,-84.75633908491471
24461846666.7,-81.81592443465115
24466845000.0,-89.25185634129419
24471843333.3,-79.47747206798523
24476841666.7,-73.242993308599
24481840000.0,-83.60601122044345
24486838333.3,-80.52338355470457
24491836666.7,-91.52651243472839
24496835000.0,-72.95799958235312
24501833333.3,-93.16637324655765
24506831666.7,-72.06362592191064
24511830000.0,-79.63111718849304
24516828333.3,-79.9072392115516
24521826666.7,-74.76391463380688
24526825000.0,-89.96327698539416
24531823333.3,-80.4181750936708
24536821666.7,-74.54773926197821
24541820000.0,-77.9051036780414
24546818333.3,-73.71630098023908
24551816666.7,-71.17733181799136
24556815000.0,-76.28868141885397
24561813333.3,-72.48543349863749
24566811666.7,-82.16731423570542
24571810000.0,-90.69538104368719
24576808333.3,-71.88689696389771
24581806666.7,-93.26683814112167
24586805000.0,-67.8504086801304
24591803333.3,-78.47823648996827
24596801666.7,-73.96737477316721
24601800000.0,-72.10913368717954
24606798333.3,-78.11792725157163
24611796666.7,-73.73932691375883
24616795000.0,-78.95827470605761
24621793333.3,-78.1883429374304
24626791666.7,-74.16115706197756
24631790000.0,-67.22807143096402
24636788333.3,-71.45294822926164
24641786666.7,-73.81161018824594
24646785000.0,-71.01668264599309
24651783333.3,-89.47476428002729
24656781666.7,-87.35620518718855
24661780000.0,-70.46583350697303
24666778333.3,-77.60320368705402
24671776666.7,-74.42565155969189
24676775000.0,-75.55548106926634
24681773333.3,-73.44406649749035
24686771666.7,-76.653007815227
24691770000.0,-83.753084708235
24696768333.3,-67.97637063454154
24701766666.7,-73.63688336487881
24706765000.0,-77.38388702789295
24711763333.3,-75.34739557605295
24716761666.7,-72.89391835866516
24721760000.0,-74.29437668022037
24726758333.3,-83.61715590800381
24731756666.7,-73.28685028084054
24736755000.0,-70.82782331376951
24741753333.3,-78.39512752802722
24746751666.7,-75.97180672764844
24751750000.0,-79.16123470311435
24756748333.3,-76.77409648417819
24761746666.7,-77.78046759648814
24766745000.0,-73.12079407713391
24771743333.3,-72.20811647766024
24776741666.7,-79.85979378770611
24781740000.0,-75.82840371685938
24786738333.3,-75.3216013991443
24791736666.7,-75.59844924572238
24796735000.0,-71.3179558476684
24801733333.3,-88.95941601217663
24806731666.7,-79.18946862249796
24811730000.0,-81.54113490460638
24816728333.3,-72.60951654989556
24821726666.7,-71.06106369663812
24826725000.0,-83.9233285199826
24831723333.3,-81.55308604706944
24836721666.7,-70.44122157139591
24841720000.0,-73.76979233523436
24846718333.3,-75.20347061730422
24851716666.7,-75.11491970346297
24856715000.0,-76.20341716810492
24861713333.3,-85.42032842239598
24866711666.7,-77.38078129376939
24871710000.0,-72.53854821804053
24876708333.3,-74.07441583514773
24881706666.7,-96.55394893878622
24886705000.0,-83.04452554531625
24891703333.3,-76.72429688062871
24896701666.7,-73.17696702931266
24901700000.0,-81.30007390419239
24906698333.3,-72.40241663029225
24911696666.7,-75.94516237140907
24916695000.0,-77.09457081722987
24921693333.3,-74.48171610418923
24926691666.7,-68.50923116613876
24931690000.0,-72.73573017124762
24936688333.3,-92.14814573013572
24941686666.7,-73.16214668991466
24946685000.0,-78.70584551248365
24951683333.3,-78.73711537491498
24956681666.7,-81.12326608120071
24961680000.0,-97.34522421280732
24966678333.3,-66.2800483935048
24971676666.7,-75.1639269609889
24976675000.0,-86.09913454590966
24981673333.3,-72.47233528596912
24986671666.7,-85.05439583993736
24991670000.0,-80.59547625115663
24996668333.3,-76.15315278563767
25001666666.7,-74.27141082329497
25006665000.0,-73.43144018700887
25011663333.3,-78.38828067790446
25016661666.7,-76.02201888012735
25021660000.0,-71.90789781591138
25026658333.3,-81.69593350260108
25031656666.7,-74.94073657701358
25036655000.0,-71.04605447630288
25041653333.3,-76.85630427906545
25046651666.7,-79.95319305843941
25051650000.0,-78.01029779846907
25056648333.3,-81.73924086403673
25061646666.7,-78.68964659153976
25066645000.0,-76.33666658918047
25071643333.3,-74.36877663951331
25076641666.7,-75.06732383115613
25081640000.0,-78.39645952423092
25086638333.3,-72.53600926590023
25091636666.7,-84.13149725156687
25096635000.0,-69.40502638327798
25101633333.3,-75.26527714708955
25106631666.7,-82.53245369658993
25111630000.0,-73.7316198341067
25116628333.3,-72.29677027163567
25121626666.7,-77.67291400495995
25126625000.0,-80.61979522510384
25131623333.3,-75.49945623653906
25136621666.7,-84.97492265717253
25141620000.0,-81.17746316854857
25146618333.3,-77.32328914836108
25151616666.7,-80.44885850492062
25156615000.0,-80.2812537784248
25161613333.3,-78.46330923940462
25166611666.7,-74.89435295686313
25171610000.0,-78.52970009057377
25176608333.3,-78.55742725208214
25181606666.7,-83.08044690990492
25186605000.0,-83.30553595681621
25191603333.3,-74.10377235189848
25196601666.7,-82.09348253175891
25201600000.0,-82.57100701348449
25206598333.3,-85.22449099285126
25211596666.7,-72.90300333968305
25216595000.0,-84.40543807790597
25221593333.3,-86.14039165613072
25226591666.7,-92.35905884682921
25231590000.0,-77.55672187225079
25236588333.3,-81.74144264438128
25241586666.7,-73.04273470721793
25246585000.0,-79.91509933468872
25251583333.3,-74.95644942510695
25256581666.7,-78.31116361199008
25261580000.0,-71.605066305662
25266578333.3,-83.48373855430933
25271576666.7,-75.01693176476928
25276575000.0,-70.58534559168565
25281573333.3,-80.82327176187547
25286571666.7,-80.94844894302314
25291570000.0,-70.33679836540122
25296568333.3,-71.5409857145282
25301566666.7,-82.3210685199483
25306565000.0,-76.07725721199796
25311563333.3,-72.44391160743025
25316561666.7,-72.14919075966507
25321560000.0,-79.56399911491647
25326558333.3,-89.97988905501332
25331556666.7,-76.77683325594832
25336555000.0,-87.59116294939184
25341553333.3,-79.08851124204436
25346551666.7,-73.4227072779279
25351550000.0,-72.19066652275568
25356548333.3,-86.77779445723678
25361546666.7,-78.60399257357304
25366545000.0,-83.61323065783571
25371543333.3,-83.99840963175508
25376541666.7,-79.5604796707288
25381540000.0,-75.89699504106353
25386538333.3,-70.52290546567554
25391536666.7,-80.40897906315072
25396535000.0,-77.90693667372781
25401533333.3,-78.47028793933382
25406531666.7,-71.19055175859474
25411530000.0,-71.02296407822172
25416528333.3,-72.11396145114323
25421526666.7,-76.54307874611449
25426525000.0,-80.60649881265981
25431523333.3,-73.67985582127552
25436521666.7,-72.0568987239158
25441520000.0,-77.48352572162585
25446518333.3,-83.6776527423226
25451516666.7,-74.91918440004967
25456515000.0,-82.79587040571283
25461513333.3,-71.26931015326947
25466511666.7,-79.31006201224274
25471510000.0,-78.76876247536137
25476508333.3,-89.74823167942164
25481506666.7,-73.80613330561397
25486505000.0,-75.28007229645837
25491503333.3,-80.60705155633616
25496501666.7,-76.08561573786963
25501500000.0,-75.47352758520145
25506498333.3,-79.98726391521987
25511496666.7,-78.30735250436929
25516495000.0,-93.56217951310134
25521493333.3,-83.66904838696448
25526491666.7,-76.4642494076387
25531490000.0,-77.16881304656803
25536488333.3,-82.80332020632976
25541486666.7,-94.56815561215367
25546485000.0,-78.57764821852214
25551483333.3,-80.9613785058201
25556481666.7,-75.91198321587724
25561480000.0,-82.66139917832447
25566478333.3,-80.67103065211933
25571476666.7,-72.16298976581096
25576475000.0,-70.25993502263589
25581473333.3,-82.43010079730048
25586471666.7,-72.42193583487636
25591470000.0,-77.50398625295654
25596468333.3,-76.81372322550982
25601466666.7,-73.32573290944325
25606465000.0,-72.52707101814286
25611463333.3,-73.71370990972098
25616461666.7,-78.80486481242724
25621460000.0,-75.5964736938456
25626458333.3,-81.74041364511167
25631456666.7,-77.43380785193264
25636455000.0,-75.00482700329141
25641453333.3,-74.8972867414532
25646451666.7,-78.34612990616176
25651450000.0,-76.56972195258979
25656448333.3,-80.81202809647066
25661446666.7,-85.37540034805747
25666445000.0,-86.19682528243601
25671443333.3,-77.48200554264143
25676441666.7,-85.35567764754651
25681440000.0,-73.50171486166445
25686438333.3,-81.84231342385628
25691436666.7,-80.88789138879463
25696435000.0,-81.10185644236103
25701433333.3,-78.25217408832957
25706431666.7,-80.19880527644878
25711430000.0,-83.78612725694211
25716428333.3,-80.14364305467873
25721426666.7,-76.0787590291327
25726425000.0,-72.83926726922265
25731423333.3,-70.55286732641393
25736421666.7,-91.99333661419328
25741420000.0,-76.16771494354492
25746418333.3,-79.91743642156523
25751416666.7,-81.82982795890763
25756415000.0,-76.48901413314303
25761413333.3,-74.23074415827094
25766411666.7,-81.89606936619424
25771410000.0,-73.92851782570715
25776408333.3,-76.05228698459224
25781406666.7,-81.34861740547811
25786405000.0,-80.86448414296959
25791403333.3,-78.57746053015967
25796401666.7,-67.97767743930629
25801400000.0,-93.91878458198997
25806398333.3,-80.42739072503267
25811396666.7,-76.04931176493062
25816395000.0,-75.37960828555082
25821393333.3,-77.32438566761272
25826391666.7,-79.30004855243614
25831390000.0,-76.20031959229787
25836388333.3,-76.4865236615246
25841386666.7,-72.48870884485491
25846385000.0,-76.97557155526134
25851383333.3,-71.11644291448809
25856381666.7,-79.61551503208746
25861380000.0,-77.42143033263957
25866378333.3,-75.24611053611468
25871376666.7,-71.36224202428102
25876375000.0,-77.29001606355892
25881373333.3,-75.72118375933353
25886371666.7,-78.76571378385853
25891370000.0,-73.19332067901985
25896368333.3,-76.34339416449144
25901366666.7,-75.41483334645918
25906365000.0,-79.48224758961467
25911363333.3,-76.47947654688066
25916361666.7,-74.03992529404812
25921360000.0,-87.75164564473869
25926358333.3,-84.08934945065735
25931356666.7,-77.56152939922517
25936355000.0,-89.89902768552903
25941353333.3,-75.33518858573906
25946351666.7,-70.82251119780793
25951350000.0,-70.96936201443752
25956348333.3,-73.2187537389824
25961346666.7,-79.73822844566249
25966345000.0,-76.77237024451895
25971343333.3,-77.53168011995965
25976341666.7,-78.01648825523729
25981340000.0,-75.83997957588984
25986338333.3,-86.22876438211811
25991336666.7,-68.83441673914889
25996335000.0,-78.73266735852455
26001333333.3,-75.78111230183404
26006331666.7,-81.57228155813624
26011330000.0,-71.46853385462003
26016328333.3,-88.21283612356669
26021326666.7,-74.60762016614902
26026325000.0,-79.31391717620792
26031323333.3,-74.13142223923116
26036321666.7,-94.79641136293034
26041320000.0,-72.16189919446697
26046318333.3,-85.19489117512266
26051316666.7,-96.4157316144734
26056315000.0,-75.26044943812622
26061313333.3,-74.34522689184071
26066311666.7,-78.30183290664155
26071310000.0,-80.43039894567733
26076308333.3,-86.8998065423904
26081306666.7,-73.5213115562773
26086305000.0,-68.5956762517103
26091303333.3,-80.55524314971382
26096301666.7,-73.96256106789247
26101300000.0,-73.26658243052016
26106298333.3,-82.78179468782187
26111296666.7,-73.48120836205244
26116295000.0,-74.57033011549122
26121293333.3,-90.82030040458238
26126291666.7,-84.63045154802174
26131290000.0,-80.07560090348393
26136288333.3,-79.26267743145009
26141286666.7,-72.32581232762132
26146285000.0,-83.72284709382554
26151283333.3,-85.30888759877729
26156281666.7,-77.24323776897097
26161280000.0,-80.64651279153146
26166278333.3,-74.59540651523383
26171276666.7,-80.56000684214551
26176275000.0,-76.46662238495162
26181273333.3,-76.22571005641502
26186271666.7,-76.70158343320203
26191270000.0,-85.53850227877129
26196268333.3,-74.40430677540806
26201266666.7,-77.01112128357151
26206265000.0,-78.69812276648508
26211263333.3,-83.07562810393692
26216261666.7,-67.90190672638592
26221260000.0,-85.75163646459515
26226258333.3,-90.43893328446612
26231256666.7,-70.41143873449487
26236255000.0,-89.87837860027557
26241253333.3,-73.63511523255079
26246251666.7,-75.67714065495353
26251250000.0,-79.50608563877051
26256248333.3,-83.99055932538586
26261246666.7,-74.35200799940847
26266245000.0,-73.53340186452283
26271243333.3,-84.22541957995286
26276241666.7,-79.34409178263314
26281240000.0,-73.79376674984837
26286238333.3,-73.22511164177315
26291236666.7,-78.52850164504468
26296235000.0,-79.03408235947532
26301233333.3,-73.30966358795908
26306231666.7,-74.78692864797218
26311230000.0,-74.2682332281341
26316228333.3,-90.63353769443458
26321226666.7,-74.0190664706074
26326225000.0,-74.18951344583145
26331223333.3,-82.1681015203146
26336221666.7,-77.70865451034342
26341220000.0,-90.22212244494695
26346218333.3,-77.73487991445035
26351216666.7,-71.30081515296028
26356215000.0,-87.1218203743284
26361213333.3,-69.86224868647747
26366211666.7,-73.77302260397943
26371210000.0,-81.19125014599814
26376208333.3,-80.29108480568357
26381206666.7,-82.44357900710278
26386205000.0,-76.30160464283188
26391203333.3,-81.28272137254211
26396201666.7,-79.8552184017059
26401200000.0,-79.66310607791706
26406198333.3,-82.57676075709031
26411196666.7,-77.18597221429134
26416195000.0,-73.76248054267785
26421193333.3,-75.09560900711192
26426191666.7,-74.8356069914378
26431190000.0,-76.83962503201434
26436188333.3,-83.83933583892288
26441186666.7,-79.5552493207779
26446185000.0,-70.67847733529932
26451183333.3,-80.52044605844424
26456181666.7,-77.39005450324255
26461180000.0,-71.55363488264757
26466178333.3,-80.6045542792741
26471176666.7,-70.41223552804907
26476175000.0,-74.26137816256161
26481173333.3,-76.34181561339905
26486171666.7,-78.42272220799931
26491170000.0,-72.26005828837978
26496168333.3,-75.12518107449351
26501166666.7,-72.9035290440943
26506165000.0,-72.56615378626145
26511163333.3,-79.52220584746635
26516161666.7,-74.626779715232
26521160000.0,-72.1987420685351
26526158333.3,-76.21329714463732
26531156666.7,-83.27011666644721
26536155000.0,-76.4673259940598
26541153333.3,-76.99410643740048
26546151666.7,-72.51963973599929
26551150000.0,-70.69021853362915
26556148333.3,-83.49497476914856
26561146666.7,-75.48337681402721
26566145000.0,-74.56931057781163
26571143333.3,-80.11114651991713
26576141666.7,-73.10601383848747
26581140000.0,-89.42954152558256
26586138333.3,-76.68863783273368
26591136666.7,-77.50828781288527
26596135000.0,-78.73979202987726
26601133333.3,-75.07269949109832
26606131666.7,-75.17588598734902
26611130000.0,-76.34842619878901
26616128333.3,-74.80153875880207
26621126666.7,-78.10300125229907
26626125000.0,-76.48496587684417
26631123333.3,-78.58313321004727
26636121666.7,-78.66960663389423
26641120000.0,-75.15939156459096
26646118333.3,-72.40232736023685
26651116666.7,-73.12114552588741
26656115000.0,-74.87749288497513
26661113333.3,-92.83678171669482
26666111666.7,-91.94958296010229
26671110000.0,-72.31966385044488
26676108333.3,-72.6758379072986
26681106666.7,-74.58608007173598
26686105000.0,-70.19030871778008
26691103333.3,-75.90825082697657
26696101666.7,-78.47509170992609
26701100000.0,-80.71101264761441
26706098333.3,-72.18321452678259
26711096666.7,-72.57505734250854
26716095000.0,-75.59105320744247
26721093333.3,-74.18881894587788
26726091666.7,-81.19225287306678
26731090000.0,-75.57319361971312
26736088333.3,-83.64576695431967
26741086666.7,-75.07225571219399
26746085000.0,-74.15906607608963
26751083333.3,-85.20563115678799
26756081666.7,-86.30041875095912
26761080000.0,-76.03358640032613
26766078333.3,-82.96285929395061
26771076666.7,-72.01111482273464
26776075000.0,-92.07788218213938
26781073333.3,-82.90246212065794
26786071666.7,-71.37778875630487
26791070000.0,-90.34915545948587
26796068333.3,-73.31764964581966
26801066666.7,-80.10770984237777
26806065000.0,-77.70790653756431
26811063333.3,-82.73635639076538
26816061666.7,-69.99662899817596
26821060000.0,-72.18611523622755
26826058333.3,-81.89198735793292
26831056666.7,-75.49615169497616
26836055000.0,-70.26882407070633
26841053333.3,-77.80361162055453
26846051666.7,-72.80517012530497
26851050000.0,-83.13478268048597
26856048333.3,-87.51534270992124
26861046666.7,-76.29029982658976
26866045000.0,-73.29429236152107
26871043333.3,-72.21736827119635
26876041666.7,-77.0074291203141
26881040000.0,-84.13094866682839
26886038333.3,-74.88993114502397
26891036666.7,-78.62852568519413
26896035000.0,-74.50027172924977
26901033333.3,-77.3717847068503
26906031666.7,-83.93454259256583
26911030000.0,-82.63128619236845
26916028333.3,-78.9240404745276
26921026666.7,-105.39460743003359
26926025000.0,-81.98639593696213
26931023333.3,-77.18767458927339
26936021666.7,-74.82572548188445
26941020000.0,-71.6281305090669
26946018333.3,-78.93704653243395
26951016666.7,-70.65300526749422
26956015000.0,-81.74250223237065
26961013333.3,-81.48239017547681
26966011666.7,-72.95635955896954
26971010000.0,-71.26563784644007
26976008333.3,-78.44463574565772
26981006666.7,-74.85678823776088
26986005000.0,-81.84509877596344
26991003333.3,-81.18125301660379
26996001666.7,-85.54913513461871
27001000000.0,-83.36617607325037
27005998333.3,-93.55458740306226
27010996666.7,-86.38224738125885
27015995000.0,-78.19504119372449
27020993333.3,-73.93304998096242
27025991666.7,-73.88610049490028
27030990000.0,-87.4466011016996
27035988333.3,-78.04749442453486
27040986666.7,-77.77470679134895
27045985000.0,-82.52916048993316
27050983333.3,-72.15447703071251
27055981666.7,-73.96511808704221
27060980000.0,-75.84093979571082
27065978333.3,-84.35206254677745
27070976666.7,-75.5285419366749
27075975000.0,-84.10539891593949
27080973333.3,-81.81726569566908
27085971666.7,-82.53391586848564
27090970000.0,-74.57076876428576
27095968333.3,-77.95995652071396
27100966666.7,-73.09921796427015
27105965000.0,-77.21979911605212
27110963333.3,-77.0492029752514
27115961666.7,-74.0105169588419
27120960000.0,-72.84648588938508
27125958333.3,-76.05635093028042
27130956666.7,-75.99370595824347
27135955000.0,-76.03968010892301
27140953333.3,-86.46890512134327
27145951666.7,-74.7483084921661
27150950000.0,-78.1810525913362
27155948333.3,-83.9285018787061
27160946666.7,-77.57530142713844
27165945000.0,-74.83122038455608
27170943333.3,-76.88523288175578
27175941666.7,-82.7827732243224
27180940000.0,-77.18522556036046
27185938333.3,-81.56394563443007
27190936666.7,-86.59907669960795
27195935000.0,-76.48450605532024
27200933333.3,-73.4324010255209
27205931666.7,-77.23865759021609
27210930000.0,-78.30007471906025
27215928333.3,-77.34416133087991
27220926666.7,-83.31031526177787
27225925000.0,-73.7475344070556
27230923333.3,-73.6094949980829
27235921666.7,-76.97142002468587
27240920000.0,-75.56693068725474
27245918333.3,-76.82716973642725
27250916666.7,-83.7632956144045
27255915000.0,-76.34188314730078
27260913333.3,-75.11951131547589
27265911666.7,-80.24404629620535
27270910000.0,-84.06351699672092
27275908333.3,-87.66653532980692
27280906666.7,-75.47053540780566
27285905000.0,-78.5747588393132
27290903333.3,-73.04255885400403
27295901666.7,-81.56242108234692
27300900000.0,-82.27717874107874
27305898333.3,-78.98424950108206
27310896666.7,-82.44280418249672
27315895000.0,-81.51482672203636
27320893333.3,-76.3093685622933
27325891666.7,-81.85556297596216
27330890000.0,-73.76046002282948
27335888333.3,-74.87464509476291
27340886666.7,-74.10807226932232
27345885000.0,-87.0583661575248
27350883333.3,-79.05403798623729
27355881666.7,-78.48853494242154
27360880000.0,-84.82217995528268
27365878333.3,-85.6367175983217
27370876666.7,-72.21255156428207
27375875000.0,-74.99781113754906
27380873333.3,-83.37645776571874
27385871666.7,-74.21957789248036
27390870000.0,-76.196162143158
27395868333.3,-75.96657019037414
27400866666.7,-79.26212706211876
27405865000.0,-82.67227532273554
27410863333.3,-80.0106745115216
27415861666.7,-73.88485648658975
27420860000.0,-72.08753499880288
27425858333.3,-77.16811475845094
27430856666.7,-71.49455555928364
27435855000.0,-77.3387994534624
27440853333.3,-77.22855710739184
27445851666.7,-80.1474799803084
27450850000.0,-78.31938386829367
27455848333.3,-74.7511751163697
27460846666.7,-76.25749524624706
27465845000.0,-73.08790815008626
27470843333.3,-76.62111764748475
27475841666.7,-81.08967725458028
27480840000.0,-75.22381516997991
27485838333.3,-75.37756898354229
27490836666.7,-85.96107346621808
27495835000.0,-89.16066684688943
27500833333.3,-72.78296005145702
27505831666.7,-79.42096315513469
27510830000.0,-77.85561152188785
27515828333.3,-73.95193664903667
27520826666.7,-78.10826684882068
27525825000.0,-85.10685439855764
27530823333.3,-96.28897508146649
27535821666.7,-77.21299815411442
27540820000.0,-87.79714900108843
27545818333.3,-72.35650964479623
27550816666.7,-80.70648557856819
27555815000.0,-77.75721525244657
27560813333.3,-106.69343128560581
27565811666.7,-79.24847347288112
27570810000.0,-77.9632359937814
27575808333.3,-76.03039665312488
27580806666.7,-84.18946600386583
27585805000.0,-80.86324485873918
27590803333.3,-84.50930928091842
27595801666.7,-76.1961111185944
27600800000.0,-76.80860460600913
27605798333.3,-75.22717090354517
27610796666.7,-79.74810735298084
27615795000.0,-79.90134922359498
27620793333.3,-76.02747905485238
27625791666.7,-88.03208121325648
27630790000.0,-76.57811792706003
27635788333.3,-85.1076676286583
27640786666.7,-85.65551620303364
27645785000.0,-84.79737088645025
27650783333.3,-77.91395781137938
27655781666.7,-78.01633515624742
27660780000.0,-71.12253733730385
27665778333.3,-98.6696666648548
27670776666.7,-74.26349348553481
27675775000.0,-83.73871430333199
27680773333.3,-85.89697490866571
27685771666.7,-75.23841059178716
27690770000.0,-74.89455307667896
27695768333.3,-76.7689115035484
27700766666.7,-83.00684118256974
27705765000.0,-72.38271522685278
27710763333.3,-92.6124145828725
27715761666.7,-90.64217386030728
27720760000.0,-73.86156127820927
27725758333.3,-73.97446785832707
27730756666.7,-79.79242549674515
27735755000.0,-80.39885710809133
27740753333.3,-74.26069617956534
27745751666.7,-104.4851871518278
27750750000.0,-75.47442527244792
27755748333.3,-78.15680662403155
27760746666.7,-75.34728544176788
27765745000.0,-71.03716394961313
27770743333.3,-82.39789153672274
27775741666.7,-74.95135227529656
27780740000.0,-89.23201311013989
27785738333.3,-77.87901210629462
27790736666.7,-82.10893195663334
27795735000.0,-80.21011631445917
27800733333.3,-71.94358173042433
27805731666.7,-78.2838105450902
27810730000.0,-76.67676428500971
27815728333.3,-75.4210925350159
27820726666.7,-73.9493071514069
27825725000.0,-93.76374109620342
27830723333.3,-87.0525493874642
27835721666.7,-74.66439818875328
27840720000.0,-74.61383911850619
27845718333.3,-76.87703913575267
27850716666.7,-75.34628931454003
27855715000.0,-77.64282457393053
27860713333.3,-85.52405735546628
27865711666.7,-79.887282926781
27870710000.0,-94.74987456421158
27875708333.3,-76.4003316811807
27880706666.7,-79.74989813894915
27885705000.0,-72.52991863106234
27890703333.3,-96.60051974628209
27895701666.7,-79.8710301634431
27900700000.0,-79.70331299404413
27905698333.3,-76.43092990791065
27910696666.7,-96.31189178345065
27915695000.0,-77.20656629175403
27920693333.3,-75.99558050813472
27925691666.7,-78.02731242153699
27930690000.0,-76.90810775356672
27935688333.3,-72.5635519089012
27940686666.7,-72.58900151242312
27945685000.0,-73.55452780077931
27950683333.3,-77.16819200064718
27955681666.7,-79.6973048706838
27960680000.0,-80.7069580714723
27965678333.3,-72.351543808994
27970676666.7,-72.64687295633594
27975675000.0,-97.99260673684876
27980673333.3,-66.87890989415654
27985671666.7,-76.6704778887923
27990670000.0,-78.88911245561086
27995668333.3,-80.20506670241124
28000666666.7,-87.18913987241794
28005665000.0,-76.75098065945785
28010663333.3,-95.33423182655696
28015661666.7,-75.51976989688268
28020660000.0,-76.41811119836606
28025658333.3,-87.33671461535312
28030656666.7,-77.80604368788264
28035655000.0,-76.49497861856821
28040653333.3,-79.18844537187456
28045651666.7,-87.03025995674204
28050650000.0,-85.92422721444751
28055648333.3,-75.00968464568666
28060646666.7,-73.32614522633834
28065645000.0,-78.86690225161509
28070643333.3,-83.56517412829619
28075641666.7,-76.05344493566756
28080640000.0,-73.3986648892243
28085638333.3,-80.251740437837
28090636666.7,-84.29274392780022
28095635000.0,-77.75728488931465
28100633333.3,-87.96220764377279
28105631666.7,-78.2502212146023
28110630000.0,-72.3493394190356
28115628333.3,-76.31873924109955
28120626666.7,-73.06334406119291
28125625000.0,-78.73459753112782
28130623333.3,-81.05997116072132
28135621666.7,-71.5023451052188
28140620000.0,-79.22422513559934
28145618333.3,-75.25601559637853
28150616666.7,-83.76925848360402
28155615000.0,-78.75949345260179
28160613333.3,-79.123232362664
28165611666.7,-78.43674039481812
28170610000.0,-78.29557945352592
28175608333.3,-76.03139081349613
28180606666.7,-89.87835201806459
28185605000.0,-81.69536592836752
28190603333.3,-81.2906099695057
28195601666.7,-72.41668914500988
28200600000.0,-76.9697248477108
28205598333.3,-74.596853336218
28210596666.7,-75.53988509069407
28215595000.0,-85.25374310095187
28220593333.3,-94.82218212945764
28225591666.7,-75.64011432727766
28230590000.0,-75.22074378071929
28235588333.3,-75.72758600514472
28240586666.7,-82.10272802715411
28245585000.0,-79.09687234756431
28250583333.3,-74.06593947735894
28255581666.7,-86.39664497639485
28260580000.0,-80.75762232047623
28265578333.3,-71.42014445651357
28270576666.7,-76.69700585769836
28275575000.0,-105.65548541586608
28280573333.3,-77.06403381761498
28285571666.7,-80.24748553280673
28290570000.0,-75.56628388587399
28295568333.3,-85.69880577212484
28300566666.7,-75.95337215010451
28305565000.0,-86.07105376760737
28310563333.3,-85.09457440636245
28315561666.7,-75.92230267077511
28320560000.0,-82.84851694247656
28325558333.3,-85.45854139460434
28330556666.7,-80.87247618997873
28335555000.0,-76.26058563890686
28340553333.3,-81.86250481434718
28345551666.7,-78.57914481963171
28350550000.0,-81.63032843464991
28355548333.3,-73.34943285704624
28360546666.7,-82.63996289341291
28365545000.0,-86.1906849931747
28370543333.3,-83.3617550746227
28375541666.7,-81.2149610165853
28380540000.0,-83.5166953402343
28385538333.3,-80.71149018300545
28390536666.7,-76.91588653835797
28395535000.0,-78.6407668866372
28400533333.3,-73.67214810076173
28405531666.7,-76.60973983115389
28410530000.0,-76.21849049256437
28415528333.3,-79.48461811680787
28420526666.7,-75.56900071272904
28425525000.0,-74.76882431473888
28430523333.3,-75.74409580579551
28435521666.7,-80.58649819715242
28440520000.0,-76.59938820269798
28445518333.3,-74.57758652069342
28450516666.7,-77.67484742118447
28455515000.0,-76.00168570989746
28460513333.3,-75.65778400307173
28465511666.7,-84.1624104509986
28470510000.0,-72.42076085926386
28475508333.3,-86.99455499388088
28480506666.7,-77.93848531465444
28485505000.0,-80.56426445291193
28490503333.3,-78.98878018024246
28495501666.7,-74.53158538687373
28500500000.0,-74.89964715258503
28505498333.3,-73.67725617220384
28510496666.7,-77.17619924463249
28515495000.0,-81.69849862438576
28520493333.3,-75.56784036357007
28525491666.7,-85.55762689649893
28530490000.0,-94.11342280804226
28535488333.3,-76.57445371272252
28540486666.7,-75.99955297314526
28545485000.0,-79.55663823459639
28550483333.3,-80.0175217614631
28555481666.7,-79.96240781128203
28560480000.0,-74.87747421850385
28565478333.3,-102.5437208402904
28570476666.7,-77.02775048701037
28575475000.0,-98.28493554275745
28580473333.3,-81.75845332165038
28585471666.7,-74.54064726139951
28590470000.0,-75.57980468546081
28595468333.3,-81.14404894638096
28600466666.7,-77.3938677536874
28605465000.0,-79.83858026375768
28610463333.3,-85.5179020147814
28615461666.7,-80.00133790372482
28620460000.0,-81.20411925206449
28625458333.3,-82.54863543230996
28630456666.7,-77.72412829757
28635455000.0,-76.97767815931999
28640453333.3,-75.34347912157145
28645451666.7,-78.89736747286653
28650450000.0,-83.4476652509459
28655448333.3,-74.6087688065551
28660446666.7,-79.18545003690825
28665445000.0,-77.02095260319277
28670443333.3,-81.80097336542767
28675441666.7,-78.26800679818153
28680440000.0,-83.15955624024616
28685438333.3,-75.11916326687628
28690436666.7,-76.5517579271893
28695435000.0,-74.02438923565289
28700433333.3,-99.63568944316341
28705431666.7,-81.51452391548762
28710430000.0,-82.8651850132481
28715428333.3,-90.53978810794709
28720426666.7,-84.35622981339775
28725425000.0,-70.89297423503457
28730423333.3,-77.79572672109113
28735421666.7,-77.16580108819572
28740420000.0,-76.38815733227331
28745418333.3,-76.89264949170847
28750416666.7,-76.17041754773604
28755415000.0,-83.52455830977398
28760413333.3,-85.01032465054392
28765411666.7,-76.56413836034748
28770410000.0,-92.936138814541
28775408333.3,-77.27210294432109
28780406666.7,-90.77600545257502
28785405000.0,-75.06764513443167
28790403333.3,-81.51688596583789
28795401666.7,-76.4816308804402
28800400000.0,-83.00632867702866
28805398333.3,-77.98770095657127
28810396666.7,-79.3290542216625
28815395000.0,-71.72309272242623
28820393333.3,-82.66969701562984
28825391666.7,-74.9200202750166
28830390000.0,-81.23941570532416
28835388333.3,-77.15217430912755
28840386666.7,-73.46697516500056
28845385000.0,-88.92434232699948
28850383333.3,-73.76529768372862
28855381666.7,-70.7882833596658
28860380000.0,-94.87492435832601
28865378333.3,-91.87316566867928
28870376666.7,-78.23551043698757
28875375000.0,-77.63145432345682
28880373333.3,-91.34352749969274
28885371666.7,-84.65220868233082
28890370000.0,-80.81942382533568
28895368333.3,-72.17985233051353
28900366666.7,-82.76754599353417
28905365000.0,-83.09587238485491
28910363333.3,-79.71609631721779
28915361666.7,-81.39154131722609
28920360000.0,-82.22331780009668
28925358333.3,-78.6389837601547
28930356666.7,-81.90601946501958
28935355000.0,-83.03253764800615
28940353333.3,-83.59021194758765
28945351666.7,-79.86113372342952
28950350000.0,-77.31894766508871
28955348333.3,-74.62270886769562
28960346666.7,-75.26675166489457
28965345000.0,-81.94800689146285
28970343333.3,-79.57069691506459
28975341666.7,-72.31330555417094
28980340000.0,-100.7483178710338
28985338333.3,-78.62213963802395
28990336666.7,-81.36461445366047
28995335000.0,-79.79379312852403
29000333333.3,-78.58924253780816
29005331666.7,-72.86409906113208
29010330000.0,-84.14653608492429
29015328333.3,-78.60415099353334
29020326666.7,-77.13993921809966
29025325000.0,-83.27665159044598
29030323333.3,-83.79037370835313
29035321666.7,-78.6942065531913
29040320000.0,-80.0369974548284
29045318333.3,-77.53477867669642
29050316666.7,-92.00532688684817
29055315000.0,-73.13980905235029
29060313333.3,-87.38877140908065
29065311666.7,-96.86482979694867
29070310000.0,-73.54070663718649
29075308333.3,-86.68209804342197
29080306666.7,-74.17018192609322
29085305000.0,-81.51518354915785
29090303333.3,-73.52793610450333
29095301666.7,-82.5018305645375
29100300000.0,-76.15118581684199
29105298333.3,-77.34058748254655
29110296666.7,-72.27280605308908
29115295000.0,-84.99881143297026
29120293333.3,-93.15867079836985
29125291666.7,-84.58072603869253
29130290000.0,-76.61779084674363
29135288333.3,-73.12995164727242
29140286666.7,-86.23822558139265
29145285000.0,-84.46293691083676
29150283333.3,-78.83179168889374
29155281666.7,-80.48337395527177
29160280000.0,-72.45265676741646
29165278333.3,-77.69028372793116
29170276666.7,-77.21951033770972
29175275000.0,-76.52628387202927
29180273333.3,-75.08845215543477
29185271666.7,-83.97084210493999
29190270000.0,-82.61973785139585
29195268333.3,-92.80220485344243
29200266666.7,-78.55494665374957
29205265000.0,-81.03463506874199
29210263333.3,-69.80338020315082
29215261666.7,-75.14439474751515
29220260000.0,-85.98879803982061
29225258333.3,-73.32234728056233
29230256666.7,-74.19265901716871
29235255000.0,-75.56369587895293
29240253333.3,-72.07668395575081
29245251666.7,-78.53219832576065
29250250000.0,-76.04805737993172
29255248333.3,-80.19952313592482
29260246666.7,-86.87020977490108
29265245000.0,-80.59956225530837
29270243333.3,-72.99605860807631
29275241666.7,-74.51893102691966
29280240000.0,-73.52164954521331
29285238333.3,-71.19822314915828
29290236666.7,-74.48737372985227
29295235000.0,-72.28540249288045
29300233333.3,-94.09077192912882
29305231666.7,-92.69937210783011
29310230000.0,-80.38148553918535
29315228333.3,-83.50948049429451
29320226666.7,-75.73522277581623
29325225000.0,-87.01532393227535
29330223333.3,-77.32366964692795
29335221666.7,-73.9135448251838
29340220000.0,-77.77026878683004
29345218333.3,-88.48420336750874
29350216666.7,-80.60872418353625
29355215000.0,-84.9139581562066
29360213333.3,-79.65098044674181
29365211666.7,-83.63482710371692
29370210000.0,-80.84208351096486
29375208333.3,-84.57633749286389
29380206666.7,-96.42729107049516
29385205000.0,-83.83459444595943
29390203333.3,-77.40727582820685
29395201666.7,-69.08365646394012
29400200000.0,-80.50525322453124
29405198333.3,-84.4681134779845
29410196666.7,-75.76300372202694
29415195000.0,-84.87874079819144
29420193333.3,-86.24539835184112
29425191666.7,-89.3736147123237
29430190000.0,-77.06582436116288
29435188333.3,-85.81140159290703
29440186666.7,-83.15505597207107
29445185000.0,-82.69616494507824
29450183333.3,-74.2845196992875
29455181666.7,-75.27737418557032
29460180000.0,-82.80671260472985
29465178333.3,-81.9137701011856
29470176666.7,-81.48189728512698
29475175000.0,-82.01196491975568
29480173333.3,-72.02446458641168
29485171666.7,-74.85335156498158
29490170000.0,-76.9691344903322
29495168333.3,-82.23561015997242
29500166666.7,-83.75758299473601
29505165000.0,-77.55617067493917
29510163333.3,-82.41364372939282
29515161666.7,-80.50806645352489
29520160000.0,-75.55762159387405
29525158333.3,-78.34652427114231
29530156666.7,-80.35738103142688
29535155000.0,-76.0026942894733
29540153333.3,-78.43472535925773
29545151666.7,-77.57807525024427
29550150000.0,-79.81434155098627
29555148333.3,-75.15291805797304
29560146666.7,-73.70527102862707
29565145000.0,-72.0151795367959
29570143333.3,-73.40133166348261
29575141666.7,-82.0297400841679
29580140000.0,-73.26197998244089
29585138333.3,-75.37735417639927
29590136666.7,-73.83177538850535
29595135000.0,-75.43631702005311
29600133333.3,-81.02354461410022
29605131666.7,-74.62637893214689
29610130000.0,-75.64595306230866
29615128333.3,-76.14838570375915
29620126666.7,-76.3449444096627
29625125000.0,-71.93444816288404
29630123333.3,-76.51489541475974
29635121666.7,-84.46685944779009
29640120000.0,-81.42233406145486
29645118333.3,-74.61496488630864
29650116666.7,-76.67038756743823
29655115000.0,-81.47165703157457
29660113333.3,-89.35362060454715
29665111666.7,-72.7511118803088
29670110000.0,-85.2092104134875
29675108333.3,-74.32037969762929
29680106666.7,-84.84332300774719
29685105000.0,-80.34912712404463
29690103333.3,-75.48536558091455
29695101666.7,-74.74822522950093
29700100000.0,-76.68742974475376
29705098333.3,-75.40499136550893
29710096666.7,-86.4812096288411
29715095000.0,-78.19882838964577
29720093333.3,-76.12972618093633
29725091666.7,-75.58209840487618
29730090000.0,-74.50138491390858
29735088333.3,-81.58887397066827
29740086666.7,-89.64887379313338
29745085000.0,-78.43279021462733
29750083333.3,-77.8788016478775
29755081666.7,-78.72904452424672
29760080000.0,-78.84697108067913
29765078333.3,-74.3873031611083
29770076666.7,-82.37705281129499
29775075000.0,-86.8948756806209
29780073333.3,-85.48211416725175
29785071666.7,-73.45152659576317
29790070000.0,-72.14568213940363
29795068333.3,-80.50233324056765
29800066666.7,-78.81508548612595
29805065000.0,-72.38352574372614
29810063333.3,-73.11005440716264
29815061666.7,-91.64237400828809
29820060000.0,-75.95501268406034
29825058333.3,-71.53503223824788
29830056666.7,-74.0291712763304
29835055000.0,-81.98337324508257
29840053333.3,-76.05692603016001
29845051666.7,-79.8987386884539
29850050000.0,-75.07529596468821
29855048333.3,-82.276850607198
29860046666.7,-77.22817346086207
29865045000.0,-81.97018369694311
29870043333.3,-82.5408110667105
29875041666.7,-79.14377467223208
29880040000.0,-73.23787690229848
29885038333.3,-76.03884066300377
29890036666.7,-78.24287151421206
29895035000.0,-73.71650704640223
29900033333.3,-88.75411856443235
29905031666.7,-75.63116911260154
29910030000.0,-77.67443896569137
29915028333.3,-81.52427215528122
29920026666.7,-76.40347449334458
29925025000.0,-84.35544422408809
29930023333.3,-85.87896078632978
29935021666.7,-79.23310859099905
29940020000.0,-93.38219671398494
29945018333.3,-80.3441637317186
29950016666.7,-72.7367576270982
29955015000.0,-86.68822039817299
29960013333.3,-69.59353720698763
29965011666.7,-77.23239021324864
29970010000.0,-96.77097724368474
29975008333.3,-76.95324952765996
29980006666.7,-75.7895837869581
29985005000.0,-76.06889882900828
29990003333.3,-74.71985106104245
29995001666.7,-80.02254282714829
30000000000.0,-83.09908078806403
