Frequency_Hz,Magnitude_dB
10000000.0,-67.95008488280084
14998333.3333,-68.02923491509677
19996666.6667,-66.46455565588396
24995000.0,-66.66990861464122
29993333.3333,-68.35001769134008
34991666.6667,-79.21521471137372
39990000.0,-80.908602556543
44988333.3333,-77.7718711392641
49986666.6667,-77.59092723215855
54985000.0,-72.22600907718662
59983333.3333,-72.6846008189621
64981666.6667,-76.88648090077668
69980000.0,-83.88688947057943
74978333.3333,-75.68055493155343
79976666.6667,-93.24723809663556
84975000.0,-73.9842327268287
89973333.3333,-76.96265501228903
94971666.6667,-75.3639350037519
99970000.0,-66.93345055139255
104968333.333,-71.56975447392477
109966666.667,-75.5599256420554
114965000.0,-76.86090344828222
119963333.333,-77.93936952040968
124961666.667,-92.08158173687863
129960000.0,-72.91035555204863
134958333.333,-71.2736815030805
139956666.667,-76.60220627874503
144955000.0,-72.70614982914793
149953333.333,-86.00601460647715
154951666.667,-84.67046644160746
159950000.0,-86.44901170384134
164948333.333,-74.7928055610467
169946666.667,-88.12630972868162
174945000.0,-83.64811740740782
179943333.333,-80.87044934177045
184941666.667,-90.92383782253188
189940000.0,-76.87210834202268
194938333.333,-80.66639338236725
199936666.667,-76.72478072776792
204935000.0,-72.81044842048708
209933333.333,-108.5481521654709
214931666.667,-82.3298112790475
219930000.0,-78.91129109568462
224928333.333,-77.61388367203142
229926666.667,-80.87158161195734
234925000.0,-75.21737507978568
239923333.333,-89.93032117197089
244921666.667,-83.16053960489599
249920000.0,-90.23413898565332
254918333.333,-77.90304741072835
259916666.667,-82.49030596515212
264915000.0,-79.5456756218607
269913333.333,-90.71944634303088
274911666.667,-79.50866437304049
279910000.0,-74.33191297011456
284908333.333,-80.25989638913782
289906666.667,-70.81881705202105
294905000.0,-88.79645506789561
299903333.333,-82.85082229033097
304901666.667,-75.70767558187283
309900000.0,-76.38847821621951
314898333.333,-73.45932663790687
319896666.667,-80.37843993354258
324895000.0,-81.63282877463274
329893333.333,-82.13634573327215
334891666.667,-91.79295338304398
339890000.0,-81.18930739863157
344888333.333,-84.15044679323708
349886666.667,-76.84639152759
354885000.0,-79.04010304353092
359883333.333,-76.28048479150756
364881666.667,-73.52976516214005
369880000.0,-79.25321229361091
374878333.333,-76.81488962135633
379876666.667,-86.6332919534598
384875000.0,-78.17274635958988
389873333.333,-80.81188983111221
394871666.667,-73.47327108397339
399870000.0,-77.8118558099312
404868333.333,-77.90592764378063
409866666.667,-75.21592746618809
414865000.0,-79.68103227265546
419863333.333,-73.89752855992695
424861666.667,-75.27708041613164
429860000.0,-96.42721061713551
434858333.333,-74.94776004006114
439856666.667,-73.34711905141305
444855000.0,-77.31377060903618
449853333.333,-73.26868704975732
454851666.667,-71.77390012210593
459850000.0,-81.30477714152134
464848333.333,-76.04444943499948
469846666.667,-78.91620025178906
474845000.0,-82.18237756177226
479843333.333,-75.11894854165449
484841666.667,-80.76422144396679
489840000.0,-77.73445010698373
494838333.333,-75.26145987620028
499836666.667,-73.34060776091725
504835000.0,-76.82148792848427
509833333.333,-74.44733450273574
514831666.667,-83.88121842246261
519830000.0,-80.10133110130015
524828333.333,-82.27295648561281
529826666.667,-78.25106029108038
534825000.0,-86.62257018420942
539823333.333,-78.91251722826908
544821666.667,-80.39444557796247
549820000.0,-78.34654105957974
554818333.333,-77.15365623782625
559816666.667,-76.15179294702696
564815000.0,-80.90998068964667
569813333.333,-77.24147739369023
574811666.667,-77.71288213364618
579810000.0,-74.26815076626231
584808333.333,-72.80325072787511
589806666.667,-76.93779844435151
594805000.0,-73.18904677936472
599803333.333,-73.28164657926706
604801666.667,-76.34842608590846
609800000.0,-76.2160130435288
614798333.333,-74.5442468098214
619796666.667,-76.74644996822164
624795000.0,-78.9284319496513
629793333.333,-75.4974557432523
634791666.667,-72.92801433961233
639790000.0,-69.58090592433969
644788333.333,-71.43460029065724
649786666.667,-75.92858864858474
654785000.0,-73.47305035788939
659783333.333,-80.61435977657796
664781666.667,-74.40770371021725
669780000.0,-74.31481184855754
674778333.333,-73.90009178996216
679776666.667,-72.23836221158268
684775000.0,-76.48030511432412
689773333.333,-73.63317731753229
694771666.667,-77.66380416802701
699770000.0,-73.69962227668096
704768333.333,-76.61561928246486
709766666.667,-78.74109526790537
714765000.0,-77.59763096055465
719763333.333,-71.21838731522469
724761666.667,-75.16284665504504
729760000.0,-75.59290928608634
734758333.333,-75.10621176248003
739756666.667,-71.12557047263225
744755000.0,-73.28129869393484
749753333.333,-78.79275162702639
754751666.667,-78.94341566987043
759750000.0,-76.21084491295329
764748333.333,-72.53822035061313
769746666.667,-73.22520856639912
774745000.0,-70.52608841078242
779743333.333,-72.58458743832314
784741666.667,-71.61534943027442
789740000.0,-76.24871730203891
794738333.333,-75.582304916408
799736666.667,-77.9206677456576
804735000.0,-74.06272358623083
809733333.333,-74.34773595174717
814731666.667,-74.68010658746809
819730000.0,-71.28025048841863
824728333.333,-73.32319048468565
829726666.667,-75.4432506632236
834725000.0,-73.96152394826098
839723333.333,-71.00164742343603
844721666.667,-77.0709210444159
849720000.0,-72.9959119404072
854718333.333,-74.1432235873068
859716666.667,-73.90222067636505
864715000.0,-73.27065165458747
869713333.333,-72.15415903130751
874711666.667,-73.91182562122475
879710000.0,-71.76719128961365
884708333.333,-75.2478295280622
889706666.667,-74.45710201796075
894705000.0,-73.42757624254814
899703333.333,-73.09488725139714
904701666.667,-73.39563228880544
909700000.0,-73.18013480205107
914698333.333,-72.75931631681856
919696666.667,-70.57140557775222
924695000.0,-72.41239772514844
929693333.333,-73.78705036171786
934691666.667,-71.98574274909669
939690000.0,-73.50444876025671
944688333.333,-73.66611278834579
949686666.667,-72.36982526249622
954685000.0,-71.87220132320469
959683333.333,-71.51246975875274
964681666.667,-71.85284278320287
969680000.0,-71.21640411376953
974678333.333,-72.42424605304902
979676666.667,-71.58600225791112
984675000.0,-70.58341059281072
989673333.333,-73.7565964108802
994671666.667,-72.38713197520002
999670000.0,-71.51581185645018
1004668333.33,-72.94727906827252
1009666666.67,-71.9363637028804
1014665000.0,-70.96858165071005
1019663333.33,-73.3475501451653
1024661666.67,-71.01231840743732
1029660000.0,-72.7901110465107
1034658333.33,-73.93692754823127
1039656666.67,-72.80439282260278
1044655000.0,-70.3368011026913
1049653333.33,-72.38485275414791
1054651666.67,-69.22455313549045
1059650000.0,-72.2712884029999
1064648333.33,-71.19871692455033
1069646666.67,-71.36549301637514
1074645000.0,-72.18855061496717
1079643333.33,-72.15849681116316
1084641666.67,-73.43099093640089
1089640000.0,-73.28258970883508
1094638333.33,-70.5039921237
1099636666.67,-68.4503893513446
1104635000.0,-69.74569013878957
1109633333.33,-69.72229824473331
1114631666.67,-70.9843183074691
1119630000.0,-71.99469916015408
1124628333.33,-72.21406314185808
1129626666.67,-74.31751120765423
1134625000.0,-70.39182234531606
1139623333.33,-72.40981565027381
1144621666.67,-73.12326048905148
1149620000.0,-69.99284694191216
1154618333.33,-70.64363402358111
1159616666.67,-72.32420084898564
1164615000.0,-72.39814403733607
1169613333.33,-73.51287426719614
1174611666.67,-72.76192009434614
1179610000.0,-71.14362640063177
1184608333.33,-71.98129174569493
1189606666.67,-69.53885658867468
1194605000.0,-69.66208929973716
1199603333.33,-68.80557121944021
1204601666.67,-69.1079464839326
1209600000.0,-71.59397850760166
1214598333.33,-73.7644963267678
1219596666.67,-71.11153242440979
1224595000.0,-71.19409169362017
1229593333.33,-69.071297549895
1234591666.67,-70.32661347671993
1239590000.0,-68.70343277297614
1244588333.33,-69.67186146267835
1249586666.67,-71.15926436415249
1254585000.0,-69.54800120866192
1259583333.33,-70.71044964840485
1264581666.67,-72.64415545068148
1269580000.0,-71.23384882157241
1274578333.33,-69.95463469569034
1279576666.67,-68.90004294025904
1284575000.0,-68.66301806611094
1289573333.33,-69.35886085099247
1294571666.67,-68.14994777649356
1299570000.0,-70.73202909630572
1304568333.33,-70.2546587555062
1309566666.67,-69.62256977851317
1314565000.0,-72.24969774045061
1319563333.33,-70.68641968674532
1324561666.67,-70.5798386857159
1329560000.0,-70.44413930751155
1334558333.33,-69.99572743214341
1339556666.67,-68.87213471376444
1344555000.0,-69.7526763407408
1349553333.33,-71.09935961760792
1354551666.67,-70.56995595780191
1359550000.0,-68.40536582518698
1364548333.33,-70.84605739607566
1369546666.67,-68.9169036494391
1374545000.0,-69.88021532529888
1379543333.33,-70.02937720815822
1384541666.67,-69.90869623432717
1389540000.0,-69.40626142715475
1394538333.33,-69.50804967921889
1399536666.67,-69.91863936766092
1404535000.0,-71.35808571505417
1409533333.33,-71.58085918809864
1414531666.67,-70.06825983466483
1419530000.0,-70.96456700486472
1424528333.33,-69.18497717228807
1429526666.67,-67.85277728300838
1434525000.0,-70.66687494363228
1439523333.33,-71.24190193677049
1444521666.67,-68.67963872961175
1449520000.0,-70.5996919071413
1454518333.33,-69.02472567890855
1459516666.67,-70.73138009102146
1464515000.0,-68.03587922378405
1469513333.33,-67.65829801216924
1474511666.67,-69.38631010810725
1479510000.0,-67.10961859363752
1484508333.33,-67.759520374063
1489506666.67,-68.58923290085626
1494505000.0,-69.35053285662256
1499503333.33,-72.26651596630576
1504501666.67,-70.06918631659983
1509500000.0,-69.27617448142122
1514498333.33,-68.10037436518124
1519496666.67,-68.09445167769722
1524495000.0,-68.69284652029692
1529493333.33,-67.66809539315562
1534491666.67,-68.77799263746901
1539490000.0,-69.32177053709131
1544488333.33,-68.8083688267142
1549486666.67,-69.23418746060298
1554485000.0,-69.18587154784623
1559483333.33,-67.78113927275152
1564481666.67,-66.94659034204572
1569480000.0,-69.27534701317092
1574478333.33,-68.01118408565941
1579476666.67,-69.44101348750182
1584475000.0,-70.1601513720473
1589473333.33,-70.81467986490824
1594471666.67,-68.0844454498264
1599470000.0,-68.57949411663918
1604468333.33,-69.86434404974696
1609466666.67,-68.92367042779323
1614465000.0,-67.9085612978889
1619463333.33,-69.1247236078509
1624461666.67,-69.54817183996552
1629460000.0,-67.57714560882205
1634458333.33,-68.46237875905513
1639456666.67,-68.54860309272742
1644455000.0,-68.45364207958647
1649453333.33,-70.09822878450174
1654451666.67,-66.75570951179272
1659450000.0,-67.96118539533822
1664448333.33,-69.15233535015327
1669446666.67,-68.74641881623488
1674445000.0,-68.33085355065684
1679443333.33,-68.04219788470655
1684441666.67,-69.7880313169588
1689440000.0,-67.60768265093417
1694438333.33,-70.33395174274058
1699436666.67,-68.33234766079383
1704435000.0,-68.11078403201351
1709433333.33,-66.77622234433134
1714431666.67,-69.51759372912382
1719430000.0,-68.85618217493634
1724428333.33,-68.37253717486594
1729426666.67,-68.74329594670479
1734425000.0,-67.75174220403436
1739423333.33,-67.35539461630593
1744421666.67,-69.79073078056886
1749420000.0,-69.59386291413605
1754418333.33,-67.76083242071354
1759416666.67,-67.83522857835788
1764415000.0,-66.89360888600545
1769413333.33,-69.33884674195275
1774411666.67,-68.14403251040363
1779410000.0,-69.24430366572298
1784408333.33,-69.3406367750153
1789406666.67,-67.82037351327571
1794405000.0,-67.20930545840278
1799403333.33,-66.37188294410058
1804401666.67,-68.52633921961998
1809400000.0,-68.59852270225444
1814398333.33,-68.10564565541765
1819396666.67,-67.51039045381785
1824395000.0,-68.49068085238487
1829393333.33,-68.21143990241524
1834391666.67,-67.57806695036484
1839390000.0,-67.61248293479866
1844388333.33,-68.37916885893472
1849386666.67,-67.0023566432326
1854385000.0,-68.8109187630454
1859383333.33,-68.46859947491238
1864381666.67,-69.18103746609592
1869380000.0,-68.39844278864851
1874378333.33,-68.6111638937198
1879376666.67,-67.73086217154537
1884375000.0,-66.84521688121968
1889373333.33,-66.72079645617741
1894371666.67,-67.23632124617109
1899370000.0,-68.2195094860643
1904368333.33,-69.63879543929585
1909366666.67,-69.44790783761398
1914365000.0,-68.03221723172234
1919363333.33,-66.49193951466532
1924361666.67,-66.36666347813731
1929360000.0,-68.13924707620352
1934358333.33,-67.10681667948148
1939356666.67,-66.9619407004609
1944355000.0,-66.88558131823059
1949353333.33,-69.60562570637107
1954351666.67,-68.58425348026257
1959350000.0,-68.72062292221484
1964348333.33,-69.06864561548895
1969346666.67,-66.3748753478546
1974345000.0,-67.72344488050756
1979343333.33,-67.33811120040873
1984341666.67,-67.19345505710639
1989340000.0,-67.26322523836937
1994338333.33,-67.3547884274551
1999336666.67,-68.07837933084798
2004335000.0,-67.7829819658279
2009333333.33,-67.66159378512303
2014331666.67,-66.819175816516
2019330000.0,-66.62193011453469
2024328333.33,-67.8232235416079
2029326666.67,-66.55557053348491
2034325000.0,-67.15959665106321
2039323333.33,-67.52408390350838
2044321666.67,-67.13383108276061
2049320000.0,-68.92773542148373
2054318333.33,-66.83664331630428
2059316666.67,-68.07085359044878
2064315000.0,-68.58064551643159
2069313333.33,-66.12997598586982
2074311666.67,-66.5028807835505
2079310000.0,-66.5769096443434
2084308333.33,-67.02062720677937
2089306666.67,-67.317782782384
2094305000.0,-67.60710834857451
2099303333.33,-66.84499702969298
2104301666.67,-66.99282164769977
2109300000.0,-68.28577489092814
2114298333.33,-67.49722086331553
2119296666.67,-67.11133025454393
2124295000.0,-66.17076379042817
2129293333.33,-65.9913432131095
2134291666.67,-67.76279593446078
2139290000.0,-67.9712046562637
2144288333.33,-66.79907566310075
2149286666.67,-67.37204687018946
2154285000.0,-66.80921002770005
2159283333.33,-66.44382264148946
2164281666.67,-65.96137417861262
2169280000.0,-66.62551512028509
2174278333.33,-66.39414822358218
2179276666.67,-66.66060206975567
2184275000.0,-66.62494007190948
2189273333.33,-69.04894076334861
2194271666.67,-66.7367065245229
2199270000.0,-66.2068719126328
2204268333.33,-65.90442325683638
2209266666.67,-67.42648541563204
2214265000.0,-65.80836122934103
2219263333.33,-67.82050923516833
2224261666.67,-67.70284479110377
2229260000.0,-66.57755413199847
2234258333.33,-67.37426146217271
2239256666.67,-67.46570111770724
2244255000.0,-66.57380206460965
2249253333.33,-65.43520375530923
2254251666.67,-65.9193063697276
2259250000.0,-66.15369414343849
2264248333.33,-65.60051196027025
2269246666.67,-65.86828340921473
2274245000.0,-67.44811819107507
2279243333.33,-67.47256958788509
2284241666.67,-67.94143916569487
2289240000.0,-65.78236442799596
2294238333.33,-66.49945176783326
2299236666.67,-66.61403992528955
2304235000.0,-66.18627895151774
2309233333.33,-66.53408959480285
2314231666.67,-66.24415514601804
2319230000.0,-67.24221852951361
2324228333.33,-66.99487424610035
2329226666.67,-67.2050165777321
2334225000.0,-67.38277624334674
2339223333.33,-67.06619530512742
2344221666.67,-66.44535927711368
2349220000.0,-66.63413369023691
2354218333.33,-65.67406876654914
2359216666.67,-66.19785031729836
2364215000.0,-66.4350713520856
2369213333.33,-66.50274059426025
2374211666.67,-65.88106168220064
2379210000.0,-66.5570167454079
2384208333.33,-67.06694428281934
2389206666.67,-66.32700543167905
2394205000.0,-66.3120149096579
2399203333.33,-66.87981511719254
2404201666.67,-66.03975913403039
2409200000.0,-66.18814691133765
2414198333.33,-66.66069626692396
2419196666.67,-65.04670805404223
2424195000.0,-66.73774839992919
2429193333.33,-66.4771042909791
2434191666.67,-66.92917693655045
2439190000.0,-66.29396657277914
2444188333.33,-64.80213154154985
2449186666.67,-65.79247545432716
2454185000.0,-66.16552302092654
2459183333.33,-66.2376330403729
2464181666.67,-66.36369877602839
2469180000.0,-65.93997068753202
2474178333.33,-67.00505168648809
2479176666.67,-65.84448696703927
2484175000.0,-65.75749033092463
2489173333.33,-65.63898856657826
2494171666.67,-64.98696124654812
2499170000.0,-65.06907646626097
2504168333.33,-67.21960334990162
2509166666.67,-66.01974291436666
2514165000.0,-65.4080224310603
2519163333.33,-66.83898757205478
2524161666.67,-65.15810456800915
2529160000.0,-66.30000791792816
2534158333.33,-65.06741022600387
2539156666.67,-64.8990917851356
2544155000.0,-65.7231913296409
2549153333.33,-65.42488399529383
2554151666.67,-65.91795281716892
2559150000.0,-65.71204911579075
2564148333.33,-67.54779099549334
2569146666.67,-66.82576936660591
2574145000.0,-66.7350711385791
2579143333.33,-66.05869373434305
2584141666.67,-64.70598226304274
2589140000.0,-66.30122926562063
2594138333.33,-65.43765461871644
2599136666.67,-65.77858410652188
2604135000.0,-66.69982161224264
2609133333.33,-67.03931171139315
2614131666.67,-66.7668838472051
2619130000.0,-66.09773083387698
2624128333.33,-65.57521335257627
2629126666.67,-65.2750592262173
2634125000.0,-64.89713774585636
2639123333.33,-65.66265693945971
2644121666.67,-66.07032887462198
2649120000.0,-66.33095467451565
2654118333.33,-65.28637845023958
2659116666.67,-66.55812434383301
2664115000.0,-66.1049388269662
2669113333.33,-66.22189993012265
2674111666.67,-65.47729553267915
2679110000.0,-65.35961326620475
2684108333.33,-64.79175913475417
2689106666.67,-65.60134277440449
2694105000.0,-65.41343010092426
2699103333.33,-65.75511995428987
2704101666.67,-65.90872856142963
2709100000.0,-65.15426432855348
2714098333.33,-64.94698422132487
2719096666.67,-65.1030687710663
2724095000.0,-65.24068686837478
2729093333.33,-65.02793517260267
2734091666.67,-65.43301918396294
2739090000.0,-65.85051365470045
2744088333.33,-64.58518083565531
2749086666.67,-65.72581757999374
2754085000.0,-65.01852914618544
2759083333.33,-65.1717231812833
2764081666.67,-65.66998117389952
2769080000.0,-64.80027106374163
2774078333.33,-65.22589791210456
2779076666.67,-65.08062309924938
2784075000.0,-64.72327543882366
2789073333.33,-64.86772426999636
2794071666.67,-65.69911689033317
2799070000.0,-64.57261146685906
2804068333.33,-64.64272294459293
2809066666.67,-65.22240701388534
2814065000.0,-64.78920615579553
2819063333.33,-64.84067557721906
2824061666.67,-64.61729705515415
2829060000.0,-64.89254554339962
2834058333.33,-65.22977428418363
2839056666.67,-65.5186255095159
2844055000.0,-64.34345208753757
2849053333.33,-65.73860031575799
2854051666.67,-65.06696658828835
2859050000.0,-64.18014532398823
2864048333.33,-65.57766622363003
2869046666.67,-64.30795358751377
2874045000.0,-64.4587739582278
2879043333.33,-64.84844060386854
2884041666.67,-65.9112728398169
2889040000.0,-65.76055336880906
2894038333.33,-65.72193851776953
2899036666.67,-64.37246718197864
2904035000.0,-64.69970329271787
2909033333.33,-64.48538106678568
2914031666.67,-65.5764221029261
2919030000.0,-64.51683067557812
2924028333.33,-64.84557563704884
2929026666.67,-65.66259651115558
2934025000.0,-65.57196028347636
2939023333.33,-65.44821630538634
2944021666.67,-64.89728242051024
2949020000.0,-64.95579562949308
2954018333.33,-64.9955269978243
2959016666.67,-64.56507642537636
2964015000.0,-64.67646398618601
2969013333.33,-64.72216989091527
2974011666.67,-65.31795190968778
2979010000.0,-66.06646487519194
2984008333.33,-65.75336703994837
2989006666.67,-64.07771629771847
2994005000.0,-64.88595131102497
2999003333.33,-64.07906424967067
3004001666.67,-65.08062113230716
3009000000.0,-64.29291320404546
3013998333.33,-65.2494584695639
3018996666.67,-64.46429510058874
3023995000.0,-64.56393702426995
3028993333.33,-65.0388154381981
3033991666.67,-64.51298418963773
3038990000.0,-64.73760882972796
3043988333.33,-65.52013839314252
3048986666.67,-64.48558266407909
3053985000.0,-64.54405612302574
3058983333.33,-64.7773824879789
3063981666.67,-64.88954840835689
3068980000.0,-64.52985907653121
3073978333.33,-65.58819588301633
3078976666.67,-64.68470742264205
3083975000.0,-63.85495119787115
3088973333.33,-64.66175986593238
3093971666.67,-65.51222524576845
3098970000.0,-64.22522552820895
3103968333.33,-65.25324773038028
3108966666.67,-64.90702343310642
3113965000.0,-65.83162951153433
3118963333.33,-64.7991157985977
3123961666.67,-65.00525180494068
3128960000.0,-65.02914492945945
3133958333.33,-63.7116190438
3138956666.67,-63.478690702506114
3143955000.0,-64.6790957280491
3148953333.33,-63.697415016988074
3153951666.67,-63.80198809237473
3158950000.0,-64.32577807758679
3163948333.33,-65.19904614356727
3168946666.67,-65.42227625425764
3173945000.0,-64.5115706872294
3178943333.33,-63.95070706810167
3183941666.67,-63.5676054644118
3188940000.0,-63.948477698979275
3193938333.33,-63.94674150379353
3198936666.67,-63.900573398293254
3203935000.0,-64.30555000496798
3208933333.33,-64.7809518534572
3213931666.67,-64.59781925131895
3218930000.0,-64.24898435851331
3223928333.33,-64.50506367983056
3228926666.67,-63.89922467554469
3233925000.0,-64.88683044129587
3238923333.33,-63.744756772785465
3243921666.67,-64.75336367906928
3248920000.0,-63.5829138640516
3253918333.33,-64.24715798624553
3258916666.67,-65.28030973843288
3263915000.0,-64.51148244721725
3268913333.33,-65.24621327326336
3273911666.67,-64.27256380696191
3278910000.0,-64.39910382366602
3283908333.33,-63.66466303336462
3288906666.67,-64.11113220692796
3293905000.0,-64.53352785566486
3298903333.33,-64.53171313394841
3303901666.67,-64.21161060118368
3308900000.0,-65.56697012113405
3313898333.33,-63.942203502228814
3318896666.67,-64.08734261399151
3323895000.0,-64.06082368033597
3328893333.33,-64.13481450025967
3333891666.67,-63.92212021361771
3338890000.0,-64.30223459477004
3343888333.33,-65.20901446875935
3348886666.67,-64.43825632265407
3353885000.0,-63.962731432493186
3358883333.33,-64.6994372588463
3363881666.67,-63.996394031758605
3368880000.0,-63.910883443610516
3373878333.33,-63.025202207803744
3378876666.67,-63.93349214399493
3383875000.0,-64.33957195553847
3388873333.33,-64.37538936231991
3393871666.67,-63.72756174700103
3398870000.0,-65.09726997259446
3403868333.33,-63.03099343371588
3408866666.67,-63.7008667533634
3413865000.0,-63.350346748971674
3418863333.33,-63.60404956556033
3423861666.67,-63.746866892873086
3428860000.0,-64.02608628855795
3433858333.33,-63.8946369534397
3438856666.67,-65.65705300832708
3443855000.0,-63.74679849881568
3448853333.33,-63.76918350201283
3453851666.67,-64.59595706059352
3458850000.0,-63.925331604072824
3463848333.33,-64.89383646200073
3468846666.67,-64.11897192863555
3473845000.0,-63.53668852408239
3478843333.33,-64.77851170404789
3483841666.67,-63.51463783863244
3488840000.0,-64.99739244067956
3493838333.33,-64.11345474577858
3498836666.67,-64.07936945221638
3503835000.0,-63.99889306976601
3508833333.33,-63.89387189690011
3513831666.67,-63.2580896580687
3518830000.0,-62.784825503240384
3523828333.33,-63.74961000741847
3528826666.67,-65.15274058498076
3533825000.0,-64.1492509863201
3538823333.33,-64.32544281295195
3543821666.67,-64.4855739576
3548820000.0,-63.59548910954146
3553818333.33,-64.50773480095017
3558816666.67,-63.52012784385905
3563815000.0,-63.59407661956182
3568813333.33,-63.76093479323747
3573811666.67,-63.16877095067
3578810000.0,-63.618754438521435
3583808333.33,-63.209930221565685
3588806666.67,-63.00077090541162
3593805000.0,-62.99941901966974
3598803333.33,-64.38044760623674
3603801666.67,-63.645191346379086
3608800000.0,-63.29535593407126
3613798333.33,-63.51717814100246
3618796666.67,-64.19898269263676
3623795000.0,-64.88115284022513
3628793333.33,-64.17601847570508
3633791666.67,-63.290411272202945
3638790000.0,-64.13817652984892
3643788333.33,-64.28121553209743
3648786666.67,-64.08114661404484
3653785000.0,-63.39001494685782
3658783333.33,-63.544941274468144
3663781666.67,-63.14291939298772
3668780000.0,-63.86877269269721
3673778333.33,-63.99882300478578
3678776666.67,-64.29924101968204
3683775000.0,-64.51255021937646
3688773333.33,-64.90011341227996
3693771666.67,-64.45863960740974
3698770000.0,-64.70829195172523
3703768333.33,-63.88056775480962
3708766666.67,-64.59260773104728
3713765000.0,-64.04638592485674
3718763333.33,-65.02532783217919
3723761666.67,-64.70970239079264
3728760000.0,-64.6855621855996
3733758333.33,-64.47185943708827
3738756666.67,-65.29192489355952
3743755000.0,-63.80718558522037
3748753333.33,-64.68552655263186
3753751666.67,-64.41970682309636
3758750000.0,-65.13349460137971
3763748333.33,-63.97477038145935
3768746666.67,-65.52640312482536
3773745000.0,-64.63117642291652
3778743333.33,-64.02404825863648
3783741666.67,-64.10219357467217
3788740000.0,-63.30204085021022
3793738333.33,-63.56333620699945
3798736666.67,-64.28285456027828
3803735000.0,-64.29241499045101
3808733333.33,-64.41135813406115
3813731666.67,-64.9684558876421
3818730000.0,-63.967793543941404
3823728333.33,-63.64649019589432
3828726666.67,-64.12167706554696
3833725000.0,-63.76379226594936
3838723333.33,-63.53327744212475
3843721666.67,-62.552431732179215
3848720000.0,-63.36898292480246
3853718333.33,-63.35673714073686
3858716666.67,-65.05203309794597
3863715000.0,-64.24668592559951
3868713333.33,-63.752779546685325
3873711666.67,-63.29874019678616
3878710000.0,-63.15305942044284
3883708333.33,-63.10596040220786
3888706666.67,-63.95116804404685
3893705000.0,-63.19758899104346
3898703333.33,-62.58116630064042
3903701666.67,-64.17104276018144
3908700000.0,-63.727771530228445
3913698333.33,-63.891947405533244
3918696666.67,-64.11027630783845
3923695000.0,-64.02054617863135
3928693333.33,-63.542687104310225
3933691666.67,-62.583194837563944
3938690000.0,-64.28230452928089
3943688333.33,-63.59195199815882
3948686666.67,-65.27361883116284
3953685000.0,-64.55262663120861
3958683333.33,-64.433924696547
3963681666.67,-63.797691894391384
3968680000.0,-63.89250499024114
3973678333.33,-63.98099647202409
3978676666.67,-63.481350478520696
3983675000.0,-63.92986570741187
3988673333.33,-64.95683008832597
3993671666.67,-64.39565958489081
3998670000.0,-64.42423829718338
4003668333.33,-64.29190231823576
4008666666.67,-64.88814750555056
4013665000.0,-64.76941088279459
4018663333.33,-64.19239837964284
4023661666.67,-64.68036362977077
4028660000.0,-64.72344474605082
4033658333.33,-65.11446324808043
4038656666.67,-64.62772751409855
4043655000.0,-65.09054037939717
4048653333.33,-65.31743520545267
4053651666.67,-64.25722774869013
4058650000.0,-63.81708922195849
4063648333.33,-63.76318924055237
4068646666.67,-64.06536583623902
4073645000.0,-63.79527187565095
4078643333.33,-63.77495878910739
4083641666.67,-63.7556260246627
4088640000.0,-63.568638692607195
4093638333.33,-64.3065386805297
4098636666.67,-63.922256008961355
4103635000.0,-64.0988059937864
4108633333.33,-64.10262745457084
4113631666.67,-63.68937820385979
4118630000.0,-64.02714869022363
4123628333.33,-64.00403343617944
4128626666.67,-63.69618874522256
4133625000.0,-64.23986087703359
4138623333.33,-63.51495521089146
4143621666.67,-64.04000492913518
4148620000.0,-63.79723260415612
4153618333.33,-63.27794471517936
4158616666.67,-63.879195148433524
4163615000.0,-63.414839081695234
4168613333.33,-63.23895081641468
4173611666.67,-63.95571587705818
4178610000.0,-63.29980259942948
4183608333.33,-63.12528946911803
4188606666.67,-63.6148645109749
4193605000.0,-63.211317619479615
4198603333.33,-63.011058690004866
4203601666.67,-62.904285400554194
4208600000.0,-62.8329014496469
4213598333.33,-63.27463532200043
4218596666.67,-63.76128116651198
4223595000.0,-63.3017318150615
4228593333.33,-64.72116145854375
4233591666.67,-65.02210712712984
4238590000.0,-63.81296586406408
4243588333.33,-63.2598469753778
4248586666.67,-62.97853776211148
4253585000.0,-62.57157344603244
4258583333.33,-63.11535317506264
4263581666.67,-63.68213611262411
4268580000.0,-63.823157515390974
4273578333.33,-63.539056429651765
4278576666.67,-63.56556548678168
4283575000.0,-64.09655578592748
4288573333.33,-64.56178611789832
4293571666.67,-63.708339213432964
4298570000.0,-63.71687987226311
4303568333.33,-63.95666689759241
4308566666.67,-63.733323872886125
4313565000.0,-63.21652410966486
4318563333.33,-63.06378128758204
4323561666.67,-64.400130781127
4328560000.0,-64.00123538156592
4333558333.33,-63.433688311091714
4338556666.67,-63.541439317966
4343555000.0,-63.474525925817325
4348553333.33,-63.46372766058009
4353551666.67,-63.27221274854934
4358550000.0,-63.49327047699318
4363548333.33,-63.991913645039
4368546666.67,-64.2625234012556
4373545000.0,-62.50484224232
4378543333.33,-64.06612353084036
4383541666.67,-63.7598945438123
4388540000.0,-63.07717151161
4393538333.33,-63.44151303847919
4398536666.67,-63.14181296832306
4403535000.0,-63.47405665566811
4408533333.33,-63.672095858750055
4413531666.67,-63.19045597627618
4418530000.0,-62.99501571498135
4423528333.33,-63.24649806984134
4428526666.67,-63.22994317036554
4433525000.0,-63.35044502028321
4438523333.33,-63.099834070646224
4443521666.67,-63.57243010189934
4448520000.0,-63.17633775389542
4453518333.33,-63.440811564278796
4458516666.67,-62.56589591116082
4463515000.0,-63.79398183698739
4468513333.33,-62.97573954576543
4473511666.67,-63.59785252202887
4478510000.0,-63.093496148633655
4483508333.33,-63.092881966293874
4488506666.67,-63.35251447346324
4493505000.0,-62.879236630493544
4498503333.33,-63.05971276265231
4503501666.67,-62.951622674343696
4508500000.0,-63.35675251479956
4513498333.33,-63.192540031196714
4518496666.67,-63.154333491316706
4523495000.0,-63.01770132755833
4528493333.33,-62.86317431121999
4533491666.67,-62.685914257524885
4538490000.0,-63.2427127986395
4543488333.33,-63.582804251988435
4548486666.67,-63.57028444851302
4553485000.0,-63.62925405367391
4558483333.33,-63.720047724914735
4563481666.67,-62.89832009889099
4568480000.0,-64.17346259309612
4573478333.33,-63.43432030120358
4578476666.67,-62.52345773893191
4583475000.0,-62.97173717441518
4588473333.33,-62.97193479093862
4593471666.67,-63.536607056710785
4598470000.0,-63.64151370660336
4603468333.33,-63.565818616397394
4608466666.67,-62.77872125032802
4613465000.0,-63.169150019441176
4618463333.33,-62.440079779448425
4623461666.67,-63.18921515365758
4628460000.0,-63.34661993368091
4633458333.33,-62.814204016685046
4638456666.67,-63.607726843574774
4643455000.0,-62.857698536310636
4648453333.33,-63.70609528781132
4653451666.67,-63.502140404625855
4658450000.0,-62.5722199398197
4663448333.33,-62.96865755684428
4668446666.67,-62.895583574696616
4673445000.0,-62.99293574794567
4678443333.33,-62.84390365407919
4683441666.67,-62.70896567350499
4688440000.0,-63.08164032858344
4693438333.33,-63.30579109324575
4698436666.67,-63.193431090518395
4703435000.0,-63.47810344159544
4708433333.33,-62.62147081139605
4713431666.67,-63.20719545056993
4718430000.0,-62.6850783338194
4723428333.33,-63.02876997853709
4728426666.67,-62.96760231116651
4733425000.0,-63.135578558591305
4738423333.33,-63.140779028445266
4743421666.67,-62.41140643255871
4748420000.0,-63.28665700991678
4753418333.33,-62.76778850462624
4758416666.67,-62.57452468077951
4763415000.0,-62.94337052850469
4768413333.33,-63.64065283635057
4773411666.67,-63.373345635936346
4778410000.0,-63.1036865917804
4783408333.33,-62.803622956244254
4788406666.67,-62.80083610297197
4793405000.0,-63.02452662261899
4798403333.33,-63.13680229279514
4803401666.67,-62.67532822331458
4808400000.0,-63.145692999210404
4813398333.33,-62.93904362212046
4818396666.67,-62.659977278790535
4823395000.0,-63.10358555409063
4828393333.33,-62.70090160902495
4833391666.67,-63.31648251598864
4838390000.0,-62.81746564560261
4843388333.33,-63.16970263032208
4848386666.67,-63.131710552975434
4853385000.0,-62.73333504594231
4858383333.33,-62.47996380553792
4863381666.67,-62.10419051983537
4868380000.0,-62.92232330190595
4873378333.33,-62.467827870432124
4878376666.67,-63.29881860127172
4883375000.0,-63.445916746633415
4888373333.33,-62.91456257201291
4893371666.67,-63.56593709234713
4898370000.0,-62.95969202535587
4903368333.33,-62.79133347623685
4908366666.67,-62.61686433589261
4913365000.0,-62.30086456531639
4918363333.33,-62.68501088610594
4923361666.67,-63.16471286220124
4928360000.0,-62.50719100631513
4933358333.33,-62.949878373977654
4938356666.67,-62.73417771924202
4943355000.0,-61.626394340435155
4948353333.33,-62.36176425076377
4953351666.67,-62.028894851122615
4958350000.0,-62.666795684370726
4963348333.33,-62.010611802117054
4968346666.67,-63.060085052139236
4973345000.0,-63.05366416968511
4978343333.33,-62.15628178924089
4983341666.67,-62.073807235507424
4988340000.0,-62.06691054415148
4993338333.33,-62.96283706704998
4998336666.67,-62.77648315751816
5003335000.0,-62.37905682645522
5008333333.33,-62.387337619890985
5013331666.67,-62.53447966382485
5018330000.0,-63.41578810924382
5023328333.33,-62.32379148282856
5028326666.67,-62.65900645527598
5033325000.0,-62.56372703751008
5038323333.33,-62.295501131482766
5043321666.67,-62.38735425770911
5048320000.0,-61.13176151915009
5053318333.33,-62.0474368589106
5058316666.67,-62.83263935632646
5063315000.0,-62.6607826005833
5068313333.33,-62.7995184601762
5073311666.67,-62.37073758525987
5078310000.0,-62.38351936924917
5083308333.33,-62.33001952427208
5088306666.67,-61.84144974395868
5093305000.0,-61.91989268501349
5098303333.33,-62.3075023049286
5103301666.67,-62.08062543093838
5108300000.0,-62.28964046679063
5113298333.33,-62.10861688170194
5118296666.67,-62.304291132143696
5123295000.0,-62.214226743948046
5128293333.33,-61.868085087102614
5133291666.67,-61.56672418813968
5138290000.0,-61.103912118128946
5143288333.33,-61.832672144112124
5148286666.67,-62.43866690150124
5153285000.0,-63.01170067766794
5158283333.33,-62.157475487305334
5163281666.67,-62.49868096579172
5168280000.0,-61.97848698535522
5173278333.33,-62.72256545124357
5178276666.67,-62.650810624126436
5183275000.0,-61.97250246247482
5188273333.33,-62.786453114737256
5193271666.67,-62.35672689482416
5198270000.0,-62.744870175111686
5203268333.33,-62.17410236586459
5208266666.67,-62.3915369331393
5213265000.0,-62.70432648204598
5218263333.33,-61.76503850413778
5223261666.67,-62.39672392221262
5228260000.0,-61.28401060686809
5233258333.33,-62.25922042675337
5238256666.67,-61.94857318562818
5243255000.0,-62.3162874032841
5248253333.33,-62.05862391339902
5253251666.67,-62.53053630817228
5258250000.0,-62.75679110659343
5263248333.33,-62.19979957157821
5268246666.67,-62.402914853357466
5273245000.0,-62.96900730956181
5278243333.33,-62.20956061400088
5283241666.67,-61.79578717379133
5288240000.0,-62.30926064931808
5293238333.33,-62.78103304704566
5298236666.67,-61.99412595771107
5303235000.0,-62.30818417388768
5308233333.33,-62.23427993312569
5313231666.67,-62.37754562475685
5318230000.0,-61.718059119472784
5323228333.33,-61.95621322685654
5328226666.67,-61.443848614570136
5333225000.0,-61.988277494126
5338223333.33,-61.88051661405987
5343221666.67,-62.17709401957282
5348220000.0,-62.24298567026865
5353218333.33,-62.3850528472613
5358216666.67,-61.55630038547044
5363215000.0,-61.94178923706733
5368213333.33,-62.84999961086716
5373211666.67,-62.19021698824109
5378210000.0,-62.38716741815117
5383208333.33,-62.41532361266232
5388206666.67,-62.71370597350077
5393205000.0,-62.926673046159024
5398203333.33,-62.58590522353068
5403201666.67,-62.011085534390105
5408200000.0,-62.018262906085724
5413198333.33,-62.217898784276215
5418196666.67,-62.02206275381313
5423195000.0,-62.40674885422727
5428193333.33,-62.68250421445673
5433191666.67,-62.6804678000661
5438190000.0,-62.30480204650889
5443188333.33,-62.62989607167825
5448186666.67,-62.86866227258545
5453185000.0,-62.550795866599856
5458183333.33,-62.9323989724141
5463181666.67,-61.828954276649675
5468180000.0,-62.72174862305831
5473178333.33,-62.17973099289178
5478176666.67,-62.81675989543348
5483175000.0,-62.27306012724551
5488173333.33,-63.010333328297996
5493171666.67,-62.40587230997241
5498170000.0,-62.578854238853424
5503168333.33,-62.91336712476567
5508166666.67,-62.21583162018825
5513165000.0,-61.64703430932107
5518163333.33,-61.68844649958274
5523161666.67,-62.234643777009396
5528160000.0,-62.45544883267569
5533158333.33,-61.90144910536203
5538156666.67,-62.67366702634625
5543155000.0,-61.48070562410115
5548153333.33,-61.528574440121616
5553151666.67,-61.66131764979986
5558150000.0,-61.63778333852405
5563148333.33,-61.80894785333956
5568146666.67,-61.69271093125456
5573145000.0,-62.72011390530898
5578143333.33,-62.80052056783688
5583141666.67,-62.43038800028597
5588140000.0,-61.68352063558359
5593138333.33,-62.4626137281134
5598136666.67,-62.49863169310892
5603135000.0,-61.91658189790101
5608133333.33,-62.6548406337152
5613131666.67,-62.680883865582615
5618130000.0,-62.52360902613507
5623128333.33,-62.23759906968252
5628126666.67,-62.61973406840581
5633125000.0,-62.505215673877366
5638123333.33,-62.50381628852243
5643121666.67,-62.25451497422651
5648120000.0,-61.693722658441
5653118333.33,-62.05779264804703
5658116666.67,-62.47722509593818
5663115000.0,-62.84126737015842
5668113333.33,-61.783775048260026
5673111666.67,-63.08479446871591
5678110000.0,-62.69187348273033
5683108333.33,-62.82242208544852
5688106666.67,-61.59992749636639
5693105000.0,-62.53772476361298
5698103333.33,-62.547543967254114
5703101666.67,-61.910452984099
5708100000.0,-63.08733227198323
5713098333.33,-62.68647789934805
5718096666.67,-62.0680639735722
5723095000.0,-62.27600859486178
5728093333.33,-62.73137936605086
5733091666.67,-62.293756232821345
5738090000.0,-61.857923970334284
5743088333.33,-62.43752450087208
5748086666.67,-61.682751862085254
5753085000.0,-61.62103615873863
5758083333.33,-61.98104811775137
5763081666.67,-61.637662488840505
5768080000.0,-62.228546011375556
5773078333.33,-61.221874468520085
5778076666.67,-61.96617614738819
5783075000.0,-61.72261393375213
5788073333.33,-61.65303345810837
5793071666.67,-62.13414739312291
5798070000.0,-62.07881578938739
5803068333.33,-62.159488391324054
5808066666.67,-62.806661096653386
5813065000.0,-62.100226501750015
5818063333.33,-61.70102886906709
5823061666.67,-61.819635160892204
5828060000.0,-62.10215488870213
5833058333.33,-62.54498144167118
5838056666.67,-62.472479074544296
5843055000.0,-62.55347630150724
5848053333.33,-62.387851773799134
5853051666.67,-62.352121919106054
5858050000.0,-62.077523122311675
5863048333.33,-62.358186206044024
5868046666.67,-61.96202771651489
5873045000.0,-61.31104239078055
5878043333.33,-62.596691898935134
5883041666.67,-62.82759655363867
5888040000.0,-62.88698512324925
5893038333.33,-62.0687268463838
5898036666.67,-62.25749650004035
5903035000.0,-62.54104091498302
5908033333.33,-62.3887469483538
5913031666.67,-61.676189282275374
5918030000.0,-62.23777837182542
5923028333.33,-62.28599280140809
5928026666.67,-61.5906814975423
5933025000.0,-62.45731505061215
5938023333.33,-61.43982214687627
5943021666.67,-62.36050338541122
5948020000.0,-62.588596587277515
5953018333.33,-62.77514807137595
5958016666.67,-61.7022271470877
5963015000.0,-61.96144821597809
5968013333.33,-62.09187825635613
5973011666.67,-61.978907837921504
5978010000.0,-62.787521616507206
5983008333.33,-62.46147247533667
5988006666.67,-62.47567198902297
5993005000.0,-62.200230047298746
5998003333.33,-62.248715595842526
6003001666.67,-62.4125619318899
6008000000.0,-62.69025086171844
6012998333.33,-61.0815403670466
6017996666.67,-61.96853927368592
6022995000.0,-62.07828205955263
6027993333.33,-62.11377293572446
6032991666.67,-61.65024078232952
6037990000.0,-61.99367281222291
6042988333.33,-62.38607650989633
6047986666.67,-61.8866872652242
6052985000.0,-61.57397878537153
6057983333.33,-61.636725172728106
6062981666.67,-61.47707697528751
6067980000.0,-61.9116580066992
6072978333.33,-61.55140383988797
6077976666.67,-61.61369720902926
6082975000.0,-61.68038073959788
6087973333.33,-62.417922022878756
6092971666.67,-61.400148465502404
6097970000.0,-62.03139346014378
6102968333.33,-62.189696571417485
6107966666.67,-61.4591716349987
6112965000.0,-61.50329089851823
6117963333.33,-62.07096969631159
6122961666.67,-61.36896163641771
6127960000.0,-62.32784754062681
6132958333.33,-62.28130602188199
6137956666.67,-61.90293415500327
6142955000.0,-62.89783430656804
6147953333.33,-61.64149630081249
6152951666.67,-62.09247949721642
6157950000.0,-61.55858286562059
6162948333.33,-61.53276144193799
6167946666.67,-61.91100147374086
6172945000.0,-62.448821012029384
6177943333.33,-62.71305598941764
6182941666.67,-63.0447135183949
6187940000.0,-62.17135613451436
6192938333.33,-62.13741426197938
6197936666.67,-63.02581012547773
6202935000.0,-62.29412214784011
6207933333.33,-61.84883456549656
6212931666.67,-61.59560385570909
6217930000.0,-62.505340367747976
6222928333.33,-62.9937426178947
6227926666.67,-61.70281081309187
6232925000.0,-61.65769325787181
6237923333.33,-62.37674469697723
6242921666.67,-62.1019516934549
6247920000.0,-61.338230473249276
6252918333.33,-61.951308996733296
6257916666.67,-62.07810350777144
6262915000.0,-62.221870406654325
6267913333.33,-62.22475876773541
6272911666.67,-62.25184510437244
6277910000.0,-62.61041950660187
6282908333.33,-62.3299106826056
6287906666.67,-62.847346081569064
6292905000.0,-61.86973244599401
6297903333.33,-62.24110269449528
6302901666.67,-62.11346034807213
6307900000.0,-61.75266459347574
6312898333.33,-62.199568288995295
6317896666.67,-62.24740112729214
6322895000.0,-62.7709234041174
6327893333.33,-62.32933102340994
6332891666.67,-62.16329654637451
6337890000.0,-62.574012672587386
6342888333.33,-61.61742124507665
6347886666.67,-61.853490355926375
6352885000.0,-62.76263041956611
6357883333.33,-62.760721180633695
6362881666.67,-62.36060559804834
6367880000.0,-62.48811880944434
6372878333.33,-62.00765522281781
6377876666.67,-62.06565772205347
6382875000.0,-62.55522925670223
6387873333.33,-61.941161790413744
6392871666.67,-61.441526020997664
6397870000.0,-61.86055224750997
6402868333.33,-61.8632647542313
6407866666.67,-62.235997790874436
6412865000.0,-62.385491275458236
6417863333.33,-61.41302746720733
6422861666.67,-61.5062838541012
6427860000.0,-61.775336497819794
6432858333.33,-61.46268533441399
6437856666.67,-61.84075046261889
6442855000.0,-62.08377016581607
6447853333.33,-62.355522513240764
6452851666.67,-62.2092585562923
6457850000.0,-62.05896883971411
6462848333.33,-62.45753100035916
6467846666.67,-62.09747328584627
6472845000.0,-61.682455020249556
6477843333.33,-62.12959791017276
6482841666.67,-61.36761992037722
6487840000.0,-62.153731138694965
6492838333.33,-62.23120868704778
6497836666.67,-61.876416395588045
6502835000.0,-61.96090374689778
6507833333.33,-62.60555904941512
6512831666.67,-62.30915859178141
6517830000.0,-61.9283742857671
6522828333.33,-62.34552617988988
6527826666.67,-61.87488619863493
6532825000.0,-61.79202756481467
6537823333.33,-62.39875106788867
6542821666.67,-62.20160077366025
6547820000.0,-62.707951984020184
6552818333.33,-62.935997045159425
6557816666.67,-61.93897410595088
6562815000.0,-62.36291551749147
6567813333.33,-61.94326999363795
6572811666.67,-61.435460648442486
6577810000.0,-61.241411433080856
6582808333.33,-61.82289563691892
6587806666.67,-62.6739208871449
6592805000.0,-62.22596376807029
6597803333.33,-62.25151372594277
6602801666.67,-62.13857297027501
6607800000.0,-62.610656402242526
6612798333.33,-61.68346168597228
6617796666.67,-61.89102680220639
6622795000.0,-62.595859396318886
6627793333.33,-62.36747499552486
6632791666.67,-61.645375781525765
6637790000.0,-62.72070327659303
6642788333.33,-62.39505380672699
6647786666.67,-62.5010626003249
6652785000.0,-61.925299344204355
6657783333.33,-61.457698936140666
6662781666.67,-61.987154133352114
6667780000.0,-61.65357136271326
6672778333.33,-61.77442815545899
6677776666.67,-61.92463188680824
6682775000.0,-62.55934202058887
6687773333.33,-62.18627314795373
6692771666.67,-62.25119205959368
6697770000.0,-62.245456467649646
6702768333.33,-62.23340460991763
6707766666.67,-61.7597333705535
6712765000.0,-61.307854050563755
6717763333.33,-61.73784182042982
6722761666.67,-61.61776872088484
6727760000.0,-61.88591350742897
6732758333.33,-62.11508831059334
6737756666.67,-62.25513031741271
6742755000.0,-61.509558294176855
6747753333.33,-62.07610802897477
6752751666.67,-61.83911826081224
6757750000.0,-61.28966786474109
6762748333.33,-61.13898970290319
6767746666.67,-61.47659907037446
6772745000.0,-61.91257700757485
6777743333.33,-61.09652749164533
6782741666.67,-61.81236605269333
6787740000.0,-61.91821979334694
6792738333.33,-61.91519408585842
6797736666.67,-61.70198605353861
6802735000.0,-60.956023136040656
6807733333.33,-62.1772426737145
6812731666.67,-61.305885973244365
6817730000.0,-61.55870789808681
6822728333.33,-61.5052431871322
6827726666.67,-61.6661945364323
6832725000.0,-62.23055441523197
6837723333.33,-61.696665721310076
6842721666.67,-61.54172857421606
6847720000.0,-61.355415598392995
6852718333.33,-61.6350585219061
6857716666.67,-61.96302470853585
6862715000.0,-61.59151662671825
6867713333.33,-62.258397889343904
6872711666.67,-61.808966477240716
6877710000.0,-61.86537991275969
6882708333.33,-61.7974082364768
6887706666.67,-61.03196391697871
6892705000.0,-61.888971465382845
6897703333.33,-60.81520903284754
6902701666.67,-61.96239679417012
6907700000.0,-61.163848652813286
6912698333.33,-61.117875862069255
6917696666.67,-61.65889480364467
6922695000.0,-61.84921567864309
6927693333.33,-61.101989144626394
6932691666.67,-61.68127918838514
6937690000.0,-61.101657158484535
6942688333.33,-61.84233757045952
6947686666.67,-60.934598474584114
6952685000.0,-62.15836739213788
6957683333.33,-61.06432929844341
6962681666.67,-62.35259677777791
6967680000.0,-61.41886581693407
6972678333.33,-61.01856772867472
6977676666.67,-61.29404746856058
6982675000.0,-61.405847519568994
6987673333.33,-60.854594865381095
6992671666.67,-61.146746151810596
6997670000.0,-60.85405412204652
7002668333.33,-60.83018852070837
7007666666.67,-61.26796670892588
7012665000.0,-61.625856909402046
7017663333.33,-61.331106178684806
7022661666.67,-61.64399488811252
7027660000.0,-60.647530073805754
7032658333.33,-60.95977146771568
7037656666.67,-61.41393756088774
7042655000.0,-61.32091915118898
7047653333.33,-61.531563740072656
7052651666.67,-61.009838769891196
7057650000.0,-61.69504716861452
7062648333.33,-62.16902847552096
7067646666.67,-62.049840716367264
7072645000.0,-61.45914039360849
7077643333.33,-61.189917224912804
7082641666.67,-61.282878801407165
7087640000.0,-61.78211509421844
7092638333.33,-61.774122547096496
7097636666.67,-62.000839882537605
7102635000.0,-61.36603550882667
7107633333.33,-61.45389505211159
7112631666.67,-61.69687293400838
7117630000.0,-61.22857099706451
7122628333.33,-61.88473722025066
7127626666.67,-61.34730314742538
7132625000.0,-61.67911147769055
7137623333.33,-61.406255106367915
7142621666.67,-61.4063216728768
7147620000.0,-62.55861498591383
7152618333.33,-61.64190669366093
7157616666.67,-61.42891077501918
7162615000.0,-61.16738179121579
7167613333.33,-61.4762929186951
7172611666.67,-61.59908454640676
7177610000.0,-60.73478109781507
7182608333.33,-61.002549348129556
7187606666.67,-61.71633668855263
7192605000.0,-61.71660617117615
7197603333.33,-61.971759077368766
7202601666.67,-61.44437773397001
7207600000.0,-61.82487805466188
7212598333.33,-61.29346364931954
7217596666.67,-61.31502948865218
7222595000.0,-61.343797023138364
7227593333.33,-61.11660905079872
7232591666.67,-61.66263864210953
7237590000.0,-61.130396931107924
7242588333.33,-61.231588925365585
7247586666.67,-62.14229770532094
7252585000.0,-61.57460512046276
7257583333.33,-61.461155862449395
7262581666.67,-61.97670766934663
7267580000.0,-61.45960645814437
7272578333.33,-61.843697576415266
7277576666.67,-61.16057054082531
7282575000.0,-61.06231973430249
7287573333.33,-61.75784050264948
7292571666.67,-61.81654718337873
7297570000.0,-61.60059298056126
7302568333.33,-61.55471608239839
7307566666.67,-61.40805323689471
7312565000.0,-61.62763220853354
7317563333.33,-61.76818683074316
7322561666.67,-61.53185019750496
7327560000.0,-61.96773716520273
7332558333.33,-62.30969951971701
7337556666.67,-61.241705785683465
7342555000.0,-61.165461352017815
7347553333.33,-60.70939620661909
7352551666.67,-61.178911665389386
7357550000.0,-60.76630795292162
7362548333.33,-61.160306669158864
7367546666.67,-60.83911375203087
7372545000.0,-61.83056121766843
7377543333.33,-61.07620750407915
7382541666.67,-62.154082383164905
7387540000.0,-61.48617870280795
7392538333.33,-61.510485177989935
7397536666.67,-61.466050683404205
7402535000.0,-61.55541690691447
7407533333.33,-61.25426494534143
7412531666.67,-61.613681144901165
7417530000.0,-61.00707026944925
7422528333.33,-61.455481043940104
7427526666.67,-61.759662326355034
7432525000.0,-61.42261974692366
7437523333.33,-61.006468630306905
7442521666.67,-60.84883689025082
7447520000.0,-61.29231988274607
7452518333.33,-61.32334475277289
7457516666.67,-60.78270753075664
7462515000.0,-61.34568291445039
7467513333.33,-61.31263199286343
7472511666.67,-61.706798699525436
7477510000.0,-61.634270979467054
7482508333.33,-61.88733285993192
7487506666.67,-61.68359192142894
7492505000.0,-61.34481339899019
7497503333.33,-61.190900025938355
7502501666.67,-61.168447822725014
7507500000.0,-61.543526752231955
7512498333.33,-62.12121642278365
7517496666.67,-61.619323121966275
7522495000.0,-61.53189989303019
7527493333.33,-61.881440495120515
7532491666.67,-62.006794860236816
7537490000.0,-62.29639986357422
7542488333.33,-60.763995732402506
7547486666.67,-61.58438167293882
7552485000.0,-61.26967292774265
7557483333.33,-61.78811095958716
7562481666.67,-61.88500266367481
7567480000.0,-61.61480628021674
7572478333.33,-62.0425972442471
7577476666.67,-62.03091161680653
7582475000.0,-61.423309765191206
7587473333.33,-61.086412831172325
7592471666.67,-61.587109610382385
7597470000.0,-61.536590471206324
7602468333.33,-61.767078937963745
7607466666.67,-61.3165897322292
7612465000.0,-61.741879742993795
7617463333.33,-61.08495158851902
7622461666.67,-61.47270472332994
7627460000.0,-61.24056924240062
7632458333.33,-60.95019622183692
7637456666.67,-60.763844052376044
7642455000.0,-60.25437688643875
7647453333.33,-61.49323433580159
7652451666.67,-61.19792291075988
7657450000.0,-61.269843152540524
7662448333.33,-61.116505414493176
7667446666.67,-60.78460139384609
7672445000.0,-60.959353018106015
7677443333.33,-60.8147810898192
7682441666.67,-61.389889378604614
7687440000.0,-59.8969817243795
7692438333.33,-60.2937968835785
7697436666.67,-60.279806277800965
7702435000.0,-61.25400746224531
7707433333.33,-60.12313962447574
7712431666.67,-59.9111329901552
7717430000.0,-60.79677045691214
7722428333.33,-60.26465677397902
7727426666.67,-60.25441197772237
7732425000.0,-60.5949441292319
7737423333.33,-60.96197588460046
7742421666.67,-60.51373939576892
7747420000.0,-61.01698421580665
7752418333.33,-60.665383598857396
7757416666.67,-60.8652368030113
7762415000.0,-61.18055359303607
7767413333.33,-61.35580379529176
7772411666.67,-60.462832149474565
7777410000.0,-61.46569218664604
7782408333.33,-60.89904113530576
7787406666.67,-61.217260882220856
7792405000.0,-61.764360973431835
7797403333.33,-61.18589317856938
7802401666.67,-61.371328301868644
7807400000.0,-61.29114056313924
7812398333.33,-60.546618327821136
7817396666.67,-61.165476140507366
7822395000.0,-61.20653427399642
7827393333.33,-60.80439861785575
7832391666.67,-60.75405687894984
7837390000.0,-62.143475075385865
7842388333.33,-61.99658902592916
7847386666.67,-61.52643583086522
7852385000.0,-62.23265264853363
7857383333.33,-61.92441312347305
7862381666.67,-60.887666320732016
7867380000.0,-61.56940490064318
7872378333.33,-60.60398932280393
7877376666.67,-61.08346213858881
7882375000.0,-60.827324144058665
7887373333.33,-61.40529548370545
7892371666.67,-60.69606792836179
7897370000.0,-61.09723093070495
7902368333.33,-61.34485959051488
7907366666.67,-60.6078813386604
7912365000.0,-61.482732792640185
7917363333.33,-61.32476326370076
7922361666.67,-60.87606529676161
7927360000.0,-61.267786042921806
7932358333.33,-60.866580762264874
7937356666.67,-61.193080332932254
7942355000.0,-61.42933605162903
7947353333.33,-61.51927466584799
7952351666.67,-61.09673088331526
7957350000.0,-60.62766759742758
7962348333.33,-61.16286513315866
7967346666.67,-60.456829730788684
7972345000.0,-60.34741224722434
7977343333.33,-61.04483024882968
7982341666.67,-60.69955283216274
7987340000.0,-60.85967974587213
7992338333.33,-61.61348077718835
7997336666.67,-60.72505314173833
8002335000.0,-61.21798787775635
8007333333.33,-60.29465256135357
8012331666.67,-61.340095407470045
8017330000.0,-61.045769071160485
8022328333.33,-60.402484088554104
8027326666.67,-61.5882584338751
8032325000.0,-59.90697326037438
8037323333.33,-60.87848006402623
8042321666.67,-60.795503303039744
8047320000.0,-60.60155329284964
8052318333.33,-61.04072892008286
8057316666.67,-60.85964203672602
8062315000.0,-61.009172292058196
8067313333.33,-60.10096366702447
8072311666.67,-61.10882122269971
8077310000.0,-61.75616725750765
8082308333.33,-61.269355030733976
8087306666.67,-60.90600449856783
8092305000.0,-61.463581106646046
8097303333.33,-61.00635926820982
8102301666.67,-62.08620843625014
8107300000.0,-61.249853566890586
8112298333.33,-61.06100306225808
8117296666.67,-61.74650716664694
8122295000.0,-61.9556788617637
8127293333.33,-62.31270248694476
8132291666.67,-61.996479632045414
8137290000.0,-61.681426913900964
8142288333.33,-61.299247670111406
8147286666.67,-61.497103714538184
8152285000.0,-61.68541613266301
8157283333.33,-61.74608688466403
8162281666.67,-62.38819357726834
8167280000.0,-61.90742715507579
8172278333.33,-61.6823666293232
8177276666.67,-61.87477695435114
8182275000.0,-61.98236314684465
8187273333.33,-60.47226226521662
8192271666.67,-61.08821197762811
8197270000.0,-61.15727897583733
8202268333.33,-61.4798075175876
8207266666.67,-61.8000293746568
8212265000.0,-62.32378793685313
8217263333.33,-61.8053627277358
8222261666.67,-61.93045988959193
8227260000.0,-61.27109726729315
8232258333.33,-61.57277902675279
8237256666.67,-61.14653716697815
8242255000.0,-61.659883267973996
8247253333.33,-62.440302982329364
8252251666.67,-61.82699958184095
8257250000.0,-62.0348016349038
8262248333.33,-61.87578076219146
8267246666.67,-61.46602406689767
8272245000.0,-62.12640524261041
8277243333.33,-61.69310576757355
8282241666.67,-61.694620476724076
8287240000.0,-61.274467061284724
8292238333.33,-61.614370319572046
8297236666.67,-61.75145612435327
8302235000.0,-61.93529425706796
8307233333.33,-62.48469467027373
8312231666.67,-61.111764656859776
8317230000.0,-61.319957799833595
8322228333.33,-62.176610608733554
8327226666.67,-61.54628044468333
8332225000.0,-61.87573240293662
8337223333.33,-61.1835386762785
8342221666.67,-62.0395503857265
8347220000.0,-62.65391177177024
8352218333.33,-62.257063814320006
8357216666.67,-63.3044023298805
8362215000.0,-61.73394631760452
8367213333.33,-61.90478703033673
8372211666.67,-61.55878438192155
8377210000.0,-61.691189206097334
8382208333.33,-61.33590466999636
8387206666.67,-61.66187776735935
8392205000.0,-60.99460547935303
8397203333.33,-61.2214456844663
8402201666.67,-61.457304141812486
8407200000.0,-61.0226053954883
8412198333.33,-61.220207759443554
8417196666.67,-61.9140252277445
8422195000.0,-61.809461019583225
8427193333.33,-62.66740619589654
8432191666.67,-62.152041397820454
8437190000.0,-61.868994775487714
8442188333.33,-62.70468479012527
8447186666.67,-62.48391847821563
8452185000.0,-62.548840166609345
8457183333.33,-62.53482824025134
8462181666.67,-62.63468491047568
8467180000.0,-61.78357428440921
8472178333.33,-61.83550684625565
8477176666.67,-62.12869617832287
8482175000.0,-61.91812751444167
8487173333.33,-62.08088985351543
8492171666.67,-61.81822840296868
8497170000.0,-61.392937841502004
8502168333.33,-62.13054841809942
8507166666.67,-62.17855819873223
8512165000.0,-62.187163504257896
8517163333.33,-61.64443617883756
8522161666.67,-62.14481212274804
8527160000.0,-62.829404913897974
8532158333.33,-61.983512879222246
8537156666.67,-62.944085789522404
8542155000.0,-62.00205294872478
8547153333.33,-62.60071431206147
8552151666.67,-61.899848176912535
8557150000.0,-62.34781096451581
8562148333.33,-61.83677045641002
8567146666.67,-61.784610103414806
8572145000.0,-61.33518014785308
8577143333.33,-62.53574758235946
8582141666.67,-61.49817716105008
8587140000.0,-62.358370574129296
8592138333.33,-61.604757867303654
8597136666.67,-61.78644920044485
8602135000.0,-62.15804677959735
8607133333.33,-62.36223740829078
8612131666.67,-61.38421477028334
8617130000.0,-62.935331904141655
8622128333.33,-62.40623025859276
8627126666.67,-61.40248158813213
8632125000.0,-61.62839216770611
8637123333.33,-61.01762555074074
8642121666.67,-61.58561681585957
8647120000.0,-61.06637535919049
8652118333.33,-60.99912509873253
8657116666.67,-60.38924492269999
8662115000.0,-60.860125815400565
8667113333.33,-61.66019809447241
8672111666.67,-61.862821728222094
8677110000.0,-61.318672318920434
8682108333.33,-62.13701827469145
8687106666.67,-63.051164204503785
8692105000.0,-61.917926191294875
8697103333.33,-62.48258060813182
8702101666.67,-62.452083660820904
8707100000.0,-61.73590927551672
8712098333.33,-62.127872648122775
8717096666.67,-62.40502579056286
8722095000.0,-62.86680799034286
8727093333.33,-61.931530244923735
8732091666.67,-62.15867653813697
8737090000.0,-61.263758519051805
8742088333.33,-61.17651149778905
8747086666.67,-61.57823550919281
8752085000.0,-61.252731483572106
8757083333.33,-61.486978982507445
8762081666.67,-61.56548735484683
8767080000.0,-62.130653046474194
8772078333.33,-61.64497949507051
8777076666.67,-62.77516324282616
8782075000.0,-62.65400776494108
8787073333.33,-62.08949878182942
8792071666.67,-62.374344756443506
8797070000.0,-62.05933392277493
8802068333.33,-62.39338009438946
8807066666.67,-62.37946739219831
8812065000.0,-62.1593064649571
8817063333.33,-62.97806148951509
8822061666.67,-62.01060478531301
8827060000.0,-62.31923261210738
8832058333.33,-61.39714830856044
8837056666.67,-62.291831567663095
8842055000.0,-61.6701290137101
8847053333.33,-62.11392516114106
8852051666.67,-61.691517433830455
8857050000.0,-62.56960864054194
8862048333.33,-62.505579284108265
8867046666.67,-62.64401140525541
8872045000.0,-62.49025751845289
8877043333.33,-62.10156856210125
8882041666.67,-62.00774671169018
8887040000.0,-62.268756288061205
8892038333.33,-61.8841669543609
8897036666.67,-61.4553290192879
8902035000.0,-62.37007284720928
8907033333.33,-62.536275420396514
8912031666.67,-62.20866681551456
8917030000.0,-61.89489409122202
8922028333.33,-62.301244625224896
8927026666.67,-62.070806136043245
8932025000.0,-61.840707205769306
8937023333.33,-62.00748531492678
8942021666.67,-61.17449675981334
8947020000.0,-61.976065780963204
8952018333.33,-61.98217734263913
8957016666.67,-62.549126234905145
8962015000.0,-62.411156217879686
8967013333.33,-61.93180482265535
8972011666.67,-62.32317475693827
8977010000.0,-62.21112135242679
8982008333.33,-61.40341105159273
8987006666.67,-61.593216118171945
8992005000.0,-62.47540374584929
8997003333.33,-62.249815669696375
9002001666.67,-62.71482231663101
9007000000.0,-62.20571197091738
9011998333.33,-62.447322299335
9016996666.67,-62.02787887421155
9021995000.0,-62.62740513555494
9026993333.33,-62.250512100813154
9031991666.67,-61.990043129734396
9036990000.0,-62.6806324523968
9041988333.33,-61.781591939158844
9046986666.67,-62.306416774841864
9051985000.0,-62.246448884823174
9056983333.33,-62.11120513538673
9061981666.67,-62.51658394242525
9066980000.0,-61.9049596937307
9071978333.33,-61.585708495754346
9076976666.67,-62.08603800522045
9081975000.0,-61.04594578912181
9086973333.33,-61.55172898250367
9091971666.67,-62.04648289914215
9096970000.0,-62.53460846016339
9101968333.33,-62.00396208432335
9106966666.67,-61.62537878571917
9111965000.0,-61.697007993078856
9116963333.33,-62.12566046355796
9121961666.67,-62.30445125539476
9126960000.0,-62.86936604903617
9131958333.33,-62.4358582999562
9136956666.67,-63.116685577902636
9141955000.0,-63.04491915432227
9146953333.33,-62.46386060273818
9151951666.67,-62.78012701970317
9156950000.0,-62.52402964830197
9161948333.33,-62.71403204577685
9166946666.67,-62.64879527952179
9171945000.0,-62.467893181586824
9176943333.33,-62.74346953970594
9181941666.67,-62.53934674128015
9186940000.0,-62.231375797596584
9191938333.33,-62.744776059673406
9196936666.67,-62.88084762143314
9201935000.0,-62.36330769979706
9206933333.33,-62.516212122826296
9211931666.67,-61.96663431869545
9216930000.0,-62.838891096463094
9221928333.33,-63.25606157881127
9226926666.67,-62.93478327812725
9231925000.0,-61.7848316732044
9236923333.33,-62.61331930119038
9241921666.67,-62.553546231599356
9246920000.0,-62.60399245935446
9251918333.33,-62.222981182586096
9256916666.67,-63.11695234738171
9261915000.0,-62.37082310518709
9266913333.33,-62.52402876684488
9271911666.67,-62.227640877091055
9276910000.0,-61.94012252813891
9281908333.33,-62.53584493925182
9286906666.67,-62.724785153716965
9291905000.0,-62.62495205758509
9296903333.33,-62.39586967349311
9301901666.67,-62.28899447504315
9306900000.0,-62.34524273869073
9311898333.33,-62.20344982336816
9316896666.67,-62.76501820627631
9321895000.0,-61.41754855239432
9326893333.33,-63.231858046302676
9331891666.67,-61.97249466391389
9336890000.0,-62.09668382248226
9341888333.33,-61.399934947595554
9346886666.67,-62.25321773945059
9351885000.0,-61.60367676643717
9356883333.33,-60.73319689259012
9361881666.67,-61.92704853957265
9366880000.0,-61.42063130614062
9371878333.33,-61.57254369981841
9376876666.67,-62.324435411410406
9381875000.0,-61.79909045895349
9386873333.33,-62.05625141769906
9391871666.67,-61.73599614280809
9396870000.0,-61.79840202771574
9401868333.33,-61.52466170526721
9406866666.67,-62.15924588799644
9411865000.0,-62.1434501388747
9416863333.33,-62.218507096923084
9421861666.67,-62.137589425775
9426860000.0,-62.60698942726003
9431858333.33,-61.76283915437548
9436856666.67,-61.437332012538874
9441855000.0,-61.72528554871029
9446853333.33,-61.66371378242619
9451851666.67,-62.222607050577466
9456850000.0,-62.77267363992677
9461848333.33,-62.24942858896494
9466846666.67,-63.31043953230197
9471845000.0,-62.88583001401369
9476843333.33,-63.18603461419379
9481841666.67,-63.11517902918002
9486840000.0,-63.018331674690515
9491838333.33,-62.23370303270396
9496836666.67,-62.44866317474194
9501835000.0,-62.55597389653718
9506833333.33,-62.27455925642196
9511831666.67,-62.066594834579895
9516830000.0,-61.71942054323557
9521828333.33,-62.32081303468856
9526826666.67,-61.35995729782239
9531825000.0,-62.075204956474614
9536823333.33,-61.6790227369509
9541821666.67,-61.43203885148161
9546820000.0,-61.79248096061227
9551818333.33,-61.55105217021117
9556816666.67,-62.037534662984996
9561815000.0,-62.24755389606272
9566813333.33,-62.097166916101514
9571811666.67,-62.14877867303728
9576810000.0,-61.89664916227315
9581808333.33,-61.662121296801615
9586806666.67,-61.62704252411447
9591805000.0,-61.52222163058602
9596803333.33,-62.33529539394692
9601801666.67,-62.12724835276006
9606800000.0,-61.60030109933914
9611798333.33,-61.00232628439493
9616796666.67,-62.199021095032094
9621795000.0,-61.40491293737179
9626793333.33,-62.37602786023808
9631791666.67,-61.79327464940354
9636790000.0,-62.15600454241624
9641788333.33,-61.33338371805708
9646786666.67,-62.10497130179942
9651785000.0,-62.17228751832536
9656783333.33,-61.96545900251284
9661781666.67,-61.5648885334375
9666780000.0,-62.17388858142594
9671778333.33,-61.687882650189366
9676776666.67,-61.02084949719375
9681775000.0,-60.785576795231805
9686773333.33,-60.86444912285346
9691771666.67,-61.5197944819873
9696770000.0,-61.900051048023386
9701768333.33,-61.09387371212189
9706766666.67,-61.28663176262862
9711765000.0,-61.31056839188845
9716763333.33,-60.851278529617574
9721761666.67,-61.727535974604706
9726760000.0,-61.81835632523715
9731758333.33,-61.71826796054017
9736756666.67,-62.00748539258788
9741755000.0,-62.29528776806588
9746753333.33,-62.06722740237633
9751751666.67,-61.328586101904776
9756750000.0,-62.13018090145305
9761748333.33,-62.03430835202334
9766746666.67,-61.49898506736253
9771745000.0,-60.88838200660233
9776743333.33,-61.07369191361697
9781741666.67,-61.447043095505975
9786740000.0,-61.704713399437125
9791738333.33,-61.33532577466077
9796736666.67,-62.400227797051585
9801735000.0,-61.5004846851151
9806733333.33,-62.8219624523798
9811731666.67,-61.74762953672028
9816730000.0,-62.72736857245589
9821728333.33,-61.641578829023025
9826726666.67,-61.99529244731857
9831725000.0,-62.50812533192398
9836723333.33,-62.621533794549606
9841721666.67,-62.18483009902988
9846720000.0,-61.6108154052971
9851718333.33,-62.18040597934289
9856716666.67,-61.859832390394956
9861715000.0,-60.88454054484472
9866713333.33,-61.68152013405998
9871711666.67,-61.99193730434314
9876710000.0,-62.03147924717808
9881708333.33,-61.57040437265867
9886706666.67,-61.632111780343934
9891705000.0,-61.84133475865231
9896703333.33,-62.56073744376691
9901701666.67,-62.04809424977124
9906700000.0,-61.968935205796704
9911698333.33,-62.33013913387368
9916696666.67,-61.80542636235133
9921695000.0,-62.411524824911055
9926693333.33,-62.803917578002135
9931691666.67,-62.5494520624745
9936690000.0,-61.64278379749427
9941688333.33,-61.16220357856044
9946686666.67,-61.84261010142009
9951685000.0,-61.008201965145936
9956683333.33,-62.09025087625089
9961681666.67,-62.001703290079924
9966680000.0,-61.603166458513876
9971678333.33,-62.17221885456254
9976676666.67,-61.2101024730881
9981675000.0,-61.81390611215484
9986673333.33,-62.242997762875774
9991671666.67,-61.958940525050295
9996670000.0,-61.88282774989325
10001668333.3,-62.57788055409182
10006666666.7,-62.00595049559409
10011665000.0,-61.78152653516746
10016663333.3,-61.71057770931955
10021661666.7,-62.294954757685915
10026660000.0,-61.59331773277885
10031658333.3,-62.21358652314848
10036656666.7,-61.31341845197433
10041655000.0,-61.7047114157063
10046653333.3,-62.04300150154208
10051651666.7,-61.16124603222556
10056650000.0,-61.58649157091811
10061648333.3,-62.20943900672132
10066646666.7,-61.331326411480234
10071645000.0,-62.655953924149266
10076643333.3,-62.06718094877093
10081641666.7,-62.17499740144608
10086640000.0,-61.69634478340342
10091638333.3,-62.022325090555455
10096636666.7,-61.82761552416387
10101635000.0,-62.340734355577425
10106633333.3,-62.11257720986186
10111631666.7,-61.67408976080286
10116630000.0,-62.02409575306027
10121628333.3,-61.8341112142305
10126626666.7,-61.789833712564274
10131625000.0,-61.555513568339535
10136623333.3,-62.30790314436491
10141621666.7,-62.57756309972916
10146620000.0,-62.35787364458075
10151618333.3,-61.46569358601346
10156616666.7,-62.465529900855365
10161615000.0,-62.504599158204186
10166613333.3,-62.567140707080014
10171611666.7,-63.54011507939022
10176610000.0,-63.142445859753174
10181608333.3,-63.35028150896997
10186606666.7,-62.67745833967738
10191605000.0,-62.6225111782695
10196603333.3,-62.77927736506686
10201601666.7,-62.301179395354055
10206600000.0,-62.3759825936183
10211598333.3,-62.328801703696406
10216596666.7,-63.00635248105109
10221595000.0,-61.56225667838298
10226593333.3,-62.051615427725515
10231591666.7,-62.19288821115778
10236590000.0,-62.1438695492011
10241588333.3,-62.50168150047542
10246586666.7,-61.45426019130234
10251585000.0,-62.69906419436606
10256583333.3,-62.477134525787086
10261581666.7,-62.035870568765006
10266580000.0,-62.40445972895968
10271578333.3,-62.40045212576347
10276576666.7,-61.50128832038288
10281575000.0,-61.73491969832908
10286573333.3,-61.629442730329416
10291571666.7,-61.76319489289427
10296570000.0,-62.23949940064063
10301568333.3,-61.301238561552665
10306566666.7,-62.64625755850737
10311565000.0,-62.391875970747776
10316563333.3,-62.62726892649101
10321561666.7,-62.53474042342852
10326560000.0,-61.948183940193566
10331558333.3,-63.12175531097604
10336556666.7,-62.92074748984321
10341555000.0,-62.088257752254634
10346553333.3,-62.61222063049907
10351551666.7,-62.17127106396258
10356550000.0,-62.22597463295048
10361548333.3,-62.418875157380796
10366546666.7,-62.170972899439654
10371545000.0,-62.30945464733612
10376543333.3,-61.330183518392914
10381541666.7,-61.82109587508765
10386540000.0,-63.03457251309248
10391538333.3,-62.08622500512529
10396536666.7,-61.87495791148989
10401535000.0,-61.64520343806947
10406533333.3,-62.24263011549267
10411531666.7,-62.57246328451646
10416530000.0,-62.03064038025473
10421528333.3,-61.799418248212945
10426526666.7,-61.68942160097884
10431525000.0,-62.1991135342089
10436523333.3,-61.88806185236928
10441521666.7,-62.54587551194291
10446520000.0,-61.47549384782421
10451518333.3,-61.44661622983551
10456516666.7,-61.5542995719149
10461515000.0,-62.227633983008886
10466513333.3,-61.204144726161154
10471511666.7,-62.05774283526835
10476510000.0,-62.21964975142306
10481508333.3,-62.89357094807416
10486506666.7,-62.25693481119927
10491505000.0,-62.88761306097634
10496503333.3,-63.48956974810012
10501501666.7,-62.25779866300493
10506500000.0,-62.49088610532627
10511498333.3,-62.29002903363363
10516496666.7,-62.27772704870724
10521495000.0,-62.70181709831309
10526493333.3,-61.95924551142713
10531491666.7,-62.82755107561934
10536490000.0,-62.32036874388696
10541488333.3,-61.63946662967105
10546486666.7,-61.94733595380521
10551485000.0,-61.78983486445539
10556483333.3,-61.5351261866782
10561481666.7,-61.85960113826701
10566480000.0,-61.53450808353351
10571478333.3,-62.33138281376182
10576476666.7,-61.784890402689356
10581475000.0,-62.00806021439817
10586473333.3,-62.02198205512482
10591471666.7,-62.620272418402585
10596470000.0,-62.209688756664654
10601468333.3,-62.42057958911893
10606466666.7,-62.40596444751043
10611465000.0,-62.69234390044919
10616463333.3,-62.58046542638504
10621461666.7,-62.25913191460867
10626460000.0,-62.93477875868159
10631458333.3,-62.433167318344225
10636456666.7,-62.238876216694734
10641455000.0,-62.125426727809355
10646453333.3,-61.672188020815135
10651451666.7,-61.70555681890167
10656450000.0,-62.29536854322383
10661448333.3,-62.18912676787666
10666446666.7,-62.481797471822574
10671445000.0,-61.757074336895386
10676443333.3,-62.32127801073895
10681441666.7,-62.27494053541692
10686440000.0,-62.74999810138493
10691438333.3,-61.65194458592843
10696436666.7,-61.81453408491969
10701435000.0,-62.06816575531213
10706433333.3,-62.234503917695704
10711431666.7,-61.817420876895746
10716430000.0,-61.81527721930547
10721428333.3,-61.94107512407055
10726426666.7,-61.69988458387622
10731425000.0,-62.17404431195461
10736423333.3,-62.501857340747364
10741421666.7,-61.27753004905572
10746420000.0,-61.96196187792918
10751418333.3,-61.85787873345405
10756416666.7,-62.624235495967106
10761415000.0,-62.59658187017128
10766413333.3,-62.32277539070612
10771411666.7,-62.337384948704695
10776410000.0,-62.99812853817694
10781408333.3,-62.78052643132309
10786406666.7,-62.51368731468688
10791405000.0,-62.064223735333016
10796403333.3,-63.45422184264426
10801401666.7,-62.36197933288785
10806400000.0,-61.887350234742115
10811398333.3,-62.180027985730305
10816396666.7,-62.48251026716968
10821395000.0,-62.179017981408755
10826393333.3,-62.2307496982053
10831391666.7,-62.61333278978184
10836390000.0,-62.39457176074595
10841388333.3,-63.26873485121524
10846386666.7,-62.77139242878867
10851385000.0,-63.079147465560425
10856383333.3,-63.20006036001425
10861381666.7,-63.4491887911819
10866380000.0,-63.0209779925744
10871378333.3,-63.40858575619283
10876376666.7,-63.19795776392242
10881375000.0,-62.70722037137655
10886373333.3,-62.983114583452505
10891371666.7,-62.81248439744417
10896370000.0,-62.182751991962846
10901368333.3,-62.46889476754538
10906366666.7,-62.92470609820528
10911365000.0,-62.50428425360263
10916363333.3,-62.313717400910456
10921361666.7,-62.66623328080093
10926360000.0,-62.14793178487998
10931358333.3,-62.708287414054624
10936356666.7,-62.93582482473199
10941355000.0,-63.76947034429007
10946353333.3,-62.480856831119304
10951351666.7,-62.0618077456637
10956350000.0,-62.37785328530724
10961348333.3,-62.755859397238545
10966346666.7,-62.920440645173805
10971345000.0,-61.73092970173114
10976343333.3,-61.86202550872463
10981341666.7,-61.88560135518192
10986340000.0,-62.11617994345798
10991338333.3,-62.376805774057615
10996336666.7,-62.65839805414258
11001335000.0,-62.475018124369456
11006333333.3,-61.957201682030636
11011331666.7,-63.38045442585131
11016330000.0,-62.45661948317232
11021328333.3,-62.457354319384095
11026326666.7,-62.201906870233785
11031325000.0,-62.866293379474584
11036323333.3,-62.940922915200844
11041321666.7,-62.5751895765586
11046320000.0,-62.00489320170247
11051318333.3,-62.761509801890256
11056316666.7,-62.06703955669112
11061315000.0,-62.08829748590924
11066313333.3,-62.534317465081415
11071311666.7,-62.50438761104698
11076310000.0,-61.945262330335886
11081308333.3,-63.1930193611111
11086306666.7,-62.41658460543882
11091305000.0,-62.82280320299867
11096303333.3,-62.90691404674446
11101301666.7,-62.644459413794536
11106300000.0,-63.3791158267237
11111298333.3,-62.451981184118836
11116296666.7,-63.30026840907797
11121295000.0,-62.954288914067185
11126293333.3,-62.83001500257792
11131291666.7,-63.43871772301454
11136290000.0,-62.92373627044778
11141288333.3,-62.97829026045113
11146286666.7,-62.90153424618601
11151285000.0,-62.29787370827259
11156283333.3,-62.2440496014499
11161281666.7,-62.79872893602026
11166280000.0,-62.159183193160686
11171278333.3,-62.571458152399835
11176276666.7,-62.70591002133695
11181275000.0,-62.82367254352329
11186273333.3,-62.7161171561563
11191271666.7,-63.1731408532574
11196270000.0,-63.624945986005415
11201268333.3,-63.307976775456645
11206266666.7,-62.619125366951806
11211265000.0,-63.0171262387882
11216263333.3,-62.86297409299763
11221261666.7,-63.13554940019025
11226260000.0,-63.75250269179227
11231258333.3,-63.00302116758254
11236256666.7,-62.18016423982063
11241255000.0,-61.903947985899194
11246253333.3,-62.7194579602238
11251251666.7,-62.59315360964643
11256250000.0,-62.1374398884181
11261248333.3,-61.38009650998466
11266246666.7,-61.44154491941259
11271245000.0,-62.00797167699637
11276243333.3,-62.4957644706948
11281241666.7,-62.92204445348063
11286240000.0,-62.33927232679403
11291238333.3,-62.40414000561097
11296236666.7,-62.28748840642649
11301235000.0,-62.19279943230322
11306233333.3,-62.50749141800155
11311231666.7,-61.59557849841326
11316230000.0,-62.41302914124185
11321228333.3,-62.244007827623314
11326226666.7,-61.98088712520559
11331225000.0,-62.35723563611064
11336223333.3,-62.71574811229441
11341221666.7,-62.257849030044596
11346220000.0,-62.475925183491555
11351218333.3,-62.58682639718902
11356216666.7,-62.143924160465794
11361215000.0,-62.79246379427914
11366213333.3,-63.64299688048607
11371211666.7,-63.21458730556333
11376210000.0,-62.449750008593426
11381208333.3,-62.58761152746713
11386206666.7,-62.77441511445163
11391205000.0,-62.133268752698996
11396203333.3,-62.303293470279534
11401201666.7,-62.23080530048979
11406200000.0,-61.58155447126042
11411198333.3,-62.02249423285028
11416196666.7,-62.16331709265578
11421195000.0,-62.73549853635391
11426193333.3,-62.6868168611443
11431191666.7,-61.780243625045884
11436190000.0,-62.20672374077952
11441188333.3,-62.59528017406055
11446186666.7,-62.78173287537971
11451185000.0,-62.64490095286655
11456183333.3,-62.27388948237203
11461181666.7,-62.56852143095592
11466180000.0,-61.669561604961835
11471178333.3,-62.497485211102024
11476176666.7,-62.29743737137447
11481175000.0,-62.288161043666946
11486173333.3,-61.83935904754611
11491171666.7,-61.499707163907814
11496170000.0,-61.775698008263696
11501168333.3,-62.48297957975729
11506166666.7,-62.47225532364237
11511165000.0,-62.35990633806964
11516163333.3,-61.82348844251916
11521161666.7,-61.79632406635214
11526160000.0,-62.29456774454181
11531158333.3,-62.36528151607863
11536156666.7,-61.76900126992203
11541155000.0,-61.4303967685099
11546153333.3,-62.8868647681028
11551151666.7,-62.98162440186262
11556150000.0,-62.96997485759742
11561148333.3,-62.10219143366597
11566146666.7,-61.86961022365823
11571145000.0,-61.83087368933936
11576143333.3,-61.72882017986049
11581141666.7,-61.42657754593976
11586140000.0,-61.26615037551637
11591138333.3,-61.88950957667602
11596136666.7,-62.75956918317739
11601135000.0,-61.3697900187836
11606133333.3,-61.82852287845605
11611131666.7,-61.65134887066049
11616130000.0,-61.787115192109084
11621128333.3,-62.03634255865286
11626126666.7,-61.47529412287625
11631125000.0,-61.912381857296246
11636123333.3,-62.16897137874456
11641121666.7,-61.34815855162109
11646120000.0,-61.73558661114846
11651118333.3,-62.05730651258175
11656116666.7,-61.414441713936796
11661115000.0,-61.32423210631319
11666113333.3,-61.71149636832766
11671111666.7,-61.44188678360793
11676110000.0,-61.591631806905454
11681108333.3,-62.1955497670355
11686106666.7,-61.38231113192515
11691105000.0,-62.311457853751534
11696103333.3,-61.68940033587219
11701101666.7,-62.602843860860816
11706100000.0,-61.38075952046502
11711098333.3,-62.22707686674453
11716096666.7,-61.41921271570573
11721095000.0,-62.521303534883
11726093333.3,-61.67271790512625
11731091666.7,-62.147127508635826
11736090000.0,-62.46676309353575
11741088333.3,-62.07290727266216
11746086666.7,-61.93916854627539
11751085000.0,-61.51073700536749
11756083333.3,-61.601144946439206
11761081666.7,-60.93183371075899
11766080000.0,-61.868121605457915
11771078333.3,-60.56604266161283
11776076666.7,-61.69751002226613
11781075000.0,-61.73568538138252
11786073333.3,-61.21186525312091
11791071666.7,-61.94748232582759
11796070000.0,-62.82062503979644
11801068333.3,-61.691712359150145
11806066666.7,-61.888656158296925
11811065000.0,-61.9423414540498
11816063333.3,-62.37409092296876
11821061666.7,-62.19435935845652
11826060000.0,-62.17289293340505
11831058333.3,-62.02267315398137
11836056666.7,-62.70535230473267
11841055000.0,-63.120251470844934
11846053333.3,-61.73520409716771
11851051666.7,-60.97389874673943
11856050000.0,-61.1961463495134
11861048333.3,-61.133495419493514
11866046666.7,-61.55288878707318
11871045000.0,-61.62964563141753
11876043333.3,-62.25366667323577
11881041666.7,-62.04945368472181
11886040000.0,-61.64464862723247
11891038333.3,-61.91011048301232
11896036666.7,-61.61955284855995
11901035000.0,-62.19249797280173
11906033333.3,-62.23536333497727
11911031666.7,-61.964891628769514
11916030000.0,-62.590074275911775
11921028333.3,-61.92601005401643
11926026666.7,-61.583014257319164
11931025000.0,-61.495870901372605
11936023333.3,-61.26951756387943
11941021666.7,-61.6133376721832
11946020000.0,-61.66364848553373
11951018333.3,-62.13083779009102
11956016666.7,-61.58536249262377
11961015000.0,-61.56368325362016
11966013333.3,-62.4320151462922
11971011666.7,-63.17721831352025
11976010000.0,-62.49391684216283
11981008333.3,-62.91436420156032
11986006666.7,-62.668868802157675
11991005000.0,-61.21047396358851
11996003333.3,-60.872940349616755
12001001666.7,-62.19717957017275
12006000000.0,-61.78303589322029
12010998333.3,-60.80568998749263
12015996666.7,-60.85532808138552
12020995000.0,-60.812306618083845
12025993333.3,-61.13139679689807
12030991666.7,-61.13523666593465
12035990000.0,-60.903659347272736
12040988333.3,-60.19919235263433
12045986666.7,-61.42491979168441
12050985000.0,-60.47663455140864
12055983333.3,-61.840666693142595
12060981666.7,-61.16134216348942
12065980000.0,-61.49860938294821
12070978333.3,-61.918413925021184
12075976666.7,-60.89459025153735
12080975000.0,-61.47886530497705
12085973333.3,-61.945465335867745
12090971666.7,-60.71579648465034
12095970000.0,-60.73210610065709
12100968333.3,-60.6494442411713
12105966666.7,-60.929430281314424
12110965000.0,-60.837569503675404
12115963333.3,-60.69856727955565
12120961666.7,-60.74324731623281
12125960000.0,-61.105555338064335
12130958333.3,-60.52395716487153
12135956666.7,-61.27629881600075
12140955000.0,-60.633884811763394
12145953333.3,-61.156674913495635
12150951666.7,-61.48221647086164
12155950000.0,-62.50735992954005
12160948333.3,-61.527759054926605
12165946666.7,-62.097319660647216
12170945000.0,-61.51660036057314
12175943333.3,-61.077557143044444
12180941666.7,-60.90759866236297
12185940000.0,-60.909771670415054
12190938333.3,-60.82189261776001
12195936666.7,-61.04298790616399
12200935000.0,-61.10820393344943
12205933333.3,-61.14224478231065
12210931666.7,-61.28665611579808
12215930000.0,-61.418798584978305
12220928333.3,-61.210702708697525
12225926666.7,-61.925655211902736
12230925000.0,-62.422328103891275
12235923333.3,-61.74490116011279
12240921666.7,-61.90911433290466
12245920000.0,-61.712435595882155
12250918333.3,-61.357757870856844
12255916666.7,-61.94170210642887
12260915000.0,-60.84344558541148
12265913333.3,-61.31392168121355
12270911666.7,-61.07387821724478
12275910000.0,-60.82457468976996
12280908333.3,-60.92998884395336
12285906666.7,-60.55927391804155
12290905000.0,-60.6849073262189
12295903333.3,-61.72230772239385
12300901666.7,-61.27031907763967
12305900000.0,-61.14986961765999
12310898333.3,-61.80400087357539
12315896666.7,-60.56722782130577
12320895000.0,-60.55701310708537
12325893333.3,-60.489710446177526
12330891666.7,-60.69773864554499
12335890000.0,-60.385781253482676
12340888333.3,-60.69173539249687
12345886666.7,-60.8449692617817
12350885000.0,-59.6758932705267
12355883333.3,-59.977777733366025
12360881666.7,-59.929519953837804
12365880000.0,-60.25393053864114
12370878333.3,-60.23313977513715
12375876666.7,-60.055077593150756
12380875000.0,-60.241814700794755
12385873333.3,-60.41252382111701
12390871666.7,-60.6456753180869
12395870000.0,-60.86811872349273
12400868333.3,-61.02327060509587
12405866666.7,-60.52069058772737
12410865000.0,-60.670844942551874
12415863333.3,-60.307894422793986
12420861666.7,-60.507632466270394
12425860000.0,-61.26828100221084
12430858333.3,-61.20039328655597
12435856666.7,-61.147650805850574
12440855000.0,-61.097456718823366
12445853333.3,-59.916536545540126
12450851666.7,-60.39287177949
12455850000.0,-59.8657302979221
12460848333.3,-60.634886218332475
12465846666.7,-61.07013223613543
12470845000.0,-60.64760294947624
12475843333.3,-60.88721734101079
12480841666.7,-61.141749406034485
12485840000.0,-60.92981980232854
12490838333.3,-61.02326211331775
12495836666.7,-62.185032231287316
12500835000.0,-62.05158943179704
12505833333.3,-61.16334904849304
12510831666.7,-61.67491724023698
12515830000.0,-61.44187443968302
12520828333.3,-61.77853467701213
12525826666.7,-61.02651460842281
12530825000.0,-61.43415802045919
12535823333.3,-61.47265720690042
12540821666.7,-61.77505081795083
12545820000.0,-61.07356314081486
12550818333.3,-61.57428817663788
12555816666.7,-60.85015755398803
12560815000.0,-60.89753270813851
12565813333.3,-61.48415838045925
12570811666.7,-61.73803560468286
12575810000.0,-61.77111134396619
12580808333.3,-62.27679535642856
12585806666.7,-61.642853423071465
12590805000.0,-61.17604753433616
12595803333.3,-61.43956371896738
12600801666.7,-61.10155798309784
12605800000.0,-61.15963246196688
12610798333.3,-61.15540458316942
12615796666.7,-60.843022492052405
12620795000.0,-61.03869935721009
12625793333.3,-60.996125025795095
12630791666.7,-60.12038240227375
12635790000.0,-61.090475718757844
12640788333.3,-61.59767520784789
12645786666.7,-60.35533642449699
12650785000.0,-60.40377656313645
12655783333.3,-61.07405889888754
12660781666.7,-61.4023098708299
12665780000.0,-61.743139745602164
12670778333.3,-61.49510692711956
12675776666.7,-61.4834550500222
12680775000.0,-61.479696796583234
12685773333.3,-61.291734894487504
12690771666.7,-60.91538779725613
12695770000.0,-60.87142109551388
12700768333.3,-61.362844063213714
12705766666.7,-61.37573949463725
12710765000.0,-61.32854962418331
12715763333.3,-61.330720860968874
12720761666.7,-62.01432616167725
12725760000.0,-61.17081347466957
12730758333.3,-61.7476848120713
12735756666.7,-61.111068859094935
12740755000.0,-61.5916308300767
12745753333.3,-62.17057339635196
12750751666.7,-61.116355079299815
12755750000.0,-61.71358861255153
12760748333.3,-62.55291332016833
12765746666.7,-61.86928380067651
12770745000.0,-62.27700972216677
12775743333.3,-61.85082649694393
12780741666.7,-61.80981587150319
12785740000.0,-61.56976092696698
12790738333.3,-61.61565393925298
12795736666.7,-61.80504093337249
12800735000.0,-61.769607432842975
12805733333.3,-60.90540246480753
12810731666.7,-62.188643671858664
12815730000.0,-62.109366577419834
12820728333.3,-61.881621612895
12825726666.7,-61.842085958103056
12830725000.0,-62.063369993891435
12835723333.3,-61.78823648797363
12840721666.7,-62.29694111581609
12845720000.0,-61.75845518126209
12850718333.3,-61.793433197849616
12855716666.7,-62.213136549720645
12860715000.0,-61.50370218166792
12865713333.3,-61.73587374516134
12870711666.7,-61.51609839760969
12875710000.0,-62.05780779883095
12880708333.3,-61.63859600182053
12885706666.7,-61.37781819041479
12890705000.0,-61.80611065089365
12895703333.3,-62.126509088222264
12900701666.7,-61.33563500162781
12905700000.0,-61.85725072744581
12910698333.3,-61.94652219604917
12915696666.7,-61.00382661049795
12920695000.0,-62.20561625652027
12925693333.3,-61.45461911447339
12930691666.7,-61.82456915216239
12935690000.0,-62.182190855235106
12940688333.3,-61.92897381009226
12945686666.7,-62.36108540538056
12950685000.0,-62.05338099910221
12955683333.3,-61.5194227013249
12960681666.7,-62.13286012094875
12965680000.0,-61.194676445034624
12970678333.3,-60.70543604267303
12975676666.7,-62.276380322631866
12980675000.0,-61.7141952955156
12985673333.3,-61.62162704060491
12990671666.7,-61.750117746122115
12995670000.0,-62.818968027606005
13000668333.3,-61.71770093391202
13005666666.7,-62.64269932685064
13010665000.0,-61.96539509505084
13015663333.3,-62.383554142106206
13020661666.7,-61.844189058451555
13025660000.0,-62.20946958366366
13030658333.3,-62.02426226575795
13035656666.7,-61.99791118595138
13040655000.0,-61.6039605658015
13045653333.3,-61.60748926330186
13050651666.7,-61.08336603610472
13055650000.0,-61.79188897705582
13060648333.3,-61.23638574048516
13065646666.7,-60.77712704673314
13070645000.0,-61.227365682211136
13075643333.3,-60.95753640249674
13080641666.7,-61.04033562959185
13085640000.0,-61.741799355816624
13090638333.3,-61.49491956619894
13095636666.7,-61.051520996187165
13100635000.0,-60.99450785043365
13105633333.3,-61.53563636814452
13110631666.7,-61.144723814118684
13115630000.0,-61.64406747967307
13120628333.3,-61.165828069434134
13125626666.7,-61.45968076096672
13130625000.0,-62.19010978651205
13135623333.3,-61.15648355194708
13140621666.7,-61.139459846451196
13145620000.0,-60.09696923525608
13150618333.3,-60.82156701784919
13155616666.7,-61.46200606686985
13160615000.0,-60.72636879957174
13165613333.3,-61.33163297873429
13170611666.7,-61.200198305879034
13175610000.0,-61.35487176839503
13180608333.3,-61.76779683410693
13185606666.7,-61.05441841800696
13190605000.0,-61.0493512979796
13195603333.3,-61.30232437035158
13200601666.7,-61.28617258772884
13205600000.0,-61.22825040988015
13210598333.3,-61.619339423398074
13215596666.7,-61.714827609647294
13220595000.0,-61.1232982331089
13225593333.3,-61.3761025063547
13230591666.7,-61.41395612459761
13235590000.0,-61.36868026093615
13240588333.3,-62.168218028195525
13245586666.7,-61.841605436864846
13250585000.0,-61.68292966705788
13255583333.3,-61.01062144109113
13260581666.7,-62.15254102837622
13265580000.0,-61.531131592733
13270578333.3,-61.81873036343616
13275576666.7,-62.073135146322755
13280575000.0,-61.70666130936428
13285573333.3,-61.6042958245388
13290571666.7,-61.467809815257866
13295570000.0,-61.38400065251712
13300568333.3,-61.38014417075155
13305566666.7,-61.4000146198481
13310565000.0,-62.08655648182444
13315563333.3,-61.14594491904158
13320561666.7,-62.17530666142814
13325560000.0,-62.072848871368684
13330558333.3,-61.6599883688734
13335556666.7,-62.18498516571316
13340555000.0,-61.10245813943585
13345553333.3,-62.16159906082705
13350551666.7,-61.50183114112939
13355550000.0,-61.909725633004285
13360548333.3,-61.97708598561859
13365546666.7,-61.3422076118136
13370545000.0,-61.09635017509211
13375543333.3,-61.525505736637555
13380541666.7,-60.914364455717006
13385540000.0,-61.02670876618154
13390538333.3,-60.98873945475907
13395536666.7,-60.19780102973784
13400535000.0,-61.05341635210239
13405533333.3,-60.845380986089395
13410531666.7,-61.559106575657665
13415530000.0,-61.85919074076086
13420528333.3,-61.80476439428296
13425526666.7,-61.19854396990654
13430525000.0,-62.00371023684891
13435523333.3,-61.963577307553344
13440521666.7,-61.977892114005385
13445520000.0,-61.452617435132105
13450518333.3,-62.13318186667635
13455516666.7,-62.39496437238657
13460515000.0,-61.774836903814844
13465513333.3,-61.979612107776745
13470511666.7,-61.770894684079536
13475510000.0,-61.26566501092759
13480508333.3,-61.70848512445942
13485506666.7,-61.6058058171006
13490505000.0,-61.72354661405809
13495503333.3,-61.46896342228399
13500501666.7,-61.544539020110314
13505500000.0,-62.31498740057917
13510498333.3,-61.58866290287786
13515496666.7,-61.44767340915738
13520495000.0,-61.98556745590211
13525493333.3,-61.41850834751304
13530491666.7,-61.66582864022914
13535490000.0,-62.20549243562544
13540488333.3,-61.95518777898016
13545486666.7,-61.867292889369836
13550485000.0,-62.391346107755716
13555483333.3,-62.2099959240908
13560481666.7,-62.11747862108244
13565480000.0,-62.112784562536085
13570478333.3,-62.67638459850847
13575476666.7,-61.82132183009657
13580475000.0,-62.43249003614034
13585473333.3,-63.063350072914105
13590471666.7,-62.85477498787508
13595470000.0,-62.03832131264184
13600468333.3,-62.53465973727878
13605466666.7,-62.40206983872266
13610465000.0,-62.46231312751025
13615463333.3,-62.01965853041323
13620461666.7,-62.90692310334915
13625460000.0,-62.402924909509466
13630458333.3,-62.28799062129085
13635456666.7,-62.41577246266836
13640455000.0,-62.09862177610801
13645453333.3,-62.539941051843314
13650451666.7,-62.36084618469477
13655450000.0,-62.3873322248492
13660448333.3,-62.52987775526043
13665446666.7,-61.919536856565415
13670445000.0,-61.64990302815785
13675443333.3,-62.77533400823634
13680441666.7,-61.715304148296745
13685440000.0,-61.24617524854613
13690438333.3,-61.68823924545984
13695436666.7,-61.94421527448125
13700435000.0,-61.92642140676418
13705433333.3,-61.19825746129906
13710431666.7,-61.21781307706541
13715430000.0,-61.4025964048868
13720428333.3,-62.74216120886884
13725426666.7,-61.006780195961234
13730425000.0,-61.35390747768582
13735423333.3,-61.971028935238444
13740421666.7,-62.00182321967045
13745420000.0,-61.844501410275456
13750418333.3,-61.31789136869698
13755416666.7,-61.85103287628465
13760415000.0,-61.35230677251083
13765413333.3,-62.67204371515526
13770411666.7,-61.43077883411063
13775410000.0,-62.24597965916602
13780408333.3,-61.57825936608218
13785406666.7,-62.21674023406688
13790405000.0,-61.78615438230835
13795403333.3,-61.39477039435333
13800401666.7,-61.93348646590586
13805400000.0,-62.115550314658975
13810398333.3,-61.65552704005859
13815396666.7,-61.835579394421586
13820395000.0,-61.83860234093564
13825393333.3,-61.79179936885896
13830391666.7,-62.3804658993197
13835390000.0,-62.314924921180165
13840388333.3,-62.55793866838647
13845386666.7,-62.31150706449098
13850385000.0,-62.561729994375106
13855383333.3,-62.323820867470836
13860381666.7,-62.40795634214973
13865380000.0,-62.256860414898114
13870378333.3,-63.04732185797852
13875376666.7,-62.1676776200838
13880375000.0,-63.20264304818512
13885373333.3,-62.066059455532105
13890371666.7,-62.61194066566414
13895370000.0,-62.31796861219121
13900368333.3,-62.69198415005662
13905366666.7,-62.5523295381032
13910365000.0,-62.41083835060289
13915363333.3,-62.16985811256134
13920361666.7,-62.24890550012117
13925360000.0,-61.828897219250926
13930358333.3,-62.40764547480304
13935356666.7,-61.614218503008274
13940355000.0,-62.51630874195164
13945353333.3,-61.949104827041324
13950351666.7,-61.992509355050984
13955350000.0,-62.3565516569206
13960348333.3,-61.7597161882006
13965346666.7,-61.74554204227324
13970345000.0,-62.37385838912259
13975343333.3,-62.279910185701
13980341666.7,-61.448418358505705
13985340000.0,-62.150456260606084
13990338333.3,-61.53132675265674
13995336666.7,-62.08327248625449
14000335000.0,-60.692262538418504
14005333333.3,-61.800954360400766
14010331666.7,-61.138806062631616
14015330000.0,-61.53585933741462
14020328333.3,-61.76230710490518
14025326666.7,-61.482619820779036
14030325000.0,-62.08103351191181
14035323333.3,-60.704972031477965
14040321666.7,-61.16837986279379
14045320000.0,-60.35936721684663
14050318333.3,-60.672306187291
14055316666.7,-61.398157302986505
14060315000.0,-61.220421066716355
14065313333.3,-61.56737591295051
14070311666.7,-61.01994331233811
14075310000.0,-60.227554011171016
14080308333.3,-60.24037908660176
14085306666.7,-60.45348380496284
14090305000.0,-61.39025469419132
14095303333.3,-61.40657089967998
14100301666.7,-60.98792728972283
14105300000.0,-61.64827854042019
14110298333.3,-60.74893823417951
14115296666.7,-61.457473380022705
14120295000.0,-62.25020659742852
14125293333.3,-61.27654414344323
14130291666.7,-61.26676908910383
14135290000.0,-61.24435205023309
14140288333.3,-62.77070710665626
14145286666.7,-62.3654949341886
14150285000.0,-62.28924986798302
14155283333.3,-61.47502270439177
14160281666.7,-61.645637670138015
14165280000.0,-61.508682237214565
14170278333.3,-62.0110212252566
14175276666.7,-61.233225049297566
14180275000.0,-61.120813594200925
14185273333.3,-61.663538113333274
14190271666.7,-62.72338245693107
14195270000.0,-61.49822775193644
14200268333.3,-62.15378011681595
14205266666.7,-61.63116691934063
14210265000.0,-61.78922966689584
14215263333.3,-61.64442905226019
14220261666.7,-61.62458104058182
14225260000.0,-61.94437831719527
14230258333.3,-61.86531881982332
14235256666.7,-61.96391523144798
14240255000.0,-61.838895513846914
14245253333.3,-61.44379767447837
14250251666.7,-61.338663565935924
14255250000.0,-61.954683233406705
14260248333.3,-61.11269894851151
14265246666.7,-60.97421669456771
14270245000.0,-61.21092808986711
14275243333.3,-61.91268407282925
14280241666.7,-61.85041267211549
14285240000.0,-62.775997347101566
14290238333.3,-61.571251449434826
14295236666.7,-62.0591292166527
14300235000.0,-62.25133089406463
14305233333.3,-62.1115436772001
14310231666.7,-62.365590685299914
14315230000.0,-61.70656412125802
14320228333.3,-61.57531152047167
14325226666.7,-60.901093679138526
14330225000.0,-61.44227192592787
14335223333.3,-61.62482946808207
14340221666.7,-61.60609435839608
14345220000.0,-61.07131873737196
14350218333.3,-61.04724026386709
14355216666.7,-60.88832650590797
14360215000.0,-61.67549787145571
14365213333.3,-61.96720124940606
14370211666.7,-61.52016799021369
14375210000.0,-61.95742446733042
14380208333.3,-62.20531086785486
14385206666.7,-62.369396405418975
14390205000.0,-61.79295638920698
14395203333.3,-61.577323383816804
14400201666.7,-61.46683822358238
14405200000.0,-61.472161966300575
14410198333.3,-60.80288540602339
14415196666.7,-61.06686640018859
14420195000.0,-61.197125043527976
14425193333.3,-61.41509364090234
14430191666.7,-62.041117301649095
14435190000.0,-61.09479824015365
14440188333.3,-61.845595559003684
14445186666.7,-62.17155478461703
14450185000.0,-61.61784140556966
14455183333.3,-61.34459091826371
14460181666.7,-62.37035940739805
14465180000.0,-63.5962777049878
14470178333.3,-61.94283710394967
14475176666.7,-62.64908461232573
14480175000.0,-62.410390277567835
14485173333.3,-61.99745895083307
14490171666.7,-62.214674869699834
14495170000.0,-61.750672872902484
14500168333.3,-61.19647901026832
14505166666.7,-62.941977231122934
14510165000.0,-62.14444112532634
14515163333.3,-62.67363930904895
14520161666.7,-62.760227044944195
14525160000.0,-62.50517538925459
14530158333.3,-62.11553756148252
14535156666.7,-62.95290751662101
14540155000.0,-62.81544446942746
14545153333.3,-62.48558890373658
14550151666.7,-63.65123292104371
14555150000.0,-63.07883424146125
14560148333.3,-63.37576042729261
14565146666.7,-63.515245408643715
14570145000.0,-62.9352352450086
14575143333.3,-62.821179203087105
14580141666.7,-62.61594890297999
14585140000.0,-62.63978596300916
14590138333.3,-63.418338543173334
14595136666.7,-62.63846941815182
14600135000.0,-62.514235119248255
14605133333.3,-62.946574641529985
14610131666.7,-63.247219677896986
14615130000.0,-63.64387632978382
14620128333.3,-63.201999637468816
14625126666.7,-62.7587823213714
14630125000.0,-62.14586241294217
14635123333.3,-63.044714528816534
14640121666.7,-62.482287501420224
14645120000.0,-63.024448296834485
14650118333.3,-62.374919908712066
14655116666.7,-62.77551805850014
14660115000.0,-63.280664514769576
14665113333.3,-62.83289394212204
14670111666.7,-61.9063973231212
14675110000.0,-62.38987079191058
14680108333.3,-63.014467852938935
14685106666.7,-62.62519552832416
14690105000.0,-62.05921556544478
14695103333.3,-62.81325674022101
14700101666.7,-62.50553934167865
14705100000.0,-62.849323952220466
14710098333.3,-62.47130303958127
14715096666.7,-63.03078004359446
14720095000.0,-62.3238779585965
14725093333.3,-62.02460634133884
14730091666.7,-61.90114563739087
14735090000.0,-62.78874080957242
14740088333.3,-62.063672857470216
14745086666.7,-61.77715148824463
14750085000.0,-62.08160679569181
14755083333.3,-61.46645758417701
14760081666.7,-61.85064432459697
14765080000.0,-61.94038262069554
14770078333.3,-62.05331731076296
14775076666.7,-61.694276949261344
14780075000.0,-62.004307878287236
14785073333.3,-61.907517891011096
14790071666.7,-62.59615178818763
14795070000.0,-62.0627951459159
14800068333.3,-62.51228269919711
14805066666.7,-61.97876066312826
14810065000.0,-62.31157298805607
14815063333.3,-62.511218754606574
14820061666.7,-62.07205512388577
14825060000.0,-62.86138936490501
14830058333.3,-63.4295595119917
14835056666.7,-62.792735952208176
14840055000.0,-62.69463229973812
14845053333.3,-62.61952789801546
14850051666.7,-62.36230941521945
14855050000.0,-61.946881125591446
14860048333.3,-62.805902359204815
14865046666.7,-63.0601527091583
14870045000.0,-62.78741508987626
14875043333.3,-62.181413030408905
14880041666.7,-63.22832333556377
14885040000.0,-63.023048007044345
14890038333.3,-63.129092261196
14895036666.7,-62.96133309147427
14900035000.0,-62.98896619412315
14905033333.3,-63.80301781140359
14910031666.7,-63.64794615636932
14915030000.0,-63.21354109987883
14920028333.3,-63.804785112386284
14925026666.7,-63.12855741600552
14930025000.0,-62.367743403290994
14935023333.3,-62.827854565274436
14940021666.7,-62.082725253449134
14945020000.0,-61.17823992279482
14950018333.3,-62.52405953985154
14955016666.7,-62.29243025764464
14960015000.0,-61.36260894628866
14965013333.3,-61.886616641751935
14970011666.7,-61.69299313794458
14975010000.0,-62.12040130532644
14980008333.3,-61.91792408436144
14985006666.7,-62.932308812978384
14990005000.0,-62.27332316427212
14995003333.3,-61.87640627533112
15000001666.7,-62.487683290134655
15005000000.0,-62.1474291949379
15009998333.3,-62.92586180706182
15014996666.7,-62.08036095708049
15019995000.0,-62.66234097803959
15024993333.3,-62.547661862716
15029991666.7,-61.92868275763459
15034990000.0,-61.9486848423147
15039988333.3,-62.008540034028314
15044986666.7,-61.97147985853177
15049985000.0,-61.50245553039361
15054983333.3,-62.6135217453638
15059981666.7,-61.7625451636954
15064980000.0,-62.35277594644583
15069978333.3,-62.281980080938546
15074976666.7,-62.68149219150537
15079975000.0,-61.34937366550078
15084973333.3,-63.461792692562646
15089971666.7,-62.00457025171254
15094970000.0,-62.3406102017426
15099968333.3,-61.24255156643378
15104966666.7,-61.06643381081794
15109965000.0,-61.283792735904484
15114963333.3,-61.34754776433134
15119961666.7,-60.966124522886105
15124960000.0,-62.20958450893022
15129958333.3,-61.86591996963763
15134956666.7,-62.02865145453265
15139955000.0,-61.64595443110284
15144953333.3,-62.05322496320281
15149951666.7,-61.81995192271387
15154950000.0,-61.79909989410244
15159948333.3,-62.17846423392164
15164946666.7,-62.25646350977782
15169945000.0,-62.716407750358385
15174943333.3,-62.86562365205207
15179941666.7,-63.15836352049093
15184940000.0,-62.45668881408847
15189938333.3,-61.93362763806084
15194936666.7,-62.63828556252154
15199935000.0,-62.44247903831065
15204933333.3,-62.8656590403626
15209931666.7,-62.972921144272824
15214930000.0,-62.98526878555042
15219928333.3,-63.641328801527656
15224926666.7,-62.65155749653243
15229925000.0,-64.31589225055976
15234923333.3,-63.51368522415581
15239921666.7,-62.83779665400793
15244920000.0,-63.828437157570235
15249918333.3,-63.552799018270676
15254916666.7,-64.27091416572344
15259915000.0,-63.987977974333354
15264913333.3,-64.64834809511282
15269911666.7,-63.33426919776389
15274910000.0,-64.0959396063709
15279908333.3,-63.653181513347654
15284906666.7,-63.63755517359092
15289905000.0,-62.5330714859319
15294903333.3,-62.72315633133615
15299901666.7,-63.8484927347579
15304900000.0,-62.51255509536071
15309898333.3,-62.59249916881699
15314896666.7,-62.3221429108596
15319895000.0,-63.51525895850963
15324893333.3,-62.85189461041969
15329891666.7,-63.01475112075414
15334890000.0,-63.53348911384338
15339888333.3,-64.06902678679118
15344886666.7,-64.09470937352361
15349885000.0,-63.31870784080571
15354883333.3,-63.505982497852685
15359881666.7,-64.16254149073615
15364880000.0,-62.79896923149963
15369878333.3,-61.791593911322295
15374876666.7,-62.12677039437345
15379875000.0,-62.60898433570588
15384873333.3,-63.01465831973542
15389871666.7,-62.780886625356025
15394870000.0,-64.15028940730765
15399868333.3,-63.4523790848906
15404866666.7,-62.900841122490405
15409865000.0,-62.671372982090254
15414863333.3,-63.591969996226645
15419861666.7,-61.452996656188965
15424860000.0,-63.21972123119832
15429858333.3,-62.9545328594274
15434856666.7,-63.59477984413252
15439855000.0,-63.38622815110603
15444853333.3,-62.76791051449449
15449851666.7,-63.25669737401494
15454850000.0,-63.16773161900614
15459848333.3,-63.298463147797975
15464846666.7,-62.564414913948845
15469845000.0,-63.97268657412905
15474843333.3,-63.52371220342888
15479841666.7,-63.92931679343825
15484840000.0,-63.685599150466665
15489838333.3,-64.00868038517086
15494836666.7,-64.57407921038646
15499835000.0,-64.36084073126774
15504833333.3,-64.61046027147155
15509831666.7,-63.73412031573196
15514830000.0,-64.07417668498921
15519828333.3,-63.1887529712091
15524826666.7,-64.1847847468219
15529825000.0,-64.49950889626511
15534823333.3,-64.42576498742663
15539821666.7,-64.91989008483208
15544820000.0,-63.92280703566168
15549818333.3,-63.713549077331834
15554816666.7,-65.2733293950111
15559815000.0,-63.54246010499547
15564813333.3,-63.53407645567299
15569811666.7,-64.58252245703407
15574810000.0,-63.33590447433729
15579808333.3,-64.39705907578534
15584806666.7,-64.81076382468808
15589805000.0,-64.42721542079084
15594803333.3,-64.28882867185762
15599801666.7,-63.63611813690849
15604800000.0,-64.72374471109859
15609798333.3,-64.14825331822635
15614796666.7,-64.17248812551158
15619795000.0,-64.42465410498475
15624793333.3,-64.3058203257429
15629791666.7,-63.41251633338317
15634790000.0,-63.81216335942655
15639788333.3,-63.60431000143074
15644786666.7,-64.68696533536098
15649785000.0,-63.39813823856785
15654783333.3,-63.682899689444824
15659781666.7,-63.06285557349425
15664780000.0,-64.64460406353402
15669778333.3,-63.73538230778968
15674776666.7,-64.45266366720917
15679775000.0,-64.40476351449834
15684773333.3,-64.60861789552821
15689771666.7,-63.965934065342296
15694770000.0,-63.08506743121309
15699768333.3,-64.10495127560665
15704766666.7,-62.76073980729532
15709765000.0,-63.11094994844332
15714763333.3,-64.0655183096759
15719761666.7,-63.189421288579055
15724760000.0,-64.19960788242605
15729758333.3,-64.32814337666957
15734756666.7,-63.99469625716165
15739755000.0,-65.18020931088948
15744753333.3,-63.62928938711484
15749751666.7,-64.40029021079161
15754750000.0,-64.24702031514734
15759748333.3,-65.0524700379016
15764746666.7,-64.87539466555609
15769745000.0,-64.85063445641997
15774743333.3,-64.41150515792162
15779741666.7,-66.41756939084583
15784740000.0,-64.72530039165746
15789738333.3,-64.50316238950292
15794736666.7,-64.89189145419319
15799735000.0,-65.07247457281163
15804733333.3,-64.54041472853692
15809731666.7,-64.26217121404979
15814730000.0,-64.60310238777745
15819728333.3,-64.31520408524104
15824726666.7,-64.52320703114319
15829725000.0,-63.82002006858108
15834723333.3,-64.10249237727876
15839721666.7,-64.03542203777855
15844720000.0,-64.91642982584307
15849718333.3,-64.32023719709777
15854716666.7,-64.60217058264291
15859715000.0,-64.25368313575761
15864713333.3,-65.14669350412605
15869711666.7,-63.773457109668726
15874710000.0,-64.52471510149796
15879708333.3,-64.51133165723814
15884706666.7,-63.45131722762474
15889705000.0,-64.31141352514925
15894703333.3,-64.56366336914664
15899701666.7,-63.79204144784246
15904700000.0,-63.995837850977104
15909698333.3,-65.18065333445495
15914696666.7,-64.46413012892785
15919695000.0,-64.09950623279823
15924693333.3,-64.28360145274799
15929691666.7,-64.04853236222766
15934690000.0,-64.36739017374055
15939688333.3,-64.73228322923359
15944686666.7,-65.13889788132849
15949685000.0,-65.62832886686378
15954683333.3,-64.85784865303128
15959681666.7,-64.59281460811644
15964680000.0,-64.9734609205324
15969678333.3,-64.25841460206583
15974676666.7,-64.19738923538813
15979675000.0,-65.85333306725396
15984673333.3,-64.84923050569549
15989671666.7,-64.47049295498027
15994670000.0,-64.82101746868658
15999668333.3,-64.47850636569311
16004666666.7,-65.15992037964283
16009665000.0,-65.73894352113243
16014663333.3,-65.89737042610709
16019661666.7,-64.39897048372897
16024660000.0,-65.16621136069121
16029658333.3,-65.24710239466236
16034656666.7,-64.62763434587178
16039655000.0,-65.48138072357484
16044653333.3,-64.84612546115046
16049651666.7,-65.21404950939119
16054650000.0,-64.39307808140684
16059648333.3,-65.11920741468069
16064646666.7,-64.51601829061198
16069645000.0,-65.10382539066124
16074643333.3,-65.48145068674015
16079641666.7,-64.70997075487097
16084640000.0,-66.62335109592823
16089638333.3,-65.50644307551386
16094636666.7,-65.8483516731092
16099635000.0,-66.37187024665909
16104633333.3,-65.26385632406418
16109631666.7,-65.91055291521104
16114630000.0,-65.09570466709707
16119628333.3,-65.83409820941503
16124626666.7,-66.13448318399766
16129625000.0,-65.01489670401219
16134623333.3,-64.9011856237921
16139621666.7,-66.52880812332654
16144620000.0,-64.2720242487428
16149618333.3,-64.25310475938431
16154616666.7,-63.478542621030584
16159615000.0,-64.73399230062239
16164613333.3,-63.93904360011468
16169611666.7,-64.29140872935852
16174610000.0,-64.64760172619692
16179608333.3,-63.93969303149766
16184606666.7,-64.7750787010463
16189605000.0,-64.7654603761974
16194603333.3,-66.02409357836594
16199601666.7,-64.71069811192783
16204600000.0,-64.4818864795495
16209598333.3,-65.57566771346322
16214596666.7,-65.20355076567053
16219595000.0,-64.73341060011369
16224593333.3,-67.01924532925402
16229591666.7,-63.54236322194127
16234590000.0,-64.7635462587668
16239588333.3,-64.23967619230582
16244586666.7,-65.38494927075831
16249585000.0,-64.48471398616222
16254583333.3,-64.52461303422835
16259581666.7,-65.60866565866124
16264580000.0,-65.98430975363753
16269578333.3,-65.31340821548523
16274576666.7,-65.35623347344944
16279575000.0,-65.26140121934516
16284573333.3,-65.14803040518666
16289571666.7,-66.69612481647691
16294570000.0,-63.657037174605826
16299568333.3,-64.35711349574105
16304566666.7,-64.68626343262027
16309565000.0,-64.66241820751794
16314563333.3,-64.08297907741905
16319561666.7,-65.32827041244343
16324560000.0,-64.2706515778853
16329558333.3,-65.01112424662585
16334556666.7,-63.33647710630329
16339555000.0,-62.74069449860782
16344553333.3,-64.52377307377645
16349551666.7,-63.68860408158046
16354550000.0,-62.76904807987334
16359548333.3,-63.03702348322834
16364546666.7,-62.66476216545857
16369545000.0,-63.45820185268596
16374543333.3,-64.07962618394106
16379541666.7,-61.45644377562394
16384540000.0,-63.274717815341965
16389538333.3,-62.72549445141263
16394536666.7,-62.51518196709163
16399535000.0,-62.53896932697775
16404533333.3,-63.55530562375114
16409531666.7,-61.76980751537377
16414530000.0,-62.68148776060901
16419528333.3,-62.39029589088175
16424526666.7,-61.794569361349254
16429525000.0,-62.27409027876444
16434523333.3,-61.78023349168032
16439521666.7,-62.090404273452094
16444520000.0,-62.50524241394851
16449518333.3,-61.49269728855288
16454516666.7,-61.98374486204949
16459515000.0,-61.72267592620189
16464513333.3,-61.648053085834945
16469511666.7,-61.663221845840326
16474510000.0,-61.679269253515336
16479508333.3,-61.31726688380904
16484506666.7,-61.17854827116464
16489505000.0,-60.7276919373182
16494503333.3,-61.590291549370335
16499501666.7,-61.29523207060525
16504500000.0,-60.59974898548788
16509498333.3,-60.68946988206741
16514496666.7,-61.20735740295405
16519495000.0,-60.88693274498041
16524493333.3,-60.25007124453181
16529491666.7,-61.812766187931544
16534490000.0,-60.876962531379064
16539488333.3,-61.04188943774123
16544486666.7,-60.581546140462656
16549485000.0,-61.17481020553814
16554483333.3,-60.533218387204435
16559481666.7,-60.76682110955844
16564480000.0,-60.56659567807156
16569478333.3,-60.22795063749079
16574476666.7,-60.87145143051798
16579475000.0,-59.80817524196461
16584473333.3,-60.467009740165594
16589471666.7,-59.55253213407403
16594470000.0,-59.87246388018345
16599468333.3,-59.43646150286086
16604466666.7,-60.58009060151139
16609465000.0,-59.014308719893876
16614463333.3,-59.553115446251
16619461666.7,-59.395272997704254
16624460000.0,-58.85052794585731
16629458333.3,-58.70003993505695
16634456666.7,-58.30840072534287
16639455000.0,-59.11227630670791
16644453333.3,-59.59751021298022
16649451666.7,-58.949113359684006
16654450000.0,-58.25248494864259
16659448333.3,-58.82852617650046
16664446666.7,-57.839306705163196
16669445000.0,-58.36094108991384
16674443333.3,-58.279128946587406
16679441666.7,-58.70327189944406
16684440000.0,-58.132233533448236
16689438333.3,-58.142974542927305
16694436666.7,-57.92276698887804
16699435000.0,-58.68299446279443
16704433333.3,-58.066156862287094
16709431666.7,-58.29508749401341
16714430000.0,-57.972295949584016
16719428333.3,-58.70461402882616
16724426666.7,-58.233024944608395
16729425000.0,-57.35031251808341
16734423333.3,-57.6546985905621
16739421666.7,-57.38428065872613
16744420000.0,-57.40020462409725
16749418333.3,-57.86818606820698
16754416666.7,-57.615836086431706
16759415000.0,-57.2456526493606
16764413333.3,-57.43926372211004
16769411666.7,-57.55136182042662
16774410000.0,-56.96895928501676
16779408333.3,-57.32904028910296
16784406666.7,-57.31936821339585
16789405000.0,-57.69557209933318
16794403333.3,-57.56712950535988
16799401666.7,-57.354227791130995
16804400000.0,-57.67725950811525
16809398333.3,-57.42078144189613
16814396666.7,-57.57973076022864
16819395000.0,-57.68562038670665
16824393333.3,-57.46441633791312
16829391666.7,-57.273885218353236
16834390000.0,-57.22071885267446
16839388333.3,-57.35346411689762
16844386666.7,-57.53642926869975
16849385000.0,-57.70933284263733
16854383333.3,-57.767665387348416
16859381666.7,-57.83367721152338
16864380000.0,-58.202725868859496
16869378333.3,-57.62944588990733
16874376666.7,-58.04329827094695
16879375000.0,-57.79024976503675
16884373333.3,-58.487856482922844
16889371666.7,-57.898927287954834
16894370000.0,-57.94761255132421
16899368333.3,-57.62361551931201
16904366666.7,-57.94539925382162
16909365000.0,-58.13570626654137
16914363333.3,-57.66880930730992
16919361666.7,-57.53536219790764
16924360000.0,-58.14838005778452
16929358333.3,-57.460021993572774
16934356666.7,-57.427323560890294
16939355000.0,-57.320785184377115
16944353333.3,-57.780624138604104
16949351666.7,-57.671152305807865
16954350000.0,-57.265554443271256
16959348333.3,-57.535693377722474
16964346666.7,-57.33323839022567
16969345000.0,-57.318311124382944
16974343333.3,-57.38143412670688
16979341666.7,-57.46014784064598
16984340000.0,-57.29404763615089
16989338333.3,-57.02796672390071
16994336666.7,-57.02622090323133
16999335000.0,-57.066428609496505
17004333333.3,-57.38127317391917
17009331666.7,-56.87543977415387
17014330000.0,-56.549146971798535
17019328333.3,-57.01283691433636
17024326666.7,-57.11218869524052
17029325000.0,-56.9709202785573
17034323333.3,-56.64008267675902
17039321666.7,-57.04245646944058
17044320000.0,-56.74802593597404
17049318333.3,-57.383091089710206
17054316666.7,-57.24225980741868
17059315000.0,-57.24920875778594
17064313333.3,-57.58283091509668
17069311666.7,-57.18065393907361
17074310000.0,-57.37244639142062
17079308333.3,-57.62703617745315
17084306666.7,-57.146321348436246
17089305000.0,-57.20604213467769
17094303333.3,-57.24103381918306
17099301666.7,-57.25649237985911
17104300000.0,-57.49537738069541
17109298333.3,-57.83097572026159
17114296666.7,-57.4902723501745
17119295000.0,-58.001621036745085
17124293333.3,-58.37702828400146
17129291666.7,-57.94846141341041
17134290000.0,-58.08166376528206
17139288333.3,-58.261837753916225
17144286666.7,-58.5138830331928
17149285000.0,-59.13200042769766
17154283333.3,-58.47322506550135
17159281666.7,-58.95682229080065
17164280000.0,-58.12060110584494
17169278333.3,-58.65163199079398
17174276666.7,-58.52296210221829
17179275000.0,-58.660516224677096
17184273333.3,-58.43296034656294
17189271666.7,-58.00720624934229
17194270000.0,-58.54696414587881
17199268333.3,-58.615623791204726
17204266666.7,-58.243898647562474
17209265000.0,-57.9617133130185
17214263333.3,-58.33990525648006
17219261666.7,-58.20220723990655
17224260000.0,-58.22010592545497
17229258333.3,-58.28900731408435
17234256666.7,-58.504749163453596
17239255000.0,-58.519645795690316
17244253333.3,-58.62044426426002
17249251666.7,-58.97288167305171
17254250000.0,-58.794988262065516
17259248333.3,-57.992098493643766
17264246666.7,-57.981100638652705
17269245000.0,-58.91389323310632
17274243333.3,-57.895042207640245
17279241666.7,-57.7357000278145
17284240000.0,-58.52837646263158
17289238333.3,-57.821706182554216
17294236666.7,-58.073713158773984
17299235000.0,-57.715685007247956
17304233333.3,-57.070049855996146
17309231666.7,-58.032961260329856
17314230000.0,-57.4927459556346
17319228333.3,-57.80161885173112
17324226666.7,-57.55855358648937
17329225000.0,-57.84533332050024
17334223333.3,-57.58160851653295
17339221666.7,-57.83151590064075
17344220000.0,-58.06923577127539
17349218333.3,-58.12838564856233
17354216666.7,-57.88687194508546
17359215000.0,-57.735987089302114
17364213333.3,-57.81736974572433
17369211666.7,-57.679806241081934
17374210000.0,-57.80664454322875
17379208333.3,-57.91737615388549
17384206666.7,-58.58669771730356
17389205000.0,-57.99462353669382
17394203333.3,-58.50250447156767
17399201666.7,-58.8998496036485
17404200000.0,-58.796793646872054
17409198333.3,-58.61049292780563
17414196666.7,-58.73445594098918
17419195000.0,-59.01416392816301
17424193333.3,-58.69297279517233
17429191666.7,-58.850567962393214
17434190000.0,-59.26074807505604
17439188333.3,-59.338492390599704
17444186666.7,-58.812369960571985
17449185000.0,-59.45610154849206
17454183333.3,-58.5463091822189
17459181666.7,-59.24115729139495
17464180000.0,-58.92120916899405
17469178333.3,-58.84199063670087
17474176666.7,-59.26964136577468
17479175000.0,-59.180734941818315
17484173333.3,-59.29715730562115
17489171666.7,-58.85656545456736
17494170000.0,-58.788116838913254
17499168333.3,-58.40167070295021
17504166666.7,-58.817651033318874
17509165000.0,-58.886262248932894
17514163333.3,-58.83214014905769
17519161666.7,-58.82859508243112
17524160000.0,-58.390259764444
17529158333.3,-57.87333676609967
17534156666.7,-58.492576116161175
17539155000.0,-58.47376560671975
17544153333.3,-58.399205178474894
17549151666.7,-58.029416979830735
17554150000.0,-57.859238439315284
17559148333.3,-58.09958064009549
17564146666.7,-58.39148089483328
17569145000.0,-58.53380055992503
17574143333.3,-58.80871314053425
17579141666.7,-58.5532501266194
17584140000.0,-58.53768647125116
17589138333.3,-58.67593250208528
17594136666.7,-59.04099413814496
17599135000.0,-58.70941928636667
17604133333.3,-59.296793587443034
17609131666.7,-58.715461649492866
17614130000.0,-59.04639307141436
17619128333.3,-58.81591146061271
17624126666.7,-58.932430959035386
17629125000.0,-58.888949176598615
17634123333.3,-58.62910084168831
17639121666.7,-58.25910222066093
17644120000.0,-59.247381019304385
17649118333.3,-58.665140186242475
17654116666.7,-58.64194299623567
17659115000.0,-58.65968795392672
17664113333.3,-58.67157978007395
17669111666.7,-58.98411894145465
17674110000.0,-58.4292164739997
17679108333.3,-59.323976299222274
17684106666.7,-58.76529278292824
17689105000.0,-58.54234471472114
17694103333.3,-58.204658734388424
17699101666.7,-58.4003156866547
17704100000.0,-58.50079519937245
17709098333.3,-58.87057910710497
17714096666.7,-58.49543218381481
17719095000.0,-58.59108141734889
17724093333.3,-58.44820401657899
17729091666.7,-58.121300511876434
17734090000.0,-58.076763098657636
17739088333.3,-58.258322889856764
17744086666.7,-58.24420149954527
17749085000.0,-58.54373135353376
17754083333.3,-58.9794432299182
17759081666.7,-58.54150023397086
17764080000.0,-58.41695959204419
17769078333.3,-58.295721642331415
17774076666.7,-58.11004872795189
17779075000.0,-58.147676563656184
17784073333.3,-58.129255395334624
17789071666.7,-58.10989231637801
17794070000.0,-58.1222344232921
17799068333.3,-58.16932370269087
17804066666.7,-58.253617228869615
17809065000.0,-57.75056100228514
17814063333.3,-57.96496897669051
17819061666.7,-58.33376340345312
17824060000.0,-58.0242047157673
17829058333.3,-58.22530369285456
17834056666.7,-58.20178967633318
17839055000.0,-58.35856058456461
17844053333.3,-58.78937983404252
17849051666.7,-58.35405507034999
17854050000.0,-58.31518753398541
17859048333.3,-58.55046427698986
17864046666.7,-58.892929094491684
17869045000.0,-58.64221809643675
17874043333.3,-58.6032775126208
17879041666.7,-58.554065311779155
17884040000.0,-58.81655687713354
17889038333.3,-58.97864876731002
17894036666.7,-59.340608986069405
17899035000.0,-59.349681623189134
17904033333.3,-59.382658377137986
17909031666.7,-59.61996415125068
17914030000.0,-59.244143011213524
17919028333.3,-59.24110750869791
17924026666.7,-59.01076186444246
17929025000.0,-58.8588725721522
17934023333.3,-59.19551409559105
17939021666.7,-59.52817646572817
17944020000.0,-59.15800432849249
17949018333.3,-59.04744416428828
17954016666.7,-59.06446611056218
17959015000.0,-59.282085999952
17964013333.3,-58.4840284425027
17969011666.7,-58.6828957638256
17974010000.0,-58.57868126296913
17979008333.3,-58.454834045561846
17984006666.7,-58.27934896383077
17989005000.0,-58.70435018724316
17994003333.3,-58.689625126389245
17999001666.7,-58.91020763412044
18004000000.0,-58.159583271576366
18008998333.3,-58.31546634357885
18013996666.7,-58.84437944010437
18018995000.0,-58.40127595938544
18023993333.3,-58.26178753142103
18028991666.7,-58.48745052122122
18033990000.0,-57.88384960994748
18038988333.3,-58.168372389371896
18043986666.7,-58.567176643363716
18048985000.0,-57.8735420757866
18053983333.3,-58.07942985344244
18058981666.7,-57.684303194661545
18063980000.0,-59.154639411614475
18068978333.3,-58.77585070292135
18073976666.7,-58.32384602149144
18078975000.0,-58.797026728046816
18083973333.3,-59.07096747834209
18088971666.7,-58.84264472172604
18093970000.0,-58.903106668993395
18098968333.3,-59.73276557745028
18103966666.7,-58.63230205684098
18108965000.0,-59.05114177373615
18113963333.3,-59.12370928483127
18118961666.7,-58.666684257606974
18123960000.0,-59.77620900234044
18128958333.3,-58.65096844125769
18133956666.7,-59.235928526953856
18138955000.0,-59.690146135219884
18143953333.3,-58.92847880742521
18148951666.7,-59.39139686430175
18153950000.0,-59.5817938968388
18158948333.3,-59.520662243896666
18163946666.7,-59.073826444003934
18168945000.0,-58.612924030452064
18173943333.3,-58.46248798777218
18178941666.7,-58.88869337414489
18183940000.0,-59.20978965819339
18188938333.3,-59.052549316026116
18193936666.7,-59.04904441171551
18198935000.0,-59.34960632343352
18203933333.3,-58.79486116541134
18208931666.7,-58.96997034149234
18213930000.0,-58.90560893883781
18218928333.3,-59.32499818287411
18223926666.7,-59.338929965900945
18228925000.0,-59.405026037874116
18233923333.3,-59.24584044410779
18238921666.7,-59.72886670991136
18243920000.0,-58.850480862508235
18248918333.3,-59.2327014617334
18253916666.7,-59.35026872565017
18258915000.0,-59.54170161574523
18263913333.3,-59.5759300307908
18268911666.7,-59.63099399113265
18273910000.0,-59.74054009303261
18278908333.3,-59.80855100201385
18283906666.7,-59.15410781355553
18288905000.0,-59.225002798360826
18293903333.3,-59.66629289504323
18298901666.7,-60.06628738449343
18303900000.0,-59.408452315666565
18308898333.3,-59.809475115230825
18313896666.7,-59.25986557326681
18318895000.0,-60.164497359655
18323893333.3,-59.572092303384075
18328891666.7,-59.94304242915578
18333890000.0,-59.45789750659565
18338888333.3,-59.30703061748243
18343886666.7,-59.47389196959202
18348885000.0,-59.17622515799525
18353883333.3,-59.341981351433375
18358881666.7,-59.345811736706715
18363880000.0,-59.248208019110436
18368878333.3,-59.13840193357722
18373876666.7,-59.25292003620572
18378875000.0,-59.08550295439457
18383873333.3,-58.646592183353754
18388871666.7,-58.92555122996547
18393870000.0,-59.091888865412315
18398868333.3,-58.986567889281154
18403866666.7,-59.09811437040665
18408865000.0,-58.39621944299288
18413863333.3,-59.00022415926807
18418861666.7,-59.022993889325605
18423860000.0,-59.20619018163373
18428858333.3,-58.88016889522031
18433856666.7,-58.472149596514654
18438855000.0,-58.37712168373811
18443853333.3,-58.513641518327915
18448851666.7,-59.14555377554292
18453850000.0,-58.85205319749772
18458848333.3,-58.82090061117451
18463846666.7,-58.610786442455264
18468845000.0,-58.59765201589981
18473843333.3,-58.97572208745839
18478841666.7,-58.6551192357322
18483840000.0,-58.60378860070487
18488838333.3,-59.27867056719454
18493836666.7,-58.81922125103378
18498835000.0,-59.067391135844844
18503833333.3,-59.15955088576673
18508831666.7,-59.53309777259367
18513830000.0,-59.51217081400501
18518828333.3,-59.369533924284646
18523826666.7,-59.55496083547448
18528825000.0,-59.645790514082655
18533823333.3,-59.17083920930766
18538821666.7,-59.39861793567235
18543820000.0,-59.30411928985865
18548818333.3,-59.425350762992366
18553816666.7,-59.48225483000536
18558815000.0,-59.857283847466974
18563813333.3,-59.3169384694928
18568811666.7,-59.24777744424561
18573810000.0,-59.54822813780447
18578808333.3,-59.17354345750766
18583806666.7,-58.65003650701506
18588805000.0,-59.22163192124564
18593803333.3,-59.66448630487747
18598801666.7,-59.46256751613501
18603800000.0,-59.53728791028056
18608798333.3,-58.99056457386641
18613796666.7,-58.91918631226116
18618795000.0,-59.219810766071845
18623793333.3,-58.97886371791757
18628791666.7,-58.9018993018434
18633790000.0,-59.53715444508413
18638788333.3,-59.25289351162952
18643786666.7,-59.278688612360384
18648785000.0,-58.744476014963624
18653783333.3,-58.98982801160571
18658781666.7,-58.84348723654858
18663780000.0,-58.70246305829086
18668778333.3,-58.65938585081587
18673776666.7,-58.82261642424646
18678775000.0,-59.262592870796624
18683773333.3,-58.91929630476298
18688771666.7,-58.880654175856804
18693770000.0,-59.06711066964103
18698768333.3,-59.013166294049
18703766666.7,-58.98525657176477
18708765000.0,-59.309048309690965
18713763333.3,-58.204129549338035
18718761666.7,-57.930147203176894
18723760000.0,-58.82923078367439
18728758333.3,-58.66189039650256
18733756666.7,-59.06576073552681
18738755000.0,-58.80851542147953
18743753333.3,-58.18816529865969
18748751666.7,-58.93950507557834
18753750000.0,-58.860466878061786
18758748333.3,-58.56867572293552
18763746666.7,-58.29646847284465
18768745000.0,-58.64946432217952
18773743333.3,-58.30237962620717
18778741666.7,-58.24369209374617
18783740000.0,-58.83366182276687
18788738333.3,-58.80455040800697
18793736666.7,-58.34446543120257
18798735000.0,-58.64747340602435
18803733333.3,-58.558594747537605
18808731666.7,-59.282012831442124
18813730000.0,-59.57286267826133
18818728333.3,-59.98718079700978
18823726666.7,-59.69604952741312
18828725000.0,-60.42520223009234
18833723333.3,-60.04493742527502
18838721666.7,-59.87865327356972
18843720000.0,-59.48248380059048
18848718333.3,-59.47080420632567
18853716666.7,-59.53655679079589
18858715000.0,-60.14479902275027
18863713333.3,-59.8646226929121
18868711666.7,-59.901215505571905
18873710000.0,-59.914411086785165
18878708333.3,-60.056906905926326
18883706666.7,-59.550624452313784
18888705000.0,-59.12255206692545
18893703333.3,-59.11112056211893
18898701666.7,-59.209660107322975
18903700000.0,-58.79131832010597
18908698333.3,-59.139111319640314
18913696666.7,-59.16811115356946
18918695000.0,-59.31585392719417
18923693333.3,-58.88757401956663
18928691666.7,-58.97444303813774
18933690000.0,-59.04232396262674
18938688333.3,-58.46985936347888
18943686666.7,-59.302153525563895
18948685000.0,-59.324903650348695
18953683333.3,-59.013443444882284
18958681666.7,-58.415007097562494
18963680000.0,-59.077984136983126
18968678333.3,-58.992406058291394
18973676666.7,-59.245967270896855
18978675000.0,-59.399377301272544
18983673333.3,-59.2502411925151
18988671666.7,-59.02408037136902
18993670000.0,-59.07686768275474
18998668333.3,-59.63698158289384
19003666666.7,-59.81303476253518
19008665000.0,-59.75645891338311
19013663333.3,-60.02965644975761
19018661666.7,-59.78815366322378
19023660000.0,-59.681577410831046
19028658333.3,-60.33865314922522
19033656666.7,-59.59620352923983
19038655000.0,-60.046204617906994
19043653333.3,-60.0759468433133
19048651666.7,-59.550603548765
19053650000.0,-59.74656094193128
19058648333.3,-60.091612639462575
19063646666.7,-59.84022716232048
19068645000.0,-59.03592472211538
19073643333.3,-59.663105292138226
19078641666.7,-59.77316812189649
19083640000.0,-59.669921987085345
19088638333.3,-59.591039339339545
19093636666.7,-59.63104316521711
19098635000.0,-59.73576438823219
19103633333.3,-59.194224279452136
19108631666.7,-59.15331741746235
19113630000.0,-59.330477594452624
19118628333.3,-59.16455356704351
19123626666.7,-58.55251245445171
19128625000.0,-58.90281230778906
19133623333.3,-59.11820305954282
19138621666.7,-58.367718758160095
19143620000.0,-58.72979820251412
19148618333.3,-59.32457032159917
19153616666.7,-58.99502732445174
19158615000.0,-59.25912915544119
19163613333.3,-59.31041621462861
19168611666.7,-59.31469637494751
19173610000.0,-59.77326202717172
19178608333.3,-58.97285791995452
19183606666.7,-59.455946617192424
19188605000.0,-59.820140020572794
19193603333.3,-60.044976284439656
19198601666.7,-58.91959975193429
19203600000.0,-59.03747451770077
19208598333.3,-58.961737326504874
19213596666.7,-59.11767450136355
19218595000.0,-58.751516758549805
19223593333.3,-58.682341358358904
19228591666.7,-58.77467677533434
19233590000.0,-59.50227362794393
19238588333.3,-58.69405538458722
19243586666.7,-59.335333216632826
19248585000.0,-59.00231041203657
19253583333.3,-58.481118416407824
19258581666.7,-59.437877771914025
19263580000.0,-59.492326064889234
19268578333.3,-59.019524042368786
19273576666.7,-59.091975970591676
19278575000.0,-59.11507863121916
19283573333.3,-59.85731245862698
19288571666.7,-59.58012884755874
19293570000.0,-60.22866908834431
19298568333.3,-59.096603948828175
19303566666.7,-59.397107606305894
19308565000.0,-59.76307727495958
19313563333.3,-59.51851926573119
19318561666.7,-59.421923365519156
19323560000.0,-59.41988299267024
19328558333.3,-60.533126346912354
19333556666.7,-60.31013254894938
19338555000.0,-60.31608028575807
19343553333.3,-60.03560422475605
19348551666.7,-60.077921466708716
19353550000.0,-59.45093985920779
19358548333.3,-60.0002296162446
19363546666.7,-59.415911067904645
19368545000.0,-59.145890774839245
19373543333.3,-59.79947294548894
19378541666.7,-59.38222144086069
19383540000.0,-58.93922587669663
19388538333.3,-58.715334339142366
19393536666.7,-58.912903539731786
19398535000.0,-58.543643055645795
19403533333.3,-58.33627992114019
19408531666.7,-58.373280978006704
19413530000.0,-58.12687876964931
19418528333.3,-57.91964166810463
19423526666.7,-58.38767125966305
19428525000.0,-57.98537033190512
19433523333.3,-58.759640761985
19438521666.7,-58.75789943670148
19443520000.0,-57.62058525966789
19448518333.3,-58.04698518861704
19453516666.7,-57.69019442419279
19458515000.0,-57.76198903508224
19463513333.3,-57.29981871462199
19468511666.7,-57.623175151492774
19473510000.0,-57.16377215655406
19478508333.3,-57.498711854902915
19483506666.7,-57.539654328893775
19488505000.0,-57.470927607349466
19493503333.3,-57.52656375933591
19498501666.7,-58.22796929229482
19503500000.0,-57.8437599576338
19508498333.3,-58.110303512711006
19513496666.7,-58.2475680655934
19518495000.0,-58.22147885369244
19523493333.3,-58.65020443035294
19528491666.7,-58.995796828384655
19533490000.0,-58.60580614732595
19538488333.3,-59.013653288030135
19543486666.7,-58.85271295740275
19548485000.0,-58.92419059460077
19553483333.3,-59.16007296398536
19558481666.7,-58.625288197095536
19563480000.0,-58.56308563911843
19568478333.3,-58.868875396291585
19573476666.7,-59.138482676116375
19578475000.0,-58.998338076182776
19583473333.3,-59.07095740112473
19588471666.7,-59.15060009027066
19593470000.0,-59.077688194223164
19598468333.3,-58.91214456087045
19603466666.7,-58.637772194748564
19608465000.0,-58.599394872123625
19613463333.3,-58.84662463391106
19618461666.7,-59.24212988834867
19623460000.0,-58.692057977662344
19628458333.3,-58.651599807096275
19633456666.7,-58.88761871875475
19638455000.0,-58.555065089079974
19643453333.3,-58.750532720630765
19648451666.7,-58.21208611381836
19653450000.0,-59.076515446059155
19658448333.3,-58.62388737627861
19663446666.7,-58.351504578382254
19668445000.0,-58.693737972771174
19673443333.3,-58.8617016327683
19678441666.7,-58.716412024726665
19683440000.0,-58.54546302355242
19688438333.3,-58.96481384885475
19693436666.7,-58.644484594976625
19698435000.0,-58.69815730478135
19703433333.3,-58.65131618800035
19708431666.7,-59.261777696806575
19713430000.0,-58.643415930517335
19718428333.3,-58.685978581952305
19723426666.7,-58.963231932165115
19728425000.0,-58.69968870681495
19733423333.3,-58.76559203430265
19738421666.7,-58.97891424597704
19743420000.0,-59.234589150626384
19748418333.3,-58.34004498691171
19753416666.7,-59.586805203059576
19758415000.0,-58.5943634739332
19763413333.3,-58.3151370968088
19768411666.7,-58.045853749887115
19773410000.0,-58.75768516259419
19778408333.3,-58.66532018400672
19783406666.7,-59.488164467476665
19788405000.0,-59.02606314181696
19793403333.3,-58.652616451984386
19798401666.7,-58.56109854170825
19803400000.0,-59.004037722516415
19808398333.3,-58.97605820082526
19813396666.7,-58.42966761927273
19818395000.0,-59.07401071268231
19823393333.3,-58.437655730191096
19828391666.7,-59.143802110369975
19833390000.0,-59.08443763921796
19838388333.3,-59.327411063689055
19843386666.7,-59.07114387542882
19848385000.0,-59.598018606651955
19853383333.3,-59.34844360886807
19858381666.7,-59.609926835164366
19863380000.0,-60.22181141819557
19868378333.3,-59.967406358216586
19873376666.7,-59.79798047962687
19878375000.0,-59.97785736531767
19883373333.3,-60.40468197805226
19888371666.7,-60.38608425914903
19893370000.0,-59.4368741315011
19898368333.3,-60.32373576561425
19903366666.7,-59.90511984684362
19908365000.0,-59.671471519869826
19913363333.3,-59.075052620471794
19918361666.7,-59.88662715843924
19923360000.0,-59.253998587931406
19928358333.3,-59.279630621753874
19933356666.7,-59.94409346513282
19938355000.0,-59.660747157924476
19943353333.3,-60.26702440241599
19948351666.7,-59.433159185553315
19953350000.0,-60.20422111974451
19958348333.3,-59.44655284032343
19963346666.7,-59.267038283332965
19968345000.0,-59.59872500118508
19973343333.3,-59.52138033730013
19978341666.7,-59.847744772980995
19983340000.0,-59.78731355606277
19988338333.3,-60.50619491412739
19993336666.7,-60.01359368746765
19998335000.0,-59.51932218056832
20003333333.3,-59.05907907373191
20008331666.7,-59.759429252947584
20013330000.0,-60.33979174895389
20018328333.3,-60.41704933394029
20023326666.7,-60.32888431686649
20028325000.0,-59.93117133366795
20033323333.3,-59.916630314580246
20038321666.7,-59.823626818549435
20043320000.0,-59.95391831668752
20048318333.3,-59.611555765945745
20053316666.7,-59.828615656908326
20058315000.0,-59.931781150596954
20063313333.3,-60.33297353233755
20068311666.7,-58.90253326243658
20073310000.0,-58.72997434449205
20078308333.3,-59.81353266396034
20083306666.7,-59.77124637752391
20088305000.0,-59.577299196076254
20093303333.3,-59.13850749245168
20098301666.7,-59.737182953350896
20103300000.0,-59.222086047673876
20108298333.3,-59.336409377074936
20113296666.7,-59.91582224514447
20118295000.0,-59.462501420958766
20123293333.3,-59.92943555026126
20128291666.7,-60.46768830838503
20133290000.0,-59.40856693295636
20138288333.3,-60.19813773413937
20143286666.7,-59.03530269464494
20148285000.0,-59.36672990703616
20153283333.3,-60.1603525691955
20158281666.7,-59.07527820151536
20163280000.0,-59.689112588545456
20168278333.3,-59.06657948124911
20173276666.7,-59.93734980662671
20178275000.0,-59.044752928631404
20183273333.3,-59.77449912029678
20188271666.7,-59.70969540351338
20193270000.0,-60.221553650430366
20198268333.3,-59.957309425864665
20203266666.7,-60.21131881538645
20208265000.0,-60.75100898000947
20213263333.3,-60.16267791314796
20218261666.7,-60.2011606530901
20223260000.0,-60.88598839476048
20228258333.3,-60.686582577685115
20233256666.7,-59.959428918315254
20238255000.0,-59.57504067092512
20243253333.3,-59.314113778586176
20248251666.7,-59.875339041538
20253250000.0,-59.05393669007112
20258248333.3,-59.444170664157085
20263246666.7,-59.46768989385593
20268245000.0,-59.48609122976765
20273243333.3,-59.73035577273368
20278241666.7,-59.94080591086855
20283240000.0,-59.74077675536253
20288238333.3,-59.764126544449724
20293236666.7,-60.16501031558816
20298235000.0,-59.92995709305298
20303233333.3,-60.48761374704001
20308231666.7,-59.9127482790271
20313230000.0,-59.77105093791134
20318228333.3,-59.46533788292637
20323226666.7,-59.92942303078982
20328225000.0,-59.551757077338294
20333223333.3,-59.25742381429262
20338221666.7,-59.37776834190497
20343220000.0,-59.090020658061135
20348218333.3,-59.78504381932148
20353216666.7,-59.21908135470153
20358215000.0,-59.21746274388645
20363213333.3,-59.35092772225243
20368211666.7,-59.67442505580807
20373210000.0,-59.84441238367111
20378208333.3,-59.74608354200125
20383206666.7,-59.60502887121314
20388205000.0,-60.025631193152364
20393203333.3,-60.18972314939836
20398201666.7,-60.19371985136254
20403200000.0,-59.88562068665686
20408198333.3,-59.99502279607836
20413196666.7,-60.08286849362358
20418195000.0,-59.69955036770589
20423193333.3,-59.784243762063355
20428191666.7,-59.79399882454725
20433190000.0,-59.262218401626626
20438188333.3,-59.840073401149105
20443186666.7,-59.64083451000679
20448185000.0,-60.199331287836664
20453183333.3,-60.31591584404447
20458181666.7,-60.078875078660616
20463180000.0,-60.70702617032161
20468178333.3,-60.44045114159039
20473176666.7,-60.2938003479709
20478175000.0,-60.276310301987536
20483173333.3,-60.24473204115773
20488171666.7,-61.42350064281469
20493170000.0,-60.87720538764415
20498168333.3,-60.34336344099033
20503166666.7,-60.36365666278827
20508165000.0,-60.43496938869915
20513163333.3,-59.998297228662835
20518161666.7,-59.208794737252504
20523160000.0,-59.56418719224419
20528158333.3,-59.610582016441505
20533156666.7,-59.33889743507648
20538155000.0,-59.68682568465038
20543153333.3,-60.055598335307614
20548151666.7,-60.03489149387205
20553150000.0,-60.21990228080427
20558148333.3,-59.63642122834939
20563146666.7,-59.70173884236365
20568145000.0,-60.25807117435848
20573143333.3,-59.96363888048971
20578141666.7,-59.89461893256686
20583140000.0,-60.04446132441945
20588138333.3,-60.149560713999016
20593136666.7,-60.56887947609539
20598135000.0,-59.795871122068796
20603133333.3,-59.579060823280244
20608131666.7,-59.34839434194342
20613130000.0,-59.70086847437634
20618128333.3,-60.53555073059103
20623126666.7,-59.96468282834982
20628125000.0,-60.08941978740985
20633123333.3,-59.866194844612195
20638121666.7,-60.2707200740765
20643120000.0,-60.607887941633365
20648118333.3,-59.989606982995134
20653116666.7,-60.95326532422114
20658115000.0,-60.46323920638514
20663113333.3,-60.08348303941271
20668111666.7,-60.95292976816074
20673110000.0,-60.50591868396545
20678108333.3,-59.92363348792391
20683106666.7,-60.504265862028674
20688105000.0,-60.720376137611815
20693103333.3,-60.41939674180816
20698101666.7,-60.765645808949564
20703100000.0,-61.01680606340307
20708098333.3,-60.492049872370316
20713096666.7,-59.95204206427505
20718095000.0,-60.601635587035545
20723093333.3,-61.25948756112366
20728091666.7,-61.61072576231672
20733090000.0,-60.894300510446826
20738088333.3,-60.83435554430927
20743086666.7,-61.04910949844087
20748085000.0,-60.81974684754773
20753083333.3,-60.3764174023192
20758081666.7,-60.60590510765233
20763080000.0,-60.65133623761213
20768078333.3,-60.248429482006514
20773076666.7,-60.016299280992236
20778075000.0,-60.291099357458286
20783073333.3,-60.43982131192736
20788071666.7,-60.73223672807903
20793070000.0,-60.23617910107675
20798068333.3,-60.87870449516767
20803066666.7,-59.82779652612293
20808065000.0,-60.46420190476414
20813063333.3,-60.446350620988
20818061666.7,-60.84074917342389
20823060000.0,-60.65335338384624
20828058333.3,-60.23145424529037
20833056666.7,-60.803819321034254
20838055000.0,-60.232672504112834
20843053333.3,-60.19002465689985
20848051666.7,-60.29374655624746
20853050000.0,-60.01578877569254
20858048333.3,-60.139530196996375
20863046666.7,-60.57160603462728
20868045000.0,-60.48376539700932
20873043333.3,-60.09190702891277
20878041666.7,-60.351014399635574
20883040000.0,-60.39680732450719
20888038333.3,-60.46002540658182
20893036666.7,-60.91776887790725
20898035000.0,-61.211690230489296
20903033333.3,-61.3130711878938
20908031666.7,-61.00125852772018
20913030000.0,-61.47391107163418
20918028333.3,-61.237603254852644
20923026666.7,-60.93424110524665
20928025000.0,-61.13275455435355
20933023333.3,-60.87859750391897
20938021666.7,-61.27211706648343
20943020000.0,-60.813620888521925
20948018333.3,-61.42686940655409
20953016666.7,-60.85840495201186
20958015000.0,-61.98885790857891
20963013333.3,-61.437758819280745
20968011666.7,-61.648781930941404
20973010000.0,-61.41902608146992
20978008333.3,-62.2829651516917
20983006666.7,-61.4820114916121
20988005000.0,-61.66825040029398
20993003333.3,-61.609245757829896
20998001666.7,-61.50196779535062
21003000000.0,-61.69089833974215
21007998333.3,-61.829077420961276
21012996666.7,-61.43836326857952
21017995000.0,-60.8966666328036
21022993333.3,-60.707942292992165
21027991666.7,-60.21356449402198
21032990000.0,-60.29819440133211
21037988333.3,-60.21641540933767
21042986666.7,-60.99602437643448
21047985000.0,-60.41267269014361
21052983333.3,-61.024731489923
21057981666.7,-60.18977409173986
21062980000.0,-59.40410674540552
21067978333.3,-59.91880795366591
21072976666.7,-59.96911740722418
21077975000.0,-60.61791192502738
21082973333.3,-60.13395203604038
21087971666.7,-60.266249174375154
21092970000.0,-59.817993660562074
21097968333.3,-59.90872585292457
21102966666.7,-59.94968624380601
21107965000.0,-60.50493220792545
21112963333.3,-59.675020688557
21117961666.7,-59.397601821378956
21122960000.0,-59.92973383557516
21127958333.3,-59.58961088584189
21132956666.7,-59.941881993896516
21137955000.0,-59.79645722429541
21142953333.3,-60.15497497533004
21147951666.7,-60.68783581303854
21152950000.0,-60.50328081349926
21157948333.3,-60.60306739872335
21162946666.7,-61.02115484613122
21167945000.0,-60.83382937550482
21172943333.3,-61.42256473487136
21177941666.7,-61.061934255950405
21182940000.0,-61.09028955384608
21187938333.3,-61.12309040837811
21192936666.7,-61.20712902496208
21197935000.0,-61.05826546709125
21202933333.3,-61.32229469400567
21207931666.7,-61.264293746992216
21212930000.0,-60.591389359031936
21217928333.3,-60.69378932380513
21222926666.7,-61.10602927375281
21227925000.0,-60.89340407608071
21232923333.3,-60.368482309685874
21237921666.7,-61.18579868326485
21242920000.0,-61.250544044724506
21247918333.3,-61.06377118653616
21252916666.7,-61.576020566056364
21257915000.0,-60.97825846533194
21262913333.3,-61.05455921501864
21267911666.7,-60.50619326759382
21272910000.0,-61.336624869728446
21277908333.3,-60.758017571148244
21282906666.7,-60.82022006035919
21287905000.0,-60.89254703282725
21292903333.3,-60.07073448919215
21297901666.7,-61.050763311492375
21302900000.0,-59.75816254989495
21307898333.3,-60.148435292995146
21312896666.7,-60.147941747795784
21317895000.0,-59.95672455032231
21322893333.3,-59.7497529375282
21327891666.7,-60.164095642051294
21332890000.0,-60.402427284547414
21337888333.3,-60.33172144622969
21342886666.7,-60.45530177342421
21347885000.0,-60.24046555381422
21352883333.3,-60.638702469200744
21357881666.7,-59.82819759545177
21362880000.0,-59.49584229680647
21367878333.3,-59.946157180219195
21372876666.7,-59.367810735860985
21377875000.0,-59.6302580577435
21382873333.3,-58.96681691522288
21387871666.7,-59.1674385517412
21392870000.0,-59.80323188391972
21397868333.3,-59.41504442398327
21402866666.7,-59.602883707168544
21407865000.0,-59.583645631978506
21412863333.3,-59.97025184376609
21417861666.7,-59.92966227609314
21422860000.0,-60.1584904784492
21427858333.3,-60.564388594829204
21432856666.7,-59.732563388093844
21437855000.0,-59.60078531864362
21442853333.3,-60.02271570567699
21447851666.7,-59.65900424282647
21452850000.0,-59.652136232197826
21457848333.3,-59.97388054689954
21462846666.7,-60.67777902083732
21467845000.0,-59.58441237851906
21472843333.3,-59.41717608274767
21477841666.7,-59.211329058972794
21482840000.0,-60.099801595790154
21487838333.3,-60.184613460133455
21492836666.7,-59.96309163166796
21497835000.0,-60.42064787373157
21502833333.3,-60.41219475844449
21507831666.7,-59.786299639827675
21512830000.0,-60.4653763990693
21517828333.3,-60.129933572124116
21522826666.7,-60.81686431598787
21527825000.0,-60.220783813630014
21532823333.3,-60.1938136470261
21537821666.7,-59.29588208863226
21542820000.0,-59.5313194144397
21547818333.3,-60.24260681485046
21552816666.7,-59.700590909768245
21557815000.0,-60.41675267955942
21562813333.3,-60.05311023003919
21567811666.7,-59.95709367482352
21572810000.0,-59.58748220406869
21577808333.3,-59.18152021278745
21582806666.7,-59.70731339401918
21587805000.0,-60.12553196525816
21592803333.3,-59.86078486693287
21597801666.7,-59.899775491851635
21602800000.0,-60.3479664225551
21607798333.3,-59.89876029059453
21612796666.7,-60.20187340801361
21617795000.0,-59.85561885732318
21622793333.3,-59.53794927488532
21627791666.7,-60.16766602020915
21632790000.0,-59.734265602484186
21637788333.3,-59.88615254397924
21642786666.7,-60.0769685386591
21647785000.0,-60.64743137886964
21652783333.3,-60.349129387524734
21657781666.7,-60.36861580251721
21662780000.0,-60.36507078256407
21667778333.3,-60.474949020678736
21672776666.7,-60.26686250854923
21677775000.0,-60.58003325257833
21682773333.3,-60.32752732732972
21687771666.7,-60.55114849765711
21692770000.0,-60.32934937109225
21697768333.3,-61.25293392847422
21702766666.7,-60.54264013979848
21707765000.0,-60.60796710435977
21712763333.3,-60.29986839275867
21717761666.7,-59.479510513331874
21722760000.0,-59.166243370136385
21727758333.3,-59.58669563093462
21732756666.7,-60.06920202636913
21737755000.0,-60.06661885428271
21742753333.3,-59.74862649675491
21747751666.7,-59.637901200973275
21752750000.0,-60.02785639694522
21757748333.3,-60.29368451253476
21762746666.7,-60.00287345952298
21767745000.0,-59.90419470921965
21772743333.3,-59.4734848338433
21777741666.7,-59.92279429224632
21782740000.0,-60.03722223018191
21787738333.3,-59.535723018271824
21792736666.7,-59.460963542920744
21797735000.0,-59.33766813656831
21802733333.3,-59.45405330218975
21807731666.7,-59.502024170828314
21812730000.0,-59.10413734382031
21817728333.3,-59.75107611048785
21822726666.7,-58.861035884961545
21827725000.0,-59.58887515419795
21832723333.3,-60.2906620499933
21837721666.7,-60.449650512333676
21842720000.0,-60.43108710295861
21847718333.3,-60.335715306711826
21852716666.7,-60.15624850372827
21857715000.0,-60.724789854927764
21862713333.3,-61.02287890393539
21867711666.7,-60.98700786349429
21872710000.0,-60.92306567695437
21877708333.3,-60.934490383441485
21882706666.7,-61.41039005568534
21887705000.0,-60.950541446253716
21892703333.3,-60.93721490741124
21897701666.7,-60.94820709709261
21902700000.0,-61.61812653085501
21907698333.3,-61.21992133908621
21912696666.7,-60.70699438039783
21917695000.0,-60.574704728308085
21922693333.3,-60.476830049518775
21927691666.7,-60.62865846887384
21932690000.0,-61.128398274213126
21937688333.3,-60.628670188562175
21942686666.7,-61.42208669668818
21947685000.0,-61.09708531419827
21952683333.3,-60.72214404128249
21957681666.7,-60.90616124828854
21962680000.0,-61.21446591083229
21967678333.3,-60.511125890838755
21972676666.7,-61.07619021120528
21977675000.0,-60.88537671062853
21982673333.3,-60.89175901818778
21987671666.7,-60.6999574371319
21992670000.0,-60.31388142593901
21997668333.3,-60.782915078977226
22002666666.7,-60.84225733210624
22007665000.0,-60.00426179648326
22012663333.3,-59.968577714918716
22017661666.7,-60.611540494432006
22022660000.0,-60.3534249991893
22027658333.3,-60.57433946390039
22032656666.7,-60.374267124689766
22037655000.0,-60.43724800927957
22042653333.3,-60.476346795960076
22047651666.7,-60.91980271797905
22052650000.0,-60.08502946089755
22057648333.3,-60.285051536295796
22062646666.7,-59.906897552183686
22067645000.0,-60.838204871814455
22072643333.3,-60.261453853497216
22077641666.7,-60.06428762830428
22082640000.0,-59.417364679017425
22087638333.3,-60.377333841089886
22092636666.7,-60.608222945436474
22097635000.0,-60.384340259707244
22102633333.3,-60.60161751974383
22107631666.7,-61.039490884923495
22112630000.0,-61.25418977292898
22117628333.3,-60.27191107301625
22122626666.7,-61.812870435707325
22127625000.0,-61.28865578118662
22132623333.3,-60.70667354218037
22137621666.7,-60.72316320489299
22142620000.0,-60.7989472793933
22147618333.3,-61.1189828456429
22152616666.7,-61.091365624505556
22157615000.0,-60.9682488850481
22162613333.3,-60.108151371055136
22167611666.7,-60.26144520247429
22172610000.0,-59.8671786067786
22177608333.3,-60.229773631581686
22182606666.7,-59.965153846809514
22187605000.0,-60.76073168555962
22192603333.3,-60.6187732658091
22197601666.7,-60.97556364903873
22202600000.0,-60.92591819469966
22207598333.3,-60.4672207024191
22212596666.7,-60.742409688227
22217595000.0,-60.26416597693006
22222593333.3,-61.0644208451755
22227591666.7,-59.82099229489117
22232590000.0,-59.913859799897025
22237588333.3,-60.311941238909526
22242586666.7,-59.66912320138756
22247585000.0,-59.82158619674958
22252583333.3,-59.695141061706856
22257581666.7,-60.268734918796014
22262580000.0,-59.65729843331467
22267578333.3,-60.54324804176315
22272576666.7,-59.69010507955525
22277575000.0,-60.44122345070407
22282573333.3,-60.25385850324565
22287571666.7,-60.771465292727775
22292570000.0,-61.10135403271208
22297568333.3,-60.504762569541015
22302566666.7,-61.01694174493944
22307565000.0,-60.676892395045876
22312563333.3,-60.95884236915546
22317561666.7,-61.24470418435851
22322560000.0,-61.56012145494585
22327558333.3,-60.68572254104426
22332556666.7,-61.39645523785582
22337555000.0,-60.93823063144779
22342553333.3,-61.28021819812841
22347551666.7,-60.87516327340758
22352550000.0,-61.06794823213609
22357548333.3,-60.754394418842935
22362546666.7,-60.89861956267416
22367545000.0,-60.20110930017955
22372543333.3,-60.922915334541656
22377541666.7,-61.019076304009694
22382540000.0,-61.43180276806915
22387538333.3,-60.5167360264463
22392536666.7,-61.43142319515385
22397535000.0,-60.68659614498753
22402533333.3,-61.0057940647319
22407531666.7,-60.340468514204076
22412530000.0,-61.046804120313006
22417528333.3,-61.08628787650823
22422526666.7,-59.960378687599146
22427525000.0,-59.887791725943146
22432523333.3,-60.11860740374394
22437521666.7,-60.44293413568069
22442520000.0,-60.200291410115994
22447518333.3,-60.14704373903538
22452516666.7,-61.08474798939576
22457515000.0,-60.906878136631235
22462513333.3,-60.204626040895334
22467511666.7,-60.39432928291607
22472510000.0,-60.39770888517391
22477508333.3,-60.357820481521465
22482506666.7,-59.9592927784579
22487505000.0,-60.17950555698076
22492503333.3,-59.5837217069169
22497501666.7,-60.49507383541517
22502500000.0,-59.99268712203394
22507498333.3,-59.44009882836212
22512496666.7,-59.34318550681568
22517495000.0,-59.95766854583361
22522493333.3,-59.871472475949076
22527491666.7,-60.26822181110731
22532490000.0,-60.64150296403106
22537488333.3,-60.79387028214866
22542486666.7,-60.71836680236476
22547485000.0,-60.26020167362309
22552483333.3,-60.686438027774045
22557481666.7,-60.18719503691547
22562480000.0,-60.400083806065645
22567478333.3,-60.92101931754867
22572476666.7,-61.090551845997965
22577475000.0,-61.442998202818906
22582473333.3,-61.13372068755302
22587471666.7,-61.411337528617445
22592470000.0,-61.261710221219026
22597468333.3,-61.55046990574621
22602466666.7,-61.274169914131214
22607465000.0,-61.3648393519664
22612463333.3,-61.59110436655879
22617461666.7,-61.98393222406
22622460000.0,-61.468720312952776
22627458333.3,-61.16842181463616
22632456666.7,-62.12129040568869
22637455000.0,-61.17148833851353
22642453333.3,-61.63180550787051
22647451666.7,-61.84919612183408
22652450000.0,-62.05651525395464
22657448333.3,-61.88108861340169
22662446666.7,-60.95918100209222
22667445000.0,-61.996760392306896
22672443333.3,-61.73042274376652
22677441666.7,-61.42209317960471
22682440000.0,-61.637363194541265
22687438333.3,-60.84887955450401
22692436666.7,-61.532262621499186
22697435000.0,-60.8126713695348
22702433333.3,-60.772236233070416
22707431666.7,-61.174946704308155
22712430000.0,-60.68832830882655
22717428333.3,-60.9643687035328
22722426666.7,-61.252530929724415
22727425000.0,-60.95194774580604
22732423333.3,-60.839726961816496
22737421666.7,-60.84830972683652
22742420000.0,-60.46302458865969
22747418333.3,-60.396711375507394
22752416666.7,-60.90456599762355
22757415000.0,-60.83319081290846
22762413333.3,-61.13710701115161
22767411666.7,-61.15959881000252
22772410000.0,-61.7954082779476
22777408333.3,-61.09979186662409
22782406666.7,-60.842615047227866
22787405000.0,-61.361235936764686
22792403333.3,-61.734836473793784
22797401666.7,-61.600863564579065
22802400000.0,-61.687713554063286
22807398333.3,-62.91894507621383
22812396666.7,-62.42262936405588
22817395000.0,-63.018494219384706
22822393333.3,-62.35540781183897
22827391666.7,-62.26764260764331
22832390000.0,-62.049032162951306
22837388333.3,-62.280946814204
22842386666.7,-61.711010363818716
22847385000.0,-62.51640357442718
22852383333.3,-62.73169974803445
22857381666.7,-62.280029520266574
22862380000.0,-62.2297445026357
22867378333.3,-61.7561506926708
22872376666.7,-61.83738973897367
22877375000.0,-61.57448519083882
22882373333.3,-62.49474620301436
22887371666.7,-62.017101111164585
22892370000.0,-62.52998427605821
22897368333.3,-61.858045694613736
22902366666.7,-62.20556549106193
22907365000.0,-62.185634729443535
22912363333.3,-62.408042656538655
22917361666.7,-61.98003620015733
22922360000.0,-62.22263158078722
22927358333.3,-62.02002059591851
22932356666.7,-62.142902711043526
22937355000.0,-62.114807747104635
22942353333.3,-61.55219221400574
22947351666.7,-61.852391857905964
22952350000.0,-61.3383289755624
22957348333.3,-61.66502536615625
22962346666.7,-61.77888622020524
22967345000.0,-61.9593162698074
22972343333.3,-61.69343151343266
22977341666.7,-61.804384811027056
22982340000.0,-62.19794270315106
22987338333.3,-62.32987830164247
22992336666.7,-61.90473133196981
22997335000.0,-62.12058908123156
23002333333.3,-62.18440282712105
23007331666.7,-62.13992840704293
23012330000.0,-61.55626565473771
23017328333.3,-62.057003154781796
23022326666.7,-62.043641524078154
23027325000.0,-62.07903429933634
23032323333.3,-62.325848362535766
23037321666.7,-62.171538912256935
23042320000.0,-61.30563004036647
23047318333.3,-62.196709415597525
23052316666.7,-61.82826662654275
23057315000.0,-61.781021635456845
23062313333.3,-61.913845967056844
23067311666.7,-61.88096510413919
23072310000.0,-61.82517779227628
23077308333.3,-62.14499840946321
23082306666.7,-62.59111084805581
23087305000.0,-62.84537741925146
23092303333.3,-62.19105791637344
23097301666.7,-62.99128182450241
23102300000.0,-62.34428614535033
23107298333.3,-62.6850533327483
23112296666.7,-62.332001343182284
23117295000.0,-61.86686140924643
23122293333.3,-61.938692275203515
23127291666.7,-62.40647575002427
23132290000.0,-62.157448043601406
23137288333.3,-63.26310605488992
23142286666.7,-62.61811071111859
23147285000.0,-62.6207773972027
23152283333.3,-62.72744429734377
23157281666.7,-62.39873455488001
23162280000.0,-62.24400701445937
23167278333.3,-62.88854306459679
23172276666.7,-63.315859676922074
23177275000.0,-62.73555680032875
23182273333.3,-62.797737131809754
23187271666.7,-62.644608244948536
23192270000.0,-62.52027632816963
23197268333.3,-62.17431690586113
23202266666.7,-62.20000661548254
23207265000.0,-61.50155382005116
23212263333.3,-62.5804802347553
23217261666.7,-62.21013513072582
23222260000.0,-62.43921567634356
23227258333.3,-62.26977266008507
23232256666.7,-62.50471980512862
23237255000.0,-62.12491010094869
23242253333.3,-62.47372584282985
23247251666.7,-62.02530864775942
23252250000.0,-61.630438452832365
23257248333.3,-61.746510793739056
23262246666.7,-61.72932821405687
23267245000.0,-61.94436411587452
23272243333.3,-61.764414132036336
23277241666.7,-62.02826810866952
23282240000.0,-61.86797291679638
23287238333.3,-62.94498905131996
23292236666.7,-62.60413091589125
23297235000.0,-62.61965726529184
23302233333.3,-61.468462506499115
23307231666.7,-62.06191884548158
23312230000.0,-62.663835437426755
23317228333.3,-62.32426003505487
23322226666.7,-61.73242198095348
23327225000.0,-62.67147039617571
23332223333.3,-62.98178203485214
23337221666.7,-62.51882961482039
23342220000.0,-62.455461182585964
23347218333.3,-62.19435782140643
23352216666.7,-61.560218555875146
23357215000.0,-61.87254730456382
23362213333.3,-62.44577928438632
23367211666.7,-62.97988550920272
23372210000.0,-62.61987973284509
23377208333.3,-61.83984859400215
23382206666.7,-61.884350630434
23387205000.0,-62.80331919258227
23392203333.3,-62.67662688918708
23397201666.7,-62.02951735171019
23402200000.0,-62.43030009237886
23407198333.3,-61.81975261790215
23412196666.7,-61.994657405485285
23417195000.0,-61.66660433584986
23422193333.3,-62.266175151097855
23427191666.7,-62.36169881660306
23432190000.0,-62.44652032663248
23437188333.3,-61.67433061477661
23442186666.7,-62.16684705228309
23447185000.0,-61.72351823512802
23452183333.3,-62.107485304865904
23457181666.7,-61.424153600085674
23462180000.0,-62.06301149755231
23467178333.3,-62.040672284657205
23472176666.7,-62.49541292634528
23477175000.0,-61.97034598954505
23482173333.3,-61.97323679218868
23487171666.7,-61.77522679461955
23492170000.0,-62.613469433471735
23497168333.3,-62.199477853195866
23502166666.7,-61.41176801763216
23507165000.0,-61.75151228854361
23512163333.3,-62.21705413368844
23517161666.7,-61.93374719936334
23522160000.0,-62.132478645003175
23527158333.3,-62.00413582414146
23532156666.7,-61.93068411529708
23537155000.0,-62.58660721243267
23542153333.3,-62.17846739538181
23547151666.7,-63.12895910326983
23552150000.0,-63.15317637251912
23557148333.3,-62.86106323921831
23562146666.7,-62.74076895971269
23567145000.0,-62.66402040870866
23572143333.3,-62.09820909998779
23577141666.7,-62.35635291000204
23582140000.0,-61.44179993636261
23587138333.3,-61.94681882895213
23592136666.7,-61.67012207179176
23597135000.0,-61.75118218293225
23602133333.3,-61.77981225377224
23607131666.7,-61.77414176180319
23612130000.0,-61.26040353178325
23617128333.3,-61.247227575593385
23622126666.7,-61.42733447871422
23627125000.0,-61.90641251312861
23632123333.3,-61.126980093841354
23637121666.7,-61.65059506579934
23642120000.0,-62.06845695595146
23647118333.3,-62.03986511875676
23652116666.7,-61.56142058843385
23657115000.0,-61.78201724222498
23662113333.3,-61.00845044869893
23667111666.7,-61.11147932233699
23672110000.0,-61.455034175351095
23677108333.3,-60.925305123287316
23682106666.7,-61.13108951522062
23687105000.0,-61.68684821472609
23692103333.3,-61.46678136198385
23697101666.7,-61.221164518759316
23702100000.0,-61.69827711035465
23707098333.3,-61.011820693107275
23712096666.7,-61.370208670198224
23717095000.0,-61.593423133551624
23722093333.3,-61.21681834121833
23727091666.7,-62.27336942580201
23732090000.0,-62.07749927690144
23737088333.3,-62.55727656883188
23742086666.7,-61.76361469980512
23747085000.0,-62.55888239977351
23752083333.3,-61.10981899815719
23757081666.7,-61.21451661404319
23762080000.0,-61.28118010494978
23767078333.3,-62.28840606129451
23772076666.7,-61.75639435385285
23777075000.0,-61.524646027889005
23782073333.3,-61.901790135014394
23787071666.7,-61.90969224866058
23792070000.0,-61.88285631678998
23797068333.3,-62.25095892178929
23802066666.7,-61.81879093144416
23807065000.0,-61.85209630779546
23812063333.3,-61.79925754619046
23817061666.7,-61.64133157464478
23822060000.0,-61.44526854026314
23827058333.3,-61.770446520611
23832056666.7,-61.36119442101144
23837055000.0,-61.477608502653
23842053333.3,-61.152582478481236
23847051666.7,-61.000708666070466
23852050000.0,-61.166525124484615
23857048333.3,-60.76977277408855
23862046666.7,-61.12792625807083
23867045000.0,-61.10677779768784
23872043333.3,-61.678936924539556
23877041666.7,-61.416911064910735
23882040000.0,-62.05010979363054
23887038333.3,-61.838156953819535
23892036666.7,-61.05923781827934
23897035000.0,-62.193651507312154
23902033333.3,-61.02460797830218
23907031666.7,-61.367470907813754
23912030000.0,-61.793709166254125
23917028333.3,-61.272777908184864
23922026666.7,-61.74507302185652
23927025000.0,-61.24173020041339
23932023333.3,-60.29888612050521
23937021666.7,-60.99133698478835
23942020000.0,-61.184016243905944
23947018333.3,-60.44559639924355
23952016666.7,-61.7688405468872
23957015000.0,-61.94874451604254
23962013333.3,-62.010093379561226
23967011666.7,-62.60508737129234
23972010000.0,-61.545006760684366
23977008333.3,-62.22077276580161
23982006666.7,-61.77413787616729
23987005000.0,-62.50417330820397
23992003333.3,-62.01580264656782
23997001666.7,-60.893434138565794
24002000000.0,-62.48295273364383
24006998333.3,-61.73184372472261
24011996666.7,-60.91443979319881
24016995000.0,-62.34454324224167
24021993333.3,-62.962727244850996
24026991666.7,-59.30241841277461
24031990000.0,-61.25131722526254
24036988333.3,-59.774516889739935
24041986666.7,-60.03232417364208
24046985000.0,-62.87513169345501
24051983333.3,-61.42789468179781
24056981666.7,-61.700315225711535
24061980000.0,-61.11803213799517
24066978333.3,-64.00447502699373
24071976666.7,-62.372408299419575
24076975000.0,-59.17763767945233
24081973333.3,-60.03950923112485
24086971666.7,-59.555452934981616
24091970000.0,-59.769136522167734
24096968333.3,-60.230003058635006
24101966666.7,-60.04897218254996
24106965000.0,-61.533565513115185
24111963333.3,-61.794366259763194
24116961666.7,-61.50734431669716
24121960000.0,-60.38495947427292
24126958333.3,-60.97123863760477
24131956666.7,-62.93543062033835
24136955000.0,-61.39193044883541
24141953333.3,-59.522597872023354
24146951666.7,-60.65139097679099
24151950000.0,-60.0387696614208
24156948333.3,-60.63170990386552
24161946666.7,-62.429649968564746
24166945000.0,-61.783246584599596
24171943333.3,-60.16337345333434
24176941666.7,-59.77481095061062
24181940000.0,-58.693497046431546
24186938333.3,-61.42371765478907
24191936666.7,-59.69184665795268
24196935000.0,-60.34799286238969
24201933333.3,-61.43562847761346
24206931666.7,-61.62136015642825
24211930000.0,-61.46784926206333
24216928333.3,-64.65076866828262
24221926666.7,-64.22999647369282
24226925000.0,-62.41463299644994
24231923333.3,-61.536142811850006
24236921666.7,-62.57034889335847
24241920000.0,-61.955465565653604
24246918333.3,-64.8414649733081
24251916666.7,-64.51922529479282
24256915000.0,-62.78425498042228
24261913333.3,-60.48947655202195
24266911666.7,-62.308469763183716
24271910000.0,-60.94407136590101
24276908333.3,-62.449781330891064
24281906666.7,-60.74004719734005
24286905000.0,-61.28455866641634
24291903333.3,-60.596191274857844
24296901666.7,-62.87382445072224
24301900000.0,-62.73336535454155
24306898333.3,-62.81536715891919
24311896666.7,-60.443787707852046
24316895000.0,-61.30255211113968
24321893333.3,-61.211537547162266
24326891666.7,-60.80436075544582
24331890000.0,-60.34355528408442
24336888333.3,-61.44852964307813
24341886666.7,-59.29655723897309
24346885000.0,-61.078560170680404
24351883333.3,-59.69326693631864
24356881666.7,-59.995280635628646
24361880000.0,-57.779493942436496
24366878333.3,-58.714133374554905
24371876666.7,-59.09352162513133
24376875000.0,-60.102198623965215
24381873333.3,-61.910767999614336
24386871666.7,-59.989429076139714
24391870000.0,-61.827589926830726
24396868333.3,-61.0847881544354
24401866666.7,-62.807914276562336
24406865000.0,-62.750209977588945
24411863333.3,-62.237862998536414
24416861666.7,-63.803991653745825
24421860000.0,-61.93048035857507
24426858333.3,-60.38996295090588
24431856666.7,-61.02069666304195
24436855000.0,-59.1278566288183
24441853333.3,-60.816915678578994
24446851666.7,-58.46686866495481
24451850000.0,-59.51681913284883
24456848333.3,-63.02011252431058
24461846666.7,-60.396029053453084
24466845000.0,-61.9918628002459
24471843333.3,-60.98422474896877
24476841666.7,-61.05459878797885
24481840000.0,-61.628138136734975
24486838333.3,-60.666278547599305
24491836666.7,-62.89534877071589
24496835000.0,-62.09337751730838
24501833333.3,-60.68030329620897
24506831666.7,-63.237432150654215
24511830000.0,-61.184750552857075
24516828333.3,-62.40982953352929
24521826666.7,-61.97408555030399
24526825000.0,-62.6004675543724
24531823333.3,-62.43111994403368
24536821666.7,-60.70377117092085
24541820000.0,-61.67922323905003
24546818333.3,-60.276865421555996
24551816666.7,-61.675619723758324
24556815000.0,-61.03220953572421
24561813333.3,-61.27602492677643
24566811666.7,-61.069449151677446
24571810000.0,-61.608156334972406
24576808333.3,-62.90380863361609
24581806666.7,-61.63194932019632
24586805000.0,-61.02890297980974
24591803333.3,-61.79225252445306
24596801666.7,-58.467980177338525
24601800000.0,-60.40240771473019
24606798333.3,-61.504344759438965
24611796666.7,-61.768068899797186
24616795000.0,-61.25957696759091
24621793333.3,-62.49509732430636
24626791666.7,-59.479809789090794
24631790000.0,-59.5758663402772
24636788333.3,-61.60530655781461
24641786666.7,-61.167818126304006
24646785000.0,-60.228957671837726
24651783333.3,-58.605086010055906
24656781666.7,-59.26570107089633
24661780000.0,-59.42154439831904
24666778333.3,-61.25168165454283
24671776666.7,-61.31145711952538
24676775000.0,-61.16020036049999
24681773333.3,-61.5560837949409
24686771666.7,-60.31667164987177
24691770000.0,-60.93078578030847
24696768333.3,-60.330354086519534
24701766666.7,-60.98575820893973
24706765000.0,-60.010839922511884
24711763333.3,-61.19189529363523
24716761666.7,-59.73754265841216
24721760000.0,-60.59439224292603
24726758333.3,-62.440414943827996
24731756666.7,-61.02525483263832
24736755000.0,-59.60162874950177
24741753333.3,-62.67223652385256
24746751666.7,-62.38479964295819
24751750000.0,-61.465018090270114
24756748333.3,-62.15793135769918
24761746666.7,-60.8863218912896
24766745000.0,-62.31171652786655
24771743333.3,-61.6920525258256
24776741666.7,-62.26776225961504
24781740000.0,-60.077145760690925
24786738333.3,-59.39658848031574
24791736666.7,-62.21171699635683
24796735000.0,-60.69776356182825
24801733333.3,-62.44334985720137
24806731666.7,-60.358634236269026
24811730000.0,-61.35719627886992
24816728333.3,-61.00287559958332
24821726666.7,-62.305611125610305
24826725000.0,-62.05521322272158
24831723333.3,-60.76548198846959
24836721666.7,-61.80469728813381
24841720000.0,-63.26990877009913
24846718333.3,-61.547322516288546
24851716666.7,-61.987091252576306
24856715000.0,-61.32179709646432
24861713333.3,-60.24659919520124
24866711666.7,-60.89240168285366
24871710000.0,-60.848721165984486
24876708333.3,-60.5973341527916
24881706666.7,-59.48075088012875
24886705000.0,-59.157055556684135
24891703333.3,-62.715678274645796
24896701666.7,-58.93053175454628
24901700000.0,-59.64086676343311
24906698333.3,-60.57986351208378
24911696666.7,-60.31684066479084
24916695000.0,-62.16531101203154
24921693333.3,-62.65201687372933
24926691666.7,-60.29979727447119
24931690000.0,-63.595854617989104
24936688333.3,-63.04126771902662
24941686666.7,-61.02390024223514
24946685000.0,-62.18110762065087
24951683333.3,-62.020221314265825
24956681666.7,-61.690608237636454
24961680000.0,-60.218410355099564
24966678333.3,-61.0191173588617
24971676666.7,-60.32877529310001
24976675000.0,-62.469912714146105
24981673333.3,-62.09554631393213
24986671666.7,-60.584901610429384
24991670000.0,-60.445792242005
24996668333.3,-63.54560502756786
25001666666.7,-61.439838433000695
25006665000.0,-61.75767363499762
25011663333.3,-62.2451369912682
25016661666.7,-62.1579846440331
25021660000.0,-63.569738201710344
25026658333.3,-61.9521731109394
25031656666.7,-62.53615820988101
25036655000.0,-61.56075315833772
25041653333.3,-62.79991063168269
25046651666.7,-62.688748386754554
25051650000.0,-64.62707613679596
25056648333.3,-62.61734325409791
25061646666.7,-62.13284348419386
25066645000.0,-61.913272957224635
25071643333.3,-61.58340881416264
25076641666.7,-61.58476470009226
25081640000.0,-60.51649846385586
25086638333.3,-62.33825860469729
25091636666.7,-65.22375428049205
25096635000.0,-63.40267571417861
25101633333.3,-62.74771324334286
25106631666.7,-61.423706561496346
25111630000.0,-61.018898137727305
25116628333.3,-62.14950683023485
25121626666.7,-61.90603863655835
25126625000.0,-61.67805503682569
25131623333.3,-63.060092033284704
25136621666.7,-61.10441276650512
25141620000.0,-60.686560255832646
25146618333.3,-61.503862214523714
25151616666.7,-61.240591918700915
25156615000.0,-59.71704905313806
25161613333.3,-65.27085545706919
25166611666.7,-60.018048002504656
25171610000.0,-61.533136547360044
25176608333.3,-62.345682385943135
25181606666.7,-61.42455494397835
25186605000.0,-61.191385111342704
25191603333.3,-62.41165309642267
25196601666.7,-61.863528508604126
25201600000.0,-63.313581238663744
25206598333.3,-63.664187899815175
25211596666.7,-61.09057399044844
25216595000.0,-60.14408051447204
25221593333.3,-61.807295882383066
25226591666.7,-60.71020692266248
25231590000.0,-61.53464117602848
25236588333.3,-62.77476770873329
25241586666.7,-60.685836306747774
25246585000.0,-62.28147793032639
25251583333.3,-63.17550491967074
25256581666.7,-62.106557887673546
25261580000.0,-62.25200188708093
25266578333.3,-62.086318840184866
25271576666.7,-62.22263499523659
25276575000.0,-64.4165371684149
25281573333.3,-64.79011697118844
25286571666.7,-62.07856516706636
25291570000.0,-62.35266866074066
25296568333.3,-61.56235459060667
25301566666.7,-61.286370191451915
25306565000.0,-63.30994192205863
25311563333.3,-60.698972683040544
25316561666.7,-62.16633360683596
25321560000.0,-63.48941218651604
25326558333.3,-63.308001384171
25331556666.7,-61.16331098365112
25336555000.0,-60.63297470463664
25341553333.3,-64.1784836398802
25346551666.7,-62.079958549189094
25351550000.0,-62.44752203652777
25356548333.3,-62.10223608718564
25361546666.7,-63.09977588212271
25366545000.0,-63.34278113011976
25371543333.3,-62.33527396799279
25376541666.7,-63.75641129828797
25381540000.0,-65.12595153043294
25386538333.3,-63.37530336615285
25391536666.7,-63.03546920953268
25396535000.0,-64.88574338077045
25401533333.3,-60.10892845320996
25406531666.7,-61.22159153414654
25411530000.0,-63.07466433771597
25416528333.3,-62.914098931479344
25421526666.7,-61.983182675111266
25426525000.0,-63.369429475668035
25431523333.3,-61.894976024641565
25436521666.7,-62.191197941792176
25441520000.0,-62.57520642335989
25446518333.3,-63.76311893044484
25451516666.7,-68.30314365117653
25456515000.0,-62.57807258717232
25461513333.3,-64.44284530103756
25466511666.7,-61.83522533493735
25471510000.0,-61.7152327841448
25476508333.3,-60.38964026693802
25481506666.7,-62.96345952062178
25486505000.0,-62.208101886948484
25491503333.3,-60.51628269420632
25496501666.7,-63.16867108236543
25501500000.0,-61.68649913047699
25506498333.3,-61.95611875741156
25511496666.7,-62.76724686073273
25516495000.0,-60.39369971787341
25521493333.3,-63.22361706661616
25526491666.7,-61.25081761495639
25531490000.0,-64.12751391612056
25536488333.3,-64.61042045108675
25541486666.7,-64.85545906462823
25546485000.0,-61.38837854356244
25551483333.3,-60.980866110244335
25556481666.7,-62.80533893692389
25561480000.0,-63.12501006210533
25566478333.3,-61.97076340414625
25571476666.7,-58.95709908781657
25576475000.0,-62.88086555114674
25581473333.3,-63.2645377016365
25586471666.7,-60.97751468322674
25591470000.0,-60.6103181788571
25596468333.3,-61.55179724264745
25601466666.7,-63.84907352448147
25606465000.0,-63.34461839765126
25611463333.3,-63.017777715257274
25616461666.7,-63.289867729642594
25621460000.0,-60.7046546165826
25626458333.3,-62.192711673278254
25631456666.7,-63.088701191286695
25636455000.0,-64.48850922444393
25641453333.3,-60.79393069017377
25646451666.7,-60.79495427417872
25651450000.0,-60.59214608065996
25656448333.3,-62.566420073284206
25661446666.7,-62.70444666820119
25666445000.0,-60.67293215792131
25671443333.3,-62.56667257807257
25676441666.7,-63.66809544803645
25681440000.0,-62.205034521742455
25686438333.3,-63.65109081052226
25691436666.7,-61.222434757265546
25696435000.0,-64.87183146009242
25701433333.3,-62.94485379000044
25706431666.7,-62.927550901489255
25711430000.0,-61.44358247701176
25716428333.3,-63.25248382923029
25721426666.7,-62.50292472795178
25726425000.0,-62.73055826431853
25731423333.3,-63.33481824398821
25736421666.7,-62.11257648506777
25741420000.0,-62.16009223902995
25746418333.3,-60.12768717734523
25751416666.7,-61.93801605590221
25756415000.0,-61.17766258781885
25761413333.3,-59.402674176011274
25766411666.7,-63.03377462534429
25771410000.0,-64.05904519886693
25776408333.3,-61.931553640473346
25781406666.7,-60.54728996701969
25786405000.0,-63.916991342619
25791403333.3,-63.898816565093355
25796401666.7,-62.54021593485457
25801400000.0,-61.072460469979866
25806398333.3,-60.74843310731847
25811396666.7,-61.591104813534486
25816395000.0,-62.409213301452795
25821393333.3,-61.28802685925655
25826391666.7,-59.919635647263796
25831390000.0,-62.147076097203566
25836388333.3,-60.79081698819294
25841386666.7,-60.55174532985211
25846385000.0,-62.684141140989986
25851383333.3,-60.605342872124346
25856381666.7,-60.99852598494217
25861380000.0,-60.938243826730954
25866378333.3,-62.12997603773629
25871376666.7,-62.48709606836988
25876375000.0,-64.82612977051807
25881373333.3,-63.185880520673194
25886371666.7,-63.10169555815061
25891370000.0,-62.4876435891695
25896368333.3,-62.1280356863339
25901366666.7,-64.86276469853576
25906365000.0,-64.22230035098998
25911363333.3,-63.738214076733314
25916361666.7,-61.975840085974845
25921360000.0,-61.48914488582575
25926358333.3,-62.45349321588905
25931356666.7,-63.505821121521066
25936355000.0,-60.557868975945
25941353333.3,-61.946466480015864
25946351666.7,-62.265119095865145
25951350000.0,-64.4079999800559
25956348333.3,-61.563401401420144
25961346666.7,-65.44713126662786
25966345000.0,-60.97679866191477
25971343333.3,-59.81857916874585
25976341666.7,-61.53860906253283
25981340000.0,-65.04258437132931
25986338333.3,-61.97893945613912
25991336666.7,-63.31703070118455
25996335000.0,-63.266671161952246
26001333333.3,-60.08299500263885
26006331666.7,-60.993685182319986
26011330000.0,-61.49679459105197
26016328333.3,-61.093338968024995
26021326666.7,-62.78857341772134
26026325000.0,-61.638608408270834
26031323333.3,-63.51505222325613
26036321666.7,-62.25769410803299
26041320000.0,-62.873087758235535
26046318333.3,-61.076363576481185
26051316666.7,-63.24452463169013
26056315000.0,-60.987694745347135
26061313333.3,-62.192967222575405
26066311666.7,-61.47510664071632
26071310000.0,-61.770585667619436
26076308333.3,-64.08948203675153
26081306666.7,-62.15200201455186
26086305000.0,-60.119552867786524
26091303333.3,-61.326512212911936
26096301666.7,-60.87442562264439
26101300000.0,-61.958946475263744
26106298333.3,-63.27914831916897
26111296666.7,-63.00923192248487
26116295000.0,-62.60708154997582
26121293333.3,-60.68805178741535
26126291666.7,-62.776903058484294
26131290000.0,-62.2998030755858
26136288333.3,-65.43236018049512
26141286666.7,-62.78071034720597
26146285000.0,-62.181457215198954
26151283333.3,-61.33265646969746
26156281666.7,-62.665092838323815
26161280000.0,-62.4445981435415
26166278333.3,-62.371034835312486
26171276666.7,-60.39840484202927
26176275000.0,-61.09875710550553
26181273333.3,-59.774590596385394
26186271666.7,-60.57419197091317
26191270000.0,-62.829753162865956
26196268333.3,-63.30675820666275
26201266666.7,-66.48553828386258
26206265000.0,-62.622088909761544
26211263333.3,-63.73428703313745
26216261666.7,-61.63805120081277
26221260000.0,-62.154652183807016
26226258333.3,-61.87086671280238
26231256666.7,-62.63419216506903
26236255000.0,-61.615290042827624
26241253333.3,-61.999538128938056
26246251666.7,-63.79722221962475
26251250000.0,-60.463946393387396
26256248333.3,-60.071090685365746
26261246666.7,-59.671926874884946
26266245000.0,-60.26154317708019
26271243333.3,-61.940355482430476
26276241666.7,-60.54104921757147
26281240000.0,-61.22905162708814
26286238333.3,-60.907109206554644
26291236666.7,-62.14433315929591
26296235000.0,-61.5445939743043
26301233333.3,-60.61431652107341
26306231666.7,-59.968336426289
26311230000.0,-64.88691813193785
26316228333.3,-63.846824020986254
26321226666.7,-61.512597811569876
26326225000.0,-63.581754338306375
26331223333.3,-61.32186575094784
26336221666.7,-63.54721027512075
26341220000.0,-62.4401803659509
26346218333.3,-61.15580081978437
26351216666.7,-59.89429533196453
26356215000.0,-62.52217744991295
26361213333.3,-65.15793964913004
26366211666.7,-62.8578453054234
26371210000.0,-62.17249877404906
26376208333.3,-64.65426687637989
26381206666.7,-65.18057710302975
26386205000.0,-61.90845339827898
26391203333.3,-63.46170953563599
26396201666.7,-63.141707534783855
26401200000.0,-65.37555796615229
26406198333.3,-65.36888952243746
26411196666.7,-65.52221361134325
26416195000.0,-64.18556910023312
26421193333.3,-63.96252074395499
26426191666.7,-63.37627446214586
26431190000.0,-62.70829203926933
26436188333.3,-60.578614016348894
26441186666.7,-60.83313728660255
26446185000.0,-61.20151414365576
26451183333.3,-62.11228397118377
26456181666.7,-61.86589182077456
26461180000.0,-61.051503083369724
26466178333.3,-62.901640831944086
26471176666.7,-62.33740293028014
26476175000.0,-64.01058882656197
26481173333.3,-62.19709711371928
26486171666.7,-63.02283644647972
26491170000.0,-62.65861824171998
26496168333.3,-62.62375441840257
26501166666.7,-63.47443592512856
26506165000.0,-61.79366336673252
26511163333.3,-60.81961644236002
26516161666.7,-62.07149645089818
26521160000.0,-61.569223800269924
26526158333.3,-60.73694346070151
26531156666.7,-60.435798451022606
26536155000.0,-60.332379123407364
26541153333.3,-60.60933055053964
26546151666.7,-62.89831135022591
26551150000.0,-60.89916465818681
26556148333.3,-60.8453111989732
26561146666.7,-63.641346592857104
26566145000.0,-60.76556877542279
26571143333.3,-62.319756376924424
26576141666.7,-61.53665887442516
26581140000.0,-61.59892596935683
26586138333.3,-62.72768936952342
26591136666.7,-64.2001073767888
26596135000.0,-61.82129402884505
26601133333.3,-62.03766073654032
26606131666.7,-60.72929916560889
26611130000.0,-60.68991436273726
26616128333.3,-59.855606206133835
26621126666.7,-60.452711803132445
26626125000.0,-64.11983639487711
26631123333.3,-61.473140447735304
26636121666.7,-61.73971893487328
26641120000.0,-61.82433246523986
26646118333.3,-63.180373210629256
26651116666.7,-62.82304891374843
26656115000.0,-63.706593441284866
26661113333.3,-63.018073567162446
26666111666.7,-64.46333289944388
26671110000.0,-64.27854746782292
26676108333.3,-61.56903204481814
26681106666.7,-63.12703313645311
26686105000.0,-61.14116171375417
26691103333.3,-61.41969999923411
26696101666.7,-61.676319000382655
26701100000.0,-61.7016473916804
26706098333.3,-60.11951296315089
26711096666.7,-61.204059380013625
26716095000.0,-61.10480095938684
26721093333.3,-61.387936502703695
26726091666.7,-60.9259453165797
26731090000.0,-63.28467565180651
26736088333.3,-62.99103724031082
26741086666.7,-64.20206873987377
26746085000.0,-61.656854348847816
26751083333.3,-62.726991088157796
26756081666.7,-63.9713713670561
26761080000.0,-62.14610227191504
26766078333.3,-59.880665489983215
26771076666.7,-60.361043747160224
26776075000.0,-63.07832847450308
26781073333.3,-60.659868463453634
26786071666.7,-61.21099511630932
26791070000.0,-61.026994686021396
26796068333.3,-59.90545153422001
26801066666.7,-61.33559419058169
26806065000.0,-60.70431214873764
26811063333.3,-60.729919467160194
26816061666.7,-60.13080591643703
26821060000.0,-59.5513904741849
26826058333.3,-63.180922376330955
26831056666.7,-62.17288720057533
26836055000.0,-62.11876286841943
26841053333.3,-61.95544211874244
26846051666.7,-64.25001973638989
26851050000.0,-61.09137425095642
26856048333.3,-61.23334551200399
26861046666.7,-61.64384015467144
26866045000.0,-61.33312668582675
26871043333.3,-60.36306191216951
26876041666.7,-61.24695360582897
26881040000.0,-63.31118369727566
26886038333.3,-59.69111140947662
26891036666.7,-60.413426956849364
26896035000.0,-59.20302365149429
26901033333.3,-60.40196968111087
26906031666.7,-61.263062206059644
26911030000.0,-61.65499125492995
26916028333.3,-61.66930700953109
26921026666.7,-60.86544551630596
26926025000.0,-62.230352966644354
26931023333.3,-61.16159837135888
26936021666.7,-59.99892044518784
26941020000.0,-60.71835276055928
26946018333.3,-60.79763803360226
26951016666.7,-62.315628018193706
26956015000.0,-61.65575588284905
26961013333.3,-59.56725031790309
26966011666.7,-60.97519656307356
26971010000.0,-61.4232626314613
26976008333.3,-59.74712366045473
26981006666.7,-62.08404108037841
26986005000.0,-63.07439015527214
26991003333.3,-60.13657296308104
26996001666.7,-62.306410459302995
27001000000.0,-62.11630726760806
27005998333.3,-60.579200995248314
27010996666.7,-61.669523173114634
27015995000.0,-61.090664360284464
27020993333.3,-61.0287904146982
27025991666.7,-60.84224654320752
27030990000.0,-60.764200382859514
27035988333.3,-61.06554092718124
27040986666.7,-59.80381531686285
27045985000.0,-61.281835173243024
27050983333.3,-60.58552002235941
27055981666.7,-61.06242745549051
27060980000.0,-63.51286675075408
27065978333.3,-61.948922826837425
27070976666.7,-62.041210661154544
27075975000.0,-63.45310651236825
27080973333.3,-63.88957631356048
27085971666.7,-63.58432477769759
27090970000.0,-63.96240283421234
27095968333.3,-60.81895764644329
27100966666.7,-63.12643499838643
27105965000.0,-62.29798675124986
27110963333.3,-64.12089610908062
27115961666.7,-62.97360798024335
27120960000.0,-61.186509156689894
27125958333.3,-61.980394227072175
27130956666.7,-62.61238232448741
27135955000.0,-62.395364609638186
27140953333.3,-61.619969006236346
27145951666.7,-62.016136925982686
27150950000.0,-61.11766059669915
27155948333.3,-61.78542188866125
27160946666.7,-62.003345744047195
27165945000.0,-62.14765909000584
27170943333.3,-63.13035176589597
27175941666.7,-60.79873026397281
27180940000.0,-63.175506019262116
27185938333.3,-63.315068022349536
27190936666.7,-60.9151020809164
27195935000.0,-62.37916131331171
27200933333.3,-62.456077970411826
27205931666.7,-61.97891595435688
27210930000.0,-62.424602127019185
27215928333.3,-63.91677991694013
27220926666.7,-61.489437035825524
27225925000.0,-60.107342230115286
27230923333.3,-59.6813019410877
27235921666.7,-62.12094771157653
27240920000.0,-62.71721079115645
27245918333.3,-62.404743579775534
27250916666.7,-65.59006827479433
27255915000.0,-63.10917607505334
27260913333.3,-64.51289210325648
27265911666.7,-62.15148611069131
27270910000.0,-63.88642982259686
27275908333.3,-61.761886360093825
27280906666.7,-63.351937896406284
27285905000.0,-63.721415202236244
27290903333.3,-61.67589397814017
27295901666.7,-63.12822917505666
27300900000.0,-61.27094173984184
27305898333.3,-60.09002630466442
27310896666.7,-62.49315951319487
27315895000.0,-60.6574150427437
27320893333.3,-63.270538412922726
27325891666.7,-62.951828467406756
27330890000.0,-62.25113918036033
27335888333.3,-62.08822521163416
27340886666.7,-63.532493510752616
27345885000.0,-63.51172184926824
27350883333.3,-62.5106916782685
27355881666.7,-65.10211158594133
27360880000.0,-63.7083162260498
27365878333.3,-62.97919303457788
27370876666.7,-63.01166900001962
27375875000.0,-62.644834198410216
27380873333.3,-61.79969110475059
27385871666.7,-61.263747423958925
27390870000.0,-60.54969824029021
27395868333.3,-64.35615944761412
27400866666.7,-61.695139447572714
27405865000.0,-61.96789998980499
27410863333.3,-63.10454941866796
27415861666.7,-64.18356553398895
27420860000.0,-60.52553840124145
27425858333.3,-62.64963746887507
27430856666.7,-63.26425491952779
27435855000.0,-64.73163560031759
27440853333.3,-63.21804200019601
27445851666.7,-62.31603061547803
27450850000.0,-62.24301734999056
27455848333.3,-62.76766654181654
27460846666.7,-62.573658644744874
27465845000.0,-61.901787784024656
27470843333.3,-61.69621570961074
27475841666.7,-60.83156616703433
27480840000.0,-60.38799633920698
27485838333.3,-64.28232944165445
27490836666.7,-61.629656307847824
27495835000.0,-62.748116467725545
27500833333.3,-65.05047997765409
27505831666.7,-63.8815553031337
27510830000.0,-62.09414202386113
27515828333.3,-64.06185465639199
27520826666.7,-65.01884775152799
27525825000.0,-61.936352348999634
27530823333.3,-64.83763832954088
27535821666.7,-64.71061782881323
27540820000.0,-61.53781917370853
27545818333.3,-62.09668070308042
27550816666.7,-62.67282883321424
27555815000.0,-60.44563737229781
27560813333.3,-60.18992806879175
27565811666.7,-61.176038688514836
27570810000.0,-63.12787614438997
27575808333.3,-61.18799026588766
27580806666.7,-61.830916311088295
27585805000.0,-62.176618222237046
27590803333.3,-61.06593239041557
27595801666.7,-61.99805484539606
27600800000.0,-60.060989645154976
27605798333.3,-60.67376114768414
27610796666.7,-60.22548363513628
27615795000.0,-62.02176367555111
27620793333.3,-62.66278374421127
27625791666.7,-61.77166512430372
27630790000.0,-63.146952230290935
27635788333.3,-63.06858902947863
27640786666.7,-59.803297069893546
27645785000.0,-60.358682049735336
27650783333.3,-60.460607505601644
27655781666.7,-61.45443189743919
27660780000.0,-61.70102509269427
27665778333.3,-60.763894405392406
27670776666.7,-61.01314958979607
27675775000.0,-61.72157468356368
27680773333.3,-61.339014488059604
27685771666.7,-62.64077593968396
27690770000.0,-62.727822945332676
27695768333.3,-63.703820510276195
27700766666.7,-62.924060995060316
27705765000.0,-61.30993019132469
27710763333.3,-61.93106630877081
27715761666.7,-61.92212801683597
27720760000.0,-63.57695790981191
27725758333.3,-62.8065326233539
27730756666.7,-61.451531882782724
27735755000.0,-61.75027529668667
27740753333.3,-60.754701600080125
27745751666.7,-64.44762654003887
27750750000.0,-61.28918797472031
27755748333.3,-61.29125588609835
27760746666.7,-62.705697734667424
27765745000.0,-61.10437359518099
27770743333.3,-62.8914147408192
27775741666.7,-62.335784055904085
27780740000.0,-61.87196925061233
27785738333.3,-63.83253304494052
27790736666.7,-61.21995926890126
27795735000.0,-60.4582426546245
27800733333.3,-61.90989448423444
27805731666.7,-63.92853480043069
27810730000.0,-62.164893156947954
27815728333.3,-61.69729729414868
27820726666.7,-60.70490353810072
27825725000.0,-61.31921590808937
27830723333.3,-62.64653392163125
27835721666.7,-60.691377737451795
27840720000.0,-61.66930842033787
27845718333.3,-62.06388553110497
27850716666.7,-62.15857690453417
27855715000.0,-61.9397102719022
27860713333.3,-65.13331384641857
27865711666.7,-62.48237279519833
27870710000.0,-62.67020436109692
27875708333.3,-63.22061883809305
27880706666.7,-63.84967663456732
27885705000.0,-63.070604018974564
27890703333.3,-61.24970295395569
27895701666.7,-62.649124861699484
27900700000.0,-61.83568686611089
27905698333.3,-60.442545359520956
27910696666.7,-60.129114326260584
27915695000.0,-60.00487850754156
27920693333.3,-60.703836214151785
27925691666.7,-63.14522511354551
27930690000.0,-63.193631727629736
27935688333.3,-61.02394007249295
27940686666.7,-63.22937940102754
27945685000.0,-60.52063042205145
27950683333.3,-62.70948563669957
27955681666.7,-62.26557184456642
27960680000.0,-62.689982078576065
27965678333.3,-61.66439590180126
27970676666.7,-62.678054951141675
27975675000.0,-63.65541730818062
27980673333.3,-61.98384227088
27985671666.7,-60.57423933709201
27990670000.0,-62.76299272755195
27995668333.3,-62.5467907523162
28000666666.7,-61.296439281926325
28005665000.0,-62.26171776621847
28010663333.3,-62.4654762687753
28015661666.7,-64.28436892159174
28020660000.0,-63.57839676653013
28025658333.3,-62.514129234186385
28030656666.7,-63.45279491036625
28035655000.0,-63.5890344290165
28040653333.3,-62.777322959641026
28045651666.7,-63.61394058076728
28050650000.0,-63.61816154263138
28055648333.3,-64.49447577734601
28060646666.7,-62.49755256676295
28065645000.0,-63.449331055392754
28070643333.3,-63.331931688248645
28075641666.7,-63.51183336718057
28080640000.0,-62.797324084306894
28085638333.3,-63.40215581793062
28090636666.7,-65.38562758952692
28095635000.0,-64.09927477441003
28100633333.3,-63.44535858876515
28105631666.7,-63.137909901721486
28110630000.0,-62.01872013848768
28115628333.3,-63.41315436021432
28120626666.7,-63.98987908345218
28125625000.0,-64.73764833353484
28130623333.3,-63.2105216898895
28135621666.7,-62.536174055968566
28140620000.0,-63.84886052250621
28145618333.3,-61.87159708342414
28150616666.7,-61.40170904375136
28155615000.0,-63.22792822749392
28160613333.3,-63.97970747689784
28165611666.7,-61.86631301795415
28170610000.0,-60.70506810041721
28175608333.3,-61.810949112053805
28180606666.7,-63.02116780633491
28185605000.0,-61.75846298495248
28190603333.3,-62.31260641659038
28195601666.7,-63.437288970301026
28200600000.0,-61.38251843134371
28205598333.3,-63.0944811610821
28210596666.7,-61.28475560170452
28215595000.0,-63.7811594582744
28220593333.3,-60.698523548978855
28225591666.7,-63.33581328711786
28230590000.0,-62.806471278376215
28235588333.3,-62.987271431115346
28240586666.7,-63.78833118018436
28245585000.0,-62.419779420224074
28250583333.3,-61.94430677522557
28255581666.7,-62.50470492955404
28260580000.0,-63.8213539320455
28265578333.3,-62.66540986912237
28270576666.7,-63.288816241496974
28275575000.0,-62.163784148656795
28280573333.3,-62.49302597896272
28285571666.7,-64.02209755448649
28290570000.0,-62.78598862970442
28295568333.3,-63.92149320331722
28300566666.7,-64.00831772363921
28305565000.0,-63.83597657581217
28310563333.3,-62.99613417805893
28315561666.7,-63.390243642104
28320560000.0,-66.7262010712446
28325558333.3,-62.772841534690365
28330556666.7,-63.233680950103306
28335555000.0,-62.64591342019652
28340553333.3,-64.38741378211306
28345551666.7,-62.01071960500833
28350550000.0,-62.638041823037504
28355548333.3,-63.21536481492493
28360546666.7,-64.35599038461535
28365545000.0,-62.63753517664733
28370543333.3,-62.428861805819466
28375541666.7,-63.22739822189526
28380540000.0,-63.17331984892291
28385538333.3,-62.198968201269864
28390536666.7,-63.22491308850677
28395535000.0,-63.32243306844887
28400533333.3,-62.14536737352675
28405531666.7,-61.9818818272215
28410530000.0,-61.79037423435777
28415528333.3,-60.71507713454855
28420526666.7,-61.425618384554774
28425525000.0,-61.2915512463498
28430523333.3,-61.51217735253106
28435521666.7,-61.240535814320445
28440520000.0,-61.48860595635757
28445518333.3,-63.15500233185152
28450516666.7,-63.32313352867182
28455515000.0,-60.97592460687523
28460513333.3,-62.75980497010538
28465511666.7,-61.700192637430426
28470510000.0,-62.056844064976445
28475508333.3,-61.71266958156015
28480506666.7,-60.06157266958587
28485505000.0,-61.27893541792503
28490503333.3,-59.97093140785405
28495501666.7,-61.01031832984644
28500500000.0,-60.2063749302566
28505498333.3,-62.160003446940415
28510496666.7,-61.0925588961165
28515495000.0,-62.01244578913466
28520493333.3,-62.26776427033357
28525491666.7,-62.84847615275573
28530490000.0,-62.247300637659535
28535488333.3,-61.73942655568172
28540486666.7,-62.566320423211096
28545485000.0,-60.32414445329052
28550483333.3,-61.71419978119857
28555481666.7,-62.18467056996965
28560480000.0,-62.014870500238644
28565478333.3,-62.029140082314846
28570476666.7,-61.96674781118595
28575475000.0,-60.180481879470946
28580473333.3,-63.78848608206104
28585471666.7,-61.4765464587023
28590470000.0,-62.455503373776324
28595468333.3,-61.01140131691109
28600466666.7,-63.425687300777874
28605465000.0,-62.24912862192355
28610463333.3,-62.11269358136198
28615461666.7,-61.38807911204846
28620460000.0,-62.382425957693705
28625458333.3,-61.6302724029158
28630456666.7,-64.20402266399347
28635455000.0,-61.56605808699229
28640453333.3,-62.715008763752955
28645451666.7,-63.675899292928335
28650450000.0,-61.29953585926956
28655448333.3,-62.20662870325071
28660446666.7,-62.070148298675406
28665445000.0,-59.830062750891464
28670443333.3,-62.96230041958992
28675441666.7,-59.7654208367365
28680440000.0,-63.37476172335674
28685438333.3,-62.53403316084381
28690436666.7,-64.39366369422495
28695435000.0,-61.8325020314643
28700433333.3,-62.194578620353305
28705431666.7,-62.481532343900966
28710430000.0,-60.92108595056634
28715428333.3,-63.601295661133
28720426666.7,-62.361958582763776
28725425000.0,-62.51935115358893
28730423333.3,-62.58117764331337
28735421666.7,-62.01298786901784
28740420000.0,-62.9358313071712
28745418333.3,-62.468487817428084
28750416666.7,-62.00353224295296
28755415000.0,-61.30963481532379
28760413333.3,-61.29468902208618
28765411666.7,-62.84938366123728
28770410000.0,-60.928846785127995
28775408333.3,-60.80579607360911
28780406666.7,-63.802863294345514
28785405000.0,-64.14175647887184
28790403333.3,-61.02821887903958
28795401666.7,-63.47946712456064
28800400000.0,-62.98914006696862
28805398333.3,-63.17650117137699
28810396666.7,-63.365778438050896
28815395000.0,-63.336398250575876
28820393333.3,-62.424116459674664
28825391666.7,-65.2254536752331
28830390000.0,-62.01559620701587
28835388333.3,-62.41592140427218
28840386666.7,-61.29987287850905
28845385000.0,-60.94245197453817
28850383333.3,-62.66870558742713
28855381666.7,-61.90142745857813
28860380000.0,-61.41223385542406
28865378333.3,-61.970526635520315
28870376666.7,-62.62803260166103
28875375000.0,-63.56367617420746
28880373333.3,-62.03815413846823
28885371666.7,-62.522504424695136
28890370000.0,-62.82237415184753
28895368333.3,-61.1744967453981
28900366666.7,-62.40033470880546
28905365000.0,-64.3782428156442
28910363333.3,-62.60645636276614
28915361666.7,-62.86903018863177
28920360000.0,-63.76462053941122
28925358333.3,-61.856133696253046
28930356666.7,-62.292194267769005
28935355000.0,-62.04748458912201
28940353333.3,-64.28671576566694
28945351666.7,-62.714571742174314
28950350000.0,-64.37993477821861
28955348333.3,-64.53414851750232
28960346666.7,-63.467761072821034
28965345000.0,-63.68832030872208
28970343333.3,-64.89692852841662
28975341666.7,-63.270520564371786
28980340000.0,-66.82848267539657
28985338333.3,-62.56513311512941
28990336666.7,-63.46344167680938
28995335000.0,-63.09854943703315
29000333333.3,-63.72446730497114
29005331666.7,-62.986400498190555
29010330000.0,-62.231813746442896
29015328333.3,-62.209470217895586
29020326666.7,-64.13612158551692
29025325000.0,-63.99931658122242
29030323333.3,-62.76735860776646
29035321666.7,-61.32377951021538
29040320000.0,-61.83365015506944
29045318333.3,-63.1577766643262
29050316666.7,-62.805965218537345
29055315000.0,-62.66804451919769
29060313333.3,-62.649839959846425
29065311666.7,-65.076717845996
29070310000.0,-64.07864061282426
29075308333.3,-63.12878708162755
29080306666.7,-61.77261004169004
29085305000.0,-62.143292286157
29090303333.3,-60.122034064179594
29095301666.7,-65.21928009046226
29100300000.0,-62.67922791329957
29105298333.3,-64.46346733551542
29110296666.7,-63.457677466821934
29115295000.0,-61.21045294626421
29120293333.3,-63.2542977057075
29125291666.7,-66.08407314773777
29130290000.0,-63.636102446542715
29135288333.3,-62.23594740833582
29140286666.7,-65.73315547645176
29145285000.0,-63.89378684508714
29150283333.3,-62.10199890010949
29155281666.7,-64.32247787817721
29160280000.0,-65.17953532661738
29165278333.3,-62.969691216625506
29170276666.7,-63.211588111650876
29175275000.0,-62.074384206057715
29180273333.3,-64.01076274153186
29185271666.7,-62.50183490066618
29190270000.0,-62.712855886482885
29195268333.3,-62.07089324841964
29200266666.7,-64.90037302142991
29205265000.0,-61.18579334060922
29210263333.3,-63.67333657458151
29215261666.7,-64.48690632886549
29220260000.0,-65.04296379081744
29225258333.3,-62.96436547718639
29230256666.7,-63.2071470153656
29235255000.0,-61.63894683138117
29240253333.3,-62.42287031377171
29245251666.7,-62.02594636390535
29250250000.0,-62.18145925817812
29255248333.3,-64.48651765930778
29260246666.7,-62.70221155202804
29265245000.0,-61.22632556642689
29270243333.3,-61.54277774689149
29275241666.7,-65.49808683807873
29280240000.0,-64.34882547475954
29285238333.3,-62.883668210341526
29290236666.7,-62.3692438003806
29295235000.0,-63.84625616585065
29300233333.3,-64.48619655800192
29305231666.7,-63.516940661626
29310230000.0,-65.08498956021141
29315228333.3,-64.83564308759044
29320226666.7,-65.19535941818927
29325225000.0,-62.34981364432948
29330223333.3,-63.95514028235671
29335221666.7,-62.82639159737308
29340220000.0,-63.324500219267954
29345218333.3,-66.59684861251199
29350216666.7,-63.91996794636273
29355215000.0,-62.51057675245468
29360213333.3,-64.12224992207646
29365211666.7,-62.26968300902844
29370210000.0,-63.598492021457446
29375208333.3,-64.77720800710028
29380206666.7,-64.64415802420318
29385205000.0,-62.24366667168109
29390203333.3,-63.59351328400055
29395201666.7,-63.85692353341596
29400200000.0,-67.06961991162599
29405198333.3,-64.75274773173376
29410196666.7,-65.57489678191408
29415195000.0,-64.50968752644803
29420193333.3,-62.11762627636464
29425191666.7,-64.23084717628986
29430190000.0,-64.52475327133862
29435188333.3,-63.38887480311212
29440186666.7,-64.62142350370027
29445185000.0,-62.924351381204595
29450183333.3,-64.18899702342573
29455181666.7,-62.6541833693339
29460180000.0,-63.37638969801817
29465178333.3,-64.46344260642246
29470176666.7,-65.20964569371996
29475175000.0,-63.512393851016085
29480173333.3,-65.12026052928478
29485171666.7,-63.464861222923055
29490170000.0,-66.43552232115465
29495168333.3,-64.53715468154509
29500166666.7,-66.73372260693345
29505165000.0,-65.8047020734619
29510163333.3,-62.695306118831255
29515161666.7,-64.93953171252491
29520160000.0,-62.799074625225785
29525158333.3,-62.640797157339364
29530156666.7,-62.6927695683516
29535155000.0,-62.95825800416804
29540153333.3,-62.915275908804695
29545151666.7,-62.1313531264268
29550150000.0,-63.049007115986996
29555148333.3,-62.46323902761443
29560146666.7,-66.41586111830048
29565145000.0,-62.06562483377566
29570143333.3,-62.95704437446296
29575141666.7,-69.3445332847391
29580140000.0,-65.32680779288837
29585138333.3,-64.25694935411079
29590136666.7,-62.64117107243432
29595135000.0,-62.324918148875625
29600133333.3,-66.57212594614329
29605131666.7,-64.33849594570461
29610130000.0,-63.27944936821736
29615128333.3,-63.36370366865927
29620126666.7,-62.115643437548876
29625125000.0,-65.01560280193684
29630123333.3,-63.60547139380873
29635121666.7,-65.47444895287506
29640120000.0,-62.56856113676169
29645118333.3,-65.68093755487057
29650116666.7,-64.31392394432498
29655115000.0,-66.02050323081856
29660113333.3,-66.30362622224153
29665111666.7,-64.09145021801139
29670110000.0,-66.60881785114255
29675108333.3,-64.15722404169176
29680106666.7,-65.31076963926351
29685105000.0,-64.29353564652452
29690103333.3,-64.27915651231976
29695101666.7,-63.4123183688883
29700100000.0,-63.11012512142735
29705098333.3,-62.902965023120686
29710096666.7,-64.81947732582921
29715095000.0,-66.7120951573703
29720093333.3,-66.90021079408476
29725091666.7,-65.6593073496438
29730090000.0,-66.2112777511899
29735088333.3,-66.58468122056715
29740086666.7,-63.02415234528116
29745085000.0,-64.32962170418702
29750083333.3,-65.4738566040857
29755081666.7,-63.06112243431543
29760080000.0,-65.76190207800136
29765078333.3,-62.65768008892862
29770076666.7,-65.67034103137067
29775075000.0,-64.57181380485652
29780073333.3,-63.838049225172384
29785071666.7,-62.44826198714614
29790070000.0,-64.52406169772891
29795068333.3,-63.98028503057279
29800066666.7,-67.09960188099186
29805065000.0,-63.43039226259644
29810063333.3,-63.33021626519692
29815061666.7,-65.19518311556189
29820060000.0,-66.69512116620822
29825058333.3,-69.02616651236762
29830056666.7,-66.57498591193112
29835055000.0,-64.80084696068222
29840053333.3,-65.77190528456765
29845051666.7,-63.16821942146994
29850050000.0,-64.10811753675335
29855048333.3,-65.89970928216897
29860046666.7,-65.66365112690141
29865045000.0,-65.1166399315514
29870043333.3,-66.18408072698227
29875041666.7,-64.09712907993777
29880040000.0,-63.73858024610658
29885038333.3,-63.23353081273163
29890036666.7,-65.2336055062371
29895035000.0,-63.15755976272441
29900033333.3,-64.51765540901658
29905031666.7,-64.04882131753597
29910030000.0,-65.23914566398807
29915028333.3,-66.24493398380092
29920026666.7,-67.7404345994867
29925025000.0,-66.50519080390606
29930023333.3,-64.9972923471039
29935021666.7,-65.78338177751564
29940020000.0,-65.79693879192426
29945018333.3,-64.0578289524432
29950016666.7,-69.81155167019996
29955015000.0,-64.71040926706095
29960013333.3,-67.3117555330625
29965011666.7,-63.400371437408474
29970010000.0,-63.35855958834471
29975008333.3,-65.55097213459246
29980006666.7,-69.42961296881731
29985005000.0,-69.68677084978133
29990003333.3,-68.36301903495416
29995001666.7,-69.2708261566334
30000000000.0,-67.45655886293864
