Frequency_Hz,Magnitude_dB
10000000.0,-53.31780989327563
14998333.3333,-71.06369750485737
19996666.6667,-60.62965838953161
24995000.0,-66.59447721636222
29993333.3333,-61.50322214747631
34991666.6667,-61.942995823369586
39990000.0,-64.84254934226442
44988333.3333,-61.31013687210343
49986666.6667,-63.13416091349203
54985000.0,-63.14925093257577
59983333.3333,-61.47694319185721
64981666.6667,-64.64905119237724
69980000.0,-62.0557809208932
74978333.3333,-63.30325506876094
79976666.6667,-63.960708960441366
84975000.0,-61.83932167767756
89973333.3333,-60.33865259848666
94971666.6667,-65.07355695400271
99970000.0,-65.64396839801294
104968333.333,-63.94209244793145
109966666.667,-62.029382115201194
114965000.0,-65.21339853262513
119963333.333,-63.80146412020069
124961666.667,-61.68788861594181
129960000.0,-63.4228041811463
134958333.333,-61.795803445996484
139956666.667,-63.677527796722046
144955000.0,-62.70072712055885
149953333.333,-61.38907215077759
154951666.667,-64.42106214287749
159950000.0,-63.30654161945184
164948333.333,-63.241295108066794
169946666.667,-63.94083334886221
174945000.0,-64.95122100870005
179943333.333,-62.89557038570727
184941666.667,-62.7157383575015
189940000.0,-66.1383685036628
194938333.333,-62.64815418383259
199936666.667,-63.920583216169995
204935000.0,-64.8413210833821
209933333.333,-64.18616752045924
214931666.667,-64.52970810049327
219930000.0,-64.3122049277614
224928333.333,-65.84107331719872
229926666.667,-63.81552525849045
234925000.0,-64.79104802023109
239923333.333,-63.96847703521448
244921666.667,-63.3390143335583
249920000.0,-63.414973170636976
254918333.333,-64.03107703326158
259916666.667,-63.61448624364286
264915000.0,-62.62584596266706
269913333.333,-64.04936905970057
274911666.667,-66.13538787920886
279910000.0,-68.45094323535211
284908333.333,-65.51123988365828
289906666.667,-64.59242839199524
294905000.0,-66.56667143927339
299903333.333,-64.63555986454311
304901666.667,-65.13891268688901
309900000.0,-64.2544468425177
314898333.333,-65.04401040234052
319896666.667,-65.17573284526608
324895000.0,-64.02469986318029
329893333.333,-65.23482095001935
334891666.667,-65.41780543351636
339890000.0,-63.819630204578104
344888333.333,-66.1087960207222
349886666.667,-63.61833734571925
354885000.0,-65.16460621630331
359883333.333,-63.3722204957219
364881666.667,-64.26287956883577
369880000.0,-65.78781262770063
374878333.333,-64.45348972959573
379876666.667,-67.56356689063134
384875000.0,-63.17269671906166
389873333.333,-64.70008544642714
394871666.667,-65.1420683703239
399870000.0,-65.235457685864
404868333.333,-63.54575234310563
409866666.667,-65.29043735078963
414865000.0,-63.67076343731186
419863333.333,-63.55166177956888
424861666.667,-65.28369660483611
429860000.0,-64.03233603666527
434858333.333,-64.33542405232656
439856666.667,-65.49991982861906
444855000.0,-65.53967650653364
449853333.333,-64.47789144358539
454851666.667,-64.86090281099438
459850000.0,-63.728152087091786
464848333.333,-63.69189068525388
469846666.667,-63.86800327224064
474845000.0,-64.49832017148663
479843333.333,-64.1785902911278
484841666.667,-65.74209135125157
489840000.0,-64.14301510603232
494838333.333,-63.01643503137336
499836666.667,-64.99426857809678
504835000.0,-65.61471694753762
509833333.333,-62.966504352287416
514831666.667,-63.47687851439687
519830000.0,-63.89484272362263
524828333.333,-65.74083179505226
529826666.667,-64.37902259563583
534825000.0,-63.9819472627036
539823333.333,-63.56887127645563
544821666.667,-64.02649851313149
549820000.0,-64.06850377472071
554818333.333,-64.51951875938508
559816666.667,-65.18630162270111
564815000.0,-63.89300924171679
569813333.333,-65.04217581209544
574811666.667,-63.31206972088868
579810000.0,-64.40145715983957
584808333.333,-63.534223103449364
589806666.667,-64.58277609070684
594805000.0,-65.10387217058981
599803333.333,-63.96274327822229
604801666.667,-64.43217684483297
609800000.0,-63.65870225487168
614798333.333,-64.02055909077635
619796666.667,-63.949989729557345
624795000.0,-64.08126936362454
629793333.333,-63.69292402311224
634791666.667,-64.48530805317658
639790000.0,-64.08027802307276
644788333.333,-63.25552126020341
649786666.667,-62.97152932217176
654785000.0,-64.19645519269658
659783333.333,-63.13562669263027
664781666.667,-63.78658122877778
669780000.0,-63.41373182908147
674778333.333,-63.457220836916036
679776666.667,-64.34611052921801
684775000.0,-64.67230329060054
689773333.333,-64.03659800772468
694771666.667,-65.22826539622983
699770000.0,-64.60784201716622
704768333.333,-63.89425134180986
709766666.667,-63.54958742811898
714765000.0,-64.17587397456805
719763333.333,-63.81333086374828
724761666.667,-65.05483631822071
729760000.0,-64.4431150729697
734758333.333,-64.11058757593848
739756666.667,-63.64531406528114
744755000.0,-64.36346838712205
749753333.333,-65.03597214320453
754751666.667,-65.47338778181842
759750000.0,-64.62383680244734
764748333.333,-63.3361794397445
769746666.667,-63.85611673446361
774745000.0,-63.8625508833793
779743333.333,-63.41632403771999
784741666.667,-63.25430990396428
789740000.0,-63.548532197602356
794738333.333,-63.83293103428482
799736666.667,-63.62056455462954
804735000.0,-64.07952160052477
809733333.333,-64.20721860523143
814731666.667,-63.665460976596904
819730000.0,-62.78309763693218
824728333.333,-63.27264329445065
829726666.667,-63.96365103534564
834725000.0,-63.144462843346815
839723333.333,-62.83898010690486
844721666.667,-63.04194191006812
849720000.0,-65.0521888793959
854718333.333,-63.77765196174494
859716666.667,-63.07431544108246
864715000.0,-64.39988598017105
869713333.333,-64.0717748207238
874711666.667,-62.6058758428023
879710000.0,-63.80442468441742
884708333.333,-63.460192366797436
889706666.667,-63.95707875877101
894705000.0,-64.12423061777807
899703333.333,-63.27338340117969
904701666.667,-63.344523315336176
909700000.0,-62.862926922511136
914698333.333,-64.38707153425361
919696666.667,-63.11088663441566
924695000.0,-64.12553173174558
929693333.333,-63.16082735703766
934691666.667,-62.71939581715544
939690000.0,-63.505817311103065
944688333.333,-63.729786899675815
949686666.667,-63.710217628284994
954685000.0,-64.32674021415554
959683333.333,-63.80146450096842
964681666.667,-63.775808596739346
969680000.0,-63.41399175905493
974678333.333,-63.61011885622467
979676666.667,-63.81257107295721
984675000.0,-63.53830960940619
989673333.333,-62.89606519796088
994671666.667,-63.915007288859755
999670000.0,-64.1644980241004
1004668333.33,-63.38680348693494
1009666666.67,-63.201308270944516
1014665000.0,-63.5166352148816
1019663333.33,-63.709152231605515
1024661666.67,-63.35387700496731
1029660000.0,-63.92854773557453
1034658333.33,-63.32205285207928
1039656666.67,-64.52240512548492
1044655000.0,-63.99135404605077
1049653333.33,-63.2731031413735
1054651666.67,-64.25166365762443
1059650000.0,-64.12092103040817
1064648333.33,-64.19541071163582
1069646666.67,-64.21164881914719
1074645000.0,-64.23687245582228
1079643333.33,-63.65260986248154
1084641666.67,-63.94318927112689
1089640000.0,-64.12052778627637
1094638333.33,-62.99634125526566
1099636666.67,-63.85698549007408
1104635000.0,-64.74043094529455
1109633333.33,-63.76615927637444
1114631666.67,-63.598460736264485
1119630000.0,-64.0637338798218
1124628333.33,-63.99291452774705
1129626666.67,-64.92265602599329
1134625000.0,-64.46687642087217
1139623333.33,-64.76278951132889
1144621666.67,-64.56064067029718
1149620000.0,-64.78945561928089
1154618333.33,-64.1863480416111
1159616666.67,-63.18599793013435
1164615000.0,-64.56448108692855
1169613333.33,-64.66502854260837
1174611666.67,-64.58560081260816
1179610000.0,-64.31618340506128
1184608333.33,-64.62881022078645
1189606666.67,-63.12482822390191
1194605000.0,-65.45519573656526
1199603333.33,-63.50433925081443
1204601666.67,-63.904246765960266
1209600000.0,-64.39275921217185
1214598333.33,-63.33587390239893
1219596666.67,-63.90245791610484
1224595000.0,-63.94399115425256
1229593333.33,-64.21485283783291
1234591666.67,-64.26026837209471
1239590000.0,-63.67080823595293
1244588333.33,-63.553208989759646
1249586666.67,-63.669367047359415
1254585000.0,-63.205987342646345
1259583333.33,-63.62485832169738
1264581666.67,-64.18265908711858
1269580000.0,-63.797049766267676
1274578333.33,-63.55275217288349
1279576666.67,-63.165734206378666
1284575000.0,-63.48647515175584
1289573333.33,-63.26294251936183
1294571666.67,-63.14746384285871
1299570000.0,-63.279562430472836
1304568333.33,-64.12896392350572
1309566666.67,-64.05220409480012
1314565000.0,-64.02666558471168
1319563333.33,-63.94861469472146
1324561666.67,-65.12394211091382
1329560000.0,-63.39797739622558
1334558333.33,-63.973605332239664
1339556666.67,-63.437438782416926
1344555000.0,-63.58642126434987
1349553333.33,-63.5218108999309
1354551666.67,-63.45606416338995
1359550000.0,-64.08359834578218
1364548333.33,-63.69018070044199
1369546666.67,-64.9648262941831
1374545000.0,-63.93110849841658
1379543333.33,-64.03842927878433
1384541666.67,-64.41773253265734
1389540000.0,-63.836731180890276
1394538333.33,-64.16517812514923
1399536666.67,-63.67247817428189
1404535000.0,-64.67431099321055
1409533333.33,-63.71178309537491
1414531666.67,-64.00558316595158
1419530000.0,-63.84922096062162
1424528333.33,-63.901492142116
1429526666.67,-62.777591415244
1434525000.0,-64.05281796753589
1439523333.33,-63.77646782647203
1444521666.67,-63.52915652496972
1449520000.0,-64.11253840342854
1454518333.33,-64.46084952808657
1459516666.67,-63.665161320886924
1464515000.0,-64.06017471375225
1469513333.33,-63.756616052109294
1474511666.67,-62.885949611467986
1479510000.0,-62.847388102708095
1484508333.33,-63.41354452727248
1489506666.67,-63.08562590966132
1494505000.0,-63.447179077955326
1499503333.33,-64.71893301741268
1504501666.67,-64.50698656691544
1509500000.0,-64.10757540652749
1514498333.33,-63.742665743834685
1519496666.67,-62.30635284469428
1524495000.0,-63.69192913128999
1529493333.33,-63.10852186690475
1534491666.67,-64.32232428888737
1539490000.0,-63.69591769930935
1544488333.33,-64.4909664094196
1549486666.67,-62.76626003129945
1554485000.0,-63.993973803084444
1559483333.33,-63.74945228146494
1564481666.67,-64.68208069081129
1569480000.0,-63.28365785607046
1574478333.33,-63.248606255193
1579476666.67,-64.68339198432226
1584475000.0,-64.34809940790504
1589473333.33,-63.44646287895051
1594471666.67,-64.14647725141248
1599470000.0,-66.23750635641595
1604468333.33,-64.77382317570844
1609466666.67,-63.58640693825117
1614465000.0,-64.18960114731925
1619463333.33,-63.468323026659334
1624461666.67,-63.60602243314557
1629460000.0,-64.20200471477315
1634458333.33,-64.2200898815908
1639456666.67,-63.559720264362355
1644455000.0,-65.03751141831914
1649453333.33,-62.76486305245078
1654451666.67,-63.9095066083437
1659450000.0,-63.69990393591573
1664448333.33,-64.83355525381342
1669446666.67,-63.864078649194205
1674445000.0,-64.0967127204641
1679443333.33,-63.500353736173345
1684441666.67,-64.80295869271698
1689440000.0,-64.57002635344372
1694438333.33,-64.42462279962365
1699436666.67,-64.70435818551353
1704435000.0,-65.48325257270079
1709433333.33,-64.50046067047897
1714431666.67,-63.94222834211587
1719430000.0,-63.65361340557197
1724428333.33,-65.14308424669598
1729426666.67,-64.23340635545357
1734425000.0,-64.90067970503475
1739423333.33,-65.61839518881195
1744421666.67,-64.70097896095314
1749420000.0,-63.708668511144786
1754418333.33,-63.71379222535843
1759416666.67,-63.237099000550586
1764415000.0,-64.83367111464534
1769413333.33,-63.587159674353266
1774411666.67,-64.74715315430441
1779410000.0,-64.84368438277728
1784408333.33,-64.2187316571239
1789406666.67,-64.06840274411836
1794405000.0,-63.990224661451514
1799403333.33,-64.03887393941034
1804401666.67,-63.804637169515466
1809400000.0,-64.6503811592643
1814398333.33,-63.21668915717317
1819396666.67,-64.82261682836364
1824395000.0,-64.5728740090165
1829393333.33,-63.75538969014352
1834391666.67,-64.05465894431981
1839390000.0,-64.43866156680862
1844388333.33,-64.2093294884818
1849386666.67,-63.90952704314082
1854385000.0,-64.82669839742178
1859383333.33,-64.03541455254683
1864381666.67,-63.97762733772909
1869380000.0,-64.51606926088027
1874378333.33,-64.5309049021344
1879376666.67,-64.40323746374789
1884375000.0,-64.25198938652451
1889373333.33,-64.47043324498141
1894371666.67,-64.51841426924683
1899370000.0,-63.85794878853047
1904368333.33,-64.17341612645431
1909366666.67,-64.61350789349167
1914365000.0,-65.03907071293483
1919363333.33,-65.19081430787418
1924361666.67,-63.284610692402985
1929360000.0,-65.08408766767656
1934358333.33,-64.17911508305431
1939356666.67,-64.87647602224718
1944355000.0,-64.09809070485495
1949353333.33,-63.774280953400115
1954351666.67,-64.31637919381835
1959350000.0,-63.72408017002037
1964348333.33,-64.45335478366755
1969346666.67,-65.27871219720501
1974345000.0,-63.94399428631354
1979343333.33,-64.33234561780432
1984341666.67,-63.37704017532005
1989340000.0,-63.785325713938654
1994338333.33,-64.1513813890783
1999336666.67,-64.84708403323748
2004335000.0,-64.41033842929018
2009333333.33,-65.4377373299221
2014331666.67,-65.03946809299414
2019330000.0,-64.11498582860374
2024328333.33,-64.9060863509963
2029326666.67,-64.22400604850482
2034325000.0,-64.34408328592377
2039323333.33,-63.569783496256036
2044321666.67,-64.61514496444005
2049320000.0,-64.57948400836598
2054318333.33,-64.12600916649033
2059316666.67,-64.4867971024252
2064315000.0,-64.74523897039353
2069313333.33,-65.22719393059491
2074311666.67,-65.11370374404427
2079310000.0,-64.25132255035628
2084308333.33,-64.42919367828675
2089306666.67,-63.52508809696261
2094305000.0,-64.35361082043231
2099303333.33,-65.61086171356492
2104301666.67,-64.3410972034243
2109300000.0,-64.16170120102178
2114298333.33,-63.92800818126754
2119296666.67,-63.83466852182386
2124295000.0,-65.553190457057
2129293333.33,-63.56970032595253
2134291666.67,-64.35169157977067
2139290000.0,-65.05169680454958
2144288333.33,-63.914219957679165
2149286666.67,-64.50798156186144
2154285000.0,-64.25223498450121
2159283333.33,-64.39996486646373
2164281666.67,-64.44817426737895
2169280000.0,-63.976289039657715
2174278333.33,-64.36038085413274
2179276666.67,-63.69008133760822
2184275000.0,-64.23421191532674
2189273333.33,-63.952599480165624
2194271666.67,-64.68830949111387
2199270000.0,-65.34672885612747
2204268333.33,-63.953347029298385
2209266666.67,-62.88559012030471
2214265000.0,-64.1252296348016
2219263333.33,-63.19753818628638
2224261666.67,-64.12092900800252
2229260000.0,-63.904742332872424
2234258333.33,-63.98956732154909
2239256666.67,-63.6504228487021
2244255000.0,-65.28994869288621
2249253333.33,-64.79262756209528
2254251666.67,-64.23456506283179
2259250000.0,-63.955862215246725
2264248333.33,-64.31462377629755
2269246666.67,-64.66981209885417
2274245000.0,-64.39698835316231
2279243333.33,-64.87115179605455
2284241666.67,-64.68837350336253
2289240000.0,-64.28733838883998
2294238333.33,-64.33736228125868
2299236666.67,-64.60851549894511
2304235000.0,-64.52238302528434
2309233333.33,-63.93214136889541
2314231666.67,-63.327913849606
2319230000.0,-63.095794999815816
2324228333.33,-64.87129611395466
2329226666.67,-63.58890954773095
2334225000.0,-64.48743861087421
2339223333.33,-64.09856934429877
2344221666.67,-63.700244613778914
2349220000.0,-64.6092437725504
2354218333.33,-64.12184726189398
2359216666.67,-64.72792518754657
2364215000.0,-64.9229790687569
2369213333.33,-64.17632151730494
2374211666.67,-64.61964859261973
2379210000.0,-64.22655738651193
2384208333.33,-63.79785894234763
2389206666.67,-65.34618677446689
2394205000.0,-64.86061359237632
2399203333.33,-63.54553676893162
2404201666.67,-63.01691948897386
2409200000.0,-63.90091952594463
2414198333.33,-63.30984748015859
2419196666.67,-64.16889352754356
2424195000.0,-64.01915963325855
2429193333.33,-63.92928309491535
2434191666.67,-64.03689790829874
2439190000.0,-63.94308673093289
2444188333.33,-64.26450521295996
2449186666.67,-63.52341583520405
2454185000.0,-64.56766597576643
2459183333.33,-63.70015585188455
2464181666.67,-63.54760667621954
2469180000.0,-63.789627834120125
2474178333.33,-63.40663633304318
2479176666.67,-64.50319517570358
2484175000.0,-65.21336971299142
2489173333.33,-63.60099930107413
2494171666.67,-63.92549455570263
2499170000.0,-64.26326153343236
2504168333.33,-63.0919948734822
2509166666.67,-63.83743320801791
2514165000.0,-63.760663371860645
2519163333.33,-62.717697147072975
2524161666.67,-63.68106799525834
2529160000.0,-62.762428704320754
2534158333.33,-64.42571977650223
2539156666.67,-63.595749186284614
2544155000.0,-64.16178297778238
2549153333.33,-63.34798855784982
2554151666.67,-63.967568076942186
2559150000.0,-63.68167658521203
2564148333.33,-63.26794973462994
2569146666.67,-63.731360840466195
2574145000.0,-63.90782040756244
2579143333.33,-64.1561555051321
2584141666.67,-64.05158476191703
2589140000.0,-63.68826937933392
2594138333.33,-63.91118483244668
2599136666.67,-63.491402663327406
2604135000.0,-63.97297913582814
2609133333.33,-63.19219121103197
2614131666.67,-63.63462238940244
2619130000.0,-63.8294260911735
2624128333.33,-64.1305424367911
2629126666.67,-63.33122240488541
2634125000.0,-63.706653427245534
2639123333.33,-63.58483863757235
2644121666.67,-63.93847496315154
2649120000.0,-64.22918112450284
2654118333.33,-63.92794016008132
2659116666.67,-63.64381626570143
2664115000.0,-65.33385394493719
2669113333.33,-63.807691023247216
2674111666.67,-64.01302191990682
2679110000.0,-62.982143927167726
2684108333.33,-63.20338950621733
2689106666.67,-63.922426778556904
2694105000.0,-62.90546595757493
2699103333.33,-63.45947556588495
2704101666.67,-63.757904460812384
2709100000.0,-64.09447752901764
2714098333.33,-63.56417297876638
2719096666.67,-63.906538259468704
2724095000.0,-63.374614969907235
2729093333.33,-63.42221150890387
2734091666.67,-62.977771637217124
2739090000.0,-63.194150585068655
2744088333.33,-64.10906912140443
2749086666.67,-64.08655541804747
2754085000.0,-63.6328497237544
2759083333.33,-63.71573206841088
2764081666.67,-63.54688536056268
2769080000.0,-63.32961175797627
2774078333.33,-63.2026066877434
2779076666.67,-63.00125998329824
2784075000.0,-62.93052323561888
2789073333.33,-63.50002324060896
2794071666.67,-63.55729067929606
2799070000.0,-63.33016497996852
2804068333.33,-63.414132081834815
2809066666.67,-63.03044316842669
2814065000.0,-63.66598965280724
2819063333.33,-63.35443349702238
2824061666.67,-63.7800188717906
2829060000.0,-63.51989043618062
2834058333.33,-63.999557192597216
2839056666.67,-63.81588775568063
2844055000.0,-63.40950884092272
2849053333.33,-63.923496850539195
2854051666.67,-63.5903469217658
2859050000.0,-63.26534161830583
2864048333.33,-62.72568084661722
2869046666.67,-63.6107200438629
2874045000.0,-62.76120400487211
2879043333.33,-64.73241276537857
2884041666.67,-64.13008057569523
2889040000.0,-63.17780929949198
2894038333.33,-63.430833311479155
2899036666.67,-63.94701800080146
2904035000.0,-63.007221205920885
2909033333.33,-63.98313769408408
2914031666.67,-63.3238784209959
2919030000.0,-63.48667418827173
2924028333.33,-63.21698925155806
2929026666.67,-63.49893911875638
2934025000.0,-63.642466908642945
2939023333.33,-63.59524056122534
2944021666.67,-64.18399245695542
2949020000.0,-63.0366804899209
2954018333.33,-63.49789840640604
2959016666.67,-63.4759466497854
2964015000.0,-63.446002817170154
2969013333.33,-62.54738340099081
2974011666.67,-63.270788460826786
2979010000.0,-64.07440532564566
2984008333.33,-63.411071805346666
2989006666.67,-63.18313525630578
2994005000.0,-63.375662227620644
2999003333.33,-63.60449609150891
3004001666.67,-63.50961382772908
3009000000.0,-63.252582789725594
3013998333.33,-64.27283601028684
3018996666.67,-64.22303109397662
3023995000.0,-63.62950548124428
3028993333.33,-63.27539282692973
3033991666.67,-63.340276756069905
3038990000.0,-63.02534844262812
3043988333.33,-62.481286781363245
3048986666.67,-63.26392932214374
3053985000.0,-63.11696082543654
3058983333.33,-62.70248721548579
3063981666.67,-63.23820297065051
3068980000.0,-63.833948902524256
3073978333.33,-64.10958721951823
3078976666.67,-63.69193338566013
3083975000.0,-63.08227806389969
3088973333.33,-63.27284417780804
3093971666.67,-62.98492813363066
3098970000.0,-63.1424694011626
3103968333.33,-62.79837293290381
3108966666.67,-63.27537077140952
3113965000.0,-63.58022905252365
3118963333.33,-63.92740463611982
3123961666.67,-62.70025745386884
3128960000.0,-62.86744493005243
3133958333.33,-62.82292188991718
3138956666.67,-61.849839968798044
3143955000.0,-62.30074984110688
3148953333.33,-62.52519729516287
3153951666.67,-62.88295106409063
3158950000.0,-62.53690079302131
3163948333.33,-62.57403657123287
3168946666.67,-62.84504617597059
3173945000.0,-62.62808821246367
3178943333.33,-62.70347512593703
3183941666.67,-62.65884316087704
3188940000.0,-62.5754239922818
3193938333.33,-62.51432025296141
3198936666.67,-62.95944600539504
3203935000.0,-63.004925106516694
3208933333.33,-63.42298135568502
3213931666.67,-63.558323226025955
3218930000.0,-62.33235737051622
3223928333.33,-63.396861947306775
3228926666.67,-63.17975970077623
3233925000.0,-62.54315230452523
3238923333.33,-62.04849052100991
3243921666.67,-62.90849529765791
3248920000.0,-62.86114800898824
3253918333.33,-63.451698184349425
3258916666.67,-63.37212854615604
3263915000.0,-63.72951602344506
3268913333.33,-62.71419294816554
3273911666.67,-63.63046600196032
3278910000.0,-62.90474902561101
3283908333.33,-62.807619363068625
3288906666.67,-63.23739101496447
3293905000.0,-63.40359990594563
3298903333.33,-63.62206759016856
3303901666.67,-63.23977247511432
3308900000.0,-62.93621035682959
3313898333.33,-62.02121480191245
3318896666.67,-62.73084041355535
3323895000.0,-62.647553820945845
3328893333.33,-62.83293534869578
3333891666.67,-62.51251899075912
3338890000.0,-63.42135941357131
3343888333.33,-62.8125405808239
3348886666.67,-62.42369915558388
3353885000.0,-62.350132070367636
3358883333.33,-62.2754191104627
3363881666.67,-61.87458687228801
3368880000.0,-62.02353142690207
3373878333.33,-62.25274237815466
3378876666.67,-62.759685622303046
3383875000.0,-62.35612849636469
3388873333.33,-63.24293471674991
3393871666.67,-62.07983586007182
3398870000.0,-61.966493932331694
3403868333.33,-62.67863392883549
3408866666.67,-62.03569235040103
3413865000.0,-62.74452636572587
3418863333.33,-62.73815507550274
3423861666.67,-62.245531315358626
3428860000.0,-63.02938747542585
3433858333.33,-63.11411757084666
3438856666.67,-62.78959528451699
3443855000.0,-62.37226221469059
3448853333.33,-62.39687605019515
3453851666.67,-62.265696922119176
3458850000.0,-62.79410661110769
3463848333.33,-62.243299478627975
3468846666.67,-62.53468544769647
3473845000.0,-62.19256937380915
3478843333.33,-62.78384114824746
3483841666.67,-62.5298959434841
3488840000.0,-61.56771355255985
3493838333.33,-62.48474446835638
3498836666.67,-62.14728804497399
3503835000.0,-62.30432255222833
3508833333.33,-62.373149639217246
3513831666.67,-62.68525084075391
3518830000.0,-62.64641240045219
3523828333.33,-62.23213507915354
3528826666.67,-62.435983009854766
3533825000.0,-62.737085228669535
3538823333.33,-62.31451111049311
3543821666.67,-61.914626446178545
3548820000.0,-62.15328104258476
3553818333.33,-62.57889643114825
3558816666.67,-62.11873726084648
3563815000.0,-62.63857756639211
3568813333.33,-61.93458254871104
3573811666.67,-61.11538765017306
3578810000.0,-62.43583123430536
3583808333.33,-62.56175378755286
3588806666.67,-62.25516038235011
3593805000.0,-62.05271841720822
3598803333.33,-62.65426091064694
3603801666.67,-62.45813397180628
3608800000.0,-62.451089271494766
3613798333.33,-61.828928668088565
3618796666.67,-62.36046119436835
3623795000.0,-62.30253536324878
3628793333.33,-61.73358167181006
3633791666.67,-62.33754828415677
3638790000.0,-62.19651590347328
3643788333.33,-63.27732513144694
3648786666.67,-61.179092877478745
3653785000.0,-62.0790371341171
3658783333.33,-61.79231809171376
3663781666.67,-62.321603691497735
3668780000.0,-61.521705735298575
3673778333.33,-62.117423597137325
3678776666.67,-61.971761501698836
3683775000.0,-62.27610969965121
3688773333.33,-61.89259136617136
3693771666.67,-62.32472183958518
3698770000.0,-62.621740763026644
3703768333.33,-62.29949970007486
3708766666.67,-62.467255610908474
3713765000.0,-62.938899740077716
3718763333.33,-62.19732705995685
3723761666.67,-62.72326710094291
3728760000.0,-61.46854008488336
3733758333.33,-62.50264170923833
3738756666.67,-62.64552473239176
3743755000.0,-62.47586007648479
3748753333.33,-62.12578114957324
3753751666.67,-63.3879982716877
3758750000.0,-62.166578724407906
3763748333.33,-62.18250272565365
3768746666.67,-62.56992738676204
3773745000.0,-63.10614655292679
3778743333.33,-62.47141060189151
3783741666.67,-62.45540658994451
3788740000.0,-61.88935208830859
3793738333.33,-62.350958540943786
3798736666.67,-61.74662521876131
3803735000.0,-62.60972480341151
3808733333.33,-61.87152648122107
3813731666.67,-62.36930007147344
3818730000.0,-62.45701426101463
3823728333.33,-62.27175013335749
3828726666.67,-61.738880359891525
3833725000.0,-61.48173709991545
3838723333.33,-61.89446434733522
3843721666.67,-61.71912103462298
3848720000.0,-62.209020245896276
3853718333.33,-61.02758194020193
3858716666.67,-61.29902817184426
3863715000.0,-61.7608007647219
3868713333.33,-61.703879004506206
3873711666.67,-61.82867395150013
3878710000.0,-61.95897998720568
3883708333.33,-60.83778259116454
3888706666.67,-61.077430632726475
3893705000.0,-61.36902853412504
3898703333.33,-62.09629310940257
3903701666.67,-61.38803452708338
3908700000.0,-61.347531420464456
3913698333.33,-61.429431465983
3918696666.67,-60.94508977688945
3923695000.0,-62.28456717417093
3928693333.33,-61.27835920065998
3933691666.67,-62.48069455648539
3938690000.0,-61.87773057478698
3943688333.33,-61.6967765312632
3948686666.67,-61.63389009298985
3953685000.0,-62.57265411910214
3958683333.33,-62.27323882454854
3963681666.67,-62.16543533544644
3968680000.0,-61.47365814833438
3973678333.33,-61.54533131166196
3978676666.67,-62.00408264377486
3983675000.0,-62.377437367781695
3988673333.33,-61.93765877906996
3993671666.67,-62.00794903379999
3998670000.0,-61.79315820036501
4003668333.33,-62.52781950125767
4008666666.67,-62.34101481331996
4013665000.0,-62.42882565488411
4018663333.33,-61.83867872694056
4023661666.67,-62.26247322801828
4028660000.0,-63.00548614792966
4033658333.33,-62.17546252056465
4038656666.67,-62.723286788242156
4043655000.0,-62.59380535461489
4048653333.33,-62.66671942565159
4053651666.67,-62.529880108683926
4058650000.0,-62.53875697288004
4063648333.33,-61.4016583539116
4068646666.67,-61.63046542308229
4073645000.0,-62.14580390675829
4078643333.33,-61.39087078534182
4083641666.67,-61.55460636806963
4088640000.0,-61.825033379141566
4093638333.33,-61.53220173767802
4098636666.67,-61.314710011802575
4103635000.0,-61.03574268401818
4108633333.33,-60.845193045816075
4113631666.67,-61.679086139288145
4118630000.0,-61.71660278162555
4123628333.33,-61.83192516786687
4128626666.67,-60.902704162863095
4133625000.0,-61.91911075258503
4138623333.33,-61.32586276058085
4143621666.67,-61.22215424429281
4148620000.0,-62.006589995638386
4153618333.33,-60.74025506869364
4158616666.67,-61.424696775919124
4163615000.0,-61.29582887619048
4168613333.33,-61.298755672010174
4173611666.67,-61.012718763077665
4178610000.0,-60.8122470099379
4183608333.33,-60.94340274508636
4188606666.67,-61.107932462764424
4193605000.0,-60.80973417943922
4198603333.33,-60.710750325060246
4203601666.67,-61.36393341089558
4208600000.0,-61.468458761112075
4213598333.33,-60.79793517461543
4218596666.67,-61.554742637710234
4223595000.0,-62.06833397598163
4228593333.33,-60.974552508311895
4233591666.67,-61.814641142693645
4238590000.0,-61.478583852698556
4243588333.33,-61.5736524824198
4248586666.67,-60.94509473001754
4253585000.0,-61.29241355306905
4258583333.33,-60.528238499582045
4263581666.67,-61.34509291785538
4268580000.0,-61.30330930070414
4273578333.33,-61.43475008515224
4278576666.67,-61.306764164784525
4283575000.0,-61.03153340470481
4288573333.33,-60.97301053679513
4293571666.67,-60.479473520674404
4298570000.0,-61.76197977354387
4303568333.33,-61.25883118272008
4308566666.67,-61.566851668352555
4313565000.0,-62.08246463675322
4318563333.33,-60.731448916089015
4323561666.67,-61.794337327517404
4328560000.0,-61.02189228875681
4333558333.33,-61.436543634418435
4338556666.67,-60.52687102663799
4343555000.0,-60.755951901022556
4348553333.33,-60.686163378312656
4353551666.67,-60.91567258697026
4358550000.0,-61.40634289075997
4363548333.33,-61.077082508315385
4368546666.67,-60.847670240018076
4373545000.0,-60.48125966481553
4378543333.33,-60.26643464295668
4383541666.67,-60.77227077121868
4388540000.0,-60.64485798528521
4393538333.33,-60.33210689907837
4398536666.67,-60.971340363523666
4403535000.0,-60.918449890664576
4408533333.33,-60.790188556753435
4413531666.67,-60.3691006790229
4418530000.0,-60.32704482085322
4423528333.33,-60.5923396574806
4428526666.67,-61.021907334485064
4433525000.0,-60.473102301185264
4438523333.33,-60.57561457761271
4443521666.67,-60.903460115127686
4448520000.0,-60.790022009520534
4453518333.33,-60.438680836635285
4458516666.67,-60.81409049677559
4463515000.0,-61.406489254052374
4468513333.33,-61.04671344781121
4473511666.67,-60.39834995775528
4478510000.0,-60.306455822599915
4483508333.33,-60.79818474474364
4488506666.67,-59.912998163682396
4493505000.0,-60.37133969197349
4498503333.33,-60.642327075019125
4503501666.67,-60.12095982178609
4508500000.0,-60.45696726639613
4513498333.33,-60.53858573082937
4518496666.67,-60.52037850411559
4523495000.0,-60.37328132505681
4528493333.33,-59.969834393290654
4533491666.67,-60.58775553638525
4538490000.0,-59.835902530575325
4543488333.33,-60.68388438660713
4548486666.67,-60.44643047631425
4553485000.0,-60.32350941967418
4558483333.33,-59.75228381410682
4563481666.67,-60.45723689518775
4568480000.0,-60.0650370528883
4573478333.33,-60.38216065337683
4578476666.67,-60.14100799128738
4583475000.0,-60.13102524752324
4588473333.33,-59.98475339383856
4593471666.67,-60.59590652413975
4598470000.0,-60.34293051661405
4603468333.33,-60.17428287179591
4608466666.67,-60.202415768811605
4613465000.0,-60.10813397264692
4618463333.33,-60.12137579652419
4623461666.67,-59.993349517455634
4628460000.0,-59.82987537023579
4633458333.33,-60.419303300269895
4638456666.67,-59.81723071774117
4643455000.0,-60.44601323376384
4648453333.33,-60.38768282922952
4653451666.67,-60.058764539356176
4658450000.0,-60.62858307474238
4663448333.33,-59.99050684918447
4668446666.67,-59.668303704403876
4673445000.0,-59.831907403680155
4678443333.33,-59.790152818652544
4683441666.67,-60.07874171120284
4688440000.0,-60.19149716300359
4693438333.33,-60.25533734621037
4698436666.67,-59.52011119753122
4703435000.0,-60.12580070476297
4708433333.33,-60.096100736407
4713431666.67,-59.91536639052525
4718430000.0,-60.11906716396342
4723428333.33,-59.93914399435287
4728426666.67,-60.186551598348075
4733425000.0,-60.22609223046959
4738423333.33,-59.99579889382044
4743421666.67,-60.269605023595105
4748420000.0,-60.14146509422137
4753418333.33,-60.00164178806813
4758416666.67,-60.0843296232133
4763415000.0,-59.64852571514748
4768413333.33,-59.45864017205801
4773411666.67,-59.805466612942226
4778410000.0,-60.13928155411004
4783408333.33,-59.51984776189165
4788406666.67,-59.69286535579383
4793405000.0,-59.941090947490096
4798403333.33,-59.34346420863098
4803401666.67,-59.19302574194215
4808400000.0,-59.46392315284168
4813398333.33,-58.9109718225287
4818396666.67,-59.940264859905135
4823395000.0,-59.30440868090039
4828393333.33,-59.73120347198825
4833391666.67,-59.500551282448264
4838390000.0,-59.71579014941966
4843388333.33,-59.810057893392646
4848386666.67,-59.50877001555699
4853385000.0,-59.1152829179467
4858383333.33,-59.206888151182504
4863381666.67,-59.5856960201007
4868380000.0,-59.360334621501835
4873378333.33,-59.63545064403691
4878376666.67,-59.812240964312494
4883375000.0,-59.41722417356296
4888373333.33,-59.173715967670645
4893371666.67,-59.5316714519733
4898370000.0,-59.344755834617864
4903368333.33,-59.69343789188055
4908366666.67,-59.47439231818962
4913365000.0,-59.78464476002645
4918363333.33,-59.58538847914685
4923361666.67,-59.25059983278906
4928360000.0,-59.32364556714471
4933358333.33,-59.32050862518436
4938356666.67,-59.089779800532895
4943355000.0,-58.83205425234912
4948353333.33,-59.02231659798211
4953351666.67,-58.937879203664764
4958350000.0,-59.18594996421479
4963348333.33,-59.30158971354463
4968346666.67,-58.81840749346119
4973345000.0,-59.286037589713175
4978343333.33,-59.24249505883963
4983341666.67,-59.78693387519118
4988340000.0,-58.71684482846156
4993338333.33,-59.0858027814763
4998336666.67,-58.94710069449537
5003335000.0,-58.97262703203271
5008333333.33,-58.91779455958595
5013331666.67,-59.032362094072646
5018330000.0,-58.81412219267736
5023328333.33,-58.793556347708325
5028326666.67,-58.78416812512774
5033325000.0,-58.8576613610673
5038323333.33,-58.68756296919243
5043321666.67,-58.351021661150455
5048320000.0,-58.892152332518215
5053318333.33,-58.82434983042848
5058316666.67,-58.861655649783195
5063315000.0,-59.20508521180209
5068313333.33,-58.968551488422605
5073311666.67,-58.95300952348557
5078310000.0,-58.46434365827867
5083308333.33,-58.7068195783855
5088306666.67,-58.552681317470665
5093305000.0,-58.99196558588073
5098303333.33,-59.01219091305359
5103301666.67,-58.89110593387456
5108300000.0,-58.731919602101776
5113298333.33,-58.71543585538358
5118296666.67,-58.34829015644295
5123295000.0,-58.331235369870726
5128293333.33,-58.25413634409383
5133291666.67,-58.67081758377918
5138290000.0,-58.649545868343395
5143288333.33,-58.81655172069806
5148286666.67,-58.35293967984591
5153285000.0,-58.60854979992435
5158283333.33,-58.90660494772699
5163281666.67,-58.35130139807877
5168280000.0,-58.187156085993266
5173278333.33,-58.98537833206593
5178276666.67,-58.466861603918126
5183275000.0,-58.57565262144207
5188273333.33,-58.683701644322156
5193271666.67,-58.08135396661669
5198270000.0,-58.86502336402057
5203268333.33,-58.65244272195601
5208266666.67,-58.20852611419782
5213265000.0,-58.248886195212904
5218263333.33,-58.016155513967156
5223261666.67,-58.43523310339397
5228260000.0,-58.12319101065508
5233258333.33,-58.344786724662036
5238256666.67,-58.620233344538086
5243255000.0,-58.60565656122762
5248253333.33,-58.387396373142025
5253251666.67,-58.35812076215217
5258250000.0,-58.535615625844684
5263248333.33,-58.70738228780638
5268246666.67,-58.43170607622123
5273245000.0,-58.637266017200474
5278243333.33,-57.91061613037547
5283241666.67,-58.33583972965574
5288240000.0,-58.447275078371405
5293238333.33,-58.71589271512768
5298236666.67,-58.212941087592895
5303235000.0,-58.23621756937285
5308233333.33,-58.090734999155416
5313231666.67,-58.34341757793719
5318230000.0,-58.01580327750817
5323228333.33,-57.939469670362584
5328226666.67,-58.52129306084358
5333225000.0,-58.10409833932194
5338223333.33,-57.99368667100523
5343221666.67,-58.48969709595057
5348220000.0,-57.97147882676767
5353218333.33,-57.998972086992275
5358216666.67,-58.4408989880533
5363215000.0,-57.59639827865545
5368213333.33,-58.18389159349461
5373211666.67,-58.124122141280466
5378210000.0,-57.89653587771524
5383208333.33,-58.479846003127626
5388206666.67,-58.032271004265745
5393205000.0,-58.47100497929638
5398203333.33,-58.433509960586925
5403201666.67,-57.98357152731292
5408200000.0,-58.06825090944615
5413198333.33,-58.41164156490062
5418196666.67,-57.811334712639294
5423195000.0,-58.24006847041333
5428193333.33,-58.6328612714328
5433191666.67,-58.13800509988938
5438190000.0,-58.251631801473934
5443188333.33,-58.853379157665145
5448186666.67,-58.31778684675431
5453185000.0,-57.917378378653325
5458183333.33,-57.98999524424471
5463181666.67,-58.125968042743246
5468180000.0,-58.24878797932825
5473178333.33,-58.16386447649742
5478176666.67,-58.65490789584041
5483175000.0,-58.09763941330364
5488173333.33,-58.355936872440985
5493171666.67,-58.02488979668125
5498170000.0,-58.24442094541635
5503168333.33,-58.194296420801095
5508166666.67,-57.79408509531402
5513165000.0,-58.342594586385886
5518163333.33,-58.11104472067196
5523161666.67,-57.7063693138969
5528160000.0,-58.391212933295435
5533158333.33,-57.942910376168165
5538156666.67,-57.7607886128936
5543155000.0,-57.667862552016686
5548153333.33,-57.68909001190298
5553151666.67,-57.36737540458947
5558150000.0,-57.656814990942486
5563148333.33,-58.22318395896208
5568146666.67,-57.641621098886574
5573145000.0,-57.861484437768446
5578143333.33,-58.039149740348186
5583141666.67,-57.57116921119639
5588140000.0,-57.754831682354315
5593138333.33,-57.704696734505056
5598136666.67,-57.5524511299719
5603135000.0,-58.010213864537675
5608133333.33,-58.1848371797103
5613131666.67,-57.88768441170863
5618130000.0,-57.866807316955196
5623128333.33,-58.042165722371514
5628126666.67,-57.92363053978402
5633125000.0,-57.854988885475045
5638123333.33,-57.794755262476286
5643121666.67,-57.95222532312919
5648120000.0,-58.008764019269904
5653118333.33,-57.895599924730504
5658116666.67,-57.82653118892195
5663115000.0,-58.29281222681307
5668113333.33,-58.308524909167204
5673111666.67,-58.0187507133615
5678110000.0,-57.65908670271668
5683108333.33,-57.95173254087474
5688106666.67,-57.69289091118991
5693105000.0,-57.6397758267795
5698103333.33,-57.93918945052787
5703101666.67,-57.33861105516071
5708100000.0,-57.40696598436792
5713098333.33,-57.43623464034138
5718096666.67,-57.680797981240985
5723095000.0,-57.40570211668651
5728093333.33,-57.3309202226178
5733091666.67,-57.42350807134177
5738090000.0,-57.59018669222152
5743088333.33,-57.296770382766454
5748086666.67,-58.0879721559097
5753085000.0,-57.560824766616136
5758083333.33,-57.318455574445494
5763081666.67,-57.60240456628313
5768080000.0,-57.414152446202074
5773078333.33,-57.44936683357124
5778076666.67,-57.47348047736199
5783075000.0,-57.35576280567816
5788073333.33,-57.5401258927466
5793071666.67,-57.21650455259086
5798070000.0,-57.35541779697549
5803068333.33,-57.07907200904817
5808066666.67,-57.22095397795857
5813065000.0,-57.00915310445531
5818063333.33,-57.147073465718805
5823061666.67,-57.237542055132245
5828060000.0,-56.99938521254077
5833058333.33,-57.46198405071799
5838056666.67,-57.45830676855895
5843055000.0,-57.56780573351874
5848053333.33,-57.792068700448915
5853051666.67,-57.37885501417047
5858050000.0,-57.846669549836996
5863048333.33,-57.69018858031208
5868046666.67,-57.22692159199952
5873045000.0,-56.85557183072248
5878043333.33,-57.605567240369034
5883041666.67,-57.538008107269604
5888040000.0,-57.80527513408066
5893038333.33,-56.974837476202765
5898036666.67,-57.50634179310821
5903035000.0,-57.16860247918013
5908033333.33,-57.908472480044196
5913031666.67,-57.15277319859347
5918030000.0,-56.99682377142886
5923028333.33,-57.19071144192849
5928026666.67,-57.2790364573295
5933025000.0,-57.177404170055
5938023333.33,-57.517420427749606
5943021666.67,-57.25673347039166
5948020000.0,-57.45661660091529
5953018333.33,-57.13827171854514
5958016666.67,-57.4742007121027
5963015000.0,-57.461316949926136
5968013333.33,-57.381149047948085
5973011666.67,-57.46070462205168
5978010000.0,-57.336105701672125
5983008333.33,-56.864130341137624
5988006666.67,-57.10900659090374
5993005000.0,-57.14635845288352
5998003333.33,-56.91629871938648
6003001666.67,-57.03884733063798
6008000000.0,-57.374574347709256
6012998333.33,-57.12976068573155
6017996666.67,-56.84796167256847
6022995000.0,-57.40728114809328
6027993333.33,-57.282651685866654
6032991666.67,-57.343697771216064
6037990000.0,-56.75912753144637
6042988333.33,-56.86370758319957
6047986666.67,-56.73314768894302
6052985000.0,-56.91741959945497
6057983333.33,-56.83119767202331
6062981666.67,-56.61449175514993
6067980000.0,-56.842530101107954
6072978333.33,-56.77130956207517
6077976666.67,-56.8234023704744
6082975000.0,-56.97431478786037
6087973333.33,-56.60126171665934
6092971666.67,-56.83080562525309
6097970000.0,-56.67779470164138
6102968333.33,-56.594892226682525
6107966666.67,-57.01625835012144
6112965000.0,-56.74647685468958
6117963333.33,-57.08488345150745
6122961666.67,-56.93789125926202
6127960000.0,-56.75543196347296
6132958333.33,-56.95378756705564
6137956666.67,-56.89955665983427
6142955000.0,-56.880833772925214
6147953333.33,-56.947778040882035
6152951666.67,-56.60818325758168
6157950000.0,-57.35469590526951
6162948333.33,-57.06884460796325
6167946666.67,-56.94531629878832
6172945000.0,-56.96617913529132
6177943333.33,-56.858357346938426
6182941666.67,-56.57474511519353
6187940000.0,-57.17072110105643
6192938333.33,-56.96769940506047
6197936666.67,-57.12131120064754
6202935000.0,-57.42044789845093
6207933333.33,-57.063436585858504
6212931666.67,-57.13430490325077
6217930000.0,-57.45622688395255
6222928333.33,-57.13322135445273
6227926666.67,-56.72499082006009
6232925000.0,-56.39296471874977
6237923333.33,-56.232925342469535
6242921666.67,-56.88474495370505
6247920000.0,-56.505575297443556
6252918333.33,-56.78302126746151
6257916666.67,-56.73095499952158
6262915000.0,-56.44079597484715
6267913333.33,-56.79524860672511
6272911666.67,-56.446954613524014
6277910000.0,-56.50356770455414
6282908333.33,-56.425166656917476
6287906666.67,-56.843264801452136
6292905000.0,-56.96134690019765
6297903333.33,-56.436442271641
6302901666.67,-56.31632545477557
6307900000.0,-56.85486308540333
6312898333.33,-57.02741126545966
6317896666.67,-57.08412468018247
6322895000.0,-57.036342044023
6327893333.33,-56.53591126186374
6332891666.67,-56.46570822769072
6337890000.0,-56.71547776381641
6342888333.33,-56.53400771506884
6347886666.67,-57.2376799120448
6352885000.0,-57.1406116118809
6357883333.33,-56.6939618607639
6362881666.67,-57.20984236111653
6367880000.0,-56.98376367412035
6372878333.33,-56.66905118466847
6377876666.67,-56.69626232076322
6382875000.0,-56.3397796516032
6387873333.33,-56.98632661079781
6392871666.67,-57.04708328507038
6397870000.0,-56.70330677863747
6402868333.33,-56.71918785633348
6407866666.67,-56.83448280476122
6412865000.0,-56.479107708823676
6417863333.33,-56.12374043722557
6422861666.67,-56.167117233965406
6427860000.0,-56.15358291930799
6432858333.33,-56.48349035751298
6437856666.67,-56.27646625791287
6442855000.0,-56.28483348771888
6447853333.33,-56.50843987773115
6452851666.67,-56.66503505498713
6457850000.0,-56.48698459510144
6462848333.33,-56.25314669345779
6467846666.67,-56.31643295692796
6472845000.0,-55.869609941821786
6477843333.33,-56.58166019033782
6482841666.67,-56.29004236303534
6487840000.0,-56.35832959467032
6492838333.33,-56.48080086618184
6497836666.67,-56.39520636979569
6502835000.0,-56.318678100941106
6507833333.33,-56.42943868398874
6512831666.67,-56.177883651841
6517830000.0,-56.409638795564746
6522828333.33,-56.70177160325183
6527826666.67,-56.46785539764613
6532825000.0,-56.487401663328356
6537823333.33,-56.48642037351314
6542821666.67,-56.73423216064802
6547820000.0,-56.439197572317184
6552818333.33,-56.27794144787045
6557816666.67,-56.29509737617767
6562815000.0,-56.38124493274031
6567813333.33,-56.587530999963455
6572811666.67,-56.16908943602927
6577810000.0,-56.186604291096785
6582808333.33,-56.0894565747364
6587806666.67,-56.460966758418145
6592805000.0,-56.13889345733082
6597803333.33,-56.52674414008416
6602801666.67,-56.23189591997479
6607800000.0,-56.311324532114966
6612798333.33,-56.155721025341315
6617796666.67,-56.18508624525184
6622795000.0,-56.58534405693047
6627793333.33,-56.199160819235054
6632791666.67,-56.33990928145553
6637790000.0,-56.42349285555782
6642788333.33,-56.56788805215569
6647786666.67,-55.81289274583234
6652785000.0,-55.645355504064824
6657783333.33,-56.039512384610234
6662781666.67,-55.88912583945938
6667780000.0,-56.06427513857582
6672778333.33,-56.1763525834001
6677776666.67,-55.85534456700964
6682775000.0,-56.14939816701017
6687773333.33,-56.00745887675453
6692771666.67,-56.03051817434451
6697770000.0,-55.99782923418314
6702768333.33,-55.99185491424596
6707766666.67,-55.725444900383835
6712765000.0,-56.06598384990696
6717763333.33,-56.180695001506905
6722761666.67,-55.88887513639893
6727760000.0,-55.895845879266815
6732758333.33,-56.05250017918276
6737756666.67,-55.40585177653667
6742755000.0,-55.578117309964945
6747753333.33,-55.523024950985416
6752751666.67,-55.395252397260265
6757750000.0,-55.57694331371093
6762748333.33,-55.8494533269316
6767746666.67,-55.63469796477028
6772745000.0,-55.68026286600017
6777743333.33,-55.61663489387761
6782741666.67,-55.38568868236956
6787740000.0,-55.66979950272051
6792738333.33,-55.7448947665838
6797736666.67,-55.75174652921481
6802735000.0,-55.54144265199791
6807733333.33,-55.779971118543756
6812731666.67,-55.42486805630781
6817730000.0,-55.605691153038876
6822728333.33,-55.58600541879854
6827726666.67,-55.563111449564204
6832725000.0,-55.52788815206084
6837723333.33,-55.67419044346504
6842721666.67,-55.403315660635435
6847720000.0,-55.82277716593129
6852718333.33,-55.78435649796255
6857716666.67,-55.590566744835854
6862715000.0,-56.168705163136195
6867713333.33,-55.8599124430929
6872711666.67,-55.78510609594814
6877710000.0,-56.01234943989382
6882708333.33,-55.70779623221755
6887706666.67,-55.9126184802641
6892705000.0,-55.65539886830596
6897703333.33,-55.88297125200579
6902701666.67,-55.47569231186176
6907700000.0,-55.48039290403921
6912698333.33,-55.626576797731374
6917696666.67,-55.404713712336815
6922695000.0,-55.24971604395016
6927693333.33,-55.36312897317801
6932691666.67,-54.97800008944965
6937690000.0,-55.030022617961166
6942688333.33,-54.8010658834189
6947686666.67,-55.26459368236512
6952685000.0,-55.14658735323212
6957683333.33,-55.11855466370018
6962681666.67,-54.91546409576975
6967680000.0,-55.281669747267266
6972678333.33,-55.177527612769325
6977676666.67,-54.6409543485257
6982675000.0,-54.89457868476172
6987673333.33,-55.113342237763085
6992671666.67,-54.85407848828118
6997670000.0,-54.962529656045184
7002668333.33,-54.62680105942685
7007666666.67,-54.941083942689644
7012665000.0,-54.693459298697
7017663333.33,-54.67128126991498
7022661666.67,-54.92585344633528
7027660000.0,-54.73893762424246
7032658333.33,-54.665456443097796
7037656666.67,-54.91834094686823
7042655000.0,-55.02676708098814
7047653333.33,-55.237759710319104
7052651666.67,-55.272220031795555
7057650000.0,-55.48295115241678
7062648333.33,-55.40908266779631
7067646666.67,-55.20722630463475
7072645000.0,-55.100469846292334
7077643333.33,-55.17482304379169
7082641666.67,-54.94338798152217
7087640000.0,-55.10288096194878
7092638333.33,-55.12073340236883
7097636666.67,-55.12548467606911
7102635000.0,-55.16760141630603
7107633333.33,-55.06834816025759
7112631666.67,-55.085118724804374
7117630000.0,-55.065175121672766
7122628333.33,-54.73730732845765
7127626666.67,-55.06695334493913
7132625000.0,-55.37869636724072
7137623333.33,-55.370035625529034
7142621666.67,-55.197093740064595
7147620000.0,-55.16874841459249
7152618333.33,-55.01548138621346
7157616666.67,-55.2445822134098
7162615000.0,-54.94539008245628
7167613333.33,-55.01945808447538
7172611666.67,-55.036713672385915
7177610000.0,-54.99053101312959
7182608333.33,-54.89712835476254
7187606666.67,-54.725706979941
7192605000.0,-54.873364493998636
7197603333.33,-54.9137719765718
7202601666.67,-54.759063062532945
7207600000.0,-54.89677208185155
7212598333.33,-55.01679967579491
7217596666.67,-55.04967823680637
7222595000.0,-55.09654090352583
7227593333.33,-55.06798140271699
7232591666.67,-54.750711917397446
7237590000.0,-55.240513746490564
7242588333.33,-54.87724915612653
7247586666.67,-54.57609379907169
7252585000.0,-54.58346387253296
7257583333.33,-54.607684761875745
7262581666.67,-54.699725827839
7267580000.0,-54.57751727681588
7272578333.33,-54.61897392238516
7277576666.67,-54.990767145356486
7282575000.0,-54.99874757493408
7287573333.33,-54.95242907908412
7292571666.67,-54.913531677007114
7297570000.0,-55.337309146602
7302568333.33,-55.200547520453824
7307566666.67,-54.94564754899132
7312565000.0,-55.10646012532273
7317563333.33,-55.00342174733887
7322561666.67,-55.421671852586826
7327560000.0,-54.8872500591282
7332558333.33,-55.2838063980349
7337556666.67,-55.13667487017966
7342555000.0,-54.81637082583684
7347553333.33,-54.69815808485288
7352551666.67,-54.78363234129206
7357550000.0,-54.57698545824991
7362548333.33,-54.606649336729866
7367546666.67,-54.719359442800624
7372545000.0,-54.57546011472046
7377543333.33,-55.02265124567976
7382541666.67,-54.822111626446656
7387540000.0,-54.67811858278938
7392538333.33,-54.52187734643968
7397536666.67,-54.752773638960875
7402535000.0,-54.857676448136
7407533333.33,-54.63738886843036
7412531666.67,-54.69759624657228
7417530000.0,-54.796720654629006
7422528333.33,-54.892592898280895
7427526666.67,-54.44574415740416
7432525000.0,-54.382798373490914
7437523333.33,-54.05139016718364
7442521666.67,-54.29082035613413
7447520000.0,-54.28397783776808
7452518333.33,-54.21145984019796
7457516666.67,-54.17518127308014
7462515000.0,-54.31775964557143
7467513333.33,-54.11667396727171
7472511666.67,-54.255424450997936
7477510000.0,-54.386928156868244
7482508333.33,-54.51478929231813
7487506666.67,-54.65681126203707
7492505000.0,-54.37901988969181
7497503333.33,-54.76796984975293
7502501666.67,-54.43332822511007
7507500000.0,-54.75583569903527
7512498333.33,-54.79256249693921
7517496666.67,-54.483417475569205
7522495000.0,-54.7265675554351
7527493333.33,-54.58113259688349
7532491666.67,-54.46322766488311
7537490000.0,-54.33179148207132
7542488333.33,-54.55639628505378
7547486666.67,-54.456592756740406
7552485000.0,-54.6497032132841
7557483333.33,-54.8304557125993
7562481666.67,-54.79783185559035
7567480000.0,-54.694196071961336
7572478333.33,-54.764874219147266
7577476666.67,-54.64642561726394
7582475000.0,-54.42967311887607
7587473333.33,-54.601125944983096
7592471666.67,-54.56592887992022
7597470000.0,-54.65959093843159
7602468333.33,-53.94775058378809
7607466666.67,-54.06935959717447
7612465000.0,-54.46753369435881
7617463333.33,-54.35425637000033
7622461666.67,-54.04313394589203
7627460000.0,-54.23168018056635
7632458333.33,-53.79692104267636
7637456666.67,-54.106225245267936
7642455000.0,-54.19531191198713
7647453333.33,-54.15742574892565
7652451666.67,-54.019671142439975
7657450000.0,-53.860646680539396
7662448333.33,-53.95874331150629
7667446666.67,-53.917161091229666
7672445000.0,-53.717395366960396
7677443333.33,-53.70555087628063
7682441666.67,-53.63924376439337
7687440000.0,-53.42933246802346
7692438333.33,-53.487936535919445
7697436666.67,-53.1467502196562
7702435000.0,-53.19435299893386
7707433333.33,-53.15232306905731
7712431666.67,-52.96775899082033
7717430000.0,-52.921116164914245
7722428333.33,-53.16667320523305
7727426666.67,-53.33681951201652
7732425000.0,-53.559273168442196
7737423333.33,-53.36787057198474
7742421666.67,-53.84400284950488
7747420000.0,-53.800291982574855
7752418333.33,-53.55224011426369
7757416666.67,-53.61855858103408
7762415000.0,-53.641632652578934
7767413333.33,-53.527208954099066
7772411666.67,-53.52144811206776
7777410000.0,-53.90855954931587
7782408333.33,-53.6980235155875
7787406666.67,-53.499641741482506
7792405000.0,-53.89488756162618
7797403333.33,-53.767228962605024
7802401666.67,-53.90002502102672
7807400000.0,-53.68145209515633
7812398333.33,-53.786276818196406
7817396666.67,-54.059568849520346
7822395000.0,-54.227979649140224
7827393333.33,-54.072353293819766
7832391666.67,-54.372962298386014
7837390000.0,-54.03250975938059
7842388333.33,-54.67323770099693
7847386666.67,-54.04791570242193
7852385000.0,-54.222855028682886
7857383333.33,-54.17757565490433
7862381666.67,-54.14403392421722
7867380000.0,-53.975219645659145
7872378333.33,-54.01200432532058
7877376666.67,-53.927421011410416
7882375000.0,-53.655877176038295
7887373333.33,-53.76605933948787
7892371666.67,-53.781469114093426
7897370000.0,-53.49694540331094
7902368333.33,-53.887702352934895
7907366666.67,-53.61891959078424
7912365000.0,-53.501805609088
7917363333.33,-53.58665073006393
7922361666.67,-53.553193397388846
7927360000.0,-53.82396764622098
7932358333.33,-53.850658246549884
7937356666.67,-53.26593595531567
7942355000.0,-53.51197624978725
7947353333.33,-53.340407345233814
7952351666.67,-53.575554821590984
7957350000.0,-53.31325885421475
7962348333.33,-53.466737538155286
7967346666.67,-53.295419707234686
7972345000.0,-53.50392672645285
7977343333.33,-53.01114198553237
7982341666.67,-53.21705174106033
7987340000.0,-53.26559868542628
7992338333.33,-53.36338337705705
7997336666.67,-53.17740893464757
8002335000.0,-53.15516025924174
8007333333.33,-53.49871881644857
8012331666.67,-53.477049442422
8017330000.0,-53.49646478199848
8022328333.33,-53.66021756590882
8027326666.67,-53.342102436982344
8032325000.0,-53.198484044150014
8037323333.33,-53.109115107701854
8042321666.67,-53.19889327511282
8047320000.0,-53.36535911025088
8052318333.33,-53.43938554724233
8057316666.67,-53.235667608534094
8062315000.0,-53.61056598250153
8067313333.33,-53.68816619762667
8072311666.67,-53.65385690302268
8077310000.0,-53.87994861996169
8082308333.33,-53.54928443552576
8087306666.67,-53.75499477952757
8092305000.0,-53.974332576148726
8097303333.33,-53.98645372323716
8102301666.67,-53.970456495234174
8107300000.0,-54.47616060672628
8112298333.33,-53.97027699958961
8117296666.67,-54.12120621467969
8122295000.0,-54.23600758163203
8127293333.33,-53.92220233220516
8132291666.67,-54.025096220612454
8137290000.0,-53.75526437368707
8142288333.33,-54.07496325497207
8147286666.67,-53.94476934249926
8152285000.0,-53.99496410920957
8157283333.33,-53.99460399271447
8162281666.67,-54.159837193607444
8167280000.0,-54.30479467085509
8172278333.33,-54.15653142628304
8177276666.67,-54.17833415762934
8182275000.0,-54.236651399783
8187273333.33,-54.080294892153006
8192271666.67,-54.331152287435074
8197270000.0,-54.14384667147726
8202268333.33,-54.112746193976015
8207266666.67,-53.898688947166
8212265000.0,-53.734379264217665
8217263333.33,-53.81110254686092
8222261666.67,-53.74734047262288
8227260000.0,-53.86713303506183
8232258333.33,-53.72304210402115
8237256666.67,-54.1017915489164
8242255000.0,-54.12737076895976
8247253333.33,-54.28729070863823
8252251666.67,-54.41013454286221
8257250000.0,-54.48209522979316
8262248333.33,-54.124403800641176
8267246666.67,-54.29265574522944
8272245000.0,-54.11259547535755
8277243333.33,-54.35332807038045
8282241666.67,-54.00442942881131
8287240000.0,-54.482477764304406
8292238333.33,-53.738002160919024
8297236666.67,-53.62216387417412
8302235000.0,-53.95425925967175
8307233333.33,-53.71835865402276
8312231666.67,-53.85178712739879
8317230000.0,-53.83060934810143
8322228333.33,-54.01796022879958
8327226666.67,-53.66075569870162
8332225000.0,-54.159022808996006
8337223333.33,-54.19567344547265
8342221666.67,-54.108381021450526
8347220000.0,-54.28702960633388
8352218333.33,-54.46695661707771
8357216666.67,-54.242023947149136
8362215000.0,-53.91966173787363
8367213333.33,-54.118757542942745
8372211666.67,-53.89128487084852
8377210000.0,-53.634938979667965
8382208333.33,-54.03267912943588
8387206666.67,-54.12566538089554
8392205000.0,-53.52270681790024
8397203333.33,-53.61789515247369
8402201666.67,-53.86681607927357
8407200000.0,-53.633294912023786
8412198333.33,-53.47720746774225
8417196666.67,-53.80983199228033
8422195000.0,-54.144955109381954
8427193333.33,-54.21126096192428
8432191666.67,-54.34822213976222
8437190000.0,-54.55371645326319
8442188333.33,-54.48521205864286
8447186666.67,-54.19573880501528
8452185000.0,-54.10493153347875
8457183333.33,-54.36954451339588
8462181666.67,-54.21069393198486
8467180000.0,-53.918298603262826
8472178333.33,-54.14508580922452
8477176666.67,-54.047438581341765
8482175000.0,-53.875987841990266
8487173333.33,-54.02991003756772
8492171666.67,-54.07252427264329
8497170000.0,-53.835973456820255
8502168333.33,-53.89504408096927
8507166666.67,-54.23298205675238
8512165000.0,-54.1130976052503
8517163333.33,-54.42568872138952
8522161666.67,-54.41578817293941
8527160000.0,-54.341658571794525
8532158333.33,-54.18489486211159
8537156666.67,-54.262210485089824
8542155000.0,-53.96447902785293
8547153333.33,-53.77369468772557
8552151666.67,-53.93480470936946
8557150000.0,-53.84369708068764
8562148333.33,-53.748538822287976
8567146666.67,-53.60493106533204
8572145000.0,-53.420857993881725
8577143333.33,-53.73095278931487
8582141666.67,-53.7991929317866
8587140000.0,-53.87407652449207
8592138333.33,-53.78367622103876
8597136666.67,-53.76283093910693
8602135000.0,-53.89483153368192
8607133333.33,-54.179606992715335
8612131666.67,-53.68393803079647
8617130000.0,-53.826999308663034
8622128333.33,-53.70094617211446
8627126666.67,-53.258620786000066
8632125000.0,-53.139036757071906
8637123333.33,-53.20002613304049
8642121666.67,-53.3458139643828
8647120000.0,-52.995781326430404
8652118333.33,-52.92117735117501
8657116666.67,-52.89212770350542
8662115000.0,-52.98203686908519
8667113333.33,-53.28182428344088
8672111666.67,-53.65531568214445
8677110000.0,-53.7848808595038
8682108333.33,-53.72715054062795
8687106666.67,-53.90416617229978
8692105000.0,-53.80493896638804
8697103333.33,-53.95023780977774
8702101666.67,-54.281901941694215
8707100000.0,-54.00938251801062
8712098333.33,-53.993399983514045
8717096666.67,-54.02569865891944
8722095000.0,-53.71589534932062
8727093333.33,-53.32691557620975
8732091666.67,-53.09668736865751
8737090000.0,-53.041952204666885
8742088333.33,-53.14760624301336
8747086666.67,-52.960968581438365
8752085000.0,-53.18708813259946
8757083333.33,-52.94370299108184
8762081666.67,-53.32968549789227
8767080000.0,-53.157347478304004
8772078333.33,-53.50756246720244
8777076666.67,-53.626406043776015
8782075000.0,-53.51840301978036
8787073333.33,-53.6623358697791
8792071666.67,-53.499545260385844
8797070000.0,-53.75272796625974
8802068333.33,-53.9230072047424
8807066666.67,-53.60495549009127
8812065000.0,-53.75341126731189
8817063333.33,-53.254570940227204
8822061666.67,-53.43518148867084
8827060000.0,-53.21664871250613
8832058333.33,-53.3395610988897
8837056666.67,-53.074858445307385
8842055000.0,-53.38705779960228
8847053333.33,-53.54681940427672
8852051666.67,-53.692838808077504
8857050000.0,-53.61703268635103
8862048333.33,-53.717668848220455
8867046666.67,-53.78535668599219
8872045000.0,-53.81667912465577
8877043333.33,-53.444255584470625
8882041666.67,-53.94272492415147
8887040000.0,-53.80532688167016
8892038333.33,-53.90522769076034
8897036666.67,-53.82729113693826
8902035000.0,-53.76924642449169
8907033333.33,-53.60327426549663
8912031666.67,-53.495376924360485
8917030000.0,-53.43334786116533
8922028333.33,-53.328812922833684
8927026666.67,-53.36004133071021
8932025000.0,-53.225388639107294
8937023333.33,-53.38425218258399
8942021666.67,-53.34235691585139
8947020000.0,-53.663099469670136
8952018333.33,-53.93791831552881
8957016666.67,-53.59218682579299
8962015000.0,-53.451436353335794
8967013333.33,-53.756933221147136
8972011666.67,-53.72731713426789
8977010000.0,-53.41557785114074
8982008333.33,-53.662167489740995
8987006666.67,-53.71530702896344
8992005000.0,-53.67824698869289
8997003333.33,-53.6719378452561
9002001666.67,-53.55133155748919
9007000000.0,-53.376481928468834
9011998333.33,-53.23280254238516
9016996666.67,-53.14506857384516
9021995000.0,-53.500116887625715
9026993333.33,-53.624644152337225
9031991666.67,-53.68151646573562
9036990000.0,-53.60910071905322
9041988333.33,-53.69976053571003
9046986666.67,-53.50708238233585
9051985000.0,-53.16631351885064
9056983333.33,-53.33135357157098
9061981666.67,-53.3309246050714
9066980000.0,-53.27743847668579
9071978333.33,-53.345520472430806
9076976666.67,-52.93478113381273
9081975000.0,-52.87646529411869
9086973333.33,-52.93971906161299
9091971666.67,-52.85292937439753
9096970000.0,-53.18027926698518
9101968333.33,-52.82606704693433
9106966666.67,-52.96041700942132
9111965000.0,-53.15516989098618
9116963333.33,-53.30808197008974
9121961666.67,-53.71051653048141
9126960000.0,-53.65849161038578
9131958333.33,-53.77747453123125
9136956666.67,-53.701232284517886
9141955000.0,-53.656324598610524
9146953333.33,-53.7193497122043
9151951666.67,-53.86009906195767
9156950000.0,-53.54673981924393
9161948333.33,-53.44294498548345
9166946666.67,-53.725019658587456
9171945000.0,-53.26656767435801
9176943333.33,-53.7460226143759
9181941666.67,-53.66527872326908
9186940000.0,-53.57862745481956
9191938333.33,-53.76165711940359
9196936666.67,-53.5926768636288
9201935000.0,-53.85464880952772
9206933333.33,-53.84222179606249
9211931666.67,-54.0529109635297
9216930000.0,-53.81025176259489
9221928333.33,-53.96908418857889
9226926666.67,-53.83619631863627
9231925000.0,-53.78286309081314
9236923333.33,-53.46842129031344
9241921666.67,-53.63482263729233
9246920000.0,-53.70435592425131
9251918333.33,-53.41968991206983
9256916666.67,-53.34195482909728
9261915000.0,-53.574395075070086
9266913333.33,-53.461032652241094
9271911666.67,-53.49332966739773
9276910000.0,-53.41628685095418
9281908333.33,-53.30956537236535
9286906666.67,-53.45790422825861
9291905000.0,-53.2139025629876
9296903333.33,-53.366222382940364
9301901666.67,-53.46628093377901
9306900000.0,-53.23762965711707
9311898333.33,-53.27658199491122
9316896666.67,-53.49742131160894
9321895000.0,-52.95190825132121
9326893333.33,-53.07864774045803
9331891666.67,-52.80608209723073
9336890000.0,-52.60725017278925
9341888333.33,-52.51456556493853
9346886666.67,-52.703526707711895
9351885000.0,-52.50610601814677
9356883333.33,-52.39597026361412
9361881666.67,-52.6113483461009
9366880000.0,-52.486299823204035
9371878333.33,-53.02721141228769
9376876666.67,-52.76156261279675
9381875000.0,-52.87875412008043
9386873333.33,-52.84483314795174
9391871666.67,-52.87832341013122
9396870000.0,-52.8734649727246
9401868333.33,-53.07015721737449
9406866666.67,-52.761506876253904
9411865000.0,-52.67374457293609
9416863333.33,-52.797919975396866
9421861666.67,-52.66181935238777
9426860000.0,-52.55319670887999
9431858333.33,-52.4530926508593
9436856666.67,-52.62194846787629
9441855000.0,-52.674319651165504
9446853333.33,-52.88104646134413
9451851666.67,-52.9275466674222
9456850000.0,-53.143500435085414
9461848333.33,-53.41600160594644
9466846666.67,-53.182690031478316
9471845000.0,-52.790212711348474
9476843333.33,-53.13953411932694
9481841666.67,-53.29927152920095
9486840000.0,-53.28610457909022
9491838333.33,-53.093428640602
9496836666.67,-52.93751300909975
9501835000.0,-52.82147659513115
9506833333.33,-52.92809346355155
9511831666.67,-52.492065212323496
9516830000.0,-52.4464825278354
9521828333.33,-52.319346143070746
9526826666.67,-52.50414702548528
9531825000.0,-52.51781209298738
9536823333.33,-52.66972162309631
9541821666.67,-52.92670172259087
9546820000.0,-52.708152036950494
9551818333.33,-52.81370351585248
9556816666.67,-52.80143461402692
9561815000.0,-52.76865188770132
9566813333.33,-52.60017333355957
9571811666.67,-52.54650235528239
9576810000.0,-52.57837489247008
9581808333.33,-52.405912059224484
9586806666.67,-52.39745632144313
9591805000.0,-51.87732798169346
9596803333.33,-51.758747841763196
9601801666.67,-51.93013570497607
9606800000.0,-51.69320501767142
9611798333.33,-52.0239103303191
9616796666.67,-51.85409970366311
9621795000.0,-51.656623761817364
9626793333.33,-51.71900263965423
9631791666.67,-52.29204040756911
9636790000.0,-52.57939460409545
9641788333.33,-52.02769995019962
9646786666.67,-52.05055499280958
9651785000.0,-52.26826372462816
9656783333.33,-52.1014869231216
9661781666.67,-51.91078070920951
9666780000.0,-51.98981163937656
9671778333.33,-51.79460666110374
9676776666.67,-51.95309080222369
9681775000.0,-51.61706759193295
9686773333.33,-51.13448265723834
9691771666.67,-51.39963327222343
9696770000.0,-51.519261794191
9701768333.33,-51.4716262864578
9706766666.67,-51.68170276191802
9711765000.0,-51.77339032039944
9716763333.33,-51.76000911753248
9721761666.67,-52.14737021101193
9726760000.0,-52.234693269543435
9731758333.33,-52.475635803570064
9736756666.67,-52.5433179957765
9741755000.0,-52.34901465366992
9746753333.33,-52.14815161998736
9751751666.67,-52.04956652420147
9756750000.0,-51.9489739752416
9761748333.33,-52.108697377226
9766746666.67,-51.86008811906785
9771745000.0,-51.807273790937074
9776743333.33,-51.74544596667563
9781741666.67,-51.74090506980393
9786740000.0,-51.616119951165366
9791738333.33,-51.64192107030614
9796736666.67,-51.70694805656347
9801735000.0,-51.70103384066748
9806733333.33,-51.82681018060468
9811731666.67,-51.994852623097614
9816730000.0,-52.21185089462952
9821728333.33,-52.35273977899932
9826726666.67,-52.12109152027621
9831725000.0,-52.126958710402135
9836723333.33,-51.92116239276956
9841721666.67,-51.933510377160346
9846720000.0,-51.79902026811113
9851718333.33,-51.95846561251402
9856716666.67,-51.85559877819844
9861715000.0,-51.523410198589154
9866713333.33,-51.766039164635835
9871711666.67,-51.583548221375764
9876710000.0,-51.56656237647475
9881708333.33,-51.38616628624506
9886706666.67,-51.577408737201566
9891705000.0,-51.610140561973246
9896703333.33,-51.60166834026211
9901701666.67,-52.00192320806945
9906700000.0,-51.92568731424444
9911698333.33,-52.09099370471749
9916696666.67,-52.135214699968316
9921695000.0,-52.12658094101275
9926693333.33,-52.100701416597765
9931691666.67,-51.77221088099038
9936690000.0,-51.72705428881969
9941688333.33,-51.68360568473656
9946686666.67,-51.55649996064434
9951685000.0,-51.77611516589722
9956683333.33,-51.691151136048234
9961681666.67,-51.448854796410004
9966680000.0,-51.64953802321365
9971678333.33,-51.5846655369578
9976676666.67,-51.5765480682889
9981675000.0,-51.69173989423964
9986673333.33,-51.77635784293226
9991671666.67,-51.67950416132587
9996670000.0,-51.84449994973188
10001668333.3,-51.788681789068676
10006666666.7,-51.802698990765975
10011665000.0,-51.903319987517435
10016663333.3,-51.53125937266266
10021661666.7,-51.488905037155526
10026660000.0,-51.69135877126286
10031658333.3,-51.33576267697154
10036656666.7,-51.34935370441863
10041655000.0,-51.279272859573325
10046653333.3,-51.3310407023771
10051651666.7,-51.53491209260616
10056650000.0,-51.451439407240684
10061648333.3,-51.384786531182066
10066646666.7,-51.561011059591735
10071645000.0,-51.41284652868835
10076643333.3,-51.430247654434105
10081641666.7,-51.58414579899011
10086640000.0,-51.44874802244419
10091638333.3,-51.54272971421495
10096636666.7,-51.549327566499656
10101635000.0,-51.63386952909056
10106633333.3,-51.54053711524237
10111631666.7,-51.46529199564724
10116630000.0,-51.23435523630717
10121628333.3,-51.52057798185077
10126626666.7,-51.3171624327215
10131625000.0,-51.285891423380725
10136623333.3,-51.19881643224119
10141621666.7,-51.6430976066545
10146620000.0,-51.74527899894581
10151618333.3,-51.80615075543692
10156616666.7,-51.86043452145987
10161615000.0,-51.92686350375599
10166613333.3,-52.05609590850938
10171611666.7,-51.89335819368939
10176610000.0,-52.023852966016584
10181608333.3,-51.992505266682954
10186606666.7,-51.9903714024025
10191605000.0,-51.78288788259372
10196603333.3,-51.59692817433873
10201601666.7,-51.5396246820587
10206600000.0,-51.19507239788412
10211598333.3,-51.21981717798697
10216596666.7,-51.16003283880599
10221595000.0,-51.118576295421335
10226593333.3,-51.054852864986486
10231591666.7,-51.04131594825637
10236590000.0,-51.47374568348114
10241588333.3,-51.20076402635456
10246586666.7,-51.148052164755754
10251585000.0,-51.023071309022356
10256583333.3,-51.10125922583699
10261581666.7,-50.98441527000101
10266580000.0,-51.019942362629216
10271578333.3,-51.20093222022396
10276576666.7,-51.02997505783798
10281575000.0,-51.07264792224748
10286573333.3,-50.95204304397619
10291571666.7,-50.875436903098965
10296570000.0,-50.84991036998157
10301568333.3,-50.81734373768643
10306566666.7,-50.86827108891816
10311565000.0,-50.84859840271368
10316563333.3,-51.00406866288901
10321561666.7,-51.07940681745846
10326560000.0,-51.156466458040235
10331558333.3,-51.108983491957076
10336556666.7,-51.02581143044051
10341555000.0,-51.256262932315515
10346553333.3,-51.012220681815315
10351551666.7,-50.97965150486207
10356550000.0,-50.86710207856748
10361548333.3,-50.664957642344206
10366546666.7,-50.50402921254423
10371545000.0,-50.474576692679555
10376543333.3,-50.688373832847375
10381541666.7,-50.69462480857012
10386540000.0,-50.336741621583855
10391538333.3,-50.36446553130288
10396536666.7,-50.617664346835404
10401535000.0,-50.326295785188535
10406533333.3,-50.488533904072256
10411531666.7,-50.49080052093308
10416530000.0,-50.593898976573286
10421528333.3,-50.721780791389165
10426526666.7,-50.597629861793834
10431525000.0,-50.671558962621916
10436523333.3,-50.655053987600894
10441521666.7,-50.484566432639724
10446520000.0,-50.386243891492754
10451518333.3,-50.44014037411795
10456516666.7,-50.37211402158963
10461515000.0,-50.347800831344856
10466513333.3,-50.31020897852045
10471511666.7,-50.355774305619896
10476510000.0,-50.375259780697434
10481508333.3,-50.33504727662681
10486506666.7,-50.40955025515097
10491505000.0,-50.4915719587471
10496503333.3,-50.65839212084251
10501501666.7,-50.614647788070044
10506500000.0,-50.63448063731677
10511498333.3,-50.62720922443737
10516496666.7,-50.536976671002776
10521495000.0,-50.62529631936701
10526493333.3,-50.320367411650395
10531491666.7,-50.22716084191966
10536490000.0,-50.129866292934935
10541488333.3,-49.94700080470783
10546486666.7,-49.78160268229714
10551485000.0,-49.8849848762496
10556483333.3,-49.94348580674214
10561481666.7,-50.01717211912993
10566480000.0,-49.81886262347544
10571478333.3,-49.86858483828012
10576476666.7,-50.05472577733576
10581475000.0,-50.04958055721565
10586473333.3,-50.03348551937951
10591471666.7,-50.0784631290082
10596470000.0,-50.367332338983495
10601468333.3,-50.109812296415654
10606466666.7,-50.2113254151115
10611465000.0,-49.952114934021154
10616463333.3,-49.913250998133016
10621461666.7,-49.75340670957068
10626460000.0,-49.54406948334053
10631458333.3,-49.26063043545013
10636456666.7,-49.57844315560316
10641455000.0,-49.55535902673642
10646453333.3,-49.57961618129108
10651451666.7,-49.73146836337386
10656450000.0,-49.64408759213526
10661448333.3,-49.6839593592953
10666446666.7,-49.844567644525185
10671445000.0,-49.86376457633366
10676443333.3,-49.68176403510171
10681441666.7,-49.88833735724717
10686440000.0,-49.85797188382872
10691438333.3,-49.74884900997906
10696436666.7,-49.65413876099201
10701435000.0,-49.5478309260657
10706433333.3,-49.25389546373029
10711431666.7,-49.241165293067574
10716430000.0,-48.98931930142883
10721428333.3,-48.94803484990349
10726426666.7,-48.66679293948036
10731425000.0,-48.731314000011146
10736423333.3,-48.84871066258137
10741421666.7,-48.89758356083324
10746420000.0,-49.119082331841824
10751418333.3,-49.31684554223591
10756416666.7,-49.38200123513464
10761415000.0,-49.34633500675359
10766413333.3,-49.41376459611952
10771411666.7,-49.485852226536615
10776410000.0,-49.5864572959782
10781408333.3,-49.59375183480056
10786406666.7,-49.45690850797397
10791405000.0,-49.27412318267588
10796403333.3,-49.38731918839355
10801401666.7,-49.203143455877914
10806400000.0,-48.96670223189282
10811398333.3,-49.02585959871951
10816396666.7,-48.96684728611531
10821395000.0,-48.95588518972531
10826393333.3,-48.954969746267935
10831391666.7,-49.18110205950312
10836390000.0,-49.29045440132996
10841388333.3,-49.248260347116755
10846386666.7,-49.44626325247838
10851385000.0,-49.54573468609234
10856383333.3,-49.51787015355152
10861381666.7,-49.70493453920983
10866380000.0,-49.367306194865456
10871378333.3,-49.61128045230652
10876376666.7,-49.73129912641487
10881375000.0,-49.475687859455604
10886373333.3,-49.07710062004506
10891371666.7,-49.01168584745635
10896370000.0,-48.8285435885734
10901368333.3,-48.792533403643475
10906366666.7,-48.68105397390613
10911365000.0,-48.56906050775042
10916363333.3,-48.66067550608777
10921361666.7,-48.644994472813295
10926360000.0,-48.59879846422797
10931358333.3,-48.728050156583166
10936356666.7,-48.64668192623682
10941355000.0,-48.64864834399303
10946353333.3,-48.593171533269796
10951351666.7,-48.64690629368974
10956350000.0,-48.40093941703172
10961348333.3,-48.24260654671033
10966346666.7,-48.16488731747966
10971345000.0,-47.9592912357344
10976343333.3,-47.95776045572899
10981341666.7,-47.862565130497444
10986340000.0,-47.69198828091489
10991338333.3,-47.588574767987815
10996336666.7,-47.61459041277348
11001335000.0,-47.65666027876225
11006333333.3,-47.46588246464477
11011331666.7,-47.57411481574401
11016330000.0,-47.7881951742578
11021328333.3,-47.81461463540361
11026326666.7,-47.90638342714962
11031325000.0,-48.05989161688316
11036323333.3,-47.67686981285463
11041321666.7,-47.67459243200824
11046320000.0,-47.70114849854526
11051318333.3,-47.50082747368275
11056316666.7,-47.57128703032343
11061315000.0,-47.43297045162946
11066313333.3,-47.39120458905349
11071311666.7,-47.31684331601457
11076310000.0,-47.38652796969676
11081308333.3,-47.47270159965858
11086306666.7,-47.427666990293524
11091305000.0,-47.42729564921188
11096303333.3,-47.49919003440715
11101301666.7,-47.57814815751462
11106300000.0,-47.7589180983405
11111298333.3,-47.73044024867864
11116296666.7,-47.88492012580929
11121295000.0,-47.73843943987362
11126293333.3,-47.649689703106255
11131291666.7,-47.52625089300285
11136290000.0,-47.34306950294898
11141288333.3,-47.433097366253804
11146286666.7,-47.23469426395398
11151285000.0,-47.094074125028456
11156283333.3,-46.96814673026455
11161281666.7,-47.112316435394746
11166280000.0,-46.946500756666715
11171278333.3,-46.90731875572866
11176276666.7,-46.78874398923287
11181275000.0,-46.89753577671226
11186273333.3,-46.90558590834765
11191271666.7,-46.79056937681716
11196270000.0,-46.87019518690831
11201268333.3,-46.902468540848346
11206266666.7,-46.82187620172538
11211265000.0,-46.79362543805616
11216263333.3,-46.62353786232501
11221261666.7,-46.49025156501506
11226260000.0,-46.368392203274425
11231258333.3,-46.108396933452354
11236256666.7,-46.13950172337742
11241255000.0,-45.91701547169406
11246253333.3,-45.66908208116064
11251251666.7,-45.66023025008751
11256250000.0,-45.50810505602075
11261248333.3,-45.52885227899382
11266246666.7,-45.42365429921014
11271245000.0,-45.30548703715213
11276243333.3,-45.410037337468864
11281241666.7,-45.20941109855153
11286240000.0,-45.33515920577287
11291238333.3,-45.24254028661402
11296236666.7,-45.202004158706615
11301235000.0,-45.15780872845551
11306233333.3,-45.12054332034512
11311231666.7,-44.86231372111055
11316230000.0,-44.83045406661044
11321228333.3,-44.76306775026626
11326226666.7,-44.6469711240912
11331225000.0,-44.71188009622892
11336223333.3,-44.74343887948413
11341221666.7,-44.665584990725556
11346220000.0,-44.79633825003495
11351218333.3,-44.84227969537045
11356216666.7,-44.81254779181815
11361215000.0,-44.883859082453064
11366213333.3,-44.91036533012041
11371211666.7,-44.89420158795768
11376210000.0,-44.9017735698072
11381208333.3,-44.804441938740425
11386206666.7,-44.790326807052566
11391205000.0,-44.61781144911728
11396203333.3,-44.5514952624582
11401201666.7,-44.51779402934834
11406200000.0,-44.27043883978268
11411198333.3,-44.38722782839743
11416196666.7,-44.238777900157835
11421195000.0,-44.117411472565124
11426193333.3,-44.12238128655471
11431191666.7,-44.20157069355832
11436190000.0,-44.25045044341171
11441188333.3,-44.311931141058366
11446186666.7,-44.41749502046434
11451185000.0,-44.442533229318435
11456183333.3,-44.43648914789026
11461181666.7,-44.45663066890958
11466180000.0,-44.305048186440594
11471178333.3,-44.15263723631323
11476176666.7,-44.18940354899639
11481175000.0,-44.06074168824286
11486173333.3,-43.955589302799126
11491171666.7,-43.86625769049688
11496170000.0,-43.92504434612504
11501168333.3,-43.71275653795924
11506166666.7,-43.790514535543544
11511165000.0,-43.74882719227693
11516163333.3,-43.82973707112829
11521161666.7,-43.891783826806325
11526160000.0,-43.99892031436407
11531158333.3,-43.92965481305182
11536156666.7,-44.18849639569241
11541155000.0,-44.313133693165184
11546153333.3,-44.24486413023769
11551151666.7,-44.22495345598592
11556150000.0,-44.18694257299647
11561148333.3,-44.035250965941756
11566146666.7,-43.934273727801894
11571145000.0,-43.872952743514986
11576143333.3,-43.67031552622783
11581141666.7,-43.701181948318194
11586140000.0,-43.74261769155627
11591138333.3,-43.626636178666146
11596136666.7,-43.620809573602145
11601135000.0,-43.72769434968481
11606133333.3,-43.899344516377454
11611131666.7,-44.03590953901333
11616130000.0,-44.07449174248276
11621128333.3,-44.40331498449238
11626126666.7,-44.44205196765548
11631125000.0,-44.56879810043776
11636123333.3,-44.58748827875401
11641121666.7,-44.628717343652305
11646120000.0,-44.54841564972842
11651118333.3,-44.425272592824754
11656116666.7,-44.42687924632277
11661115000.0,-44.383476593097456
11666113333.3,-44.28809858012891
11671111666.7,-44.285592594207294
11676110000.0,-44.395661859871105
11681108333.3,-44.36822773756441
11686106666.7,-44.545318419372535
11691105000.0,-44.60096569826667
11696103333.3,-44.77878800724068
11701101666.7,-44.98381120997641
11706100000.0,-45.092469743236094
11711098333.3,-45.17088893544354
11716096666.7,-45.3307369196565
11721095000.0,-45.40871591011889
11726093333.3,-45.54478464418076
11731091666.7,-45.532253682811366
11736090000.0,-45.51471421602307
11741088333.3,-45.41614132901014
11746086666.7,-45.29846244840722
11751085000.0,-45.271724376966496
11756083333.3,-45.21881777167317
11761081666.7,-45.269746231782165
11766080000.0,-45.30585622497034
11771078333.3,-45.38115891899123
11776076666.7,-45.51535818235571
11781075000.0,-45.69057862962236
11786073333.3,-45.91749124153837
11791071666.7,-46.10306450112183
11796070000.0,-46.17497995249337
11801068333.3,-46.432552009329555
11806066666.7,-46.55126199742718
11811065000.0,-46.74605249600087
11816063333.3,-46.86674135013624
11821061666.7,-46.756264044948736
11826060000.0,-46.911991675576175
11831058333.3,-46.83292539821609
11836056666.7,-46.76831086663407
11841055000.0,-46.84276972125433
11846053333.3,-46.710140022952004
11851051666.7,-46.754794439071176
11856050000.0,-46.80512140353215
11861048333.3,-46.909186279767965
11866046666.7,-47.05490884169909
11871045000.0,-47.29955054121044
11876043333.3,-47.249509340513015
11881041666.7,-47.39180967840391
11886040000.0,-47.63173380340827
11891038333.3,-47.74779104822245
11896036666.7,-47.89678669050101
11901035000.0,-47.98356945261897
11906033333.3,-48.09796707418152
11911031666.7,-48.09892772944573
11916030000.0,-48.15779726120948
11921028333.3,-48.19721902391716
11926026666.7,-48.061219426011306
11931025000.0,-48.01812754807965
11936023333.3,-47.97796562766073
11941021666.7,-48.194678859079794
11946020000.0,-48.315403182733405
11951018333.3,-48.428427552053044
11956016666.7,-48.63637756343232
11961015000.0,-48.70935902352687
11966013333.3,-48.86038695140688
11971011666.7,-48.82914240717256
11976010000.0,-48.999089226097574
11981008333.3,-48.708780964497294
11986006666.7,-48.978542522796445
11991005000.0,-48.91914018842486
11996003333.3,-48.92660628084951
12001001666.7,-49.011988630865716
12006000000.0,-48.78962318348351
12010998333.3,-48.48383596098707
12015996666.7,-48.44097953616427
12020995000.0,-48.42959685616201
12025993333.3,-48.438895035428175
12030991666.7,-48.350443032314985
12035990000.0,-48.44344230183811
12040988333.3,-48.54037443489389
12045986666.7,-48.8094875367117
12050985000.0,-48.908064000530935
12055983333.3,-49.24530901762356
12060981666.7,-49.201531279208226
12065980000.0,-49.48116449000196
12070978333.3,-49.543709840851626
12075976666.7,-49.34007660919327
12080975000.0,-49.481562632141475
12085973333.3,-49.43436964196222
12090971666.7,-49.5762994452162
12095970000.0,-49.482541920985994
12100968333.3,-49.400867511209476
12105966666.7,-49.38522410768567
12110965000.0,-49.20066590138126
12115963333.3,-49.37477809407937
12120961666.7,-49.40742975350091
12125960000.0,-49.52193288068883
12130958333.3,-49.77329508885578
12135956666.7,-49.98250901376076
12140955000.0,-50.223902389865565
12145953333.3,-50.427570359013856
12150951666.7,-50.43629797056626
12155950000.0,-50.53637553128713
12160948333.3,-50.785085288797696
12165946666.7,-50.67780793605206
12170945000.0,-50.39536249744803
12175943333.3,-50.63961114631849
12180941666.7,-50.629169674307676
12185940000.0,-50.86015268424043
12190938333.3,-50.7687614072278
12195936666.7,-50.67517065665384
12200935000.0,-50.62709600894463
12205933333.3,-50.61281859615409
12210931666.7,-50.63310380900581
12215930000.0,-50.76784361309811
12220928333.3,-50.99320142116005
12225926666.7,-50.913577765384694
12230925000.0,-51.29926072569499
12235923333.3,-51.096762822019926
12240921666.7,-51.25969781253198
12245920000.0,-51.25712893303544
12250918333.3,-51.39306808804362
12255916666.7,-51.37628239518108
12260915000.0,-51.295575542582824
12265913333.3,-51.46161355069488
12270911666.7,-51.48042628179955
12275910000.0,-51.564041416938736
12280908333.3,-51.22251325352502
12285906666.7,-51.184760178441444
12290905000.0,-51.41923663131823
12295903333.3,-51.227355921737534
12300901666.7,-51.43970083177805
12305900000.0,-51.069019349274434
12310898333.3,-51.339703135647525
12315896666.7,-51.10760418416702
12320895000.0,-51.34158814458501
12325893333.3,-51.47246698950852
12330891666.7,-51.325352845133494
12335890000.0,-51.20225516118211
12340888333.3,-50.83038971699801
12345886666.7,-50.839771545691555
12350885000.0,-50.474373503753995
12355883333.3,-50.65260684856625
12360881666.7,-50.70085653877129
12365880000.0,-50.87212341247191
12370878333.3,-50.757850028965336
12375876666.7,-50.93475423777279
12380875000.0,-51.16864422541107
12385873333.3,-51.099402099681974
12390871666.7,-51.34155492085188
12395870000.0,-51.52781866386552
12400868333.3,-51.60819518230802
12405866666.7,-51.699012409089235
12410865000.0,-51.87239480064641
12415863333.3,-52.02407454436026
12420861666.7,-51.91835564024948
12425860000.0,-52.040935854788245
12430858333.3,-52.016630721363406
12435856666.7,-51.74954772476678
12440855000.0,-51.76380434204617
12445853333.3,-51.59924992561963
12450851666.7,-51.87884285582833
12455850000.0,-51.97591837166604
12460848333.3,-51.9564868623431
12465846666.7,-52.016776611394604
12470845000.0,-52.3353326965773
12475843333.3,-52.40513410769252
12480841666.7,-52.67110515746138
12485840000.0,-52.50598531316761
12490838333.3,-52.765205888653995
12495836666.7,-52.8455771906181
12500835000.0,-52.799702116786435
12505833333.3,-53.12907322005886
12510831666.7,-52.83045625067534
12515830000.0,-53.45591723639344
12520828333.3,-53.141050895773205
12525826666.7,-53.00493993751361
12530825000.0,-53.05354989500937
12535823333.3,-52.84236299565465
12540821666.7,-52.678204404655176
12545820000.0,-52.857215871612254
12550818333.3,-52.86067367254134
12555816666.7,-53.043099246377075
12560815000.0,-53.41986746482266
12565813333.3,-53.17822731000092
12570811666.7,-53.35339478123015
12575810000.0,-53.398437408792205
12580808333.3,-53.28486053600904
12585806666.7,-53.346514351668134
12590805000.0,-53.1137621650874
12595803333.3,-53.491937070622214
12600801666.7,-53.465199336833734
12605800000.0,-53.31191126345616
12610798333.3,-53.349557252517556
12615796666.7,-53.29153524652106
12620795000.0,-52.97217751823887
12625793333.3,-52.638723612192635
12630791666.7,-52.750796604337744
12635790000.0,-52.879933280214146
12640788333.3,-52.83861619275033
12645786666.7,-52.616696428465495
12650785000.0,-52.9498730374589
12655783333.3,-53.40814463872978
12660781666.7,-53.6457977175597
12665780000.0,-53.421906373878265
12670778333.3,-53.362255948968105
12675776666.7,-53.494576410647085
12680775000.0,-53.26667363102777
12685773333.3,-53.639705964111634
12690771666.7,-53.75623210086603
12695770000.0,-53.703902338818956
12700768333.3,-53.502305572909
12705766666.7,-53.51868933880865
12710765000.0,-53.50781111083441
12715763333.3,-53.25180755990061
12720761666.7,-53.151016128684
12725760000.0,-53.34537322441423
12730758333.3,-53.92258006767122
12735756666.7,-53.97922434603877
12740755000.0,-53.912694485049364
12745753333.3,-54.137746300873715
12750751666.7,-53.92216569283945
12755750000.0,-53.99755630140115
12760748333.3,-53.91690884427615
12765746666.7,-53.8846528383533
12770745000.0,-53.879686192401834
12775743333.3,-54.101311412059026
12780741666.7,-54.02718829547776
12785740000.0,-54.00628118515985
12790738333.3,-54.09568603941341
12795736666.7,-53.8464208109955
12800735000.0,-53.99331911059523
12805733333.3,-53.91130954268689
12810731666.7,-53.761274155385564
12815730000.0,-53.80413867780654
12820728333.3,-54.27879303704505
12825726666.7,-54.32450924522911
12830725000.0,-54.50803858705059
12835723333.3,-54.467268020300466
12840721666.7,-54.58821757702321
12845720000.0,-54.41878829624636
12850718333.3,-54.57931026846333
12855716666.7,-54.606092161073356
12860715000.0,-54.13961851735823
12865713333.3,-54.50536865727077
12870711666.7,-54.25137917235804
12875710000.0,-54.50837614030053
12880708333.3,-54.54575929272225
12885706666.7,-54.54078464833748
12890705000.0,-54.24448421831188
12895703333.3,-54.20964928742707
12900701666.7,-53.9756327607601
12905700000.0,-54.0361537080976
12910698333.3,-54.53710096954264
12915696666.7,-53.99085345502252
12920695000.0,-54.65235304834442
12925693333.3,-54.60095445113623
12930691666.7,-55.0171301343962
12935690000.0,-54.48705711672909
12940688333.3,-54.162570630294894
12945686666.7,-54.435353453535036
12950685000.0,-54.38302342566776
12955683333.3,-54.14008638089193
12960681666.7,-54.256005282182905
12965680000.0,-54.17322707362358
12970678333.3,-54.20353746636238
12975676666.7,-54.473193325185896
12980675000.0,-54.428994658248165
12985673333.3,-54.407958191748456
12990671666.7,-54.88735266570618
12995670000.0,-54.56620510762262
13000668333.3,-54.53978750434019
13005666666.7,-54.58397936270405
13010665000.0,-54.9013431832977
13015663333.3,-54.96554141202148
13020661666.7,-54.69196421198616
13025660000.0,-54.82313521120033
13030658333.3,-54.72955551897927
13035656666.7,-54.54428110092402
13040655000.0,-54.39194706363733
13045653333.3,-54.48421526538091
13050651666.7,-53.91395484596457
13055650000.0,-53.955606887079426
13060648333.3,-53.910897887794476
13065646666.7,-53.78415202291564
13070645000.0,-53.89901006751579
13075643333.3,-53.79762569962555
13080641666.7,-54.07423576038479
13085640000.0,-54.15643115784712
13090638333.3,-54.22752922054766
13095636666.7,-54.097103161503114
13100635000.0,-54.21231131314924
13105633333.3,-54.380273483802824
13110631666.7,-54.484808346563625
13115630000.0,-54.16883795864298
13120628333.3,-54.52664032155293
13125626666.7,-54.309959107703264
13130625000.0,-54.11314902383333
13135623333.3,-53.85098841523531
13140621666.7,-54.01821028114582
13145620000.0,-54.13398355786259
13150618333.3,-53.95570940641113
13155616666.7,-54.15943763939167
13160615000.0,-54.22129542176806
13165613333.3,-53.90240636413097
13170611666.7,-53.89879825787961
13175610000.0,-54.32162017927816
13180608333.3,-54.07118814123292
13185606666.7,-54.16400255712098
13190605000.0,-53.78311507067866
13195603333.3,-54.03125986374957
13200601666.7,-54.29321259555841
13205600000.0,-54.60624189429528
13210598333.3,-54.03244429598894
13215596666.7,-53.97094035846227
13220595000.0,-54.48922071192272
13225593333.3,-54.289750519188374
13230591666.7,-54.113271512457224
13235590000.0,-54.18217508970191
13240588333.3,-54.637438473706354
13245586666.7,-54.31960209798366
13250585000.0,-54.691341331431445
13255583333.3,-54.48811666108185
13260581666.7,-54.86684066387674
13265580000.0,-54.5618303883179
13270578333.3,-54.559011015487954
13275576666.7,-54.61601726307538
13280575000.0,-54.766092094813075
13285573333.3,-54.5761000954456
13290571666.7,-54.59973407147694
13295570000.0,-54.860343356965785
13300568333.3,-54.98200352816507
13305566666.7,-54.61886051086616
13310565000.0,-54.47775716291615
13315563333.3,-54.74548241213035
13320561666.7,-54.39683038500422
13325560000.0,-54.654061479847044
13330558333.3,-54.48580871426788
13335556666.7,-54.75257562081644
13340555000.0,-54.831465576453084
13345553333.3,-54.78221588702048
13350551666.7,-54.484640909202334
13355550000.0,-54.69232157156743
13360548333.3,-54.33546806957058
13365546666.7,-54.613591872557386
13370545000.0,-54.433316491842206
13375543333.3,-54.2265995588129
13380541666.7,-54.24623890337227
13385540000.0,-54.14195663362442
13390538333.3,-54.313830175216175
13395536666.7,-54.199599597222075
13400535000.0,-54.104072813720634
13405533333.3,-54.230748972629506
13410531666.7,-54.28451143009912
13415530000.0,-54.26915921731873
13420528333.3,-54.06885714999937
13425526666.7,-54.467510467724594
13430525000.0,-54.566846149336
13435523333.3,-54.76839033748747
13440521666.7,-54.66163349043667
13445520000.0,-54.820462007073445
13450518333.3,-54.74801108631639
13455516666.7,-54.339776234768784
13460515000.0,-54.50649189410949
13465513333.3,-54.330567504804506
13470511666.7,-54.36270759493751
13475510000.0,-54.8152188913358
13480508333.3,-54.339726352679705
13485506666.7,-54.78815105621329
13490505000.0,-54.252447396238985
13495503333.3,-54.30094155721774
13500501666.7,-54.54607640138876
13505500000.0,-54.186826209802035
13510498333.3,-54.6009834896239
13515496666.7,-54.44240980256214
13520495000.0,-54.61716621813694
13525493333.3,-54.74367947579245
13530491666.7,-55.11581813269707
13535490000.0,-54.91219570498472
13540488333.3,-54.88362850197539
13545486666.7,-54.652434548698125
13550485000.0,-54.783867108835416
13555483333.3,-54.71341974021237
13560481666.7,-54.659315641974615
13565480000.0,-55.05574005953164
13570478333.3,-55.383008752882034
13575476666.7,-55.224173185356065
13580475000.0,-55.47607775021735
13585473333.3,-55.378568997682706
13590471666.7,-55.242470357684226
13595470000.0,-55.62469646807685
13600468333.3,-55.54395072005798
13605466666.7,-56.07369711725984
13610465000.0,-55.53943275283946
13615463333.3,-55.54755931513845
13620461666.7,-55.35133158803993
13625460000.0,-55.594006424419916
13630458333.3,-55.426300043129146
13635456666.7,-55.48572122908956
13640455000.0,-55.28054383810133
13645453333.3,-55.14452566151465
13650451666.7,-55.3856360422637
13655450000.0,-55.00474429402906
13660448333.3,-54.944345736808984
13665446666.7,-55.08671902442853
13670445000.0,-55.26528551300756
13675443333.3,-55.08304636681926
13680441666.7,-55.02703219287275
13685440000.0,-55.06821194423327
13690438333.3,-55.03454096812255
13695436666.7,-54.72069623317602
13700435000.0,-54.72663039058537
13705433333.3,-54.64184662225769
13710431666.7,-54.48427830483637
13715430000.0,-54.83787371676691
13720428333.3,-54.84365753840156
13725426666.7,-54.374788555822875
13730425000.0,-54.65033365797541
13735423333.3,-54.507139761801675
13740421666.7,-54.63293474314966
13745420000.0,-54.61180433193129
13750418333.3,-54.35368847860097
13755416666.7,-54.892117267043794
13760415000.0,-54.73390907585166
13765413333.3,-55.06128846795322
13770411666.7,-55.18290099236978
13775410000.0,-54.89028003435127
13780408333.3,-55.526894041048315
13785406666.7,-54.961528413373586
13790405000.0,-54.938252861962724
13795403333.3,-55.0298825138832
13800401666.7,-55.225503815180225
13805400000.0,-55.1252952657153
13810398333.3,-55.31118709493949
13815396666.7,-54.88161695569456
13820395000.0,-55.0060194792706
13825393333.3,-54.71006187786018
13830391666.7,-54.78170389597162
13835390000.0,-54.881344094796006
13840388333.3,-54.91583512072459
13845386666.7,-55.10130934818372
13850385000.0,-55.25354253428866
13855383333.3,-55.51358382306502
13860381666.7,-55.29833801886943
13865380000.0,-55.026671794435195
13870378333.3,-55.10234715197406
13875376666.7,-55.21334119797637
13880375000.0,-55.49966599626614
13885373333.3,-55.34174303519576
13890371666.7,-55.26167873213691
13895370000.0,-55.2719324966132
13900368333.3,-54.989189054867694
13905366666.7,-54.91492967606847
13910365000.0,-54.74319760372319
13915363333.3,-55.09293860636685
13920361666.7,-55.04028873599471
13925360000.0,-54.79230485519573
13930358333.3,-54.97627661453442
13935356666.7,-54.99027533977073
13940355000.0,-54.9257399918001
13945353333.3,-54.999700593174595
13950351666.7,-55.17951318207392
13955350000.0,-55.220583029148685
13960348333.3,-55.01351488528391
13965346666.7,-54.946584566600514
13970345000.0,-54.662639511382345
13975343333.3,-54.34510222756443
13980341666.7,-54.62840274384306
13985340000.0,-54.78504161964108
13990338333.3,-54.306818266138634
13995336666.7,-54.18331196147844
14000335000.0,-54.18676993572248
14005333333.3,-54.033302147118285
14010331666.7,-53.950410141854626
14015330000.0,-53.9508468360635
14020328333.3,-53.89988707289043
14025326666.7,-54.00027278611043
14030325000.0,-54.25291369103667
14035323333.3,-54.38786970589501
14040321666.7,-54.19028764266664
14045320000.0,-54.00324253876947
14050318333.3,-54.08474108109487
14055316666.7,-54.04772376792077
14060315000.0,-53.932322584287505
14065313333.3,-53.83987504922793
14070311666.7,-53.886570925871965
14075310000.0,-53.840766532237836
14080308333.3,-53.95340149497742
14085306666.7,-53.88926972063574
14090305000.0,-53.75501316741892
14095303333.3,-53.82877371357567
14100301666.7,-53.907306248982685
14105300000.0,-54.12242708248136
14110298333.3,-54.104012330108915
14115296666.7,-54.08728899793153
14120295000.0,-54.54041198259459
14125293333.3,-54.59649421826537
14130291666.7,-54.60701244134764
14135290000.0,-54.528812576559346
14140288333.3,-54.76050954688756
14145286666.7,-54.38740129651772
14150285000.0,-54.526786544546255
14155283333.3,-54.33503327260806
14160281666.7,-54.41729364049583
14165280000.0,-54.56929867860498
14170278333.3,-54.77108177371086
14175276666.7,-54.86977923631117
14180275000.0,-54.392868588908684
14185273333.3,-54.516625045124
14190271666.7,-54.32659134117665
14195270000.0,-54.612598500799656
14200268333.3,-54.37763457136739
14205266666.7,-54.65447507586654
14210265000.0,-54.53457000653104
14215263333.3,-54.589493730198825
14220261666.7,-54.641021985724045
14225260000.0,-54.309182803964816
14230258333.3,-54.55926481787877
14235256666.7,-54.21490815359774
14240255000.0,-54.292418483389504
14245253333.3,-54.17560553661529
14250251666.7,-54.14636152616318
14255250000.0,-54.35809569105536
14260248333.3,-54.13517840268086
14265246666.7,-54.6475114518067
14270245000.0,-54.51308763495608
14275243333.3,-54.76563683699922
14280241666.7,-54.773669002662686
14285240000.0,-54.90858873915474
14290238333.3,-54.59538764307037
14295236666.7,-54.91103613106186
14300235000.0,-54.857583503982724
14305233333.3,-54.66869035154697
14310231666.7,-54.72318267979916
14315230000.0,-54.83083137210728
14320228333.3,-54.199332395694285
14325226666.7,-54.6476494134394
14330225000.0,-54.596494133522896
14335223333.3,-54.29977185238141
14340221666.7,-54.37022268487449
14345220000.0,-54.47417652007218
14350218333.3,-53.82369532844506
14355216666.7,-54.1779568651988
14360215000.0,-54.68946634602173
14365213333.3,-54.44595677920706
14370211666.7,-54.57563946462283
14375210000.0,-54.431807849274996
14380208333.3,-54.64984301965684
14385206666.7,-54.59630998224086
14390205000.0,-54.65679763623879
14395203333.3,-54.39638649056064
14400201666.7,-54.468457028442565
14405200000.0,-54.734325739507355
14410198333.3,-54.693952194336575
14415196666.7,-54.422444820685456
14420195000.0,-54.295317870184846
14425193333.3,-54.26887864316888
14430191666.7,-54.221650301785196
14435190000.0,-54.156608614396625
14440188333.3,-54.26333075361745
14445186666.7,-54.49533834100098
14450185000.0,-54.53150721177698
14455183333.3,-54.85650800756987
14460181666.7,-54.72943832718591
14465180000.0,-54.710619090777186
14470178333.3,-54.88759622051924
14475176666.7,-54.980248877414965
14480175000.0,-54.846297708752886
14485173333.3,-55.15886596439901
14490171666.7,-54.63521685217465
14495170000.0,-54.71835394524966
14500168333.3,-55.282286599468755
14505166666.7,-54.98564964519235
14510165000.0,-54.967739327434245
14515163333.3,-54.888458337486846
14520161666.7,-54.862206791506985
14525160000.0,-54.95226425823723
14530158333.3,-55.05259312600576
14535156666.7,-54.983898945760565
14540155000.0,-55.16220530448906
14545153333.3,-55.5613838565342
14550151666.7,-55.536466959016224
14555150000.0,-55.60115320093157
14560148333.3,-55.70837431381879
14565146666.7,-55.48141995626848
14570145000.0,-55.660835320985605
14575143333.3,-55.46271449135058
14580141666.7,-55.63668973896718
14585140000.0,-55.345030750379024
14590138333.3,-55.67147654946898
14595136666.7,-55.617979049559835
14600135000.0,-55.14465914551026
14605133333.3,-55.53707031350023
14610131666.7,-55.13392816493614
14615130000.0,-55.32501703542578
14620128333.3,-54.838711629865216
14625126666.7,-55.18876337633422
14630125000.0,-55.47702990438989
14635123333.3,-55.02428217854554
14640121666.7,-55.47439453549609
14645120000.0,-55.086616855151725
14650118333.3,-55.054995711604285
14655116666.7,-54.78578172440733
14660115000.0,-54.85942018077114
14665113333.3,-54.90566316482416
14670111666.7,-54.948968750899716
14675110000.0,-54.732388546868464
14680108333.3,-54.69534901767621
14685106666.7,-54.95791719198989
14690105000.0,-54.9879377490969
14695103333.3,-54.86943179502642
14700101666.7,-55.32435821431009
14705100000.0,-54.830108062862415
14710098333.3,-55.076543037632305
14715096666.7,-55.06236699609421
14720095000.0,-55.17814107189367
14725093333.3,-55.062029310557854
14730091666.7,-55.20030406573788
14735090000.0,-55.36018637383944
14740088333.3,-55.0064852677187
14745086666.7,-54.48625490620883
14750085000.0,-54.322479854976244
14755083333.3,-54.42362631081085
14760081666.7,-54.44628454132565
14765080000.0,-54.06771053673274
14770078333.3,-54.44444462841037
14775076666.7,-54.52680837661565
14780075000.0,-54.2685681919476
14785073333.3,-54.610775484941804
14790071666.7,-54.52601575331645
14795070000.0,-54.8237454736051
14800068333.3,-54.75218933380284
14805066666.7,-55.01442041509701
14810065000.0,-54.917820486847404
14815063333.3,-55.45644456495421
14820061666.7,-54.9434400643505
14825060000.0,-55.39042985781008
14830058333.3,-55.270080224518836
14835056666.7,-54.93566445072473
14840055000.0,-55.010402835183854
14845053333.3,-54.915780629965184
14850051666.7,-54.66530634363057
14855050000.0,-54.68456286757608
14860048333.3,-54.78846718768153
14865046666.7,-55.01955413363131
14870045000.0,-54.87831450362417
14875043333.3,-55.29334342996555
14880041666.7,-55.14943144811517
14885040000.0,-55.40894973611713
14890038333.3,-55.65863374626555
14895036666.7,-55.89669205833061
14900035000.0,-56.05650419943537
14905033333.3,-56.09956121385654
14910031666.7,-55.873439132894504
14915030000.0,-55.683013111981
14920028333.3,-55.53932028328849
14925026666.7,-55.25326915183794
14930025000.0,-55.178842475483165
14935023333.3,-54.96078598492091
14940021666.7,-55.03969380757618
14945020000.0,-54.618657610300275
14950018333.3,-54.285286038573624
14955016666.7,-54.42853748106825
14960015000.0,-54.23590033216199
14965013333.3,-54.50951923393441
14970011666.7,-54.447195655149514
14975010000.0,-54.32079838573558
14980008333.3,-54.5363453970087
14985006666.7,-54.10024219745695
14990005000.0,-54.73349751989179
14995003333.3,-54.782821966976265
15000001666.7,-54.77784486412193
15005000000.0,-54.6969602599286
15009998333.3,-54.297799378655824
15014996666.7,-54.8959098878477
15019995000.0,-54.48607969427947
15024993333.3,-54.47668794850249
15029991666.7,-54.36052309147456
15034990000.0,-54.209092572129734
15039988333.3,-54.06680774264356
15044986666.7,-54.30098450342416
15049985000.0,-53.80869019049838
15054983333.3,-54.25554210846072
15059981666.7,-54.35213274451128
15064980000.0,-54.35953173070929
15069978333.3,-53.92386161941286
15074976666.7,-54.171836068934304
15079975000.0,-54.06051289201813
15084973333.3,-53.95477952480316
15089971666.7,-53.91307417210256
15094970000.0,-54.36768007897149
15099968333.3,-53.696646873367115
15104966666.7,-53.87769843259534
15109965000.0,-53.896237396591566
15114963333.3,-53.77798232242422
15119961666.7,-53.47413897497303
15124960000.0,-53.96568244564469
15129958333.3,-53.510929097308725
15134956666.7,-53.84994424072582
15139955000.0,-54.08932402626298
15144953333.3,-54.21015853203588
15149951666.7,-54.33269897377633
15154950000.0,-54.337068528472486
15159948333.3,-54.719624511833054
15164946666.7,-54.424627650608755
15169945000.0,-54.69135235336744
15174943333.3,-54.58941845487242
15179941666.7,-54.351813841314076
15184940000.0,-54.52217649022995
15189938333.3,-54.564698010439905
15194936666.7,-54.99987928757798
15199935000.0,-54.616907511720555
15204933333.3,-54.851561038874536
15209931666.7,-55.04635031056929
15214930000.0,-54.69397058651048
15219928333.3,-54.92011653223464
15224926666.7,-55.295007088548886
15229925000.0,-55.060773589344905
15234923333.3,-55.85546854636025
15239921666.7,-55.862723392240866
15244920000.0,-55.827602739197424
15249918333.3,-56.211548372114386
15254916666.7,-56.17450807818195
15259915000.0,-55.76101814108419
15264913333.3,-55.77825796156713
15269911666.7,-55.584408131855945
15274910000.0,-55.509707268083886
15279908333.3,-55.411442557959475
15284906666.7,-55.26190648008218
15289905000.0,-55.34139156967591
15294903333.3,-55.118208810871884
15299901666.7,-54.6520276286111
15304900000.0,-54.95872733245022
15309898333.3,-55.26571986521819
15314896666.7,-54.895122392201316
15319895000.0,-54.75074826438126
15324893333.3,-55.21566786299942
15329891666.7,-54.69219837338756
15334890000.0,-54.987353259669895
15339888333.3,-54.92136357807176
15344886666.7,-54.92197864662104
15349885000.0,-54.60190652520743
15354883333.3,-54.58259878972436
15359881666.7,-54.50617853030881
15364880000.0,-54.460876038330696
15369878333.3,-54.327451887807435
15374876666.7,-54.183539283983976
15379875000.0,-54.42497249210732
15384873333.3,-54.95261622699522
15389871666.7,-54.40826592125815
15394870000.0,-54.453675692125074
15399868333.3,-54.34423170288713
15404866666.7,-54.53580021705249
15409865000.0,-54.57682568508769
15414863333.3,-54.8099615142499
15419861666.7,-54.99568593468908
15424860000.0,-55.132728663066494
15429858333.3,-55.004402433136256
15434856666.7,-54.92656131249218
15439855000.0,-55.11129365302245
15444853333.3,-54.790685328942
15449851666.7,-54.799365139160756
15454850000.0,-54.83738091204443
15459848333.3,-54.9772350431562
15464846666.7,-54.92339187177546
15469845000.0,-55.378776275245855
15474843333.3,-55.3274616783462
15479841666.7,-55.21169119846216
15484840000.0,-55.58459921351936
15489838333.3,-55.764569045101
15494836666.7,-55.60598182211153
15499835000.0,-55.578627129455214
15504833333.3,-55.615281652492506
15509831666.7,-56.031678904616825
15514830000.0,-56.32273552635162
15519828333.3,-55.96186816648563
15524826666.7,-55.94169524037521
15529825000.0,-55.92865925251498
15534823333.3,-55.93165710115646
15539821666.7,-55.95284115576454
15544820000.0,-55.81047210003621
15549818333.3,-55.80861243590506
15554816666.7,-55.74013811827289
15559815000.0,-56.08440697818848
15564813333.3,-56.207798568359124
15569811666.7,-56.063031237323536
15574810000.0,-55.83281885756962
15579808333.3,-55.960873398802576
15584806666.7,-56.137685822785166
15589805000.0,-55.853395543378284
15594803333.3,-55.95789980286718
15599801666.7,-55.63053026640844
15604800000.0,-55.65253303307601
15609798333.3,-55.89145979765309
15614796666.7,-55.501161149348206
15619795000.0,-55.4491569776037
15624793333.3,-55.26108371926011
15629791666.7,-55.07906778565279
15634790000.0,-55.024533712344315
15639788333.3,-55.16738626040066
15644786666.7,-54.94016734994739
15649785000.0,-55.07402720689878
15654783333.3,-54.97045660962498
15659781666.7,-55.38728932798226
15664780000.0,-55.3881238866518
15669778333.3,-55.04340254638825
15674776666.7,-55.06527850594402
15679775000.0,-55.4126721640926
15684773333.3,-55.083161812509104
15689771666.7,-54.70090859658305
15694770000.0,-54.55020605297911
15699768333.3,-54.807218100613966
15704766666.7,-55.05433440359955
15709765000.0,-54.904146003936816
15714763333.3,-54.851931443351
15719761666.7,-55.21634135582653
15724760000.0,-54.7393514474152
15729758333.3,-55.33528239061802
15734756666.7,-55.093607533299256
15739755000.0,-55.21322426127428
15744753333.3,-55.6542133744161
15749751666.7,-55.947366667689444
15754750000.0,-55.82145854141651
15759748333.3,-55.97550467848002
15764746666.7,-56.01377238702601
15769745000.0,-56.61791077362168
15774743333.3,-55.968056381745505
15779741666.7,-56.193586693720235
15784740000.0,-55.69736783494396
15789738333.3,-55.46233439398368
15794736666.7,-55.79572726134692
15799735000.0,-55.52447591335242
15804733333.3,-55.46959532647834
15809731666.7,-55.27488853914642
15814730000.0,-55.281723268352806
15819728333.3,-55.219132123129185
15824726666.7,-55.102745252610774
15829725000.0,-55.16646260710347
15834723333.3,-55.25878117656787
15839721666.7,-54.947849079202946
15844720000.0,-55.52755593744565
15849718333.3,-55.70637157292623
15854716666.7,-55.291307925951536
15859715000.0,-55.3456961142749
15864713333.3,-55.07059741912384
15869711666.7,-55.2324150134048
15874710000.0,-54.798417011926304
15879708333.3,-54.933888634557555
15884706666.7,-54.62838488190579
15889705000.0,-54.51804471932561
15894703333.3,-54.60749979352951
15899701666.7,-54.68285394891452
15904700000.0,-54.91496422669628
15909698333.3,-54.51066611275378
15914696666.7,-54.86392555825563
15919695000.0,-54.75954738635891
15924693333.3,-54.791789705058356
15929691666.7,-55.18930199891393
15934690000.0,-55.27068297230775
15939688333.3,-55.26254072687105
15944686666.7,-55.34304294829152
15949685000.0,-55.10039850166743
15954683333.3,-55.315386862038416
15959681666.7,-55.32990279668109
15964680000.0,-55.0079752090944
15969678333.3,-54.86753955358584
15974676666.7,-55.35551535750698
15979675000.0,-54.94707764917897
15984673333.3,-55.140584465776584
15989671666.7,-54.95871767456443
15994670000.0,-55.19305819399146
15999668333.3,-54.94328597513387
16004666666.7,-54.75094546516378
16009665000.0,-55.00167288882718
16014663333.3,-55.231097090087175
16019661666.7,-55.40173234704411
16024660000.0,-55.02785638006859
16029658333.3,-55.24913129793227
16034656666.7,-55.09097063711499
16039655000.0,-54.964893636836294
16044653333.3,-54.8678351864697
16049651666.7,-54.97870473229473
16054650000.0,-54.82343053566633
16059648333.3,-54.64037312486086
16064646666.7,-55.02678918563059
16069645000.0,-54.996702865452995
16074643333.3,-55.2576876411953
16079641666.7,-55.13828100012651
16084640000.0,-54.98743254365917
16089638333.3,-55.417396584436304
16094636666.7,-55.071001594972614
16099635000.0,-55.50458501482414
16104633333.3,-55.395501500923096
16109631666.7,-55.49335419328558
16114630000.0,-55.02564939175752
16119628333.3,-55.410573402106245
16124626666.7,-55.29739099625847
16129625000.0,-55.36666088535617
16134623333.3,-54.73451150332166
16139621666.7,-54.78829371699008
16144620000.0,-54.7808950892658
16149618333.3,-54.4903962177133
16154616666.7,-54.082383461777326
16159615000.0,-54.342160159637785
16164613333.3,-54.42296074804433
16169611666.7,-54.35943264945247
16174610000.0,-54.76241157940067
16179608333.3,-54.650954590245824
16184606666.7,-54.734081436899416
16189605000.0,-54.77844291437154
16194603333.3,-55.210569628435096
16199601666.7,-54.97325467422463
16204600000.0,-54.86729040050484
16209598333.3,-55.20244352325885
16214596666.7,-55.67200354216001
16219595000.0,-55.4242049838978
16224593333.3,-55.470888564024435
16229591666.7,-55.38817075683065
16234590000.0,-55.31466202766352
16239588333.3,-54.940372962687576
16244586666.7,-54.95774036167064
16249585000.0,-54.77813047234995
16254583333.3,-55.519371781661164
16259581666.7,-55.0024557290148
16264580000.0,-55.509541443544
16269578333.3,-55.4288968966831
16274576666.7,-55.2425593996006
16279575000.0,-55.61096032167518
16284573333.3,-55.75066923073681
16289571666.7,-55.437132746255145
16294570000.0,-55.51640775085764
16299568333.3,-55.54317043701318
16304566666.7,-55.57154174018227
16309565000.0,-55.60895487958665
16314563333.3,-55.387618188035574
16319561666.7,-55.38466514915662
16324560000.0,-55.13151456850629
16329558333.3,-55.0291278569252
16334556666.7,-54.78786792402385
16339555000.0,-55.116964689802614
16344553333.3,-54.982337319104374
16349551666.7,-54.9229187991142
16354550000.0,-55.409077417530014
16359548333.3,-55.25746314376188
16364546666.7,-55.091353171962545
16369545000.0,-55.26060076455467
16374543333.3,-54.959973309776714
16379541666.7,-55.11124690905794
16384540000.0,-54.95494575629674
16389538333.3,-54.71151925837941
16394536666.7,-54.88953822666033
16399535000.0,-55.05267239412011
16404533333.3,-54.75820154139591
16409531666.7,-54.94454687333076
16414530000.0,-54.71902965315972
16419528333.3,-54.890685157305114
16424526666.7,-54.90403198576445
16429525000.0,-54.5320880607444
16434523333.3,-54.993159620124
16439521666.7,-55.50430346770608
16444520000.0,-55.41234845217669
16449518333.3,-55.276494011808694
16454516666.7,-55.52967321015683
16459515000.0,-54.77364526748437
16464513333.3,-55.106691800067566
16469511666.7,-55.27550630326423
16474510000.0,-55.00395630606687
16479508333.3,-55.19679060460983
16484506666.7,-55.09335708419178
16489505000.0,-54.97263849350312
16494503333.3,-54.93203032031346
16499501666.7,-55.226008234882855
16504500000.0,-55.00883648897354
16509498333.3,-55.147213831829454
16514496666.7,-55.094617618259505
16519495000.0,-54.94216164242544
16524493333.3,-55.508693749038464
16529491666.7,-55.497754919914925
16534490000.0,-55.97444163932877
16539488333.3,-55.56014581543971
16544486666.7,-55.58156122537329
16549485000.0,-55.8504752487659
16554483333.3,-55.69494284163979
16559481666.7,-55.58945429466503
16564480000.0,-55.66393117028194
16569478333.3,-55.44309116346358
16574476666.7,-55.55204794780298
16579475000.0,-55.40876126088591
16584473333.3,-55.59800686608989
16589471666.7,-55.212291767777245
16594470000.0,-55.743980987009856
16599468333.3,-55.60519310466838
16604466666.7,-55.483126834807905
16609465000.0,-55.23860947101681
16614463333.3,-54.86638020011094
16619461666.7,-55.285827518308956
16624460000.0,-55.160836637214004
16629458333.3,-55.348087967223414
16634456666.7,-55.341105757454216
16639455000.0,-55.259583284695125
16644453333.3,-55.287508339370845
16649451666.7,-55.42079522843402
16654450000.0,-55.09367551458803
16659448333.3,-55.250415303475044
16664446666.7,-54.82776896834616
16669445000.0,-54.94331160624385
16674443333.3,-54.71487027967338
16679441666.7,-55.10380135794666
16684440000.0,-54.77386907549742
16689438333.3,-55.12455698191629
16694436666.7,-54.75190729827457
16699435000.0,-54.67678418597447
16704433333.3,-54.82966424680093
16709431666.7,-55.161833364327784
16714430000.0,-55.09119176101295
16719428333.3,-54.84952050586405
16724426666.7,-54.73115281470083
16729425000.0,-54.68605008280663
16734423333.3,-54.71275274204007
16739421666.7,-54.609876547689694
16744420000.0,-54.54731031873489
16749418333.3,-54.513322334089196
16754416666.7,-54.29568065351185
16759415000.0,-54.51524738933087
16764413333.3,-54.27126157284637
16769411666.7,-54.75465517630715
16774410000.0,-54.66247287212879
16779408333.3,-54.325704958832546
16784406666.7,-54.48947812001305
16789405000.0,-54.69850283352615
16794403333.3,-54.48971731963729
16799401666.7,-54.72725666768005
16804400000.0,-54.72425035318836
16809398333.3,-54.763090187161374
16814396666.7,-55.03436976730584
16819395000.0,-54.91100883902624
16824393333.3,-54.82192414537324
16829391666.7,-54.43199818437273
16834390000.0,-54.45098605818286
16839388333.3,-54.64308241556231
16844386666.7,-54.42086014849117
16849385000.0,-54.684617335249456
16854383333.3,-54.5833169237612
16859381666.7,-54.84902476708463
16864380000.0,-54.65489291287906
16869378333.3,-55.30302809403701
16874376666.7,-55.00617823704374
16879375000.0,-55.11085282887244
16884373333.3,-54.932982642648234
16889371666.7,-55.010322865153796
16894370000.0,-55.643339029644785
16899368333.3,-55.2836399928184
16904366666.7,-55.187223983365634
16909365000.0,-55.265776520697884
16914363333.3,-55.41854917184706
16919361666.7,-55.037198347966296
16924360000.0,-54.88335294028316
16929358333.3,-54.53897391527618
16934356666.7,-54.29786873732377
16939355000.0,-54.425993087909504
16944353333.3,-54.73995008423061
16949351666.7,-54.61021858032389
16954350000.0,-54.491992934751714
16959348333.3,-54.35718786660864
16964346666.7,-54.32127576235567
16969345000.0,-54.29865607528225
16974343333.3,-54.409988014930676
16979341666.7,-54.262502159823605
16984340000.0,-54.58251406871759
16989338333.3,-53.9698601145204
16994336666.7,-53.85090153456383
16999335000.0,-53.96371470635579
17004333333.3,-54.00381594199714
17009331666.7,-54.13765328370039
17014330000.0,-54.15858586171926
17019328333.3,-53.7288764266978
17024326666.7,-53.45204143313289
17029325000.0,-53.63611708016297
17034323333.3,-53.54328351534383
17039321666.7,-53.69536045748824
17044320000.0,-53.8861212779054
17049318333.3,-53.677556181225306
17054316666.7,-54.391541749657215
17059315000.0,-54.125785894000636
17064313333.3,-54.32553910918709
17069311666.7,-54.15950525849378
17074310000.0,-54.14596908065812
17079308333.3,-53.72337875201984
17084306666.7,-54.02448484603008
17089305000.0,-54.04969336595254
17094303333.3,-54.12075349425342
17099301666.7,-54.107441321953615
17104300000.0,-53.95665680224707
17109298333.3,-54.08564942388358
17114296666.7,-54.0370118789814
17119295000.0,-54.076047707230195
17124293333.3,-54.23496165073203
17129291666.7,-54.352288430421765
17134290000.0,-54.84529060648618
17139288333.3,-54.82244062265758
17144286666.7,-54.98595576407933
17149285000.0,-55.18187373339073
17154283333.3,-55.480553978585775
17159281666.7,-55.10329797212676
17164280000.0,-55.074018483513775
17169278333.3,-55.31599108229499
17174276666.7,-54.867828197763274
17179275000.0,-54.60150977185043
17184273333.3,-54.82032673654413
17189271666.7,-55.16445496209205
17194270000.0,-54.97791038431859
17199268333.3,-54.560467147095665
17204266666.7,-54.43792560206498
17209265000.0,-54.304447566480796
17214263333.3,-54.47243016060951
17219261666.7,-54.301524171223704
17224260000.0,-54.49713816651342
17229258333.3,-54.69537034255115
17234256666.7,-54.47546600084475
17239255000.0,-54.88323708747269
17244253333.3,-54.82763158267296
17249251666.7,-54.61810303309913
17254250000.0,-54.716031575856725
17259248333.3,-54.48863977658093
17264246666.7,-54.715471108035445
17269245000.0,-54.55259743562693
17274243333.3,-54.478994681932996
17279241666.7,-54.606765247971126
17284240000.0,-54.35910251590789
17289238333.3,-54.282580366069446
17294236666.7,-54.198013994020755
17299235000.0,-54.10073967825284
17304233333.3,-53.91979708943155
17309231666.7,-53.79534554946012
17314230000.0,-53.74689187735048
17319228333.3,-53.92007189832613
17324226666.7,-53.73802836304157
17329225000.0,-53.94320165703909
17334223333.3,-53.53271141353744
17339221666.7,-53.490678523426396
17344220000.0,-53.82997796962403
17349218333.3,-54.15663453144547
17354216666.7,-53.957559106359206
17359215000.0,-54.107859623688114
17364213333.3,-54.261308484208435
17369211666.7,-54.044022352274425
17374210000.0,-54.55682364590107
17379208333.3,-54.43191380589157
17384206666.7,-54.51757574432354
17389205000.0,-54.491125054238914
17394203333.3,-54.53345691986415
17399201666.7,-54.76435582562
17404200000.0,-54.44425218423754
17409198333.3,-54.86006449590395
17414196666.7,-54.94655671858797
17419195000.0,-55.13054843608613
17424193333.3,-55.031580808981644
17429191666.7,-54.820384809584695
17434190000.0,-54.63908280968085
17439188333.3,-54.83987916503574
17444186666.7,-55.008163484193055
17449185000.0,-54.69935753610788
17454183333.3,-54.58399354120493
17459181666.7,-54.532186075266225
17464180000.0,-54.70927834172308
17469178333.3,-55.04756052746594
17474176666.7,-55.2215455170559
17479175000.0,-54.897322442043205
17484173333.3,-54.71235459309377
17489171666.7,-54.512868182350886
17494170000.0,-54.80847257710009
17499168333.3,-54.508989691085795
17504166666.7,-54.4958594671667
17509165000.0,-54.260594054490056
17514163333.3,-54.28342037291421
17519161666.7,-54.35623560349026
17524160000.0,-54.41263399286236
17529158333.3,-54.26194647665614
17534156666.7,-53.718591139774354
17539155000.0,-53.848776857149296
17544153333.3,-54.01990090660807
17549151666.7,-54.192846755483856
17554150000.0,-54.33692525878607
17559148333.3,-54.06702421261815
17564146666.7,-54.28040354043332
17569145000.0,-54.45980471463866
17574143333.3,-54.23072663653309
17579141666.7,-54.94838729407963
17584140000.0,-54.711007824986105
17589138333.3,-54.28873674765122
17594136666.7,-54.87987649069831
17599135000.0,-54.6188773376049
17604133333.3,-54.79402090461601
17609131666.7,-54.76428361429665
17614130000.0,-54.796470937687175
17619128333.3,-54.8640516710666
17624126666.7,-54.783793932176714
17629125000.0,-54.602138143695896
17634123333.3,-54.57018340974213
17639121666.7,-54.737235557110644
17644120000.0,-54.882291183687144
17649118333.3,-54.549658158064815
17654116666.7,-55.14929774950037
17659115000.0,-54.48958604873809
17664113333.3,-54.602059638035485
17669111666.7,-54.75553168880146
17674110000.0,-54.46545905556345
17679108333.3,-54.29027184206735
17684106666.7,-54.3200226858513
17689105000.0,-54.10333348517504
17694103333.3,-54.18829233816976
17699101666.7,-54.271970546973634
17704100000.0,-54.10137262333634
17709098333.3,-54.045020406957704
17714096666.7,-54.225321059584616
17719095000.0,-54.23432925682264
17724093333.3,-53.705713110673294
17729091666.7,-53.770886512993314
17734090000.0,-54.264988685228175
17739088333.3,-54.117163843488655
17744086666.7,-54.190536182043004
17749085000.0,-54.19352527176186
17754083333.3,-53.81573898328298
17759081666.7,-54.05546610819244
17764080000.0,-53.60132378682508
17769078333.3,-54.01097920326302
17774076666.7,-53.37363555855126
17779075000.0,-54.004972012581966
17784073333.3,-53.757858724752445
17789071666.7,-53.886351538836706
17794070000.0,-53.57048240422802
17799068333.3,-53.648290258333034
17804066666.7,-53.80037742343789
17809065000.0,-53.51849016546658
17814063333.3,-53.6911199933348
17819061666.7,-53.86560742843757
17824060000.0,-53.703917211999446
17829058333.3,-53.52317592458736
17834056666.7,-54.10002715352831
17839055000.0,-53.717001137370886
17844053333.3,-54.110373022012425
17849051666.7,-53.875768513318874
17854050000.0,-53.7853069212104
17859048333.3,-54.031679034312006
17864046666.7,-53.69220729182356
17869045000.0,-54.07133222707516
17874043333.3,-54.54680925029777
17879041666.7,-54.220883023784964
17884040000.0,-54.30628463309177
17889038333.3,-54.77193367970352
17894036666.7,-54.36579038682094
17899035000.0,-54.497610596764915
17904033333.3,-54.326273935724146
17909031666.7,-54.58555732403091
17914030000.0,-54.95370394915976
17919028333.3,-54.75611288512425
17924026666.7,-54.486961788219155
17929025000.0,-54.77344811524374
17934023333.3,-54.76757272510081
17939021666.7,-54.76098342269606
17944020000.0,-54.47601369316466
17949018333.3,-54.29633403419046
17954016666.7,-54.49177353946813
17959015000.0,-54.21294849282954
17964013333.3,-54.22832211280032
17969011666.7,-54.413838919996536
17974010000.0,-54.02978175665741
17979008333.3,-54.059639190463706
17984006666.7,-54.04274039033395
17989005000.0,-54.43844684048606
17994003333.3,-54.177749411503214
17999001666.7,-53.75785008823756
18004000000.0,-53.8054058085656
18008998333.3,-53.465936850319366
18013996666.7,-53.692852802423715
18018995000.0,-53.93786530522118
18023993333.3,-53.84253398028697
18028991666.7,-53.76107159910749
18033990000.0,-53.87112269727204
18038988333.3,-53.50734022212856
18043986666.7,-53.5354954166316
18048985000.0,-53.634801801065926
18053983333.3,-53.693882047234034
18058981666.7,-53.72217198363073
18063980000.0,-53.622263240036496
18068978333.3,-54.13791048052059
18073976666.7,-53.659083431720525
18078975000.0,-53.606422309263316
18083973333.3,-54.094140385847865
18088971666.7,-54.115946467954586
18093970000.0,-54.41794052763509
18098968333.3,-53.774755488970165
18103966666.7,-54.068645298816776
18108965000.0,-54.24505506106197
18113963333.3,-54.453399255038335
18118961666.7,-54.44527008912221
18123960000.0,-54.53676541859365
18128958333.3,-54.45162613564463
18133956666.7,-54.0950290981425
18138955000.0,-54.4107353475221
18143953333.3,-54.31792937183293
18148951666.7,-54.127636279039805
18153950000.0,-54.52325359142405
18158948333.3,-54.60969658924682
18163946666.7,-54.535509198247205
18168945000.0,-54.54658659858513
18173943333.3,-54.19008774067951
18178941666.7,-54.345240003995414
18183940000.0,-54.41445242515009
18188938333.3,-54.55542189377488
18193936666.7,-54.37794373414326
18198935000.0,-54.62814511578336
18203933333.3,-54.34726817488384
18208931666.7,-54.52617394805776
18213930000.0,-54.87715982637886
18218928333.3,-54.53907012319493
18223926666.7,-54.69702337032612
18228925000.0,-54.37852449362185
18233923333.3,-54.52726124297571
18238921666.7,-54.49725182556767
18243920000.0,-54.21955398725531
18248918333.3,-54.59155611670853
18253916666.7,-54.82881412476178
18258915000.0,-54.7388347991863
18263913333.3,-54.45926213073384
18268911666.7,-54.4283133799827
18273910000.0,-54.68994477879572
18278908333.3,-54.65740320200001
18283906666.7,-54.50022507775812
18288905000.0,-54.70814432382659
18293903333.3,-54.57319910812938
18298901666.7,-54.89100154713672
18303900000.0,-54.99924007697519
18308898333.3,-54.937970805103554
18313896666.7,-54.64258116233728
18318895000.0,-54.506405482413804
18323893333.3,-55.02327493886395
18328891666.7,-54.52140931287328
18333890000.0,-54.518102755623715
18338888333.3,-54.553276283351764
18343886666.7,-54.679967197020574
18348885000.0,-54.326787272499104
18353883333.3,-54.459113012639826
18358881666.7,-54.30366157272164
18363880000.0,-54.398375220865674
18368878333.3,-54.5468051518629
18373876666.7,-54.330517092555404
18378875000.0,-54.08144302566051
18383873333.3,-54.38734275429525
18388871666.7,-54.12784440309126
18393870000.0,-54.10811974826274
18398868333.3,-54.45423038350953
18403866666.7,-54.31727763607445
18408865000.0,-54.28737868589956
18413863333.3,-53.86446263661564
18418861666.7,-53.917506135286935
18423860000.0,-53.57282546123262
18428858333.3,-53.736887532317645
18433856666.7,-53.48814380837191
18438855000.0,-53.74509586005267
18443853333.3,-53.63491542311258
18448851666.7,-53.645167843579145
18453850000.0,-53.73573171859002
18458848333.3,-53.95890358442446
18463846666.7,-53.72911869394967
18468845000.0,-53.919981041805315
18473843333.3,-53.767165338581265
18478841666.7,-53.45384957384431
18483840000.0,-53.80914691054336
18488838333.3,-54.02856249965467
18493836666.7,-54.075381190252
18498835000.0,-54.28790190765571
18503833333.3,-54.323381645032434
18508831666.7,-54.232558701703766
18513830000.0,-53.968111900060904
18518828333.3,-54.08149654370526
18523826666.7,-54.62896418842891
18528825000.0,-54.85339855224702
18533823333.3,-54.523534734687715
18538821666.7,-54.33075014506536
18543820000.0,-54.324605217601686
18548818333.3,-54.58353802087448
18553816666.7,-54.13103678404474
18558815000.0,-54.21793453570362
18563813333.3,-54.444723778445585
18568811666.7,-54.264102534005886
18573810000.0,-54.60679285818532
18578808333.3,-54.68184497774032
18583806666.7,-54.54693085453837
18588805000.0,-54.73737771651753
18593803333.3,-54.592649319285854
18598801666.7,-54.52372059773461
18603800000.0,-54.25496340822538
18608798333.3,-54.3826708755511
18613796666.7,-54.26024161039226
18618795000.0,-54.19997092718633
18623793333.3,-54.0980145080823
18628791666.7,-53.96177477173875
18633790000.0,-54.31685770127981
18638788333.3,-54.320900414250346
18643786666.7,-53.91737606960936
18648785000.0,-53.94362412714865
18653783333.3,-53.994584475905725
18658781666.7,-53.60222573470227
18663780000.0,-53.983493020073645
18668778333.3,-53.94318026044975
18673776666.7,-53.823912698021694
18678775000.0,-53.91811884935362
18683773333.3,-54.00253580305406
18688771666.7,-54.028034044155035
18693770000.0,-54.00334009339686
18698768333.3,-53.63598739336945
18703766666.7,-53.54004257884728
18708765000.0,-53.68987630333423
18713763333.3,-53.71876967843173
18718761666.7,-53.77484475894597
18723760000.0,-53.719403520072674
18728758333.3,-53.647504027847745
18733756666.7,-53.68162643907269
18738755000.0,-53.64023795006794
18743753333.3,-53.552208107584114
18748751666.7,-53.73202120855958
18753750000.0,-53.91024641042898
18758748333.3,-53.513002427196234
18763746666.7,-53.61966097568426
18768745000.0,-53.6856970638686
18773743333.3,-53.64733373814918
18778741666.7,-53.8470958679795
18783740000.0,-53.476477539693754
18788738333.3,-53.6344131149393
18793736666.7,-53.95110584337385
18798735000.0,-53.87754226117281
18803733333.3,-53.66421513244424
18808731666.7,-54.36735370921554
18813730000.0,-54.07433485682259
18818728333.3,-54.40605200480087
18823726666.7,-54.562418486349
18828725000.0,-54.59246713350329
18833723333.3,-54.47217929753862
18838721666.7,-54.69947767865709
18843720000.0,-55.08919817203106
18848718333.3,-54.67649282527229
18853716666.7,-54.779741829529925
18858715000.0,-54.86256817629632
18863713333.3,-55.0502551777344
18868711666.7,-54.688553309212786
18873710000.0,-54.644649378907275
18878708333.3,-54.79212991734059
18883706666.7,-54.246579597534684
18888705000.0,-54.06193057412459
18893703333.3,-54.550666594067394
18898701666.7,-54.41811403287155
18903700000.0,-54.4784621185118
18908698333.3,-54.092130068653134
18913696666.7,-54.082237522968825
18918695000.0,-54.272423601319204
18923693333.3,-53.919804223590646
18928691666.7,-53.79283092970369
18933690000.0,-53.66792910048885
18938688333.3,-53.82844013971173
18943686666.7,-53.86504839976362
18948685000.0,-53.926543060610186
18953683333.3,-53.95252661923978
18958681666.7,-54.09888252057214
18963680000.0,-54.101771789347175
18968678333.3,-54.32365558144018
18973676666.7,-54.476897267545056
18978675000.0,-53.94077314670528
18983673333.3,-54.26596898528379
18988671666.7,-54.33399929230477
18993670000.0,-54.391680377996536
18998668333.3,-54.54625105229056
19003666666.7,-54.593649830288115
19008665000.0,-54.856770267109844
19013663333.3,-54.735342849142874
19018661666.7,-54.91523595152648
19023660000.0,-54.72730350970767
19028658333.3,-54.67333896102603
19033656666.7,-54.61337218884782
19038655000.0,-55.237226623615776
19043653333.3,-54.495023879855935
19048651666.7,-54.703419459180225
19053650000.0,-54.618201614440174
19058648333.3,-54.4385739369466
19063646666.7,-54.495523917620886
19068645000.0,-54.48814637868155
19073643333.3,-54.131403923284076
19078641666.7,-54.375428086393356
19083640000.0,-54.13158374323602
19088638333.3,-54.443933600681085
19093636666.7,-54.37654414722648
19098635000.0,-54.285459610718505
19103633333.3,-54.403784311522585
19108631666.7,-54.14329145843283
19113630000.0,-53.82583593309028
19118628333.3,-54.04112933107566
19123626666.7,-53.78430678324044
19128625000.0,-53.54614716975517
19133623333.3,-53.98037953502801
19138621666.7,-53.44983221633014
19143620000.0,-53.93146138789754
19148618333.3,-53.84679392313922
19153616666.7,-53.78147006775427
19158615000.0,-54.09108335392436
19163613333.3,-53.88191633983136
19168611666.7,-53.802571747837504
19173610000.0,-54.051689751290766
19178608333.3,-53.84962443961819
19183606666.7,-54.192841625831285
19188605000.0,-54.22562668628448
19193603333.3,-54.447961428964604
19198601666.7,-53.605307091491895
19203600000.0,-53.71645871114232
19208598333.3,-54.04737301363086
19213596666.7,-53.87358341470949
19218595000.0,-53.905278269612865
19223593333.3,-54.082406090864346
19228591666.7,-53.9530204314882
19233590000.0,-54.090131233485565
19238588333.3,-53.78776652940998
19243586666.7,-53.956619848283474
19248585000.0,-54.293581846159285
19253583333.3,-54.07085095062687
19258581666.7,-54.35608993397473
19263580000.0,-53.798092217133174
19268578333.3,-54.377571170323534
19273576666.7,-54.45935365396587
19278575000.0,-54.504610240948416
19283573333.3,-54.37557991057218
19288571666.7,-54.288990160517834
19293570000.0,-54.429458986380325
19298568333.3,-54.26119401045197
19303566666.7,-54.34474931217871
19308565000.0,-54.022818992340035
19313563333.3,-54.458203680814314
19318561666.7,-54.49424487221137
19323560000.0,-54.75577457370281
19328558333.3,-54.545360781268855
19333556666.7,-54.61842416930752
19338555000.0,-54.71764520541014
19343553333.3,-54.50567049693076
19348551666.7,-54.40463623469963
19353550000.0,-54.18214202166611
19358548333.3,-54.30135815801798
19363546666.7,-54.37641013713184
19368545000.0,-54.16166718809971
19373543333.3,-54.230410869737476
19378541666.7,-53.89705226362992
19383540000.0,-53.87842778958246
19388538333.3,-53.499551689497544
19393536666.7,-53.42520856809803
19398535000.0,-52.8324773482159
19403533333.3,-53.01198231789592
19408531666.7,-52.74933329095704
19413530000.0,-53.190123185915624
19418528333.3,-53.164795775826946
19423526666.7,-52.85454586093235
19428525000.0,-53.19829819973877
19433523333.3,-52.90426645166477
19438521666.7,-53.01534365146832
19443520000.0,-52.685380870950056
19448518333.3,-52.99320339995147
19453516666.7,-52.569781011739224
19458515000.0,-52.36655434037463
19463513333.3,-52.61198051753682
19468511666.7,-52.9303918696078
19473510000.0,-52.268839916140095
19478508333.3,-52.54484281013929
19483506666.7,-52.145612768420335
19488505000.0,-52.33996783632914
19493503333.3,-52.46378727838878
19498501666.7,-52.24988024053396
19503500000.0,-52.703688128858836
19508498333.3,-52.94091329048355
19513496666.7,-53.10796543936627
19518495000.0,-53.443323888210614
19523493333.3,-53.50611413138257
19528491666.7,-53.72632510871349
19533490000.0,-53.559018670065356
19538488333.3,-53.45703748604906
19543486666.7,-54.14169832444037
19548485000.0,-54.08031148726374
19553483333.3,-53.99919261440555
19558481666.7,-54.01549168787281
19563480000.0,-53.854826257146115
19568478333.3,-53.74212270771653
19573476666.7,-53.66649416016638
19578475000.0,-53.96344933202521
19583473333.3,-53.71806500292401
19588471666.7,-54.02337869204119
19593470000.0,-53.668794462348046
19598468333.3,-53.854484237415406
19603466666.7,-54.022693141538326
19608465000.0,-53.841736024116365
19613463333.3,-54.22608664518755
19618461666.7,-53.92848964560764
19623460000.0,-53.573240393610966
19628458333.3,-53.69130200217815
19633456666.7,-53.34986714890853
19638455000.0,-53.54098991351155
19643453333.3,-53.43691186994563
19648451666.7,-53.64053622131493
19653450000.0,-53.70649475130953
19658448333.3,-53.55964370147096
19663446666.7,-53.98657324703236
19668445000.0,-53.678825128491994
19673443333.3,-53.80907301972971
19678441666.7,-53.25130863122738
19683440000.0,-53.26367842459079
19688438333.3,-53.46864574304157
19693436666.7,-53.82995940024843
19698435000.0,-53.80399142882828
19703433333.3,-53.48323019248369
19708431666.7,-53.68182311980086
19713430000.0,-53.51901239115321
19718428333.3,-53.42476644523026
19723426666.7,-53.102256416046664
19728425000.0,-53.530208076459324
19733423333.3,-53.562470118312746
19738421666.7,-53.53803599764635
19743420000.0,-53.44505909335564
19748418333.3,-53.44773804036166
19753416666.7,-53.32185192916357
19758415000.0,-53.61952272507156
19763413333.3,-53.286413123052554
19768411666.7,-53.781295546334825
19773410000.0,-53.78825292514516
19778408333.3,-53.62480051518412
19783406666.7,-53.64711797997403
19788405000.0,-53.77276520333791
19793403333.3,-53.75290627127814
19798401666.7,-53.48289397202223
19803400000.0,-53.57582822118432
19808398333.3,-53.373580286636056
19813396666.7,-53.54030530612113
19818395000.0,-53.4833464992371
19823393333.3,-53.486515013176245
19828391666.7,-53.77654421413962
19833390000.0,-53.64367240487438
19838388333.3,-53.85633202537957
19843386666.7,-54.22911898456878
19848385000.0,-54.34504925674585
19853383333.3,-54.02989354277157
19858381666.7,-54.32976207952968
19863380000.0,-54.411213106277344
19868378333.3,-54.39651217144512
19873376666.7,-54.4093899619843
19878375000.0,-54.501625230184814
19883373333.3,-54.37105589958151
19888371666.7,-54.64352077639763
19893370000.0,-54.48311456981065
19898368333.3,-54.34393713897697
19903366666.7,-54.4561694194039
19908365000.0,-54.483559868062244
19913363333.3,-54.39870896929685
19918361666.7,-54.15368457818559
19923360000.0,-54.52046274900504
19928358333.3,-54.33533424413171
19933356666.7,-54.10291351203835
19938355000.0,-54.27770995909947
19943353333.3,-54.265350027715094
19948351666.7,-54.287753330070046
19953350000.0,-54.19471609978121
19958348333.3,-54.48762945300391
19963346666.7,-54.383791447792085
19968345000.0,-54.49908680644167
19973343333.3,-54.43358439856234
19978341666.7,-54.49384283718918
19983340000.0,-54.80265350763801
19988338333.3,-54.41002012765466
19993336666.7,-54.73265439036726
19998335000.0,-54.40413138002462
20003333333.3,-54.44779169294496
20008331666.7,-54.30142306672808
20013330000.0,-54.86850457901313
20018328333.3,-54.61070527871621
20023326666.7,-54.59885428978193
20028325000.0,-54.54528707336455
20033323333.3,-54.73773502191936
20038321666.7,-54.74151175438386
20043320000.0,-54.62838433067036
20048318333.3,-54.615735644338145
20053316666.7,-54.919404853730065
20058315000.0,-54.52026450334272
20063313333.3,-54.274282132891884
20068311666.7,-54.479854633473565
20073310000.0,-54.02828971952155
20078308333.3,-54.00048426074604
20083306666.7,-54.08970619688433
20088305000.0,-54.13150121332397
20093303333.3,-53.929217611819865
20098301666.7,-53.78122555551571
20103300000.0,-53.99302330620338
20108298333.3,-54.24902389179025
20113296666.7,-54.31829109363921
20118295000.0,-54.661957492280415
20123293333.3,-54.66068712898226
20128291666.7,-54.54783795494133
20133290000.0,-54.49239764208222
20138288333.3,-54.54578764030987
20143286666.7,-54.426799904546556
20148285000.0,-54.37330359381831
20153283333.3,-54.462995862598085
20158281666.7,-54.67024421941151
20163280000.0,-54.538766990647154
20168278333.3,-54.698964188517216
20173276666.7,-54.48648064888879
20178275000.0,-54.288448522664574
20183273333.3,-54.3469435918915
20188271666.7,-54.80438036768483
20193270000.0,-54.5132347855028
20198268333.3,-54.686822755436395
20203266666.7,-55.33484920566377
20208265000.0,-55.30118333244889
20213263333.3,-55.59649974937703
20218261666.7,-55.367552123685506
20223260000.0,-55.06460150819528
20228258333.3,-55.076219398042035
20233256666.7,-54.78441949567188
20238255000.0,-54.743145486409006
20243253333.3,-54.57236506286655
20248251666.7,-54.805698332821166
20253250000.0,-54.463176160488665
20258248333.3,-54.597653123527785
20263246666.7,-54.38202506813229
20268245000.0,-54.290130012684166
20273243333.3,-54.34591934868941
20278241666.7,-54.06083163217772
20283240000.0,-54.437181960910515
20288238333.3,-54.81226625308513
20293236666.7,-54.61368610362226
20298235000.0,-54.73882985204661
20303233333.3,-55.18677006308339
20308231666.7,-55.0506658312726
20313230000.0,-54.552010158844475
20318228333.3,-54.551293288145324
20323226666.7,-54.56350954401839
20328225000.0,-54.171550623007704
20333223333.3,-53.93598687119759
20338221666.7,-54.059620186401894
20343220000.0,-54.35662764364791
20348218333.3,-54.329885800369865
20353216666.7,-54.10053697677028
20358215000.0,-54.271647547546664
20363213333.3,-54.37826439320938
20368211666.7,-54.39654760064458
20373210000.0,-54.377961657294485
20378208333.3,-54.58302883646263
20383206666.7,-54.48468984898756
20388205000.0,-55.052444012794346
20393203333.3,-55.03622182224998
20398201666.7,-54.88994454698514
20403200000.0,-54.57944107001251
20408198333.3,-54.80620592548806
20413196666.7,-54.408328023907046
20418195000.0,-54.322400903309436
20423193333.3,-54.18305607527123
20428191666.7,-54.23800653478783
20433190000.0,-54.64929715214744
20438188333.3,-54.74188218317805
20443186666.7,-54.83031716419512
20448185000.0,-54.73780956534972
20453183333.3,-54.790360341190514
20458181666.7,-54.839825032368154
20463180000.0,-55.27944257306616
20468178333.3,-55.029479900704374
20473176666.7,-55.2028952064179
20478175000.0,-55.43618027817707
20483173333.3,-55.624814218091785
20488171666.7,-55.259095198948394
20493170000.0,-55.26709480257436
20498168333.3,-55.10353337561989
20503166666.7,-55.148452706744834
20508165000.0,-55.32060780848465
20513163333.3,-54.545189486087935
20518161666.7,-54.27310617756673
20523160000.0,-54.35719392079787
20528158333.3,-54.718504406200836
20533156666.7,-54.72274438983386
20538155000.0,-54.64078635137284
20543153333.3,-54.144111498436935
20548151666.7,-54.454110472467974
20553150000.0,-54.0998334739563
20558148333.3,-54.419662274141004
20563146666.7,-54.542453024980226
20568145000.0,-54.78110436105217
20573143333.3,-54.70323506048161
20578141666.7,-54.537607100086404
20583140000.0,-54.54704283760661
20588138333.3,-54.358814809940306
20593136666.7,-54.714240000337185
20598135000.0,-54.548589334451606
20603133333.3,-54.223732407828244
20608131666.7,-54.69541762507805
20613130000.0,-54.71942364035812
20618128333.3,-54.73938208057366
20623126666.7,-54.89495566235712
20628125000.0,-55.037267123199584
20633123333.3,-54.884624773191675
20638121666.7,-54.82044448621106
20643120000.0,-54.99542783578192
20648118333.3,-55.629128120310654
20653116666.7,-55.25189473809896
20658115000.0,-55.20392869268355
20663113333.3,-55.54862154425837
20668111666.7,-55.486639655199525
20673110000.0,-55.659479236356184
20678108333.3,-55.35166171189991
20683106666.7,-55.75163483350015
20688105000.0,-55.622405520755684
20693103333.3,-55.61071266744523
20698101666.7,-55.29894536040185
20703100000.0,-55.698106842263996
20708098333.3,-55.410479447354
20713096666.7,-56.10855910746303
20718095000.0,-55.867769696097966
20723093333.3,-55.79933598802272
20728091666.7,-55.710846821131
20733090000.0,-55.78288811074512
20738088333.3,-55.59033365043888
20743086666.7,-55.90030842373315
20748085000.0,-55.49612231600102
20753083333.3,-55.637752546567924
20758081666.7,-55.58121261110338
20763080000.0,-55.554238304192516
20768078333.3,-55.63226518891703
20773076666.7,-55.60813407742421
20778075000.0,-55.432020366643556
20783073333.3,-55.43857902588654
20788071666.7,-55.16075045710835
20793070000.0,-55.35431823723559
20798068333.3,-55.223676244209095
20803066666.7,-55.33631452567174
20808065000.0,-55.339170307311946
20813063333.3,-55.511686734367494
20818061666.7,-55.675583902097266
20823060000.0,-55.49566759344218
20828058333.3,-55.64240747464537
20833056666.7,-55.2194061780754
20838055000.0,-54.88112070379415
20843053333.3,-54.89224857081156
20848051666.7,-55.11723547699886
20853050000.0,-55.157421438622116
20858048333.3,-54.96445974475911
20863046666.7,-54.916529912461485
20868045000.0,-54.6966221635651
20873043333.3,-54.81497837284685
20878041666.7,-54.776688558684285
20883040000.0,-55.38789600611948
20888038333.3,-55.26090157695198
20893036666.7,-55.391144612586565
20898035000.0,-55.87969909903688
20903033333.3,-56.27844171568978
20908031666.7,-55.958620125400316
20913030000.0,-56.202033553107924
20918028333.3,-56.01889266398949
20923026666.7,-56.00121991581383
20928025000.0,-56.05371823091291
20933023333.3,-55.95221408258623
20938021666.7,-56.349197317534745
20943020000.0,-56.3372528225353
20948018333.3,-56.19486111621113
20953016666.7,-56.26875682732298
20958015000.0,-56.07530560353542
20963013333.3,-56.56274661091192
20968011666.7,-56.26184611139447
20973010000.0,-56.30036351014694
20978008333.3,-56.44750252305033
20983006666.7,-56.40583313753477
20988005000.0,-56.45236861045972
20993003333.3,-56.49710905114063
20998001666.7,-56.84508275016508
21003000000.0,-56.28242721172182
21007998333.3,-56.49768775658899
21012996666.7,-55.94176811195897
21017995000.0,-55.8532335094662
21022993333.3,-55.69738641958055
21027991666.7,-55.500048862541064
21032990000.0,-55.29666097109268
21037988333.3,-55.30300751224929
21042986666.7,-55.62265058930417
21047985000.0,-55.44181159427866
21052983333.3,-55.0070615947172
21057981666.7,-55.00519481777558
21062980000.0,-55.47819562520133
21067978333.3,-55.1906292867277
21072976666.7,-55.146609213865105
21077975000.0,-55.256975645154455
21082973333.3,-54.92828496932934
21087971666.7,-55.235450321269404
21092970000.0,-54.838553152124156
21097968333.3,-54.76525134776058
21102966666.7,-54.962704989951916
21107965000.0,-54.51165360181304
21112963333.3,-54.76433954290386
21117961666.7,-54.09081594731979
21122960000.0,-54.64905771883756
21127958333.3,-54.72251362396197
21132956666.7,-54.720546942930206
21137955000.0,-55.24567039814898
21142953333.3,-55.362463650180125
21147951666.7,-55.30569544900026
21152950000.0,-55.270459141828134
21157948333.3,-55.72842460677202
21162946666.7,-55.276188234034
21167945000.0,-55.86593196315327
21172943333.3,-55.99315984389782
21177941666.7,-55.90905462764374
21182940000.0,-56.28295419588463
21187938333.3,-56.37611831967101
21192936666.7,-56.24436186845098
21197935000.0,-55.764575018768795
21202933333.3,-55.86602002994678
21207931666.7,-55.733913626197406
21212930000.0,-55.69569329437364
21217928333.3,-55.696974153202845
21222926666.7,-56.00050693049169
21227925000.0,-55.71272028374973
21232923333.3,-56.22607262478907
21237921666.7,-56.19631741328614
21242920000.0,-56.32490701349957
21247918333.3,-56.15691759257821
21252916666.7,-56.24625168539576
21257915000.0,-56.06864114698341
21262913333.3,-55.92501454256248
21267911666.7,-55.6854327525513
21272910000.0,-55.73858861060289
21277908333.3,-55.64011858056499
21282906666.7,-55.2088185721865
21287905000.0,-54.9505405648481
21292903333.3,-54.89176803743166
21297901666.7,-54.661825289440245
21302900000.0,-54.77526480238793
21307898333.3,-54.69684729083956
21312896666.7,-54.70737711839923
21317895000.0,-54.501574943696454
21322893333.3,-55.10561093339926
21327891666.7,-55.099476509210426
21332890000.0,-54.970440554324924
21337888333.3,-54.9882108606386
21342886666.7,-54.62169747133538
21347885000.0,-54.962797710066916
21352883333.3,-54.41839555947343
21357881666.7,-54.51584966170082
21362880000.0,-54.91793641739229
21367878333.3,-54.87609006943488
21372876666.7,-54.78575576971476
21377875000.0,-54.91238508117868
21382873333.3,-54.586515874417515
21387871666.7,-53.95096192200977
21392870000.0,-54.40385377084645
21397868333.3,-54.24005526103181
21402866666.7,-54.9064921095411
21407865000.0,-54.83490993411912
21412863333.3,-54.979001619103734
21417861666.7,-54.740836758043876
21422860000.0,-54.804681181106
21427858333.3,-54.701466196915625
21432856666.7,-54.58620164640778
21437855000.0,-54.826516965184375
21442853333.3,-54.5216389608914
21447851666.7,-54.68798884649637
21452850000.0,-54.70317981014497
21457848333.3,-54.776056294087454
21462846666.7,-54.52880069965968
21467845000.0,-54.16650375951405
21472843333.3,-54.13814129599383
21477841666.7,-54.80498881809858
21482840000.0,-54.45124516256194
21487838333.3,-55.26430077137266
21492836666.7,-55.259224481691156
21497835000.0,-55.210870604331305
21502833333.3,-55.475167197462824
21507831666.7,-55.186982224499054
21512830000.0,-55.23910924011746
21517828333.3,-55.26830631370341
21522826666.7,-55.32257702986336
21527825000.0,-55.17376321785372
21532823333.3,-54.691814710195025
21537821666.7,-55.1401680993795
21542820000.0,-54.972502300858594
21547818333.3,-54.842345748908336
21552816666.7,-54.92202914153519
21557815000.0,-54.57422363867683
21562813333.3,-54.68468548716368
21567811666.7,-54.55544404374361
21572810000.0,-54.628263784719486
21577808333.3,-54.56390467735166
21582806666.7,-54.749637645692246
21587805000.0,-54.880644449720094
21592803333.3,-54.762973013510674
21597801666.7,-55.100205633655264
21602800000.0,-55.043870225208934
21607798333.3,-55.40111387004725
21612796666.7,-54.8699275493434
21617795000.0,-55.058812929601125
21622793333.3,-55.02938484729177
21627791666.7,-54.93123342713366
21632790000.0,-54.6370233052114
21637788333.3,-54.84578341631196
21642786666.7,-54.786968807665886
21647785000.0,-55.1469424165688
21652783333.3,-54.8579841620292
21657781666.7,-55.138679857339426
21662780000.0,-55.25468442824928
21667778333.3,-55.18583898626102
21672776666.7,-55.155883909713815
21677775000.0,-55.37177978517815
21682773333.3,-55.30349121722472
21687771666.7,-55.40202900516814
21692770000.0,-55.876020150953785
21697768333.3,-55.70031904102927
21702766666.7,-55.46250704879331
21707765000.0,-55.20202048482715
21712763333.3,-55.08328315929484
21717761666.7,-54.95438600963658
21722760000.0,-54.70198398549931
21727758333.3,-54.89483382026915
21732756666.7,-54.51746052848185
21737755000.0,-54.49012786171706
21742753333.3,-54.926866502769386
21747751666.7,-54.82422091805131
21752750000.0,-54.76135802324582
21757748333.3,-54.33445086665639
21762746666.7,-54.69663986209484
21767745000.0,-55.02269544785815
21772743333.3,-54.519849701166514
21777741666.7,-54.84608111233047
21782740000.0,-54.885439216383446
21787738333.3,-54.68572148782472
21792736666.7,-54.70393439979931
21797735000.0,-54.48270592775658
21802733333.3,-54.717837335006756
21807731666.7,-54.97726888679095
21812730000.0,-54.483766359090396
21817728333.3,-54.58900799589326
21822726666.7,-54.786724869177405
21827725000.0,-54.95976766394956
21832723333.3,-55.40829432944322
21837721666.7,-54.916440928422375
21842720000.0,-55.367435439955
21847718333.3,-55.414141747397636
21852716666.7,-55.623643594050364
21857715000.0,-55.520918588737096
21862713333.3,-55.70236079397976
21867711666.7,-56.03794193758152
21872710000.0,-55.78769412237776
21877708333.3,-56.03285508807091
21882706666.7,-56.04695813605016
21887705000.0,-55.918264090179136
21892703333.3,-55.590752087504626
21897701666.7,-55.47020635816004
21902700000.0,-55.79278999871902
21907698333.3,-55.83674989304206
21912696666.7,-55.79838563290097
21917695000.0,-55.88832427591201
21922693333.3,-56.00824298841597
21927691666.7,-55.76279639083252
21932690000.0,-56.186899215368946
21937688333.3,-55.89333222127598
21942686666.7,-56.0628322516493
21947685000.0,-55.74885256282351
21952683333.3,-55.74485279428556
21957681666.7,-55.62351170433817
21962680000.0,-55.746702000460566
21967678333.3,-55.68967287611468
21972676666.7,-55.80878398228904
21977675000.0,-55.688974832409386
21982673333.3,-55.62800633448034
21987671666.7,-55.566697082065815
21992670000.0,-55.40961561903689
21997668333.3,-55.595712034571804
22002666666.7,-55.369022416768274
22007665000.0,-55.426271828617104
22012663333.3,-55.69236071209978
22017661666.7,-55.96233872014668
22022660000.0,-55.83399377979947
22027658333.3,-55.42079837960712
22032656666.7,-55.30478593474228
22037655000.0,-55.26251460174187
22042653333.3,-55.379207928993495
22047651666.7,-55.42059741466832
22052650000.0,-55.43601398883968
22057648333.3,-55.110008843437825
22062646666.7,-55.30990751442008
22067645000.0,-55.540825163156065
22072643333.3,-55.34741980218362
22077641666.7,-55.293578561696
22082640000.0,-54.92597112654358
22087638333.3,-55.21760340339063
22092636666.7,-55.30906252728373
22097635000.0,-55.57648666652736
22102633333.3,-55.90047323403704
22107631666.7,-56.14723901920438
22112630000.0,-56.106541846650615
22117628333.3,-56.256001703959086
22122626666.7,-56.50591369852242
22127625000.0,-55.78123393659388
22132623333.3,-55.93727198652343
22137621666.7,-56.01775074916138
22142620000.0,-55.32659372311015
22147618333.3,-55.466385154505446
22152616666.7,-55.40321793028801
22157615000.0,-55.631479353950255
22162613333.3,-55.67085318963937
22167611666.7,-55.56505061781365
22172610000.0,-55.247726387373106
22177608333.3,-55.59758199306725
22182606666.7,-55.39942321930356
22187605000.0,-55.65394080848939
22192603333.3,-55.61231508229892
22197601666.7,-55.736559880112864
22202600000.0,-55.674831360035284
22207598333.3,-55.31424261950573
22212596666.7,-55.54127813324777
22217595000.0,-55.56227517913928
22222593333.3,-55.13923615633247
22227591666.7,-55.31257117527183
22232590000.0,-55.08744795535834
22237588333.3,-54.93619246013793
22242586666.7,-54.96840985681927
22247585000.0,-55.21536080599284
22252583333.3,-54.95308784748107
22257581666.7,-54.82838049907961
22262580000.0,-55.37275874619388
22267578333.3,-55.0211964439828
22272576666.7,-55.06077501417926
22277575000.0,-55.363315470619916
22282573333.3,-55.52907672331677
22287571666.7,-55.71573869375433
22292570000.0,-55.900596051422696
22297568333.3,-55.92186350451136
22302566666.7,-56.261249132103764
22307565000.0,-55.67534183556511
22312563333.3,-55.982200108759805
22317561666.7,-55.61203983451277
22322560000.0,-55.88627668507962
22327558333.3,-55.97222732743469
22332556666.7,-56.19768811245916
22337555000.0,-56.288518383300534
22342553333.3,-56.05604187016887
22347551666.7,-55.928915120761104
22352550000.0,-55.532022980681326
22357548333.3,-55.66567573477583
22362546666.7,-55.82052361746176
22367545000.0,-55.85193191198306
22372543333.3,-55.831704654093734
22377541666.7,-55.418297635131196
22382540000.0,-55.82676301468154
22387538333.3,-56.16419204156006
22392536666.7,-55.71531441536546
22397535000.0,-55.89956910626572
22402533333.3,-55.565363572891016
22407531666.7,-55.41628717044097
22412530000.0,-55.34103795700329
22417528333.3,-55.26843506238667
22422526666.7,-55.38505649681806
22427525000.0,-55.366140366486604
22432523333.3,-55.27957911076782
22437521666.7,-55.604876801948365
22442520000.0,-55.427741643716686
22447518333.3,-55.57159081805505
22452516666.7,-55.47294528357106
22457515000.0,-55.190763866684165
22462513333.3,-55.35275855174965
22467511666.7,-55.35061762513688
22472510000.0,-55.42961347378977
22477508333.3,-55.53665351806691
22482506666.7,-55.27484602595044
22487505000.0,-55.42074444417399
22492503333.3,-54.99808711969324
22497501666.7,-55.14915582887099
22502500000.0,-55.417647281694975
22507498333.3,-54.979867210125654
22512496666.7,-54.87809061087817
22517495000.0,-55.16309316882755
22522493333.3,-55.13198416613492
22527491666.7,-54.99758884514505
22532490000.0,-55.46725361296578
22537488333.3,-55.406739366512454
22542486666.7,-55.36021239608458
22547485000.0,-55.47890835536726
22552483333.3,-55.329027941026396
22557481666.7,-55.49677115650709
22562480000.0,-55.95633551385498
22567478333.3,-55.937158996535885
22572476666.7,-56.179435712830276
22577475000.0,-55.902618884910204
22582473333.3,-56.32087973039856
22587471666.7,-56.125750877623176
22592470000.0,-56.178264111542205
22597468333.3,-56.6472701060712
22602466666.7,-56.42180694923957
22607465000.0,-56.60399967629879
22612463333.3,-56.38418166441244
22617461666.7,-56.84728665568626
22622460000.0,-56.61374629302304
22627458333.3,-57.05793433203981
22632456666.7,-56.760697300850495
22637455000.0,-56.5472415033493
22642453333.3,-56.75722891426632
22647451666.7,-56.523891342266936
22652450000.0,-56.38771828153278
22657448333.3,-56.63862064155916
22662446666.7,-57.04885380102474
22667445000.0,-56.83108342781654
22672443333.3,-56.85416015225262
22677441666.7,-56.27296454001077
22682440000.0,-56.165745722967706
22687438333.3,-56.18104481236809
22692436666.7,-56.143533774625716
22697435000.0,-56.146408146851584
22702433333.3,-56.081525398392465
22707431666.7,-55.7807498444084
22712430000.0,-55.608492451623334
22717428333.3,-55.545055975006875
22722426666.7,-56.06141033517176
22727425000.0,-56.14959737972404
22732423333.3,-55.823336622285204
22737421666.7,-55.664419224557236
22742420000.0,-55.637202083893726
22747418333.3,-55.927225345514785
22752416666.7,-56.06558343004377
22757415000.0,-56.463293880858394
22762413333.3,-56.19830284020675
22767411666.7,-56.261861986079765
22772410000.0,-56.30255745106457
22777408333.3,-56.189270676415106
22782406666.7,-56.02511171030646
22787405000.0,-56.49979862587027
22792403333.3,-56.368100204821616
22797401666.7,-56.39613063531047
22802400000.0,-56.654083588908215
22807398333.3,-56.988936234597375
22812396666.7,-56.783806460959326
22817395000.0,-57.113347787108836
22822393333.3,-56.7596300938513
22827391666.7,-57.034638103156716
22832390000.0,-57.182488956836046
22837388333.3,-57.24571499165529
22842386666.7,-57.188800858911904
22847385000.0,-57.25903184751101
22852383333.3,-57.80507927457836
22857381666.7,-57.356317678052136
22862380000.0,-57.22895094759708
22867378333.3,-57.253660804803594
22872376666.7,-57.305180142634946
22877375000.0,-57.478852837154534
22882373333.3,-57.304747928308764
22887371666.7,-57.695026374555674
22892370000.0,-57.3474188108367
22897368333.3,-57.64835993839491
22902366666.7,-57.41744010152865
22907365000.0,-56.89216925174729
22912363333.3,-57.37469511828462
22917361666.7,-57.26546250293837
22922360000.0,-57.130520890361964
22927358333.3,-57.171563000373524
22932356666.7,-57.48008829312576
22937355000.0,-57.16586922316552
22942353333.3,-57.022382996313354
22947351666.7,-57.053847148932604
22952350000.0,-57.231241336310944
22957348333.3,-56.665558899469815
22962346666.7,-56.86741622160879
22967345000.0,-56.98631902459303
22972343333.3,-56.55002691592046
22977341666.7,-56.96619999217434
22982340000.0,-56.76313844463859
22987338333.3,-57.76412424405243
22992336666.7,-56.86009359689091
22997335000.0,-57.17717798571488
23002333333.3,-57.264885018799745
23007331666.7,-56.24092517820935
23012330000.0,-56.844292098830195
23017328333.3,-56.743643049446675
23022326666.7,-56.754380358927065
23027325000.0,-56.948399096091975
23032323333.3,-56.99680084209235
23037321666.7,-56.87125357059631
23042320000.0,-56.70191273685365
23047318333.3,-57.03451435986443
23052316666.7,-56.777448338991974
23057315000.0,-57.098901819514836
23062313333.3,-56.85554958794475
23067311666.7,-56.703549473582456
23072310000.0,-57.05999692337778
23077308333.3,-57.384190819006484
23082306666.7,-57.397519914204636
23087305000.0,-57.40541857709133
23092303333.3,-57.65949460527257
23097301666.7,-57.3570703282715
23102300000.0,-57.40655043764093
23107298333.3,-57.602453767790095
23112296666.7,-57.603865474824275
23117295000.0,-57.72014150168616
23122293333.3,-57.585614165968465
23127291666.7,-57.10181285481756
23132290000.0,-57.57723375669005
23137288333.3,-57.5512718357314
23142286666.7,-57.55659621862438
23147285000.0,-57.703819001888384
23152283333.3,-57.65476490331984
23157281666.7,-57.9168720062981
23162280000.0,-57.36148865904028
23167278333.3,-57.681499327850716
23172276666.7,-57.86756625724316
23177275000.0,-57.88474712046438
23182273333.3,-57.59576050465803
23187271666.7,-57.90507601295403
23192270000.0,-57.72838403231187
23197268333.3,-57.2776900309823
23202266666.7,-57.40945668210233
23207265000.0,-57.71410473027292
23212263333.3,-57.24189272118937
23217261666.7,-57.51193763091607
23222260000.0,-57.8323248746262
23227258333.3,-57.47430008291862
23232256666.7,-57.328989372856185
23237255000.0,-57.08546231179187
23242253333.3,-57.36887096711888
23247251666.7,-56.809384541952035
23252250000.0,-57.136429435564594
23257248333.3,-57.16603045948925
23262246666.7,-57.17866711930991
23267245000.0,-57.18944393043582
23272243333.3,-57.354409414065145
23277241666.7,-57.66720953809232
23282240000.0,-57.726432003986794
23287238333.3,-57.47693168209884
23292236666.7,-57.47086913078883
23297235000.0,-57.61536900435086
23302233333.3,-57.45991117068524
23307231666.7,-57.409434263924254
23312230000.0,-57.690483369035135
23317228333.3,-57.84219793317712
23322226666.7,-57.84228480023386
23327225000.0,-57.529389769053296
23332223333.3,-57.931092246058064
23337221666.7,-57.170496194070296
23342220000.0,-57.20222379960723
23347218333.3,-57.72111121840764
23352216666.7,-58.09892446862359
23357215000.0,-58.143958355889964
23362213333.3,-57.36395912157657
23367211666.7,-57.441581568973945
23372210000.0,-57.43347918279276
23377208333.3,-57.19982289775203
23382206666.7,-57.482006472485125
23387205000.0,-57.45924629016659
23392203333.3,-57.42380990865753
23397201666.7,-57.32410768526884
23402200000.0,-57.31270191262055
23407198333.3,-57.13006547388055
23412196666.7,-57.543131521057816
23417195000.0,-57.56747041695127
23422193333.3,-56.97129602505391
23427191666.7,-56.522500348895484
23432190000.0,-56.69377950863656
23437188333.3,-57.01271258283249
23442186666.7,-56.997144168042084
23447185000.0,-56.85858595739752
23452183333.3,-57.57166685407236
23457181666.7,-57.41458633443014
23462180000.0,-57.4348493974682
23467178333.3,-57.6647743845886
23472176666.7,-57.459911584687255
23477175000.0,-57.36777981274529
23482173333.3,-57.15069246331023
23487171666.7,-57.0269845773716
23492170000.0,-57.915904111544734
23497168333.3,-57.011967414688186
23502166666.7,-57.17908341837442
23507165000.0,-57.29159393014843
23512163333.3,-57.1600874202473
23517161666.7,-57.151098316534224
23522160000.0,-57.65745488062418
23527158333.3,-57.46794834075992
23532156666.7,-57.70987277321922
23537155000.0,-57.665858562015956
23542153333.3,-57.51799230251518
23547151666.7,-58.119033407481
23552150000.0,-57.83931885119909
23557148333.3,-57.84149803065834
23562146666.7,-58.13713132886984
23567145000.0,-57.89918924179496
23572143333.3,-57.615773369001914
23577141666.7,-57.64885245895877
23582140000.0,-57.461068463181846
23587138333.3,-57.614162384632586
23592136666.7,-57.42394467592579
23597135000.0,-57.36825214106246
23602133333.3,-57.202166114851245
23607131666.7,-56.623681621570434
23612130000.0,-56.99907603432574
23617128333.3,-56.77355082409787
23622126666.7,-57.08965908584871
23627125000.0,-56.87990467088541
23632123333.3,-57.05412380057301
23637121666.7,-57.78322444362943
23642120000.0,-57.110073077718155
23647118333.3,-57.43441685903239
23652116666.7,-57.52513804621587
23657115000.0,-57.39254858994504
23662113333.3,-57.08780149089165
23667111666.7,-56.96539182544696
23672110000.0,-56.94786197257899
23677108333.3,-56.94398637864468
23682106666.7,-56.83177889680016
23687105000.0,-56.9438009898863
23692103333.3,-57.368987534576696
23697101666.7,-57.44988218373743
23702100000.0,-56.519659092156935
23707098333.3,-56.89112527688745
23712096666.7,-56.8978128071734
23717095000.0,-57.213190330408274
23722093333.3,-57.42204845549289
23727091666.7,-57.28752470430511
23732090000.0,-58.007609503546604
23737088333.3,-57.47300022537517
23742086666.7,-57.704678680444246
23747085000.0,-57.35473565226628
23752083333.3,-57.36577421703474
23757081666.7,-57.075667240134294
23762080000.0,-57.108397093949165
23767078333.3,-57.0196566827623
23772076666.7,-57.787510619618786
23777075000.0,-57.33471165876746
23782073333.3,-57.679708983344646
23787071666.7,-57.72900234070535
23792070000.0,-57.47688881959067
23797068333.3,-56.91931291367262
23802066666.7,-57.41668248603019
23807065000.0,-57.26491296100985
23812063333.3,-57.55444179905771
23817061666.7,-56.93247051307547
23822060000.0,-57.21302153477414
23827058333.3,-57.16806108102684
23832056666.7,-57.11941687882376
23837055000.0,-56.83835595919717
23842053333.3,-56.75530726527987
23847051666.7,-56.198704902270514
23852050000.0,-56.51686608275634
23857048333.3,-56.194745287784656
23862046666.7,-56.72147035115522
23867045000.0,-56.56618116291264
23872043333.3,-56.89352292625925
23877041666.7,-57.17342111630636
23882040000.0,-57.25090286242572
23887038333.3,-57.22368419734607
23892036666.7,-56.67722750008483
23897035000.0,-57.10283042918488
23902033333.3,-56.901455081127565
23907031666.7,-57.814330627086534
23912030000.0,-56.91633510142267
23917028333.3,-56.79693680574697
23922026666.7,-56.560735942013594
23927025000.0,-56.77731878802874
23932023333.3,-56.73395723318257
23937021666.7,-56.828528538143516
23942020000.0,-55.97031378581343
23947018333.3,-56.49504767643048
23952016666.7,-57.18460243189071
23957015000.0,-56.71824263612869
23962013333.3,-57.3777919957253
23967011666.7,-57.189123351873796
23972010000.0,-57.61452039214702
23977008333.3,-57.210423457365806
23982006666.7,-57.59237750978227
23987005000.0,-57.44065344702651
23992003333.3,-57.32976652742161
23997001666.7,-56.79399357020923
24002000000.0,-56.12265851991939
24006998333.3,-58.57199220963359
24011996666.7,-57.68695456820434
24016995000.0,-56.32915749094253
24021993333.3,-56.900767996609545
24026991666.7,-57.25594781061471
24031990000.0,-56.12048223572501
24036988333.3,-56.55386712544562
24041986666.7,-56.708642610289616
24046985000.0,-57.34686612588484
24051983333.3,-57.86966346149338
24056981666.7,-57.0031841312828
24061980000.0,-58.010061155096786
24066978333.3,-57.22640638721976
24071976666.7,-55.8128749461365
24076975000.0,-56.67235332090756
24081973333.3,-57.06138475495709
24086971666.7,-56.75326926031417
24091970000.0,-55.29572122156946
24096968333.3,-56.994801108365216
24101966666.7,-55.34828238262206
24106965000.0,-55.615771829047596
24111963333.3,-56.17265055438398
24116961666.7,-56.08331543347049
24121960000.0,-55.52626364368088
24126958333.3,-55.259849176011016
24131956666.7,-55.929352692453556
24136955000.0,-55.87344343140286
24141953333.3,-56.64713829383007
24146951666.7,-56.17251069219903
24151950000.0,-56.504794280052224
24156948333.3,-55.238581687379565
24161946666.7,-57.18302802319749
24166945000.0,-55.494245868871566
24171943333.3,-55.17333471257665
24176941666.7,-55.99061383201519
24181940000.0,-54.51059805754618
24186938333.3,-55.743693415910805
24191936666.7,-56.3541050480042
24196935000.0,-56.62524431583152
24201933333.3,-57.42433652121662
24206931666.7,-56.491085112574986
24211930000.0,-57.455882220151025
24216928333.3,-57.4599973011554
24221926666.7,-57.49890688079681
24226925000.0,-58.29823511421423
24231923333.3,-59.18132544332508
24236921666.7,-57.799563369945204
24241920000.0,-58.585585949415275
24246918333.3,-58.218488340955325
24251916666.7,-59.70925199096868
24256915000.0,-58.24753369628866
24261913333.3,-58.42350837034935
24266911666.7,-57.25172511195814
24271910000.0,-56.42484235557212
24276908333.3,-57.75203641230241
24281906666.7,-57.66960828910241
24286905000.0,-59.148847089442754
24291903333.3,-57.0170796732326
24296901666.7,-57.274302651407694
24301900000.0,-57.672337979674296
24306898333.3,-56.97816392666163
24311896666.7,-55.96816187778152
24316895000.0,-58.542031413980226
24321893333.3,-56.18007254026362
24326891666.7,-57.46727662297759
24331890000.0,-57.28913025632964
24336888333.3,-56.3064639873787
24341886666.7,-57.44756617159574
24346885000.0,-55.6766231634269
24351883333.3,-55.49651106016302
24356881666.7,-56.10796352438016
24361880000.0,-56.85935929413235
24366878333.3,-55.02970978829484
24371876666.7,-55.44201621323588
24376875000.0,-56.389001862516835
24381873333.3,-57.03071421835422
24386871666.7,-55.55995032919313
24391870000.0,-57.748433520338736
24396868333.3,-57.28624377468479
24401866666.7,-57.05979782160759
24406865000.0,-57.06485402951559
24411863333.3,-56.13613719043311
24416861666.7,-56.885304856051
24421860000.0,-57.81086792946712
24426858333.3,-57.773727155970136
24431856666.7,-57.32736245798449
24436855000.0,-56.72310172660385
24441853333.3,-57.13370677908856
24446851666.7,-57.69607879054058
24451850000.0,-56.61875042522483
24456848333.3,-56.50071363288195
24461846666.7,-58.70220428322126
24466845000.0,-57.17757319172557
24471843333.3,-56.71432318768847
24476841666.7,-58.0596498691147
24481840000.0,-57.756764402751735
24486838333.3,-57.832020880946345
24491836666.7,-58.493457365162556
24496835000.0,-57.63447745780187
24501833333.3,-57.424146018492735
24506831666.7,-58.51253567233098
24511830000.0,-57.56659024909304
24516828333.3,-57.50883153840377
24521826666.7,-58.426580615540956
24526825000.0,-58.05696356617812
24531823333.3,-57.5794793648044
24536821666.7,-56.47824807891172
24541820000.0,-56.834047316286146
24546818333.3,-58.014509427226685
24551816666.7,-56.65219766067238
24556815000.0,-57.98241151532171
24561813333.3,-56.922329297982344
24566811666.7,-57.99300755092273
24571810000.0,-56.453792697423125
24576808333.3,-57.79248575965934
24581806666.7,-57.5830991771537
24586805000.0,-58.27936458899583
24591803333.3,-57.41263782790209
24596801666.7,-57.32365920402404
24601800000.0,-56.412347796057006
24606798333.3,-58.060877876977635
24611796666.7,-57.02043937659225
24616795000.0,-56.66927577403463
24621793333.3,-56.452318062338406
24626791666.7,-57.148667732598206
24631790000.0,-59.37626309302304
24636788333.3,-56.25756964949929
24641786666.7,-56.22656618540041
24646785000.0,-55.548720403580354
24651783333.3,-55.89274690193239
24656781666.7,-56.08303156530286
24661780000.0,-55.373129689550794
24666778333.3,-56.60060741656669
24671776666.7,-56.59405912154894
24676775000.0,-56.814151378548615
24681773333.3,-56.626350348662946
24686771666.7,-56.478297645625524
24691770000.0,-56.846750229411256
24696768333.3,-56.67810520292899
24701766666.7,-56.52744559269587
24706765000.0,-56.78525809305825
24711763333.3,-56.52653716040895
24716761666.7,-56.51560218335678
24721760000.0,-56.7371566121832
24726758333.3,-57.05159025668734
24731756666.7,-57.170117812139594
24736755000.0,-57.096747116499735
24741753333.3,-58.25152045360788
24746751666.7,-57.534910723331414
24751750000.0,-57.410467269733026
24756748333.3,-58.898921436812145
24761746666.7,-57.95424127323854
24766745000.0,-57.74155417079801
24771743333.3,-57.28289138380865
24776741666.7,-56.31105707736174
24781740000.0,-57.754719634859086
24786738333.3,-56.6634612866343
24791736666.7,-56.589357545949454
24796735000.0,-57.210785847722676
24801733333.3,-57.77911875100628
24806731666.7,-57.068942519067
24811730000.0,-57.20936530584083
24816728333.3,-57.28837541327394
24821726666.7,-58.62197029378018
24826725000.0,-57.05752893481338
24831723333.3,-58.14755519686257
24836721666.7,-58.00224194822832
24841720000.0,-58.040300944183485
24846718333.3,-58.67430152016637
24851716666.7,-57.203590775467354
24856715000.0,-56.86959909272539
24861713333.3,-58.41238434512125
24866711666.7,-57.462937427435065
24871710000.0,-57.38314797156265
24876708333.3,-56.93464749005369
24881706666.7,-56.37062908960311
24886705000.0,-56.47587647137818
24891703333.3,-57.92433645382718
24896701666.7,-57.377915928150614
24901700000.0,-57.806560440572724
24906698333.3,-58.06530871258177
24911696666.7,-58.58791712979016
24916695000.0,-58.04622292954578
24921693333.3,-57.3134042131486
24926691666.7,-57.794644768781964
24931690000.0,-58.22974396509875
24936688333.3,-59.020602585871835
24941686666.7,-59.42394254531049
24946685000.0,-57.89298023009336
24951683333.3,-57.52219911913627
24956681666.7,-57.855548412778916
24961680000.0,-57.250733759670986
24966678333.3,-56.75242312625801
24971676666.7,-58.93024911819293
24976675000.0,-58.39708698752864
24981673333.3,-57.16328050498001
24986671666.7,-58.367275051526505
24991670000.0,-58.408452193917164
24996668333.3,-57.857034783417014
25001666666.7,-58.88252076127279
25006665000.0,-57.749112457756205
25011663333.3,-58.63106708210779
25016661666.7,-57.57544263221532
25021660000.0,-58.91336052336485
25026658333.3,-60.21973750691266
25031656666.7,-58.96354534208504
25036655000.0,-57.75414770761067
25041653333.3,-58.56968993365267
25046651666.7,-59.042049481787025
25051650000.0,-58.21194616054897
25056648333.3,-58.18306703581851
25061646666.7,-57.522328300529125
25066645000.0,-58.05311282722823
25071643333.3,-57.29884342578423
25076641666.7,-59.03663735036205
25081640000.0,-60.145756703593364
25086638333.3,-58.674653684250174
25091636666.7,-59.078583260064015
25096635000.0,-58.82868286415476
25101633333.3,-58.04908496686011
25106631666.7,-57.218911893106146
25111630000.0,-57.94285334725862
25116628333.3,-57.94961443733519
25121626666.7,-56.78264327392918
25126625000.0,-58.859008735271246
25131623333.3,-58.92441237323646
25136621666.7,-57.98353196260821
25141620000.0,-56.872689567914456
25146618333.3,-57.13741889795155
25151616666.7,-58.173438288290285
25156615000.0,-59.5578089830077
25161613333.3,-58.2783638788279
25166611666.7,-58.45811426872922
25171610000.0,-58.91581896303017
25176608333.3,-59.05026620093375
25181606666.7,-60.331566201786735
25186605000.0,-58.86226389900096
25191603333.3,-59.84675059210389
25196601666.7,-57.99699614428306
25201600000.0,-58.4716629140361
25206598333.3,-57.98283337855139
25211596666.7,-59.31170857985509
25216595000.0,-58.650994537282564
25221593333.3,-57.478778368091426
25226591666.7,-57.6900589854811
25231590000.0,-58.10182336444029
25236588333.3,-57.10324015408282
25241586666.7,-56.00447608645845
25246585000.0,-58.8265629394148
25251583333.3,-58.5840446535315
25256581666.7,-59.01607343298167
25261580000.0,-59.39742154274897
25266578333.3,-58.13565202803653
25271576666.7,-59.72444807637768
25276575000.0,-60.68909746337078
25281573333.3,-57.84444030818111
25286571666.7,-59.08976368177165
25291570000.0,-59.46382977194739
25296568333.3,-58.17729669759207
25301566666.7,-57.364116519471736
25306565000.0,-58.66824228536299
25311563333.3,-57.729445895088816
25316561666.7,-57.35876999771897
25321560000.0,-58.025580322938836
25326558333.3,-59.537153889091556
25331556666.7,-57.22206895354386
25336555000.0,-57.39059370955083
25341553333.3,-58.31654168013655
25346551666.7,-59.70117465738683
25351550000.0,-57.87941813367294
25356548333.3,-59.76640824567273
25361546666.7,-58.996264646814126
25366545000.0,-58.19519979994869
25371543333.3,-59.063923286708686
25376541666.7,-59.185279968624556
25381540000.0,-58.581784337761455
25386538333.3,-58.069923198832775
25391536666.7,-58.17785074164513
25396535000.0,-57.69438789166972
25401533333.3,-57.59488604988902
25406531666.7,-58.14050584683636
25411530000.0,-56.66900087600732
25416528333.3,-58.647588518213674
25421526666.7,-58.97776926293949
25426525000.0,-59.18697884186403
25431523333.3,-59.84763512850408
25436521666.7,-59.261341626714604
25441520000.0,-59.18299074563719
25446518333.3,-60.90805551639437
25451516666.7,-59.34982861002118
25456515000.0,-59.575672231996975
25461513333.3,-61.30952021978504
25466511666.7,-59.05531983878323
25471510000.0,-58.6413308734965
25476508333.3,-57.995204665325204
25481506666.7,-58.30938324790709
25486505000.0,-58.86769056847182
25491503333.3,-57.86951573385028
25496501666.7,-58.9865431934176
25501500000.0,-57.62883531400657
25506498333.3,-59.06013421965132
25511496666.7,-58.64904582731096
25516495000.0,-57.66712301428866
25521493333.3,-59.47007154507786
25526491666.7,-59.983165322005604
25531490000.0,-58.741425126318454
25536488333.3,-59.43593765949322
25541486666.7,-60.08777504638876
25546485000.0,-58.721586759288414
25551483333.3,-58.740646967043595
25556481666.7,-56.75704284043425
25561480000.0,-58.68627987633162
25566478333.3,-57.67699421256609
25571476666.7,-57.771381691594954
25576475000.0,-56.611161415933935
25581473333.3,-58.9080728905824
25586471666.7,-58.165937361717425
25591470000.0,-58.16788446345835
25596468333.3,-59.019435155386205
25601466666.7,-58.877852271777144
25606465000.0,-60.200727712439004
25611463333.3,-59.290923954397094
25616461666.7,-58.11331222647469
25621460000.0,-59.456934526499
25626458333.3,-60.02366597991221
25631456666.7,-59.202999683744004
25636455000.0,-60.0456358164337
25641453333.3,-57.85274729137981
25646451666.7,-59.86473268105867
25651450000.0,-59.32845432871288
25656448333.3,-59.22959162866522
25661446666.7,-58.22447905053351
25666445000.0,-59.75083825750643
25671443333.3,-58.7946131990134
25676441666.7,-59.29359998013531
25681440000.0,-58.65015829768141
25686438333.3,-58.860564512431665
25691436666.7,-59.31130548421271
25696435000.0,-58.90151297437068
25701433333.3,-59.599686029680036
25706431666.7,-61.00397573703472
25711430000.0,-59.53779584103607
25716428333.3,-60.43959383193345
25721426666.7,-60.35192611598973
25726425000.0,-59.13661355585451
25731423333.3,-59.3671660716231
25736421666.7,-58.189691394189495
25741420000.0,-58.80659320081407
25746418333.3,-57.48187461960271
25751416666.7,-58.43098044741767
25756415000.0,-57.99877363630227
25761413333.3,-59.618898307458295
25766411666.7,-59.49761357708315
25771410000.0,-58.60278980395414
25776408333.3,-59.141882231202345
25781406666.7,-60.1901563872028
25786405000.0,-60.082035046652635
25791403333.3,-59.66923634633315
25796401666.7,-60.03553031342827
25801400000.0,-58.674362360247336
25806398333.3,-58.447510513523504
25811396666.7,-59.082873028062636
25816395000.0,-58.07695573921847
25821393333.3,-60.083793499420956
25826391666.7,-58.33569932351104
25831390000.0,-57.53473481423732
25836388333.3,-57.37895110282874
25841386666.7,-57.76569546933552
25846385000.0,-57.92638151787354
25851383333.3,-59.3424223212621
25856381666.7,-57.79208260809967
25861380000.0,-58.23368621463064
25866378333.3,-58.267769408957705
25871376666.7,-58.41062040985706
25876375000.0,-58.73092503471217
25881373333.3,-60.80007908152731
25886371666.7,-60.8050871599267
25891370000.0,-60.139487881291
25896368333.3,-61.367811752866565
25901366666.7,-59.976866805179
25906365000.0,-59.991205497947405
25911363333.3,-60.56575620433023
25916361666.7,-58.32965321895054
25921360000.0,-59.57930478524918
25926358333.3,-58.75951937191793
25931356666.7,-58.63173055266728
25936355000.0,-59.48722365142298
25941353333.3,-59.35718196884409
25946351666.7,-59.61414300154993
25951350000.0,-59.143598513822475
25956348333.3,-59.13923278572462
25961346666.7,-60.431849624224554
25966345000.0,-59.89675916861191
25971343333.3,-59.227267938162385
25976341666.7,-59.69989741101951
25981340000.0,-58.221553481032934
25986338333.3,-58.82935072804003
25991336666.7,-59.676375162595775
25996335000.0,-60.04503411158203
26001333333.3,-60.830113228739634
26006331666.7,-59.63960082674304
26011330000.0,-58.86496755308216
26016328333.3,-58.01651172269533
26021326666.7,-57.83478448817491
26026325000.0,-58.76238085799593
26031323333.3,-59.0660582707007
26036321666.7,-60.905298445998994
26041320000.0,-61.33722785730413
26046318333.3,-60.40573724205865
26051316666.7,-58.43976568985931
26056315000.0,-60.44788198292692
26061313333.3,-59.90921654992846
26066311666.7,-59.40435484359517
26071310000.0,-59.286442845888686
26076308333.3,-58.874155179206646
26081306666.7,-57.5862569715871
26086305000.0,-59.120136441581266
26091303333.3,-58.41140492913816
26096301666.7,-58.949101306510954
26101300000.0,-59.67867424897676
26106298333.3,-58.365700531849185
26111296666.7,-59.781275481790246
26116295000.0,-60.861201179866846
26121293333.3,-60.44711206701234
26126291666.7,-60.59674980277991
26131290000.0,-60.56519172177397
26136288333.3,-60.971363850044895
26141286666.7,-60.24480574658986
26146285000.0,-61.79021949493589
26151283333.3,-58.49292160881962
26156281666.7,-61.05370694328228
26161280000.0,-60.01404683326926
26166278333.3,-60.383989864348024
26171276666.7,-58.692083258067164
26176275000.0,-58.528657285540675
26181273333.3,-59.12217417048083
26186271666.7,-58.42904133216003
26191270000.0,-60.86816709967438
26196268333.3,-60.089037938575196
26201266666.7,-59.6075111772285
26206265000.0,-60.84333437456645
26211263333.3,-60.7481911892673
26216261666.7,-61.81730289332031
26221260000.0,-60.787333235271745
26226258333.3,-59.9974588580292
26231256666.7,-60.665241203192735
26236255000.0,-62.07363739125172
26241253333.3,-59.154491472511964
26246251666.7,-58.679426856286305
26251250000.0,-58.937617429461554
26256248333.3,-60.92832298866436
26261246666.7,-58.41484814958136
26266245000.0,-57.93456309325271
26271243333.3,-60.862989652668
26276241666.7,-59.391682159693275
26281240000.0,-57.74959372568273
26286238333.3,-58.0999610936064
26291236666.7,-57.44501451079102
26296235000.0,-59.67957890815132
26301233333.3,-58.61197405411766
26306231666.7,-59.11168815022555
26311230000.0,-60.02523329285018
26316228333.3,-60.8674257324011
26321226666.7,-58.41650791212717
26326225000.0,-60.395107600209855
26331223333.3,-59.42530602108605
26336221666.7,-58.99854126147956
26341220000.0,-60.17337607494107
26346218333.3,-59.22434637984745
26351216666.7,-58.84936643538215
26356215000.0,-58.09587450337659
26361213333.3,-58.97375371992289
26366211666.7,-58.79321043975157
26371210000.0,-62.14791310894347
26376208333.3,-59.37185558585576
26381206666.7,-61.396179862683226
26386205000.0,-59.871638301607646
26391203333.3,-60.77954413354738
26396201666.7,-61.176120800856125
26401200000.0,-62.015928647236564
26406198333.3,-62.04864144485406
26411196666.7,-62.188461050424394
26416195000.0,-61.982836784756955
26421193333.3,-60.775370503850795
26426191666.7,-60.478175910523184
26431190000.0,-60.074921903068095
26436188333.3,-58.5221115221936
26441186666.7,-59.512847205265246
26446185000.0,-60.107945665443836
26451183333.3,-58.63645932444369
26456181666.7,-59.14138908006638
26461180000.0,-58.91098140460345
26466178333.3,-59.048904301130804
26471176666.7,-61.67088325873302
26476175000.0,-61.44878368649718
26481173333.3,-61.76962305633548
26486171666.7,-58.988138475880234
26491170000.0,-62.01498184684869
26496168333.3,-60.25287847812987
26501166666.7,-60.99597540045373
26506165000.0,-58.689228380243954
26511163333.3,-59.883364710224356
26516161666.7,-59.662367589977265
26521160000.0,-58.54203989359724
26526158333.3,-59.769977140828644
26531156666.7,-58.06513200635195
26536155000.0,-59.29161579774468
26541153333.3,-59.25535684858157
26546151666.7,-60.611013362557856
26551150000.0,-57.78152615196927
26556148333.3,-60.21207405440527
26561146666.7,-59.80473292107714
26566145000.0,-61.017456677551955
26571143333.3,-61.01580625347523
26576141666.7,-60.07435446807855
26581140000.0,-60.62970412085522
26586138333.3,-60.368764097261646
26591136666.7,-59.525512666055775
26596135000.0,-59.646156284927365
26601133333.3,-59.84280926855674
26606131666.7,-58.23230725571464
26611130000.0,-59.30941955435643
26616128333.3,-58.97823034550571
26621126666.7,-59.49637038600443
26626125000.0,-59.122722159960574
26631123333.3,-58.358286340702364
26636121666.7,-58.90105124419931
26641120000.0,-59.84403953023444
26646118333.3,-59.894120288587295
26651116666.7,-60.6803599345745
26656115000.0,-59.22604137360062
26661113333.3,-61.35260428116993
26666111666.7,-60.87826847738651
26671110000.0,-60.10648998249263
26676108333.3,-62.19342191083782
26681106666.7,-60.2739665835415
26686105000.0,-59.84358041157659
26691103333.3,-59.507803172723456
26696101666.7,-58.8069724573034
26701100000.0,-58.353535717584265
26706098333.3,-58.33078507586037
26711096666.7,-57.618994137893296
26716095000.0,-59.13834778743742
26721093333.3,-59.36579877439164
26726091666.7,-59.31025528394833
26731090000.0,-61.059979770212394
26736088333.3,-60.334652792438405
26741086666.7,-60.24060236615563
26746085000.0,-62.255364326043505
26751083333.3,-61.68726873583503
26756081666.7,-64.3310321071099
26761080000.0,-61.32410615918015
26766078333.3,-61.2624144192482
26771076666.7,-61.15797611187947
26776075000.0,-58.91978788610186
26781073333.3,-59.206830932273
26786071666.7,-60.640708901844896
26791070000.0,-60.09248284629944
26796068333.3,-58.957821469112524
26801066666.7,-58.67783487138428
26806065000.0,-59.82150661350664
26811063333.3,-59.77151739450416
26816061666.7,-61.35274028352438
26821060000.0,-59.03428794201438
26826058333.3,-59.01807875037455
26831056666.7,-60.87961935669368
26836055000.0,-60.61372793836383
26841053333.3,-59.748057438535646
26846051666.7,-58.98252096149054
26851050000.0,-60.398055385304794
26856048333.3,-60.34666390251526
26861046666.7,-58.768377309664004
26866045000.0,-58.988710833019354
26871043333.3,-59.995582756574166
26876041666.7,-59.12904802452856
26881040000.0,-59.02256815832935
26886038333.3,-59.174451799584624
26891036666.7,-59.68482311431809
26896035000.0,-60.546063462986794
26901033333.3,-58.47915442488691
26906031666.7,-60.24505604692357
26911030000.0,-59.15842539102289
26916028333.3,-59.57952340408747
26921026666.7,-59.50440084724751
26926025000.0,-60.33710162289928
26931023333.3,-60.15823322170223
26936021666.7,-60.894336120350836
26941020000.0,-60.28334532205513
26946018333.3,-60.26422787462938
26951016666.7,-59.38661182172348
26956015000.0,-58.68768190524737
26961013333.3,-60.60570653193985
26966011666.7,-59.503496761986995
26971010000.0,-59.65722840036207
26976008333.3,-59.05948910943657
26981006666.7,-59.62779746462944
26986005000.0,-58.81341344111597
26991003333.3,-60.46539661559592
26996001666.7,-60.25519060536173
27001000000.0,-61.00190084360321
27005998333.3,-59.25574579045623
27010996666.7,-61.6249672756074
27015995000.0,-62.2855236270742
27020993333.3,-59.90642714087586
27025991666.7,-60.806190776913986
27030990000.0,-59.678399016717364
27035988333.3,-59.153294173352016
27040986666.7,-59.53356757158373
27045985000.0,-59.49420324054369
27050983333.3,-59.50090022433866
27055981666.7,-59.747031106104174
27060980000.0,-61.35360420678438
27065978333.3,-60.874720467013034
27070976666.7,-60.36029600241132
27075975000.0,-62.4100067062162
27080973333.3,-60.12083602436273
27085971666.7,-61.37919042911932
27090970000.0,-62.411046048471206
27095968333.3,-60.60247472520981
27100966666.7,-60.77775912607207
27105965000.0,-61.6021801848359
27110963333.3,-61.21629507159738
27115961666.7,-60.30758428769852
27120960000.0,-62.41710124614364
27125958333.3,-59.40075850842641
27130956666.7,-60.55191726523325
27135955000.0,-59.38732892303736
27140953333.3,-62.396049883885055
27145951666.7,-60.3980217874919
27150950000.0,-59.85051859503693
27155948333.3,-60.091618475810584
27160946666.7,-61.31482716804835
27165945000.0,-62.65946030135636
27170943333.3,-62.064291931071295
27175941666.7,-61.48322664942255
27180940000.0,-60.7740581267467
27185938333.3,-61.71877562749583
27190936666.7,-59.04261283434348
27195935000.0,-59.7012383794364
27200933333.3,-60.24562755056137
27205931666.7,-61.64105899643667
27210930000.0,-61.93826491308325
27215928333.3,-61.93808304319922
27220926666.7,-60.13456771838194
27225925000.0,-59.62226650754868
27230923333.3,-60.90942331420298
27235921666.7,-60.446164255539784
27240920000.0,-59.590479088571435
27245918333.3,-62.8850770643603
27250916666.7,-60.078781437102585
27255915000.0,-63.644381703450804
27260913333.3,-61.57946982783084
27265911666.7,-63.913025800094154
27270910000.0,-62.31542464715834
27275908333.3,-61.39801546642657
27280906666.7,-63.830390629790415
27285905000.0,-60.14043739361138
27290903333.3,-59.41225526202321
27295901666.7,-60.80928281035514
27300900000.0,-60.48982577514967
27305898333.3,-62.188321831598394
27310896666.7,-60.083910059006875
27315895000.0,-60.615110620633274
27320893333.3,-61.9928251661101
27325891666.7,-61.516632841698964
27330890000.0,-61.69425414560099
27335888333.3,-62.5099462601881
27340886666.7,-61.04877282306043
27345885000.0,-62.00018412245703
27350883333.3,-63.25807690210951
27355881666.7,-62.657808052163595
27360880000.0,-61.38128683245779
27365878333.3,-61.350010881844895
27370876666.7,-61.34254655478539
27375875000.0,-61.74923353354306
27380873333.3,-60.38375556940257
27385871666.7,-60.749705739773844
27390870000.0,-61.77128960740454
27395868333.3,-59.00000750649724
27400866666.7,-60.716125751813564
27405865000.0,-60.795183902584014
27410863333.3,-61.46924567389323
27415861666.7,-61.08448445557717
27420860000.0,-61.01658430636369
27425858333.3,-60.80930229064852
27430856666.7,-62.07265835873501
27435855000.0,-62.5224333466349
27440853333.3,-63.614216281881994
27445851666.7,-60.50512563486981
27450850000.0,-61.210154805550985
27455848333.3,-60.16587860829185
27460846666.7,-61.29610739755833
27465845000.0,-59.37376778370803
27470843333.3,-59.910549149241554
27475841666.7,-60.00655483165056
27480840000.0,-59.18424475636904
27485838333.3,-60.918508870896744
27490836666.7,-60.39855480664368
27495835000.0,-61.48662894168906
27500833333.3,-61.2604024438714
27505831666.7,-62.17281167313536
27510830000.0,-59.68588100232626
27515828333.3,-62.033400299139664
27520826666.7,-59.74797510009198
27525825000.0,-62.85123436619603
27530823333.3,-62.02149264151204
27535821666.7,-61.36557396663545
27540820000.0,-61.431672966707545
27545818333.3,-62.27376424400768
27550816666.7,-62.696136254295816
27555815000.0,-61.204348885217556
27560813333.3,-60.36154687462475
27565811666.7,-61.48734626466984
27570810000.0,-60.90296338373185
27575808333.3,-59.85870339382609
27580806666.7,-60.03931282986247
27585805000.0,-61.85372789352208
27590803333.3,-61.880066964874096
27595801666.7,-61.512223429637345
27600800000.0,-60.65558128423497
27605798333.3,-61.50295620540718
27610796666.7,-60.32836855208795
27615795000.0,-61.97933738303165
27620793333.3,-60.87098415406995
27625791666.7,-61.224819576129605
27630790000.0,-62.193589522035346
27635788333.3,-60.68765694111982
27640786666.7,-61.15720485753671
27645785000.0,-59.66956173608882
27650783333.3,-59.13293015346808
27655781666.7,-61.43310392383004
27660780000.0,-60.490515110515275
27665778333.3,-59.406811288552035
27670776666.7,-61.813728494029974
27675775000.0,-60.257852240425976
27680773333.3,-63.36762460700409
27685771666.7,-62.40482408016553
27690770000.0,-61.572118164522955
27695768333.3,-60.34257631633973
27700766666.7,-64.07845133947525
27705765000.0,-62.562757731010265
27710763333.3,-60.801149165716375
27715761666.7,-62.2217060626992
27720760000.0,-60.203685630389984
27725758333.3,-61.89758680402414
27730756666.7,-63.050013186924254
27735755000.0,-61.96073066558641
27740753333.3,-61.35553493898744
27745751666.7,-62.29513393073751
27750750000.0,-62.123489556980175
27755748333.3,-59.351628000922005
27760746666.7,-60.92087271334343
27765745000.0,-63.64575749418865
27770743333.3,-63.95787236779648
27775741666.7,-61.51514350024808
27780740000.0,-62.66476191449932
27785738333.3,-63.15624810435986
27790736666.7,-62.2256421074109
27795735000.0,-60.06099811961099
27800733333.3,-61.423771652557306
27805731666.7,-63.30918794510999
27810730000.0,-61.66258411979449
27815728333.3,-61.250937933666066
27820726666.7,-63.7197568635482
27825725000.0,-62.80399767947003
27830723333.3,-61.48125131463365
27835721666.7,-63.01960002978735
27840720000.0,-61.82986583483965
27845718333.3,-62.02166586043819
27850716666.7,-63.0397721513708
27855715000.0,-63.05849349071411
27860713333.3,-62.21591198942405
27865711666.7,-62.0517565722276
27870710000.0,-63.93853969835325
27875708333.3,-60.813158705562984
27880706666.7,-61.331435743971106
27885705000.0,-62.27032307259323
27890703333.3,-64.0451985129016
27895701666.7,-62.45870452782338
27900700000.0,-62.45870175808085
27905698333.3,-63.16939856285487
27910696666.7,-61.69536024221277
27915695000.0,-59.40296756264553
27920693333.3,-58.70756220262102
27925691666.7,-60.81050302963004
27930690000.0,-62.19767164962265
27935688333.3,-60.7717614306437
27940686666.7,-61.357355264284806
27945685000.0,-61.29755106736842
27950683333.3,-60.5775041318259
27955681666.7,-63.248948069320946
27960680000.0,-64.8696748570789
27965678333.3,-61.779510364340624
27970676666.7,-61.08197788018521
27975675000.0,-63.557719201718626
27980673333.3,-62.38727660570771
27985671666.7,-61.94830637289138
27990670000.0,-63.99535873362028
27995668333.3,-60.40845810917031
28000666666.7,-62.15810549839125
28005665000.0,-60.91258912916142
28010663333.3,-65.06490497815996
28015661666.7,-61.88817043757534
28020660000.0,-63.561859834899714
28025658333.3,-65.19137710277515
28030656666.7,-63.10724946572998
28035655000.0,-63.125672503000104
28040653333.3,-62.03177811458677
28045651666.7,-64.63825281525665
28050650000.0,-65.0731082544918
28055648333.3,-64.24164372508572
28060646666.7,-62.66389858589306
28065645000.0,-64.16187583152015
28070643333.3,-64.24363763746446
28075641666.7,-64.71102928805007
28080640000.0,-62.39043414939963
28085638333.3,-62.12719360004235
28090636666.7,-65.23659633247121
28095635000.0,-64.72581315134423
28100633333.3,-62.07133472392041
28105631666.7,-61.614141987383476
28110630000.0,-62.58779601773221
28115628333.3,-63.24443247954571
28120626666.7,-62.64231238272536
28125625000.0,-62.29658118970866
28130623333.3,-63.18584475834004
28135621666.7,-64.69386222891261
28140620000.0,-61.44068401753897
28145618333.3,-62.6544792719117
28150616666.7,-62.42471439070519
28155615000.0,-62.736548407267925
28160613333.3,-61.78276887166513
28165611666.7,-63.6491456056494
28170610000.0,-62.92083285761513
28175608333.3,-62.55421415536708
28180606666.7,-61.59250430484387
28185605000.0,-62.57375381992971
28190603333.3,-64.88612492050537
28195601666.7,-61.20470069667704
28200600000.0,-62.69945255384136
28205598333.3,-63.06066647026154
28210596666.7,-62.86176599380212
28215595000.0,-62.429582485056784
28220593333.3,-64.74804739249029
28225591666.7,-65.76547452786521
28230590000.0,-63.0921618014345
28235588333.3,-65.51454292262792
28240586666.7,-62.235301725747846
28245585000.0,-62.50630941778077
28250583333.3,-62.378588213579405
28255581666.7,-63.65016273430432
28260580000.0,-63.08978344825015
28265578333.3,-62.6409497868195
28270576666.7,-62.28680063911029
28275575000.0,-63.860780352174366
28280573333.3,-64.31039334534833
28285571666.7,-62.88936497874854
28290570000.0,-64.23334892349094
28295568333.3,-63.57531073524491
28300566666.7,-64.10423524521342
28305565000.0,-62.50586230208651
28310563333.3,-63.211891047432246
28315561666.7,-64.1493643778384
28320560000.0,-64.04071918378928
28325558333.3,-65.46656819062109
28330556666.7,-62.5334133580413
28335555000.0,-65.0865078904356
28340553333.3,-64.74047498320778
28345551666.7,-63.83747095470316
28350550000.0,-62.10141198613006
28355548333.3,-63.61084689342725
28360546666.7,-63.004895855485586
28365545000.0,-64.07500168938599
28370543333.3,-64.76866521139758
28375541666.7,-63.53660508564125
28380540000.0,-63.15767441321143
28385538333.3,-64.65845806292629
28390536666.7,-63.068297758372466
28395535000.0,-63.249559864579155
28400533333.3,-63.65868311458197
28405531666.7,-63.213525036918384
28410530000.0,-62.97087671790865
28415528333.3,-62.44829632540798
28420526666.7,-63.15637816943717
28425525000.0,-63.68278423509035
28430523333.3,-63.113300651400685
28435521666.7,-62.60563284041893
28440520000.0,-64.54442775531248
28445518333.3,-62.12035869328911
28450516666.7,-63.96573491379354
28455515000.0,-69.84532337813101
28460513333.3,-65.96925233674015
28465511666.7,-63.71067192748057
28470510000.0,-65.62364736258732
28475508333.3,-65.73287878998877
28480506666.7,-62.46363609478703
28485505000.0,-61.09037909689089
28490503333.3,-61.64967565519127
28495501666.7,-62.414414170961464
28500500000.0,-65.71504552869126
28505498333.3,-62.5148609650094
28510496666.7,-62.093744580335425
28515495000.0,-62.73092461919823
28520493333.3,-64.42901035483733
28525491666.7,-63.35818784109219
28530490000.0,-64.32124831949159
28535488333.3,-63.30052375012365
28540486666.7,-63.37004766754183
28545485000.0,-63.20497268822912
28550483333.3,-63.92970089316525
28555481666.7,-64.78002115573253
28560480000.0,-65.04178359901245
28565478333.3,-65.89465733525378
28570476666.7,-62.95505034819254
28575475000.0,-64.21670183289868
28580473333.3,-63.75814008913045
28585471666.7,-62.812822439678555
28590470000.0,-62.6288718100978
28595468333.3,-62.847242296922715
28600466666.7,-62.57692968974914
28605465000.0,-64.52945735781661
28610463333.3,-63.702017013459425
28615461666.7,-65.07072914888083
28620460000.0,-66.35426398213059
28625458333.3,-64.54570382165949
28630456666.7,-64.77339933008696
28635455000.0,-64.16229077035476
28640453333.3,-64.33045768493346
28645451666.7,-65.66717705719212
28650450000.0,-62.49574453439858
28655448333.3,-63.27336366264986
28660446666.7,-64.75278951745945
28665445000.0,-62.826481348427585
28670443333.3,-66.79496585503885
28675441666.7,-64.18534024757204
28680440000.0,-63.80999994630112
28685438333.3,-62.7379163005519
28690436666.7,-62.708949668994116
28695435000.0,-63.35472685911878
28700433333.3,-65.35321207348821
28705431666.7,-63.97004130278227
28710430000.0,-73.57728352184645
28715428333.3,-62.818383613395135
28720426666.7,-61.711715039783506
28725425000.0,-65.16442148778692
28730423333.3,-64.48202906308042
28735421666.7,-64.21289167460176
28740420000.0,-65.06374434445387
28745418333.3,-64.22927782131039
28750416666.7,-63.51827077769305
28755415000.0,-64.2756825932019
28760413333.3,-64.65256275284653
28765411666.7,-64.13408817189124
28770410000.0,-64.51136098623131
28775408333.3,-64.95090531090054
28780406666.7,-64.48098719246822
28785405000.0,-64.20711458550753
28790403333.3,-64.09915209359269
28795401666.7,-63.750832357027676
28800400000.0,-65.24287542010197
28805398333.3,-65.25590302839473
28810396666.7,-63.17248872225211
28815395000.0,-63.14470610184475
28820393333.3,-64.13628713723517
28825391666.7,-65.21256223751278
28830390000.0,-64.22691002806758
28835388333.3,-64.60215214260528
28840386666.7,-65.46137082752965
28845385000.0,-64.99917431141165
28850383333.3,-63.95506598820955
28855381666.7,-62.69616828574197
28860380000.0,-62.121722484134445
28865378333.3,-66.76770520400225
28870376666.7,-64.89696592796277
28875375000.0,-66.9797036132869
28880373333.3,-67.00337120767878
28885371666.7,-67.34855167105788
28890370000.0,-65.5471119142801
28895368333.3,-66.85317854534787
28900366666.7,-66.77751196818362
28905365000.0,-62.58548648245523
28910363333.3,-63.885851452814
28915361666.7,-66.05465102486554
28920360000.0,-66.94651447379982
28925358333.3,-66.18308188215275
28930356666.7,-63.636506461074084
28935355000.0,-67.62389446570243
28940353333.3,-66.53604178296106
28945351666.7,-64.61051800795025
28950350000.0,-67.46744893215886
28955348333.3,-68.61197381806237
28960346666.7,-62.93885060482001
28965345000.0,-65.37906731663105
28970343333.3,-66.07694365411224
28975341666.7,-67.50916749354703
28980340000.0,-67.53748766131993
28985338333.3,-66.19174130437816
28990336666.7,-67.61557596598382
28995335000.0,-63.653186170769445
29000333333.3,-64.53582216732082
29005331666.7,-62.56025035252645
29010330000.0,-65.98905437024278
29015328333.3,-65.32873473799341
29020326666.7,-69.98449558887447
29025325000.0,-67.59402327142355
29030323333.3,-64.07840958308921
29035321666.7,-64.19061954242912
29040320000.0,-66.24698144954453
29045318333.3,-63.76997440972865
29050316666.7,-63.11655445479677
29055315000.0,-61.793814942663715
29060313333.3,-71.2084945843067
29065311666.7,-63.84515829456549
29070310000.0,-68.93551512075636
29075308333.3,-65.20718802868471
29080306666.7,-66.8672107168066
29085305000.0,-64.34555506978091
29090303333.3,-66.85040208455823
29095301666.7,-66.25441011088778
29100300000.0,-67.02814599903968
29105298333.3,-65.77205060772513
29110296666.7,-65.24048432663477
29115295000.0,-65.94497996270721
29120293333.3,-64.56985935543571
29125291666.7,-68.58019805264333
29130290000.0,-68.52121836152597
29135288333.3,-70.26483553531129
29140286666.7,-65.77623426494937
29145285000.0,-67.19129519329364
29150283333.3,-67.64007227035992
29155281666.7,-66.35921852088569
29160280000.0,-64.54324951369736
29165278333.3,-65.56599264782605
29170276666.7,-68.55044177135737
29175275000.0,-66.19676020307723
29180273333.3,-63.67805207320444
29185271666.7,-67.64786561226934
29190270000.0,-65.46938862644649
29195268333.3,-64.31042584798946
29200266666.7,-68.244089542706
29205265000.0,-70.29830121604344
29210263333.3,-71.5524953203598
29215261666.7,-67.68231522989707
29220260000.0,-67.46034731980882
29225258333.3,-68.52502887053703
29230256666.7,-64.94097673722061
29235255000.0,-72.22977084295971
29240253333.3,-64.35475966555315
29245251666.7,-69.31627229583198
29250250000.0,-66.87677478127058
29255248333.3,-65.76699041572832
29260246666.7,-65.24747694792636
29265245000.0,-65.25779604381303
29270243333.3,-67.177669978288
29275241666.7,-66.00141163753054
29280240000.0,-65.80835257870807
29285238333.3,-64.75595692696712
29290236666.7,-70.6827386289902
29295235000.0,-65.91725593210712
29300233333.3,-67.95740177974245
29305231666.7,-70.05249397616114
29310230000.0,-68.21423642331241
29315228333.3,-68.34516464693186
29320226666.7,-66.09353325451464
29325225000.0,-65.59668112549018
29330223333.3,-66.73533644157224
29335221666.7,-67.5526639606019
29340220000.0,-66.1455483240593
29345218333.3,-66.41687621257235
29350216666.7,-65.96202028205676
29355215000.0,-69.83283783647072
29360213333.3,-69.5230412708325
29365211666.7,-67.80037690164667
29370210000.0,-63.96888151856032
29375208333.3,-65.07190138028773
29380206666.7,-65.65194299040331
29385205000.0,-67.38192519932524
29390203333.3,-69.50978303190568
29395201666.7,-66.65085664259672
29400200000.0,-65.46716832942788
29405198333.3,-67.59874608737455
29410196666.7,-66.20309872406742
29415195000.0,-66.5070581235997
29420193333.3,-65.21875222339445
29425191666.7,-65.87788126122574
29430190000.0,-66.18291481175339
29435188333.3,-69.81037663179863
29440186666.7,-68.66390804488545
29445185000.0,-66.84644564994959
29450183333.3,-68.01466860094739
29455181666.7,-67.01379849872826
29460180000.0,-66.2031451027328
29465178333.3,-66.33717182148254
29470176666.7,-70.62896978392416
29475175000.0,-67.32803301148509
29480173333.3,-80.56539772245927
29485171666.7,-67.87394585685085
29490170000.0,-69.51143708912971
29495168333.3,-72.18582241619379
29500166666.7,-66.70439482891821
29505165000.0,-66.35206303511534
29510163333.3,-71.23055963428328
29515161666.7,-64.89279874308419
29520160000.0,-69.05507601311305
29525158333.3,-65.84341529082154
29530156666.7,-66.02514533705218
29535155000.0,-71.83175148988886
29540153333.3,-66.3526944654713
29545151666.7,-69.09575207366574
29550150000.0,-66.27057479752791
29555148333.3,-67.484887260252
29560146666.7,-67.4950840034065
29565145000.0,-70.55606589961276
29570143333.3,-70.5397960582915
29575141666.7,-68.34646900176577
29580140000.0,-67.83866713636516
29585138333.3,-68.72375199817752
29590136666.7,-68.81950462292335
29595135000.0,-68.2946883022361
29600133333.3,-67.06585912938911
29605131666.7,-65.49917119149607
29610130000.0,-65.97086847520464
29615128333.3,-67.35773567397919
29620126666.7,-72.7279370540779
29625125000.0,-71.67661233015467
29630123333.3,-70.64106604617317
29635121666.7,-67.36249870048734
29640120000.0,-71.85798440761252
29645118333.3,-67.9307751720425
29650116666.7,-68.45412556585477
29655115000.0,-66.99174760543178
29660113333.3,-67.72715287515821
29665111666.7,-70.65000775729222
29670110000.0,-72.21315619773928
29675108333.3,-69.06560256573346
29680106666.7,-69.8784989291636
29685105000.0,-71.7448659321278
29690103333.3,-65.6721554180404
29695101666.7,-65.2976843890242
29700100000.0,-69.72153745186336
29705098333.3,-68.4384248847985
29710096666.7,-66.65778883080472
29715095000.0,-69.48123532585376
29720093333.3,-66.52126430529692
29725091666.7,-69.56314245739907
29730090000.0,-75.92351731636163
29735088333.3,-72.5492228553196
29740086666.7,-72.50407006706095
29745085000.0,-66.51916134933772
29750083333.3,-65.51534250085982
29755081666.7,-70.2005902679646
29760080000.0,-68.93685422570476
29765078333.3,-78.20519032017928
29770076666.7,-74.92439039913408
29775075000.0,-80.80615914248614
29780073333.3,-70.64777315267852
29785071666.7,-80.87109759101727
29790070000.0,-69.52776556128374
29795068333.3,-70.04085883489725
29800066666.7,-73.81406453505994
29805065000.0,-66.34281047128542
29810063333.3,-67.42967888823452
29815061666.7,-71.75130468083988
29820060000.0,-67.72598870945893
29825058333.3,-69.02791564881738
29830056666.7,-68.9272085225297
29835055000.0,-74.16272307603747
29840053333.3,-67.67397301874266
29845051666.7,-69.76943251114945
29850050000.0,-65.33923527871497
29855048333.3,-69.60956861994913
29860046666.7,-72.22949287043062
29865045000.0,-67.17008442852146
29870043333.3,-67.16877709402083
29875041666.7,-69.76796883936285
29880040000.0,-74.60915732365427
29885038333.3,-69.6036506008299
29890036666.7,-69.4796227480525
29895035000.0,-70.38599765818725
29900033333.3,-69.36994197692768
29905031666.7,-71.23619272496737
29910030000.0,-75.90439444735631
29915028333.3,-68.69003951741655
29920026666.7,-68.72926895134634
29925025000.0,-74.49161353189578
29930023333.3,-70.37102375422359
29935021666.7,-69.76277450800362
29940020000.0,-70.96601271430657
29945018333.3,-69.40562320893004
29950016666.7,-71.17261257182017
29955015000.0,-70.84583338893354
29960013333.3,-72.63884625148887
29965011666.7,-65.58697854811888
29970010000.0,-68.40679353048722
29975008333.3,-69.8155783149595
29980006666.7,-74.18793910957038
29985005000.0,-70.45939370738887
29990003333.3,-69.97128928756833
29995001666.7,-74.37488415501315
30000000000.0,-66.94920262047715
