Frequency_Hz,Magnitude_dB
10000000.0,-58.27111968987643
14998333.3333,-72.14020977471327
19996666.6667,-66.83522066840814
24995000.0,-68.40287401152032
29993333.3333,-68.52402266449852
34991666.6667,-73.59559465221606
39990000.0,-64.67132605984239
44988333.3333,-69.50981705492826
49986666.6667,-68.87572610965948
54985000.0,-64.4039505161248
59983333.3333,-67.25516642413963
64981666.6667,-64.86175883434684
69980000.0,-85.49459113044769
74978333.3333,-82.00602216764199
79976666.6667,-77.98232687620852
84975000.0,-67.60895202448567
89973333.3333,-71.74115491625774
94971666.6667,-76.69975815557135
99970000.0,-72.4816802183605
104968333.333,-69.93519634849598
109966666.667,-69.41110943590483
114965000.0,-74.36095581575836
119963333.333,-68.92942060191137
124961666.667,-68.40163527822028
129960000.0,-69.73046581947001
134958333.333,-69.40395537091702
139956666.667,-67.34989023985152
144955000.0,-67.71211248542338
149953333.333,-69.13897651167436
154951666.667,-70.93408777828151
159950000.0,-73.48394852304287
164948333.333,-68.5543190723519
169946666.667,-68.59478138253344
174945000.0,-73.61428637443588
179943333.333,-72.14605728490844
184941666.667,-69.17642436653237
189940000.0,-71.29671134500627
194938333.333,-72.93752746860422
199936666.667,-70.3224512138602
204935000.0,-69.73726465321394
209933333.333,-72.35651523926337
214931666.667,-71.5164193151941
219930000.0,-76.78730540671884
224928333.333,-70.63123709309383
229926666.667,-69.57875790524201
234925000.0,-72.63004058009486
239923333.333,-70.55431602941813
244921666.667,-73.4841920627378
249920000.0,-70.80143790385173
254918333.333,-66.68159968861539
259916666.667,-74.64352335930938
264915000.0,-77.94041196998384
269913333.333,-73.45111431102654
274911666.667,-74.00015918471233
279910000.0,-68.52552461093748
284908333.333,-73.60022042991696
289906666.667,-66.39000002109998
294905000.0,-71.46321677072467
299903333.333,-69.7707139238971
304901666.667,-66.91136977212219
309900000.0,-70.55809396466694
314898333.333,-70.1020307464851
319896666.667,-69.46559435989975
324895000.0,-73.47775622059346
329893333.333,-67.73589977293763
334891666.667,-69.04210158010994
339890000.0,-70.23913836513147
344888333.333,-68.75325583688087
349886666.667,-67.97114652586225
354885000.0,-72.95980411837485
359883333.333,-71.59675606029582
364881666.667,-67.59472881083542
369880000.0,-68.30590688299175
374878333.333,-68.42952557118072
379876666.667,-71.15594865431858
384875000.0,-72.15555221107932
389873333.333,-69.29136684769546
394871666.667,-67.84069990294701
399870000.0,-68.82224731198696
404868333.333,-69.67330989749222
409866666.667,-66.07416223009177
414865000.0,-71.7261633196859
419863333.333,-68.30393420000212
424861666.667,-66.64318105382574
429860000.0,-69.86876629450504
434858333.333,-69.55298862021306
439856666.667,-68.63442934314018
444855000.0,-70.56281882022861
449853333.333,-69.47447986420048
454851666.667,-67.49518252296059
459850000.0,-68.88625514664693
464848333.333,-67.99319393819363
469846666.667,-67.91196294123408
474845000.0,-68.23897638601473
479843333.333,-67.32340361232136
484841666.667,-66.33388193580011
489840000.0,-70.630155417913
494838333.333,-68.9534250941505
499836666.667,-66.55308572686914
504835000.0,-67.06105571446695
509833333.333,-66.2700280428806
514831666.667,-66.10305766533155
519830000.0,-67.92415394428807
524828333.333,-66.51716460528125
529826666.667,-67.82343582687938
534825000.0,-69.00336440924556
539823333.333,-68.4913624849826
544821666.667,-66.08611000170579
549820000.0,-67.58568277430099
554818333.333,-66.33783523661111
559816666.667,-68.34325587291998
564815000.0,-65.34964372523889
569813333.333,-66.67639954281684
574811666.667,-67.49194501963382
579810000.0,-65.6544205042267
584808333.333,-68.37236935599488
589806666.667,-65.0905647401444
594805000.0,-65.36232125658793
599803333.333,-67.8001613111005
604801666.667,-65.42002666612346
609800000.0,-69.02191857126746
614798333.333,-65.28970029134636
619796666.667,-66.2779854399258
624795000.0,-66.87971886395201
629793333.333,-67.65140358957669
634791666.667,-65.28236917209861
639790000.0,-66.9272720258467
644788333.333,-66.32264430642182
649786666.667,-65.72644924404364
654785000.0,-66.58566554083451
659783333.333,-66.78937643475936
664781666.667,-64.70996665725302
669780000.0,-64.0817710945626
674778333.333,-65.75709496105218
679776666.667,-64.21337176222646
684775000.0,-65.80281149788802
689773333.333,-64.10028466787759
694771666.667,-65.93619123671937
699770000.0,-64.59848941946518
704768333.333,-64.974345562039
709766666.667,-64.20381737674398
714765000.0,-65.81947075273368
719763333.333,-65.48321879130494
724761666.667,-65.41478451616919
729760000.0,-66.24430534888856
734758333.333,-66.85550331936267
739756666.667,-64.42040149652499
744755000.0,-64.3101725720438
749753333.333,-64.41030355508562
754751666.667,-64.87361929113965
759750000.0,-64.8146776378789
764748333.333,-64.75831188924316
769746666.667,-65.66285912773688
774745000.0,-65.09816375523367
779743333.333,-65.67212949157967
784741666.667,-63.97371675205906
789740000.0,-63.270118795127274
794738333.333,-64.81949207196764
799736666.667,-64.91353578960259
804735000.0,-64.01422593740322
809733333.333,-64.06295276884765
814731666.667,-63.909463139005766
819730000.0,-63.49221369114627
824728333.333,-64.2367889394604
829726666.667,-64.6179593130719
834725000.0,-64.7687343039241
839723333.333,-64.81206649106986
844721666.667,-65.4205273604683
849720000.0,-64.38691040758837
854718333.333,-63.222686447666746
859716666.667,-63.743264286718414
864715000.0,-64.32492955642057
869713333.333,-64.2492061276402
874711666.667,-63.01480766167933
879710000.0,-63.47858379923415
884708333.333,-63.275740070009945
889706666.667,-62.563538086919635
894705000.0,-62.96288940614117
899703333.333,-62.458271908878736
904701666.667,-62.85338107697769
909700000.0,-62.50134263467217
914698333.333,-63.19297466185691
919696666.667,-63.04991501623185
924695000.0,-63.12212789362667
929693333.333,-62.15079611725354
934691666.667,-62.791790669404584
939690000.0,-63.392026198716124
944688333.333,-62.3289268763
949686666.667,-62.117295742166974
954685000.0,-62.05854499637549
959683333.333,-62.29456141631311
964681666.667,-62.18138494979607
969680000.0,-61.824290337087774
974678333.333,-62.0295862257263
979676666.667,-62.630639337248965
984675000.0,-62.205923301366255
989673333.333,-61.85432341417208
994671666.667,-62.307608588201745
999670000.0,-62.44162921820756
1004668333.33,-62.18542929053838
1009666666.67,-62.11573452711062
1014665000.0,-61.94284871000798
1019663333.33,-62.07003505395861
1024661666.67,-62.321319934624015
1029660000.0,-62.06780825215883
1034658333.33,-61.82750646957666
1039656666.67,-61.72873206961525
1044655000.0,-61.67928305012857
1049653333.33,-62.314025618403626
1054651666.67,-62.56510397433088
1059650000.0,-62.31642545942086
1064648333.33,-62.07079399405185
1069646666.67,-62.29862831404415
1074645000.0,-62.69868778262179
1079643333.33,-62.241406094066335
1084641666.67,-61.98763066033767
1089640000.0,-61.789391867892135
1094638333.33,-61.92024765865155
1099636666.67,-62.3095256516375
1104635000.0,-62.077360602089904
1109633333.33,-61.882494759994074
1114631666.67,-61.83345243262466
1119630000.0,-62.399716215086855
1124628333.33,-61.524920909569715
1129626666.67,-61.76469277217872
1134625000.0,-61.79547137080914
1139623333.33,-61.52413603064907
1144621666.67,-61.438572190653986
1149620000.0,-61.86339387585508
1154618333.33,-62.33544284440282
1159616666.67,-62.014874772108655
1164615000.0,-61.760432477938494
1169613333.33,-60.85823190637588
1174611666.67,-61.20898946191396
1179610000.0,-61.26397762856429
1184608333.33,-61.31393478840856
1189606666.67,-61.26650959660341
1194605000.0,-61.20255228326847
1199603333.33,-60.84852563645347
1204601666.67,-60.735595352054176
1209600000.0,-61.074683997890034
1214598333.33,-60.83981739069284
1219596666.67,-60.82207420508935
1224595000.0,-60.465519019686596
1229593333.33,-60.59584439603614
1234591666.67,-60.111029121426476
1239590000.0,-60.48584341664668
1244588333.33,-60.61071925564731
1249586666.67,-60.070238365923856
1254585000.0,-60.193522819132156
1259583333.33,-60.36720042082184
1264581666.67,-60.48033186220715
1269580000.0,-60.83697142381962
1274578333.33,-60.71563514815842
1279576666.67,-59.98663749685437
1284575000.0,-60.13964714925811
1289573333.33,-59.876210496172604
1294571666.67,-60.33477825041368
1299570000.0,-60.193692510377154
1304568333.33,-59.96674264492378
1309566666.67,-59.34250146014988
1314565000.0,-59.36476120801258
1319563333.33,-60.305781200387365
1324561666.67,-59.654202988837504
1329560000.0,-59.7037681898409
1334558333.33,-59.974003347692175
1339556666.67,-60.21737978217152
1344555000.0,-59.960454642528575
1349553333.33,-59.99189035882871
1354551666.67,-59.80992048391056
1359550000.0,-60.13150987562264
1364548333.33,-60.042403182022106
1369546666.67,-59.62827146919472
1374545000.0,-59.593490856201555
1379543333.33,-59.56187746231891
1384541666.67,-59.92653803411958
1389540000.0,-59.98389538623456
1394538333.33,-59.51754430743584
1399536666.67,-59.406424896751574
1404535000.0,-58.949025728442585
1409533333.33,-59.32334193279387
1414531666.67,-59.18861893988998
1419530000.0,-59.41986849145047
1424528333.33,-59.696693528139086
1429526666.67,-59.818899520265276
1434525000.0,-59.42301110783934
1439523333.33,-59.673579968723914
1444521666.67,-58.97013646991864
1449520000.0,-59.23521358242819
1454518333.33,-59.4404071443264
1459516666.67,-59.25487757085811
1464515000.0,-58.92773645333442
1469513333.33,-59.14207912001265
1474511666.67,-58.84159872718583
1479510000.0,-58.98491653697313
1484508333.33,-58.478514397737705
1489506666.67,-59.496833438518316
1494505000.0,-58.78865274207286
1499503333.33,-58.61723644088714
1504501666.67,-58.702830531648154
1509500000.0,-58.520205542259845
1514498333.33,-58.56649226295769
1519496666.67,-59.051626085875554
1524495000.0,-58.676734402690116
1529493333.33,-58.302795407249974
1534491666.67,-58.790751901590845
1539490000.0,-58.45632480449013
1544488333.33,-58.2742018740009
1549486666.67,-58.47333171877624
1554485000.0,-58.35386480134946
1559483333.33,-58.34809610494479
1564481666.67,-58.15586244195182
1569480000.0,-58.64201073074628
1574478333.33,-57.96538045946909
1579476666.67,-58.44752158719618
1584475000.0,-58.071512143606334
1589473333.33,-57.52012794086677
1594471666.67,-58.446599048992866
1599470000.0,-58.441038509844404
1604468333.33,-58.71639559364535
1609466666.67,-58.35671649932237
1614465000.0,-58.44071804525238
1619463333.33,-58.364648862146495
1624461666.67,-58.40032314586942
1629460000.0,-58.10403242689139
1634458333.33,-58.30981410651914
1639456666.67,-58.23092479339942
1644455000.0,-58.13293236208531
1649453333.33,-58.2537577002568
1654451666.67,-58.08860045339054
1659450000.0,-58.38390798113991
1664448333.33,-58.66472070355709
1669446666.67,-57.93351257863448
1674445000.0,-58.28557363902377
1679443333.33,-58.02005090659367
1684441666.67,-58.17458483517732
1689440000.0,-58.05938387067969
1694438333.33,-57.60215927646394
1699436666.67,-57.99682789469745
1704435000.0,-57.67540616335935
1709433333.33,-58.27640129518234
1714431666.67,-57.734104276391314
1719430000.0,-58.05212343311546
1724428333.33,-57.95269306215282
1729426666.67,-58.035392612690224
1734425000.0,-57.774189079982044
1739423333.33,-57.07781736618954
1744421666.67,-57.8954364299089
1749420000.0,-57.6467513764826
1754418333.33,-58.21480917119739
1759416666.67,-57.60763532902904
1764415000.0,-57.55916432400939
1769413333.33,-57.23829350304833
1774411666.67,-57.35809385489193
1779410000.0,-57.15929947487567
1784408333.33,-57.64251758162551
1789406666.67,-57.48250385958591
1794405000.0,-57.31073924543481
1799403333.33,-57.22719843530024
1804401666.67,-57.36043394547623
1809400000.0,-56.97395927920499
1814398333.33,-57.55942073409407
1819396666.67,-57.41075201548479
1824395000.0,-57.34651636521616
1829393333.33,-57.47691539746309
1834391666.67,-57.092461054692166
1839390000.0,-57.49906032673103
1844388333.33,-56.69691302130043
1849386666.67,-57.13239054678732
1854385000.0,-57.04261534151473
1859383333.33,-57.34418528229512
1864381666.67,-57.657893708436355
1869380000.0,-56.904245919491245
1874378333.33,-57.357516138236626
1879376666.67,-57.032058144027744
1884375000.0,-57.555477835857445
1889373333.33,-56.89073724751633
1894371666.67,-57.18905243802382
1899370000.0,-57.24644805477463
1904368333.33,-57.08790321798995
1909366666.67,-56.767298069925545
1914365000.0,-57.123215301111976
1919363333.33,-56.416357030428216
1924361666.67,-56.628393163722954
1929360000.0,-57.20765901866972
1934358333.33,-56.956964234857566
1939356666.67,-56.60433678720493
1944355000.0,-56.673462385315275
1949353333.33,-56.53062525410317
1954351666.67,-56.91910314561163
1959350000.0,-56.18316469723345
1964348333.33,-56.33996271010764
1969346666.67,-56.87444144820425
1974345000.0,-56.62501295683388
1979343333.33,-56.67848063875158
1984341666.67,-56.580617418646995
1989340000.0,-55.952565673860654
1994338333.33,-56.29841198635453
1999336666.67,-56.56205902413582
2004335000.0,-56.79151113557185
2009333333.33,-56.598788060382326
2014331666.67,-56.19904063392413
2019330000.0,-56.72575376346849
2024328333.33,-56.60753619635032
2029326666.67,-56.65309519671683
2034325000.0,-56.58695187080913
2039323333.33,-56.62405509478284
2044321666.67,-56.59159066802936
2049320000.0,-56.16485095622085
2054318333.33,-56.1924061651156
2059316666.67,-56.636298541184985
2064315000.0,-56.323342602187424
2069313333.33,-56.72885177539886
2074311666.67,-56.97362917662808
2079310000.0,-56.327034638914085
2084308333.33,-56.35183448977151
2089306666.67,-56.282953391351576
2094305000.0,-56.141095872468505
2099303333.33,-56.11726354088708
2104301666.67,-56.33058236344517
2109300000.0,-56.13270211516727
2114298333.33,-56.266372171242224
2119296666.67,-56.23005836287932
2124295000.0,-56.175181723318765
2129293333.33,-55.352783025528865
2134291666.67,-56.36186347588673
2139290000.0,-56.42575413480944
2144288333.33,-56.26118301233599
2149286666.67,-55.602246891145974
2154285000.0,-55.96031590883578
2159283333.33,-55.86621858083319
2164281666.67,-55.9977522942215
2169280000.0,-55.88198380204314
2174278333.33,-55.91592474155371
2179276666.67,-55.66314487596614
2184275000.0,-55.67539403360854
2189273333.33,-55.301854179555924
2194271666.67,-55.64374561357536
2199270000.0,-55.45055669096867
2204268333.33,-55.403863172690386
2209266666.67,-55.51106809872223
2214265000.0,-55.493765207107074
2219263333.33,-55.10706656871732
2224261666.67,-55.32333246555097
2229260000.0,-55.51998996813572
2234258333.33,-55.53921972722335
2239256666.67,-55.10640409200637
2244255000.0,-55.40825648236162
2249253333.33,-55.034361825265364
2254251666.67,-54.9981131444411
2259250000.0,-55.125742141547256
2264248333.33,-55.35088137646432
2269246666.67,-55.22666091732585
2274245000.0,-55.089456389373126
2279243333.33,-55.24115800689608
2284241666.67,-55.104983288994006
2289240000.0,-54.984536764657804
2294238333.33,-55.255498257806735
2299236666.67,-55.075277598771
2304235000.0,-54.91900551268421
2309233333.33,-54.52327089039638
2314231666.67,-54.89770193899821
2319230000.0,-54.67670837214878
2324228333.33,-54.89220578708767
2329226666.67,-55.101139314858
2334225000.0,-54.70536820783413
2339223333.33,-54.89023011657426
2344221666.67,-55.18298897514761
2349220000.0,-54.82723557015725
2354218333.33,-55.13320822257286
2359216666.67,-54.9005024395721
2364215000.0,-54.98041014275927
2369213333.33,-54.92010415492625
2374211666.67,-54.49787153909158
2379210000.0,-54.57440151366491
2384208333.33,-55.01217656177511
2389206666.67,-54.74046292483745
2394205000.0,-54.76114300510432
2399203333.33,-54.40465336983138
2404201666.67,-54.549600771944135
2409200000.0,-54.55306151343595
2414198333.33,-54.42969847779318
2419196666.67,-54.39639228684204
2424195000.0,-54.401009387398425
2429193333.33,-54.621023416561854
2434191666.67,-54.18933134714184
2439190000.0,-53.93588597515331
2444188333.33,-54.053441182715
2449186666.67,-53.92816230762832
2454185000.0,-53.934099736573906
2459183333.33,-53.94187319740213
2464181666.67,-54.05034714928262
2469180000.0,-54.11913188163791
2474178333.33,-54.12318263615514
2479176666.67,-54.107959713053894
2484175000.0,-54.07980097634295
2489173333.33,-54.02752327279161
2494171666.67,-53.819156870058194
2499170000.0,-53.99661028185871
2504168333.33,-53.70973150551137
2509166666.67,-53.81037057556219
2514165000.0,-53.7330354937254
2519163333.33,-53.53880622090134
2524161666.67,-53.22690217901439
2529160000.0,-53.57006073137906
2534158333.33,-53.900393257904625
2539156666.67,-53.61664713202616
2544155000.0,-53.73865089473958
2549153333.33,-53.69297454479526
2554151666.67,-53.27994994648507
2559150000.0,-53.53284194851181
2564148333.33,-53.50399041039607
2569146666.67,-53.733852343709074
2574145000.0,-53.61201165325149
2579143333.33,-53.456522623071336
2584141666.67,-53.60136324010025
2589140000.0,-53.56799174983688
2594138333.33,-53.62224377677215
2599136666.67,-53.72382729058893
2604135000.0,-53.378615098941765
2609133333.33,-53.19703670017824
2614131666.67,-53.265093777636004
2619130000.0,-53.251418047339996
2624128333.33,-53.229566804770684
2629126666.67,-53.233477502144225
2634125000.0,-53.3647128113857
2639123333.33,-53.38552093117153
2644121666.67,-53.18260793416731
2649120000.0,-53.25372470963978
2654118333.33,-53.28813389706098
2659116666.67,-53.270325353177185
2664115000.0,-53.05211767298337
2669113333.33,-53.15880401468627
2674111666.67,-53.07794298792857
2679110000.0,-53.147081642471406
2684108333.33,-52.967940062270635
2689106666.67,-53.242303467658374
2694105000.0,-52.873596314423835
2699103333.33,-52.93915523669689
2704101666.67,-52.687095797619904
2709100000.0,-52.854036497954596
2714098333.33,-52.83683114617074
2719096666.67,-52.76338027257515
2724095000.0,-52.750161032590476
2729093333.33,-52.45064916589206
2734091666.67,-52.757687009311354
2739090000.0,-52.760916695115405
2744088333.33,-52.612322009205826
2749086666.67,-52.836397969400025
2754085000.0,-52.80650219087393
2759083333.33,-52.51706494301363
2764081666.67,-52.51202717086824
2769080000.0,-52.69696726873634
2774078333.33,-52.52730811317525
2779076666.67,-52.37489966129472
2784075000.0,-52.42467555777139
2789073333.33,-52.29993507776789
2794071666.67,-52.35054922942445
2799070000.0,-52.18740136456205
2804068333.33,-52.338355030317274
2809066666.67,-52.16945396059507
2814065000.0,-51.90833229361196
2819063333.33,-52.22369437038212
2824061666.67,-52.15854865394306
2829060000.0,-52.05950413861699
2834058333.33,-52.21074864186932
2839056666.67,-52.118563542201734
2844055000.0,-52.202584844548035
2849053333.33,-52.14237588577862
2854051666.67,-51.941538118526964
2859050000.0,-52.104612820316014
2864048333.33,-52.13749999535991
2869046666.67,-51.932937526583835
2874045000.0,-52.013062907546875
2879043333.33,-52.0579853413779
2884041666.67,-51.68848557807416
2889040000.0,-51.867798523273805
2894038333.33,-51.81548046365144
2899036666.67,-51.86306962907995
2904035000.0,-51.80721644296241
2909033333.33,-51.788015342701215
2914031666.67,-51.873803141031196
2919030000.0,-51.94793193002512
2924028333.33,-51.622529777052534
2929026666.67,-51.712533899980514
2934025000.0,-51.810812837960505
2939023333.33,-51.805905726910865
2944021666.67,-51.763662045745136
2949020000.0,-51.76056515724827
2954018333.33,-51.84000226182681
2959016666.67,-51.68391769935053
2964015000.0,-51.8554583186458
2969013333.33,-51.62085935747483
2974011666.67,-51.63093387137791
2979010000.0,-51.49831412941655
2984008333.33,-51.77704019457753
2989006666.67,-51.63157846935974
2994005000.0,-51.636325834870405
2999003333.33,-51.399776551791696
3004001666.67,-51.57690653130601
3009000000.0,-51.66631073981122
3013998333.33,-51.68094152617539
3018996666.67,-51.621702234317254
3023995000.0,-51.61753525584256
3028993333.33,-51.55204680916369
3033991666.67,-51.44447027160957
3038990000.0,-51.38183999126451
3043988333.33,-51.54366738505355
3048986666.67,-51.38543460887802
3053985000.0,-51.550091470960844
3058983333.33,-51.404799041952685
3063981666.67,-51.447888526697554
3068980000.0,-51.24694230298278
3073978333.33,-51.28522269596574
3078976666.67,-51.17599055874119
3083975000.0,-51.35148185838169
3088973333.33,-51.19466221954121
3093971666.67,-51.060645954698636
3098970000.0,-51.30103422721141
3103968333.33,-51.026384264391176
3108966666.67,-51.1269978092394
3113965000.0,-50.89990474010855
3118963333.33,-51.006374622898875
3123961666.67,-50.83119820441056
3128960000.0,-50.788811858663024
3133958333.33,-50.888008154754885
3138956666.67,-50.76194015942498
3143955000.0,-50.5448188565292
3148953333.33,-50.60848969821372
3153951666.67,-50.53867328189783
3158950000.0,-50.595138397380595
3163948333.33,-50.543212958537865
3168946666.67,-50.55204290141144
3173945000.0,-50.672737676945204
3178943333.33,-50.38045959424025
3183941666.67,-50.470747400099675
3188940000.0,-50.61097415603277
3193938333.33,-50.684322762095704
3198936666.67,-50.671148862714844
3203935000.0,-50.47864329802455
3208933333.33,-50.32662581510187
3213931666.67,-50.329209736596205
3218930000.0,-50.29979878033327
3223928333.33,-50.42327136064236
3228926666.67,-50.36505375556956
3233925000.0,-50.33698049060434
3238923333.33,-50.35131408761556
3243921666.67,-50.25782008347265
3248920000.0,-50.455323698796654
3253918333.33,-50.43859868899371
3258916666.67,-50.38708050960804
3263915000.0,-50.36116603416731
3268913333.33,-50.12917414477218
3273911666.67,-50.28052096576624
3278910000.0,-50.38487754629465
3283908333.33,-50.291856530039645
3288906666.67,-50.283876675083484
3293905000.0,-50.202145227150424
3298903333.33,-50.04671375318565
3303901666.67,-50.06649909838571
3308900000.0,-49.96039850862333
3313898333.33,-50.01896348655776
3318896666.67,-49.943803668038946
3323895000.0,-49.9325668314905
3328893333.33,-49.97950309991812
3333891666.67,-49.982327249149485
3338890000.0,-49.77803340564465
3343888333.33,-49.794638538082424
3348886666.67,-49.73713428248481
3353885000.0,-49.79931928860364
3358883333.33,-49.820937568424675
3363881666.67,-49.849944462522586
3368880000.0,-49.71666927806645
3373878333.33,-49.723285782172326
3378876666.67,-49.5588975737433
3383875000.0,-49.70178489674062
3388873333.33,-49.54824076161108
3393871666.67,-49.462506465056606
3398870000.0,-49.52159596541986
3403868333.33,-49.60757973897435
3408866666.67,-49.45545182193017
3413865000.0,-49.49066063909331
3418863333.33,-49.4865018490068
3423861666.67,-49.55124535931628
3428860000.0,-49.40803506451569
3433858333.33,-49.47274599855567
3438856666.67,-49.40232567914666
3443855000.0,-49.555715923266455
3448853333.33,-49.469624226917965
3453851666.67,-49.498843890089546
3458850000.0,-49.34562957140467
3463848333.33,-49.30780452890823
3468846666.67,-49.269627006088825
3473845000.0,-49.286277345875405
3478843333.33,-49.28745381388773
3483841666.67,-49.160733531389695
3488840000.0,-49.18576292088244
3493838333.33,-49.257637967256905
3498836666.67,-48.91809371149026
3503835000.0,-49.12184991910269
3508833333.33,-49.232287485025985
3513831666.67,-49.17593541126226
3518830000.0,-48.98473197095083
3523828333.33,-49.08988174103754
3528826666.67,-49.115539700773496
3533825000.0,-49.03166650638046
3538823333.33,-48.91886785982555
3543821666.67,-48.787782194579314
3548820000.0,-48.75584152671293
3553818333.33,-48.80071324709621
3558816666.67,-48.6507672378374
3563815000.0,-48.773332473389885
3568813333.33,-48.681756581410426
3573811666.67,-48.62774741322917
3578810000.0,-48.60849879993923
3583808333.33,-48.5700396290168
3588806666.67,-48.63279331859054
3593805000.0,-48.61417213772097
3598803333.33,-48.6061122808652
3603801666.67,-48.50041964585256
3608800000.0,-48.36692868637999
3613798333.33,-48.52226508985456
3618796666.67,-48.36578685031899
3623795000.0,-48.3016290004559
3628793333.33,-48.172832406945425
3633791666.67,-48.48909902634334
3638790000.0,-48.325953776908676
3643788333.33,-48.04494835321593
3648786666.67,-48.31706654121724
3653785000.0,-48.11509843423946
3658783333.33,-48.07845731731795
3663781666.67,-48.2741070806755
3668780000.0,-48.169942855828545
3673778333.33,-48.28610577364331
3678776666.67,-48.30923817857733
3683775000.0,-48.43004183400922
3688773333.33,-48.711963199047844
3693771666.67,-48.487710111398485
3698770000.0,-48.653260263907995
3703768333.33,-48.677376279371664
3708766666.67,-48.71000254732512
3713765000.0,-48.82674542137629
3718763333.33,-48.659412716656014
3723761666.67,-48.702247697519574
3728760000.0,-48.82407193201822
3733758333.33,-48.73296241925697
3738756666.67,-48.40734220415044
3743755000.0,-48.47131823312823
3748753333.33,-48.43738012322089
3753751666.67,-48.37991712103843
3758750000.0,-48.39811280380313
3763748333.33,-48.491570155551464
3768746666.67,-48.246070322466934
3773745000.0,-48.34657135954367
3778743333.33,-48.37194480089849
3783741666.67,-48.27323763214312
3788740000.0,-48.36201217532497
3793738333.33,-48.35085246403837
3798736666.67,-48.30532437022172
3803735000.0,-48.20626636404688
3808733333.33,-48.04574164516805
3813731666.67,-47.98072588578454
3818730000.0,-47.86028389082617
3823728333.33,-47.807448013634215
3828726666.67,-47.81323497543476
3833725000.0,-47.57217142505504
3838723333.33,-47.5888936117269
3843721666.67,-47.33145372456745
3848720000.0,-47.38479158491281
3853718333.33,-47.22322463053863
3858716666.67,-47.33206271587291
3863715000.0,-47.29894508791788
3868713333.33,-47.18466530946281
3873711666.67,-47.05769639460729
3878710000.0,-47.14318376164174
3883708333.33,-47.26344257525226
3888706666.67,-47.22562422719029
3893705000.0,-47.039316241392164
3898703333.33,-47.10494580708431
3903701666.67,-47.129386834457414
3908700000.0,-47.1261263895707
3913698333.33,-47.00405062272345
3918696666.67,-46.999471585960194
3923695000.0,-46.94889713506649
3928693333.33,-46.992949869071964
3933691666.67,-47.16080194890536
3938690000.0,-46.92398582876287
3943688333.33,-47.005774531490545
3948686666.67,-46.96367609340308
3953685000.0,-46.94235517566118
3958683333.33,-47.21105287439335
3963681666.67,-47.104143986930666
3968680000.0,-46.9678547844029
3973678333.33,-47.159061923343316
3978676666.67,-47.13139655770776
3983675000.0,-47.05928380450517
3988673333.33,-47.1857740784456
3993671666.67,-47.2428423044505
3998670000.0,-47.12313137073926
4003668333.33,-47.271963180266034
4008666666.67,-47.34383300628113
4013665000.0,-47.306146024858094
4018663333.33,-47.30241173989134
4023661666.67,-47.35492648279488
4028660000.0,-47.14503813356953
4033658333.33,-47.20472020134587
4038656666.67,-47.288986375935536
4043655000.0,-47.08703456088451
4048653333.33,-47.01889699424445
4053651666.67,-47.016802297313845
4058650000.0,-46.92228953324819
4063648333.33,-46.82048106926415
4068646666.67,-46.736799288524615
4073645000.0,-46.67555609826111
4078643333.33,-46.56471589039807
4083641666.67,-46.357854672165395
4088640000.0,-46.38470968376849
4093638333.33,-46.228301323899494
4098636666.67,-46.087419066029646
4103635000.0,-46.03785367556172
4108633333.33,-45.91204906105207
4113631666.67,-45.952322452283724
4118630000.0,-45.95306526073446
4123628333.33,-45.78872985551072
4128626666.67,-45.839102228656046
4133625000.0,-45.7458208469015
4138623333.33,-45.80434546179575
4143621666.67,-45.70743622376603
4148620000.0,-45.574343847408365
4153618333.33,-45.69879874755374
4158616666.67,-45.44395132207338
4163615000.0,-45.40323866671628
4168613333.33,-45.49266197763878
4173611666.67,-45.36261875550999
4178610000.0,-45.30101163205204
4183608333.33,-45.29506506272159
4188606666.67,-45.29791988284111
4193605000.0,-45.19316656699746
4198603333.33,-45.29116075657803
4203601666.67,-45.284853732161984
4208600000.0,-45.255989450858834
4213598333.33,-45.28876943496825
4218596666.67,-45.1884289969496
4223595000.0,-45.32366823154693
4228593333.33,-45.299610953321114
4233591666.67,-45.14998578555779
4238590000.0,-45.20916621965419
4243588333.33,-45.17089635318552
4248586666.67,-45.13245676787966
4253585000.0,-45.13709448338383
4258583333.33,-44.96761661235831
4263581666.67,-45.27741985825359
4268580000.0,-44.98918162967172
4273578333.33,-45.01513055841018
4278576666.67,-44.97080991884996
4283575000.0,-44.97853536833879
4288573333.33,-45.010956504074535
4293571666.67,-44.92741180468797
4298570000.0,-44.810266445716955
4303568333.33,-44.866976040835844
4308566666.67,-44.747176465714816
4313565000.0,-44.779107304309285
4318563333.33,-44.60311852179948
4323561666.67,-44.661858159077646
4328560000.0,-44.67778014258046
4333558333.33,-44.48234901717386
4338556666.67,-44.50168150300521
4343555000.0,-44.35808449072583
4348553333.33,-44.439457970598184
4353551666.67,-44.27245331903053
4358550000.0,-44.16948392379495
4363548333.33,-44.27170938632244
4368546666.67,-44.19150699968128
4373545000.0,-44.13143409955683
4378543333.33,-44.01884513481485
4383541666.67,-44.03590255776784
4388540000.0,-43.95298457368598
4393538333.33,-44.01668537545834
4398536666.67,-43.88730314063879
4403535000.0,-43.70412930775039
4408533333.33,-43.685415312186265
4413531666.67,-43.664527905880426
4418530000.0,-43.68927288319793
4423528333.33,-43.52413265437018
4428526666.67,-43.47826817982935
4433525000.0,-43.48581175643602
4438523333.33,-43.47742231351398
4443521666.67,-43.4120336745032
4448520000.0,-43.42082583050328
4453518333.33,-43.437598172801295
4458516666.67,-43.341222796959535
4463515000.0,-43.46463800273384
4468513333.33,-43.33469828352317
4473511666.67,-43.385554585468014
4478510000.0,-43.25173080299965
4483508333.33,-43.18524359495374
4488506666.67,-43.14896628962348
4493505000.0,-43.12409502913073
4498503333.33,-42.939236367137916
4503501666.67,-42.830947710911424
4508500000.0,-42.890385314659255
4513498333.33,-42.81293984044234
4518496666.67,-42.81968441930718
4523495000.0,-42.7491921759108
4528493333.33,-42.82094911484531
4533491666.67,-42.754073159910604
4538490000.0,-42.740117101646156
4543488333.33,-42.75243545011297
4548486666.67,-42.6852674328799
4553485000.0,-42.65737040809625
4558483333.33,-42.62124388769121
4563481666.67,-42.54126016639016
4568480000.0,-42.53913215706401
4573478333.33,-42.41207033107245
4578476666.67,-42.414424099300135
4583475000.0,-42.23031253979097
4588473333.33,-42.16023138401277
4593471666.67,-42.12080096248507
4598470000.0,-42.018292758189595
4603468333.33,-41.946649185202325
4608466666.67,-41.95753553566374
4613465000.0,-41.84157270199114
4618463333.33,-41.79777255260106
4623461666.67,-41.78615383503824
4628460000.0,-41.78389984759932
4633458333.33,-41.79290723944639
4638456666.67,-41.75356877496136
4643455000.0,-41.84575489639441
4648453333.33,-41.598246687038966
4653451666.67,-41.731134117833435
4658450000.0,-41.653621732135136
4663448333.33,-41.4947576851702
4668446666.67,-41.53559986172973
4673445000.0,-41.43763080960201
4678443333.33,-41.3362669248123
4683441666.67,-41.27204812013435
4688440000.0,-41.27647936464284
4693438333.33,-41.06787649258747
4698436666.67,-41.12926538147087
4703435000.0,-41.200690787710755
4708433333.33,-41.04006015366272
4713431666.67,-41.097793054190184
4718430000.0,-41.10185011951154
4723428333.33,-41.033685626935366
4728426666.67,-41.123193822550036
4733425000.0,-41.01524234612165
4738423333.33,-41.014772630451155
4743421666.67,-40.978087454215945
4748420000.0,-40.89383661352625
4753418333.33,-40.90732834168421
4758416666.67,-40.77944736133034
4763415000.0,-40.599536985770854
4768413333.33,-40.53915142404502
4773411666.67,-40.49134322760782
4778410000.0,-40.32489926775868
4783408333.33,-40.235581030700814
4788406666.67,-40.18550502670374
4793405000.0,-40.064231707843774
4798403333.33,-40.10112154278409
4803401666.67,-40.006885289647684
4808400000.0,-39.91379807060893
4813398333.33,-39.92456408198793
4818396666.67,-39.80654340494549
4823395000.0,-39.79873218983454
4828393333.33,-39.72503051150542
4833391666.67,-39.672543170257484
4838390000.0,-39.67736443598493
4843388333.33,-39.55375858180043
4848386666.67,-39.50707564643328
4853385000.0,-39.42350503603719
4858383333.33,-39.36275195586197
4863381666.67,-39.25056321223621
4868380000.0,-39.274445673458246
4873378333.33,-39.116399255607526
4878376666.67,-39.10554440002812
4883375000.0,-39.0393611517526
4888373333.33,-39.048733297489576
4893371666.67,-38.91610340674741
4898370000.0,-38.962576433146296
4903368333.33,-38.893585623928985
4908366666.67,-38.77048434410097
4913365000.0,-38.83587050632099
4918363333.33,-38.663312038351506
4923361666.67,-38.65860350762801
4928360000.0,-38.62727543373762
4933358333.33,-38.512429522375086
4938356666.67,-38.51884028136133
4943355000.0,-38.43038033809566
4948353333.33,-38.371117259533214
4953351666.67,-38.31599623204356
4958350000.0,-38.22023969352375
4963348333.33,-38.16930015589437
4968346666.67,-38.143482029345044
4973345000.0,-38.01619847392584
4978343333.33,-37.984217571015975
4983341666.67,-37.95464701646547
4988340000.0,-37.88795700294876
4993338333.33,-37.80717647449148
4998336666.67,-37.81485819728251
5003335000.0,-37.6186522709273
5008333333.33,-37.674997041190956
5013331666.67,-37.5087719556504
5018330000.0,-37.386256855783365
5023328333.33,-37.364742557642366
5028326666.67,-37.18111926987595
5033325000.0,-37.16275637417851
5038323333.33,-37.04813704206466
5043321666.67,-36.92743324985071
5048320000.0,-36.93940737034281
5053318333.33,-36.87077900345162
5058316666.67,-36.803306816125335
5063315000.0,-36.75815769594245
5068313333.33,-36.704668704243545
5073311666.67,-36.68269978739993
5078310000.0,-36.62376554278665
5083308333.33,-36.62598120345228
5088306666.67,-36.486562029390946
5093305000.0,-36.44557668953596
5098303333.33,-36.289668014797506
5103301666.67,-36.223392498972814
5108300000.0,-36.16513015203065
5113298333.33,-36.055196879245855
5118296666.67,-36.0129554304882
5123295000.0,-35.922435558946916
5128293333.33,-35.841841354073914
5133291666.67,-35.82041107475948
5138290000.0,-35.756240465818834
5143288333.33,-35.724316516232264
5148286666.67,-35.74756091097725
5153285000.0,-35.670246102803475
5158283333.33,-35.67238182801516
5163281666.67,-35.553187114459305
5168280000.0,-35.554241947869635
5173278333.33,-35.4564366708317
5178276666.67,-35.45286687559729
5183275000.0,-35.316727934786016
5188273333.33,-35.23508669948741
5193271666.67,-35.112540067232565
5198270000.0,-35.00717451465818
5203268333.33,-34.91143080824321
5208266666.67,-34.84534307946724
5213265000.0,-34.74754262916872
5218263333.33,-34.74934977763827
5223261666.67,-34.65546414252023
5228260000.0,-34.62008912978442
5233258333.33,-34.500984977802815
5238256666.67,-34.49116785446475
5243255000.0,-34.44284687582544
5248253333.33,-34.31770109326909
5253251666.67,-34.32830472011474
5258250000.0,-34.175315549710334
5263248333.33,-34.15297571808876
5268246666.67,-34.08255451444005
5273245000.0,-33.93569518193093
5278243333.33,-33.89002046673746
5283241666.67,-33.825933955928605
5288240000.0,-33.656024669195126
5293238333.33,-33.66161225202195
5298236666.67,-33.50552313106703
5303235000.0,-33.524105778664016
5308233333.33,-33.418387841095594
5313231666.67,-33.39881254386044
5318230000.0,-33.367015150276316
5323228333.33,-33.37010737714508
5328226666.67,-33.28949135574865
5333225000.0,-33.215462751199574
5338223333.33,-33.200449695408
5343221666.67,-33.112952138932606
5348220000.0,-33.05675301756598
5353218333.33,-33.05157557271785
5358216666.67,-32.91057625343951
5363215000.0,-32.86231372393084
5368213333.33,-32.83016258827221
5373211666.67,-32.67550649899797
5378210000.0,-32.731006557521695
5383208333.33,-32.606267284830615
5388206666.67,-32.621475206627736
5393205000.0,-32.58838536974
5398203333.33,-32.596392486374924
5403201666.67,-32.582212213573
5408200000.0,-32.607573416758015
5413198333.33,-32.6140048730167
5418196666.67,-32.53643349176931
5423195000.0,-32.553416344870186
5428193333.33,-32.47084181970243
5433191666.67,-32.43988924053183
5438190000.0,-32.388544735025775
5443188333.33,-32.28666461853462
5448186666.67,-32.244211356503016
5453185000.0,-32.21381181071099
5458183333.33,-32.07286948628051
5463181666.67,-32.1215430800683
5468180000.0,-31.96888711616609
5473178333.33,-31.974865150192123
5478176666.67,-31.948102674836054
5483175000.0,-31.911963433681173
5488173333.33,-31.955294652893773
5493171666.67,-31.929076386877718
5498170000.0,-31.954856272795183
5503168333.33,-31.923028756559955
5508166666.67,-31.919786423697015
5513165000.0,-31.865628653871212
5518163333.33,-31.78514013888549
5523161666.67,-31.741668613004563
5528160000.0,-31.623253413422194
5533158333.33,-31.56177746383687
5538156666.67,-31.529309599898884
5543155000.0,-31.434161121098633
5548153333.33,-31.42367158152117
5553151666.67,-31.32244034951652
5558150000.0,-31.304187849715422
5563148333.33,-31.290271379901586
5568146666.67,-31.290103864178374
5573145000.0,-31.372804032687487
5578143333.33,-31.38814904890207
5583141666.67,-31.444076907619184
5588140000.0,-31.50593698806025
5593138333.33,-31.575297819377717
5598136666.67,-31.59603661122452
5603135000.0,-31.61811006908359
5608133333.33,-31.66706190941829
5613131666.67,-31.613474418537773
5618130000.0,-31.638358368965584
5623128333.33,-31.667475885899673
5628126666.67,-31.624176907532075
5633125000.0,-31.63111048239354
5638123333.33,-31.62811041037573
5643121666.67,-31.595743739245663
5648120000.0,-31.6756601020346
5653118333.33,-31.65054957664026
5658116666.67,-31.744846740549768
5663115000.0,-31.732874178107924
5668113333.33,-31.782992208429537
5673111666.67,-31.893994984683243
5678110000.0,-31.902778625540012
5683108333.33,-32.00475249597311
5688106666.67,-31.994982764046217
5693105000.0,-31.995158131197634
5698103333.33,-32.019838094937924
5703101666.67,-31.981335945396076
5708100000.0,-32.00987430282305
5713098333.33,-31.959182474791206
5718096666.67,-31.93962520614288
5723095000.0,-31.953797858269077
5728093333.33,-31.87524824030192
5733091666.67,-31.933883667371774
5738090000.0,-31.91252598494745
5743088333.33,-31.932071408942416
5748086666.67,-31.907714054709192
5753085000.0,-31.96883424543207
5758083333.33,-31.991931180002027
5763081666.67,-32.03163555045326
5768080000.0,-32.12962797093021
5773078333.33,-32.13384177977541
5778076666.67,-32.1880632254138
5783075000.0,-32.2936477851752
5788073333.33,-32.24801250640694
5793071666.67,-32.33898143595121
5798070000.0,-32.33780865482265
5803068333.33,-32.39734188532347
5808066666.67,-32.438414517217396
5813065000.0,-32.50125457693531
5818063333.33,-32.57972488276469
5823061666.67,-32.631870971525814
5828060000.0,-32.72524668976458
5833058333.33,-32.797900115625765
5838056666.67,-32.89738886478158
5843055000.0,-32.97116795113461
5848053333.33,-33.0210011409564
5853051666.67,-33.136567474429945
5858050000.0,-33.17674128188776
5863048333.33,-33.242062646939495
5868046666.67,-33.382617828157464
5873045000.0,-33.34036549039409
5878043333.33,-33.4717451872721
5883041666.67,-33.48101345698577
5888040000.0,-33.524064353434866
5893038333.33,-33.59279500654899
5898036666.67,-33.62346230973601
5903035000.0,-33.670187139202305
5908033333.33,-33.79472172492306
5913031666.67,-33.8385704653705
5918030000.0,-33.945111688080964
5923028333.33,-34.007129819694356
5928026666.67,-34.09255205867798
5933025000.0,-34.16959725157674
5938023333.33,-34.22519211393815
5943021666.67,-34.26700238910656
5948020000.0,-34.30487362431261
5953018333.33,-34.3943442619228
5958016666.67,-34.37267978137426
5963015000.0,-34.49066076753923
5968013333.33,-34.51375146968706
5973011666.67,-34.53643547031668
5978010000.0,-34.60760752051703
5983008333.33,-34.618747723615506
5988006666.67,-34.692246645880296
5993005000.0,-34.779652662557595
5998003333.33,-34.78228346838611
6003001666.67,-34.92035875712198
6008000000.0,-34.935975021801646
6012998333.33,-35.000649335375435
6017996666.67,-35.088284131590896
6022995000.0,-35.134759259202006
6027993333.33,-35.17879895361861
6032991666.67,-35.13012633447639
6037990000.0,-35.20515250774788
6042988333.33,-35.20458563556066
6047986666.67,-35.237406960789585
6052985000.0,-35.242404849629764
6057983333.33,-35.24633532773731
6062981666.67,-35.37516400383839
6067980000.0,-35.35193856333383
6072978333.33,-35.39987700757584
6077976666.67,-35.55054021319792
6082975000.0,-35.55732194865956
6087973333.33,-35.673448620448525
6092971666.67,-35.769236373247
6097970000.0,-35.89995220084739
6102968333.33,-35.975888978520885
6107966666.67,-36.12961724133278
6112965000.0,-36.199473156535255
6117963333.33,-36.27761520772965
6122961666.67,-36.365332974094905
6127960000.0,-36.41674142264797
6132958333.33,-36.49971504766632
6137956666.67,-36.58005587654686
6142955000.0,-36.61567143809516
6147953333.33,-36.73059770302194
6152951666.67,-36.78692192839992
6157950000.0,-36.85490305814578
6162948333.33,-36.96078685691255
6167946666.67,-36.99068283213449
6172945000.0,-37.206680927734965
6177943333.33,-37.16971267503166
6182941666.67,-37.274956049635975
6187940000.0,-37.3515855976767
6192938333.33,-37.40040360516294
6197936666.67,-37.45341285105364
6202935000.0,-37.4836951631933
6207933333.33,-37.48435163243152
6212931666.67,-37.52025844698587
6217930000.0,-37.45812149282343
6222928333.33,-37.48281650683337
6227926666.67,-37.38455016126271
6232925000.0,-37.51601855610376
6237923333.33,-37.52087153779612
6242921666.67,-37.52807363570925
6247920000.0,-37.6548128559323
6252918333.33,-37.613734016416174
6257916666.67,-37.735878518827114
6262915000.0,-37.76247031163099
6267913333.33,-37.885485952712806
6272911666.67,-37.99863771807885
6277910000.0,-38.015194721185985
6282908333.33,-38.10678914786156
6287906666.67,-38.120463755894164
6292905000.0,-38.19345986228198
6297903333.33,-38.25221710272382
6302901666.67,-38.3068960540387
6307900000.0,-38.356648331802674
6312898333.33,-38.36071928833206
6317896666.67,-38.432403350177054
6322895000.0,-38.56185723857426
6327893333.33,-38.57409219567556
6332891666.67,-38.78619705591633
6337890000.0,-38.70294211270669
6342888333.33,-38.86247693041143
6347886666.67,-38.95621480485407
6352885000.0,-39.04326271246528
6357883333.33,-39.06733662797783
6362881666.67,-39.181076449069884
6367880000.0,-39.192429744499364
6372878333.33,-39.24602868530848
6377876666.67,-39.25065173798569
6382875000.0,-39.32385857392457
6387873333.33,-39.23788683077406
6392871666.67,-39.27394734359554
6397870000.0,-39.28348690454516
6402868333.33,-39.220362326432074
6407866666.67,-39.2493910419943
6412865000.0,-39.264584476070176
6417863333.33,-39.29503101984177
6422861666.67,-39.28056943416157
6427860000.0,-39.427051730031394
6432858333.33,-39.450975769002184
6437856666.67,-39.508948202111405
6442855000.0,-39.62873698820823
6447853333.33,-39.65891984624744
6452851666.67,-39.733185649202284
6457850000.0,-39.75442317130438
6462848333.33,-39.78570819694033
6467846666.67,-39.80747541055435
6472845000.0,-39.789196970212714
6477843333.33,-39.83280623507457
6482841666.67,-39.83101681510726
6487840000.0,-39.80837778124402
6492838333.33,-39.90131924635147
6497836666.67,-39.93857524106459
6502835000.0,-39.95103497402224
6507833333.33,-39.99010730661658
6512831666.67,-40.19034011997003
6517830000.0,-40.20357764040106
6522828333.33,-40.413083101404716
6527826666.67,-40.47597863379272
6532825000.0,-40.535731490482625
6537823333.33,-40.58539592014753
6542821666.67,-40.672502911243534
6547820000.0,-40.71846828752754
6552818333.33,-40.66750658962079
6557816666.67,-40.65187834334384
6562815000.0,-40.70963368001828
6567813333.33,-40.719016831396964
6572811666.67,-40.76508363868943
6577810000.0,-40.73179897724299
6582808333.33,-40.74634100038034
6587806666.67,-40.69307507612045
6592805000.0,-40.811901472488366
6597803333.33,-40.76923589681626
6602801666.67,-40.89531306228423
6607800000.0,-40.92194373948509
6612798333.33,-41.01976853472476
6617796666.67,-41.14166787151615
6622795000.0,-41.20659529303599
6627793333.33,-41.214618597914196
6632791666.67,-41.155840048159824
6637790000.0,-41.242646618657666
6642788333.33,-41.25812017850465
6647786666.67,-41.20921397837869
6652785000.0,-41.20775750242999
6657783333.33,-41.194302274811186
6662781666.67,-41.20971807059095
6667780000.0,-41.15247384626638
6672778333.33,-41.17588868068596
6677776666.67,-41.19088853888921
6682775000.0,-41.210714310842
6687773333.33,-41.26627871134431
6692771666.67,-41.30753462044689
6697770000.0,-41.35255407134138
6702768333.33,-41.52885711328387
6707766666.67,-41.460066463549374
6712765000.0,-41.625265002165854
6717763333.33,-41.525422255817695
6722761666.67,-41.70401612061998
6727760000.0,-41.631268745066095
6732758333.33,-41.62030253641949
6737756666.67,-41.66877483316874
6742755000.0,-41.54606930025981
6747753333.33,-41.59743017474511
6752751666.67,-41.54695152166415
6757750000.0,-41.59269419218175
6762748333.33,-41.58431060800662
6767746666.67,-41.61284346611598
6772745000.0,-41.70215032489014
6777743333.33,-41.68781127515504
6782741666.67,-41.78901475906956
6787740000.0,-41.90997459842319
6792738333.33,-41.981580341469844
6797736666.67,-41.97776009876109
6802735000.0,-42.07727144845528
6807733333.33,-42.073425718220676
6812731666.67,-42.12544180730545
6817730000.0,-42.140381533685165
6822728333.33,-42.25135590299588
6827726666.67,-42.21349353751045
6832725000.0,-42.28351944586069
6837723333.33,-42.3474330375993
6842721666.67,-42.341081927736035
6847720000.0,-42.47789914601028
6852718333.33,-42.53723421492242
6857716666.67,-42.54004435262263
6862715000.0,-42.590820533623116
6867713333.33,-42.676795114796306
6872711666.67,-42.76081999940037
6877710000.0,-42.78265392609125
6882708333.33,-42.78489129480376
6887706666.67,-42.791745222623085
6892705000.0,-42.784395102515575
6897703333.33,-42.83168458040482
6902701666.67,-42.674249826374584
6907700000.0,-42.61817456835898
6912698333.33,-42.60388797093626
6917696666.67,-42.56682318066895
6922695000.0,-42.52915696688618
6927693333.33,-42.4529956183884
6932691666.67,-42.56992392191566
6937690000.0,-42.54037592875715
6942688333.33,-42.577334499437086
6947686666.67,-42.626583576362115
6952685000.0,-42.54586687630872
6957683333.33,-42.67010674700689
6962681666.67,-42.74514135795943
6967680000.0,-42.767424964445496
6972678333.33,-42.70047303840025
6977676666.67,-42.737383381099164
6982675000.0,-42.72795048328771
6987673333.33,-42.70511823721926
6992671666.67,-42.70468415700879
6997670000.0,-42.68026274560013
7002668333.33,-42.65623426981442
7007666666.67,-42.69579813087595
7012665000.0,-42.63470021985792
7017663333.33,-42.80034548828894
7022661666.67,-42.853927683381634
7027660000.0,-42.968676795904024
7032658333.33,-43.067326270582356
7037656666.67,-43.139935882940065
7042655000.0,-43.2873369600716
7047653333.33,-43.40171294435231
7052651666.67,-43.42311386362355
7057650000.0,-43.47319985287957
7062648333.33,-43.50761978053985
7067646666.67,-43.538159133014666
7072645000.0,-43.59728178866689
7077643333.33,-43.48628628714896
7082641666.67,-43.52595907667261
7087640000.0,-43.466265120075235
7092638333.33,-43.47721545190785
7097636666.67,-43.39560958581099
7102635000.0,-43.514989794680915
7107633333.33,-43.51314726256162
7112631666.67,-43.67506691241748
7117630000.0,-43.708763724908046
7122628333.33,-43.75536544508907
7127626666.67,-43.78108781808645
7132625000.0,-43.78134864094852
7137623333.33,-43.883683761814325
7142621666.67,-43.953066281394804
7147620000.0,-43.87568300357259
7152618333.33,-43.891629052483324
7157616666.67,-43.845400315033245
7162615000.0,-43.90358646248765
7167613333.33,-43.87510577555405
7172611666.67,-43.82324004714039
7177610000.0,-43.84584918773413
7182608333.33,-43.8150564840852
7187606666.67,-43.87583124752591
7192605000.0,-43.923496819728726
7197603333.33,-43.975928776857025
7202601666.67,-44.08664037208158
7207600000.0,-44.035593629643856
7212598333.33,-44.272164595841744
7217596666.67,-44.38505911098303
7222595000.0,-44.27496596095299
7227593333.33,-44.4266317925575
7232591666.67,-44.371117750136335
7237590000.0,-44.358527109907854
7242588333.33,-44.230405054343734
7247586666.67,-44.26656748373795
7252585000.0,-44.21896176616653
7257583333.33,-44.27722788231871
7262581666.67,-44.20643197528021
7267580000.0,-44.21236715066768
7272578333.33,-44.214689795741656
7277576666.67,-44.34841506975851
7282575000.0,-44.328129710758645
7287573333.33,-44.501775433685715
7292571666.67,-44.614831001906026
7297570000.0,-44.71792530521717
7302568333.33,-44.80234016493637
7307566666.67,-44.72219916091643
7312565000.0,-44.99457460407093
7317563333.33,-44.88164627258114
7322561666.67,-44.98404354897617
7327560000.0,-44.89575524732587
7332558333.33,-44.852637637745296
7337556666.67,-44.79005236822974
7342555000.0,-44.69580771920839
7347553333.33,-44.69522401574415
7352551666.67,-44.63576804480667
7357550000.0,-44.63022072710827
7362548333.33,-44.60443520527468
7367546666.67,-44.649839352992416
7372545000.0,-44.802037875262116
7377543333.33,-44.80584787639088
7382541666.67,-44.882159082892734
7387540000.0,-44.970071333456815
7392538333.33,-45.064537590671314
7397536666.67,-45.209926651336325
7402535000.0,-45.20872332433286
7407533333.33,-45.2471424068997
7412531666.67,-45.080803454458405
7417530000.0,-45.08373417887195
7422528333.33,-45.02444560773127
7427526666.67,-44.82923592585494
7432525000.0,-44.86934309209947
7437523333.33,-44.82052751541922
7442521666.67,-44.75657167715164
7447520000.0,-44.74096939831813
7452518333.33,-44.70355877182427
7457516666.67,-44.692525086504205
7462515000.0,-44.86322926933645
7467513333.33,-44.981007675598704
7472511666.67,-45.14854630275121
7477510000.0,-45.16815874335224
7482508333.33,-45.2699463483286
7487506666.67,-45.418369354935884
7492505000.0,-45.50499513139016
7497503333.33,-45.57967847314362
7502501666.67,-45.64591698138892
7507500000.0,-45.61087090846945
7512498333.33,-45.559373858732506
7517496666.67,-45.61349418487701
7522495000.0,-45.658857779697996
7527493333.33,-45.45932998942224
7532491666.67,-45.57518139435085
7537490000.0,-45.55417739255533
7542488333.33,-45.692327903704644
7547486666.67,-45.622464324222214
7552485000.0,-45.6819076007628
7557483333.33,-45.87000993041704
7562481666.67,-45.934719558248325
7567480000.0,-45.932946596120345
7572478333.33,-45.920346754696254
7577476666.67,-45.93666040435358
7582475000.0,-46.04993382057892
7587473333.33,-45.94470342887587
7592471666.67,-45.872431495005344
7597470000.0,-45.91918591268975
7602468333.33,-45.708780034340684
7607466666.67,-45.79172771958592
7612465000.0,-45.5849087264034
7617463333.33,-45.55019175503038
7622461666.67,-45.50785044358022
7627460000.0,-45.54466360473816
7632458333.33,-45.58259651266988
7637456666.67,-45.56499991393497
7642455000.0,-45.64386176901404
7647453333.33,-45.609672150453264
7652451666.67,-45.56079590144514
7657450000.0,-45.7396634675149
7662448333.33,-45.499047090702334
7667446666.67,-45.6586917087725
7672445000.0,-45.54078830541556
7677443333.33,-45.47271311019216
7682441666.67,-45.312075581201825
7687440000.0,-45.138934868740755
7692438333.33,-45.2047855645856
7697436666.67,-45.19690823943522
7702435000.0,-44.988384339797406
7707433333.33,-45.10646410450561
7712431666.67,-45.110775565782916
7717430000.0,-45.08553496870027
7722428333.33,-45.159540842235884
7727426666.67,-45.219979650732995
7732425000.0,-45.331602202485826
7737423333.33,-45.4427325726151
7742421666.67,-45.5495064449007
7747420000.0,-45.650459563569314
7752418333.33,-45.76768932824826
7757416666.67,-45.775738232278236
7762415000.0,-45.786239879492456
7767413333.33,-45.90247914591551
7772411666.67,-45.89673854493951
7777410000.0,-46.04971382214651
7782408333.33,-45.99739573894982
7787406666.67,-46.03719260412546
7792405000.0,-45.93314132462993
7797403333.33,-46.15167371707143
7802401666.67,-46.30435243564673
7807400000.0,-46.38216464508562
7812398333.33,-46.53565107623521
7817396666.67,-46.62669862559498
7822395000.0,-46.59177620670707
7827393333.33,-46.67661308782742
7832391666.67,-46.79744106378795
7837390000.0,-46.74881888748062
7842388333.33,-46.80993108382199
7847386666.67,-46.809189221411984
7852385000.0,-46.89270492748303
7857383333.33,-46.7009238075179
7862381666.67,-46.77805535676228
7867380000.0,-46.552584390509715
7872378333.33,-46.604068113838586
7877376666.67,-46.523587764194325
7882375000.0,-46.566404821195476
7887373333.33,-46.52905246303948
7892371666.67,-46.463982470011224
7897370000.0,-46.518553412176914
7902368333.33,-46.50606103755682
7907366666.67,-46.389688874258525
7912365000.0,-46.518283669280926
7917363333.33,-46.52178073959577
7922361666.67,-46.634794880622366
7927360000.0,-46.59586465083163
7932358333.33,-46.579344199557426
7937356666.67,-46.44750030521061
7942355000.0,-46.32965427814181
7947353333.33,-46.3812923851356
7952351666.67,-46.302197684517324
7957350000.0,-46.466973730280046
7962348333.33,-46.455385270077294
7967346666.67,-46.341456774519195
7972345000.0,-46.367613291611406
7977343333.33,-46.46001608496921
7982341666.67,-46.61177956971098
7987340000.0,-46.827976826189335
7992338333.33,-46.711531756448366
7997336666.67,-46.87860729125121
8002335000.0,-46.7423103539997
8007333333.33,-46.75244930397763
8012331666.67,-46.93813478936021
8017330000.0,-46.79729063245911
8022328333.33,-46.81929399933054
8027326666.67,-46.77743911675065
8032325000.0,-46.68318382860477
8037323333.33,-46.79699540954222
8042321666.67,-46.72935724564781
8047320000.0,-46.90449861814301
8052318333.33,-46.73463949173189
8057316666.67,-46.88267923102603
8062315000.0,-46.91070006013396
8067313333.33,-47.18397542448082
8072311666.67,-47.24619197131336
8077310000.0,-47.37194787253448
8082308333.33,-47.456693448233416
8087306666.67,-47.65601664860843
8092305000.0,-47.67495521884547
8097303333.33,-47.8261758042246
8102301666.67,-47.680914593846936
8107300000.0,-47.91067022728746
8112298333.33,-47.83241603774049
8117296666.67,-47.74570213868824
8122295000.0,-47.854737939222034
8127293333.33,-47.88966247181201
8132291666.67,-47.652538957426096
8137290000.0,-47.85081721352485
8142288333.33,-47.97039280515544
8147286666.67,-47.94167013230439
8152285000.0,-47.8876025876239
8157283333.33,-47.97185286196431
8162281666.67,-48.13990438967644
8167280000.0,-48.17246115850339
8172278333.33,-48.39788772035537
8177276666.67,-48.16634906422213
8182275000.0,-48.177804978965256
8187273333.33,-48.312067229144084
8192271666.67,-48.23734218378681
8197270000.0,-48.06929285058615
8202268333.33,-48.04590087597656
8207266666.67,-48.016914733144205
8212265000.0,-47.942000276009
8217263333.33,-48.10774550934079
8222261666.67,-48.14898004439606
8227260000.0,-48.20203649299729
8232258333.33,-48.213708172763475
8237256666.67,-48.33937670111274
8242255000.0,-48.45785370691257
8247253333.33,-48.62103897900418
8252251666.67,-48.54206406000962
8257250000.0,-48.767695616721994
8262248333.33,-48.69055092532787
8267246666.67,-48.81369647316258
8272245000.0,-48.865899220011784
8277243333.33,-48.64421691051545
8282241666.67,-48.48469542672732
8287240000.0,-48.39477099687396
8292238333.33,-48.42148356543867
8297236666.67,-48.390943607323024
8302235000.0,-48.37729708308856
8307233333.33,-48.163100848443335
8312231666.67,-48.326982407402454
8317230000.0,-48.50688384600366
8322228333.33,-48.37448501498745
8327226666.67,-48.64783770124213
8332225000.0,-48.6686945592692
8337223333.33,-48.715402754852065
8342221666.67,-48.68490122821736
8347220000.0,-49.11274952529067
8352218333.33,-49.02093957450738
8357216666.67,-48.87759386665035
8362215000.0,-48.87443796039534
8367213333.33,-48.8792666072294
8372211666.67,-48.745652703989734
8377210000.0,-48.73759397668014
8382208333.33,-48.72547346247242
8387206666.67,-48.57969740439289
8392205000.0,-48.67816332701991
8397203333.33,-48.49166197163453
8402201666.67,-48.68099422251966
8407200000.0,-48.66696413105669
8412198333.33,-48.864756287304026
8417196666.67,-48.88775562708946
8422195000.0,-49.01419408766303
8427193333.33,-49.23314584284738
8432191666.67,-49.26510442369108
8437190000.0,-49.364522979496606
8442188333.33,-49.38095961257904
8447186666.67,-49.50387021757947
8452185000.0,-49.581463315581246
8457183333.33,-49.37813469605912
8462181666.67,-49.39735179715729
8467180000.0,-49.198356700267574
8472178333.33,-49.21419626917835
8477176666.67,-49.28210504077061
8482175000.0,-49.10738162257505
8487173333.33,-49.092684072292805
8492171666.67,-49.21764354244354
8497170000.0,-49.353587993195596
8502168333.33,-49.30067520765392
8507166666.67,-49.39775667340402
8512165000.0,-49.74870075016347
8517163333.33,-49.63116529803753
8522161666.67,-49.65770074701071
8527160000.0,-49.76190453874092
8532158333.33,-49.82180661888943
8537156666.67,-49.52840515013111
8542155000.0,-49.567373861537625
8547153333.33,-49.4405413167716
8552151666.67,-49.32183511584255
8557150000.0,-49.31278543456723
8562148333.33,-49.52013319788983
8567146666.67,-49.33403947826391
8572145000.0,-49.54094644692108
8577143333.33,-49.38308539050325
8582141666.67,-49.391394754752945
8587140000.0,-49.51998142216614
8592138333.33,-49.55977549030916
8597136666.67,-49.678777917783265
8602135000.0,-49.605186205832965
8607133333.33,-49.6667386977379
8612131666.67,-49.61455516414031
8617130000.0,-49.54666232523582
8622128333.33,-49.41243917222317
8627126666.67,-49.251389558917545
8632125000.0,-49.202563029163635
8637123333.33,-49.039724171348055
8642121666.67,-48.990287501528265
8647120000.0,-49.07312078086519
8652118333.33,-49.030810299365584
8657116666.67,-49.103743880008224
8662115000.0,-49.117531633286326
8667113333.33,-49.31812540987867
8672111666.67,-49.44445012715591
8677110000.0,-49.583366216180245
8682108333.33,-49.8790890720316
8687106666.67,-50.001551905594816
8692105000.0,-50.23117871541126
8697103333.33,-50.183667221765475
8702101666.67,-50.202378933107774
8707100000.0,-50.15507070373243
8712098333.33,-50.1501066696209
8717096666.67,-49.82330915699013
8722095000.0,-49.77462275972779
8727093333.33,-49.722265515064805
8732091666.67,-49.56702232793492
8737090000.0,-49.43256728644201
8742088333.33,-49.17281702141217
8747086666.67,-49.37790791597984
8752085000.0,-49.343042650388156
8757083333.33,-49.47265557289572
8762081666.67,-49.55886619309333
8767080000.0,-49.656331918080895
8772078333.33,-49.71392003500951
8777076666.67,-50.04669725374073
8782075000.0,-49.95034381741581
8787073333.33,-50.179313518828494
8792071666.67,-50.46403667941703
8797070000.0,-50.095712253333275
8802068333.33,-50.25161464748065
8807066666.67,-50.19355704555019
8812065000.0,-50.16646763234085
8817063333.33,-50.02028552655699
8822061666.67,-49.90508294089445
8827060000.0,-50.026865120408246
8832058333.33,-49.85960669857952
8837056666.67,-49.99253735667578
8842055000.0,-49.7750656416546
8847053333.33,-49.89757084451834
8852051666.67,-49.94867929216149
8857050000.0,-50.20931594982133
8862048333.33,-50.25759898498685
8867046666.67,-50.44992949677698
8872045000.0,-50.4755649339527
8877043333.33,-50.54020679358268
8882041666.67,-50.51840142298801
8887040000.0,-50.49775067274104
8892038333.33,-50.73259565587976
8897036666.67,-50.53633195271165
8902035000.0,-50.32025998363257
8907033333.33,-50.2187992811184
8912031666.67,-50.209368952326244
8917030000.0,-50.18972935892876
8922028333.33,-50.18071582330145
8927026666.67,-50.32110112904669
8932025000.0,-50.26276687940342
8937023333.33,-50.433434154807216
8942021666.67,-50.46081411873185
8947020000.0,-50.74558378961519
8952018333.33,-50.29143080942572
8957016666.67,-50.6707312329561
8962015000.0,-50.645637437882776
8967013333.33,-50.77783218910528
8972011666.67,-50.8415441134254
8977010000.0,-50.78496232289396
8982008333.33,-50.769519125155895
8987006666.67,-50.71810639141408
8992005000.0,-50.61015615987243
8997003333.33,-50.463437161119494
9002001666.67,-50.66688301008703
9007000000.0,-50.694486470187734
9011998333.33,-50.76740643443615
9016996666.67,-50.71753793103332
9021995000.0,-50.548375785595155
9026993333.33,-50.80564642272118
9031991666.67,-50.719148860885916
9036990000.0,-50.9102741918047
9041988333.33,-51.02489391512917
9046986666.67,-50.86858352724019
9051985000.0,-50.745170456190834
9056983333.33,-50.779770801979325
9061981666.67,-50.88247435596736
9066980000.0,-50.64603784581904
9071978333.33,-50.57455692323831
9076976666.67,-50.500547018116364
9081975000.0,-50.34536911225476
9086973333.33,-50.260778590774265
9091971666.67,-50.291795725
9096970000.0,-50.48256815632386
9101968333.33,-50.43494610620533
9106966666.67,-50.700670744866976
9111965000.0,-50.851992568976414
9116963333.33,-50.988394270881585
9121961666.67,-51.017962920291914
9126960000.0,-51.28154354003342
9131958333.33,-51.43292862322768
9136956666.67,-51.37074676457857
9141955000.0,-51.5230927477046
9146953333.33,-51.37739949057103
9151951666.67,-51.31356489952804
9156950000.0,-51.51986144937738
9161948333.33,-51.31414294567329
9166946666.67,-51.2911945860317
9171945000.0,-51.24913857078195
9176943333.33,-51.445862377421214
9181941666.67,-51.60433250293159
9186940000.0,-51.50300276836568
9191938333.33,-51.889165675513865
9196936666.67,-51.60728962206072
9201935000.0,-51.69379160919394
9206933333.33,-51.73833447179333
9211931666.67,-51.81382891632559
9216930000.0,-51.76685565636983
9221928333.33,-51.94064672938663
9226926666.67,-51.724006897849264
9231925000.0,-51.71533611400885
9236923333.33,-51.76275857101034
9241921666.67,-51.633037546194274
9246920000.0,-51.75654502528825
9251918333.33,-51.459571767871644
9256916666.67,-51.528802189167806
9261915000.0,-51.57014378130772
9266913333.33,-51.666121087120956
9271911666.67,-51.56969122698676
9276910000.0,-51.49670712070453
9281908333.33,-51.68423873978546
9286906666.67,-51.53365284607493
9291905000.0,-51.734385341913665
9296903333.33,-51.654457846487816
9301901666.67,-51.66098662483037
9306900000.0,-51.68403387622866
9311898333.33,-51.46667448893959
9316896666.67,-51.264129767150195
9321895000.0,-51.3609411326763
9326893333.33,-51.174124814245296
9331891666.67,-51.42484928800792
9336890000.0,-51.12491710477841
9341888333.33,-50.927628162962534
9346886666.67,-50.961579436997624
9351885000.0,-51.09164308367448
9356883333.33,-50.972364043756784
9361881666.67,-51.058882984702514
9366880000.0,-51.187943253055444
9371878333.33,-51.25495005831625
9376876666.67,-51.35343597193157
9381875000.0,-51.42923406661855
9386873333.33,-51.36489372672918
9391871666.67,-51.454764448821386
9396870000.0,-51.304028862123914
9401868333.33,-51.29394451223704
9406866666.67,-51.55912455088338
9411865000.0,-51.156795659923155
9416863333.33,-51.16400019110834
9421861666.67,-50.95868660462536
9426860000.0,-51.12868090851994
9431858333.33,-51.33174989181444
9436856666.67,-51.34710811211798
9441855000.0,-51.52571812843842
9446853333.33,-51.44462128645803
9451851666.67,-51.72310755934937
9456850000.0,-51.78596764997806
9461848333.33,-52.00442737982017
9466846666.67,-52.11792364290691
9471845000.0,-51.953855481716104
9476843333.33,-51.91775771969609
9481841666.67,-52.19275193852746
9486840000.0,-52.07274390251517
9491838333.33,-52.10438630520761
9496836666.67,-51.94882056365704
9501835000.0,-51.818094135711746
9506833333.33,-51.60683082514283
9511831666.67,-51.662471845481264
9516830000.0,-51.48725286231425
9521828333.33,-51.38189365488496
9526826666.67,-51.333053883223954
9531825000.0,-51.66843099370885
9536823333.33,-51.60863266174963
9541821666.67,-51.654080289671604
9546820000.0,-51.79502313594783
9551818333.33,-51.83056675917324
9556816666.67,-51.949107900330105
9561815000.0,-51.80543672306139
9566813333.33,-51.77842177782934
9571811666.67,-51.56105892209499
9576810000.0,-51.61926104028471
9581808333.33,-51.728115022366026
9586806666.67,-51.30799334967361
9591805000.0,-51.334147382988405
9596803333.33,-51.36874513402856
9601801666.67,-51.37526503634018
9606800000.0,-51.123821045940915
9611798333.33,-51.21401975779959
9616796666.67,-51.25556271412006
9621795000.0,-51.389032775822095
9626793333.33,-51.354640260289955
9631791666.67,-51.42289724207147
9636790000.0,-51.65243919940742
9641788333.33,-51.41575381658876
9646786666.67,-51.58589140782461
9651785000.0,-51.69537877188865
9656783333.33,-51.803960386902865
9661781666.67,-51.266712513167796
9666780000.0,-51.266302922724556
9671778333.33,-51.25794591203394
9676776666.67,-51.15061725782735
9681775000.0,-51.082175645513736
9686773333.33,-51.124120789874524
9691771666.67,-51.19783525870023
9696770000.0,-51.03184175810581
9701768333.33,-51.373691298843184
9706766666.67,-51.394681631437
9711765000.0,-51.35201720041189
9716763333.33,-51.47505678827501
9721761666.67,-51.88112235956051
9726760000.0,-51.949173392677594
9731758333.33,-51.795054429783754
9736756666.67,-52.13046274769355
9741755000.0,-52.15908862336181
9746753333.33,-52.12394136498679
9751751666.67,-52.15206621393914
9756750000.0,-51.730312802390316
9761748333.33,-51.98798283781771
9766746666.67,-51.61262063086542
9771745000.0,-51.8362841292887
9776743333.33,-51.52371452758794
9781741666.67,-51.741927973830634
9786740000.0,-51.717466361053575
9791738333.33,-51.4220582370768
9796736666.67,-51.93171163495449
9801735000.0,-51.49106590879475
9806733333.33,-51.74508752510354
9811731666.67,-52.055985548136206
9816730000.0,-51.96268964711586
9821728333.33,-52.09108785534391
9826726666.67,-52.45218803325833
9831725000.0,-52.23073587925201
9836723333.33,-52.28565169854211
9841721666.67,-52.137140717243156
9846720000.0,-52.33097304325834
9851718333.33,-52.160500056289116
9856716666.67,-51.9918735677371
9861715000.0,-52.03046174133454
9866713333.33,-51.7014155980187
9871711666.67,-51.90194626024565
9876710000.0,-51.96089859142141
9881708333.33,-51.93430600754715
9886706666.67,-52.046481887961235
9891705000.0,-52.08924504727506
9896703333.33,-52.23478790459167
9901701666.67,-52.20677699705952
9906700000.0,-52.165443176559194
9911698333.33,-52.44923916968962
9916696666.67,-52.4700562937217
9921695000.0,-52.425007718758934
9926693333.33,-52.23358697436601
9931691666.67,-52.465926415996485
9936690000.0,-52.21491608672528
9941688333.33,-52.37420071707401
9946686666.67,-52.08858420220111
9951685000.0,-52.03252886285736
9956683333.33,-51.99153076207977
9961681666.67,-52.34758865845566
9966680000.0,-52.28142749302918
9971678333.33,-52.468010939735244
9976676666.67,-52.34137233795614
9981675000.0,-52.643517731719115
9986673333.33,-52.56563876113138
9991671666.67,-52.755036604201564
9996670000.0,-52.49749982077006
10001668333.3,-52.7520414925481
10006666666.7,-52.59274087695695
10011665000.0,-52.52762969464569
10016663333.3,-52.79644116103267
10021661666.7,-52.38561353674642
10026660000.0,-52.707864987310096
10031658333.3,-52.45766850537968
10036656666.7,-52.32693661181335
10041655000.0,-52.46352152970214
10046653333.3,-52.32776353895047
10051651666.7,-52.49376375562391
10056650000.0,-52.368913606305355
10061648333.3,-52.469567631892595
10066646666.7,-52.724792323581084
10071645000.0,-52.79746916516864
10076643333.3,-52.7265787993951
10081641666.7,-53.02910039064356
10086640000.0,-52.99463123330138
10091638333.3,-53.02408753322844
10096636666.7,-53.08929427653082
10101635000.0,-53.11681355057162
10106633333.3,-52.578291137896834
10111631666.7,-52.87381817110721
10116630000.0,-52.57588788861271
10121628333.3,-52.63335568279154
10126626666.7,-52.81352077174887
10131625000.0,-52.81867973799745
10136623333.3,-52.728243777593434
10141621666.7,-53.14386527997775
10146620000.0,-53.32862592218941
10151618333.3,-53.238246739157084
10156616666.7,-53.349273466228325
10161615000.0,-53.63165612039445
10166613333.3,-53.50208901699628
10171611666.7,-53.70308807799801
10176610000.0,-53.35317066574256
10181608333.3,-53.68709251753623
10186606666.7,-53.520974959893195
10191605000.0,-53.881960645049645
10196603333.3,-53.249273889601845
10201601666.7,-53.44459490070946
10206600000.0,-52.999973190739134
10211598333.3,-53.35529781321243
10216596666.7,-52.792121278997975
10221595000.0,-52.94942464993086
10226593333.3,-52.99356685422235
10231591666.7,-53.065494781433
10236590000.0,-53.25893964889498
10241588333.3,-53.2151624153171
10246586666.7,-53.07058350222903
10251585000.0,-53.16464172993513
10256583333.3,-53.024895802164295
10261581666.7,-53.08821291127249
10266580000.0,-53.07941650156182
10271578333.3,-52.94278236063217
10276576666.7,-53.00231272036379
10281575000.0,-52.71856044644119
10286573333.3,-53.07489976164766
10291571666.7,-53.05330753778621
10296570000.0,-52.82086929920215
10301568333.3,-52.76929409636706
10306566666.7,-53.05051488850188
10311565000.0,-53.19223276493963
10316563333.3,-53.08445684432837
10321561666.7,-53.15582598221778
10326560000.0,-53.39942017387862
10331558333.3,-53.34077299544556
10336556666.7,-53.254653708208366
10341555000.0,-53.36957474689828
10346553333.3,-53.22526568737285
10351551666.7,-53.527986475662715
10356550000.0,-53.316934757222576
10361548333.3,-53.223301395747654
10366546666.7,-53.013397955620086
10371545000.0,-52.92723129739626
10376543333.3,-53.147571005592546
10381541666.7,-53.05766799765408
10386540000.0,-52.961023560114704
10391538333.3,-52.92901877818758
10396536666.7,-53.006825588245555
10401535000.0,-53.12492548578341
10406533333.3,-53.21566629521294
10411531666.7,-53.263891048196285
10416530000.0,-53.36310919450207
10421528333.3,-53.375984732774995
10426526666.7,-53.572730756457375
10431525000.0,-53.55859591762279
10436523333.3,-53.451748991329865
10441521666.7,-53.3781625605431
10446520000.0,-53.29399176903819
10451518333.3,-53.59731958748681
10456516666.7,-53.464749202798096
10461515000.0,-53.451016170634176
10466513333.3,-53.30295581814024
10471511666.7,-53.37594563964239
10476510000.0,-53.30421825564124
10481508333.3,-53.59249829359477
10486506666.7,-53.44131900918592
10491505000.0,-53.56724755486329
10496503333.3,-53.60316927932314
10501501666.7,-53.88265613932215
10506500000.0,-53.96979732026182
10511498333.3,-53.78211937338165
10516496666.7,-53.839801998952986
10521495000.0,-53.80452963051318
10526493333.3,-53.34905613983678
10531491666.7,-53.42978485531326
10536490000.0,-53.56242716430101
10541488333.3,-53.49278597334877
10546486666.7,-53.098136758367986
10551485000.0,-53.476618685552054
10556483333.3,-53.38393227906294
10561481666.7,-53.42404958942433
10566480000.0,-53.552911450005865
10571478333.3,-53.35848427098061
10576476666.7,-53.41705700442549
10581475000.0,-53.43600724889696
10586473333.3,-53.62565360127228
10591471666.7,-54.042161742796864
10596470000.0,-54.02833512920225
10601468333.3,-54.01611731265068
10606466666.7,-54.11644866253709
10611465000.0,-53.546755906095655
10616463333.3,-53.54171294947793
10621461666.7,-53.821554186267086
10626460000.0,-53.590533124755495
10631458333.3,-53.621294270824045
10636456666.7,-53.769559828628395
10641455000.0,-53.53383913761245
10646453333.3,-53.43947602237607
10651451666.7,-53.6088925873003
10656450000.0,-53.6407718403401
10661448333.3,-53.92861276781133
10666446666.7,-53.7677489021138
10671445000.0,-54.03086576487177
10676443333.3,-54.00739178358582
10681441666.7,-54.0482314977453
10686440000.0,-53.68763629073398
10691438333.3,-54.030523244857804
10696436666.7,-53.79963426340289
10701435000.0,-53.90494170280003
10706433333.3,-53.56751833950269
10711431666.7,-53.66270724384175
10716430000.0,-53.312096090877176
10721428333.3,-53.25052175451391
10726426666.7,-53.369973430376454
10731425000.0,-53.24911189534123
10736423333.3,-53.29729316198837
10741421666.7,-53.51956463944282
10746420000.0,-53.83640630948754
10751418333.3,-54.03493477004436
10756416666.7,-53.882035627494744
10761415000.0,-54.52488502528632
10766413333.3,-54.38816470234043
10771411666.7,-54.281401785011056
10776410000.0,-54.20650584181804
10781408333.3,-54.28333991153235
10786406666.7,-54.44586681761659
10791405000.0,-54.498629670542506
10796403333.3,-54.17294463259749
10801401666.7,-54.01203486129788
10806400000.0,-53.96035756200202
10811398333.3,-54.01872676993953
10816396666.7,-53.88381603471802
10821395000.0,-53.90976769649615
10826393333.3,-54.05827785466224
10831391666.7,-54.281462053545425
10836390000.0,-54.389263049467836
10841388333.3,-54.776471272425596
10846386666.7,-54.8177410081678
10851385000.0,-54.89185585205988
10856383333.3,-54.844987752034875
10861381666.7,-55.13084509077784
10866380000.0,-54.97073322009555
10871378333.3,-54.99420936935219
10876376666.7,-54.855586898698434
10881375000.0,-54.75048536312434
10886373333.3,-54.83697379247805
10891371666.7,-54.52903479921973
10896370000.0,-54.331516382409234
10901368333.3,-54.16858955097014
10906366666.7,-54.517419999570734
10911365000.0,-54.58813259168842
10916363333.3,-54.39570837598265
10921361666.7,-54.701929919774415
10926360000.0,-54.695242982389935
10931358333.3,-55.087762990363906
10936356666.7,-54.57404758173506
10941355000.0,-54.81708935373326
10946353333.3,-54.97828044713472
10951351666.7,-54.75990692772071
10956350000.0,-54.62730507942367
10961348333.3,-54.61388615979739
10966346666.7,-54.64596400210446
10971345000.0,-54.68838702633722
10976343333.3,-54.08985032721084
10981341666.7,-54.319795756202176
10986340000.0,-54.329943029022786
10991338333.3,-54.10345154169994
10996336666.7,-54.119822927391795
11001335000.0,-53.8848981433361
11006333333.3,-54.42541737596877
11011331666.7,-54.57575562112262
11016330000.0,-54.55100854097675
11021328333.3,-54.6958157314934
11026326666.7,-54.608773959054915
11031325000.0,-54.70562311945484
11036323333.3,-54.81813425490844
11041321666.7,-54.77067509203911
11046320000.0,-54.667225204804225
11051318333.3,-54.58007017320703
11056316666.7,-54.51416157058141
11061315000.0,-54.63016797212728
11066313333.3,-54.47180038877867
11071311666.7,-54.73270771562693
11076310000.0,-54.72230643077758
11081308333.3,-54.47881471759117
11086306666.7,-54.546618813838094
11091305000.0,-54.77202360692817
11096303333.3,-55.00916895651266
11101301666.7,-55.44341050052157
11106300000.0,-55.56381694108809
11111298333.3,-55.192385206307584
11116296666.7,-55.500436386981356
11121295000.0,-55.27603028023509
11126293333.3,-55.450034927214126
11131291666.7,-55.41939102961714
11136290000.0,-55.435065450297635
11141288333.3,-55.088712554026515
11146286666.7,-55.433829937761026
11151285000.0,-55.127144191865284
11156283333.3,-55.177709186374464
11161281666.7,-55.25918362912905
11166280000.0,-54.98256292205538
11171278333.3,-55.070093507749235
11176276666.7,-55.33624868253668
11181275000.0,-55.242512699733375
11186273333.3,-55.4726535440744
11191271666.7,-55.26879790788794
11196270000.0,-55.42261155193151
11201268333.3,-55.43796557207541
11206266666.7,-55.39414369410356
11211265000.0,-55.314531675593685
11216263333.3,-55.35388220734979
11221261666.7,-55.34992798282122
11226260000.0,-55.282801681164855
11231258333.3,-54.7260643024049
11236256666.7,-54.78909217170986
11241255000.0,-54.822602488495704
11246253333.3,-54.838390323748115
11251251666.7,-54.91126520947505
11256250000.0,-54.96825467964045
11261248333.3,-54.61414013672836
11266246666.7,-54.66439717099833
11271245000.0,-54.87788367281448
11276243333.3,-54.66243383722635
11281241666.7,-54.559182057603685
11286240000.0,-54.65969520557209
11291238333.3,-54.81323794575563
11296236666.7,-54.91731759333564
11301235000.0,-54.683674732069804
11306233333.3,-54.61433506725172
11311231666.7,-54.668695622910306
11316230000.0,-54.67569747611933
11321228333.3,-54.57426562843405
11326226666.7,-54.84278428136058
11331225000.0,-54.71207850957206
11336223333.3,-54.64547414478207
11341221666.7,-55.00972180078485
11346220000.0,-54.72921106590672
11351218333.3,-55.23018733856043
11356216666.7,-55.003104366815705
11361215000.0,-55.283204719752106
11366213333.3,-55.002002569543635
11371211666.7,-55.46714006086163
11376210000.0,-55.261592163203204
11381208333.3,-55.590682470458994
11386206666.7,-55.24628045842042
11391205000.0,-55.50753748084682
11396203333.3,-55.19266247996512
11401201666.7,-55.160770159843665
11406200000.0,-55.06300248847854
11411198333.3,-55.098926261802134
11416196666.7,-54.76457177048964
11421195000.0,-54.87200212567048
11426193333.3,-55.11570763521657
11431191666.7,-55.02827384077801
11436190000.0,-55.354775295915246
11441188333.3,-54.891489855593214
11446186666.7,-55.23841011685737
11451185000.0,-55.33625521324018
11456183333.3,-55.456244556801614
11461181666.7,-55.45635139695817
11466180000.0,-55.123615014293435
11471178333.3,-55.479326905216446
11476176666.7,-55.18662258865667
11481175000.0,-55.241259041588435
11486173333.3,-55.15942801151744
11491171666.7,-55.01292733579441
11496170000.0,-54.6613106997064
11501168333.3,-54.79659304349644
11506166666.7,-54.84160089854693
11511165000.0,-54.91429315657668
11516163333.3,-54.89201507124052
11521161666.7,-55.208719860412366
11526160000.0,-55.04677186723836
11531158333.3,-55.02206005041353
11536156666.7,-55.39312672219737
11541155000.0,-55.25492136544956
11546153333.3,-55.42289228878005
11551151666.7,-55.46852957190489
11556150000.0,-55.33539100007272
11561148333.3,-55.33068299020984
11566146666.7,-55.20585127563703
11571145000.0,-54.69084124513965
11576143333.3,-55.01039351324324
11581141666.7,-54.92243395557645
11586140000.0,-54.60302717595284
11591138333.3,-54.998195689745316
11596136666.7,-54.80927514296396
11601135000.0,-54.793747928374245
11606133333.3,-55.06986536201893
11611131666.7,-55.202525051797764
11616130000.0,-55.0855012614226
11621128333.3,-55.02601389201908
11626126666.7,-55.18422108217352
11631125000.0,-55.34645189418107
11636123333.3,-55.069456196681166
11641121666.7,-55.31662446946277
11646120000.0,-55.00307817389508
11651118333.3,-55.238517133679636
11656116666.7,-54.80936781913052
11661115000.0,-54.815754157537896
11666113333.3,-55.078233943443465
11671111666.7,-54.664001650830684
11676110000.0,-54.678440522421695
11681108333.3,-54.7936984584083
11686106666.7,-55.33645595317189
11691105000.0,-54.860072078389244
11696103333.3,-54.87360833931624
11701101666.7,-55.17039053140188
11706100000.0,-55.217480852042094
11711098333.3,-55.27534676398019
11716096666.7,-55.276976645017996
11721095000.0,-55.35327008890535
11726093333.3,-55.41345385155929
11731091666.7,-55.39822577010671
11736090000.0,-55.09427638306296
11741088333.3,-55.168785444806474
11746086666.7,-54.87323616373273
11751085000.0,-54.90599299339203
11756083333.3,-54.85009191048281
11761081666.7,-55.04806496600211
11766080000.0,-54.846148395659775
11771078333.3,-54.54403762837552
11776076666.7,-54.9530049452418
11781075000.0,-54.873746371384954
11786073333.3,-55.06484937333227
11791071666.7,-55.098282906160605
11796070000.0,-55.13487911971606
11801068333.3,-55.467138194059366
11806066666.7,-55.4974217682797
11811065000.0,-55.52303103365642
11816063333.3,-55.55022995579597
11821061666.7,-55.74066818691358
11826060000.0,-55.454086518831566
11831058333.3,-55.346951230972
11836056666.7,-55.26574370315838
11841055000.0,-55.07335626490114
11846053333.3,-55.13033563991134
11851051666.7,-55.353554693886565
11856050000.0,-55.23909504036115
11861048333.3,-55.08037693381442
11866046666.7,-54.93958353912687
11871045000.0,-55.35825865456884
11876043333.3,-55.190405996200916
11881041666.7,-55.39902583885615
11886040000.0,-55.328058050381586
11891038333.3,-55.2958764442613
11896036666.7,-55.351470793370545
11901035000.0,-55.43865490191458
11906033333.3,-55.815248607721834
11911031666.7,-55.52074728688092
11916030000.0,-55.737190403867665
11921028333.3,-55.48452987850426
11926026666.7,-55.16954784354698
11931025000.0,-55.117255739559226
11936023333.3,-55.3828592018653
11941021666.7,-55.298543939987674
11946020000.0,-55.4544563447668
11951018333.3,-55.55796373281447
11956016666.7,-55.39047145997165
11961015000.0,-55.56829597958224
11966013333.3,-55.76074629324509
11971011666.7,-55.52894590929774
11976010000.0,-55.48744600607086
11981008333.3,-55.82737494344211
11986006666.7,-55.8194960258082
11991005000.0,-55.70202056335995
11996003333.3,-55.51510348350651
12001001666.7,-55.10652275704408
12006000000.0,-54.816470693121104
12010998333.3,-55.04820370809775
12015996666.7,-54.579733943078104
12020995000.0,-54.29189863664742
12025993333.3,-54.439424847251516
12030991666.7,-54.91807305001431
12035990000.0,-54.644596217147324
12040988333.3,-54.59906602385133
12045986666.7,-55.205108802349194
12050985000.0,-54.68078785069216
12055983333.3,-54.62427533422349
12060981666.7,-55.250718943615034
12065980000.0,-54.919706956561996
12070978333.3,-55.235748203572044
12075976666.7,-55.29437321284959
12080975000.0,-55.216092920653836
12085973333.3,-55.323847367221376
12090971666.7,-54.87060574640297
12095970000.0,-54.88944164138744
12100968333.3,-54.91649204397196
12105966666.7,-54.507637926950274
12110965000.0,-54.28096628209101
12115963333.3,-54.653670584180375
12120961666.7,-54.41366769694956
12125960000.0,-54.88100728775801
12130958333.3,-54.93955379376715
12135956666.7,-55.056227022671
12140955000.0,-55.11411533025669
12145953333.3,-54.996055137764095
12150951666.7,-55.40174149310407
12155950000.0,-55.67590939760122
12160948333.3,-55.3541445359571
12165946666.7,-55.849398670754844
12170945000.0,-55.40819771571525
12175943333.3,-55.18064650020158
12180941666.7,-55.36019013710731
12185940000.0,-55.29848430608563
12190938333.3,-55.24630054726421
12195936666.7,-55.01066949006627
12200935000.0,-55.024790870442715
12205933333.3,-55.07569196137912
12210931666.7,-55.04957079026744
12215930000.0,-55.109706279796214
12220928333.3,-55.35981806128312
12225926666.7,-55.38786166258464
12230925000.0,-55.55504876005357
12235923333.3,-55.149175523326775
12240921666.7,-55.545055340924414
12245920000.0,-55.62900524787005
12250918333.3,-55.2951876136472
12255916666.7,-55.48330559505678
12260915000.0,-55.60364248826971
12265913333.3,-55.50015726293921
12270911666.7,-55.28824699962392
12275910000.0,-55.28340154103947
12280908333.3,-55.432869546171865
12285906666.7,-54.8774640425087
12290905000.0,-55.03400432506608
12295903333.3,-54.914859429232024
12300901666.7,-54.936879479791884
12305900000.0,-54.922238149597185
12310898333.3,-55.28278306288975
12315896666.7,-54.897783703731726
12320895000.0,-55.26172786900527
12325893333.3,-54.73047360386339
12330891666.7,-54.86727970201977
12335890000.0,-54.71937827010868
12340888333.3,-54.36070483494609
12345886666.7,-54.32257370725039
12350885000.0,-54.419537203118736
12355883333.3,-54.52991180656077
12360881666.7,-54.29369435027337
12365880000.0,-54.208069501210616
12370878333.3,-54.197543614509
12375876666.7,-54.2292360134815
12380875000.0,-54.228867322551
12385873333.3,-54.57994945867419
12390871666.7,-54.355649874102
12395870000.0,-54.640531241551535
12400868333.3,-54.93731346855229
12405866666.7,-55.343104234319725
12410865000.0,-55.269773516726815
12415863333.3,-55.311545482239765
12420861666.7,-55.168727738869535
12425860000.0,-55.00875223543348
12430858333.3,-54.73219336904464
12435856666.7,-54.905590022122524
12440855000.0,-54.887618896723325
12445853333.3,-54.99189213463926
12450851666.7,-54.96982790206989
12455850000.0,-54.89730353611098
12460848333.3,-54.703017572948376
12465846666.7,-55.01579803208381
12470845000.0,-55.12574701577301
12475843333.3,-55.447137623264844
12480841666.7,-55.46861764860556
12485840000.0,-55.55262563575457
12490838333.3,-55.66912915389367
12495836666.7,-55.61859676075709
12500835000.0,-55.875191059222345
12505833333.3,-55.76552202173783
12510831666.7,-55.87219558141118
12515830000.0,-55.9482130997027
12520828333.3,-55.915232404879454
12525826666.7,-55.83764536436994
12530825000.0,-55.585607341742744
12535823333.3,-55.78246192788346
12540821666.7,-56.021891894360245
12545820000.0,-55.757865772600596
12550818333.3,-55.813889680130124
12555816666.7,-55.967954873092665
12560815000.0,-55.72674535260283
12565813333.3,-55.61101013222574
12570811666.7,-55.89441705349288
12575810000.0,-55.886442500509894
12580808333.3,-56.31502790595913
12585806666.7,-55.58381770903332
12590805000.0,-55.72297047693931
12595803333.3,-55.813465542891805
12600801666.7,-55.889332900524494
12605800000.0,-55.89668723443182
12610798333.3,-55.60961481990798
12615796666.7,-55.55008554557352
12620795000.0,-55.34804600187232
12625793333.3,-55.601093829398344
12630791666.7,-55.55564266501152
12635790000.0,-55.396235180402
12640788333.3,-55.48059967248108
12645786666.7,-55.56447180912694
12650785000.0,-55.610649071357855
12655783333.3,-55.65090659209359
12660781666.7,-55.976441924862215
12665780000.0,-55.794627710102006
12670778333.3,-55.66550143763286
12675776666.7,-56.0586460187935
12680775000.0,-56.140777562773195
12685773333.3,-55.87221758231793
12690771666.7,-55.773079644908506
12695770000.0,-55.72000854413378
12700768333.3,-56.02947883164077
12705766666.7,-55.80545672237018
12710765000.0,-55.928685989124816
12715763333.3,-55.372190347801826
12720761666.7,-55.63769808262517
12725760000.0,-56.07823887349671
12730758333.3,-56.226724646087604
12735756666.7,-56.17231747885971
12740755000.0,-56.26226593110231
12745753333.3,-56.07082075051635
12750751666.7,-56.39790053420625
12755750000.0,-55.95590546037517
12760748333.3,-56.422137300524454
12765746666.7,-56.23652675135247
12770745000.0,-56.30561280580511
12775743333.3,-56.56581296677998
12780741666.7,-56.58276484736121
12785740000.0,-56.21184712401589
12790738333.3,-56.34003349142314
12795736666.7,-56.304680661408696
12800735000.0,-56.36555917023334
12805733333.3,-56.07126520846926
12810731666.7,-56.29098012994093
12815730000.0,-56.564797868184996
12820728333.3,-56.596597901027764
12825726666.7,-56.95145723580374
12830725000.0,-56.59068385393443
12835723333.3,-56.84092008529342
12840721666.7,-56.89089394460915
12845720000.0,-56.76421728688594
12850718333.3,-56.6832518313874
12855716666.7,-57.008737156084834
12860715000.0,-56.81931366411261
12865713333.3,-56.4223363069457
12870711666.7,-56.945014797384374
12875710000.0,-56.72417275087933
12880708333.3,-56.25023127803226
12885706666.7,-56.71574706278449
12890705000.0,-56.25447407147864
12895703333.3,-56.53684393204487
12900701666.7,-56.453106460213256
12905700000.0,-56.87721489561308
12910698333.3,-56.7758799137132
12915696666.7,-57.10082088944497
12920695000.0,-56.64727658290593
12925693333.3,-56.34923965428857
12930691666.7,-56.631242996105904
12935690000.0,-56.865983359723906
12940688333.3,-56.6210758682855
12945686666.7,-57.13404911297533
12950685000.0,-56.51345279248258
12955683333.3,-56.9160964967011
12960681666.7,-56.594278606132534
12965680000.0,-56.56459233758887
12970678333.3,-56.31150825619318
12975676666.7,-56.68663346198049
12980675000.0,-56.93434609054482
12985673333.3,-56.736791237671895
12990671666.7,-56.786731631256885
12995670000.0,-56.74904758136038
13000668333.3,-56.77528465452152
13005666666.7,-56.947918169827894
13010665000.0,-57.10325409966668
13015663333.3,-56.88833521714177
13020661666.7,-57.357789819380045
13025660000.0,-57.0256572488805
13030658333.3,-56.79902462991441
13035656666.7,-56.7061328903885
13040655000.0,-56.85825844845655
13045653333.3,-56.40619983849415
13050651666.7,-56.09063830190663
13055650000.0,-56.33080456165436
13060648333.3,-56.61176964187649
13065646666.7,-55.741711173828996
13070645000.0,-56.06540599865788
13075643333.3,-56.259983780295634
13080641666.7,-56.07240711901933
13085640000.0,-56.296858040797545
13090638333.3,-56.36928283000125
13095636666.7,-56.142894305737734
13100635000.0,-56.41599022073394
13105633333.3,-56.82808326564651
13110631666.7,-56.51344996364554
13115630000.0,-56.653213474812
13120628333.3,-56.31915574201274
13125626666.7,-56.60675549462545
13130625000.0,-56.19108191468286
13135623333.3,-56.43920494637645
13140621666.7,-56.181432107416605
13145620000.0,-56.17553083072803
13150618333.3,-56.51489485877096
13155616666.7,-56.28059967819048
13160615000.0,-56.70641304916749
13165613333.3,-56.234154035807634
13170611666.7,-56.22456975484993
13175610000.0,-56.458510179565536
13180608333.3,-56.56385639399034
13185606666.7,-56.424763412527106
13190605000.0,-56.458506479414794
13195603333.3,-56.32504560552991
13200601666.7,-56.40662658612865
13205600000.0,-56.40588634447696
13210598333.3,-56.4820816083696
13215596666.7,-56.440196271083636
13220595000.0,-56.451045946206406
13225593333.3,-56.88008596876152
13230591666.7,-56.73511952879832
13235590000.0,-56.59674990327023
13240588333.3,-56.66078600366344
13245586666.7,-57.098900908105854
13250585000.0,-57.232296929426894
13255583333.3,-57.01084395764858
13260581666.7,-56.9965160708046
13265580000.0,-56.85206770379991
13270578333.3,-56.84472672510228
13275576666.7,-57.09965290528247
13280575000.0,-57.276039643896496
13285573333.3,-57.204878488079565
13290571666.7,-56.933570481426514
13295570000.0,-57.48528868744059
13300568333.3,-57.220875919062635
13305566666.7,-57.06103774442731
13310565000.0,-57.13385666058079
13315563333.3,-57.076580636753405
13320561666.7,-56.99422485360742
13325560000.0,-57.552986759226144
13330558333.3,-57.1697058038902
13335556666.7,-57.166051289724564
13340555000.0,-57.20853664701765
13345553333.3,-57.37182938214624
13350551666.7,-57.661207215867634
13355550000.0,-57.129279263347286
13360548333.3,-57.13529412300343
13365546666.7,-57.28742791032093
13370545000.0,-56.86159305150258
13375543333.3,-57.079148853233505
13380541666.7,-57.09465215374771
13385540000.0,-56.93512174501748
13390538333.3,-57.32312840138724
13395536666.7,-56.90640394385217
13400535000.0,-56.876084619836334
13405533333.3,-56.88934332275596
13410531666.7,-57.14995642372725
13415530000.0,-57.05880638416251
13420528333.3,-57.174395043221935
13425526666.7,-57.41595942785648
13430525000.0,-57.259587235921956
13435523333.3,-57.70348974618389
13440521666.7,-57.07306159820427
13445520000.0,-57.25915469337938
13450518333.3,-57.160974750572386
13455516666.7,-57.46241323316588
13460515000.0,-57.46576437756535
13465513333.3,-57.54305587196679
13470511666.7,-56.98369491863927
13475510000.0,-57.23214055226771
13480508333.3,-57.12530691110765
13485506666.7,-56.98174158849077
13490505000.0,-56.522081785342344
13495503333.3,-57.24891159524188
13500501666.7,-57.4549744727254
13505500000.0,-57.0213455750916
13510498333.3,-57.52845530643937
13515496666.7,-56.90639342260772
13520495000.0,-57.78036260434522
13525493333.3,-57.46473590052332
13530491666.7,-57.63787207757849
13535490000.0,-57.628012101483435
13540488333.3,-57.92380429638963
13545486666.7,-57.58120696991302
13550485000.0,-57.543270777031864
13555483333.3,-57.407781788905766
13560481666.7,-57.64374369947174
13565480000.0,-57.66796630093233
13570478333.3,-58.45095771692834
13575476666.7,-58.20107777126262
13580475000.0,-57.97311361430143
13585473333.3,-58.082251177145956
13590471666.7,-58.44797368951929
13595470000.0,-58.148708464400165
13600468333.3,-58.33708779276547
13605466666.7,-58.62518717017396
13610465000.0,-58.44500629859312
13615463333.3,-58.51363394648823
13620461666.7,-58.41707452694108
13625460000.0,-58.562732319988235
13630458333.3,-57.98262046650471
13635456666.7,-58.61431700870466
13640455000.0,-58.520923507732846
13645453333.3,-58.01436250841298
13650451666.7,-57.90897360003335
13655450000.0,-58.14460110593192
13660448333.3,-57.84366457892731
13665446666.7,-58.38791972130136
13670445000.0,-58.21771109113422
13675443333.3,-58.10520663495039
13680441666.7,-58.05793299698853
13685440000.0,-58.42317642358424
13690438333.3,-57.41173139517993
13695436666.7,-57.71485906246396
13700435000.0,-57.720768752731274
13705433333.3,-57.759806567701794
13710431666.7,-58.09835467903261
13715430000.0,-58.00365325523777
13720428333.3,-57.332013533279195
13725426666.7,-57.58262469425609
13730425000.0,-57.573384388100415
13735423333.3,-57.612716492152074
13740421666.7,-57.49562629379725
13745420000.0,-57.05972706131975
13750418333.3,-58.14517541674172
13755416666.7,-57.557031782675736
13760415000.0,-58.082239362515224
13765413333.3,-58.289548892834844
13770411666.7,-58.163914757512856
13775410000.0,-57.91637286508894
13780408333.3,-58.864839553664666
13785406666.7,-57.901213966734666
13790405000.0,-58.16128817859277
13795403333.3,-58.08446910177686
13800401666.7,-58.195664409596446
13805400000.0,-58.43685829479641
13810398333.3,-58.43269584937309
13815396666.7,-58.27615385750028
13820395000.0,-57.945238979852945
13825393333.3,-58.59759670749962
13830391666.7,-57.843108979192124
13835390000.0,-57.85819842843707
13840388333.3,-58.0250757820053
13845386666.7,-58.5380023057631
13850385000.0,-58.550590206175464
13855383333.3,-58.862584494093696
13860381666.7,-58.525894145780136
13865380000.0,-58.4800292054856
13870378333.3,-58.83264529561856
13875376666.7,-58.54485611419051
13880375000.0,-58.165570578598754
13885373333.3,-58.80977996965592
13890371666.7,-58.294384551169706
13895370000.0,-58.75121732188773
13900368333.3,-58.31230999447817
13905366666.7,-58.31217418679641
13910365000.0,-58.17292803860366
13915363333.3,-58.19266659866852
13920361666.7,-58.06563442240115
13925360000.0,-58.358439460545384
13930358333.3,-58.37315117938546
13935356666.7,-58.530270683402186
13940355000.0,-58.57883242072958
13945353333.3,-58.13414253889402
13950351666.7,-58.36297117486734
13955350000.0,-58.23098543139175
13960348333.3,-58.60333797379502
13965346666.7,-58.06203683772945
13970345000.0,-58.05955490107665
13975343333.3,-58.06852974556551
13980341666.7,-57.90478121029477
13985340000.0,-58.29266614850074
13990338333.3,-57.89557273235539
13995336666.7,-58.03025522203198
14000335000.0,-57.97411289037076
14005333333.3,-57.59536082131112
14010331666.7,-57.27013639408064
14015330000.0,-57.08011572771349
14020328333.3,-57.83213892065091
14025326666.7,-57.45118372912165
14030325000.0,-57.50938678586788
14035323333.3,-57.51499065809564
14040321666.7,-58.10143224780944
14045320000.0,-57.980335900754966
14050318333.3,-57.861270841016854
14055316666.7,-57.54553040429052
14060315000.0,-57.72666311048471
14065313333.3,-57.357152168578295
14070311666.7,-57.25469460002226
14075310000.0,-57.96294134495747
14080308333.3,-57.513449573286735
14085306666.7,-57.92702757111076
14090305000.0,-57.737190383350736
14095303333.3,-57.37281255422177
14100301666.7,-57.47833325725429
14105300000.0,-57.533516908217905
14110298333.3,-57.56202908671326
14115296666.7,-57.96753732241223
14120295000.0,-57.8516926243889
14125293333.3,-58.30810507049889
14130291666.7,-58.40668453523651
14135290000.0,-58.933805395993495
14140288333.3,-58.01240038914688
14145286666.7,-58.481350200413104
14150285000.0,-58.446691964130025
14155283333.3,-58.4618402140062
14160281666.7,-57.829969743974914
14165280000.0,-58.64718712993654
14170278333.3,-58.062318227623706
14175276666.7,-58.29432812071537
14180275000.0,-58.496930179925684
14185273333.3,-58.49484586845464
14190271666.7,-58.009846710180625
14195270000.0,-57.75830440901133
14200268333.3,-59.028228463765004
14205266666.7,-58.69986914454295
14210265000.0,-58.27262231452722
14215263333.3,-58.05606627813752
14220261666.7,-58.45921024437302
14225260000.0,-58.07285313863835
14230258333.3,-57.89077924749932
14235256666.7,-57.94643751055429
14240255000.0,-57.667396942582
14245253333.3,-58.027074751849035
14250251666.7,-58.248515673727226
14255250000.0,-58.384766586653285
14260248333.3,-57.87761655734953
14265246666.7,-58.608321810534406
14270245000.0,-58.256316066133365
14275243333.3,-58.76323048684662
14280241666.7,-59.054294779058615
14285240000.0,-59.438317334743445
14290238333.3,-58.61595201610666
14295236666.7,-58.79338959967666
14300235000.0,-58.902648863509185
14305233333.3,-58.28340528805533
14310231666.7,-58.84194139426755
14315230000.0,-58.86492779110902
14320228333.3,-58.36327482491994
14325226666.7,-57.95883206352735
14330225000.0,-57.84567191608852
14335223333.3,-58.05986478917063
14340221666.7,-58.1291340319775
14345220000.0,-58.03159266932865
14350218333.3,-58.42176340317551
14355216666.7,-58.76214992624086
14360215000.0,-58.13669192634321
14365213333.3,-58.62140982217254
14370211666.7,-58.5834560566624
14375210000.0,-58.91441692993939
14380208333.3,-58.252290302849744
14385206666.7,-58.64600343762605
14390205000.0,-58.70628487124055
14395203333.3,-59.138707976997125
14400201666.7,-58.527732125412875
14405200000.0,-58.754816364141796
14410198333.3,-58.74562441485382
14415196666.7,-58.114509664268255
14420195000.0,-58.043516423754305
14425193333.3,-58.431028371550155
14430191666.7,-58.893163056552496
14435190000.0,-58.01172608361492
14440188333.3,-58.3969320793092
14445186666.7,-58.627973596213906
14450185000.0,-58.69287144987199
14455183333.3,-59.063075309892696
14460181666.7,-58.76771509129718
14465180000.0,-58.846668696068434
14470178333.3,-59.91646233849832
14475176666.7,-59.219678105596586
14480175000.0,-59.175655846640254
14485173333.3,-59.26887992383457
14490171666.7,-59.38756769915554
14495170000.0,-59.03208834866784
14500168333.3,-59.06400868689783
14505166666.7,-59.21097381039229
14510165000.0,-59.42594752266811
14515163333.3,-58.88038883458596
14520161666.7,-59.08882637632814
14525160000.0,-59.321223223787136
14530158333.3,-59.370376016094085
14535156666.7,-59.470888472679505
14540155000.0,-60.45838743308832
14545153333.3,-60.19758029360605
14550151666.7,-60.311038946641375
14555150000.0,-59.75520311887919
14560148333.3,-60.45485821338743
14565146666.7,-60.26953725993302
14570145000.0,-60.39046899024939
14575143333.3,-60.07317395169486
14580141666.7,-59.797837153434585
14585140000.0,-59.98327297416206
14590138333.3,-59.96446442537062
14595136666.7,-60.13926456327969
14600135000.0,-59.813928170492794
14605133333.3,-59.91830443304772
14610131666.7,-59.43625113057527
14615130000.0,-59.9354927419673
14620128333.3,-59.75678617326526
14625126666.7,-60.07237169105056
14630125000.0,-59.894695543453494
14635123333.3,-59.91280769026964
14640121666.7,-60.13268571641247
14645120000.0,-59.80750157607542
14650118333.3,-59.62111114509122
14655116666.7,-59.74939980108182
14660115000.0,-59.15483314044537
14665113333.3,-59.497619412163054
14670111666.7,-59.13887515810059
14675110000.0,-59.24867333457496
14680108333.3,-59.50671436239358
14685106666.7,-59.470749578582684
14690105000.0,-59.55861762901993
14695103333.3,-59.622801216548105
14700101666.7,-59.969018804987016
14705100000.0,-59.522399176594405
14710098333.3,-60.34031276937804
14715096666.7,-60.381415373011805
14720095000.0,-60.09105350322777
14725093333.3,-59.42113813710624
14730091666.7,-60.119733036353836
14735090000.0,-60.3266429771924
14740088333.3,-59.15592705393898
14745086666.7,-60.05623176964598
14750085000.0,-59.74184946791289
14755083333.3,-59.63618451878203
14760081666.7,-59.32817652436839
14765080000.0,-59.260605759340876
14770078333.3,-59.50318452160012
14775076666.7,-59.32509721424584
14780075000.0,-59.37305648263188
14785073333.3,-59.213169309342575
14790071666.7,-59.34876163409608
14795070000.0,-59.221720328661235
14800068333.3,-59.535407351017405
14805066666.7,-59.82768218025107
14810065000.0,-60.09137203967284
14815063333.3,-60.226450358065826
14820061666.7,-60.29362536669515
14825060000.0,-60.20683858487111
14830058333.3,-59.61155947926884
14835056666.7,-60.0158315811528
14840055000.0,-59.761327328857554
14845053333.3,-59.95281951092778
14850051666.7,-59.43716348023338
14855050000.0,-59.43025298490284
14860048333.3,-59.813352807626565
14865046666.7,-59.32220746111998
14870045000.0,-60.28333360585315
14875043333.3,-60.73989457215883
14880041666.7,-60.59028674080115
14885040000.0,-60.92606550232481
14890038333.3,-60.12644926614431
14895036666.7,-60.44651531850144
14900035000.0,-60.377118855648234
14905033333.3,-60.77687422071014
14910031666.7,-60.975431572663574
14915030000.0,-61.19768592803963
14920028333.3,-60.67483698625004
14925026666.7,-60.996006609447974
14930025000.0,-60.54888465541849
14935023333.3,-60.254471206970905
14940021666.7,-59.71409327069488
14945020000.0,-59.34992314437538
14950018333.3,-59.28450020893326
14955016666.7,-59.72391334656595
14960015000.0,-59.44509929818835
14965013333.3,-59.4941114750846
14970011666.7,-59.461559535114645
14975010000.0,-59.04784114245554
14980008333.3,-59.85257122010255
14985006666.7,-59.26612678183393
14990005000.0,-59.77851737994246
14995003333.3,-59.92321045252566
15000001666.7,-59.58906070413181
15005000000.0,-60.22100235386237
15009998333.3,-59.64118746355136
15014996666.7,-59.9035502871357
15019995000.0,-60.069977939133864
15024993333.3,-59.726673677852006
15029991666.7,-59.565757696398016
15034990000.0,-59.37212704838033
15039988333.3,-59.48506332447654
15044986666.7,-59.86614041185133
15049985000.0,-59.8657602175139
15054983333.3,-59.013248021206984
15059981666.7,-59.30272444016527
15064980000.0,-59.66506932057677
15069978333.3,-59.993375013839426
15074976666.7,-59.55224506738489
15079975000.0,-59.4757959171184
15084973333.3,-60.302933798583844
15089971666.7,-58.896150636020025
15094970000.0,-59.658251347342116
15099968333.3,-59.8236903515511
15104966666.7,-59.24376070574843
15109965000.0,-59.445380781298034
15114963333.3,-59.47700541538184
15119961666.7,-59.150534904919624
15124960000.0,-59.08516906577895
15129958333.3,-58.967512811197
15134956666.7,-59.00514741885605
15139955000.0,-59.91820017201472
15144953333.3,-60.37479361026933
15149951666.7,-60.00049803130832
15154950000.0,-60.20371968800741
15159948333.3,-59.86357222269176
15164946666.7,-59.8283862265447
15169945000.0,-59.888894290712074
15174943333.3,-59.96998621382237
15179941666.7,-59.951375390383646
15184940000.0,-60.61002996880169
15189938333.3,-60.37347660187613
15194936666.7,-60.774147812550694
15199935000.0,-60.34721206199079
15204933333.3,-60.38511257397264
15209931666.7,-60.03528483359247
15214930000.0,-60.42861104651287
15219928333.3,-60.78492406709414
15224926666.7,-60.38385183841585
15229925000.0,-61.16783301043025
15234923333.3,-61.344442045142046
15239921666.7,-61.77370727950329
15244920000.0,-61.74501372638096
15249918333.3,-61.704507526698464
15254916666.7,-61.72383484184607
15259915000.0,-60.863353343611124
15264913333.3,-60.97630478221319
15269911666.7,-61.652519426226114
15274910000.0,-61.0764017040028
15279908333.3,-60.52913701046093
15284906666.7,-61.22718267373594
15289905000.0,-61.28722668552995
15294903333.3,-60.94580382451515
15299901666.7,-60.61799968757341
15304900000.0,-60.625865263681426
15309898333.3,-60.41649086863166
15314896666.7,-61.154575379656805
15319895000.0,-61.200905966171916
15324893333.3,-60.60370801265164
15329891666.7,-61.235492559343456
15334890000.0,-60.96067051175734
15339888333.3,-60.894824223216936
15344886666.7,-60.868060560162576
15349885000.0,-60.3001181729411
15354883333.3,-59.88662670107946
15359881666.7,-60.942648536536026
15364880000.0,-60.844948753678324
15369878333.3,-60.724345620680815
15374876666.7,-60.61302857021526
15379875000.0,-59.90078788793444
15384873333.3,-60.325803879713256
15389871666.7,-60.100176535826975
15394870000.0,-60.90585457802838
15399868333.3,-60.431547530582506
15404866666.7,-60.656476692250784
15409865000.0,-60.49968567376757
15414863333.3,-60.53441790158274
15419861666.7,-60.680103174847666
15424860000.0,-61.16028680389572
15429858333.3,-61.38410546845545
15434856666.7,-61.42185941072136
15439855000.0,-60.700743724077995
15444853333.3,-60.34715357610797
15449851666.7,-60.75232878168502
15454850000.0,-60.756420894496436
15459848333.3,-60.82286773252106
15464846666.7,-60.69879108444711
15469845000.0,-61.15620515030815
15474843333.3,-61.424172557254046
15479841666.7,-61.41846407931698
15484840000.0,-62.57212092824539
15489838333.3,-61.4987275447535
15494836666.7,-61.76615648773698
15499835000.0,-61.705664938524826
15504833333.3,-62.020825836073044
15509831666.7,-62.2101675288677
15514830000.0,-62.472111677235034
15519828333.3,-61.88122624799419
15524826666.7,-62.38701533775306
15529825000.0,-61.43273407336437
15534823333.3,-62.09225649378852
15539821666.7,-63.06720506964329
15544820000.0,-61.919975319273135
15549818333.3,-61.678034365128255
15554816666.7,-61.48072886765434
15559815000.0,-62.25421632924406
15564813333.3,-62.59833824470044
15569811666.7,-62.2160392682735
15574810000.0,-63.06994888990634
15579808333.3,-62.09240898915951
15584806666.7,-61.42126392098304
15589805000.0,-62.393490027229
15594803333.3,-62.2765138062868
15599801666.7,-61.973397248992924
15604800000.0,-62.169292851638545
15609798333.3,-61.942144814660544
15614796666.7,-62.44912355942925
15619795000.0,-61.75457431292167
15624793333.3,-62.016537133847784
15629791666.7,-61.31826819998494
15634790000.0,-60.88261347864031
15639788333.3,-60.90292840412303
15644786666.7,-61.11647387090954
15649785000.0,-61.61617920454184
15654783333.3,-61.94610322885658
15659781666.7,-61.50257257088423
15664780000.0,-61.93685411981932
15669778333.3,-61.93258791965722
15674776666.7,-61.044910562530546
15679775000.0,-61.902356887873076
15684773333.3,-61.92471877798637
15689771666.7,-61.34738549018928
15694770000.0,-61.486958024441556
15699768333.3,-61.4877214299528
15704766666.7,-61.38595633664955
15709765000.0,-61.336272345597244
15714763333.3,-61.424783393898565
15719761666.7,-61.33202592187422
15724760000.0,-61.10808684790753
15729758333.3,-61.81998268005211
15734756666.7,-61.521543351409385
15739755000.0,-61.62237434048282
15744753333.3,-62.500881798174255
15749751666.7,-61.91467828977235
15754750000.0,-62.85748392106997
15759748333.3,-63.334644457871406
15764746666.7,-63.25641092856919
15769745000.0,-62.281623003298975
15774743333.3,-62.45290775698675
15779741666.7,-62.09489221825624
15784740000.0,-62.0857746541958
15789738333.3,-63.01768069234151
15794736666.7,-62.41254981415586
15799735000.0,-62.71683073130348
15804733333.3,-61.78020408296408
15809731666.7,-61.592570916895404
15814730000.0,-61.40892054047555
15819728333.3,-61.49631020396319
15824726666.7,-61.63938609332628
15829725000.0,-61.275006743954314
15834723333.3,-62.68802070934551
15839721666.7,-61.62427647068141
15844720000.0,-62.31851191881141
15849718333.3,-62.55039462330464
15854716666.7,-61.54635523752469
15859715000.0,-62.266937485924686
15864713333.3,-62.13433442135795
15869711666.7,-61.179697731480275
15874710000.0,-61.61221464764484
15879708333.3,-62.15359553461505
15884706666.7,-61.186331988292
15889705000.0,-62.10406703859892
15894703333.3,-62.15196501737708
15899701666.7,-61.09609192222812
15904700000.0,-61.94362405769505
15909698333.3,-61.780256402121466
15914696666.7,-61.813446881817285
15919695000.0,-62.08693076322654
15924693333.3,-62.48389628987931
15929691666.7,-62.00819831946383
15934690000.0,-62.983869253858416
15939688333.3,-61.945897885273766
15944686666.7,-61.807383988256284
15949685000.0,-62.08763452275144
15954683333.3,-62.19760957515604
15959681666.7,-62.199214474836964
15964680000.0,-62.36736083896399
15969678333.3,-61.6424556392506
15974676666.7,-62.00971914380496
15979675000.0,-62.494613595758295
15984673333.3,-62.43008533534039
15989671666.7,-61.658983850131634
15994670000.0,-62.26370176283847
15999668333.3,-61.54919109949744
16004666666.7,-62.11363789016598
16009665000.0,-61.659208160128685
16014663333.3,-62.194459857003835
16019661666.7,-61.665346139795616
16024660000.0,-61.770053094315344
16029658333.3,-61.83481163070984
16034656666.7,-61.91135142918776
16039655000.0,-62.581182264429025
16044653333.3,-62.012721547312395
16049651666.7,-61.61101901127058
16054650000.0,-61.950428530557325
16059648333.3,-61.324529427010134
16064646666.7,-61.80936820964372
16069645000.0,-62.30069683576615
16074643333.3,-62.73644699858448
16079641666.7,-62.63007830807475
16084640000.0,-62.871117907779244
16089638333.3,-63.15814027053594
16094636666.7,-62.135354373268335
16099635000.0,-62.11622486586717
16104633333.3,-61.83114343235889
16109631666.7,-61.953307550777346
16114630000.0,-62.15057822770835
16119628333.3,-62.45197177552704
16124626666.7,-63.0688762301253
16129625000.0,-62.69167680490479
16134623333.3,-61.97417036904114
16139621666.7,-61.355536291703324
16144620000.0,-61.81687275305392
16149618333.3,-61.657455517571826
16154616666.7,-60.496140675990944
16159615000.0,-61.83605914029992
16164613333.3,-62.35587061880234
16169611666.7,-61.292295463981134
16174610000.0,-61.94142788747467
16179608333.3,-62.143885862359596
16184606666.7,-61.988998068649096
16189605000.0,-62.04899596732422
16194603333.3,-62.597954547196785
16199601666.7,-62.71853530059424
16204600000.0,-62.34207381843998
16209598333.3,-62.6877258009949
16214596666.7,-63.27270443470966
16219595000.0,-63.52077180274559
16224593333.3,-62.92766434913968
16229591666.7,-62.51476677301121
16234590000.0,-62.448761452811176
16239588333.3,-62.86388544318318
16244586666.7,-62.85767250673659
16249585000.0,-62.214996180965166
16254583333.3,-61.87773489701697
16259581666.7,-62.916089542304235
16264580000.0,-63.42699222251058
16269578333.3,-63.017347000747606
16274576666.7,-63.25654839081342
16279575000.0,-63.43321232679102
16284573333.3,-63.10795138665546
16289571666.7,-63.53824185292591
16294570000.0,-63.191659204811906
16299568333.3,-62.73922509441891
16304566666.7,-62.69518567861111
16309565000.0,-63.79325295062208
16314563333.3,-63.24461995265444
16319561666.7,-63.07769247368083
16324560000.0,-62.77352598171306
16329558333.3,-62.34090747990888
16334556666.7,-62.57107686658203
16339555000.0,-62.59970317725538
16344553333.3,-62.21377411650352
16349551666.7,-62.541532037816026
16354550000.0,-62.88338801412795
16359548333.3,-62.95128191727349
16364546666.7,-62.32076294267178
16369545000.0,-63.12855410243035
16374543333.3,-63.10989282913649
16379541666.7,-62.97132612474256
16384540000.0,-62.48122068794472
16389538333.3,-63.80595180526054
16394536666.7,-63.558546985667796
16399535000.0,-62.92291261246354
16404533333.3,-63.52334188319364
16409531666.7,-62.49836293422984
16414530000.0,-62.83869261705168
16419528333.3,-62.7029363805254
16424526666.7,-62.84057128215166
16429525000.0,-62.309079632421174
16434523333.3,-62.993170623534326
16439521666.7,-63.17057177542402
16444520000.0,-63.6331363999865
16449518333.3,-62.824020414943234
16454516666.7,-63.07485012050926
16459515000.0,-63.714926599725544
16464513333.3,-63.65369898938223
16469511666.7,-62.16457861596567
16474510000.0,-62.95771287815003
16479508333.3,-62.81306058705602
16484506666.7,-63.48279992901383
16489505000.0,-62.942681776106724
16494503333.3,-62.51738801357999
16499501666.7,-62.44963918879117
16504500000.0,-63.366867364155055
16509498333.3,-63.177296095039125
16514496666.7,-62.49891907546002
16519495000.0,-62.94174825441484
16524493333.3,-63.07115164312279
16529491666.7,-63.18788359937585
16534490000.0,-63.437850878232254
16539488333.3,-63.84533654793833
16544486666.7,-64.45264558968904
16549485000.0,-63.83515287650524
16554483333.3,-64.68948103216238
16559481666.7,-63.40722339503826
16564480000.0,-63.42157767511068
16569478333.3,-63.23006902575515
16574476666.7,-64.37746213163516
16579475000.0,-63.77870373608669
16584473333.3,-63.748042961373905
16589471666.7,-63.52331409333803
16594470000.0,-64.1349542658928
16599468333.3,-63.033139485721186
16604466666.7,-62.732479182806316
16609465000.0,-63.35834662648503
16614463333.3,-63.574971132102206
16619461666.7,-63.06414779119433
16624460000.0,-64.3315772307177
16629458333.3,-63.82337670063268
16634456666.7,-63.67659010444815
16639455000.0,-64.03271550973267
16644453333.3,-64.58144904018395
16649451666.7,-63.47570138821885
16654450000.0,-63.51158903904418
16659448333.3,-62.83703778787431
16664446666.7,-63.52080689001557
16669445000.0,-62.471090398475454
16674443333.3,-63.44467473848623
16679441666.7,-63.14460584621724
16684440000.0,-63.004373028364135
16689438333.3,-63.5711595453619
16694436666.7,-62.94280194335896
16699435000.0,-63.13517560036125
16704433333.3,-63.26522473869388
16709431666.7,-63.73316513795811
16714430000.0,-63.507867029087365
16719428333.3,-63.330043767428265
16724426666.7,-63.00109553783073
16729425000.0,-63.99821319853778
16734423333.3,-63.136543417493904
16739421666.7,-63.26851268478939
16744420000.0,-63.30779457698966
16749418333.3,-63.206903104096995
16754416666.7,-62.73855685527422
16759415000.0,-63.15008926916769
16764413333.3,-63.27100779759392
16769411666.7,-63.355366839453396
16774410000.0,-63.25139506817534
16779408333.3,-64.10659314547777
16784406666.7,-63.07104927340448
16789405000.0,-63.50890782477863
16794403333.3,-63.05539703160499
16799401666.7,-63.84901146487805
16804400000.0,-63.768259964039714
16809398333.3,-62.95962987951025
16814396666.7,-63.408318721941754
16819395000.0,-63.181153739477665
16824393333.3,-63.54940974893644
16829391666.7,-62.617586816541504
16834390000.0,-63.229949262517124
16839388333.3,-63.06241368434119
16844386666.7,-63.47569198968118
16849385000.0,-63.317127320698305
16854383333.3,-63.80408143648297
16859381666.7,-63.46879602654457
16864380000.0,-64.50351704169348
16869378333.3,-64.66643435706621
16874376666.7,-64.80873013362816
16879375000.0,-64.22381231325888
16884373333.3,-63.11275016242306
16889371666.7,-64.14119550074615
16894370000.0,-63.13629441849194
16899368333.3,-63.764679975407354
16904366666.7,-63.41012841179948
16909365000.0,-64.5660762108469
16914363333.3,-64.44230115605214
16919361666.7,-63.96554515788938
16924360000.0,-62.420577543382166
16929358333.3,-63.461701615289655
16934356666.7,-62.51237121401423
16939355000.0,-63.72023810448486
16944353333.3,-63.60527366689644
16949351666.7,-63.59860584515243
16954350000.0,-64.12406614503286
16959348333.3,-63.92879265999036
16964346666.7,-63.187980215364156
16969345000.0,-64.43319019982611
16974343333.3,-63.72497237379384
16979341666.7,-63.55411644917487
16984340000.0,-63.450178502050115
16989338333.3,-62.9852264081791
16994336666.7,-63.1442743556963
16999335000.0,-62.8292088097811
17004333333.3,-63.4790255362345
17009331666.7,-63.36288899677773
17014330000.0,-62.975911806191036
17019328333.3,-62.92112660944589
17024326666.7,-62.19310848793633
17029325000.0,-63.85576682443017
17034323333.3,-63.31755459196393
17039321666.7,-63.885482904042156
17044320000.0,-62.68533565518828
17049318333.3,-63.23347449283486
17054316666.7,-64.13639595241948
17059315000.0,-63.58859250623179
17064313333.3,-63.485745220786576
17069311666.7,-62.93173200958715
17074310000.0,-63.377617827782345
17079308333.3,-62.497440510253874
17084306666.7,-63.84065667899685
17089305000.0,-63.28075544782137
17094303333.3,-63.15502685517514
17099301666.7,-63.24920055863937
17104300000.0,-62.599099922475894
17109298333.3,-63.22366761786678
17114296666.7,-62.51484545677908
17119295000.0,-62.69746840414078
17124293333.3,-63.84225466708465
17129291666.7,-62.57994505876124
17134290000.0,-64.00535160010494
17139288333.3,-63.77369215028339
17144286666.7,-64.17958626557609
17149285000.0,-64.25992195502613
17154283333.3,-63.85003410809861
17159281666.7,-64.29118914860143
17164280000.0,-63.55202535713899
17169278333.3,-64.42325765078485
17174276666.7,-63.43358222793765
17179275000.0,-63.95723763779011
17184273333.3,-64.08175789472878
17189271666.7,-63.58139161290046
17194270000.0,-64.26995555987554
17199268333.3,-64.14922270477783
17204266666.7,-63.677254013601434
17209265000.0,-64.00159290357828
17214263333.3,-62.96164917653318
17219261666.7,-63.57675823017267
17224260000.0,-63.635596550425966
17229258333.3,-64.70676815169784
17234256666.7,-64.84463164441853
17239255000.0,-65.05669269098084
17244253333.3,-64.62046775170337
17249251666.7,-63.98394722630567
17254250000.0,-64.22586950458181
17259248333.3,-63.62013904089046
17264246666.7,-63.46408610451421
17269245000.0,-63.90915882338608
17274243333.3,-63.70254592840142
17279241666.7,-63.99481166337949
17284240000.0,-63.67024449580333
17289238333.3,-63.28128478190032
17294236666.7,-64.38255007953845
17299235000.0,-64.09298917932435
17304233333.3,-63.596742745554984
17309231666.7,-62.770518084573354
17314230000.0,-63.22193984004969
17319228333.3,-63.505820993928026
17324226666.7,-63.20655375149214
17329225000.0,-64.0122992172429
17334223333.3,-63.75627131848375
17339221666.7,-64.43681170878855
17344220000.0,-63.88100205635034
17349218333.3,-63.25427309500576
17354216666.7,-63.5517592350546
17359215000.0,-63.24772592660829
17364213333.3,-63.37672272620884
17369211666.7,-64.87183412228872
17374210000.0,-63.92295933252505
17379208333.3,-65.01943073892036
17384206666.7,-64.23813338688765
17389205000.0,-64.41796323080672
17394203333.3,-63.9826996881467
17399201666.7,-64.03869681995543
17404200000.0,-65.28005912700033
17409198333.3,-63.86640770126067
17414196666.7,-65.31701343485337
17419195000.0,-64.77463350096626
17424193333.3,-65.48560862513843
17429191666.7,-65.60205607305711
17434190000.0,-65.30378178917266
17439188333.3,-65.16611039497832
17444186666.7,-64.35869195200068
17449185000.0,-64.72709257321034
17454183333.3,-65.51227303786449
17459181666.7,-64.76604684994336
17464180000.0,-64.02854664649146
17469178333.3,-65.10805067510043
17474176666.7,-64.17852470012218
17479175000.0,-65.14631823443459
17484173333.3,-64.90091052141976
17489171666.7,-64.2394287677797
17494170000.0,-64.29233927964373
17499168333.3,-64.71898262104958
17504166666.7,-65.07532401979103
17509165000.0,-64.62274267205377
17514163333.3,-64.52128196628291
17519161666.7,-65.2595381873359
17524160000.0,-64.23971371019815
17529158333.3,-63.682557111208176
17534156666.7,-64.111960270193
17539155000.0,-63.875749803735296
17544153333.3,-64.17159977643665
17549151666.7,-64.05845244710358
17554150000.0,-64.4905815949184
17559148333.3,-64.74637947898262
17564146666.7,-65.32141938203833
17569145000.0,-65.3694943224553
17574143333.3,-64.504239020837
17579141666.7,-64.9754577973274
17584140000.0,-64.72494814608952
17589138333.3,-65.42296762882816
17594136666.7,-64.72168952051446
17599135000.0,-64.13371074276593
17604133333.3,-65.42828361182391
17609131666.7,-65.5136690533223
17614130000.0,-64.76768939374877
17619128333.3,-64.26061998852062
17624126666.7,-64.62546449266067
17629125000.0,-64.16003918638688
17634123333.3,-63.984886952192866
17639121666.7,-65.12861649595108
17644120000.0,-64.91225093198983
17649118333.3,-64.5185789339529
17654116666.7,-65.03151358923321
17659115000.0,-63.63822642996603
17664113333.3,-64.86418508583442
17669111666.7,-64.54673806711067
17674110000.0,-63.876288151689444
17679108333.3,-66.49093034623483
17684106666.7,-65.11800807458327
17689105000.0,-65.32232409355181
17694103333.3,-66.51193793800917
17699101666.7,-65.38218957146202
17704100000.0,-65.25611007132947
17709098333.3,-65.20946340488548
17714096666.7,-64.51594030998277
17719095000.0,-64.5596577695934
17724093333.3,-62.86960515242781
17729091666.7,-64.27195416278676
17734090000.0,-63.86403354860902
17739088333.3,-64.85363645999493
17744086666.7,-64.67144514359886
17749085000.0,-64.90211698985256
17754083333.3,-64.61943991367028
17759081666.7,-64.43147931795131
17764080000.0,-64.06513120887882
17769078333.3,-63.65970147148229
17774076666.7,-63.93456347144262
17779075000.0,-64.93582731872601
17784073333.3,-65.88668143464032
17789071666.7,-62.730712421289255
17794070000.0,-65.61895804543266
17799068333.3,-65.28533342638917
17804066666.7,-65.27914910044086
17809065000.0,-64.09316372083065
17814063333.3,-63.64879143515534
17819061666.7,-64.64259372381282
17824060000.0,-63.46592688125312
17829058333.3,-64.2257190952408
17834056666.7,-65.04822008441772
17839055000.0,-65.6727566002026
17844053333.3,-64.23202809372546
17849051666.7,-65.64184374747126
17854050000.0,-63.85780950889184
17859048333.3,-63.89574623888467
17864046666.7,-65.1127617764794
17869045000.0,-65.15497095028705
17874043333.3,-65.4355400323796
17879041666.7,-64.92063480671975
17884040000.0,-65.22761276305506
17889038333.3,-65.18741370542686
17894036666.7,-66.5945487310853
17899035000.0,-66.66266022714024
17904033333.3,-65.9252970631251
17909031666.7,-66.40708262750691
17914030000.0,-65.22283997213387
17919028333.3,-64.9576925535546
17924026666.7,-65.85260669118756
17929025000.0,-65.5995145106171
17934023333.3,-65.36026910192088
17939021666.7,-65.82264439247835
17944020000.0,-65.80635973117164
17949018333.3,-65.52832934925553
17954016666.7,-65.02323781229366
17959015000.0,-65.19252412402456
17964013333.3,-64.98564770418422
17969011666.7,-64.42773302543952
17974010000.0,-66.67152699816742
17979008333.3,-65.30641003206914
17984006666.7,-66.25751146923255
17989005000.0,-64.66142034648601
17994003333.3,-65.28467699668329
17999001666.7,-65.29635563449683
18004000000.0,-64.62616466258639
18008998333.3,-65.19306580991037
18013996666.7,-64.28315889382039
18018995000.0,-64.97400735140815
18023993333.3,-63.52810887410846
18028991666.7,-64.78979965979333
18033990000.0,-65.59367164874982
18038988333.3,-64.92160614370631
18043986666.7,-64.29536042292116
18048985000.0,-64.29869308435042
18053983333.3,-64.15563508385323
18058981666.7,-64.76743811288048
18063980000.0,-64.08412383654208
18068978333.3,-64.90359086945878
18073976666.7,-65.02617188342298
18078975000.0,-67.28559020805811
18083973333.3,-64.14340301912173
18088971666.7,-66.27813881894377
18093970000.0,-64.65904184337136
18098968333.3,-65.29374261111836
18103966666.7,-65.8355304474718
18108965000.0,-64.42125951914039
18113963333.3,-64.34301705121737
18118961666.7,-65.61967694237089
18123960000.0,-65.69030823347255
18128958333.3,-65.75012432381637
18133956666.7,-65.52680358673952
18138955000.0,-65.62163729239043
18143953333.3,-65.50606612095582
18148951666.7,-66.70315419682493
18153950000.0,-64.8014589738918
18158948333.3,-65.49430187930565
18163946666.7,-67.71948124126376
18168945000.0,-67.15900318129927
18173943333.3,-66.59624216353524
18178941666.7,-65.87180942411847
18183940000.0,-65.42586826169729
18188938333.3,-66.01747669120515
18193936666.7,-65.60525794769794
18198935000.0,-66.30341983817294
18203933333.3,-66.98159938494865
18208931666.7,-65.9831360680275
18213930000.0,-65.60523843864337
18218928333.3,-66.68122834677702
18223926666.7,-65.24773004574205
18228925000.0,-65.56131975109645
18233923333.3,-65.24860779416584
18238921666.7,-65.26158730328662
18243920000.0,-65.46840336733753
18248918333.3,-66.28611334864165
18253916666.7,-66.20873032259551
18258915000.0,-65.87050300781169
18263913333.3,-66.12590882088227
18268911666.7,-66.12192346251318
18273910000.0,-66.20666816546375
18278908333.3,-66.64847417968531
18283906666.7,-64.80618690606474
18288905000.0,-66.26249495144899
18293903333.3,-65.70443744782625
18298901666.7,-66.40460081032663
18303900000.0,-66.24381673850162
18308898333.3,-66.19369891166568
18313896666.7,-68.05645159167281
18318895000.0,-65.6719614554506
18323893333.3,-65.84188496049552
18328891666.7,-67.89773640475032
18333890000.0,-66.20091859457092
18338888333.3,-68.05592104923274
18343886666.7,-67.38453246092759
18348885000.0,-66.42259319535546
18353883333.3,-65.76769221021448
18358881666.7,-66.79222717848052
18363880000.0,-65.66036145488377
18368878333.3,-67.38409245990023
18373876666.7,-65.49993511330916
18378875000.0,-66.2350355869993
18383873333.3,-65.27233215648556
18388871666.7,-66.71562330423112
18393870000.0,-65.8938978523474
18398868333.3,-66.98696714431537
18403866666.7,-66.77221722171157
18408865000.0,-65.80541224437505
18413863333.3,-66.4928254220624
18418861666.7,-65.9666297895471
18423860000.0,-65.32282852440336
18428858333.3,-65.08384692641118
18433856666.7,-66.03488005814631
18438855000.0,-65.31357279691036
18443853333.3,-66.20020451237824
18448851666.7,-65.56364457465135
18453850000.0,-65.55652198741188
18458848333.3,-65.84794806286305
18463846666.7,-65.95354078536651
18468845000.0,-65.53858709181031
18473843333.3,-64.88935345447402
18478841666.7,-65.68935658402974
18483840000.0,-66.12615049145914
18488838333.3,-66.71108925267076
18493836666.7,-66.02474551584129
18498835000.0,-65.80585967845309
18503833333.3,-65.93340215323568
18508831666.7,-64.96871025909952
18513830000.0,-66.48901647007149
18518828333.3,-65.89375534946625
18523826666.7,-65.48040410768502
18528825000.0,-66.28893804995018
18533823333.3,-67.59913142742415
18538821666.7,-67.0551152443963
18543820000.0,-66.33811489694386
18548818333.3,-65.78297703749186
18553816666.7,-67.64231224092444
18558815000.0,-66.54703337166798
18563813333.3,-66.54918200309807
18568811666.7,-66.04126955901734
18573810000.0,-66.3180724600519
18578808333.3,-67.71213437602339
18583806666.7,-66.89318378528321
18588805000.0,-66.89510491824522
18593803333.3,-67.31843553575933
18598801666.7,-65.81727537240953
18603800000.0,-66.63474820704278
18608798333.3,-66.14552461215958
18613796666.7,-66.52714533280944
18618795000.0,-66.15248209936361
18623793333.3,-67.63446185387144
18628791666.7,-66.54372492666897
18633790000.0,-67.19125215542313
18638788333.3,-67.20368807211277
18643786666.7,-66.88850810237813
18648785000.0,-67.33153111347734
18653783333.3,-66.86816506662652
18658781666.7,-66.09108293495743
18663780000.0,-65.9288436102489
18668778333.3,-65.45540754549594
18673776666.7,-66.00266836986724
18678775000.0,-66.25871943354356
18683773333.3,-65.84105535678852
18688771666.7,-64.93391967911164
18693770000.0,-66.71305013688153
18698768333.3,-66.0537814713277
18703766666.7,-66.19467377185376
18708765000.0,-66.31726452089677
18713763333.3,-67.43377326126209
18718761666.7,-66.79678067804336
18723760000.0,-65.81587487545835
18728758333.3,-66.72649096567508
18733756666.7,-65.34443494958815
18738755000.0,-65.6948620790613
18743753333.3,-65.2242737574874
18748751666.7,-66.5374808539867
18753750000.0,-65.44449266754538
18758748333.3,-66.86637426705862
18763746666.7,-65.3002317454589
18768745000.0,-66.33293912547005
18773743333.3,-66.99653737453056
18778741666.7,-66.8609629640502
18783740000.0,-67.56116055188184
18788738333.3,-66.45723345117943
18793736666.7,-67.36107475278753
18798735000.0,-66.57865265555702
18803733333.3,-67.07233983593218
18808731666.7,-67.50136595155803
18813730000.0,-66.76636901029204
18818728333.3,-67.9768516997865
18823726666.7,-67.78268466326523
18828725000.0,-68.7011617933271
18833723333.3,-65.86804638902362
18838721666.7,-67.2897925759898
18843720000.0,-66.69412264162993
18848718333.3,-67.4499582247285
18853716666.7,-67.52602814450393
18858715000.0,-68.76846345516972
18863713333.3,-69.0542514116801
18868711666.7,-68.5545447617686
18873710000.0,-66.91351595715219
18878708333.3,-68.15382624678688
18883706666.7,-67.11752944774832
18888705000.0,-66.72202503226097
18893703333.3,-67.1881396399678
18898701666.7,-66.61423152180136
18903700000.0,-66.8073884867063
18908698333.3,-66.74295850229777
18913696666.7,-66.43088573539768
18918695000.0,-66.8688137028823
18923693333.3,-67.14136178344134
18928691666.7,-66.97007347567303
18933690000.0,-66.45456443596159
18938688333.3,-66.21702106019696
18943686666.7,-67.14552477231513
18948685000.0,-66.88075024714004
18953683333.3,-66.60051075467973
18958681666.7,-67.58129416204044
18963680000.0,-66.52899539772862
18968678333.3,-66.03360674782445
18973676666.7,-65.83191804689113
18978675000.0,-67.67551527016215
18983673333.3,-68.83919909121768
18988671666.7,-68.12532115432657
18993670000.0,-67.160087836678
18998668333.3,-67.46485601576248
19003666666.7,-68.67916101073698
19008665000.0,-67.57427855166112
19013663333.3,-68.31875301485559
19018661666.7,-66.93738283788718
19023660000.0,-67.98388945439653
19028658333.3,-69.21535200863087
19033656666.7,-67.48070072023454
19038655000.0,-68.10301973338353
19043653333.3,-68.05465736596291
19048651666.7,-67.30515705697348
19053650000.0,-67.92046982827019
19058648333.3,-67.22250195703666
19063646666.7,-67.59695979444801
19068645000.0,-66.90237407159645
19073643333.3,-67.20139410401053
19078641666.7,-65.93618239999276
19083640000.0,-67.29388948384133
19088638333.3,-67.68667653178827
19093636666.7,-67.25350802196303
19098635000.0,-68.01795999263928
19103633333.3,-67.73831515223054
19108631666.7,-68.13665942597336
19113630000.0,-67.54870648802383
19118628333.3,-66.87891649732923
19123626666.7,-66.85423377170612
19128625000.0,-67.40850546082653
19133623333.3,-67.01179745519899
19138621666.7,-66.71303405098963
19143620000.0,-68.37826146640336
19148618333.3,-68.37526132236836
19153616666.7,-67.12566244152151
19158615000.0,-67.78978518326086
19163613333.3,-66.63808573836849
19168611666.7,-66.96441077208068
19173610000.0,-68.31513225735277
19178608333.3,-67.21289949243632
19183606666.7,-65.82430071682765
19188605000.0,-68.33198673824567
19193603333.3,-68.92822471371055
19198601666.7,-67.4295588847877
19203600000.0,-67.54604412005102
19208598333.3,-67.32773255728655
19213596666.7,-68.13817685894024
19218595000.0,-66.10568611933957
19223593333.3,-68.01619764869733
19228591666.7,-68.52039601067742
19233590000.0,-68.91037548989993
19238588333.3,-66.85835716240985
19243586666.7,-66.98811294942979
19248585000.0,-67.56369150630279
19253583333.3,-67.20529382136307
19258581666.7,-68.65936390826543
19263580000.0,-68.31202286793993
19268578333.3,-67.56847604525419
19273576666.7,-68.68513058011841
19278575000.0,-67.73986536047204
19283573333.3,-68.05864102856559
19288571666.7,-68.26272494925801
19293570000.0,-68.15041262071456
19298568333.3,-68.32511108189593
19303566666.7,-68.05446531077392
19308565000.0,-68.19872883466707
19313563333.3,-68.28521086851472
19318561666.7,-68.79965979211772
19323560000.0,-68.22460096569255
19328558333.3,-69.93431513764338
19333556666.7,-67.807573701976
19338555000.0,-68.02970615336815
19343553333.3,-67.45861136364846
19348551666.7,-66.62746969368388
19353550000.0,-69.4109839871256
19358548333.3,-67.83480138220229
19363546666.7,-66.19113989581253
19368545000.0,-68.91843995500862
19373543333.3,-69.01273926069604
19378541666.7,-67.3041806543535
19383540000.0,-67.71291825303825
19388538333.3,-68.84576859536796
19393536666.7,-67.40841395115302
19398535000.0,-66.52762266553789
19403533333.3,-66.85834995817093
19408531666.7,-67.75507038365296
19413530000.0,-67.00192409196279
19418528333.3,-68.70547926704421
19423526666.7,-67.15269250091633
19428525000.0,-66.8489231880129
19433523333.3,-66.12464169074615
19438521666.7,-65.92485841281272
19443520000.0,-65.35438222600567
19448518333.3,-66.90622702239057
19453516666.7,-66.89670258208704
19458515000.0,-66.01093855669555
19463513333.3,-66.04835992603718
19468511666.7,-68.13574337393524
19473510000.0,-66.36362502526408
19478508333.3,-65.6343702704781
19483506666.7,-65.60601570175709
19488505000.0,-66.30942723630157
19493503333.3,-65.20203658150601
19498501666.7,-67.28793283857595
19503500000.0,-67.15827618840387
19508498333.3,-66.5698504073273
19513496666.7,-66.04834718676115
19518495000.0,-67.44281155146139
19523493333.3,-68.00191170729637
19528491666.7,-67.33972493373064
19533490000.0,-68.396593170944
19538488333.3,-67.61965472597298
19543486666.7,-69.10905146899755
19548485000.0,-66.71171510887663
19553483333.3,-68.61833470398112
19558481666.7,-70.50931754026358
19563480000.0,-67.16620906330668
19568478333.3,-68.34026160172948
19573476666.7,-70.96413214848945
19578475000.0,-67.6153283796608
19583473333.3,-67.98988643498308
19588471666.7,-67.9585163901586
19593470000.0,-68.07758057047893
19598468333.3,-68.78269534672772
19603466666.7,-67.80256147058576
19608465000.0,-67.44148406746969
19613463333.3,-68.15785943112017
19618461666.7,-68.77682086913863
19623460000.0,-69.37700100930184
19628458333.3,-67.98801156588974
19633456666.7,-67.42466686053459
19638455000.0,-66.76030897233856
19643453333.3,-67.67451414855768
19648451666.7,-67.31171997868185
19653450000.0,-68.57722302479077
19658448333.3,-67.37262090450577
19663446666.7,-67.1703878332997
19668445000.0,-66.18080800352452
19673443333.3,-66.01015986852194
19678441666.7,-67.25479411915666
19683440000.0,-67.23774611135804
19688438333.3,-67.19385065601554
19693436666.7,-67.75845245574538
19698435000.0,-67.70822612276962
19703433333.3,-68.01912676739641
19708431666.7,-68.56766820045036
19713430000.0,-67.95972701372028
19718428333.3,-67.09126062671886
19723426666.7,-67.02459948087085
19728425000.0,-67.74499513803102
19733423333.3,-67.23239098436065
19738421666.7,-66.962614531134
19743420000.0,-69.78463445657472
19748418333.3,-68.8642184344417
19753416666.7,-68.51156413299881
19758415000.0,-66.13072324802067
19763413333.3,-67.9863876262031
19768411666.7,-68.03264906890504
19773410000.0,-66.50658242499675
19778408333.3,-67.03933483961589
19783406666.7,-68.25674268451348
19788405000.0,-69.71691537059992
19793403333.3,-69.58431360146389
19798401666.7,-70.91915258644656
19803400000.0,-68.55115656957133
19808398333.3,-67.67068462002138
19813396666.7,-66.72607463782644
19818395000.0,-67.40960174882511
19823393333.3,-67.4220394938009
19828391666.7,-67.8460030464233
19833390000.0,-67.8046827289329
19838388333.3,-69.2950514071527
19843386666.7,-69.91432702841321
19848385000.0,-67.59987007991467
19853383333.3,-67.53419607253163
19858381666.7,-69.49121189508227
19863380000.0,-69.56299193720298
19868378333.3,-73.06341351056162
19873376666.7,-68.52597232994287
19878375000.0,-69.1505679694878
19883373333.3,-71.22763067823117
19888371666.7,-69.60604586948776
19893370000.0,-71.28020225437777
19898368333.3,-69.14495409462357
19903366666.7,-68.78596403497362
19908365000.0,-68.52733259699367
19913363333.3,-68.27782825748048
19918361666.7,-67.92728541111805
19923360000.0,-70.39625026236055
19928358333.3,-68.6800033201048
19933356666.7,-68.6304675945791
19938355000.0,-69.78929343745604
19943353333.3,-68.95779428517433
19948351666.7,-68.16142753422162
19953350000.0,-68.57325933694032
19958348333.3,-69.8568419866556
19963346666.7,-68.0652123632402
19968345000.0,-69.49367169360329
19973343333.3,-70.4512030714742
19978341666.7,-70.11674692115815
19983340000.0,-71.47988536603687
19988338333.3,-69.27535866796133
19993336666.7,-68.74768402179885
19998335000.0,-68.81153794106487
20003333333.3,-69.31525305119911
20008331666.7,-69.39576221685594
20013330000.0,-69.42230740036455
20018328333.3,-70.84727050579656
20023326666.7,-71.18897187719129
20028325000.0,-70.69863937559315
20033323333.3,-69.33568869488866
20038321666.7,-69.52959051269946
20043320000.0,-70.37990370520524
20048318333.3,-69.9053268215554
20053316666.7,-69.04361267593504
20058315000.0,-69.15985177665539
20063313333.3,-69.4497448442673
20068311666.7,-70.09679518788487
20073310000.0,-71.6513661928341
20078308333.3,-69.83735557414911
20083306666.7,-67.60059642196956
20088305000.0,-68.08714907846117
20093303333.3,-70.77415791964327
20098301666.7,-69.26816107142079
20103300000.0,-69.01073625406569
20108298333.3,-70.44111114651892
20113296666.7,-70.29644768721576
20118295000.0,-71.13265685199953
20123293333.3,-71.33689624720638
20128291666.7,-70.40657688762028
20133290000.0,-69.42329264291254
20138288333.3,-70.13686589636647
20143286666.7,-68.29526824545945
20148285000.0,-69.79225395889374
20153283333.3,-69.99373240614754
20158281666.7,-69.95893321957033
20163280000.0,-71.1144652411661
20168278333.3,-68.44367391831847
20173276666.7,-71.12440027205152
20178275000.0,-69.26703078861213
20183273333.3,-70.13922506463147
20188271666.7,-74.2174343698693
20193270000.0,-70.11324823538382
20198268333.3,-69.36742692644833
20203266666.7,-70.16906453860915
20208265000.0,-71.21613069210268
20213263333.3,-71.55938949067101
20218261666.7,-72.50942994794241
20223260000.0,-70.5522981645563
20228258333.3,-70.95630517227157
20233256666.7,-67.76959030877046
20238255000.0,-70.54627266869164
20243253333.3,-70.8014337599958
20248251666.7,-70.66941814084302
20253250000.0,-70.62626064861391
20258248333.3,-71.69597232429096
20263246666.7,-70.30075861844924
20268245000.0,-69.47757457306416
20273243333.3,-70.65511474168154
20278241666.7,-70.01436275095746
20283240000.0,-70.64974718219037
20288238333.3,-69.17339895624154
20293236666.7,-72.5879205537222
20298235000.0,-69.04356724639399
20303233333.3,-71.23626596828669
20308231666.7,-72.52713366187496
20313230000.0,-69.93265061528999
20318228333.3,-70.35187590753918
20323226666.7,-70.11757532484691
20328225000.0,-66.901333478049
20333223333.3,-70.68343888329932
20338221666.7,-69.80758032009287
20343220000.0,-70.7990605216049
20348218333.3,-69.7874043734019
20353216666.7,-70.36010378409001
20358215000.0,-69.45501574277355
20363213333.3,-69.869733080906
20368211666.7,-69.60967148384543
20373210000.0,-70.14224380905138
20378208333.3,-70.1126638855334
20383206666.7,-70.49734325671164
20388205000.0,-70.29099303700528
20393203333.3,-71.92494348657634
20398201666.7,-72.61440045959381
20403200000.0,-71.47967010687248
20408198333.3,-70.7864957210497
20413196666.7,-69.45163786929301
20418195000.0,-68.01362122758974
20423193333.3,-69.34706182852646
20428191666.7,-69.76019141256118
20433190000.0,-68.3769526166729
20438188333.3,-70.74108130226269
20443186666.7,-70.78869347361615
20448185000.0,-71.09178938623569
20453183333.3,-70.9843706459339
20458181666.7,-70.68223315863206
20463180000.0,-71.23954998343136
20468178333.3,-72.40286892611961
20473176666.7,-71.36640209441282
20478175000.0,-71.37815081510823
20483173333.3,-71.03814922041609
20488171666.7,-72.6396990677163
20493170000.0,-71.91658913531646
20498168333.3,-70.26346666606882
20503166666.7,-71.32425595461405
20508165000.0,-69.98668108425166
20513163333.3,-71.49731461707199
20518161666.7,-69.21067007983254
20523160000.0,-71.32086825526775
20528158333.3,-71.35494206274508
20533156666.7,-72.36622125965263
20538155000.0,-70.9065309317167
20543153333.3,-70.27133083705978
20548151666.7,-71.08776239496018
20553150000.0,-72.10764908431082
20558148333.3,-70.84740345140959
20563146666.7,-69.8640571576102
20568145000.0,-68.97199147119335
20573143333.3,-72.4932023998994
20578141666.7,-72.27664804791353
20583140000.0,-71.14588505728022
20588138333.3,-70.53156377706097
20593136666.7,-71.96834034296492
20598135000.0,-69.81330901658657
20603133333.3,-70.02233449016913
20608131666.7,-72.55568592259495
20613130000.0,-71.03419775431061
20618128333.3,-71.6951642790939
20623126666.7,-72.54784902568333
20628125000.0,-72.4615900071752
20633123333.3,-71.36314931165946
20638121666.7,-71.38328006739316
20643120000.0,-70.82669603324403
20648118333.3,-69.622729595874
20653116666.7,-72.37379079373741
20658115000.0,-70.56150164270082
20663113333.3,-71.03602759475939
20668111666.7,-72.40524513964104
20673110000.0,-71.49037900087895
20678108333.3,-71.9234396380315
20683106666.7,-71.91327052551084
20688105000.0,-73.45420271845094
20693103333.3,-72.4500851519477
20698101666.7,-71.35978521359975
20703100000.0,-71.73744251457676
20708098333.3,-71.59160877363905
20713096666.7,-73.51069432026465
20718095000.0,-71.6116079666759
20723093333.3,-74.46601491711304
20728091666.7,-74.60300027701167
20733090000.0,-72.52816823589129
20738088333.3,-71.40319673747504
20743086666.7,-72.1401806096149
20748085000.0,-72.62889677668117
20753083333.3,-71.68978496400484
20758081666.7,-71.53454483664852
20763080000.0,-72.18750665929996
20768078333.3,-72.16246864844683
20773076666.7,-71.92880291471258
20778075000.0,-73.47751587118596
20783073333.3,-71.76544632017966
20788071666.7,-72.0967533967673
20793070000.0,-71.65273067248263
20798068333.3,-71.59460364525142
20803066666.7,-72.94562166356732
20808065000.0,-72.07153498304874
20813063333.3,-71.3209152822073
20818061666.7,-72.64499226949205
20823060000.0,-73.00803829466335
20828058333.3,-71.35930439338053
20833056666.7,-70.96943699754493
20838055000.0,-70.18883534721786
20843053333.3,-71.74419151643087
20848051666.7,-71.69083984193767
20853050000.0,-69.54242227482685
20858048333.3,-69.99310283051749
20863046666.7,-71.07704908982464
20868045000.0,-72.72330485410171
20873043333.3,-72.28286396737053
20878041666.7,-71.14083806485665
20883040000.0,-70.61600561896515
20888038333.3,-73.02842209957484
20893036666.7,-71.62287920509041
20898035000.0,-71.83388479185686
20903033333.3,-73.01837037060567
20908031666.7,-73.15151093240226
20913030000.0,-72.42997754463047
20918028333.3,-72.99954443227529
20923026666.7,-72.06429899668085
20928025000.0,-70.59531084335855
20933023333.3,-73.80696642003848
20938021666.7,-73.08093749694112
20943020000.0,-71.87782279151799
20948018333.3,-72.08581303380721
20953016666.7,-74.53340873225204
20958015000.0,-73.56493581972587
20963013333.3,-74.62444657406805
20968011666.7,-75.16256288178788
20973010000.0,-72.62005103412186
20978008333.3,-72.4370964332458
20983006666.7,-73.40904478180829
20988005000.0,-73.69148948964111
20993003333.3,-73.61687071638312
20998001666.7,-72.816422403015
21003000000.0,-71.63860716363659
21007998333.3,-74.51640607951127
21012996666.7,-72.91966637679673
21017995000.0,-73.6360001207391
21022993333.3,-72.14735931387543
21027991666.7,-71.5773973730762
21032990000.0,-72.72387382694228
21037988333.3,-71.38762536704924
21042986666.7,-72.20836889645206
21047985000.0,-73.01344016546662
21052983333.3,-72.0569928108155
21057981666.7,-70.59138874314654
21062980000.0,-72.73889112387951
21067978333.3,-71.16391195336587
21072976666.7,-71.60327068548241
21077975000.0,-72.80227974969479
21082973333.3,-71.13489340688923
21087971666.7,-72.37419684094812
21092970000.0,-71.10013858568627
21097968333.3,-73.60893966565062
21102966666.7,-72.00020221490875
21107965000.0,-71.47790841568384
21112963333.3,-72.45778773293155
21117961666.7,-71.18153117720408
21122960000.0,-73.17392853038837
21127958333.3,-70.87720162752588
21132956666.7,-72.54492472819881
21137955000.0,-71.61822848861496
21142953333.3,-74.44351270920653
21147951666.7,-73.2638814374543
21152950000.0,-76.35876977794611
21157948333.3,-72.15786196604878
21162946666.7,-71.45142953454868
21167945000.0,-74.85908722020523
21172943333.3,-73.20719191132667
21177941666.7,-73.44837642615774
21182940000.0,-75.4550119041541
21187938333.3,-71.88576152637447
21192936666.7,-72.80917162420691
21197935000.0,-73.01335729965675
21202933333.3,-73.76019886576
21207931666.7,-71.09924236024341
21212930000.0,-74.16820837288728
21217928333.3,-71.6180990043442
21222926666.7,-74.57275757364906
21227925000.0,-72.89059343420477
21232923333.3,-72.9924589272858
21237921666.7,-72.54961063771587
21242920000.0,-74.96856206073224
21247918333.3,-76.10197375754323
21252916666.7,-72.03960745437587
21257915000.0,-71.06664134716075
21262913333.3,-72.30165432658283
21267911666.7,-71.62659095288322
21272910000.0,-72.63252652493244
21277908333.3,-72.79214020492228
21282906666.7,-75.35417338913557
21287905000.0,-71.98191774366244
21292903333.3,-73.67850847578387
21297901666.7,-72.74794512056792
21302900000.0,-72.07905675911655
21307898333.3,-70.50427126652926
21312896666.7,-70.95181145818755
21317895000.0,-73.30011472712408
21322893333.3,-75.44147913644605
21327891666.7,-73.11179063484704
21332890000.0,-72.8814232203578
21337888333.3,-73.88034069079593
21342886666.7,-69.63263184143348
21347885000.0,-72.6690876351333
21352883333.3,-73.10036635365205
21357881666.7,-73.71346447320798
21362880000.0,-72.81848167207549
21367878333.3,-72.6018513900758
21372876666.7,-74.4027839867137
21377875000.0,-72.37839298367568
21382873333.3,-71.59716284406754
21387871666.7,-74.90163041985929
21392870000.0,-70.58193573272725
21397868333.3,-69.8318353247669
21402866666.7,-71.93768782674073
21407865000.0,-69.86466170605271
21412863333.3,-73.596036954764
21417861666.7,-73.8378260081535
21422860000.0,-70.51846547784974
21427858333.3,-71.77750000706149
21432856666.7,-72.23514403197899
21437855000.0,-71.35863205138348
21442853333.3,-70.04214149599008
21447851666.7,-71.12248182294874
21452850000.0,-71.30596930977241
21457848333.3,-71.1951029396739
21462846666.7,-74.77409366490035
21467845000.0,-75.01890829040329
21472843333.3,-70.42388291195354
21477841666.7,-72.75340518374372
21482840000.0,-72.01502150438796
21487838333.3,-71.96841561254865
21492836666.7,-72.28117987145006
21497835000.0,-71.1239214909292
21502833333.3,-72.02495501352499
21507831666.7,-74.22589808598093
21512830000.0,-73.03350726260905
21517828333.3,-72.91260827707576
21522826666.7,-72.10214987027946
21527825000.0,-75.29701402092317
21532823333.3,-72.93381157316774
21537821666.7,-74.23102780352139
21542820000.0,-71.09151952442632
21547818333.3,-74.14057977325031
21552816666.7,-70.5311915305846
21557815000.0,-73.73460250862064
21562813333.3,-70.70283610555691
21567811666.7,-70.16097873296714
21572810000.0,-72.76087240042315
21577808333.3,-72.92569845426736
21582806666.7,-72.27658120383504
21587805000.0,-72.48279602472476
21592803333.3,-73.76672910261095
21597801666.7,-73.44422492259086
21602800000.0,-77.25426565897631
21607798333.3,-75.0167937964149
21612796666.7,-76.40833402569301
21617795000.0,-74.45616413749562
21622793333.3,-73.30349035576455
21627791666.7,-71.65576673112281
21632790000.0,-74.77146739995258
21637788333.3,-72.63895081353594
21642786666.7,-72.46293751593907
21647785000.0,-71.80764303019403
21652783333.3,-76.08006434605385
21657781666.7,-71.9690837893206
21662780000.0,-74.87235645314954
21667778333.3,-72.90702816678638
21672776666.7,-74.15197786875956
21677775000.0,-72.6573222784631
21682773333.3,-73.89468229804903
21687771666.7,-76.38193696265726
21692770000.0,-73.15602653406049
21697768333.3,-72.76784598185668
21702766666.7,-74.39938695026613
21707765000.0,-74.57202684113442
21712763333.3,-73.69776415220042
21717761666.7,-71.76320265909925
21722760000.0,-69.10463591093787
21727758333.3,-71.17585730294216
21732756666.7,-70.4831610984278
21737755000.0,-73.51849529359664
21742753333.3,-72.05944983352485
21747751666.7,-72.92879749392701
21752750000.0,-74.03825422018798
21757748333.3,-73.21173990030488
21762746666.7,-73.89991525856314
21767745000.0,-69.01776043632512
21772743333.3,-71.99857336240325
21777741666.7,-73.30070898580121
21782740000.0,-71.93497388222235
21787738333.3,-75.94738444113051
21792736666.7,-75.26547091753675
21797735000.0,-75.62755007837491
21802733333.3,-71.94101348735853
21807731666.7,-72.62316844410931
21812730000.0,-71.97680078485577
21817728333.3,-75.58584196146339
21822726666.7,-71.40607108793685
21827725000.0,-74.54564527989714
21832723333.3,-72.157990941438
21837721666.7,-71.96225773902054
21842720000.0,-72.1235955571965
21847718333.3,-72.05517774342349
21852716666.7,-73.38370314478944
21857715000.0,-76.52113823631224
21862713333.3,-74.43558503535507
21867711666.7,-71.6811288726035
21872710000.0,-71.9448348230043
21877708333.3,-73.97517151108501
21882706666.7,-74.13399784363267
21887705000.0,-75.66125905378524
21892703333.3,-72.32375570604303
21897701666.7,-69.33164198497661
21902700000.0,-72.68509169564973
21907698333.3,-73.41429292503872
21912696666.7,-71.97467048303751
21917695000.0,-72.34027585372905
21922693333.3,-75.20821289134555
21927691666.7,-76.81047469390622
21932690000.0,-74.70854789849652
21937688333.3,-73.97759071092463
21942686666.7,-77.39087792159302
21947685000.0,-74.71992730340443
21952683333.3,-72.77265131205984
21957681666.7,-75.06821477237415
21962680000.0,-76.88802229867551
21967678333.3,-75.50941575812158
21972676666.7,-74.51495577055623
21977675000.0,-77.65189465959585
21982673333.3,-74.67899808360366
21987671666.7,-76.12680044314946
21992670000.0,-74.28793145987449
21997668333.3,-74.83792780136964
22002666666.7,-74.94298072348685
22007665000.0,-71.37030139861659
22012663333.3,-73.04400529407678
22017661666.7,-73.19358636174218
22022660000.0,-72.41021113740791
22027658333.3,-77.22367905465549
22032656666.7,-75.07570210236807
22037655000.0,-72.7375053691003
22042653333.3,-72.93177638026025
22047651666.7,-74.11764512930449
22052650000.0,-71.8437789817758
22057648333.3,-72.64897968955606
22062646666.7,-73.5308004689357
22067645000.0,-74.49915444563845
22072643333.3,-73.6544693466364
22077641666.7,-73.56110822275772
22082640000.0,-73.42802881965618
22087638333.3,-76.64212522456359
22092636666.7,-73.51191661229885
22097635000.0,-77.22073302056963
22102633333.3,-73.48750923537956
22107631666.7,-73.5302495312667
22112630000.0,-73.85971531560656
22117628333.3,-72.76405823581432
22122626666.7,-73.720438168514
22127625000.0,-73.43470315803438
22132623333.3,-71.10030961970492
22137621666.7,-73.5140234887503
22142620000.0,-72.96173409227633
22147618333.3,-72.95156041938543
22152616666.7,-79.92553946633006
22157615000.0,-73.49619490640222
22162613333.3,-75.9031618907738
22167611666.7,-74.3354755119791
22172610000.0,-74.22408431695155
22177608333.3,-73.43188970452555
22182606666.7,-70.95867360960533
22187605000.0,-73.3851502939092
22192603333.3,-74.18648745035841
22197601666.7,-72.8720935718644
22202600000.0,-71.62425153974914
22207598333.3,-75.81939210538074
22212596666.7,-82.62738685665559
22217595000.0,-73.25791339222201
22222593333.3,-72.87032849975006
22227591666.7,-75.4921768237748
22232590000.0,-72.2162658931608
22237588333.3,-74.47216887953246
22242586666.7,-73.08426850667871
22247585000.0,-73.58013907562217
22252583333.3,-74.66027925370012
22257581666.7,-72.62378983163299
22262580000.0,-73.82295377643207
22267578333.3,-75.1021441190397
22272576666.7,-71.84260217881744
22277575000.0,-72.31986559698966
22282573333.3,-74.35954933833335
22287571666.7,-73.08567620920671
22292570000.0,-72.98601393384503
22297568333.3,-75.97581874036831
22302566666.7,-71.55189100309379
22307565000.0,-73.72553822737683
22312563333.3,-75.16746283927856
22317561666.7,-75.60614984098635
22322560000.0,-75.89981852363226
22327558333.3,-75.84572401906763
22332556666.7,-76.26742609793007
22337555000.0,-73.10250520683542
22342553333.3,-73.88919371979432
22347551666.7,-74.45188078703954
22352550000.0,-76.04734438675851
22357548333.3,-73.39092691480619
22362546666.7,-74.85393008921346
22367545000.0,-72.32006139816306
22372543333.3,-74.53486796949521
22377541666.7,-74.6315466092692
22382540000.0,-73.8803374731739
22387538333.3,-71.94168875047434
22392536666.7,-73.89404030390908
22397535000.0,-73.5536941301733
22402533333.3,-75.0194166801455
22407531666.7,-71.77482279195986
22412530000.0,-71.80016433384219
22417528333.3,-71.7401271464355
22422526666.7,-72.75791390475464
22427525000.0,-74.1940731262552
22432523333.3,-73.76543080934293
22437521666.7,-72.36748190721008
22442520000.0,-74.63079203641522
22447518333.3,-74.5895880811116
22452516666.7,-75.41445034495423
22457515000.0,-74.35681580053844
22462513333.3,-73.40969194157861
22467511666.7,-75.74840517424293
22472510000.0,-76.3581134078529
22477508333.3,-72.21734236931178
22482506666.7,-73.94258693774223
22487505000.0,-76.70290246523008
22492503333.3,-76.51072231356476
22497501666.7,-79.4204939350119
22502500000.0,-73.08493214714063
22507498333.3,-73.75794775979367
22512496666.7,-74.03993515987698
22517495000.0,-74.1671042344498
22522493333.3,-72.13611462031986
22527491666.7,-73.67842122009382
22532490000.0,-75.32460541338517
22537488333.3,-74.46884323923732
22542486666.7,-77.62030875427004
22547485000.0,-73.09952360183277
22552483333.3,-72.03488808831953
22557481666.7,-73.53005459544286
22562480000.0,-76.50811992252774
22567478333.3,-77.6642460089196
22572476666.7,-74.5560298370849
22577475000.0,-74.23490181095218
22582473333.3,-75.70267152462651
22587471666.7,-76.93333729416095
22592470000.0,-75.67194699126765
22597468333.3,-74.25885193544217
22602466666.7,-75.23899094537023
22607465000.0,-78.62729499270395
22612463333.3,-73.44156550430742
22617461666.7,-77.0591657490668
22622460000.0,-77.39804363997982
22627458333.3,-78.9831136412636
22632456666.7,-74.65885099156318
22637455000.0,-76.88672403657273
22642453333.3,-75.87570611922301
22647451666.7,-75.72382236670607
22652450000.0,-77.2687009320521
22657448333.3,-74.8588960346522
22662446666.7,-76.08033373192612
22667445000.0,-79.07922368217793
22672443333.3,-78.7994655765701
22677441666.7,-74.73113816103375
22682440000.0,-79.50153196525778
22687438333.3,-75.10023317647112
22692436666.7,-74.67155548688716
22697435000.0,-72.4283319538007
22702433333.3,-74.89092568787908
22707431666.7,-73.97583952575678
22712430000.0,-76.22727928522897
22717428333.3,-74.23423322637844
22722426666.7,-75.7620424914614
22727425000.0,-79.47176304501836
22732423333.3,-75.04904080782082
22737421666.7,-74.01936702025364
22742420000.0,-76.23623657461178
22747418333.3,-75.99303443212848
22752416666.7,-75.14438953526378
22757415000.0,-78.17694722245638
22762413333.3,-73.9178745182946
22767411666.7,-75.80601288867771
22772410000.0,-77.61520828174078
22777408333.3,-76.6746019949114
22782406666.7,-77.05650231245787
22787405000.0,-76.14964316407142
22792403333.3,-75.39740508091516
22797401666.7,-76.09838081207468
22802400000.0,-75.58582496004931
22807398333.3,-76.946031360057
22812396666.7,-78.58349566913583
22817395000.0,-74.6630118565904
22822393333.3,-76.88415307757049
22827391666.7,-75.03024330771117
22832390000.0,-77.30054203260623
22837388333.3,-76.15768670372807
22842386666.7,-75.74426007544658
22847385000.0,-80.57046894741846
22852383333.3,-81.41944935011725
22857381666.7,-79.48989359481581
22862380000.0,-80.26412667094726
22867378333.3,-77.62680506918377
22872376666.7,-76.59518668906883
22877375000.0,-75.9785719508974
22882373333.3,-75.68057462394646
22887371666.7,-76.63646913647628
22892370000.0,-76.70703981180174
22897368333.3,-81.61244583990155
22902366666.7,-74.93432185484521
22907365000.0,-78.2334786394459
22912363333.3,-76.15328636494593
22917361666.7,-77.20406703719581
22922360000.0,-76.88860193888118
22927358333.3,-74.69789985842546
22932356666.7,-81.79866648825211
22937355000.0,-75.2077896497029
22942353333.3,-74.75083297541737
22947351666.7,-75.43612470883095
22952350000.0,-79.303543644319
22957348333.3,-75.08618545086493
22962346666.7,-73.76636360264614
22967345000.0,-75.22756247306256
22972343333.3,-76.71291312366543
22977341666.7,-74.17176457473475
22982340000.0,-77.23131953701841
22987338333.3,-74.60011572483808
22992336666.7,-75.1861789954649
22997335000.0,-77.46185104489508
23002333333.3,-77.80326881036055
23007331666.7,-76.73416516085966
23012330000.0,-73.6752862301057
23017328333.3,-77.46008026817536
23022326666.7,-77.67050249705106
23027325000.0,-76.59061202476734
23032323333.3,-78.20207137177641
23037321666.7,-80.22680612459504
23042320000.0,-77.95322492092181
23047318333.3,-77.81534324555544
23052316666.7,-75.63447882633501
23057315000.0,-75.2752310496635
23062313333.3,-76.15064805384472
23067311666.7,-72.48178047760813
23072310000.0,-75.86562453583036
23077308333.3,-76.30466204721563
23082306666.7,-74.28603834618568
23087305000.0,-77.94184376069394
23092303333.3,-78.64383356928785
23097301666.7,-76.0270693058296
23102300000.0,-79.4903826165845
23107298333.3,-76.93549860950986
23112296666.7,-76.10957005591992
23117295000.0,-76.2812187777318
23122293333.3,-74.4359744162192
23127291666.7,-86.13884222110198
23132290000.0,-82.6438732879908
23137288333.3,-77.50627429663842
23142286666.7,-76.77256541387392
23147285000.0,-79.68510203883622
23152283333.3,-77.97149421884453
23157281666.7,-77.40658707685091
23162280000.0,-78.41008275810792
23167278333.3,-76.69460203172414
23172276666.7,-77.2606428921377
23177275000.0,-77.90797746822406
23182273333.3,-77.82173362172402
23187271666.7,-81.03648405674758
23192270000.0,-78.35776342370359
23197268333.3,-75.79232235088867
23202266666.7,-77.4412574108714
23207265000.0,-74.72672477239931
23212263333.3,-76.58695676052608
23217261666.7,-78.02910302202133
23222260000.0,-76.16448119916552
23227258333.3,-77.34796943709561
23232256666.7,-80.77148968980039
23237255000.0,-76.13693988086187
23242253333.3,-74.95588599991746
23247251666.7,-78.05820544064352
23252250000.0,-77.71628453112997
23257248333.3,-74.10710531298736
23262246666.7,-77.6416051427375
23267245000.0,-75.12924595100473
23272243333.3,-77.57465467345058
23277241666.7,-77.57350729573326
23282240000.0,-77.82050489448172
23287238333.3,-75.79759661012224
23292236666.7,-76.96078790403436
23297235000.0,-76.01658944101287
23302233333.3,-75.24028526962361
23307231666.7,-76.09763598242539
23312230000.0,-75.64640492806615
23317228333.3,-79.04646977167373
23322226666.7,-77.75625593781521
23327225000.0,-75.22768965275907
23332223333.3,-77.18232765780093
23337221666.7,-78.66357885701453
23342220000.0,-76.9472907716227
23347218333.3,-81.33372874938921
23352216666.7,-78.10821338637508
23357215000.0,-78.88642521477789
23362213333.3,-75.05576526048904
23367211666.7,-80.60088231985529
23372210000.0,-73.79998337944379
23377208333.3,-78.80760709080072
23382206666.7,-75.44128605808558
23387205000.0,-77.39287557155191
23392203333.3,-77.06354058269999
23397201666.7,-79.77184962284555
23402200000.0,-75.70121782155275
23407198333.3,-73.72947291305236
23412196666.7,-77.65985085921591
23417195000.0,-74.72721399085222
23422193333.3,-80.40411706918404
23427191666.7,-77.8645386536632
23432190000.0,-79.55537416599893
23437188333.3,-75.81520983902658
23442186666.7,-78.5403674699752
23447185000.0,-75.28347125679232
23452183333.3,-80.06074969420575
23457181666.7,-78.6882392115559
23462180000.0,-78.05506857040328
23467178333.3,-80.95354119017335
23472176666.7,-80.39309570302181
23477175000.0,-74.11305291046287
23482173333.3,-77.05564626200011
23487171666.7,-77.49546242279584
23492170000.0,-82.34085347730121
23497168333.3,-79.89015109019277
23502166666.7,-75.94099328462099
23507165000.0,-76.15153655343134
23512163333.3,-75.57844375377942
23517161666.7,-77.98667473519718
23522160000.0,-74.56701693833938
23527158333.3,-77.18024911555321
23532156666.7,-78.74064829374184
23537155000.0,-76.29665008417945
23542153333.3,-76.48021909541085
23547151666.7,-76.37585297668198
23552150000.0,-80.09528264826406
23557148333.3,-76.70717320404239
23562146666.7,-79.36535303698598
23567145000.0,-73.90004890354169
23572143333.3,-74.76707125874742
23577141666.7,-77.64304806649946
23582140000.0,-75.9135392527349
23587138333.3,-77.21700890910233
23592136666.7,-74.99298027950096
23597135000.0,-78.75828203748631
23602133333.3,-76.6137914380605
23607131666.7,-76.4569534119192
23612130000.0,-73.98635683724602
23617128333.3,-79.65107419038645
23622126666.7,-77.80165555989737
23627125000.0,-76.25461394755602
23632123333.3,-75.93596810452806
23637121666.7,-74.62602293018546
23642120000.0,-77.98610364590839
23647118333.3,-83.08072102413334
23652116666.7,-77.98699699889282
23657115000.0,-78.42882793971798
23662113333.3,-80.35130047421838
23667111666.7,-79.93256996707532
23672110000.0,-73.8478433845454
23677108333.3,-73.37360691122959
23682106666.7,-74.67154906039214
23687105000.0,-76.82797813861244
23692103333.3,-77.40134256138849
23697101666.7,-77.09091957658656
23702100000.0,-76.19472509036144
23707098333.3,-81.76283608918325
23712096666.7,-75.35312114424394
23717095000.0,-75.34335075102771
23722093333.3,-74.74419161910038
23727091666.7,-77.45916794494289
23732090000.0,-76.91981511891092
23737088333.3,-76.16045572130837
23742086666.7,-76.10225511261635
23747085000.0,-78.00251899902311
23752083333.3,-78.59269706476307
23757081666.7,-75.4185022017717
23762080000.0,-75.504107614517
23767078333.3,-72.81444940307219
23772076666.7,-78.72381092332495
23777075000.0,-76.63309962315464
23782073333.3,-74.13390315789502
23787071666.7,-75.98825509499959
23792070000.0,-77.20134165711602
23797068333.3,-85.90852009459853
23802066666.7,-75.60983963394031
23807065000.0,-76.02544283989542
23812063333.3,-78.7859972601154
23817061666.7,-84.61454416916867
23822060000.0,-80.39384720852047
23827058333.3,-79.84373385775362
23832056666.7,-77.82833573647808
23837055000.0,-78.7618586118892
23842053333.3,-78.1184262078473
23847051666.7,-75.87155076805132
23852050000.0,-76.07085575582214
23857048333.3,-71.97216805138933
23862046666.7,-79.57019923584492
23867045000.0,-75.72951118392453
23872043333.3,-79.10863051915008
23877041666.7,-76.76281049122578
23882040000.0,-77.00398546996472
23887038333.3,-78.32547423461776
23892036666.7,-72.98210709234473
23897035000.0,-75.26864541195204
23902033333.3,-79.13302361151271
23907031666.7,-79.68253283547187
23912030000.0,-76.7117572368706
23917028333.3,-75.2475745000885
23922026666.7,-82.7531441304591
23927025000.0,-82.91971228979074
23932023333.3,-78.19536719483798
23937021666.7,-76.41486297564165
23942020000.0,-75.36462658485382
23947018333.3,-75.73257581337738
23952016666.7,-72.91420466924984
23957015000.0,-74.81078415897981
23962013333.3,-77.60022654991954
23967011666.7,-79.70276577261887
23972010000.0,-79.41041419015848
23977008333.3,-80.76927877604805
23982006666.7,-76.62962272023147
23987005000.0,-74.19690500285243
23992003333.3,-82.85759716512665
23997001666.7,-78.87243058173783
24002000000.0,-70.13493692730296
24006998333.3,-69.978131392635
24011996666.7,-76.37576159833674
24016995000.0,-74.61336983339758
24021993333.3,-69.48660466826053
24026991666.7,-77.44138543634416
24031990000.0,-75.4112639566099
24036988333.3,-72.79364199356863
24041986666.7,-72.92477790661344
24046985000.0,-74.171356699029
24051983333.3,-73.09904648016604
24056981666.7,-75.20374517390076
24061980000.0,-80.521263165827
24066978333.3,-68.40745663903111
24071976666.7,-69.80790793193168
24076975000.0,-73.40944921597335
24081973333.3,-78.91607945480531
24086971666.7,-80.50446551458185
24091970000.0,-83.73696369031086
24096968333.3,-79.78568045552183
24101966666.7,-69.09883139904458
24106965000.0,-73.83858002799886
24111963333.3,-83.22940380615202
24116961666.7,-77.13965751256727
24121960000.0,-76.00321247055913
24126958333.3,-76.45340609401939
24131956666.7,-73.64655202331909
24136955000.0,-73.82359286237752
24141953333.3,-73.09334502520673
24146951666.7,-69.85704140070168
24151950000.0,-71.37674037676551
24156948333.3,-70.21091107509376
24161946666.7,-71.28795329373895
24166945000.0,-67.5902534670894
24171943333.3,-72.60815004698097
24176941666.7,-76.83986627609094
24181940000.0,-72.84375212939361
24186938333.3,-69.67076589321965
24191936666.7,-79.96356305516943
24196935000.0,-74.29352496455964
24201933333.3,-81.26708363616035
24206931666.7,-76.25844084266174
24211930000.0,-72.85697548884288
24216928333.3,-78.07144208522611
24221926666.7,-76.99999888477694
24226925000.0,-74.14386195340894
24231923333.3,-71.73464090047757
24236921666.7,-75.65803975590954
24241920000.0,-73.16902020275631
24246918333.3,-75.45892563302141
24251916666.7,-74.32526583119883
24256915000.0,-70.66788325766692
24261913333.3,-78.90212981135566
24266911666.7,-69.72195159773749
24271910000.0,-70.2782810937899
24276908333.3,-73.06320596201029
24281906666.7,-75.67111514057093
24286905000.0,-79.9543410440651
24291903333.3,-70.8198910650219
24296901666.7,-83.71105942486389
24301900000.0,-76.65503040526767
24306898333.3,-81.8916184205116
24311896666.7,-90.16567829265541
24316895000.0,-69.4966924732974
24321893333.3,-68.46570638176499
24326891666.7,-74.31284055220613
24331890000.0,-78.22934834426049
24336888333.3,-67.72939102855025
24341886666.7,-78.33308716713654
24346885000.0,-71.45521732295735
24351883333.3,-72.11483115130203
24356881666.7,-70.2754123346255
24361880000.0,-70.53773980660861
24366878333.3,-71.47121520363888
24371876666.7,-69.41160290858033
24376875000.0,-70.24292211779257
24381873333.3,-69.15129736364352
24386871666.7,-81.48470694055624
24391870000.0,-74.95009157810583
24396868333.3,-77.58109505577974
24401866666.7,-70.88831149357608
24406865000.0,-78.55079516146317
24411863333.3,-77.05154325717528
24416861666.7,-74.66813150002162
24421860000.0,-80.70675083975352
24426858333.3,-79.81789710502332
24431856666.7,-68.29458394197383
24436855000.0,-72.38818937948179
24441853333.3,-76.84407792281677
24446851666.7,-71.10419011695798
24451850000.0,-75.74110790885437
24456848333.3,-73.59494683978777
24461846666.7,-74.48140495937473
24466845000.0,-70.35173476983718
24471843333.3,-74.67116356718522
24476841666.7,-90.61025327341426
24481840000.0,-69.7422584852387
24486838333.3,-73.10367510572398
24491836666.7,-76.17172235646211
24496835000.0,-79.46972328718138
24501833333.3,-72.74702641537742
24506831666.7,-83.59110933517809
24511830000.0,-72.11944325519863
24516828333.3,-90.37155405648247
24521826666.7,-72.06336203208697
24526825000.0,-67.28953845986501
24531823333.3,-79.3255100834897
24536821666.7,-69.47957619904057
24541820000.0,-71.17613017720485
24546818333.3,-75.19397040625503
24551816666.7,-72.930923331204
24556815000.0,-83.11739662153522
24561813333.3,-85.13948762542226
24566811666.7,-76.210794549925
24571810000.0,-74.13075496616464
24576808333.3,-96.82952799896032
24581806666.7,-79.76980734831429
24586805000.0,-73.60871480196589
24591803333.3,-83.31374382767932
24596801666.7,-80.80750351073944
24601800000.0,-70.44684119633354
24606798333.3,-82.4279254007541
24611796666.7,-74.26553005311648
24616795000.0,-75.55444587450891
24621793333.3,-68.00648021737464
24626791666.7,-79.66823809861891
24631790000.0,-76.0235112110986
24636788333.3,-77.96702844165851
24641786666.7,-73.57121508534509
24646785000.0,-74.6240072398179
24651783333.3,-77.06190060427164
24656781666.7,-72.46417122341805
24661780000.0,-75.78608396752355
24666778333.3,-78.63188129242553
24671776666.7,-77.71495739046918
24676775000.0,-89.82183476275651
24681773333.3,-74.07501179152989
24686771666.7,-76.6335612938986
24691770000.0,-75.87571603423112
24696768333.3,-67.72925675367932
24701766666.7,-75.48430259288716
24706765000.0,-74.49367262280727
24711763333.3,-77.52251107951503
24716761666.7,-83.38056962358272
24721760000.0,-71.2277714114356
24726758333.3,-78.5725459069293
24731756666.7,-80.33795037017009
24736755000.0,-77.78246682875915
24741753333.3,-72.55349263337362
24746751666.7,-68.10534858199995
24751750000.0,-93.16943053290606
24756748333.3,-81.32149385206942
24761746666.7,-75.7634771265164
24766745000.0,-74.57275269103295
24771743333.3,-71.70439377674853
24776741666.7,-77.28453897590082
24781740000.0,-72.47651207210947
24786738333.3,-81.32967349390627
24791736666.7,-76.4410668849738
24796735000.0,-77.45879462091752
24801733333.3,-85.27858850613099
24806731666.7,-73.55485008400316
24811730000.0,-70.20563441810965
24816728333.3,-74.33392668476111
24821726666.7,-69.6499826184281
24826725000.0,-70.42013654125739
24831723333.3,-70.82766428309131
24836721666.7,-77.76405807202329
24841720000.0,-77.77295573564962
24846718333.3,-82.86993281400434
24851716666.7,-88.49891570833972
24856715000.0,-79.56057486966648
24861713333.3,-72.98931908532462
24866711666.7,-74.2134362708946
24871710000.0,-71.85683829056657
24876708333.3,-70.93350756633455
24881706666.7,-76.55402529840464
24886705000.0,-67.89714615424452
24891703333.3,-72.7784772782847
24896701666.7,-77.999713472748
24901700000.0,-75.06271578695683
24906698333.3,-70.62590160641219
24911696666.7,-81.1164302536241
24916695000.0,-70.62216470474988
24921693333.3,-81.86280873327959
24926691666.7,-72.44487767747391
24931690000.0,-76.05200480763243
24936688333.3,-68.79853585503423
24941686666.7,-80.09659830383961
24946685000.0,-74.89618088324133
24951683333.3,-73.69156727685515
24956681666.7,-72.56231450641563
24961680000.0,-74.40571353047952
24966678333.3,-81.64677827411867
24971676666.7,-83.53738954869634
24976675000.0,-82.55047962999981
24981673333.3,-73.51571567209226
24986671666.7,-79.22934968003098
24991670000.0,-71.22987980923303
24996668333.3,-78.74441892208606
25001666666.7,-92.71724630315106
25006665000.0,-73.02956594284929
25011663333.3,-75.9698346400477
25016661666.7,-78.41986267025682
25021660000.0,-76.33562575862379
25026658333.3,-84.28740699053478
25031656666.7,-80.90735597059813
25036655000.0,-79.08322691637221
25041653333.3,-77.34904736963604
25046651666.7,-67.44907923963619
25051650000.0,-96.84990438807871
25056648333.3,-76.501240625707
25061646666.7,-79.36466330540992
25066645000.0,-74.25255647315872
25071643333.3,-73.96655380671592
25076641666.7,-76.59736141886982
25081640000.0,-70.00828580434631
25086638333.3,-71.04175468053924
25091636666.7,-83.83560570311718
25096635000.0,-79.89266143981256
25101633333.3,-81.92301973739832
25106631666.7,-80.0319856976462
25111630000.0,-84.4368563290436
25116628333.3,-82.95954200039452
25121626666.7,-73.47675193749457
25126625000.0,-79.74520474674375
25131623333.3,-74.82828083825024
25136621666.7,-80.67965077308583
25141620000.0,-84.17983789440322
25146618333.3,-79.36908623872205
25151616666.7,-76.99759895515884
25156615000.0,-76.54735269487675
25161613333.3,-73.34600459755326
25166611666.7,-72.59165596465144
25171610000.0,-75.57074890729878
25176608333.3,-71.27053599442513
25181606666.7,-84.03798072212265
25186605000.0,-73.33916182883266
25191603333.3,-74.70925951638964
25196601666.7,-77.57420012205898
25201600000.0,-82.76943277007382
25206598333.3,-77.42906493576581
25211596666.7,-92.91847600705199
25216595000.0,-78.15955571476918
25221593333.3,-87.49803034684675
25226591666.7,-76.9061247051646
25231590000.0,-74.97173937483632
25236588333.3,-73.16379747021169
25241586666.7,-76.56054216239465
25246585000.0,-73.59938507817928
25251583333.3,-87.98742256886483
25256581666.7,-76.00298438520802
25261580000.0,-81.66553040577112
25266578333.3,-75.60089240460906
25271576666.7,-70.35688632797584
25276575000.0,-88.82440840949863
25281573333.3,-81.45995292611997
25286571666.7,-71.80222796427375
25291570000.0,-78.73901456178746
25296568333.3,-75.82073331908649
25301566666.7,-73.19539630958482
25306565000.0,-92.40136947327555
25311563333.3,-71.64368920747036
25316561666.7,-73.95051965014113
25321560000.0,-82.7353228740065
25326558333.3,-73.72487927413583
25331556666.7,-76.73395911917667
25336555000.0,-78.6271614399587
25341553333.3,-75.58916087264399
25346551666.7,-75.25724317932321
25351550000.0,-85.70167418305836
25356548333.3,-72.92245059302816
25361546666.7,-80.17226139328245
25366545000.0,-76.19977948875876
25371543333.3,-83.310665852256
25376541666.7,-72.6041885466651
25381540000.0,-78.03862630927756
25386538333.3,-84.55246978577802
25391536666.7,-77.72231471580463
25396535000.0,-75.79839426805587
25401533333.3,-75.44863408709007
25406531666.7,-76.32216801587128
25411530000.0,-81.51640883168099
25416528333.3,-82.33399507552397
25421526666.7,-78.08993385103462
25426525000.0,-82.42678925905146
25431523333.3,-94.2565431168159
25436521666.7,-71.32904585945462
25441520000.0,-75.38361835447272
25446518333.3,-75.68375165411888
25451516666.7,-76.78372639934744
25456515000.0,-73.27555961397209
25461513333.3,-78.95767150515991
25466511666.7,-69.86969415844999
25471510000.0,-83.25288064329914
25476508333.3,-72.01181541488114
25481506666.7,-72.15043511726499
25486505000.0,-81.63874086567537
25491503333.3,-82.11353248124995
25496501666.7,-74.16952821714509
25501500000.0,-78.52356359234805
25506498333.3,-69.1158378325325
25511496666.7,-73.51448686989383
25516495000.0,-80.99410645419775
25521493333.3,-82.87904299656799
25526491666.7,-78.3271208554511
25531490000.0,-85.30866362805982
25536488333.3,-70.58466127670512
25541486666.7,-76.04245946956718
25546485000.0,-74.63944423275012
25551483333.3,-76.70494608675473
25556481666.7,-71.02059655034178
25561480000.0,-76.32694176686553
25566478333.3,-82.33479920224808
25571476666.7,-74.21570222152883
25576475000.0,-76.37850003467983
25581473333.3,-74.28311098885092
25586471666.7,-78.19520195139582
25591470000.0,-75.36804716198834
25596468333.3,-76.07440435080383
25601466666.7,-75.28919569659692
25606465000.0,-90.8767495061135
25611463333.3,-80.20031800827479
25616461666.7,-75.36627862476566
25621460000.0,-74.91698932548891
25626458333.3,-74.99533717809653
25631456666.7,-72.93426445659388
25636455000.0,-79.11916088748829
25641453333.3,-85.72863481508497
25646451666.7,-76.41232378891561
25651450000.0,-82.13339410039468
25656448333.3,-80.75485407145935
25661446666.7,-89.87664117817907
25666445000.0,-78.17771124530745
25671443333.3,-75.97166392288032
25676441666.7,-84.19799071527073
25681440000.0,-75.22168731932649
25686438333.3,-72.7078136709731
25691436666.7,-79.02918838009269
25696435000.0,-72.06113911752377
25701433333.3,-79.26744813117871
25706431666.7,-75.67431289616631
25711430000.0,-78.15638791948257
25716428333.3,-76.6912747376191
25721426666.7,-73.8741249540401
25726425000.0,-70.41071757301808
25731423333.3,-89.85142674803134
25736421666.7,-77.9035725131828
25741420000.0,-76.40280648296685
25746418333.3,-77.97061141782127
25751416666.7,-76.9578387647476
25756415000.0,-76.98990898154639
25761413333.3,-79.28282119330409
25766411666.7,-76.09616748468154
25771410000.0,-79.02205296359485
25776408333.3,-82.95466321797275
25781406666.7,-80.90345542070233
25786405000.0,-73.2887693258041
25791403333.3,-72.55254921872843
25796401666.7,-75.11500736849302
25801400000.0,-70.58735690924179
25806398333.3,-77.79402208169265
25811396666.7,-71.96170207926079
25816395000.0,-76.36327442006359
25821393333.3,-71.22289646816243
25826391666.7,-93.88901405798451
25831390000.0,-79.37023044452324
25836388333.3,-77.7824456697399
25841386666.7,-77.84961124694064
25846385000.0,-78.0399238838323
25851383333.3,-73.07508816221014
25856381666.7,-71.32638326779303
25861380000.0,-75.8350845445567
25866378333.3,-76.3093641901207
25871376666.7,-78.91762967838032
25876375000.0,-75.46848901725278
25881373333.3,-75.17152926400583
25886371666.7,-76.90752507766109
25891370000.0,-76.85579294821206
25896368333.3,-77.5573929023391
25901366666.7,-88.81445170903154
25906365000.0,-72.57650073202551
25911363333.3,-75.40609574709157
25916361666.7,-77.57784416000749
25921360000.0,-72.66070983205984
25926358333.3,-79.72750843140248
25931356666.7,-78.36854103053015
25936355000.0,-84.58918337344082
25941353333.3,-87.0587127488393
25946351666.7,-90.48007497144518
25951350000.0,-80.48084606430365
25956348333.3,-76.14053610175571
25961346666.7,-72.85480683285574
25966345000.0,-77.31238408330705
25971343333.3,-95.19725947086768
25976341666.7,-84.0320582659033
25981340000.0,-76.01653547520324
25986338333.3,-75.89850138878256
25991336666.7,-73.06305142174581
25996335000.0,-83.50348108338662
26001333333.3,-77.74667323328629
26006331666.7,-84.63741732308848
26011330000.0,-84.98494073461443
26016328333.3,-86.97780015759454
26021326666.7,-73.02631856288002
26026325000.0,-77.64896327719208
26031323333.3,-79.19894364198565
26036321666.7,-79.27460494711764
26041320000.0,-77.51316817652763
26046318333.3,-68.87705058868488
26051316666.7,-71.7866826556451
26056315000.0,-70.11378168300047
26061313333.3,-79.54208301888823
26066311666.7,-80.67383163720964
26071310000.0,-92.38960175148138
26076308333.3,-79.33553565128459
26081306666.7,-89.0362266213337
26086305000.0,-75.05150761422
26091303333.3,-81.00922571151308
26096301666.7,-92.41136232844484
26101300000.0,-92.0875198796364
26106298333.3,-76.34109726174613
26111296666.7,-75.6080198186899
26116295000.0,-81.08993375198929
26121293333.3,-73.15782603058025
26126291666.7,-93.70420833729881
26131290000.0,-72.33563000950197
26136288333.3,-82.28271512498523
26141286666.7,-79.83587921486173
26146285000.0,-79.79029902085348
26151283333.3,-73.86119952939151
26156281666.7,-76.86268559797156
26161280000.0,-78.81820943620164
26166278333.3,-71.53573822204325
26171276666.7,-74.74802471277502
26176275000.0,-74.2915285945862
26181273333.3,-87.52851532523552
26186271666.7,-71.88395246047524
26191270000.0,-91.39924265134964
26196268333.3,-80.6737187125546
26201266666.7,-83.9994790504802
26206265000.0,-74.26427272517412
26211263333.3,-72.43933862662875
26216261666.7,-78.24697749645959
26221260000.0,-73.79272919782078
26226258333.3,-72.04049732118669
26231256666.7,-77.54125552288782
26236255000.0,-86.40312097282099
26241253333.3,-71.29928621497973
26246251666.7,-72.32199364552925
26251250000.0,-72.69116898854786
26256248333.3,-70.84915745019231
26261246666.7,-72.13551944600292
26266245000.0,-76.55587214949846
26271243333.3,-86.60151902627808
26276241666.7,-86.58080007777212
26281240000.0,-71.68670096367683
26286238333.3,-78.6536840502024
26291236666.7,-73.72441118019772
26296235000.0,-74.73332590581408
26301233333.3,-75.44194045976423
26306231666.7,-83.33280277542124
26311230000.0,-78.90282660950834
26316228333.3,-78.72526854964248
26321226666.7,-73.80974754670854
26326225000.0,-78.9299771294476
26331223333.3,-73.36157512436128
26336221666.7,-73.10972486251453
26341220000.0,-80.1308346943905
26346218333.3,-80.31906308885127
26351216666.7,-77.02880456190881
26356215000.0,-83.36250407869804
26361213333.3,-79.5621870416438
26366211666.7,-84.41989273615796
26371210000.0,-74.07720184625403
26376208333.3,-72.27564524515249
26381206666.7,-74.9527103878876
26386205000.0,-78.87029091165148
26391203333.3,-78.4221271836333
26396201666.7,-80.16300639375672
26401200000.0,-86.77787622057203
26406198333.3,-75.56807284573226
26411196666.7,-79.82634620277658
26416195000.0,-83.02697927908895
26421193333.3,-84.15879258599757
26426191666.7,-100.2044044063861
26431190000.0,-81.10179476920683
26436188333.3,-76.25641253398837
26441186666.7,-85.91357851957746
26446185000.0,-75.18425574514363
26451183333.3,-76.22853539636199
26456181666.7,-75.6291406092929
26461180000.0,-80.04909497418464
26466178333.3,-78.8493037195081
26471176666.7,-77.45732226100236
26476175000.0,-76.27974341049539
26481173333.3,-70.13397152974333
26486171666.7,-72.4984411655269
26491170000.0,-87.65019773946499
26496168333.3,-75.86991192841084
26501166666.7,-78.48647356125097
26506165000.0,-72.22823603310368
26511163333.3,-78.47478148613243
26516161666.7,-75.23727014870862
26521160000.0,-79.93395047596047
26526158333.3,-75.31553844720483
26531156666.7,-76.81380877243103
26536155000.0,-70.83242154191153
26541153333.3,-77.03027967387071
26546151666.7,-83.03919127854667
26551150000.0,-72.70131824142395
26556148333.3,-76.43598689240955
26561146666.7,-79.03927227993472
26566145000.0,-76.63391340917288
26571143333.3,-80.59465625968639
26576141666.7,-74.45458161995417
26581140000.0,-81.50304563638713
26586138333.3,-76.66999686579555
26591136666.7,-77.64058756099301
26596135000.0,-78.18355400156305
26601133333.3,-82.05211730801848
26606131666.7,-72.34238804447715
26611130000.0,-78.36946744357583
26616128333.3,-73.51498611184893
26621126666.7,-73.36736014214107
26626125000.0,-72.7205935725538
26631123333.3,-76.2627437668204
26636121666.7,-74.50434702823243
26641120000.0,-81.67968680751844
26646118333.3,-83.25412985716703
26651116666.7,-88.85004097756425
26656115000.0,-74.72598313824938
26661113333.3,-79.08764386636621
26666111666.7,-74.33281827103868
26671110000.0,-89.28278181428736
26676108333.3,-82.55567479399097
26681106666.7,-72.98315964098217
26686105000.0,-82.49972969374537
26691103333.3,-91.61194342427974
26696101666.7,-80.45139779212752
26701100000.0,-89.3779208623113
26706098333.3,-75.28095325711347
26711096666.7,-72.54538916518301
26716095000.0,-86.19842228682589
26721093333.3,-73.61130416827366
26726091666.7,-72.4894666120287
26731090000.0,-72.80606333474316
26736088333.3,-82.1861078640744
26741086666.7,-80.74716596604057
26746085000.0,-72.11009588735382
26751083333.3,-77.67363890578135
26756081666.7,-75.08351996537954
26761080000.0,-81.18409318365623
26766078333.3,-78.28240949043642
26771076666.7,-82.2674715958932
26776075000.0,-77.90867394669975
26781073333.3,-78.22353934872594
26786071666.7,-77.31828940727075
26791070000.0,-74.77833021893252
26796068333.3,-84.45829177725005
26801066666.7,-81.2402581315505
26806065000.0,-84.25891723585889
26811063333.3,-80.68714048572515
26816061666.7,-74.321636606857
26821060000.0,-71.80942272878922
26826058333.3,-87.54939275740695
26831056666.7,-77.91830305008995
26836055000.0,-77.17967635772672
26841053333.3,-80.37162211042869
26846051666.7,-84.1902259055471
26851050000.0,-83.13931124957762
26856048333.3,-77.94354832748564
26861046666.7,-68.39257032993457
26866045000.0,-74.98308441880468
26871043333.3,-77.70637354763552
26876041666.7,-78.61657917307721
26881040000.0,-85.21940968515105
26886038333.3,-77.90452460214004
26891036666.7,-82.91717751839693
26896035000.0,-73.1950265610964
26901033333.3,-71.47253557223893
26906031666.7,-78.01244782147778
26911030000.0,-75.71296396259615
26916028333.3,-78.02691576153535
26921026666.7,-86.2316110810133
26926025000.0,-85.22287546497986
26931023333.3,-73.96197422787155
26936021666.7,-97.23967798352169
26941020000.0,-80.38607423508383
26946018333.3,-73.76889690394472
26951016666.7,-74.73524221231045
26956015000.0,-72.8198633885033
26961013333.3,-79.65627423175489
26966011666.7,-87.84826752857492
26971010000.0,-81.01648240515786
26976008333.3,-80.6176751449995
26981006666.7,-76.91584911605895
26986005000.0,-75.54543621372629
26991003333.3,-83.2728792481162
26996001666.7,-71.36799913201655
27001000000.0,-81.55605349262132
27005998333.3,-72.16281057919458
27010996666.7,-74.67393445902908
27015995000.0,-79.78947107251784
27020993333.3,-77.29294352249735
27025991666.7,-76.45735523245379
27030990000.0,-83.35938066701706
27035988333.3,-83.86611301336609
27040986666.7,-71.27093487624862
27045985000.0,-72.7402270014883
27050983333.3,-76.66757743493574
27055981666.7,-92.43080946517195
27060980000.0,-80.2307522227931
27065978333.3,-76.5563448546798
27070976666.7,-74.454983937029
27075975000.0,-81.20156309332613
27080973333.3,-80.5177859252247
27085971666.7,-74.58538652636109
27090970000.0,-73.4165351665944
27095968333.3,-87.72060864756007
27100966666.7,-83.59370502630873
27105965000.0,-84.89240093088739
27110963333.3,-87.80623157068618
27115961666.7,-76.53134955309451
27120960000.0,-91.38252043503647
27125958333.3,-88.80985255161603
27130956666.7,-76.93558426342781
27135955000.0,-78.15769458986509
27140953333.3,-76.77248406662594
27145951666.7,-80.61405769127335
27150950000.0,-72.15972366203388
27155948333.3,-75.91795966414543
27160946666.7,-73.55545090541949
27165945000.0,-77.32483668486319
27170943333.3,-76.27486256368559
27175941666.7,-80.30290528781575
27180940000.0,-81.68758205875267
27185938333.3,-77.76213926718759
27190936666.7,-70.39481370011016
27195935000.0,-77.72633688760892
27200933333.3,-74.4971567934658
27205931666.7,-77.04090896461379
27210930000.0,-76.37211485519623
27215928333.3,-74.37173502678554
27220926666.7,-80.99020313820601
27225925000.0,-79.72253664961856
27230923333.3,-76.82826260122125
27235921666.7,-96.82317157154431
27240920000.0,-76.48037652967842
27245918333.3,-88.67432309511047
27250916666.7,-74.3182953880698
27255915000.0,-69.80444905893597
27260913333.3,-78.04725942532289
27265911666.7,-84.91731341703841
27270910000.0,-82.66205747213434
27275908333.3,-73.40975195599248
27280906666.7,-81.06783968573394
27285905000.0,-78.43860502798088
27290903333.3,-79.5851256667032
27295901666.7,-83.73051615452349
27300900000.0,-75.39383842804729
27305898333.3,-85.37177396924076
27310896666.7,-74.18682058163328
27315895000.0,-84.58666416299252
27320893333.3,-82.97037857683414
27325891666.7,-88.41779343346028
27330890000.0,-91.8246055380854
27335888333.3,-78.05450111839359
27340886666.7,-75.78654952945028
27345885000.0,-77.38969394892256
27350883333.3,-86.05874918969147
27355881666.7,-73.9033241075411
27360880000.0,-74.10442165797005
27365878333.3,-77.21359264894095
27370876666.7,-77.46028271216679
27375875000.0,-83.11998960102984
27380873333.3,-79.99038493922765
27385871666.7,-81.93273204454985
27390870000.0,-82.23928526967401
27395868333.3,-77.60372934144839
27400866666.7,-73.44389253160968
27405865000.0,-76.58140486746588
27410863333.3,-76.12413883300948
27415861666.7,-73.89162436430546
27420860000.0,-80.1854650191446
27425858333.3,-71.05475549334247
27430856666.7,-79.82853055807949
27435855000.0,-76.01832745708967
27440853333.3,-72.94387623824163
27445851666.7,-84.15291189030657
27450850000.0,-82.82820664771975
27455848333.3,-73.65403780872354
27460846666.7,-77.89093707900915
27465845000.0,-88.46287903395883
27470843333.3,-75.5435731911467
27475841666.7,-79.41674619077406
27480840000.0,-78.52391116126478
27485838333.3,-74.8207384336873
27490836666.7,-77.90849159334405
27495835000.0,-83.12397579533271
27500833333.3,-84.16967520031008
27505831666.7,-87.93630929311975
27510830000.0,-86.70499323263898
27515828333.3,-76.38460707858081
27520826666.7,-71.03654889039694
27525825000.0,-82.02639452338092
27530823333.3,-71.78711452747721
27535821666.7,-86.28090878084633
27540820000.0,-75.23507832973037
27545818333.3,-79.2373922065944
27550816666.7,-84.88359412618058
27555815000.0,-74.15097702991936
27560813333.3,-81.84380962566438
27565811666.7,-84.78531570769043
27570810000.0,-94.49814797139668
27575808333.3,-74.12949045393995
27580806666.7,-75.5636125771985
27585805000.0,-76.87010157455902
27590803333.3,-79.06177856078868
27595801666.7,-83.50653285301375
27600800000.0,-78.14986645522414
27605798333.3,-80.92582107493575
27610796666.7,-80.49325321893807
27615795000.0,-75.13031740529884
27620793333.3,-77.03395916237841
27625791666.7,-75.97621861089361
27630790000.0,-74.43649530169087
27635788333.3,-79.77541653509766
27640786666.7,-93.82183536290364
27645785000.0,-78.97180340335792
27650783333.3,-86.31446886326181
27655781666.7,-81.05993578782397
27660780000.0,-75.22094834847407
27665778333.3,-73.17821505293506
27670776666.7,-73.24881955409802
27675775000.0,-81.28899487466569
27680773333.3,-77.2656613036641
27685771666.7,-78.90861886939052
27690770000.0,-77.34180041433612
27695768333.3,-81.57376118686243
27700766666.7,-70.90315015430309
27705765000.0,-75.36524134871856
27710763333.3,-76.08984958799499
27715761666.7,-77.64410517472884
27720760000.0,-77.02533327378204
27725758333.3,-80.80109535845668
27730756666.7,-84.06678369733885
27735755000.0,-76.14731738851766
27740753333.3,-74.87716497730153
27745751666.7,-77.54527929521058
27750750000.0,-75.99816100548315
27755748333.3,-81.46773165020342
27760746666.7,-74.87958450833291
27765745000.0,-74.89362929320887
27770743333.3,-75.78469735617531
27775741666.7,-76.93284748066928
27780740000.0,-77.83758812138313
27785738333.3,-72.38467826783474
27790736666.7,-90.28676451780754
27795735000.0,-81.52269127740865
27800733333.3,-73.24447461818673
27805731666.7,-85.80636073058491
27810730000.0,-76.35028131238752
27815728333.3,-77.62012844044779
27820726666.7,-76.32560539100255
27825725000.0,-88.66965705254907
27830723333.3,-84.6142685448869
27835721666.7,-81.9910323286907
27840720000.0,-73.02943234459315
27845718333.3,-81.78810638508948
27850716666.7,-76.459330618381
27855715000.0,-87.66002006113195
27860713333.3,-83.36076336218522
27865711666.7,-83.97115579547562
27870710000.0,-89.72844413645673
27875708333.3,-73.54304611940634
27880706666.7,-73.60848598470679
27885705000.0,-88.82633421809118
27890703333.3,-77.12018824646628
27895701666.7,-74.26622186720348
27900700000.0,-80.58652972202353
27905698333.3,-70.02919451095889
27910696666.7,-77.52998134253635
27915695000.0,-75.53664194134592
27920693333.3,-93.1590863652116
27925691666.7,-77.01417418278227
27930690000.0,-76.89179083799296
27935688333.3,-79.60232449106957
27940686666.7,-72.3754909570662
27945685000.0,-80.64501124633642
27950683333.3,-82.24867835224246
27955681666.7,-93.67477530104195
27960680000.0,-73.51367364420442
27965678333.3,-74.70704072091144
27970676666.7,-74.94857253793361
27975675000.0,-80.74553015801791
27980673333.3,-76.96006373497792
27985671666.7,-81.79613606547875
27990670000.0,-88.07162383114623
27995668333.3,-79.46909533379272
28000666666.7,-93.32870402453572
28005665000.0,-77.65132557410895
28010663333.3,-88.26727476151055
28015661666.7,-71.91023527512354
28020660000.0,-74.4887347700057
28025658333.3,-81.93937003404235
28030656666.7,-80.78329100650855
28035655000.0,-81.3335687283284
28040653333.3,-73.70810561463409
28045651666.7,-75.8401168237445
28050650000.0,-90.44492320432967
28055648333.3,-86.50889099429233
28060646666.7,-76.2984747666186
28065645000.0,-75.54298988891384
28070643333.3,-80.9110387102624
28075641666.7,-85.17788533719313
28080640000.0,-79.36888224922433
28085638333.3,-81.24863128080938
28090636666.7,-79.92746312735116
28095635000.0,-80.44398617675816
28100633333.3,-88.15849568761644
28105631666.7,-88.52023009246597
28110630000.0,-80.38101073751369
28115628333.3,-73.14275274264743
28120626666.7,-78.53750418375316
28125625000.0,-78.10237798899759
28130623333.3,-73.47344211569477
28135621666.7,-84.41854419232853
28140620000.0,-83.16402137153713
28145618333.3,-73.63956684664498
28150616666.7,-73.32382115815759
28155615000.0,-90.02677576434137
28160613333.3,-80.64343124894457
28165611666.7,-77.13412993531162
28170610000.0,-78.05956996956452
28175608333.3,-78.45288747644956
28180606666.7,-80.61267619014208
28185605000.0,-90.95821222786498
28190603333.3,-79.24957895960793
28195601666.7,-81.56482543218917
28200600000.0,-76.4483431079148
28205598333.3,-77.52044598245695
28210596666.7,-77.80829717739572
28215595000.0,-87.56087815536048
28220593333.3,-81.47804611446516
28225591666.7,-88.55945242331272
28230590000.0,-84.36546374055857
28235588333.3,-85.61695726094555
28240586666.7,-94.0874563471943
28245585000.0,-73.96249333509125
28250583333.3,-75.63634002234247
28255581666.7,-75.33026750850475
28260580000.0,-77.06662952259626
28265578333.3,-77.43847669827818
28270576666.7,-84.94441468269726
28275575000.0,-78.12312845418664
28280573333.3,-89.94653680036285
28285571666.7,-79.08404407246324
28290570000.0,-83.26813019736127
28295568333.3,-77.16893046790928
28300566666.7,-79.27100163033626
28305565000.0,-77.02163828780112
28310563333.3,-74.83063402816175
28315561666.7,-87.34532689641856
28320560000.0,-81.76972802338774
28325558333.3,-77.57340907045452
28330556666.7,-75.97555370014034
28335555000.0,-80.64551881570549
28340553333.3,-93.29163727167676
28345551666.7,-93.21320489509813
28350550000.0,-77.03846499897425
28355548333.3,-87.64241791504675
28360546666.7,-76.71534249784364
28365545000.0,-91.91117706804285
28370543333.3,-77.31831120063913
28375541666.7,-80.23603694722087
28380540000.0,-80.99810221280677
28385538333.3,-92.81945066057483
28390536666.7,-72.32763529348844
28395535000.0,-82.90665189644582
28400533333.3,-79.76309610578132
28405531666.7,-75.82836477508206
28410530000.0,-89.12512413461673
28415528333.3,-81.25240709407282
28420526666.7,-74.31209872975262
28425525000.0,-79.03491789810958
28430523333.3,-81.13996695121591
28435521666.7,-80.58926951593051
28440520000.0,-71.68452621671447
28445518333.3,-81.33201821569259
28450516666.7,-79.6521920092494
28455515000.0,-81.39881852171513
28460513333.3,-78.23984911219284
28465511666.7,-76.6023442547254
28470510000.0,-80.11390317143686
28475508333.3,-78.3024833677645
28480506666.7,-81.27098905508639
28485505000.0,-83.10197966217098
28490503333.3,-80.89932234168975
28495501666.7,-73.17424759300953
28500500000.0,-80.28580948474172
28505498333.3,-78.98909253641486
28510496666.7,-72.2387869398778
28515495000.0,-76.06319407238134
28520493333.3,-73.06666380103866
28525491666.7,-77.00042274959814
28530490000.0,-90.08747877642602
28535488333.3,-87.57076063067288
28540486666.7,-77.47151765176714
28545485000.0,-75.08607474305248
28550483333.3,-85.90720220152255
28555481666.7,-82.68607107232805
28560480000.0,-75.13992232328863
28565478333.3,-80.0177044900022
28570476666.7,-79.59485307716187
28575475000.0,-79.98757965031444
28580473333.3,-87.09039648944609
28585471666.7,-72.80152894955717
28590470000.0,-88.23641852798357
28595468333.3,-76.23782637633178
28600466666.7,-75.01575620933791
28605465000.0,-77.739856596935
28610463333.3,-82.79522086422378
28615461666.7,-82.7177945144403
28620460000.0,-75.40849324290849
28625458333.3,-75.35696613687156
28630456666.7,-77.10720343091745
28635455000.0,-74.57601581303646
28640453333.3,-75.1246622294554
28645451666.7,-86.09626917844025
28650450000.0,-93.89750981190733
28655448333.3,-80.88722551278465
28660446666.7,-81.45481266877047
28665445000.0,-82.70741713771143
28670443333.3,-76.28759827783799
28675441666.7,-76.69956593905921
28680440000.0,-81.96710846588903
28685438333.3,-80.70677296268718
28690436666.7,-72.26120872596516
28695435000.0,-70.90752923489421
28700433333.3,-89.79318991996229
28705431666.7,-83.52737235551096
28710430000.0,-76.78660967472324
28715428333.3,-90.8639958360466
28720426666.7,-76.43883101346991
28725425000.0,-77.11521336359203
28730423333.3,-75.50892716326432
28735421666.7,-85.16059896248589
28740420000.0,-87.75147860808836
28745418333.3,-78.0908266740243
28750416666.7,-82.393378430974
28755415000.0,-79.76004554759592
28760413333.3,-81.33541598097204
28765411666.7,-80.0119136594682
28770410000.0,-79.1597622878437
28775408333.3,-74.13122246246617
28780406666.7,-77.44333771964297
28785405000.0,-74.59661395660731
28790403333.3,-76.7363617217835
28795401666.7,-73.62013641213744
28800400000.0,-74.29572713882742
28805398333.3,-80.23939338739999
28810396666.7,-78.92949973653698
28815395000.0,-73.67143362904585
28820393333.3,-79.01379351901936
28825391666.7,-83.77474455202263
28830390000.0,-81.0760991793733
28835388333.3,-70.55537562349724
28840386666.7,-77.30824588001
28845385000.0,-79.20821677476715
28850383333.3,-85.17117542765473
28855381666.7,-73.79774913722805
28860380000.0,-82.92141381296503
28865378333.3,-77.1484849546306
28870376666.7,-80.31558236729752
28875375000.0,-74.62905468473417
28880373333.3,-74.67690804937696
28885371666.7,-79.99872212340455
28890370000.0,-78.70822112324245
28895368333.3,-83.7817269088028
28900366666.7,-78.93962528014458
28905365000.0,-84.78351521616098
28910363333.3,-90.59432239049744
28915361666.7,-76.51661450218171
28920360000.0,-82.69624994445036
28925358333.3,-81.82001709237598
28930356666.7,-77.95487178523797
28935355000.0,-80.41560144283224
28940353333.3,-75.87363871272916
28945351666.7,-81.0478228125109
28950350000.0,-76.7214602117562
28955348333.3,-74.02492605118191
28960346666.7,-77.62720000039467
28965345000.0,-74.90319749332467
28970343333.3,-80.86006297280113
28975341666.7,-79.01455305590335
28980340000.0,-78.22983182944176
28985338333.3,-82.19302837554375
28990336666.7,-74.62779817057923
28995335000.0,-84.18869159098514
29000333333.3,-82.99231806143939
29005331666.7,-80.86937260549524
29010330000.0,-79.42664855405182
29015328333.3,-76.78616545890799
29020326666.7,-86.25612061958375
29025325000.0,-87.6963938624109
29030323333.3,-80.40025956354069
29035321666.7,-80.11458947277862
29040320000.0,-80.06887720674754
29045318333.3,-75.89528313392309
29050316666.7,-84.25438771331119
29055315000.0,-80.87545792266681
29060313333.3,-76.88169973583234
29065311666.7,-85.53092431257022
29070310000.0,-75.37009654933549
29075308333.3,-82.64931665888238
29080306666.7,-87.52651092800498
29085305000.0,-94.7568791328873
29090303333.3,-73.41684273744305
29095301666.7,-82.75814209365271
29100300000.0,-100.69954837192176
29105298333.3,-84.75902677086408
29110296666.7,-95.85162668755112
29115295000.0,-75.15431861220692
29120293333.3,-72.8870252814364
29125291666.7,-84.93251264328853
29130290000.0,-85.81524644108055
29135288333.3,-86.26412767269835
29140286666.7,-80.52008205115538
29145285000.0,-83.37984856786727
29150283333.3,-74.77628902080153
29155281666.7,-83.92570160486773
29160280000.0,-74.52365503414026
29165278333.3,-80.22193738204122
29170276666.7,-81.90387138058362
29175275000.0,-78.93150839515752
29180273333.3,-81.70657173464332
29185271666.7,-82.92432194379867
29190270000.0,-75.01414116450546
29195268333.3,-78.16350980597323
29200266666.7,-80.66099237306013
29205265000.0,-81.53839619250587
29210263333.3,-84.69494761809828
29215261666.7,-81.33202909607475
29220260000.0,-80.95136730451503
29225258333.3,-93.31303898813248
29230256666.7,-84.55529663986371
29235255000.0,-82.7550487518686
29240253333.3,-83.36856040066948
29245251666.7,-81.00702441801943
29250250000.0,-74.84043787679356
29255248333.3,-78.40844222801694
29260246666.7,-77.17533873601118
29265245000.0,-90.85824975761378
29270243333.3,-80.86021276251091
29275241666.7,-80.97974754458062
29280240000.0,-85.60352315967174
29285238333.3,-79.44888595609982
29290236666.7,-81.9728005416533
29295235000.0,-77.93253098316788
29300233333.3,-81.71736199600261
29305231666.7,-76.69868847710629
29310230000.0,-90.45410665349685
29315228333.3,-80.89701440204894
29320226666.7,-95.48236931499434
29325225000.0,-85.33197423727498
29330223333.3,-75.30362457413062
29335221666.7,-83.10792007875561
29340220000.0,-78.16107561173419
29345218333.3,-84.53160114707644
29350216666.7,-91.02467155329249
29355215000.0,-73.86988359211037
29360213333.3,-76.90306968945322
29365211666.7,-84.48755968884743
29370210000.0,-76.67620248190778
29375208333.3,-87.08971733947514
29380206666.7,-76.32257334003491
29385205000.0,-78.17454789219447
29390203333.3,-84.34831201364858
29395201666.7,-71.07647271217992
29400200000.0,-77.36125062465507
29405198333.3,-96.78001195140183
29410196666.7,-97.13171197520535
29415195000.0,-79.52064850965817
29420193333.3,-87.89130053047637
29425191666.7,-79.77669640442309
29430190000.0,-78.23082762939168
29435188333.3,-80.68225675059452
29440186666.7,-79.67727494543809
29445185000.0,-84.28414333255255
29450183333.3,-80.65584528280141
29455181666.7,-85.64679308400312
29460180000.0,-79.97249643435288
29465178333.3,-75.11665765842207
29470176666.7,-89.21772865545637
29475175000.0,-79.25288380473833
29480173333.3,-74.61923032670492
29485171666.7,-69.66847917104573
29490170000.0,-79.02374625818729
29495168333.3,-73.57941843592157
29500166666.7,-73.2623088226783
29505165000.0,-79.60947233879185
29510163333.3,-72.6567859199006
29515161666.7,-82.33812017382454
29520160000.0,-74.01075869204793
29525158333.3,-90.14621147872498
29530156666.7,-79.29997406921768
29535155000.0,-78.91152773419637
29540153333.3,-77.23555798197823
29545151666.7,-79.17240914133639
29550150000.0,-72.9776792607645
29555148333.3,-77.0914068262524
29560146666.7,-76.59015228062215
29565145000.0,-76.48133299117126
29570143333.3,-82.1766746134662
29575141666.7,-80.3216555941024
29580140000.0,-82.16022464944959
29585138333.3,-84.14353744469634
29590136666.7,-69.27589795631087
29595135000.0,-77.79362036389
29600133333.3,-75.4240861467723
29605131666.7,-82.27794911182848
29610130000.0,-78.81190272316088
29615128333.3,-80.20308632820732
29620126666.7,-73.21927782704154
29625125000.0,-70.73182936706161
29630123333.3,-86.28892912656454
29635121666.7,-84.25662761890669
29640120000.0,-80.58019770227847
29645118333.3,-74.48599576340833
29650116666.7,-78.14152928357055
29655115000.0,-76.87426641241687
29660113333.3,-81.04154821234665
29665111666.7,-74.70786413880862
29670110000.0,-74.7958507500932
29675108333.3,-76.05771219012482
29680106666.7,-78.5504376950943
29685105000.0,-83.71463430029365
29690103333.3,-73.29038906130944
29695101666.7,-85.73391557111955
29700100000.0,-78.68459269787542
29705098333.3,-87.63454577134823
29710096666.7,-75.26864682520103
29715095000.0,-76.57653617921467
29720093333.3,-81.10675373732492
29725091666.7,-79.16530526624507
29730090000.0,-91.41133349927082
29735088333.3,-93.74729014898634
29740086666.7,-74.65540818246325
29745085000.0,-76.30435843095604
29750083333.3,-74.57802304929092
29755081666.7,-73.60494867247313
29760080000.0,-82.92622512910135
29765078333.3,-76.93643069500071
29770076666.7,-79.35052906014096
29775075000.0,-71.3357591804068
29780073333.3,-78.8831096358461
29785071666.7,-79.31453972195308
29790070000.0,-86.87425279008885
29795068333.3,-75.57609391513833
29800066666.7,-81.60636521699985
29805065000.0,-78.76010980415177
29810063333.3,-81.31472451051405
29815061666.7,-75.78928278162061
29820060000.0,-75.3044946617327
29825058333.3,-94.0469810231822
29830056666.7,-74.4061856809393
29835055000.0,-84.57905221510372
29840053333.3,-86.6895590633033
29845051666.7,-81.64022738164587
29850050000.0,-82.40210980636876
29855048333.3,-77.40675429296101
29860046666.7,-77.43853360645137
29865045000.0,-80.37727975036015
29870043333.3,-75.6838676792361
29875041666.7,-74.3621844860275
29880040000.0,-93.64288433932657
29885038333.3,-76.07491861277758
29890036666.7,-81.49191938421943
29895035000.0,-96.29426156501884
29900033333.3,-71.87565645660875
29905031666.7,-82.31928462994007
29910030000.0,-80.36511695057652
29915028333.3,-83.70710209428265
29920026666.7,-92.10744971595558
29925025000.0,-87.3988373443896
29930023333.3,-74.25848742416194
29935021666.7,-77.09271739102138
29940020000.0,-77.56102513654439
29945018333.3,-75.80445665725031
29950016666.7,-80.83174580647011
29955015000.0,-77.91475236942185
29960013333.3,-80.7130960913587
29965011666.7,-73.9394684093912
29970010000.0,-76.98027903697223
29975008333.3,-76.01040042680543
29980006666.7,-79.66047778600563
29985005000.0,-84.3491949721769
29990003333.3,-76.5662369251329
29995001666.7,-87.78727732410054
30000000000.0,-94.79778428402562
