Frequency_Hz,Magnitude_dB
10000000.0,-58.07291200779978
14998333.3333,-76.3526500094079
19996666.6667,-63.21252414262432
24995000.0,-64.47363313901073
29993333.3333,-74.37763645451325
34991666.6667,-68.82261213359537
39990000.0,-71.88065274683395
44988333.3333,-68.40589264126373
49986666.6667,-70.36990819765583
54985000.0,-70.65285095385293
59983333.3333,-63.4259284053568
64981666.6667,-66.70273823967672
69980000.0,-67.35278225520818
74978333.3333,-70.89461426076343
79976666.6667,-68.27657781419487
84975000.0,-69.21072492380165
89973333.3333,-71.13699156709276
94971666.6667,-67.61559829165957
99970000.0,-65.05991866480065
104968333.333,-71.91582778455414
109966666.667,-71.86812323024861
114965000.0,-68.19752290213138
119963333.333,-64.6897759361453
124961666.667,-68.40428471456963
129960000.0,-67.41708942869681
134958333.333,-70.70468521811908
139956666.667,-68.38939492841283
144955000.0,-68.19757437880799
149953333.333,-70.4646237725621
154951666.667,-69.50921170128368
159950000.0,-69.89393248039289
164948333.333,-69.7200149746411
169946666.667,-69.42089655812896
174945000.0,-69.0734043319313
179943333.333,-67.5993433743511
184941666.667,-67.89324248137741
189940000.0,-70.34294919202674
194938333.333,-69.54168218290556
199936666.667,-67.33011752255847
204935000.0,-69.95372424452937
209933333.333,-71.12181875561679
214931666.667,-67.25650799892844
219930000.0,-66.44745788769933
224928333.333,-68.37553448450035
229926666.667,-69.19347459914577
234925000.0,-68.82672846569933
239923333.333,-69.48918262323954
244921666.667,-67.50636139154578
249920000.0,-67.94697727911121
254918333.333,-71.76731882860312
259916666.667,-71.50975389720242
264915000.0,-72.11504757271962
269913333.333,-70.38297105314338
274911666.667,-71.03867467778558
279910000.0,-69.79210084642496
284908333.333,-71.69194752891875
289906666.667,-70.78932375891343
294905000.0,-65.20083139898263
299903333.333,-66.7340869484809
304901666.667,-71.02582560091565
309900000.0,-69.50750351132876
314898333.333,-73.16421999788517
319896666.667,-69.19088055599408
324895000.0,-72.03659621279877
329893333.333,-70.13040644215175
334891666.667,-68.59020420292082
339890000.0,-69.26489560141766
344888333.333,-71.45869621423438
349886666.667,-67.5144858638553
354885000.0,-66.5127932795059
359883333.333,-68.40322302658933
364881666.667,-68.30982922449704
369880000.0,-68.87473903864834
374878333.333,-69.80178191636816
379876666.667,-70.96131732555023
384875000.0,-68.3434187561348
389873333.333,-69.6710226836518
394871666.667,-67.93076384195231
399870000.0,-68.11533009648133
404868333.333,-69.04839037901938
409866666.667,-70.10725489156827
414865000.0,-68.35637674466614
419863333.333,-70.055741699781
424861666.667,-68.42190940170035
429860000.0,-66.41069732783096
434858333.333,-71.13468061408616
439856666.667,-70.1154167433218
444855000.0,-67.59485757458867
449853333.333,-68.74901586250508
454851666.667,-68.51576916888712
459850000.0,-68.76454944785532
464848333.333,-67.08858422033526
469846666.667,-68.32955656748781
474845000.0,-68.80192360285649
479843333.333,-68.75592934014574
484841666.667,-68.62632218847737
489840000.0,-67.35087828313583
494838333.333,-69.14252960021179
499836666.667,-68.83656094646912
504835000.0,-70.89529037454716
509833333.333,-67.2351890416448
514831666.667,-69.66003858990155
519830000.0,-71.28819998868872
524828333.333,-68.92821693470313
529826666.667,-67.98866067484899
534825000.0,-65.34439473225544
539823333.333,-69.24581771214056
544821666.667,-68.62556814223296
549820000.0,-67.74656857077284
554818333.333,-66.53537116559436
559816666.667,-66.35970707611224
564815000.0,-69.58699350644508
569813333.333,-69.37840799779268
574811666.667,-69.45856827805184
579810000.0,-69.99799646218476
584808333.333,-66.54203884953202
589806666.667,-68.85153557460953
594805000.0,-68.62953421846306
599803333.333,-68.74389101393012
604801666.667,-67.8683930260377
609800000.0,-68.52528445191702
614798333.333,-66.65419982807015
619796666.667,-68.53258686170356
624795000.0,-69.14476451692158
629793333.333,-66.76109985870235
634791666.667,-68.16200455837156
639790000.0,-68.68237108468058
644788333.333,-68.3276726400884
649786666.667,-66.74987351461917
654785000.0,-67.29344890405518
659783333.333,-67.6175281964866
664781666.667,-68.04624621638237
669780000.0,-68.1209923036141
674778333.333,-66.99777403894481
679776666.667,-66.66138882438483
684775000.0,-69.51551549222289
689773333.333,-67.70697101264065
694771666.667,-68.17518199313852
699770000.0,-67.74038401756394
704768333.333,-67.39560392699522
709766666.667,-67.41857514265084
714765000.0,-68.13771404665103
719763333.333,-66.87422720622008
724761666.667,-68.35236393175352
729760000.0,-66.984978274208
734758333.333,-68.23612342521069
739756666.667,-67.34437838357583
744755000.0,-66.94124026428162
749753333.333,-66.00943762171623
754751666.667,-67.40541300500956
759750000.0,-67.15441391833807
764748333.333,-66.35721590374945
769746666.667,-66.21570835467426
774745000.0,-66.16389234942956
779743333.333,-67.37479011996692
784741666.667,-66.84134957861349
789740000.0,-66.7613365098839
794738333.333,-67.2590010936806
799736666.667,-66.2385697872139
804735000.0,-67.44714801106268
809733333.333,-68.46222692433648
814731666.667,-67.0495378595703
819730000.0,-69.16540171615011
824728333.333,-66.8800927185647
829726666.667,-67.06024633440168
834725000.0,-66.58395864468996
839723333.333,-66.58809345536993
844721666.667,-66.49841064169263
849720000.0,-65.34490820025623
854718333.333,-67.21068178062656
859716666.667,-67.1110034494855
864715000.0,-66.30461279426899
869713333.333,-66.10949837821204
874711666.667,-66.99577691935126
879710000.0,-67.05136078436014
884708333.333,-67.01331118211411
889706666.667,-67.84416042612102
894705000.0,-66.78476448676251
899703333.333,-67.23785143515025
904701666.667,-66.07932569092745
909700000.0,-66.61153568844088
914698333.333,-66.75506035085155
919696666.667,-65.11661711119318
924695000.0,-66.09541516752795
929693333.333,-65.73145723379258
934691666.667,-67.22695349025747
939690000.0,-65.64162363715076
944688333.333,-65.13438490082788
949686666.667,-65.0788517168663
954685000.0,-65.95258601341126
959683333.333,-67.33674806263521
964681666.667,-65.5275517350523
969680000.0,-65.47454313830437
974678333.333,-65.42042463513779
979676666.667,-65.66090648458021
984675000.0,-66.20505246110622
989673333.333,-65.2471428380622
994671666.667,-66.27621912811416
999670000.0,-65.86485871988236
1004668333.33,-67.50965658074604
1009666666.67,-65.82977823051417
1014665000.0,-66.8315062588082
1019663333.33,-66.67987855446599
1024661666.67,-66.10532604353389
1029660000.0,-66.29480979746626
1034658333.33,-66.23450587617079
1039656666.67,-66.5777625469911
1044655000.0,-65.67652133781405
1049653333.33,-65.5556869407134
1054651666.67,-66.34779014948731
1059650000.0,-66.03297138506336
1064648333.33,-67.06515566638357
1069646666.67,-65.44859140550419
1074645000.0,-65.33856657434933
1079643333.33,-65.53662923657099
1084641666.67,-66.6276314138
1089640000.0,-66.36652547102199
1094638333.33,-66.12459985680681
1099636666.67,-65.13093956741847
1104635000.0,-66.58454353111556
1109633333.33,-64.36057395225276
1114631666.67,-65.5738277007415
1119630000.0,-67.50094263846546
1124628333.33,-66.93245753663999
1129626666.67,-66.84522619017686
1134625000.0,-66.49412287390392
1139623333.33,-65.7484087474349
1144621666.67,-65.37413968402194
1149620000.0,-65.30294889118677
1154618333.33,-66.5308847956928
1159616666.67,-65.17011865471532
1164615000.0,-65.9211254726594
1169613333.33,-66.43727868053192
1174611666.67,-66.24031727840836
1179610000.0,-65.05822822378359
1184608333.33,-67.0861974426612
1189606666.67,-65.27851231766232
1194605000.0,-65.34050522016767
1199603333.33,-66.27850365802419
1204601666.67,-66.16460507195146
1209600000.0,-65.95509650210984
1214598333.33,-66.14954132843528
1219596666.67,-65.6702339675894
1224595000.0,-65.23329199025721
1229593333.33,-64.98971771671404
1234591666.67,-64.81938542666785
1239590000.0,-65.56130393155789
1244588333.33,-64.48440714605498
1249586666.67,-64.75654044462333
1254585000.0,-65.07239412234725
1259583333.33,-65.18108446436769
1264581666.67,-64.85229711748163
1269580000.0,-65.50473197482587
1274578333.33,-65.62776173593485
1279576666.67,-65.00472527944576
1284575000.0,-66.02274577120433
1289573333.33,-65.12440212036668
1294571666.67,-65.85285435258514
1299570000.0,-65.0084346689944
1304568333.33,-64.78326587800147
1309566666.67,-64.29105000398089
1314565000.0,-64.42287398149746
1319563333.33,-65.24343909635502
1324561666.67,-64.85565508588886
1329560000.0,-63.67427813441714
1334558333.33,-65.0392759511814
1339556666.67,-65.1914523306162
1344555000.0,-64.52532240621906
1349553333.33,-64.4107926470074
1354551666.67,-64.36889752846844
1359550000.0,-63.91123947760761
1364548333.33,-64.49728795949575
1369546666.67,-64.61054099745814
1374545000.0,-64.95831202373675
1379543333.33,-65.71002043251715
1384541666.67,-65.75945626963036
1389540000.0,-64.33802893939135
1394538333.33,-64.60914578490015
1399536666.67,-64.04640363071795
1404535000.0,-64.63059880872378
1409533333.33,-63.82557455512021
1414531666.67,-65.11128125155925
1419530000.0,-64.52530646072819
1424528333.33,-64.43211139511278
1429526666.67,-63.941104606059454
1434525000.0,-63.807922695676
1439523333.33,-64.49676165855128
1444521666.67,-65.16796517962347
1449520000.0,-63.895705128994976
1454518333.33,-64.34159296598877
1459516666.67,-63.672940719829725
1464515000.0,-64.76243387481685
1469513333.33,-64.43252540997253
1474511666.67,-64.1479909283974
1479510000.0,-63.662805697042195
1484508333.33,-64.75823787452184
1489506666.67,-63.884559871707005
1494505000.0,-63.33299103249289
1499503333.33,-64.20646008584517
1504501666.67,-64.09046317380793
1509500000.0,-64.08625030771627
1514498333.33,-63.3398810493871
1519496666.67,-63.72621894711769
1524495000.0,-64.73730408288034
1529493333.33,-64.08660568508583
1534491666.67,-64.8928567210419
1539490000.0,-64.49751789059448
1544488333.33,-63.888972086048916
1549486666.67,-64.38032334324792
1554485000.0,-63.69628420237058
1559483333.33,-64.21711742389215
1564481666.67,-63.64686522275454
1569480000.0,-63.889217229956486
1574478333.33,-64.4699768157076
1579476666.67,-64.21228255812066
1584475000.0,-63.99331599855563
1589473333.33,-64.28984093202088
1594471666.67,-64.34160407184613
1599470000.0,-63.89042321640751
1604468333.33,-64.11196892349538
1609466666.67,-63.46895270169473
1614465000.0,-63.27967850308489
1619463333.33,-63.95914142064506
1624461666.67,-63.89371966927729
1629460000.0,-64.56194900189301
1634458333.33,-65.01165525887262
1639456666.67,-63.4793860370964
1644455000.0,-63.37497059646837
1649453333.33,-63.56481426418305
1654451666.67,-63.796901196762086
1659450000.0,-63.875229336589825
1664448333.33,-63.82959519163556
1669446666.67,-64.1165682386186
1674445000.0,-64.8478168104939
1679443333.33,-63.865424202142975
1684441666.67,-64.17888570025114
1689440000.0,-64.21257276687999
1694438333.33,-63.579418001285745
1699436666.67,-64.2120251427396
1704435000.0,-63.57479749620143
1709433333.33,-64.54814226817412
1714431666.67,-63.92752132154538
1719430000.0,-64.22285621381369
1724428333.33,-63.63480795169111
1729426666.67,-63.62927449677106
1734425000.0,-63.7064786105524
1739423333.33,-63.485305688904575
1744421666.67,-64.45564377938582
1749420000.0,-63.324002990994295
1754418333.33,-62.636529895416714
1759416666.67,-64.48077074391253
1764415000.0,-64.55767920332319
1769413333.33,-63.70353315561936
1774411666.67,-63.48637358444088
1779410000.0,-62.844418775871624
1784408333.33,-63.28710254474145
1789406666.67,-63.16335427024519
1794405000.0,-62.30880444156128
1799403333.33,-62.27575726272402
1804401666.67,-63.44867461059139
1809400000.0,-63.30454557302677
1814398333.33,-64.20571839297293
1819396666.67,-64.29807154203155
1824395000.0,-63.7128328980446
1829393333.33,-63.336178979550084
1834391666.67,-64.03011479618664
1839390000.0,-63.104049168035104
1844388333.33,-63.87906827687367
1849386666.67,-63.39956218738032
1854385000.0,-63.260003361187664
1859383333.33,-64.17848725224475
1864381666.67,-63.61484922058417
1869380000.0,-63.04783631954672
1874378333.33,-63.213775461034544
1879376666.67,-63.97681785049581
1884375000.0,-63.06990533137303
1889373333.33,-63.58220405294185
1894371666.67,-62.265982601734606
1899370000.0,-62.732719050971745
1904368333.33,-63.02144441973553
1909366666.67,-63.62780075916923
1914365000.0,-63.59536676423572
1919363333.33,-62.567369548401366
1924361666.67,-63.394769440975615
1929360000.0,-63.61963803876207
1934358333.33,-62.598541132588245
1939356666.67,-63.67877019490136
1944355000.0,-62.80849739204123
1949353333.33,-63.59736327105806
1954351666.67,-62.602257235360206
1959350000.0,-63.92898859117707
1964348333.33,-63.239600459555035
1969346666.67,-63.2283460276712
1974345000.0,-62.871703284875096
1979343333.33,-63.046876851996274
1984341666.67,-63.2340453257126
1989340000.0,-62.600583163466574
1994338333.33,-63.42587623203089
1999336666.67,-62.58887912277481
2004335000.0,-63.296538816127466
2009333333.33,-62.07235576426293
2014331666.67,-62.48601592513997
2019330000.0,-62.741334880918146
2024328333.33,-62.78411090540846
2029326666.67,-63.64985955751908
2034325000.0,-62.3656982351915
2039323333.33,-62.53291436758103
2044321666.67,-63.53189983450826
2049320000.0,-63.48587370109069
2054318333.33,-62.6937771876824
2059316666.67,-63.44739336633944
2064315000.0,-62.498230669124446
2069313333.33,-62.88894703170382
2074311666.67,-62.72531902258442
2079310000.0,-63.17023544160199
2084308333.33,-62.97831480600655
2089306666.67,-62.359296537772565
2094305000.0,-62.481320731383875
2099303333.33,-63.195670008725955
2104301666.67,-63.20998188333003
2109300000.0,-61.53142298768218
2114298333.33,-62.698927751510894
2119296666.67,-62.12237312275129
2124295000.0,-62.41338342639128
2129293333.33,-62.86672221397188
2134291666.67,-62.95185525545912
2139290000.0,-61.698995759011446
2144288333.33,-62.94924529108377
2149286666.67,-62.93598378898126
2154285000.0,-62.72042751676649
2159283333.33,-62.09782790590614
2164281666.67,-62.69238024526112
2169280000.0,-61.8815906926426
2174278333.33,-62.34941623489991
2179276666.67,-61.98202617783722
2184275000.0,-62.39302662626506
2189273333.33,-62.568513088392066
2194271666.67,-62.41770789798025
2199270000.0,-61.93891374191672
2204268333.33,-62.50304718885354
2209266666.67,-62.11426499024326
2214265000.0,-61.88755574624074
2219263333.33,-61.77892200930912
2224261666.67,-62.41476790333911
2229260000.0,-62.12489546439092
2234258333.33,-62.131332934593274
2239256666.67,-62.383663101248914
2244255000.0,-61.49502894620344
2249253333.33,-61.550236459912185
2254251666.67,-62.24485329066174
2259250000.0,-61.95041027904624
2264248333.33,-61.48629752640297
2269246666.67,-62.23841516508418
2274245000.0,-62.07292127399128
2279243333.33,-62.27507491259683
2284241666.67,-62.48874924456199
2289240000.0,-61.97366596536951
2294238333.33,-62.33847833528483
2299236666.67,-61.59513657832331
2304235000.0,-61.856479121369354
2309233333.33,-62.19694445603044
2314231666.67,-61.486780306296836
2319230000.0,-61.8253610151578
2324228333.33,-62.657655933266014
2329226666.67,-61.880116133717344
2334225000.0,-62.26167471889573
2339223333.33,-61.867083669393416
2344221666.67,-61.93557875946703
2349220000.0,-61.902618334709686
2354218333.33,-61.45348220051676
2359216666.67,-62.568754620418964
2364215000.0,-62.58726062431262
2369213333.33,-62.14907101397178
2374211666.67,-62.040400298983826
2379210000.0,-61.44818428144706
2384208333.33,-62.184653006052734
2389206666.67,-61.65109491996076
2394205000.0,-61.795570873353476
2399203333.33,-61.768408868780796
2404201666.67,-61.519894400420284
2409200000.0,-61.9018693199864
2414198333.33,-61.18902219291978
2419196666.67,-61.47969317876506
2424195000.0,-62.1175167426318
2429193333.33,-62.10981182245809
2434191666.67,-61.238380576181505
2439190000.0,-61.223234977905115
2444188333.33,-61.84306942842818
2449186666.67,-61.27884450171598
2454185000.0,-61.03483913271516
2459183333.33,-61.06095986668909
2464181666.67,-61.1952086546706
2469180000.0,-60.71060859145767
2474178333.33,-61.31229263953485
2479176666.67,-60.943140757176494
2484175000.0,-61.110712300592844
2489173333.33,-60.43762066315314
2494171666.67,-61.308852322259085
2499170000.0,-60.50231677287168
2504168333.33,-61.622155566929635
2509166666.67,-61.102985264820006
2514165000.0,-61.37399512724724
2519163333.33,-61.13457333592824
2524161666.67,-61.08445866398641
2529160000.0,-61.19465530464059
2534158333.33,-60.98968465240699
2539156666.67,-61.10311439887293
2544155000.0,-61.12442328747538
2549153333.33,-61.21494425117195
2554151666.67,-61.10195563199512
2559150000.0,-60.70611682657854
2564148333.33,-61.079326763327096
2569146666.67,-60.78964350581156
2574145000.0,-61.30423561265741
2579143333.33,-60.844976502551724
2584141666.67,-61.34981858989809
2589140000.0,-61.17510018794002
2594138333.33,-61.58246479051951
2599136666.67,-61.1188262158942
2604135000.0,-60.79058450181921
2609133333.33,-60.48579422523754
2614131666.67,-60.16930780169412
2619130000.0,-61.184158390435634
2624128333.33,-60.92681119049341
2629126666.67,-61.22326880689795
2634125000.0,-60.896550827513316
2639123333.33,-60.571497980274046
2644121666.67,-60.86966503516706
2649120000.0,-60.242694927009815
2654118333.33,-61.12388064364062
2659116666.67,-61.213196510985995
2664115000.0,-60.418322054597084
2669113333.33,-60.58691335698125
2674111666.67,-60.647649489194265
2679110000.0,-60.69950722805656
2684108333.33,-60.46673202686068
2689106666.67,-60.65199970422804
2694105000.0,-61.00555604169979
2699103333.33,-60.71830553415897
2704101666.67,-60.81901998474259
2709100000.0,-61.11559477630646
2714098333.33,-60.67641095102915
2719096666.67,-60.67796614916138
2724095000.0,-60.54531170373822
2729093333.33,-60.56850326194299
2734091666.67,-60.61975484051488
2739090000.0,-60.316000806333896
2744088333.33,-60.83611197872464
2749086666.67,-60.42821407808315
2754085000.0,-60.69984365063788
2759083333.33,-60.15204967989787
2764081666.67,-60.49620852562829
2769080000.0,-60.39815618292281
2774078333.33,-60.19982452662856
2779076666.67,-60.670971509314676
2784075000.0,-60.688814711152574
2789073333.33,-60.30145333952879
2794071666.67,-60.11219364145718
2799070000.0,-60.132570637885784
2804068333.33,-60.52509674170573
2809066666.67,-59.946676160349426
2814065000.0,-60.59456747899681
2819063333.33,-60.287242464214316
2824061666.67,-59.89767713566356
2829060000.0,-59.93884208497137
2834058333.33,-59.934602489002174
2839056666.67,-59.989988652094574
2844055000.0,-60.05477419070752
2849053333.33,-60.311281442213485
2854051666.67,-59.640178531304045
2859050000.0,-60.355069619250365
2864048333.33,-59.53323727731602
2869046666.67,-59.78711507317545
2874045000.0,-59.72779892016081
2879043333.33,-59.34148131824883
2884041666.67,-59.626114573645914
2889040000.0,-60.34047659052624
2894038333.33,-60.07909805505108
2899036666.67,-60.06527289772632
2904035000.0,-59.80947405901789
2909033333.33,-60.0001063483444
2914031666.67,-60.02141763965519
2919030000.0,-60.24115741441129
2924028333.33,-60.032953961741605
2929026666.67,-60.07306936272578
2934025000.0,-59.84783615849385
2939023333.33,-59.899938297044706
2944021666.67,-59.677315817487
2949020000.0,-59.51197634268461
2954018333.33,-59.31887450967453
2959016666.67,-59.55495614957107
2964015000.0,-59.599757295352724
2969013333.33,-59.54968913283323
2974011666.67,-59.59146221238038
2979010000.0,-59.4522054917256
2984008333.33,-59.56114244400014
2989006666.67,-59.913285244656535
2994005000.0,-59.790872914833066
2999003333.33,-59.58288010164211
3004001666.67,-59.868620709336795
3009000000.0,-59.887268841074714
3013998333.33,-59.475678924556156
3018996666.67,-59.72166289164649
3023995000.0,-59.724085233164985
3028993333.33,-59.66571214426149
3033991666.67,-59.61707690780591
3038990000.0,-59.07431916657071
3043988333.33,-59.748838464472776
3048986666.67,-59.39136254832573
3053985000.0,-60.03277796624727
3058983333.33,-59.48231437719401
3063981666.67,-59.35832745343457
3068980000.0,-59.08322134369787
3073978333.33,-59.48864431946519
3078976666.67,-59.4153018201402
3083975000.0,-59.32352475453988
3088973333.33,-59.283748670948455
3093971666.67,-59.07976165163211
3098970000.0,-60.02055894884428
3103968333.33,-59.46502828535494
3108966666.67,-59.3281816381399
3113965000.0,-59.185428589202274
3118963333.33,-58.85568171931352
3123961666.67,-59.15401468463682
3128960000.0,-59.149781030145064
3133958333.33,-59.04119168081476
3138956666.67,-59.1204200296745
3143955000.0,-58.905944443478035
3148953333.33,-59.1426226804723
3153951666.67,-59.033116036614786
3158950000.0,-58.476605236115084
3163948333.33,-58.7625446801005
3168946666.67,-58.4868387684253
3173945000.0,-59.17011728621066
3178943333.33,-59.079561143982005
3183941666.67,-59.13847905898925
3188940000.0,-58.998341247587334
3193938333.33,-59.07385604841458
3198936666.67,-58.85844801938199
3203935000.0,-59.17453665146817
3208933333.33,-58.49971511207413
3213931666.67,-58.573970545640826
3218930000.0,-58.69028504640822
3223928333.33,-58.53934382621149
3228926666.67,-58.46235668208898
3233925000.0,-59.06203233959993
3238923333.33,-58.44220465648915
3243921666.67,-58.786917815479065
3248920000.0,-58.73706187371015
3253918333.33,-58.645836808584974
3258916666.67,-58.71792137837126
3263915000.0,-58.52011319202364
3268913333.33,-58.89127931621203
3273911666.67,-59.1104487876365
3278910000.0,-58.607879621319896
3283908333.33,-58.604080656056595
3288906666.67,-58.69077113951987
3293905000.0,-58.53700395628173
3298903333.33,-58.68285554607472
3303901666.67,-58.40908969919486
3308900000.0,-58.608792823546096
3313898333.33,-58.699074235554775
3318896666.67,-58.183318913341296
3323895000.0,-58.08810007728769
3328893333.33,-58.30764282607874
3333891666.67,-58.1963724748489
3338890000.0,-58.343358801470615
3343888333.33,-58.438898408468695
3348886666.67,-58.26478255663777
3353885000.0,-58.43312652869229
3358883333.33,-58.59436774326112
3363881666.67,-58.0611689560451
3368880000.0,-58.058036262955184
3373878333.33,-58.57970199683062
3378876666.67,-57.880848715231174
3383875000.0,-58.272477887713556
3388873333.33,-57.94682515589747
3393871666.67,-58.61337085920571
3398870000.0,-57.965607015793
3403868333.33,-57.90436780960316
3408866666.67,-58.6166897655934
3413865000.0,-57.94599001736087
3418863333.33,-58.439096892322624
3423861666.67,-58.094743133370926
3428860000.0,-58.08642549464497
3433858333.33,-58.16287296098598
3438856666.67,-58.47471468616152
3443855000.0,-58.139976396671315
3448853333.33,-58.267399940664674
3453851666.67,-58.352400124215215
3458850000.0,-58.33423335976754
3463848333.33,-58.332796923772186
3468846666.67,-57.99857445648979
3473845000.0,-58.065720231488356
3478843333.33,-57.96227862093591
3483841666.67,-58.015670153131296
3488840000.0,-57.89657881035108
3493838333.33,-57.98350026481196
3498836666.67,-57.99917164204188
3503835000.0,-57.86910126850182
3508833333.33,-57.46290831750109
3513831666.67,-58.14918814702529
3518830000.0,-57.7799986254389
3523828333.33,-57.993118305291354
3528826666.67,-58.10918249472338
3533825000.0,-57.63855396926025
3538823333.33,-58.05383296342781
3543821666.67,-58.07509029193198
3548820000.0,-58.06873312096635
3553818333.33,-57.741208941710944
3558816666.67,-57.70339292848383
3563815000.0,-57.87749595162997
3568813333.33,-57.85573769904726
3573811666.67,-57.87914399290696
3578810000.0,-57.74566238302115
3583808333.33,-57.8519650541406
3588806666.67,-58.02701806816771
3593805000.0,-57.376626631584024
3598803333.33,-57.458738745776124
3603801666.67,-57.86746692748351
3608800000.0,-57.693741374218405
3613798333.33,-57.80494934112678
3618796666.67,-57.25572533761388
3623795000.0,-57.69192128376585
3628793333.33,-57.42082131512235
3633791666.67,-57.13480386152402
3638790000.0,-57.35455230140001
3643788333.33,-57.40716943875682
3648786666.67,-57.26918117093851
3653785000.0,-57.39381190370885
3658783333.33,-57.13932369089653
3663781666.67,-57.49196551067077
3668780000.0,-57.79925264992944
3673778333.33,-57.467052879422944
3678776666.67,-57.82082072764329
3683775000.0,-57.459226900208186
3688773333.33,-57.51242679752004
3693771666.67,-57.52819592750636
3698770000.0,-58.0460480640431
3703768333.33,-57.55526730479191
3708766666.67,-57.81573274630493
3713765000.0,-57.74794457762346
3718763333.33,-58.07095818244896
3723761666.67,-58.08503015656094
3728760000.0,-58.01390875842223
3733758333.33,-57.87620854744969
3738756666.67,-57.85667890943628
3743755000.0,-57.93203890023928
3748753333.33,-58.05624912396216
3753751666.67,-57.65099459895427
3758750000.0,-57.600502866929055
3763748333.33,-57.90847554317523
3768746666.67,-57.69680255183783
3773745000.0,-57.415563684978906
3778743333.33,-57.65525269576706
3783741666.67,-57.609504455961456
3788740000.0,-57.24207958509485
3793738333.33,-57.492507957648165
3798736666.67,-57.889888117611534
3803735000.0,-57.72711752334159
3808733333.33,-57.034477660496
3813731666.67,-57.65698084468337
3818730000.0,-57.27149832203976
3823728333.33,-57.444736660536094
3828726666.67,-57.53772164202033
3833725000.0,-57.52198450139482
3838723333.33,-57.395818298808486
3843721666.67,-56.98713302942589
3848720000.0,-57.179075606001604
3853718333.33,-56.7481851220606
3858716666.67,-56.98993605573293
3863715000.0,-56.83324837213331
3868713333.33,-57.22795991359096
3873711666.67,-56.93307158953667
3878710000.0,-56.773755323631306
3883708333.33,-56.697588022515035
3888706666.67,-56.66227024904076
3893705000.0,-56.941888770679085
3898703333.33,-56.65101397249761
3903701666.67,-56.61558597532299
3908700000.0,-56.87799924428855
3913698333.33,-56.85910866323515
3918696666.67,-56.94189848554018
3923695000.0,-57.00605826375358
3928693333.33,-57.0505320657632
3933691666.67,-57.105447368637
3938690000.0,-56.89531619879513
3943688333.33,-56.95803019436006
3948686666.67,-56.814785859106294
3953685000.0,-56.74947558113889
3958683333.33,-57.074045705505014
3963681666.67,-57.31433248601937
3968680000.0,-57.25993444544475
3973678333.33,-57.03185877345396
3978676666.67,-57.13707516975842
3983675000.0,-57.1980798247438
3988673333.33,-57.230356424619046
3993671666.67,-57.346903193487634
3998670000.0,-57.16219276343572
4003668333.33,-57.486502569607936
4008666666.67,-57.624643703216535
4013665000.0,-57.43694051412578
4018663333.33,-57.792650307806
4023661666.67,-57.57421076597908
4028660000.0,-57.59555919743997
4033658333.33,-57.423436416884556
4038656666.67,-57.203676250570616
4043655000.0,-57.19201202355812
4048653333.33,-57.60830940277838
4053651666.67,-57.507867775886595
4058650000.0,-57.241502927521786
4063648333.33,-56.78907457078115
4068646666.67,-57.159309996262486
4073645000.0,-57.19179180174364
4078643333.33,-57.05505589304491
4083641666.67,-56.74084108648634
4088640000.0,-56.237328068225736
4093638333.33,-56.71644943991354
4098636666.67,-56.334979593152774
4103635000.0,-56.69863269057774
4108633333.33,-56.645832258719096
4113631666.67,-56.32992666440272
4118630000.0,-56.346691829965124
4123628333.33,-56.04094322237681
4128626666.67,-56.5825227134831
4133625000.0,-56.183255566888946
4138623333.33,-56.229537500358326
4143621666.67,-56.31627124903703
4148620000.0,-56.150136655443916
4153618333.33,-56.08500134937551
4158616666.67,-56.06328658157105
4163615000.0,-56.31543330569998
4168613333.33,-55.99569560967612
4173611666.67,-56.13544078766289
4178610000.0,-55.990083369713886
4183608333.33,-56.080405898030115
4188606666.67,-56.09194971206509
4193605000.0,-55.87961624495993
4198603333.33,-56.065179752575744
4203601666.67,-55.95656461391621
4208600000.0,-55.80165929909445
4213598333.33,-56.14819617882142
4218596666.67,-55.96792509063762
4223595000.0,-56.000603434774305
4228593333.33,-56.24002299913655
4233591666.67,-55.6543750146949
4238590000.0,-56.127196559645256
4243588333.33,-56.068497557468355
4248586666.67,-56.39035147107573
4253585000.0,-56.358063524271486
4258583333.33,-56.13744646891771
4263581666.67,-56.217732912600766
4268580000.0,-55.77106898690062
4273578333.33,-55.825454811335085
4278576666.67,-55.77089153741809
4283575000.0,-55.92554403971356
4288573333.33,-56.08719240738963
4293571666.67,-56.05478264639511
4298570000.0,-55.90612374194776
4303568333.33,-56.05112992285511
4308566666.67,-55.65457586378827
4313565000.0,-55.7970866574308
4318563333.33,-55.92624993488026
4323561666.67,-55.70133424882694
4328560000.0,-55.70151955555248
4333558333.33,-55.91468507733574
4338556666.67,-55.67329292307434
4343555000.0,-55.745736342111954
4348553333.33,-55.73543144404606
4353551666.67,-55.66430950298303
4358550000.0,-55.61345706580631
4363548333.33,-55.60620458064824
4368546666.67,-55.48104526672432
4373545000.0,-55.64327642689835
4378543333.33,-55.50198061149304
4383541666.67,-55.52090138563542
4388540000.0,-55.34083538584127
4393538333.33,-55.14547194261777
4398536666.67,-55.43262857709438
4403535000.0,-55.10896200450741
4408533333.33,-55.0500630018951
4413531666.67,-55.229291129007734
4418530000.0,-55.17858013655622
4423528333.33,-55.19550187479682
4428526666.67,-55.062641704677745
4433525000.0,-55.08451226044717
4438523333.33,-55.07709608038033
4443521666.67,-55.05347321399526
4448520000.0,-55.293144466051764
4453518333.33,-55.20604181636797
4458516666.67,-55.01569280856728
4463515000.0,-55.11631621824205
4468513333.33,-55.11549820188879
4473511666.67,-55.1223316024324
4478510000.0,-55.27859069276868
4483508333.33,-55.091315169273614
4488506666.67,-54.837953751514334
4493505000.0,-54.68260127964413
4498503333.33,-54.97936112701833
4503501666.67,-55.02073616520313
4508500000.0,-54.909817363843885
4513498333.33,-54.74920173776299
4518496666.67,-54.77225132314646
4523495000.0,-54.68674181328397
4528493333.33,-54.839072100583365
4533491666.67,-54.897464701094336
4538490000.0,-54.82309473380528
4543488333.33,-54.95131346640137
4548486666.67,-55.04063492158157
4553485000.0,-54.88552150056791
4558483333.33,-54.521990087760265
4563481666.67,-54.92476512523272
4568480000.0,-54.48567632328902
4573478333.33,-54.43391574827302
4578476666.67,-54.6776318200488
4583475000.0,-54.642712477655635
4588473333.33,-54.372843988628894
4593471666.67,-54.358616546392746
4598470000.0,-54.50563354397498
4603468333.33,-54.32063465088008
4608466666.67,-54.39590454639439
4613465000.0,-54.115773511989794
4618463333.33,-54.36773805385233
4623461666.67,-54.099120433453585
4628460000.0,-54.34968013957176
4633458333.33,-54.262626336455995
4638456666.67,-54.190786204582764
4643455000.0,-54.438239246376526
4648453333.33,-54.328225333661834
4653451666.67,-54.13763544951443
4658450000.0,-54.545854476178334
4663448333.33,-54.54562600246085
4668446666.67,-54.15868744575981
4673445000.0,-54.26226955619108
4678443333.33,-54.075993817138624
4683441666.67,-54.1078428771614
4688440000.0,-54.05492110106907
4693438333.33,-53.9561207099741
4698436666.67,-54.210855986399054
4703435000.0,-54.04728730383113
4708433333.33,-54.14644156304648
4713431666.67,-53.83211742754764
4718430000.0,-53.954368216454675
4723428333.33,-54.24854745528837
4728426666.67,-54.3354713217919
4733425000.0,-54.00618154394071
4738423333.33,-54.24678539731659
4743421666.67,-54.21767504773073
4748420000.0,-54.07571649846542
4753418333.33,-53.95268999518599
4758416666.67,-54.05906802360506
4763415000.0,-53.93398405134917
4768413333.33,-53.727508875554165
4773411666.67,-53.876594387940166
4778410000.0,-53.82031262241789
4783408333.33,-53.771461006735876
4788406666.67,-53.52824717578869
4793405000.0,-53.822289920150325
4798403333.33,-53.609070725560414
4803401666.67,-53.55967516982679
4808400000.0,-53.469605682195926
4813398333.33,-53.59622816646962
4818396666.67,-53.52166508267536
4823395000.0,-53.50943399291942
4828393333.33,-53.489455057341964
4833391666.67,-53.35629455094758
4838390000.0,-53.698016542230434
4843388333.33,-53.61013781665864
4848386666.67,-53.435183753281486
4853385000.0,-53.45828133068637
4858383333.33,-53.18718620435638
4863381666.67,-53.462027813144985
4868380000.0,-53.142706243147245
4873378333.33,-53.1865892797785
4878376666.67,-53.39933194789674
4883375000.0,-53.18007434361079
4888373333.33,-53.21549336442801
4893371666.67,-53.28808968213957
4898370000.0,-53.38767803671145
4903368333.33,-53.09166145559761
4908366666.67,-53.15809812823047
4913365000.0,-53.389957088908666
4918363333.33,-53.04420322740871
4923361666.67,-53.2117743740625
4928360000.0,-53.03210682071765
4933358333.33,-53.114299830834845
4938356666.67,-53.01919930199266
4943355000.0,-52.87049126899816
4948353333.33,-52.925198491355346
4953351666.67,-52.880696743946615
4958350000.0,-52.76937567436537
4963348333.33,-52.75690600601992
4968346666.67,-52.68402978666832
4973345000.0,-53.198944451325445
4978343333.33,-52.73281833050679
4983341666.67,-52.826570136972904
4988340000.0,-52.78642142904894
4993338333.33,-52.70817001044267
4998336666.67,-52.84075666791935
5003335000.0,-52.56395787658295
5008333333.33,-52.51550233551921
5013331666.67,-52.496800692769156
5018330000.0,-52.39188161009962
5023328333.33,-52.39006178335137
5028326666.67,-52.46411059097137
5033325000.0,-52.25468959522294
5038323333.33,-52.4450888008187
5043321666.67,-52.48148007035325
5048320000.0,-52.22029993916153
5053318333.33,-52.21652344501748
5058316666.67,-52.365598894353134
5063315000.0,-52.22937322249234
5068313333.33,-52.199628808044096
5073311666.67,-52.31365500699984
5078310000.0,-52.316358647721245
5083308333.33,-52.23830087885326
5088306666.67,-52.07614143480367
5093305000.0,-52.169378964293756
5098303333.33,-52.06500401714169
5103301666.67,-52.10704544303019
5108300000.0,-52.04831897642172
5113298333.33,-52.00736794014351
5118296666.67,-51.83540898409746
5123295000.0,-52.030998357195166
5128293333.33,-51.80007905039713
5133291666.67,-51.833219353335416
5138290000.0,-51.756775180773
5143288333.33,-51.936655131653126
5148286666.67,-51.76725165882159
5153285000.0,-51.83292398303385
5158283333.33,-52.00841791700296
5163281666.67,-51.83878137955976
5168280000.0,-51.923864640773274
5173278333.33,-51.98635432731017
5178276666.67,-51.73091196593927
5183275000.0,-51.94508188156257
5188273333.33,-51.72854211019795
5193271666.67,-51.819261650158
5198270000.0,-51.82662850810168
5203268333.33,-51.515462019782
5208266666.67,-51.61828581282819
5213265000.0,-51.43703361883412
5218263333.33,-51.68269370847041
5223261666.67,-51.52634050852093
5228260000.0,-51.3983869380195
5233258333.33,-51.34633771928279
5238256666.67,-51.49032805866512
5243255000.0,-51.51516092207285
5248253333.33,-51.53116560877551
5253251666.67,-51.56796087957311
5258250000.0,-51.37946046498413
5263248333.33,-51.349236674397105
5268246666.67,-51.500376277303104
5273245000.0,-51.36263798494707
5278243333.33,-51.36910605566691
5283241666.67,-51.17733610800141
5288240000.0,-51.10510949416095
5293238333.33,-51.295328514606055
5298236666.67,-51.11454227810822
5303235000.0,-51.06602627416574
5308233333.33,-51.25804194273939
5313231666.67,-51.01214714111954
5318230000.0,-51.04702258619449
5323228333.33,-51.1766929176131
5328226666.67,-51.07639289593678
5333225000.0,-50.93652020790044
5338223333.33,-51.15959606867705
5343221666.67,-50.80266381274874
5348220000.0,-50.920214987370905
5353218333.33,-51.004721614309474
5358216666.67,-50.886368961164976
5363215000.0,-50.84856226373357
5368213333.33,-50.89942813850227
5373211666.67,-50.91719572163826
5378210000.0,-50.764021113945645
5383208333.33,-50.85630470312154
5388206666.67,-50.97284882452132
5393205000.0,-51.015851421851565
5398203333.33,-50.99693898174684
5403201666.67,-51.273303790574914
5408200000.0,-51.035156189243985
5413198333.33,-50.94951578997669
5418196666.67,-50.95279472126269
5423195000.0,-50.88335556423339
5428193333.33,-51.102929228872185
5433191666.67,-51.065041752537326
5438190000.0,-50.943427066468914
5443188333.33,-50.794756139465626
5448186666.67,-50.886189518229145
5453185000.0,-50.68665845221739
5458183333.33,-50.692510645915185
5463181666.67,-50.67739296959423
5468180000.0,-50.5634532262021
5473178333.33,-50.602753793049985
5478176666.67,-50.72955327022437
5483175000.0,-50.6778089746859
5488173333.33,-50.53727366595317
5493171666.67,-50.60569097714311
5498170000.0,-50.64459989533357
5503168333.33,-50.55720999357441
5508166666.67,-50.60544804113207
5513165000.0,-50.70046600472496
5518163333.33,-50.34448189991524
5523161666.67,-50.298553446317904
5528160000.0,-50.43480887609215
5533158333.33,-50.20558236748418
5538156666.67,-50.41956104625851
5543155000.0,-50.2011206927639
5548153333.33,-50.149076753448085
5553151666.67,-49.90220786741955
5558150000.0,-50.01185729938762
5563148333.33,-49.94673275628588
5568146666.67,-49.89303475893918
5573145000.0,-49.98726917092712
5578143333.33,-49.94260368419414
5583141666.67,-49.96769703177549
5588140000.0,-50.134202055037555
5593138333.33,-49.966639019453176
5598136666.67,-49.997435093353516
5603135000.0,-50.0310580744363
5608133333.33,-49.908984869468455
5613131666.67,-49.93710743621414
5618130000.0,-49.96549064896179
5623128333.33,-49.93061638923206
5628126666.67,-49.81940402035708
5633125000.0,-49.902391357729876
5638123333.33,-49.90256383729779
5643121666.67,-49.99055887946611
5648120000.0,-49.85955130178964
5653118333.33,-49.707462470416246
5658116666.67,-49.7720784752284
5663115000.0,-49.735166466708435
5668113333.33,-49.77673526882461
5673111666.67,-49.93762195276805
5678110000.0,-49.99286843775363
5683108333.33,-49.885334157583415
5688106666.67,-49.797511872122755
5693105000.0,-49.63461097866498
5698103333.33,-49.67165091770443
5703101666.67,-49.77492596914133
5708100000.0,-49.591429073482146
5713098333.33,-49.506107314513734
5718096666.67,-49.39410103180178
5723095000.0,-49.44401691819639
5728093333.33,-49.302710786836684
5733091666.67,-49.13323775456547
5738090000.0,-49.09863532548343
5743088333.33,-49.03353788397597
5748086666.67,-49.20808913586525
5753085000.0,-48.97073249173752
5758083333.33,-49.008754166827906
5763081666.67,-48.99580843775854
5768080000.0,-48.87340914953037
5773078333.33,-48.95206040881724
5778076666.67,-49.018777237274946
5783075000.0,-48.89335739264841
5788073333.33,-48.704624674403654
5793071666.67,-48.730816203289216
5798070000.0,-48.728215037976774
5803068333.33,-48.70042543858732
5808066666.67,-48.701118864131004
5813065000.0,-48.72482926782151
5818063333.33,-48.79044132712279
5823061666.67,-48.5811605353866
5828060000.0,-48.766253040769605
5833058333.33,-48.6984035718504
5838056666.67,-48.70228164036445
5843055000.0,-48.685406805169514
5848053333.33,-48.56946873021289
5853051666.67,-48.65404701019802
5858050000.0,-48.53253198531864
5863048333.33,-48.60825285399953
5868046666.67,-48.576736390893906
5873045000.0,-48.55477869950463
5878043333.33,-48.45057379111073
5883041666.67,-48.40963538025446
5888040000.0,-48.4935550670363
5893038333.33,-48.40649867718263
5898036666.67,-48.371478909187786
5903035000.0,-48.30847521783545
5908033333.33,-48.334204734112156
5913031666.67,-48.19144352502697
5918030000.0,-48.327197319870365
5923028333.33,-48.22827213783747
5928026666.67,-48.235429924625485
5933025000.0,-48.32057367664084
5938023333.33,-48.279288399664686
5943021666.67,-48.132533114404346
5948020000.0,-48.18656993201166
5953018333.33,-48.13022497110556
5958016666.67,-48.123182836490855
5963015000.0,-47.92511705481368
5968013333.33,-48.02064534278108
5973011666.67,-47.88393226895135
5978010000.0,-47.914040916124506
5983008333.33,-47.64106682252637
5988006666.67,-47.640977146801134
5993005000.0,-47.75475831121965
5998003333.33,-47.76562675032454
6003001666.67,-47.610816090910504
6008000000.0,-47.692617573566245
6012998333.33,-47.684513820277644
6017996666.67,-47.549668273331925
6022995000.0,-47.60513597880173
6027993333.33,-47.391589989408835
6032991666.67,-47.31053943500377
6037990000.0,-47.44577422650308
6042988333.33,-47.35408135227895
6047986666.67,-47.278097077709745
6052985000.0,-47.20027239454842
6057983333.33,-47.09878294649353
6062981666.67,-47.03435026193076
6067980000.0,-46.97231530586337
6072978333.33,-46.868128875327415
6077976666.67,-46.93062119960317
6082975000.0,-46.960245168795566
6087973333.33,-46.96803867830698
6092971666.67,-46.88467283314155
6097970000.0,-46.87039818624332
6102968333.33,-46.980257769945226
6107966666.67,-46.867666811387096
6112965000.0,-47.04096241801611
6117963333.33,-46.87616953274491
6122961666.67,-46.88884646201242
6127960000.0,-46.85003198034599
6132958333.33,-47.10314864350066
6137956666.67,-46.970969653569455
6142955000.0,-46.88699760290359
6147953333.33,-46.969488489556625
6152951666.67,-46.88283166363269
6157950000.0,-46.85527165371306
6162948333.33,-46.796973394290774
6167946666.67,-46.914943916371705
6172945000.0,-46.837926106472636
6177943333.33,-46.718045825506266
6182941666.67,-46.76452241333938
6187940000.0,-46.92430916337503
6192938333.33,-46.684645693749076
6197936666.67,-46.70430718361647
6202935000.0,-46.54317266327749
6207933333.33,-46.55433757579605
6212931666.67,-46.44222423203328
6217930000.0,-46.37707657607292
6222928333.33,-46.31915473310768
6227926666.67,-46.27617406568003
6232925000.0,-46.18652397273653
6237923333.33,-46.13711859579021
6242921666.67,-46.18539714099683
6247920000.0,-46.059510615912274
6252918333.33,-46.014466150042956
6257916666.67,-45.951355997285944
6262915000.0,-45.91291051047203
6267913333.33,-45.96485495584951
6272911666.67,-45.81608609261755
6277910000.0,-45.84711335463814
6282908333.33,-45.95005253909549
6287906666.67,-45.80413025059591
6292905000.0,-45.880699744657875
6297903333.33,-45.74839616310734
6302901666.67,-45.73097124354583
6307900000.0,-45.678783192856656
6312898333.33,-45.66668950857148
6317896666.67,-45.70386620419499
6322895000.0,-45.702089111691
6327893333.33,-45.57727286631007
6332891666.67,-45.72557506271888
6337890000.0,-45.62677744717992
6342888333.33,-45.71634428176942
6347886666.67,-45.61341749126495
6352885000.0,-45.5929997640155
6357883333.33,-45.69057275287773
6362881666.67,-45.47633928924587
6367880000.0,-45.626215843548664
6372878333.33,-45.41969316939392
6377876666.67,-45.37950775707835
6382875000.0,-45.39310438337547
6387873333.33,-45.28818514203549
6392871666.67,-45.108833052837184
6397870000.0,-44.978432531930736
6402868333.33,-44.92070851752157
6407866666.67,-44.85280750263435
6412865000.0,-44.88429797303995
6417863333.33,-44.77565093849318
6422861666.67,-44.79529020932066
6427860000.0,-44.72027281071011
6432858333.33,-44.7989008487029
6437856666.67,-44.701036563228065
6442855000.0,-44.798265684417935
6447853333.33,-44.68558531562501
6452851666.67,-44.61477784865921
6457850000.0,-44.62990293351049
6462848333.33,-44.61012405008806
6467846666.67,-44.58010617271215
6472845000.0,-44.33719976949671
6477843333.33,-44.3052333152735
6482841666.67,-44.19748116809309
6487840000.0,-44.118833011362256
6492838333.33,-44.11796971325005
6497836666.67,-44.033008573984844
6502835000.0,-44.0705076198487
6507833333.33,-44.03678477232969
6512831666.67,-44.12359527400251
6517830000.0,-44.02329757817357
6522828333.33,-44.026485891063054
6527826666.67,-44.12245981262278
6532825000.0,-44.16372234924147
6537823333.33,-44.067516071675115
6542821666.67,-44.08125391376606
6547820000.0,-44.04633715678911
6552818333.33,-43.99078089191306
6557816666.67,-43.82392592089807
6562815000.0,-43.753940464917505
6567813333.33,-43.71925720929479
6572811666.67,-43.49368085682209
6577810000.0,-43.5444932276566
6582808333.33,-43.4673382624781
6587806666.67,-43.28858147620628
6592805000.0,-43.35349644913185
6597803333.33,-43.358581896597826
6602801666.67,-43.35590126459343
6607800000.0,-43.318387186315164
6612798333.33,-43.26285553650975
6617796666.67,-43.272328091530525
6622795000.0,-43.226626029339
6627793333.33,-43.24609921234445
6632791666.67,-43.13192032258074
6637790000.0,-43.14678782477027
6642788333.33,-43.010812159739864
6647786666.67,-42.91831849322798
6652785000.0,-42.814291848282906
6657783333.33,-42.6535182963086
6662781666.67,-42.59253024291512
6667780000.0,-42.5222661177977
6672778333.33,-42.35881072964834
6677776666.67,-42.32052071947142
6682775000.0,-42.28556861192328
6687773333.33,-42.23553993208746
6692771666.67,-42.2423680893573
6697770000.0,-42.25091416405557
6702768333.33,-42.19386568093941
6707766666.67,-42.13207844097475
6712765000.0,-42.15596371806945
6717763333.33,-41.99520356268265
6722761666.67,-42.05830090473558
6727760000.0,-41.90189897617532
6732758333.33,-41.867183319370405
6737756666.67,-41.71772736497489
6742755000.0,-41.66577531691756
6747753333.33,-41.59392367501557
6752751666.67,-41.42354120155419
6757750000.0,-41.40471044083262
6762748333.33,-41.374231221096174
6767746666.67,-41.28034818214279
6772745000.0,-41.28979777750166
6777743333.33,-41.25652008744359
6782741666.67,-41.16492962420919
6787740000.0,-41.142671649676316
6792738333.33,-41.11418176722593
6797736666.67,-41.14624533594768
6802735000.0,-41.0991798597921
6807733333.33,-41.06021621179197
6812731666.67,-40.98388179389889
6817730000.0,-40.8960881909072
6822728333.33,-40.945764905219484
6827726666.67,-40.77942755884755
6832725000.0,-40.78828851823413
6837723333.33,-40.80352325167099
6842721666.67,-40.62415275423842
6847720000.0,-40.71472219258493
6852718333.33,-40.61416111978374
6857716666.67,-40.58559787689085
6862715000.0,-40.563863226371936
6867713333.33,-40.60804543921225
6872711666.67,-40.50573445309789
6877710000.0,-40.5097147444753
6882708333.33,-40.44556600175747
6887706666.67,-40.34567262971565
6892705000.0,-40.26024427640954
6897703333.33,-40.14740741702294
6902701666.67,-39.9835254274302
6907700000.0,-39.85971334195605
6912698333.33,-39.644038521586
6917696666.67,-39.57481707344661
6922695000.0,-39.46419796862894
6927693333.33,-39.30554401857301
6932691666.67,-39.32854770631384
6937690000.0,-39.166730804687184
6942688333.33,-39.10483880005002
6947686666.67,-39.03268807801301
6952685000.0,-38.962262628406336
6957683333.33,-38.9191244779193
6962681666.67,-38.9193979629155
6967680000.0,-38.837870885311204
6972678333.33,-38.74560860264709
6977676666.67,-38.67263433737078
6982675000.0,-38.52853008815894
6987673333.33,-38.40043010719006
6992671666.67,-38.32888474621975
6997670000.0,-38.17941542438396
7002668333.33,-38.13936824051883
7007666666.67,-38.0911784604425
7012665000.0,-38.0199738733027
7017663333.33,-38.01540883990555
7022661666.67,-37.986204807878785
7027660000.0,-37.96929063138987
7032658333.33,-38.01802093057979
7037656666.67,-38.0366401374262
7042655000.0,-37.96290560925875
7047653333.33,-38.01410047926873
7052651666.67,-37.96170324811424
7057650000.0,-37.89155887264215
7062648333.33,-37.92041736639526
7067646666.67,-37.81536130491155
7072645000.0,-37.74490693130543
7077643333.33,-37.691965199159384
7082641666.67,-37.51657604129911
7087640000.0,-37.41728124400384
7092638333.33,-37.37326915681148
7097636666.67,-37.200353148145396
7102635000.0,-37.23064144664196
7107633333.33,-37.11008986161303
7112631666.67,-37.08273498072907
7117630000.0,-37.057487563873835
7122628333.33,-36.98181928428062
7127626666.67,-36.950554120106204
7132625000.0,-36.90262548619183
7137623333.33,-36.79767836652415
7142621666.67,-36.76800129767472
7147620000.0,-36.673059698110634
7152618333.33,-36.588138009475806
7157616666.67,-36.495213796651505
7162615000.0,-36.39133401060207
7167613333.33,-36.28665614108424
7172611666.67,-36.19939410429117
7177610000.0,-36.103334989904404
7182608333.33,-36.01444113673349
7187606666.67,-36.00777186245041
7192605000.0,-35.97528615825264
7197603333.33,-35.96805580793096
7202601666.67,-35.96117497093574
7207600000.0,-35.94169787486087
7212598333.33,-35.87532117316388
7217596666.67,-35.90167281751333
7222595000.0,-35.80918440524316
7227593333.33,-35.850476228027915
7232591666.67,-35.703215897652115
7237590000.0,-35.59307050213696
7242588333.33,-35.487969978073785
7247586666.67,-35.360594395347405
7252585000.0,-35.24785362742693
7257583333.33,-35.11776396041746
7262581666.67,-35.053727314346474
7267580000.0,-34.96462352004969
7272578333.33,-34.93414322719452
7277576666.67,-34.92662150825835
7282575000.0,-34.926004004923094
7287573333.33,-34.99421535353801
7292571666.67,-35.04875828684676
7297570000.0,-35.06808742827212
7302568333.33,-35.190757977132435
7307566666.67,-35.13215455025518
7312565000.0,-35.197679685825356
7317563333.33,-35.04860915266317
7322561666.67,-35.00570564101673
7327560000.0,-34.90921698753471
7332558333.33,-34.78856804098273
7337556666.67,-34.65944647207981
7342555000.0,-34.52321964164633
7347553333.33,-34.40978496218349
7352551666.67,-34.264592015742096
7357550000.0,-34.21412701000931
7362548333.33,-34.18488932182488
7367546666.67,-34.16056897221795
7372545000.0,-34.187248860786966
7377543333.33,-34.249273250177396
7382541666.67,-34.259519731051206
7387540000.0,-34.35066867767644
7392538333.33,-34.35989966312635
7397536666.67,-34.382867557965064
7402535000.0,-34.32350244663042
7407533333.33,-34.30799991133338
7412531666.67,-34.20577942702615
7417530000.0,-34.14105523904713
7422528333.33,-34.00174992765923
7427526666.67,-33.87191106155133
7432525000.0,-33.769654429699976
7437523333.33,-33.64034605380355
7442521666.67,-33.5536843143383
7447520000.0,-33.49915565550032
7452518333.33,-33.433142420169354
7457516666.67,-33.47363623828684
7462515000.0,-33.533274909279335
7467513333.33,-33.619489316863465
7472511666.67,-33.734662914523135
7477510000.0,-33.87092130741961
7482508333.33,-33.96046442402755
7487506666.67,-34.02110948860682
7492505000.0,-34.12866742860849
7497503333.33,-34.17162598708373
7502501666.67,-34.16379107669383
7507500000.0,-34.16077389891235
7512498333.33,-34.154219435985624
7517496666.67,-34.09657630780019
7522495000.0,-34.064246945171504
7527493333.33,-34.00976467966594
7532491666.67,-34.031740648224805
7537490000.0,-34.01192962882148
7542488333.33,-34.0489773417775
7547486666.67,-34.061887277696705
7552485000.0,-34.09776467384161
7557483333.33,-34.197468771829
7562481666.67,-34.31701661142607
7567480000.0,-34.336495502071365
7572478333.33,-34.42495445253046
7577476666.67,-34.5114455385191
7582475000.0,-34.501454639780604
7587473333.33,-34.4867859996399
7592471666.67,-34.48307817459339
7597470000.0,-34.38489563451489
7602468333.33,-34.35963988643176
7607466666.67,-34.304616322696226
7612465000.0,-34.22059841139084
7617463333.33,-34.204831437616
7622461666.67,-34.187050893788026
7627460000.0,-34.18980005627499
7632458333.33,-34.21795374293821
7637456666.67,-34.215211234058316
7642455000.0,-34.25994778612855
7647453333.33,-34.31303590622398
7652451666.67,-34.30598950533954
7657450000.0,-34.40196595949105
7662448333.33,-34.39555502853401
7667446666.67,-34.420842573462686
7672445000.0,-34.40273672930006
7677443333.33,-34.403826603682276
7682441666.67,-34.328915563541884
7687440000.0,-34.22148395891266
7692438333.33,-34.172815670418395
7697436666.67,-34.14740950199749
7702435000.0,-34.11959367964746
7707433333.33,-34.13537737312848
7712431666.67,-34.13506939709633
7717430000.0,-34.247213491412694
7722428333.33,-34.33962421483032
7727426666.67,-34.48540755010533
7732425000.0,-34.6221041839521
7737423333.33,-34.75601389740974
7742421666.67,-34.89991452168217
7747420000.0,-35.052432292319615
7752418333.33,-35.209854304492374
7757416666.67,-35.25272484763691
7762415000.0,-35.392672405193366
7767413333.33,-35.46466281952001
7772411666.67,-35.49771054870524
7777410000.0,-35.62957834693134
7782408333.33,-35.639904766193105
7787406666.67,-35.73671390168333
7792405000.0,-35.857027413327415
7797403333.33,-35.91871840850105
7802401666.67,-36.059151228015104
7807400000.0,-36.240595742453834
7812398333.33,-36.37972809760704
7817396666.67,-36.53791144162327
7822395000.0,-36.71347338346539
7827393333.33,-36.785404899784844
7832391666.67,-36.87224743288955
7837390000.0,-37.07939191087513
7842388333.33,-37.11761447427469
7847386666.67,-37.192641835457145
7852385000.0,-37.198764021602805
7857383333.33,-37.182117805620145
7862381666.67,-37.22617049243323
7867380000.0,-37.11093191348486
7872378333.33,-37.08351603596884
7877376666.67,-37.05847109582837
7882375000.0,-37.05690841505384
7887373333.33,-37.12706683899495
7892371666.67,-37.17291437998598
7897370000.0,-37.23580571933817
7902368333.33,-37.272070533547826
7907366666.67,-37.28777898422014
7912365000.0,-37.39114898661266
7917363333.33,-37.4643904870251
7922361666.67,-37.49987525802931
7927360000.0,-37.54005087161859
7932358333.33,-37.62793631250771
7937356666.67,-37.621881156737835
7942355000.0,-37.63948232603639
7947353333.33,-37.70935947707305
7952351666.67,-37.726445748627526
7957350000.0,-37.708710915551784
7962348333.33,-37.810594992937084
7967346666.67,-37.76162954652099
7972345000.0,-37.878580036377166
7977343333.33,-38.0383355019832
7982341666.67,-38.057994406229064
7987340000.0,-38.15842851104813
7992338333.33,-38.28897695239769
7997336666.67,-38.370001391091
8002335000.0,-38.32151812879407
8007333333.33,-38.45686248500791
8012331666.67,-38.47747898681227
8017330000.0,-38.50195335134875
8022328333.33,-38.59291581180668
8027326666.67,-38.61642694314608
8032325000.0,-38.5808702439755
8037323333.33,-38.67807726113353
8042321666.67,-38.75095972269919
8047320000.0,-38.909605490529465
8052318333.33,-38.94927276368934
8057316666.67,-39.10697330248738
8062315000.0,-39.17212424086215
8067313333.33,-39.36487457381145
8072311666.67,-39.565169775777576
8077310000.0,-39.69255668844595
8082308333.33,-39.813503200160575
8087306666.67,-39.95893492666216
8092305000.0,-40.17859697532244
8097303333.33,-40.253749786255106
8102301666.67,-40.2361433853428
8107300000.0,-40.377683741085626
8112298333.33,-40.397829213841845
8117296666.67,-40.43067465382484
8122295000.0,-40.46307808918022
8127293333.33,-40.481209109115824
8132291666.67,-40.595796875770276
8137290000.0,-40.64241034375155
8142288333.33,-40.70457336323065
8147286666.67,-40.78318914150948
8152285000.0,-40.914225453261
8157283333.33,-41.05131163617729
8162281666.67,-41.10379506689749
8167280000.0,-41.2417933782745
8172278333.33,-41.23943819374597
8177276666.67,-41.36027405115371
8182275000.0,-41.347047544761786
8187273333.33,-41.290848067192684
8192271666.67,-41.392779916766415
8197270000.0,-41.26622736124382
8202268333.33,-41.290142973071376
8207266666.67,-41.33612561671379
8212265000.0,-41.272635370769706
8217263333.33,-41.3080997537229
8222261666.67,-41.55034408779323
8227260000.0,-41.582623336944636
8232258333.33,-41.73495199967232
8237256666.67,-41.81844095165037
8242255000.0,-41.93947061721207
8247253333.33,-42.06328885806616
8252251666.67,-42.2054443416403
8257250000.0,-42.295040887830375
8262248333.33,-42.308393273862535
8267246666.67,-42.4999743449946
8272245000.0,-42.373241540044965
8277243333.33,-42.3600177155229
8282241666.67,-42.24931634051484
8287240000.0,-42.21808998968658
8292238333.33,-42.171860068298805
8297236666.67,-42.09984554417612
8302235000.0,-42.099994758519735
8307233333.33,-42.23272660075354
8312231666.67,-42.14553583473162
8317230000.0,-42.3497256493334
8322228333.33,-42.55263592751597
8327226666.67,-42.59605092803561
8332225000.0,-42.73421472402291
8337223333.33,-42.91565330575941
8342221666.67,-42.988856723941396
8347220000.0,-43.157204699066995
8352218333.33,-43.182670325256595
8357216666.67,-43.19199314270348
8362215000.0,-43.18604861047203
8367213333.33,-43.12432669956482
8372211666.67,-43.083715196191406
8377210000.0,-43.04346598606941
8382208333.33,-42.94799441670315
8387206666.67,-42.92645481472399
8392205000.0,-43.01524185675815
8397203333.33,-42.980854671583934
8402201666.67,-43.080591860358986
8407200000.0,-43.18623441916239
8412198333.33,-43.31926142503424
8417196666.67,-43.5310627450331
8422195000.0,-43.658643107095756
8427193333.33,-43.76821724472172
8432191666.67,-43.960005056320824
8437190000.0,-44.0400216396212
8442188333.33,-44.03420455425821
8447186666.67,-44.104847089978094
8452185000.0,-44.09633669552449
8457183333.33,-44.14448390323817
8462181666.67,-44.121127580318806
8467180000.0,-44.11665557820933
8472178333.33,-44.012236916645634
8477176666.67,-44.13366975010188
8482175000.0,-43.989090321054675
8487173333.33,-44.07156723825442
8492171666.67,-44.12539310157265
8497170000.0,-44.262359781000086
8502168333.33,-44.45245108486019
8507166666.67,-44.54277954444103
8512165000.0,-44.57033977122489
8517163333.33,-44.84060519171915
8522161666.67,-44.84059310313669
8527160000.0,-44.8972727146749
8532158333.33,-44.8822130302446
8537156666.67,-44.875128911146774
8542155000.0,-44.85829984219559
8547153333.33,-44.89515542328027
8552151666.67,-44.690493206103
8557150000.0,-44.75666150388371
8562148333.33,-44.62378987087262
8567146666.67,-44.69159228933279
8572145000.0,-44.73090650009966
8577143333.33,-44.67060040428052
8582141666.67,-44.836991220640165
8587140000.0,-44.93944022815079
8592138333.33,-44.88569699488405
8597136666.67,-45.02000188607926
8602135000.0,-45.016820095376076
8607133333.33,-45.181092620946714
8612131666.67,-45.09752543041234
8617130000.0,-45.017277968644464
8622128333.33,-44.89564848934805
8627126666.67,-44.85247739361756
8632125000.0,-44.80974018605032
8637123333.33,-44.71705373934413
8642121666.67,-44.643879133956936
8647120000.0,-44.61839579610952
8652118333.33,-44.7210185907111
8657116666.67,-44.68398628433498
8662115000.0,-44.93242606481134
8667113333.33,-45.02951608741749
8672111666.67,-45.23760688339966
8677110000.0,-45.354492381009344
8682108333.33,-45.753643483960424
8687106666.67,-45.80009294380133
8692105000.0,-45.883277424335745
8697103333.33,-46.11076515255316
8702101666.67,-46.04374091771444
8707100000.0,-46.17815264501282
8712098333.33,-45.94316554462506
8717096666.67,-45.967070422253414
8722095000.0,-45.74666127252794
8727093333.33,-45.65034156549538
8732091666.67,-45.52059547457614
8737090000.0,-45.41125219125685
8742088333.33,-45.34765530616522
8747086666.67,-45.37176033820629
8752085000.0,-45.30980055069059
8757083333.33,-45.549769388761156
8762081666.67,-45.602382771440844
8767080000.0,-45.77294045402329
8772078333.33,-45.93312586290314
8777076666.67,-46.142431527458704
8782075000.0,-46.25313493816974
8787073333.33,-46.32908528937173
8792071666.67,-46.55838078491066
8797070000.0,-46.47591789067181
8802068333.33,-46.63829761489382
8807066666.67,-46.424851403784125
8812065000.0,-46.33319843630282
8817063333.33,-46.415154893790145
8822061666.67,-46.31797707130871
8827060000.0,-46.28021680589988
8832058333.33,-46.35596481594212
8837056666.67,-46.29489944163703
8842055000.0,-46.34507050926328
8847053333.33,-46.3913290002897
8852051666.67,-46.589331224841445
8857050000.0,-46.668054125319436
8862048333.33,-46.82668804629231
8867046666.67,-46.989861291398284
8872045000.0,-47.09374144917153
8877043333.33,-47.080984474257754
8882041666.67,-47.138300476169654
8887040000.0,-47.129564950748524
8892038333.33,-47.14796897179131
8897036666.67,-47.1647503834909
8902035000.0,-47.01516006319899
8907033333.33,-47.01489528274277
8912031666.67,-46.948473696114796
8917030000.0,-46.95824214563114
8922028333.33,-46.98203117273363
8927026666.67,-47.02435228879476
8932025000.0,-47.157469955153
8937023333.33,-47.092546313588784
8942021666.67,-47.07304322743252
8947020000.0,-47.2358029690859
8952018333.33,-47.266698501255334
8957016666.67,-47.294238473350745
8962015000.0,-47.41530715245539
8967013333.33,-47.425462587527846
8972011666.67,-47.52267770463058
8977010000.0,-47.627869828380796
8982008333.33,-47.51672334745615
8987006666.67,-47.52842026559772
8992005000.0,-47.62009793783083
8997003333.33,-47.67606626695798
9002001666.67,-47.61433665539067
9007000000.0,-47.6519942342767
9011998333.33,-47.7491956425486
9016996666.67,-47.74703374368912
9021995000.0,-47.77867467295884
9026993333.33,-47.852368308549025
9031991666.67,-47.98782703320115
9036990000.0,-47.878847106472655
9041988333.33,-48.11818342556684
9046986666.67,-47.931983175041715
9051985000.0,-47.8805659061664
9056983333.33,-47.93883977475781
9061981666.67,-47.61615235881658
9066980000.0,-47.686712952469136
9071978333.33,-47.73388946262813
9076976666.67,-47.684997520171784
9081975000.0,-47.61380201132887
9086973333.33,-47.694189962077374
9091971666.67,-47.78759877901077
9096970000.0,-47.76357536399492
9101968333.33,-47.871004162781496
9106966666.67,-47.85261299152171
9111965000.0,-48.07635347368199
9116963333.33,-48.261054932222756
9121961666.67,-48.35277783567701
9126960000.0,-48.43682631702022
9131958333.33,-48.61541874631712
9136956666.67,-48.78474513276529
9141955000.0,-48.77698092058188
9146953333.33,-48.80557664564225
9151951666.67,-48.85849168894437
9156950000.0,-48.88910147501753
9161948333.33,-48.84556111569367
9166946666.67,-48.834075497585125
9171945000.0,-48.87119988447274
9176943333.33,-48.85715088586341
9181941666.67,-48.93229807819628
9186940000.0,-49.04794877378058
9191938333.33,-49.10704705247751
9196936666.67,-49.28276442954267
9201935000.0,-49.21845563234676
9206933333.33,-49.25037520045859
9211931666.67,-49.26058431358166
9216930000.0,-49.335927373259956
9221928333.33,-49.47156039399459
9226926666.67,-49.39661906877576
9231925000.0,-49.37818631818763
9236923333.33,-49.33246884320553
9241921666.67,-49.289252241369766
9246920000.0,-49.19634515901567
9251918333.33,-49.12867489207693
9256916666.67,-49.25565303916203
9261915000.0,-49.141822142024985
9266913333.33,-49.04640542691975
9271911666.67,-49.184326433837704
9276910000.0,-49.366645422564154
9281908333.33,-49.27322503190071
9286906666.67,-49.37861266197031
9291905000.0,-49.36037463898167
9296903333.33,-49.42020039014836
9301901666.67,-49.505829535252644
9306900000.0,-49.501204846226955
9311898333.33,-49.36120196468888
9316896666.67,-49.2781357361255
9321895000.0,-49.15875496418478
9326893333.33,-49.0522641171087
9331891666.67,-48.98548064976397
9336890000.0,-48.79726014385459
9341888333.33,-48.85185670770159
9346886666.67,-48.846307787651995
9351885000.0,-48.802351343402314
9356883333.33,-48.828044505117276
9361881666.67,-48.91207247976932
9366880000.0,-49.11712291497
9371878333.33,-49.3312377550346
9376876666.67,-49.30739073883159
9381875000.0,-49.23799260682352
9386873333.33,-49.32342711295969
9391871666.67,-49.34688917806387
9396870000.0,-49.473408151884584
9401868333.33,-49.44064688154054
9406866666.67,-49.54499057964709
9411865000.0,-49.48991672658295
9416863333.33,-49.4107708348244
9421861666.67,-49.3052845674714
9426860000.0,-49.38547274634221
9431858333.33,-49.44451998037384
9436856666.67,-49.37845414705809
9441855000.0,-49.503565080161195
9446853333.33,-49.75346056479565
9451851666.67,-49.92843646515339
9456850000.0,-50.10192854051985
9461848333.33,-50.081290619853
9466846666.67,-50.326252335983064
9471845000.0,-50.27831276974897
9476843333.33,-50.31932307382902
9481841666.67,-50.511357707352744
9486840000.0,-50.22834575765066
9491838333.33,-50.42398218000909
9496836666.67,-50.31293710797542
9501835000.0,-50.17922898861677
9506833333.33,-49.98615915536667
9511831666.67,-49.8735367411326
9516830000.0,-49.93889403569804
9521828333.33,-49.776503384863766
9526826666.67,-49.953391034529666
9531825000.0,-49.91608885806815
9536823333.33,-49.89885811216092
9541821666.67,-50.02539509461637
9546820000.0,-50.269764564846035
9551818333.33,-50.316457393644285
9556816666.67,-50.46282377494482
9561815000.0,-50.266557375765316
9566813333.33,-50.25168270221754
9571811666.67,-50.322193596765246
9576810000.0,-50.17290865788614
9581808333.33,-50.118057501509256
9586806666.67,-49.879817893090305
9591805000.0,-49.91397804606869
9596803333.33,-49.707987561675665
9601801666.67,-49.82968391259548
9606800000.0,-49.75941518176004
9611798333.33,-49.57958959831017
9616796666.67,-49.84985234833266
9621795000.0,-49.88297686296549
9626793333.33,-50.16408209038116
9631791666.67,-50.01940976174129
9636790000.0,-50.23950525982973
9641788333.33,-50.14629310428104
9646786666.67,-50.250771998180795
9651785000.0,-50.13880209824102
9656783333.33,-50.328665153802646
9661781666.67,-50.24335327124768
9666780000.0,-49.98101439563601
9671778333.33,-49.94124552508368
9676776666.67,-49.74798563687485
9681775000.0,-49.9785991332098
9686773333.33,-49.68451901400104
9691771666.67,-49.971176579360694
9696770000.0,-49.856335218533005
9701768333.33,-49.834345067476505
9706766666.67,-49.95064457904234
9711765000.0,-50.216392527016815
9716763333.33,-50.25849626088334
9721761666.67,-50.4889026229683
9726760000.0,-50.6519008079912
9731758333.33,-50.7295265373029
9736756666.67,-50.927137299811406
9741755000.0,-50.931954383896695
9746753333.33,-51.12344407779403
9751751666.67,-51.017784816273924
9756750000.0,-50.87517135934492
9761748333.33,-50.79686940814067
9766746666.67,-50.63130823576539
9771745000.0,-50.588940136927086
9776743333.33,-50.65479928424773
9781741666.67,-50.59477708897681
9786740000.0,-50.405701444894916
9791738333.33,-50.48916067720761
9796736666.67,-50.440565778381924
9801735000.0,-50.52173852793472
9806733333.33,-50.804840610915846
9811731666.67,-51.07389208664789
9816730000.0,-51.00038476066398
9821728333.33,-51.24473777589565
9826726666.67,-51.06583668096603
9831725000.0,-51.14412857653781
9836723333.33,-51.064755915184634
9841721666.67,-51.346633433447934
9846720000.0,-51.15712118565049
9851718333.33,-51.01548784303864
9856716666.67,-50.82946178539619
9861715000.0,-50.67183973766031
9866713333.33,-51.000523825044894
9871711666.67,-50.950496928310585
9876710000.0,-50.82772417254387
9881708333.33,-50.83849711218258
9886706666.67,-51.07500507982081
9891705000.0,-51.124785061121486
9896703333.33,-51.2811067163494
9901701666.67,-51.244660405520236
9906700000.0,-51.364166626213446
9911698333.33,-51.48323570085937
9916696666.67,-51.55639102999551
9921695000.0,-51.50859198548493
9926693333.33,-51.355419546794266
9931691666.67,-51.36045261627105
9936690000.0,-51.30834697689315
9941688333.33,-51.49683555989837
9946686666.67,-51.28772678871569
9951685000.0,-51.282145988048384
9956683333.33,-51.33919188113727
9961681666.67,-51.34309501284975
9966680000.0,-51.42113811870104
9971678333.33,-51.37716495374846
9976676666.67,-51.45187680436118
9981675000.0,-51.40291866921879
9986673333.33,-52.04497566810602
9991671666.67,-51.565943605105595
9996670000.0,-51.83740176207134
10001668333.3,-51.76856025337106
10006666666.7,-51.76105887826488
10011665000.0,-51.58454565015894
10016663333.3,-51.83158733337141
10021661666.7,-51.57747572739625
10026660000.0,-51.734236044617965
10031658333.3,-51.41875205408753
10036656666.7,-51.698868469348156
10041655000.0,-51.808020355107125
10046653333.3,-51.64020108923359
10051651666.7,-51.74971909899058
10056650000.0,-51.681966125769065
10061648333.3,-51.96780060473835
10066646666.7,-52.03165533036127
10071645000.0,-51.96506220289359
10076643333.3,-52.20061427162879
10081641666.7,-52.393623630789364
10086640000.0,-52.09506130832641
10091638333.3,-52.22823634694025
10096636666.7,-52.197168162315094
10101635000.0,-52.09895045543434
10106633333.3,-52.00055454221992
10111631666.7,-52.11107919726246
10116630000.0,-51.94189201257767
10121628333.3,-51.88956150022757
10126626666.7,-51.98927253726686
10131625000.0,-52.164031184524816
10136623333.3,-52.25043667861465
10141621666.7,-52.588795467007174
10146620000.0,-52.60885223218824
10151618333.3,-52.78555451254178
10156616666.7,-52.813572071811585
10161615000.0,-52.94236669456354
10166613333.3,-52.88878722793606
10171611666.7,-52.996792907193566
10176610000.0,-52.82581641531664
10181608333.3,-52.99437699356433
10186606666.7,-52.89774165639599
10191605000.0,-52.67394776176393
10196603333.3,-52.524166601112796
10201601666.7,-52.57600747294134
10206600000.0,-52.62679066487089
10211598333.3,-52.76360569455748
10216596666.7,-52.37806725891793
10221595000.0,-52.53082892577417
10226593333.3,-52.60762484895509
10231591666.7,-52.47878781713261
10236590000.0,-52.58798791692086
10241588333.3,-52.51730848757162
10246586666.7,-52.80375175424767
10251585000.0,-52.50539130629168
10256583333.3,-52.79394001296503
10261581666.7,-52.59876327206304
10266580000.0,-52.63214141538538
10271578333.3,-52.46370719248983
10276576666.7,-52.313512013217824
10281575000.0,-52.61949508511385
10286573333.3,-52.502246224690666
10291571666.7,-52.54834289600759
10296570000.0,-52.53591189376544
10301568333.3,-52.5259082242195
10306566666.7,-52.354188624504886
10311565000.0,-52.480810732097076
10316563333.3,-52.92479207556676
10321561666.7,-53.01029526708264
10326560000.0,-52.8270712341031
10331558333.3,-52.74182020216734
10336556666.7,-52.920367974552995
10341555000.0,-53.4065449793144
10346553333.3,-53.04251371331979
10351551666.7,-53.09429030386356
10356550000.0,-52.85208097743916
10361548333.3,-52.94249183710977
10366546666.7,-52.94184733782384
10371545000.0,-52.65139274636766
10376543333.3,-52.5941755315072
10381541666.7,-52.903541504975266
10386540000.0,-52.699404454017525
10391538333.3,-52.91058890019468
10396536666.7,-52.93390224743372
10401535000.0,-52.985544822640534
10406533333.3,-52.71451201962414
10411531666.7,-53.11935507800813
10416530000.0,-53.269743856742586
10421528333.3,-53.003472520869636
10426526666.7,-53.32862086423941
10431525000.0,-53.27552164622426
10436523333.3,-53.374790243699515
10441521666.7,-53.238186439664844
10446520000.0,-53.50416032891937
10451518333.3,-52.97223157044553
10456516666.7,-53.245594384226045
10461515000.0,-52.686085082112264
10466513333.3,-53.305860713500095
10471511666.7,-53.00030957809669
10476510000.0,-53.36593158567817
10481508333.3,-53.45695462721796
10486506666.7,-53.426473515808325
10491505000.0,-53.73783819279175
10496503333.3,-53.53344189187939
10501501666.7,-53.812459927171645
10506500000.0,-53.536748780731145
10511498333.3,-53.65480824723229
10516496666.7,-53.467253166092725
10521495000.0,-53.482156053386106
10526493333.3,-53.34686681413484
10531491666.7,-53.33764533257545
10536490000.0,-53.48041275415537
10541488333.3,-53.210001457281024
10546486666.7,-53.20545917932013
10551485000.0,-53.18798285711345
10556483333.3,-53.45378852260092
10561481666.7,-53.11397756748269
10566480000.0,-53.11822250020926
10571478333.3,-53.54051545752441
10576476666.7,-53.584454449443626
10581475000.0,-53.498718875564286
10586473333.3,-53.83992200612625
10591471666.7,-54.172999337360835
10596470000.0,-53.89611049742164
10601468333.3,-53.51768297382406
10606466666.7,-53.74504906071681
10611465000.0,-53.9590581235382
10616463333.3,-53.84963771827114
10621461666.7,-53.657473135633104
10626460000.0,-53.56606789328563
10631458333.3,-53.414105166141155
10636456666.7,-53.360558141915234
10641455000.0,-53.71974375267108
10646453333.3,-53.45931819694041
10651451666.7,-53.65443937768739
10656450000.0,-53.78878875998976
10661448333.3,-53.819179789955534
10666446666.7,-53.79658179109327
10671445000.0,-54.195979165369906
10676443333.3,-54.19409887489249
10681441666.7,-54.20917617007333
10686440000.0,-54.134819822021186
10691438333.3,-54.0261899347798
10696436666.7,-54.19757116002624
10701435000.0,-53.5194926012188
10706433333.3,-53.66683448734985
10711431666.7,-53.651150127838065
10716430000.0,-53.59345458370719
10721428333.3,-53.39550887577587
10726426666.7,-53.14843842226726
10731425000.0,-53.61474666012881
10736423333.3,-53.394770683650734
10741421666.7,-53.77430732816558
10746420000.0,-53.77826479685294
10751418333.3,-53.9426687557046
10756416666.7,-54.23470783303855
10761415000.0,-54.06384213399007
10766413333.3,-54.48900873689418
10771411666.7,-54.607947435758255
10776410000.0,-54.57631212344823
10781408333.3,-54.44498334094107
10786406666.7,-54.47065790516991
10791405000.0,-54.39266201201488
10796403333.3,-54.27950619615758
10801401666.7,-54.31739835020834
10806400000.0,-54.46280723040772
10811398333.3,-54.303660199742694
10816396666.7,-54.385904901312756
10821395000.0,-54.568155590919815
10826393333.3,-54.299572057653755
10831391666.7,-54.36720775016231
10836390000.0,-54.78884609053782
10841388333.3,-54.923197579963116
10846386666.7,-55.063812998997086
10851385000.0,-55.07425545071669
10856383333.3,-55.36169696435085
10861381666.7,-55.38470922693967
10866380000.0,-55.34411589441889
10871378333.3,-55.11738700629712
10876376666.7,-55.371601277680035
10881375000.0,-55.4639786672977
10886373333.3,-55.24520133981447
10891371666.7,-54.81703732686644
10896370000.0,-55.137706421063434
10901368333.3,-54.707103918089324
10906366666.7,-54.994404832314785
10911365000.0,-54.82704640284041
10916363333.3,-54.78506670079214
10921361666.7,-54.946066947467564
10926360000.0,-54.68561001511653
10931358333.3,-55.20830203074625
10936356666.7,-54.84055599403292
10941355000.0,-55.19411804727859
10946353333.3,-54.76233842472813
10951351666.7,-54.827785248131214
10956350000.0,-55.25072441867331
10961348333.3,-54.80621307827147
10966346666.7,-54.703405789551596
10971345000.0,-54.79428652587767
10976343333.3,-54.53888084983313
10981341666.7,-54.7009015811896
10986340000.0,-54.69414813435929
10991338333.3,-54.82785369380724
10996336666.7,-54.46605972054363
11001335000.0,-54.730468750835975
11006333333.3,-54.94204245097848
11011331666.7,-54.96311864577967
11016330000.0,-55.030544335314396
11021328333.3,-54.82514194419703
11026326666.7,-55.22985611389682
11031325000.0,-55.03753753930256
11036323333.3,-55.15136068000179
11041321666.7,-55.15897676869365
11046320000.0,-55.26001870947525
11051318333.3,-55.151565747943756
11056316666.7,-55.27947520111556
11061315000.0,-55.026639206215094
11066313333.3,-55.08597186154006
11071311666.7,-55.34160791404635
11076310000.0,-55.12023335812216
11081308333.3,-55.2617457676226
11086306666.7,-55.573887862269586
11091305000.0,-55.66978697764381
11096303333.3,-55.81250322102855
11101301666.7,-55.91312844675265
11106300000.0,-55.8467857478623
11111298333.3,-55.825261931116145
11116296666.7,-56.07071088972265
11121295000.0,-56.319883581451
11126293333.3,-56.39657219600095
11131291666.7,-56.1182132536795
11136290000.0,-55.64178130444094
11141288333.3,-55.86826027563995
11146286666.7,-55.68294708687261
11151285000.0,-55.97169473473808
11156283333.3,-55.66700756138596
11161281666.7,-55.634499282460595
11166280000.0,-55.72128269466937
11171278333.3,-55.83762573480412
11176276666.7,-55.70505536377724
11181275000.0,-55.83364809359793
11186273333.3,-55.767051004663216
11191271666.7,-56.107697264306104
11196270000.0,-55.839698226396536
11201268333.3,-56.02639629926457
11206266666.7,-56.281168753431885
11211265000.0,-56.0436132722902
11216263333.3,-56.05112184232294
11221261666.7,-55.59547136583773
11226260000.0,-55.88422413101065
11231258333.3,-55.699832628342314
11236256666.7,-55.78562533641509
11241255000.0,-55.61065890271472
11246253333.3,-55.602898208845914
11251251666.7,-55.36075456614561
11256250000.0,-55.51861166099553
11261248333.3,-55.52279846804544
11266246666.7,-55.285924332629904
11271245000.0,-55.672803029848396
11276243333.3,-55.55239761140154
11281241666.7,-55.40406967847233
11286240000.0,-55.65843983281071
11291238333.3,-55.49927880939782
11296236666.7,-55.39848983750106
11301235000.0,-55.73955190913024
11306233333.3,-55.5431546774168
11311231666.7,-55.59601173583339
11316230000.0,-55.26649139161029
11321228333.3,-55.65785114516725
11326226666.7,-55.19382607770585
11331225000.0,-55.32743417877568
11336223333.3,-55.26056070347602
11341221666.7,-55.33661186252004
11346220000.0,-55.62498581775759
11351218333.3,-55.51723516835459
11356216666.7,-55.554338343140124
11361215000.0,-55.91524746583236
11366213333.3,-55.96580633142633
11371211666.7,-55.9918175927486
11376210000.0,-55.712054825263465
11381208333.3,-55.96405928157832
11386206666.7,-55.86302263067512
11391205000.0,-56.14897000255053
11396203333.3,-55.797438104279784
11401201666.7,-55.77429845099999
11406200000.0,-56.15553800035249
11411198333.3,-56.0411985792505
11416196666.7,-55.80334775566399
11421195000.0,-55.77249076211005
11426193333.3,-55.866339391248864
11431191666.7,-56.33264855155166
11436190000.0,-56.048701958539326
11441188333.3,-56.35194568372881
11446186666.7,-55.89029506257332
11451185000.0,-56.26504198588654
11456183333.3,-56.15353716184014
11461181666.7,-56.11409425130704
11466180000.0,-56.25700772807008
11471178333.3,-55.85579914010245
11476176666.7,-55.87131316590379
11481175000.0,-55.983202887309744
11486173333.3,-55.93508840506551
11491171666.7,-55.571051047707414
11496170000.0,-55.97911085893202
11501168333.3,-55.86669778420516
11506166666.7,-55.85505833110333
11511165000.0,-55.89966031014416
11516163333.3,-55.554229109448315
11521161666.7,-55.774531487084566
11526160000.0,-55.905669929774376
11531158333.3,-55.91695819727406
11536156666.7,-55.96788998427201
11541155000.0,-56.1873797896603
11546153333.3,-56.241940269531554
11551151666.7,-56.40683055836249
11556150000.0,-56.463551719119266
11561148333.3,-56.23820496577536
11566146666.7,-56.138265047526986
11571145000.0,-55.875609831147315
11576143333.3,-55.68462331587858
11581141666.7,-55.62259047470684
11586140000.0,-55.442918244792445
11591138333.3,-55.33529705336355
11596136666.7,-55.790198905914025
11601135000.0,-55.41491377632256
11606133333.3,-55.82707943964869
11611131666.7,-55.65485645126958
11616130000.0,-55.9684648524329
11621128333.3,-55.98094345226623
11626126666.7,-56.15668643743935
11631125000.0,-56.20889211786698
11636123333.3,-56.20764147807022
11641121666.7,-56.32321141378946
11646120000.0,-56.367286228355276
11651118333.3,-56.410209667715606
11656116666.7,-56.27849489161038
11661115000.0,-55.70477556721642
11666113333.3,-55.587755934000896
11671111666.7,-55.948695383856816
11676110000.0,-55.93811250077647
11681108333.3,-55.71474429566976
11686106666.7,-55.93511573718227
11691105000.0,-55.921482211739274
11696103333.3,-56.266140486026394
11701101666.7,-56.013289232497385
11706100000.0,-56.081852570083356
11711098333.3,-56.15188672924048
11716096666.7,-56.46757467822286
11721095000.0,-56.183380958473144
11726093333.3,-56.30140614916477
11731091666.7,-56.234946179318534
11736090000.0,-55.99838491583203
11741088333.3,-56.245939232205835
11746086666.7,-55.96623150656122
11751085000.0,-56.32864867234744
11756083333.3,-56.08402295475936
11761081666.7,-55.53290894233279
11766080000.0,-56.13071532990534
11771078333.3,-56.058837629245595
11776076666.7,-55.62619556061381
11781075000.0,-55.91554917588989
11786073333.3,-56.11922098828635
11791071666.7,-56.476197349462055
11796070000.0,-56.52896285976904
11801068333.3,-56.60506639354196
11806066666.7,-56.64620381629491
11811065000.0,-56.27403807851839
11816063333.3,-56.775781465270654
11821061666.7,-56.86681725288621
11826060000.0,-56.49447655015045
11831058333.3,-56.613118416122916
11836056666.7,-56.374342398751914
11841055000.0,-56.51222149478584
11846053333.3,-56.240731482220205
11851051666.7,-56.392479078193254
11856050000.0,-56.29667540506722
11861048333.3,-56.57282114462213
11866046666.7,-56.440140494836925
11871045000.0,-56.37941949942888
11876043333.3,-56.78404879633476
11881041666.7,-56.10972699616028
11886040000.0,-56.34321257298539
11891038333.3,-56.80189806822388
11896036666.7,-56.48968664241735
11901035000.0,-56.339385053641244
11906033333.3,-57.13464240558936
11911031666.7,-56.82557835576387
11916030000.0,-56.687763188548914
11921028333.3,-56.62132974156455
11926026666.7,-56.45910870089256
11931025000.0,-56.61197595735118
11936023333.3,-56.96361756205089
11941021666.7,-56.595954550863084
11946020000.0,-56.74872009002694
11951018333.3,-56.639694560676816
11956016666.7,-57.0122242405908
11961015000.0,-56.557527087365884
11966013333.3,-56.78707311422821
11971011666.7,-56.98297200584606
11976010000.0,-56.854275628359886
11981008333.3,-56.74331517302985
11986006666.7,-56.946961883359094
11991005000.0,-56.94308143534471
11996003333.3,-56.619071301535
12001001666.7,-56.40975813782558
12006000000.0,-56.3603944062314
12010998333.3,-56.16250141624416
12015996666.7,-56.11393227514501
12020995000.0,-56.15904713071073
12025993333.3,-55.65510926785392
12030991666.7,-55.78888810678122
12035990000.0,-55.818090196285574
12040988333.3,-56.02634258373858
12045986666.7,-56.32953093494153
12050985000.0,-56.36355103833314
12055983333.3,-56.096935418596644
12060981666.7,-56.52710962374143
12065980000.0,-56.15685835066977
12070978333.3,-56.441131601943596
12075976666.7,-56.18838458054887
12080975000.0,-55.83200051515533
12085973333.3,-56.26618046721497
12090971666.7,-56.22620020335002
12095970000.0,-55.913661903954186
12100968333.3,-55.97422251761798
12105966666.7,-55.61305792991676
12110965000.0,-56.40286318329423
12115963333.3,-55.637168586157514
12120961666.7,-55.994449258582776
12125960000.0,-55.86487064222089
12130958333.3,-56.096974554902914
12135956666.7,-56.59837093156386
12140955000.0,-56.35592646637947
12145953333.3,-56.743695859018395
12150951666.7,-56.77136345903534
12155950000.0,-56.77929898616243
12160948333.3,-57.061918651627515
12165946666.7,-56.22861189542621
12170945000.0,-56.60613088370283
12175943333.3,-56.88199300591351
12180941666.7,-56.53617827160225
12185940000.0,-56.45199577258098
12190938333.3,-56.545366097569605
12195936666.7,-56.78465912112245
12200935000.0,-56.5568759230565
12205933333.3,-56.4519502354038
12210931666.7,-56.56385980576812
12215930000.0,-56.547505668402316
12220928333.3,-56.72335878082237
12225926666.7,-56.69313456825051
12230925000.0,-57.20338260230037
12235923333.3,-57.301247462371094
12240921666.7,-56.866447651888095
12245920000.0,-57.149907730199914
12250918333.3,-57.228945087584854
12255916666.7,-57.223427475061314
12260915000.0,-57.38114739513496
12265913333.3,-56.862385356871144
12270911666.7,-56.87962029478094
12275910000.0,-56.93366212948352
12280908333.3,-56.90087967208106
12285906666.7,-56.41488511412523
12290905000.0,-57.24547923012784
12295903333.3,-56.644772832244655
12300901666.7,-56.73118254577899
12305900000.0,-56.587211791864426
12310898333.3,-56.46052440264823
12315896666.7,-56.18543692855199
12320895000.0,-56.51017298635374
12325893333.3,-56.04553099295685
12330891666.7,-56.03880771124327
12335890000.0,-56.306955553302615
12340888333.3,-56.39252721728786
12345886666.7,-56.146158432190525
12350885000.0,-55.93005728234247
12355883333.3,-55.618008568170964
12360881666.7,-56.11653254052801
12365880000.0,-55.93767881130735
12370878333.3,-56.006245360833056
12375876666.7,-55.646574515516896
12380875000.0,-56.12634937532267
12385873333.3,-55.73273602662003
12390871666.7,-56.01574054022463
12395870000.0,-56.240800994769806
12400868333.3,-56.6426446822009
12405866666.7,-56.61546981738833
12410865000.0,-56.57484083969457
12415863333.3,-56.92095869304826
12420861666.7,-56.77903962329321
12425860000.0,-56.74794052463767
12430858333.3,-56.36305149330533
12435856666.7,-56.64101934964907
12440855000.0,-56.49611285798219
12445853333.3,-56.545954618665775
12450851666.7,-56.76103188492358
12455850000.0,-56.269904052779786
12460848333.3,-56.64630427561761
12465846666.7,-56.81335327790904
12470845000.0,-56.94876092971957
12475843333.3,-57.09953868297613
12480841666.7,-57.57749032617706
12485840000.0,-57.70345942608405
12490838333.3,-57.24670211070351
12495836666.7,-57.72500472768185
12500835000.0,-57.41520734120468
12505833333.3,-57.62648466449926
12510831666.7,-57.37533686748869
12515830000.0,-57.97938960871657
12520828333.3,-57.76065109540792
12525826666.7,-57.389458836661575
12530825000.0,-57.4102751807375
12535823333.3,-57.702301189038465
12540821666.7,-57.890352405703844
12545820000.0,-56.99542964824822
12550818333.3,-57.58577656719745
12555816666.7,-57.6457211370989
12560815000.0,-57.39453222717315
12565813333.3,-57.66812245564907
12570811666.7,-57.79797195696868
12575810000.0,-57.44335786059571
12580808333.3,-57.74390103065408
12585806666.7,-57.99867346737894
12590805000.0,-57.339402637938896
12595803333.3,-57.592328558364876
12600801666.7,-57.5622308750738
12605800000.0,-57.854318055999954
12610798333.3,-57.178170822683
12615796666.7,-57.11718885779255
12620795000.0,-57.31641915977239
12625793333.3,-57.22102246196208
12630791666.7,-57.03547556865389
12635790000.0,-56.998921037348694
12640788333.3,-56.97173823556795
12645786666.7,-57.189626383703654
12650785000.0,-57.205540195768485
12655783333.3,-57.21391346250199
12660781666.7,-57.82537800344346
12665780000.0,-57.71731704991018
12670778333.3,-57.8221660421879
12675776666.7,-57.66832763869445
12680775000.0,-57.80367232004224
12685773333.3,-57.44886694256085
12690771666.7,-57.3840215746371
12695770000.0,-57.549303816956446
12700768333.3,-57.7435077978157
12705766666.7,-57.388338118185985
12710765000.0,-57.826262920145325
12715763333.3,-57.56370725036122
12720761666.7,-57.63563837510613
12725760000.0,-57.91090693688062
12730758333.3,-57.7279912424852
12735756666.7,-57.45482600088553
12740755000.0,-58.26835466668876
12745753333.3,-58.2630517347826
12750751666.7,-58.266752438468
12755750000.0,-58.35823317445513
12760748333.3,-58.41054113284339
12765746666.7,-57.99989845424969
12770745000.0,-58.3703066760357
12775743333.3,-58.2354004270891
12780741666.7,-58.097278040283975
12785740000.0,-57.85884870414183
12790738333.3,-58.08192790513672
12795736666.7,-57.761751761383906
12800735000.0,-58.08509595544646
12805733333.3,-58.34685414484886
12810731666.7,-58.17085390239881
12815730000.0,-58.330346905194844
12820728333.3,-57.7848778045093
12825726666.7,-58.402786471093684
12830725000.0,-58.454961235926106
12835723333.3,-58.71226131028985
12840721666.7,-58.72751015071583
12845720000.0,-58.54454853249169
12850718333.3,-59.0154639361079
12855716666.7,-58.82194546119956
12860715000.0,-58.54895580992516
12865713333.3,-58.48311284596063
12870711666.7,-58.230148138574094
12875710000.0,-58.562179837810866
12880708333.3,-58.51729212832992
12885706666.7,-58.631658888367824
12890705000.0,-58.4291736574186
12895703333.3,-58.569999916879226
12900701666.7,-58.389127092316365
12905700000.0,-58.589010017846974
12910698333.3,-58.855920989137864
12915696666.7,-58.533333623627605
12920695000.0,-59.02341111057623
12925693333.3,-58.51148094856407
12930691666.7,-58.61664121511847
12935690000.0,-58.564315594522796
12940688333.3,-58.88074244703607
12945686666.7,-58.301162155675776
12950685000.0,-58.08726573834693
12955683333.3,-58.452821437486904
12960681666.7,-58.43412517579124
12965680000.0,-57.91479203055929
12970678333.3,-58.19627403479677
12975676666.7,-58.49999138427556
12980675000.0,-58.72172821077121
12985673333.3,-58.511381101999135
12990671666.7,-58.82585139948254
12995670000.0,-58.860659223017045
13000668333.3,-58.86936764694319
13005666666.7,-58.875239952007064
13010665000.0,-58.72429183733243
13015663333.3,-58.72495657768912
13020661666.7,-59.1470479875337
13025660000.0,-58.44615244081331
13030658333.3,-58.73283775829272
13035656666.7,-59.13116411280973
13040655000.0,-58.964522118125046
13045653333.3,-58.54795092234133
13050651666.7,-58.02948765633108
13055650000.0,-58.20263216937333
13060648333.3,-57.79956586605059
13065646666.7,-57.25505850434728
13070645000.0,-57.685453632365586
13075643333.3,-57.532531926420525
13080641666.7,-58.02860748619167
13085640000.0,-58.48684197080905
13090638333.3,-58.61522711508324
13095636666.7,-59.08446893954289
13100635000.0,-58.418000457743176
13105633333.3,-58.36296689563138
13110631666.7,-58.49616541337758
13115630000.0,-58.4684907943545
13120628333.3,-58.402510880981225
13125626666.7,-58.38629638861705
13130625000.0,-58.65850967788289
13135623333.3,-58.30652571583989
13140621666.7,-58.617898957837824
13145620000.0,-58.35712193961037
13150618333.3,-58.377438835314244
13155616666.7,-57.924071436752975
13160615000.0,-58.186630446713565
13165613333.3,-58.29998941420329
13170611666.7,-58.1894590008232
13175610000.0,-58.38888476042142
13180608333.3,-58.28582189677508
13185606666.7,-58.90136086265673
13190605000.0,-58.22334982720789
13195603333.3,-58.65375427822622
13200601666.7,-58.48744639481473
13205600000.0,-58.59739305048507
13210598333.3,-58.472264192271126
13215596666.7,-58.76086257646919
13220595000.0,-58.428118277216115
13225593333.3,-59.00497375964215
13230591666.7,-58.4918597160971
13235590000.0,-58.70576472070785
13240588333.3,-58.525085111412594
13245586666.7,-58.96988614191956
13250585000.0,-58.74144926141404
13255583333.3,-59.183781938678976
13260581666.7,-59.134973387100416
13265580000.0,-59.173507438583286
13270578333.3,-59.24224462483069
13275576666.7,-59.28210640912039
13280575000.0,-59.09828363298138
13285573333.3,-59.18908374404991
13290571666.7,-59.217529654276284
13295570000.0,-58.749789385270375
13300568333.3,-59.13275474125786
13305566666.7,-58.77864850842328
13310565000.0,-59.36411647056666
13315563333.3,-59.491596471099314
13320561666.7,-59.45724311433541
13325560000.0,-58.97644536690567
13330558333.3,-58.9155379989613
13335556666.7,-59.13118351053572
13340555000.0,-58.839121301022885
13345553333.3,-59.26842392799048
13350551666.7,-58.8229848268745
13355550000.0,-59.731168468439996
13360548333.3,-59.19481054286858
13365546666.7,-59.162548220701254
13370545000.0,-59.57491850133675
13375543333.3,-59.202614206320874
13380541666.7,-58.89573849645935
13385540000.0,-58.76464465769273
13390538333.3,-58.41998437540325
13395536666.7,-58.91036368497603
13400535000.0,-59.08183770821229
13405533333.3,-59.037825003372745
13410531666.7,-58.924540787387144
13415530000.0,-59.05353098827077
13420528333.3,-59.26768411494925
13425526666.7,-59.28675990474666
13430525000.0,-59.42063674830624
13435523333.3,-59.55639953028839
13440521666.7,-59.39591639849582
13445520000.0,-59.52330965060958
13450518333.3,-59.7742920811784
13455516666.7,-59.60336227666201
13460515000.0,-59.30754800107941
13465513333.3,-60.07716442026627
13470511666.7,-59.35708783543981
13475510000.0,-59.489923032860325
13480508333.3,-58.781378991035176
13485506666.7,-59.11476440406592
13490505000.0,-59.2497765161591
13495503333.3,-59.29645441711288
13500501666.7,-58.98154448359669
13505500000.0,-59.471073869094255
13510498333.3,-59.476503048386526
13515496666.7,-59.517890179528465
13520495000.0,-59.12494601115843
13525493333.3,-59.795021970989595
13530491666.7,-59.620350287809345
13535490000.0,-59.95583821514004
13540488333.3,-59.63669020393805
13545486666.7,-59.966233266596504
13550485000.0,-60.66472258241009
13555483333.3,-59.678559304796835
13560481666.7,-60.083212748691
13565480000.0,-59.92935328541491
13570478333.3,-60.26046837172159
13575476666.7,-60.007523231470486
13580475000.0,-60.5477134157811
13585473333.3,-60.6508614965169
13590471666.7,-60.538511924210916
13595470000.0,-60.87804859090432
13600468333.3,-60.660086089101235
13605466666.7,-60.76911775842216
13610465000.0,-60.64196672970927
13615463333.3,-60.41108949931555
13620461666.7,-60.13847262855168
13625460000.0,-60.98111508767541
13630458333.3,-60.58763681639206
13635456666.7,-60.97704346425967
13640455000.0,-60.90700511642494
13645453333.3,-60.350670783405164
13650451666.7,-60.145737681597396
13655450000.0,-60.309202068324055
13660448333.3,-60.75537490824436
13665446666.7,-60.21060931100272
13670445000.0,-60.25664439610142
13675443333.3,-60.250829462450504
13680441666.7,-60.358195831283645
13685440000.0,-59.85038976237992
13690438333.3,-60.52261880509355
13695436666.7,-60.37872786350408
13700435000.0,-60.63021152465034
13705433333.3,-59.81809853477243
13710431666.7,-59.607760489091
13715430000.0,-60.3731599049066
13720428333.3,-59.68905629899374
13725426666.7,-59.667044410380996
13730425000.0,-60.42720487576264
13735423333.3,-60.25335512538584
13740421666.7,-59.6631617685777
13745420000.0,-59.4316925237085
13750418333.3,-59.67844708128972
13755416666.7,-59.61169959076314
13760415000.0,-59.79986493902664
13765413333.3,-60.38029717943701
13770411666.7,-60.009993495484366
13775410000.0,-60.75692962242307
13780408333.3,-60.246443943132945
13785406666.7,-60.49494012949252
13790405000.0,-59.96454882001973
13795403333.3,-60.36824632632248
13800401666.7,-60.62076559016318
13805400000.0,-60.97370737281267
13810398333.3,-60.41775760226941
13815396666.7,-60.35991250035565
13820395000.0,-60.59211932701452
13825393333.3,-60.22165739493069
13830391666.7,-60.10410042398554
13835390000.0,-60.60499788028548
13840388333.3,-60.7811080049519
13845386666.7,-60.76774130684618
13850385000.0,-61.16233592095892
13855383333.3,-60.64049151859655
13860381666.7,-61.437176716222446
13865380000.0,-60.536476203614775
13870378333.3,-60.98965306628629
13875376666.7,-60.47398766844423
13880375000.0,-60.30971092235285
13885373333.3,-60.73985818021146
13890371666.7,-60.30966722670412
13895370000.0,-60.87669513317974
13900368333.3,-60.59973888385794
13905366666.7,-60.410596638274114
13910365000.0,-60.81157987985862
13915363333.3,-60.347953328525705
13920361666.7,-60.554965336351785
13925360000.0,-60.83199329037495
13930358333.3,-60.20615411965555
13935356666.7,-60.67353930284173
13940355000.0,-60.879418565949564
13945353333.3,-61.08961961396165
13950351666.7,-60.88447909502278
13955350000.0,-61.628995781944084
13960348333.3,-60.411972979015836
13965346666.7,-60.58953810821401
13970345000.0,-59.66015859440833
13975343333.3,-60.361601166056396
13980341666.7,-60.68598893201076
13985340000.0,-60.28037168650414
13990338333.3,-60.0950770088296
13995336666.7,-60.28340420656657
14000335000.0,-60.21130988728488
14005333333.3,-59.4627280801828
14010331666.7,-60.37668350919286
14015330000.0,-59.92481189542977
14020328333.3,-60.02343926177306
14025326666.7,-59.98862534731812
14030325000.0,-59.84449811068995
14035323333.3,-59.84522954784737
14040321666.7,-60.02573418925982
14045320000.0,-60.24193993363751
14050318333.3,-59.190652852853916
14055316666.7,-59.98215803427641
14060315000.0,-60.40201761991106
14065313333.3,-60.03888236944672
14070311666.7,-60.51519069956661
14075310000.0,-59.76328690437058
14080308333.3,-59.9189970792866
14085306666.7,-59.676247283557906
14090305000.0,-60.295539420336006
14095303333.3,-60.333154567771004
14100301666.7,-60.44233360801836
14105300000.0,-59.76335219639806
14110298333.3,-60.790537742932706
14115296666.7,-61.19965139576593
14120295000.0,-60.24105392654482
14125293333.3,-60.456548276966124
14130291666.7,-60.88473191351337
14135290000.0,-60.62481279809396
14140288333.3,-60.73917399250182
14145286666.7,-60.38003834497584
14150285000.0,-60.90672944162999
14155283333.3,-61.05701011274473
14160281666.7,-60.685845166406914
14165280000.0,-60.598736213957444
14170278333.3,-59.97507056751995
14175276666.7,-60.306660925630176
14180275000.0,-60.42233587035969
14185273333.3,-60.74161760702924
14190271666.7,-61.11612741358413
14195270000.0,-60.602967259666386
14200268333.3,-60.66525350333012
14205266666.7,-60.94797332204106
14210265000.0,-60.02119105140069
14215263333.3,-59.96911969837706
14220261666.7,-60.725908401695534
14225260000.0,-60.146677882774966
14230258333.3,-60.22584030292634
14235256666.7,-60.778027980152416
14240255000.0,-60.79787619297469
14245253333.3,-60.08435736727602
14250251666.7,-59.911306259391644
14255250000.0,-60.177332169016644
14260248333.3,-60.45397359451972
14265246666.7,-60.23962085910665
14270245000.0,-61.26845127412332
14275243333.3,-61.348088177764566
14280241666.7,-61.342486942607906
14285240000.0,-61.32933786025295
14290238333.3,-60.5573219271826
14295236666.7,-61.03645533358989
14300235000.0,-61.30926736549108
14305233333.3,-61.06061884499538
14310231666.7,-60.61361135198064
14315230000.0,-60.271868857867275
14320228333.3,-60.55112842005034
14325226666.7,-60.599432699068075
14330225000.0,-60.627845334481464
14335223333.3,-60.01479132536532
14340221666.7,-60.8000844920116
14345220000.0,-60.134527655424684
14350218333.3,-59.78482103264339
14355216666.7,-60.24723884934302
14360215000.0,-60.847479477672685
14365213333.3,-60.37103984421752
14370211666.7,-60.887582131687935
14375210000.0,-61.09635318813324
14380208333.3,-61.05271479378982
14385206666.7,-62.02245372396102
14390205000.0,-60.974930302884246
14395203333.3,-60.73531073252822
14400201666.7,-61.0150874044519
14405200000.0,-60.499669284254935
14410198333.3,-60.2147224312618
14415196666.7,-60.26721754617497
14420195000.0,-60.95240643351394
14425193333.3,-60.35429284590794
14430191666.7,-60.63612700845979
14435190000.0,-61.10967084992927
14440188333.3,-60.37614201393376
14445186666.7,-60.80324904299176
14450185000.0,-61.125133033741946
14455183333.3,-60.77247123850651
14460181666.7,-61.29799369973072
14465180000.0,-61.27498638577079
14470178333.3,-62.04862682383633
14475176666.7,-61.36259479007089
14480175000.0,-61.60925333076206
14485173333.3,-62.05532827343958
14490171666.7,-61.99564622742527
14495170000.0,-61.57170934709928
14500168333.3,-61.5926548217016
14505166666.7,-61.74435471218505
14510165000.0,-61.35069831912943
14515163333.3,-61.34786561704101
14520161666.7,-61.96331154473617
14525160000.0,-62.15054832035656
14530158333.3,-61.83776346402573
14535156666.7,-62.61109592826719
14540155000.0,-62.47687575998598
14545153333.3,-62.7878625593458
14550151666.7,-61.98801106363582
14555150000.0,-62.91956636262653
14560148333.3,-62.27432478251358
14565146666.7,-62.21038238516728
14570145000.0,-62.07568974480503
14575143333.3,-62.19501555661587
14580141666.7,-62.485684845899534
14585140000.0,-62.213225043462444
14590138333.3,-62.51481839236717
14595136666.7,-62.4750359919303
14600135000.0,-61.583814603727056
14605133333.3,-62.58010976821915
14610131666.7,-62.37312829345861
14615130000.0,-62.870521086786425
14620128333.3,-61.72120156377173
14625126666.7,-61.973206602487
14630125000.0,-62.32132361703893
14635123333.3,-62.01567861917452
14640121666.7,-62.5526800725749
14645120000.0,-62.17737458622467
14650118333.3,-62.42826959016365
14655116666.7,-62.03991950345134
14660115000.0,-62.405877216198455
14665113333.3,-61.92160400130314
14670111666.7,-61.83094284079967
14675110000.0,-61.30754311563187
14680108333.3,-61.66792850213615
14685106666.7,-61.985593094740324
14690105000.0,-61.61628848901366
14695103333.3,-61.379461349172225
14700101666.7,-61.779988116500164
14705100000.0,-62.23126891702182
14710098333.3,-62.23883669290096
14715096666.7,-63.21425531543855
14720095000.0,-62.18976669536018
14725093333.3,-62.39266428719599
14730091666.7,-61.887967871277354
14735090000.0,-62.48424731120822
14740088333.3,-62.257447897950584
14745086666.7,-62.40168636722174
14750085000.0,-62.023981941474474
14755083333.3,-61.68437081905191
14760081666.7,-61.4257534324006
14765080000.0,-61.888545772475226
14770078333.3,-61.24060664482985
14775076666.7,-61.072208469003016
14780075000.0,-61.86670164693078
14785073333.3,-61.00882090590954
14790071666.7,-61.377723608822805
14795070000.0,-62.10480734157143
14800068333.3,-62.017016986038406
14805066666.7,-62.58024175910112
14810065000.0,-62.19316293156423
14815063333.3,-62.604194578848876
14820061666.7,-62.12258659861503
14825060000.0,-62.167139061400725
14830058333.3,-62.549200578882974
14835056666.7,-62.777872438418086
14840055000.0,-62.242247234721255
14845053333.3,-62.59148446308211
14850051666.7,-62.00744654629343
14855050000.0,-62.31721406107502
14860048333.3,-62.365356533825896
14865046666.7,-61.62195276474807
14870045000.0,-62.471584847310325
14875043333.3,-62.86158438977981
14880041666.7,-61.90171789054374
14885040000.0,-62.84155892676541
14890038333.3,-63.30604646081145
14895036666.7,-62.887910405177294
14900035000.0,-62.54258620218236
14905033333.3,-63.41830151701829
14910031666.7,-62.82446628106663
14915030000.0,-62.85770202457907
14920028333.3,-62.70914384492712
14925026666.7,-62.909834450849175
14930025000.0,-62.44510131305784
14935023333.3,-62.359473014295745
14940021666.7,-62.575178207190554
14945020000.0,-62.36053806608851
14950018333.3,-61.926955973446496
14955016666.7,-62.10399473438763
14960015000.0,-61.61620985120015
14965013333.3,-61.85091635300253
14970011666.7,-61.65093043280561
14975010000.0,-61.55321646288455
14980008333.3,-62.110263990356806
14985006666.7,-62.024890624451615
14990005000.0,-62.095525604955846
14995003333.3,-61.607275407174015
15000001666.7,-62.546136879126266
15005000000.0,-62.0757240094462
15009998333.3,-61.72486519671278
15014996666.7,-61.7496930454129
15019995000.0,-61.904729028514566
15024993333.3,-62.09751675554755
15029991666.7,-61.6597164931155
15034990000.0,-62.702890282216
15039988333.3,-62.020918124186494
15044986666.7,-61.7050434266164
15049985000.0,-61.440063750472234
15054983333.3,-61.68349209505746
15059981666.7,-61.83576380917589
15064980000.0,-62.233479563957054
15069978333.3,-61.469975955223646
15074976666.7,-62.394803240093594
15079975000.0,-61.907884460579375
15084973333.3,-62.00365331641994
15089971666.7,-61.923004637989095
15094970000.0,-62.2365180024483
15099968333.3,-61.67906438892389
15104966666.7,-61.392199505449064
15109965000.0,-61.07974064220465
15114963333.3,-61.83336686315825
15119961666.7,-61.00658137018635
15124960000.0,-61.69831301676944
15129958333.3,-61.4942195924815
15134956666.7,-61.63857340716551
15139955000.0,-61.39978227429138
15144953333.3,-62.25920793850234
15149951666.7,-61.562411026981756
15154950000.0,-62.85636130953225
15159948333.3,-62.58083658523549
15164946666.7,-62.214031775427515
15169945000.0,-62.279293482455515
15174943333.3,-62.83219086619789
15179941666.7,-62.61153330061754
15184940000.0,-62.70441644989931
15189938333.3,-62.58664146870002
15194936666.7,-62.48713128661081
15199935000.0,-62.3903004619467
15204933333.3,-62.45557084632495
15209931666.7,-62.36272270017572
15214930000.0,-63.10932053332513
15219928333.3,-62.65878645758592
15224926666.7,-64.22759922573032
15229925000.0,-63.62528331343142
15234923333.3,-63.68588628406596
15239921666.7,-63.627765459098214
15244920000.0,-63.64389731946272
15249918333.3,-63.2168539871295
15254916666.7,-64.06983829679015
15259915000.0,-63.8740318464885
15264913333.3,-64.61978072563498
15269911666.7,-63.791024001418506
15274910000.0,-62.26039469577903
15279908333.3,-63.52183928973552
15284906666.7,-62.834009066475936
15289905000.0,-62.888668640613936
15294903333.3,-62.55476252151391
15299901666.7,-62.64574192229223
15304900000.0,-63.315930640611995
15309898333.3,-63.580506693116476
15314896666.7,-62.61920035066369
15319895000.0,-63.31547514533861
15324893333.3,-62.77226778662055
15329891666.7,-63.11742821436694
15334890000.0,-62.82961134536258
15339888333.3,-62.62971026581717
15344886666.7,-62.64385565493855
15349885000.0,-62.712646067643746
15354883333.3,-63.553528761505916
15359881666.7,-63.26071943735136
15364880000.0,-62.903488753412816
15369878333.3,-62.74760314153764
15374876666.7,-61.472201591393926
15379875000.0,-61.805536152728465
15384873333.3,-62.60297019521445
15389871666.7,-62.99035685018964
15394870000.0,-63.32070005389699
15399868333.3,-63.17600435465551
15404866666.7,-63.15039411268672
15409865000.0,-62.86926372767917
15414863333.3,-62.45840448447615
15419861666.7,-63.66422451931176
15424860000.0,-62.665957824349874
15429858333.3,-62.965206366245496
15434856666.7,-63.13811125770692
15439855000.0,-62.80865966197575
15444853333.3,-63.37746966644619
15449851666.7,-63.3235080168858
15454850000.0,-63.465083785423985
15459848333.3,-62.76998544274364
15464846666.7,-63.24408662249631
15469845000.0,-63.253564752253595
15474843333.3,-63.84340876239777
15479841666.7,-63.37172501746462
15484840000.0,-64.25439265079058
15489838333.3,-64.350670670585
15494836666.7,-64.62655610265473
15499835000.0,-64.65573071826782
15504833333.3,-64.01286498742597
15509831666.7,-64.16229474154943
15514830000.0,-65.39524296007521
15519828333.3,-64.01533266582163
15524826666.7,-64.74167011915637
15529825000.0,-64.46268132751642
15534823333.3,-64.38415200507164
15539821666.7,-64.37882641221012
15544820000.0,-64.41635123752161
15549818333.3,-63.77988120195624
15554816666.7,-64.15684656833918
15559815000.0,-64.10315311014487
15564813333.3,-64.92954604061613
15569811666.7,-63.70301120501445
15574810000.0,-64.12356864781289
15579808333.3,-63.965876205679294
15584806666.7,-64.50624261760062
15589805000.0,-64.24563460104518
15594803333.3,-64.3891714644233
15599801666.7,-64.03601520665696
15604800000.0,-64.65761257363762
15609798333.3,-63.75874816152705
15614796666.7,-64.29287970964513
15619795000.0,-64.48525262370774
15624793333.3,-64.02182882827799
15629791666.7,-63.258092467731835
15634790000.0,-63.47603850096646
15639788333.3,-63.88661560423663
15644786666.7,-63.79450714449917
15649785000.0,-63.30517074013404
15654783333.3,-64.05903247856094
15659781666.7,-63.619411749665545
15664780000.0,-63.27264167403804
15669778333.3,-63.957190187425354
15674776666.7,-63.981079715681595
15679775000.0,-63.86117795345484
15684773333.3,-64.76544696976917
15689771666.7,-62.860679087189396
15694770000.0,-63.237803609004324
15699768333.3,-62.62669417842508
15704766666.7,-63.46771559589229
15709765000.0,-62.85078797103823
15714763333.3,-62.828630004299164
15719761666.7,-63.66535672469417
15724760000.0,-63.29268888794812
15729758333.3,-63.8816132134981
15734756666.7,-64.00993899700578
15739755000.0,-64.10380861296034
15744753333.3,-63.41520473953133
15749751666.7,-65.02473453893106
15754750000.0,-65.12802521875838
15759748333.3,-65.02159403123744
15764746666.7,-65.30124727499535
15769745000.0,-64.14771020706316
15774743333.3,-64.2756761338524
15779741666.7,-64.17985375343211
15784740000.0,-65.08241639305986
15789738333.3,-64.90366993128083
15794736666.7,-63.91112553282188
15799735000.0,-64.90162787560764
15804733333.3,-63.14827013306254
15809731666.7,-64.43495194604317
15814730000.0,-64.23210517713686
15819728333.3,-64.32691051139639
15824726666.7,-64.85452318734333
15829725000.0,-63.55421468168699
15834723333.3,-63.462259357098326
15839721666.7,-65.0815700446379
15844720000.0,-64.62962288951707
15849718333.3,-63.66438735273978
15854716666.7,-64.86003224249276
15859715000.0,-65.68371066302284
15864713333.3,-64.11154790670736
15869711666.7,-64.23709988055103
15874710000.0,-64.82413560066695
15879708333.3,-63.987633593487416
15884706666.7,-63.02224770789786
15889705000.0,-63.363617093213556
15894703333.3,-63.87679704031231
15899701666.7,-63.38671760935448
15904700000.0,-62.88429998756952
15909698333.3,-64.33608646286218
15914696666.7,-63.64815465516516
15919695000.0,-64.34355082116701
15924693333.3,-65.05414022728863
15929691666.7,-63.93639478199798
15934690000.0,-63.90228315139478
15939688333.3,-64.51594909040313
15944686666.7,-64.25290203415217
15949685000.0,-64.80190903020001
15954683333.3,-64.31381100708303
15959681666.7,-65.15403643876678
15964680000.0,-64.86404534047549
15969678333.3,-63.13413448078958
15974676666.7,-65.04999156918159
15979675000.0,-64.02513608075112
15984673333.3,-64.04963927361239
15989671666.7,-63.748010968046216
15994670000.0,-63.67428398580037
15999668333.3,-63.68847563403382
16004666666.7,-63.3596734372657
16009665000.0,-64.89422251090171
16014663333.3,-63.90853523474118
16019661666.7,-65.29257496825254
16024660000.0,-63.844649401757074
16029658333.3,-63.386898284322406
16034656666.7,-64.2408309379666
16039655000.0,-64.84185534220757
16044653333.3,-64.06560778171827
16049651666.7,-64.30406143665864
16054650000.0,-63.934564687851186
16059648333.3,-64.32419056294715
16064646666.7,-64.20445956841841
16069645000.0,-64.4189451103737
16074643333.3,-63.95273673326774
16079641666.7,-64.56441197521494
16084640000.0,-64.4219159309478
16089638333.3,-64.25930125176272
16094636666.7,-64.90232208958983
16099635000.0,-64.07824704827766
16104633333.3,-65.36926229527168
16109631666.7,-64.47392001730647
16114630000.0,-64.84351205892528
16119628333.3,-64.68869828759696
16124626666.7,-64.23399570382126
16129625000.0,-63.97314685632097
16134623333.3,-64.1407676910428
16139621666.7,-64.20668872991892
16144620000.0,-64.5181651604263
16149618333.3,-63.691209843433505
16154616666.7,-64.59680035814495
16159615000.0,-64.2325083692136
16164613333.3,-64.13207456668972
16169611666.7,-63.99395136096439
16174610000.0,-64.66302835565423
16179608333.3,-63.66902369761911
16184606666.7,-64.239247426063
16189605000.0,-64.83162236326307
16194603333.3,-63.39105883698542
16199601666.7,-64.4431221540795
16204600000.0,-65.79030964429718
16209598333.3,-64.34303554838067
16214596666.7,-65.04312980658534
16219595000.0,-64.84274329076709
16224593333.3,-64.9305944359986
16229591666.7,-64.47762473299268
16234590000.0,-63.865764208087235
16239588333.3,-64.36579826425348
16244586666.7,-65.30534734672594
16249585000.0,-64.40038199264177
16254583333.3,-63.969349084503065
16259581666.7,-65.08586829967231
16264580000.0,-64.41198719156047
16269578333.3,-64.19363236541854
16274576666.7,-64.97170774558549
16279575000.0,-64.80623731553544
16284573333.3,-65.01922592545125
16289571666.7,-63.702887307345605
16294570000.0,-66.02797278157797
16299568333.3,-65.03494666965909
16304566666.7,-64.75374663262053
16309565000.0,-65.18741225035234
16314563333.3,-64.12684651013743
16319561666.7,-64.50410400324634
16324560000.0,-64.24398499888575
16329558333.3,-64.39540271918885
16334556666.7,-64.48321878201556
16339555000.0,-65.16949093659674
16344553333.3,-64.79691305520072
16349551666.7,-64.50331683434094
16354550000.0,-65.39660681752255
16359548333.3,-64.81273135568095
16364546666.7,-64.32925569442402
16369545000.0,-64.44984497081589
16374543333.3,-64.88899361971673
16379541666.7,-64.87964410142236
16384540000.0,-65.1707175663533
16389538333.3,-64.59550505289641
16394536666.7,-65.95502992107225
16399535000.0,-65.76752374038612
16404533333.3,-64.56669159584986
16409531666.7,-64.84352667128975
16414530000.0,-64.4756034875972
16419528333.3,-65.10360295228388
16424526666.7,-66.70717547365653
16429525000.0,-64.81952145646282
16434523333.3,-65.49716792338387
16439521666.7,-64.88241735012755
16444520000.0,-65.88830463479853
16449518333.3,-64.42807481076645
16454516666.7,-64.16391264221353
16459515000.0,-65.25171497576761
16464513333.3,-65.237425632433
16469511666.7,-64.42357318180213
16474510000.0,-65.81490630191186
16479508333.3,-65.38517743004562
16484506666.7,-64.31146150847704
16489505000.0,-63.852438637226534
16494503333.3,-64.28125608351453
16499501666.7,-64.41980282205131
16504500000.0,-65.14711205395662
16509498333.3,-65.09614755322337
16514496666.7,-65.64436862338911
16519495000.0,-64.58455090295442
16524493333.3,-64.69549825750305
16529491666.7,-65.05473722040618
16534490000.0,-65.32025601871804
16539488333.3,-65.20931334993081
16544486666.7,-65.27887784547096
16549485000.0,-65.12789779955943
16554483333.3,-65.86407584645386
16559481666.7,-65.26660448690588
16564480000.0,-65.4232915415216
16569478333.3,-66.34495655255624
16574476666.7,-65.06256599186669
16579475000.0,-64.60677674909347
16584473333.3,-65.12970230048691
16589471666.7,-64.87365333815917
16594470000.0,-65.57885826200152
16599468333.3,-64.57207923636904
16604466666.7,-65.32993627376024
16609465000.0,-65.6998663092702
16614463333.3,-64.95276514247921
16619461666.7,-66.00221339682724
16624460000.0,-65.04589788658923
16629458333.3,-65.58956085451301
16634456666.7,-65.61347779594426
16639455000.0,-65.30220181534061
16644453333.3,-64.84636907551464
16649451666.7,-64.73582353428664
16654450000.0,-65.87605230669561
16659448333.3,-65.36231906581261
16664446666.7,-65.4333546517978
16669445000.0,-66.31494456676309
16674443333.3,-64.26457841702988
16679441666.7,-64.82981342745397
16684440000.0,-64.31421194841455
16689438333.3,-65.18307178128745
16694436666.7,-65.45704721268709
16699435000.0,-64.54161493517533
16704433333.3,-64.70919410665361
16709431666.7,-65.00494418981833
16714430000.0,-64.71581703331442
16719428333.3,-64.72055619858244
16724426666.7,-64.43057034980222
16729425000.0,-65.42285179904802
16734423333.3,-64.4108797805121
16739421666.7,-64.25147659763097
16744420000.0,-64.66210621418811
16749418333.3,-65.08658602882966
16754416666.7,-64.66953773751274
16759415000.0,-65.22833992310275
16764413333.3,-64.25399595489483
16769411666.7,-66.10739124770974
16774410000.0,-64.815784639819
16779408333.3,-65.1079996248121
16784406666.7,-64.47257108131171
16789405000.0,-65.54710318437944
16794403333.3,-64.32998146099817
16799401666.7,-65.22844120489404
16804400000.0,-65.08370924716644
16809398333.3,-66.4743754046424
16814396666.7,-65.15036724663406
16819395000.0,-63.99905950234772
16824393333.3,-65.2698267076691
16829391666.7,-64.81402529461265
16834390000.0,-65.61926701525421
16839388333.3,-66.1799169075986
16844386666.7,-64.93711119231895
16849385000.0,-65.26983433942107
16854383333.3,-64.40695014166738
16859381666.7,-64.61065847943416
16864380000.0,-63.955813365859896
16869378333.3,-65.948799601697
16874376666.7,-65.74154041338187
16879375000.0,-65.43558764504908
16884373333.3,-66.14304011501359
16889371666.7,-65.95266503558716
16894370000.0,-65.78097708972223
16899368333.3,-66.17355459087436
16904366666.7,-65.05463844900125
16909365000.0,-64.74646772598732
16914363333.3,-64.24891633746054
16919361666.7,-65.17588263933794
16924360000.0,-65.14095945655127
16929358333.3,-65.45679777692176
16934356666.7,-65.1799366506184
16939355000.0,-65.49461494683278
16944353333.3,-65.63411403210632
16949351666.7,-65.24723094411365
16954350000.0,-64.96153317347616
16959348333.3,-65.55750963090772
16964346666.7,-64.7266815369787
16969345000.0,-65.17916949303971
16974343333.3,-64.4216851527097
16979341666.7,-65.2939378469899
16984340000.0,-64.97623041997916
16989338333.3,-64.08443516817222
16994336666.7,-65.1868621816636
16999335000.0,-64.36633396783823
17004333333.3,-63.46048292251109
17009331666.7,-64.51798863652327
17014330000.0,-64.6323526377065
17019328333.3,-64.16096082531325
17024326666.7,-64.70119235100046
17029325000.0,-63.72032670726191
17034323333.3,-65.041091799257
17039321666.7,-65.05575802672213
17044320000.0,-64.1822480473739
17049318333.3,-64.9111717291122
17054316666.7,-64.10671777736303
17059315000.0,-64.12186246599484
17064313333.3,-64.24096351885751
17069311666.7,-64.50674888836484
17074310000.0,-64.5187451935569
17079308333.3,-65.60651491348692
17084306666.7,-62.9323983696521
17089305000.0,-64.99957747919605
17094303333.3,-63.48077967056131
17099301666.7,-64.71930329972595
17104300000.0,-64.17975088909358
17109298333.3,-63.88750703237716
17114296666.7,-65.3195062226385
17119295000.0,-65.12831024245459
17124293333.3,-64.92605073311302
17129291666.7,-65.81954768908074
17134290000.0,-64.75893464796661
17139288333.3,-65.55893227086158
17144286666.7,-66.23130393068142
17149285000.0,-65.15600372845131
17154283333.3,-65.37642162355696
17159281666.7,-64.74004097797788
17164280000.0,-65.48273657222167
17169278333.3,-65.60749769285712
17174276666.7,-65.11043420120998
17179275000.0,-65.69975030189751
17184273333.3,-64.98634192461265
17189271666.7,-64.149127747063
17194270000.0,-64.80851673667456
17199268333.3,-65.61986659875242
17204266666.7,-64.74717961593919
17209265000.0,-65.92800225803677
17214263333.3,-66.10450107767439
17219261666.7,-65.67580375924729
17224260000.0,-66.4281907849474
17229258333.3,-66.47786681931873
17234256666.7,-66.14862014009316
17239255000.0,-65.77813060223994
17244253333.3,-65.42464489704473
17249251666.7,-65.64334896231429
17254250000.0,-66.28426168382344
17259248333.3,-65.15882084008865
17264246666.7,-66.21930735552694
17269245000.0,-66.53538210583477
17274243333.3,-64.9564460127721
17279241666.7,-66.26280799557983
17284240000.0,-65.59393019227754
17289238333.3,-65.4701396374888
17294236666.7,-63.92967891762511
17299235000.0,-65.47627129654956
17304233333.3,-64.51238233993239
17309231666.7,-65.34772132312429
17314230000.0,-64.75453917760635
17319228333.3,-64.8313115366649
17324226666.7,-64.20951597975072
17329225000.0,-65.11190270875487
17334223333.3,-64.04516357231651
17339221666.7,-65.0615386777958
17344220000.0,-64.75811406691834
17349218333.3,-64.48604257100992
17354216666.7,-64.73971744884862
17359215000.0,-64.80385115069495
17364213333.3,-65.74569512344887
17369211666.7,-65.67904765582566
17374210000.0,-64.69509995928291
17379208333.3,-65.26879058875684
17384206666.7,-64.53578280138812
17389205000.0,-66.15918635577655
17394203333.3,-65.99383213957853
17399201666.7,-66.82852874051318
17404200000.0,-66.13661868511204
17409198333.3,-66.29887873756219
17414196666.7,-64.24512284325418
17419195000.0,-66.3440866072307
17424193333.3,-65.81803169352128
17429191666.7,-65.38256353206062
17434190000.0,-65.4859781264304
17439188333.3,-66.47575892522303
17444186666.7,-65.32106067898398
17449185000.0,-66.08218690466367
17454183333.3,-65.59854089512955
17459181666.7,-66.69020015827228
17464180000.0,-64.86262894678394
17469178333.3,-66.18641922673115
17474176666.7,-65.3897732323623
17479175000.0,-65.43897185931391
17484173333.3,-65.93216540048493
17489171666.7,-65.01749388146963
17494170000.0,-65.54004375393876
17499168333.3,-63.56543268914748
17504166666.7,-66.23236400210588
17509165000.0,-65.28946280730187
17514163333.3,-65.09200345988236
17519161666.7,-65.13305883425139
17524160000.0,-65.68029775951929
17529158333.3,-64.85778118698161
17534156666.7,-65.9585277752113
17539155000.0,-64.26183527484771
17544153333.3,-64.83124910205068
17549151666.7,-65.26975771141616
17554150000.0,-65.2593291481939
17559148333.3,-66.07866349593577
17564146666.7,-64.65236803440902
17569145000.0,-67.16314016054204
17574143333.3,-65.71369997707863
17579141666.7,-64.91603682553715
17584140000.0,-65.54870081138398
17589138333.3,-65.73692141230043
17594136666.7,-66.90551092840388
17599135000.0,-65.46720068706522
17604133333.3,-66.25687531465903
17609131666.7,-65.70292412818235
17614130000.0,-65.96133135857043
17619128333.3,-66.92113587440949
17624126666.7,-65.56965674878742
17629125000.0,-66.6402161037447
17634123333.3,-65.89391015925587
17639121666.7,-65.45447845947581
17644120000.0,-65.19478087336545
17649118333.3,-66.07916892165599
17654116666.7,-65.74319709363762
17659115000.0,-65.26852103520008
17664113333.3,-65.37373443611155
17669111666.7,-65.41118115811129
17674110000.0,-65.98537878965469
17679108333.3,-65.58412635967031
17684106666.7,-65.2715845249087
17689105000.0,-66.03231312015939
17694103333.3,-65.97451402352297
17699101666.7,-65.08535468031391
17704100000.0,-66.90514934056749
17709098333.3,-65.77767742352312
17714096666.7,-65.6844885148014
17719095000.0,-64.86089099221053
17724093333.3,-64.61328245455073
17729091666.7,-65.11977747156484
17734090000.0,-64.44540899777078
17739088333.3,-64.90416413875282
17744086666.7,-65.32291302185895
17749085000.0,-65.36423684261037
17754083333.3,-65.34426035441281
17759081666.7,-64.22044849423843
17764080000.0,-65.00720373383926
17769078333.3,-64.7208233158164
17774076666.7,-65.13010681321886
17779075000.0,-65.67216426342142
17784073333.3,-64.12301261070965
17789071666.7,-64.31206833725612
17794070000.0,-65.20964686261752
17799068333.3,-64.2408751529206
17804066666.7,-64.14781246404873
17809065000.0,-64.44572553611752
17814063333.3,-64.8977975936722
17819061666.7,-66.35845132152392
17824060000.0,-66.02232803323061
17829058333.3,-66.65723680007572
17834056666.7,-65.666276814052
17839055000.0,-64.28742073659285
17844053333.3,-65.38462095044831
17849051666.7,-65.95676411717615
17854050000.0,-64.58134954653563
17859048333.3,-65.27972269543878
17864046666.7,-65.38929489995236
17869045000.0,-65.52104391858857
17874043333.3,-65.63168766185994
17879041666.7,-64.79848090322963
17884040000.0,-66.54400640820661
17889038333.3,-65.89371169230034
17894036666.7,-67.0053307120348
17899035000.0,-65.61584051463325
17904033333.3,-66.37726217051132
17909031666.7,-65.32942360769144
17914030000.0,-65.81930381935922
17919028333.3,-66.75184556593915
17924026666.7,-65.83725965570869
17929025000.0,-65.4995617179225
17934023333.3,-64.65254379315145
17939021666.7,-65.5349590679896
17944020000.0,-65.77751455649972
17949018333.3,-65.74893984985393
17954016666.7,-65.69502060619274
17959015000.0,-67.04922554408577
17964013333.3,-66.12049838402939
17969011666.7,-65.99729829171366
17974010000.0,-66.43465180306546
17979008333.3,-65.74524418829493
17984006666.7,-65.78622479281431
17989005000.0,-65.65150561652558
17994003333.3,-66.56005987234914
17999001666.7,-65.86685725062901
18004000000.0,-66.85955286251696
18008998333.3,-65.77316197764121
18013996666.7,-65.71173315440389
18018995000.0,-65.37139787025593
18023993333.3,-65.42595838157811
18028991666.7,-64.74239160875614
18033990000.0,-64.83727035525546
18038988333.3,-64.60380244021528
18043986666.7,-65.8047983270284
18048985000.0,-64.77688736840682
18053983333.3,-64.66234924488916
18058981666.7,-65.63677691135643
18063980000.0,-66.44797694909367
18068978333.3,-64.5750678357298
18073976666.7,-64.77682646874298
18078975000.0,-64.38938855639773
18083973333.3,-66.60775319935547
18088971666.7,-66.41198954554582
18093970000.0,-66.15363342765302
18098968333.3,-66.55623837118378
18103966666.7,-66.67050262269085
18108965000.0,-67.62796746724375
18113963333.3,-65.8284069044964
18118961666.7,-65.22700904124564
18123960000.0,-65.98290582100151
18128958333.3,-65.77048027797267
18133956666.7,-65.79669624304378
18138955000.0,-64.40523075424818
18143953333.3,-65.55936016224803
18148951666.7,-65.8850680534322
18153950000.0,-66.95759046450439
18158948333.3,-65.72130748541008
18163946666.7,-68.1696881482811
18168945000.0,-65.33842975306501
18173943333.3,-67.30847628087974
18178941666.7,-65.9490432513974
18183940000.0,-65.36032630024324
18188938333.3,-66.19773203661359
18193936666.7,-66.48545781677188
18198935000.0,-66.5129722219356
18203933333.3,-64.3025175755242
18208931666.7,-66.83762098194043
18213930000.0,-65.84642348293232
18218928333.3,-67.76660593100803
18223926666.7,-64.7928516448883
18228925000.0,-65.92457143624186
18233923333.3,-65.45917009835291
18238921666.7,-66.06639486492084
18243920000.0,-67.39706668402901
18248918333.3,-65.71830323241537
18253916666.7,-65.24479068203274
18258915000.0,-66.59535507580136
18263913333.3,-65.5573297911448
18268911666.7,-66.96822943758303
18273910000.0,-66.93746452121906
18278908333.3,-65.41767907157968
18283906666.7,-67.18308208630802
18288905000.0,-66.53104506928788
18293903333.3,-66.4183340368333
18298901666.7,-66.43764475011197
18303900000.0,-64.57531395619982
18308898333.3,-66.22507380623479
18313896666.7,-67.22006681166012
18318895000.0,-66.60237094080505
18323893333.3,-67.89425205200719
18328891666.7,-66.64660559964824
18333890000.0,-66.67954137438807
18338888333.3,-66.65669383599348
18343886666.7,-66.20396032397903
18348885000.0,-66.97584003783905
18353883333.3,-65.95370193486816
18358881666.7,-66.24694848499837
18363880000.0,-65.81454451779405
18368878333.3,-65.6757807998394
18373876666.7,-66.64172692530639
18378875000.0,-65.01801266717884
18383873333.3,-66.98405390509296
18388871666.7,-66.0182533644197
18393870000.0,-66.70256795551555
18398868333.3,-67.03720484070206
18403866666.7,-65.3095527728046
18408865000.0,-65.73950763305956
18413863333.3,-64.76715229799015
18418861666.7,-66.0617428498615
18423860000.0,-65.95610428952112
18428858333.3,-65.53449923002434
18433856666.7,-66.44156506563647
18438855000.0,-66.48417671434905
18443853333.3,-65.05767336719805
18448851666.7,-65.60564079446208
18453850000.0,-66.12605746287304
18458848333.3,-66.33370464817074
18463846666.7,-64.95183221248791
18468845000.0,-66.27090716035899
18473843333.3,-64.96985764616241
18478841666.7,-65.92256261199657
18483840000.0,-67.44598555384623
18488838333.3,-66.22498584913237
18493836666.7,-65.82237440307897
18498835000.0,-65.26633339617356
18503833333.3,-66.23272715142528
18508831666.7,-65.7131692146435
18513830000.0,-66.99111021596666
18518828333.3,-66.96089041173373
18523826666.7,-66.40514877886542
18528825000.0,-67.53061513029192
18533823333.3,-64.6484760506954
18538821666.7,-66.29550130390486
18543820000.0,-65.92058089621463
18548818333.3,-66.67561714829073
18553816666.7,-66.26146094432542
18558815000.0,-67.30523515790725
18563813333.3,-67.5308831403933
18568811666.7,-66.36605067288956
18573810000.0,-65.90224311615336
18578808333.3,-67.06617906146681
18583806666.7,-66.64617739965546
18588805000.0,-66.17985940558022
18593803333.3,-66.3225913246465
18598801666.7,-67.70596349884964
18603800000.0,-66.51528419702557
18608798333.3,-66.24252151611785
18613796666.7,-66.56237851367231
18618795000.0,-65.91762286681475
18623793333.3,-67.16991967674662
18628791666.7,-65.23460263732284
18633790000.0,-65.88816379820753
18638788333.3,-66.58169059072236
18643786666.7,-65.72994387284587
18648785000.0,-66.31468922019963
18653783333.3,-66.62652940408067
18658781666.7,-66.77772780501971
18663780000.0,-66.8167331896515
18668778333.3,-67.00013866675376
18673776666.7,-66.5584379547622
18678775000.0,-66.21261269527417
18683773333.3,-65.6739938869922
18688771666.7,-65.55979245942544
18693770000.0,-66.12771406392841
18698768333.3,-66.91895127019379
18703766666.7,-65.35185091397571
18708765000.0,-66.29802248985538
18713763333.3,-66.12766670336235
18718761666.7,-64.94875581168687
18723760000.0,-66.0981841989768
18728758333.3,-66.5887699322491
18733756666.7,-66.2077793969739
18738755000.0,-66.26572979576851
18743753333.3,-64.81893144254062
18748751666.7,-65.30340002918936
18753750000.0,-65.4168966960586
18758748333.3,-68.81918368020135
18763746666.7,-65.70432791595267
18768745000.0,-66.25435170872589
18773743333.3,-65.78161251542778
18778741666.7,-64.95252892549803
18783740000.0,-65.93241558003304
18788738333.3,-66.34684214159336
18793736666.7,-65.0845030879442
18798735000.0,-65.71028909368182
18803733333.3,-65.7671746309486
18808731666.7,-67.13291514454907
18813730000.0,-66.52029272848719
18818728333.3,-66.22176961846128
18823726666.7,-66.20328207830715
18828725000.0,-66.57600396016936
18833723333.3,-66.85453927822697
18838721666.7,-66.76519501443966
18843720000.0,-67.24137339322166
18848718333.3,-67.9889890788497
18853716666.7,-67.97248324335256
18858715000.0,-66.53373787740183
18863713333.3,-67.11181202191874
18868711666.7,-66.65582739323631
18873710000.0,-68.60718168140428
18878708333.3,-67.01118308143441
18883706666.7,-68.09833407449496
18888705000.0,-66.92511433361801
18893703333.3,-66.26398038553725
18898701666.7,-67.30209541938686
18903700000.0,-67.27534836513234
18908698333.3,-66.32810546114813
18913696666.7,-66.55140902268369
18918695000.0,-64.98969463526842
18923693333.3,-66.51162937548837
18928691666.7,-66.886987365112
18933690000.0,-67.35150178939261
18938688333.3,-66.83174332213679
18943686666.7,-66.79111695416212
18948685000.0,-66.67009095801117
18953683333.3,-66.98523883033378
18958681666.7,-65.6874334592532
18963680000.0,-65.35720174553747
18968678333.3,-67.18158272302895
18973676666.7,-65.35297802655148
18978675000.0,-66.2752755776914
18983673333.3,-66.89146357252734
18988671666.7,-66.62015845167457
18993670000.0,-66.54773721488593
18998668333.3,-66.40747064105553
19003666666.7,-67.3777358794746
19008665000.0,-66.08319142225126
19013663333.3,-67.76099273794709
19018661666.7,-67.88015255522467
19023660000.0,-68.03731026657645
19028658333.3,-67.42992241331481
19033656666.7,-67.1799555253821
19038655000.0,-67.02566164342278
19043653333.3,-66.82052899270323
19048651666.7,-66.45950786308762
19053650000.0,-67.20407415029865
19058648333.3,-67.89985449297285
19063646666.7,-66.8156613574213
19068645000.0,-66.61270139207669
19073643333.3,-66.93161422342072
19078641666.7,-66.96576457132647
19083640000.0,-67.26788025233566
19088638333.3,-67.12162497371993
19093636666.7,-66.07062685600788
19098635000.0,-66.26604210002907
19103633333.3,-67.15058975941761
19108631666.7,-67.50245428184338
19113630000.0,-66.3781626510819
19118628333.3,-67.74298118783082
19123626666.7,-67.42063480556182
19128625000.0,-66.71759354851386
19133623333.3,-66.99107512659882
19138621666.7,-66.3735172979267
19143620000.0,-66.3340793337795
19148618333.3,-66.730369369539
19153616666.7,-66.31444350871435
19158615000.0,-66.62885553141435
19163613333.3,-65.96249158819143
19168611666.7,-68.60737439429519
19173610000.0,-67.83717260109465
19178608333.3,-68.6065843128623
19183606666.7,-66.7259523363074
19188605000.0,-65.54267100778722
19193603333.3,-67.35096651414126
19198601666.7,-66.79197793654485
19203600000.0,-65.36270354265041
19208598333.3,-66.90615262573826
19213596666.7,-66.39764391314502
19218595000.0,-67.61006611092998
19223593333.3,-66.23459490515633
19228591666.7,-67.77989255428123
19233590000.0,-65.76710018992127
19238588333.3,-67.60982836303297
19243586666.7,-66.18948118588645
19248585000.0,-65.37981066054245
19253583333.3,-66.09460958588203
19258581666.7,-68.11969709579299
19263580000.0,-67.13098318037366
19268578333.3,-66.97532606696122
19273576666.7,-66.57269749778058
19278575000.0,-67.27240938560324
19283573333.3,-65.95325530210937
19288571666.7,-67.30859730031656
19293570000.0,-67.35140878404133
19298568333.3,-67.08824518074933
19303566666.7,-69.63581640381004
19308565000.0,-66.96015982053365
19313563333.3,-69.12006426150502
19318561666.7,-68.11340671683575
19323560000.0,-66.74809970524922
19328558333.3,-67.04140085031851
19333556666.7,-66.86897074194576
19338555000.0,-67.36080219658226
19343553333.3,-66.6158760391764
19348551666.7,-68.82599025320081
19353550000.0,-67.81569372639187
19358548333.3,-67.76253837686154
19363546666.7,-67.49079773372765
19368545000.0,-66.24619939566477
19373543333.3,-66.34033062058333
19378541666.7,-66.71653172323946
19383540000.0,-66.75856401626622
19388538333.3,-67.17531236419268
19393536666.7,-65.1356730762367
19398535000.0,-65.37348641111504
19403533333.3,-65.4028537117002
19408531666.7,-65.76053745672087
19413530000.0,-66.46486086427674
19418528333.3,-65.28947319755775
19423526666.7,-65.54449960911552
19428525000.0,-65.93977622060149
19433523333.3,-66.29554491860688
19438521666.7,-66.72995598029993
19443520000.0,-65.86618227319522
19448518333.3,-65.789936839508
19453516666.7,-65.82110162261412
19458515000.0,-65.50401739187356
19463513333.3,-65.97876848524163
19468511666.7,-66.28927767182107
19473510000.0,-65.92484074438082
19478508333.3,-66.1347854515663
19483506666.7,-64.60010043070851
19488505000.0,-65.25351654070364
19493503333.3,-64.68903680639019
19498501666.7,-65.08737627562437
19503500000.0,-65.48274834089271
19508498333.3,-65.33895575633557
19513496666.7,-65.57405262169156
19518495000.0,-67.02043973681594
19523493333.3,-66.92338854240813
19528491666.7,-66.48034088873638
19533490000.0,-66.46239015250859
19538488333.3,-67.92539246842583
19543486666.7,-67.87343422739079
19548485000.0,-66.48426932673355
19553483333.3,-66.8020605515985
19558481666.7,-68.7270794204749
19563480000.0,-65.91543641174755
19568478333.3,-67.12880391499802
19573476666.7,-66.90453895005079
19578475000.0,-66.37163727821674
19583473333.3,-67.11169089723568
19588471666.7,-67.47107402412263
19593470000.0,-66.7581005405614
19598468333.3,-66.51650794331906
19603466666.7,-67.7673430483951
19608465000.0,-66.18061804092437
19613463333.3,-68.06990093892283
19618461666.7,-67.10830994278355
19623460000.0,-69.51504639333805
19628458333.3,-68.39159811108564
19633456666.7,-67.70831128699379
19638455000.0,-68.16367715730931
19643453333.3,-66.1910498528425
19648451666.7,-68.17775779224237
19653450000.0,-67.89970994767393
19658448333.3,-65.91882465089165
19663446666.7,-65.36781871808128
19668445000.0,-67.59689639581734
19673443333.3,-66.69142484291125
19678441666.7,-67.90352441377712
19683440000.0,-67.6614385464746
19688438333.3,-65.96803150487814
19693436666.7,-65.83895242054692
19698435000.0,-66.66435146802853
19703433333.3,-68.13647451863807
19708431666.7,-67.26605537123412
19713430000.0,-66.94907433107693
19718428333.3,-66.84125232438747
19723426666.7,-67.47582605111275
19728425000.0,-65.81007550001848
19733423333.3,-66.11798944233625
19738421666.7,-65.73662390558462
19743420000.0,-66.92219324826769
19748418333.3,-66.10616430833244
19753416666.7,-65.52566405453442
19758415000.0,-66.81213924214782
19763413333.3,-66.9821840913119
19768411666.7,-67.43520624907067
19773410000.0,-66.42620019049774
19778408333.3,-68.71293775210228
19783406666.7,-67.622175268892
19788405000.0,-66.20836263831538
19793403333.3,-67.67871517411618
19798401666.7,-69.46986839769285
19803400000.0,-67.58060906517454
19808398333.3,-67.0958258415459
19813396666.7,-68.16101094165246
19818395000.0,-67.3714034163782
19823393333.3,-66.4346228639715
19828391666.7,-68.0328388473936
19833390000.0,-67.22872446250919
19838388333.3,-66.88040849192375
19843386666.7,-69.19850855046046
19848385000.0,-68.49651621306367
19853383333.3,-67.62866861192252
19858381666.7,-67.6536111129946
19863380000.0,-69.28694254871115
19868378333.3,-67.67487260906216
19873376666.7,-67.63418245364899
19878375000.0,-67.55298695062925
19883373333.3,-68.05807715669538
19888371666.7,-67.06999945159725
19893370000.0,-68.23970237448508
19898368333.3,-68.9960684836004
19903366666.7,-68.55540132693609
19908365000.0,-67.52331473793643
19913363333.3,-65.94863687497588
19918361666.7,-66.38129940094947
19923360000.0,-70.0239959066067
19928358333.3,-67.4536984724064
19933356666.7,-66.66248621243808
19938355000.0,-68.28514843573032
19943353333.3,-69.11625361956791
19948351666.7,-68.16463414333431
19953350000.0,-66.95384446612518
19958348333.3,-70.35570960994194
19963346666.7,-66.96722707023869
19968345000.0,-69.41941988474599
19973343333.3,-67.97338209029743
19978341666.7,-68.68651998261252
19983340000.0,-68.15876286517815
19988338333.3,-67.55459318496037
19993336666.7,-68.08489346658801
19998335000.0,-67.26595016523761
20003333333.3,-69.25620678523867
20008331666.7,-68.5920024468211
20013330000.0,-68.08342057579281
20018328333.3,-68.2722618339977
20023326666.7,-68.38067432661362
20028325000.0,-67.59572182836051
20033323333.3,-67.8054845190674
20038321666.7,-68.30967555976218
20043320000.0,-69.68216255393129
20048318333.3,-67.99823177552872
20053316666.7,-68.02657417496084
20058315000.0,-67.58291828771243
20063313333.3,-68.563268647
20068311666.7,-66.77952986940787
20073310000.0,-66.67546544869235
20078308333.3,-67.61226480133831
20083306666.7,-67.24376994300832
20088305000.0,-67.3171822833629
20093303333.3,-67.49898729303479
20098301666.7,-69.231134476643
20103300000.0,-68.93399734422381
20108298333.3,-66.74839627578868
20113296666.7,-68.53626771026266
20118295000.0,-68.45165598428207
20123293333.3,-67.40472772521683
20128291666.7,-68.88196797059676
20133290000.0,-68.51104334457686
20138288333.3,-68.76169270001395
20143286666.7,-69.06312021904266
20148285000.0,-67.82612557071684
20153283333.3,-67.64992802179553
20158281666.7,-68.03808931528573
20163280000.0,-67.73956911249822
20168278333.3,-69.06983636001354
20173276666.7,-67.89057345300145
20178275000.0,-67.13038195508699
20183273333.3,-69.69406743833717
20188271666.7,-68.15708636714061
20193270000.0,-67.24898263715622
20198268333.3,-68.36527988822677
20203266666.7,-68.20877232318152
20208265000.0,-67.8726990875774
20213263333.3,-67.39993474666682
20218261666.7,-68.76721874285832
20223260000.0,-69.34704858643782
20228258333.3,-69.43669937207721
20233256666.7,-69.65097268466765
20238255000.0,-69.7362010589595
20243253333.3,-68.7529608238859
20248251666.7,-68.81628323477793
20253250000.0,-66.76074007965396
20258248333.3,-68.0179406161362
20263246666.7,-68.57734146472393
20268245000.0,-68.89561823741873
20273243333.3,-67.79415537465611
20278241666.7,-69.55574886749173
20283240000.0,-68.1237811550079
20288238333.3,-68.92907836582367
20293236666.7,-70.20284218121613
20298235000.0,-68.15135563396358
20303233333.3,-69.59523956349642
20308231666.7,-68.96173798245125
20313230000.0,-66.77081535070026
20318228333.3,-68.7606019263613
20323226666.7,-67.93486777664609
20328225000.0,-68.38675855366263
20333223333.3,-68.21000878545637
20338221666.7,-67.3965582226015
20343220000.0,-70.04541408753286
20348218333.3,-67.5972420953332
20353216666.7,-68.115401660843
20358215000.0,-68.30616786704522
20363213333.3,-68.00801143301632
20368211666.7,-70.09491545863129
20373210000.0,-67.77442162533582
20378208333.3,-68.82886165566346
20383206666.7,-68.99247669789581
20388205000.0,-68.5727844229945
20393203333.3,-67.42125312612563
20398201666.7,-66.73043590811164
20403200000.0,-67.75130866405108
20408198333.3,-69.29553982523096
20413196666.7,-69.67889728813459
20418195000.0,-68.6119926912798
20423193333.3,-68.52950586189466
20428191666.7,-68.48272910490222
20433190000.0,-67.28737501238105
20438188333.3,-69.6980088385361
20443186666.7,-67.87499259089535
20448185000.0,-68.26647744215617
20453183333.3,-68.26332776217357
20458181666.7,-69.6161537556707
20463180000.0,-71.73641608585035
20468178333.3,-68.03353412705525
20473176666.7,-69.66750574438282
20478175000.0,-69.22711402426606
20483173333.3,-67.64047591827669
20488171666.7,-67.76486160942366
20493170000.0,-69.17871983552301
20498168333.3,-67.60421090591532
20503166666.7,-68.37682218216416
20508165000.0,-68.24310816303543
20513163333.3,-68.76338637078138
20518161666.7,-68.9989487497897
20523160000.0,-68.12946672006365
20528158333.3,-69.08956113212741
20533156666.7,-68.65330223213977
20538155000.0,-68.52018751893469
20543153333.3,-68.03994799507531
20548151666.7,-68.82633113712082
20553150000.0,-68.79939888055578
20558148333.3,-69.13520218875449
20563146666.7,-70.22044874837627
20568145000.0,-70.71240936695801
20573143333.3,-68.89016162583111
20578141666.7,-67.85283558318224
20583140000.0,-69.40208660774923
20588138333.3,-68.8909287990285
20593136666.7,-69.7542325450304
20598135000.0,-68.04847819851612
20603133333.3,-69.49451502450087
20608131666.7,-68.44696764579439
20613130000.0,-68.4434828632837
20618128333.3,-67.46100602502894
20623126666.7,-68.30620548343633
20628125000.0,-69.3361000096189
20633123333.3,-69.11515907643172
20638121666.7,-69.3441376484683
20643120000.0,-69.84802203649473
20648118333.3,-71.24867750269058
20653116666.7,-69.55630445882919
20658115000.0,-68.99729074291398
20663113333.3,-69.5219064244382
20668111666.7,-71.45641633300693
20673110000.0,-68.17498480177963
20678108333.3,-68.71395710312322
20683106666.7,-68.35652240534893
20688105000.0,-69.48622525942393
20693103333.3,-70.97096823700281
20698101666.7,-69.78088730951444
20703100000.0,-68.89741639691272
20708098333.3,-70.93555928609617
20713096666.7,-70.17826430317747
20718095000.0,-70.03247165345147
20723093333.3,-69.2300680093517
20728091666.7,-70.14174134539579
20733090000.0,-70.27705598725687
20738088333.3,-72.23643237050428
20743086666.7,-68.08608307456151
20748085000.0,-69.55651190530068
20753083333.3,-70.94903798119185
20758081666.7,-69.37087858918018
20763080000.0,-69.64645699562902
20768078333.3,-70.02661672394579
20773076666.7,-70.22747510953842
20778075000.0,-68.93354294662734
20783073333.3,-68.20779308592391
20788071666.7,-69.02056853279028
20793070000.0,-71.2472277677105
20798068333.3,-69.65724109828895
20803066666.7,-70.64084797146349
20808065000.0,-70.33853252174146
20813063333.3,-72.04029757945241
20818061666.7,-69.78954908048375
20823060000.0,-68.550101398741
20828058333.3,-70.39729045488342
20833056666.7,-70.54751269706783
20838055000.0,-70.90496294054108
20843053333.3,-68.35799620237557
20848051666.7,-69.68562311894215
20853050000.0,-69.76385620531778
20858048333.3,-69.36312972511351
20863046666.7,-68.49140260478435
20868045000.0,-69.0388934305673
20873043333.3,-69.07730045766937
20878041666.7,-70.4316384380924
20883040000.0,-68.93314317633235
20888038333.3,-70.66884366671367
20893036666.7,-71.32229250703371
20898035000.0,-71.0427979579392
20903033333.3,-70.69671330065425
20908031666.7,-69.34446057431649
20913030000.0,-71.74239924640375
20918028333.3,-71.17260933572427
20923026666.7,-71.06848632527525
20928025000.0,-70.27006511379898
20933023333.3,-69.68808063756131
20938021666.7,-70.46979022532366
20943020000.0,-70.35321510231167
20948018333.3,-71.11194825511653
20953016666.7,-69.26940464304904
20958015000.0,-69.80565904487814
20963013333.3,-70.81511566472442
20968011666.7,-71.83081497157362
20973010000.0,-70.5679151447298
20978008333.3,-70.17612628093923
20983006666.7,-70.7609410344812
20988005000.0,-72.95503160899429
20993003333.3,-71.3581419695049
20998001666.7,-69.62868641582739
21003000000.0,-71.69897137957308
21007998333.3,-70.78014749760877
21012996666.7,-70.58545265743939
21017995000.0,-70.81348035350688
21022993333.3,-70.4005137047471
21027991666.7,-69.97808519111263
21032990000.0,-70.9529131090115
21037988333.3,-71.76451663498672
21042986666.7,-69.57558252914532
21047985000.0,-70.00584704849854
21052983333.3,-70.23657953908992
21057981666.7,-70.94273188190313
21062980000.0,-70.73355281870542
21067978333.3,-69.23499089900643
21072976666.7,-69.28295116267475
21077975000.0,-70.6296608661624
21082973333.3,-68.83459455029951
21087971666.7,-68.7927511925659
21092970000.0,-68.96071806144401
21097968333.3,-70.05677416050759
21102966666.7,-70.62140488577998
21107965000.0,-69.16997627294052
21112963333.3,-71.25384374555264
21117961666.7,-68.34916859832282
21122960000.0,-70.45420476936502
21127958333.3,-68.94923329241038
21132956666.7,-69.27866006654111
21137955000.0,-70.24504276742285
21142953333.3,-69.12871343115468
21147951666.7,-69.20268066860189
21152950000.0,-70.73766319931708
21157948333.3,-71.23845450950252
21162946666.7,-69.6578603043188
21167945000.0,-71.54388925482235
21172943333.3,-72.13034028809443
21177941666.7,-70.77572437335166
21182940000.0,-71.2528947869936
21187938333.3,-70.50714688745808
21192936666.7,-70.85149842658346
21197935000.0,-70.11613098796613
21202933333.3,-72.05506020328343
21207931666.7,-71.70407922859391
21212930000.0,-70.26204572378107
21217928333.3,-70.51728667252507
21222926666.7,-70.09920693816986
21227925000.0,-71.63449719955588
21232923333.3,-70.8031729936887
21237921666.7,-72.57464920058614
21242920000.0,-71.25808247011302
21247918333.3,-71.72889408712126
21252916666.7,-71.20998023452692
21257915000.0,-71.30782957078223
21262913333.3,-71.18351388130642
21267911666.7,-71.04677404875312
21272910000.0,-69.89976440860279
21277908333.3,-70.4648239266973
21282906666.7,-70.0824083812286
21287905000.0,-69.04366872539428
21292903333.3,-70.40574933790316
21297901666.7,-70.08950451388287
21302900000.0,-68.70558067551406
21307898333.3,-69.42770241988828
21312896666.7,-68.83156045124046
21317895000.0,-70.31503625631898
21322893333.3,-70.37929990400929
21327891666.7,-69.92017012780505
21332890000.0,-71.45928886196151
21337888333.3,-67.96074376351203
21342886666.7,-69.33741934930703
21347885000.0,-69.67885453805235
21352883333.3,-69.042921445032
21357881666.7,-70.1215752008904
21362880000.0,-70.68519438673911
21367878333.3,-69.55003489272767
21372876666.7,-69.48589008848616
21377875000.0,-68.66149161097523
21382873333.3,-68.58567338186148
21387871666.7,-69.24843320364354
21392870000.0,-70.56392857951364
21397868333.3,-70.78893162809592
21402866666.7,-70.69574244384869
21407865000.0,-70.96434085122088
21412863333.3,-71.96984807726878
21417861666.7,-69.28127539461585
21422860000.0,-69.98213074327526
21427858333.3,-70.05062035793944
21432856666.7,-70.45213463847358
21437855000.0,-70.04853219756357
21442853333.3,-69.99235064204558
21447851666.7,-70.53757666205996
21452850000.0,-70.00031738407627
21457848333.3,-69.57050388714119
21462846666.7,-70.0677799055921
21467845000.0,-67.77229692773207
21472843333.3,-70.02011574975066
21477841666.7,-70.03589097875795
21482840000.0,-70.50003681540531
21487838333.3,-72.0335862897018
21492836666.7,-70.24312743374591
21497835000.0,-71.9315796284148
21502833333.3,-69.64046561508503
21507831666.7,-69.58708872466956
21512830000.0,-70.4953354710212
21517828333.3,-69.77593449953197
21522826666.7,-71.60151458981099
21527825000.0,-70.67622844282278
21532823333.3,-68.79681002953919
21537821666.7,-70.72937411001737
21542820000.0,-71.98652308501275
21547818333.3,-69.08843377699044
21552816666.7,-70.32436373558693
21557815000.0,-70.55356419716989
21562813333.3,-68.32351719547566
21567811666.7,-69.64605153961907
21572810000.0,-71.0333830206651
21577808333.3,-69.59859703024418
21582806666.7,-70.47485801067987
21587805000.0,-70.63568876029397
21592803333.3,-70.7363730380552
21597801666.7,-70.66446368754731
21602800000.0,-69.22189248968158
21607798333.3,-69.69898762976614
21612796666.7,-70.1746871169163
21617795000.0,-69.74729538747506
21622793333.3,-71.17258053116161
21627791666.7,-70.95887307379112
21632790000.0,-71.21839982185874
21637788333.3,-69.98585417206134
21642786666.7,-70.33344629490915
21647785000.0,-70.44491165289882
21652783333.3,-70.12045130325333
21657781666.7,-70.414553443323
21662780000.0,-71.5662480948509
21667778333.3,-69.15897420217642
21672776666.7,-70.08837325359119
21677775000.0,-70.2871819279518
21682773333.3,-70.338811277489
21687771666.7,-71.0120128371558
21692770000.0,-71.43786347978148
21697768333.3,-72.631090042587
21702766666.7,-70.37787321325789
21707765000.0,-70.47118842788547
21712763333.3,-73.32334809864504
21717761666.7,-70.96086353684693
21722760000.0,-72.38864537907355
21727758333.3,-72.5635682568726
21732756666.7,-69.04506882144679
21737755000.0,-71.24007685511522
21742753333.3,-69.8089630795193
21747751666.7,-69.27532005298092
21752750000.0,-69.08200573458744
21757748333.3,-70.97814675988465
21762746666.7,-70.87016918115368
21767745000.0,-70.83153278833456
21772743333.3,-68.5458835187452
21777741666.7,-69.04561399453777
21782740000.0,-67.54225388977486
21787738333.3,-70.63413481572306
21792736666.7,-68.93867872739816
21797735000.0,-69.36711153178476
21802733333.3,-70.71861298783665
21807731666.7,-70.18557862052576
21812730000.0,-71.46661621072911
21817728333.3,-70.23699642111751
21822726666.7,-70.47066597621645
21827725000.0,-70.94725162622716
21832723333.3,-70.7466692028858
21837721666.7,-71.2151309988407
21842720000.0,-70.70029303434117
21847718333.3,-70.88320713187198
21852716666.7,-72.66421669879472
21857715000.0,-71.6783339582308
21862713333.3,-74.16989676517456
21867711666.7,-72.34366045602718
21872710000.0,-70.8418462932955
21877708333.3,-72.76941340823174
21882706666.7,-72.98225013791767
21887705000.0,-71.58587984144972
21892703333.3,-72.28751532738356
21897701666.7,-71.87899549992963
21902700000.0,-70.98254149567992
21907698333.3,-71.2342098971243
21912696666.7,-73.50766319061198
21917695000.0,-71.30494256529946
21922693333.3,-69.3918820812962
21927691666.7,-70.17674743555257
21932690000.0,-71.37729092810326
21937688333.3,-70.76315580815911
21942686666.7,-73.08586422471404
21947685000.0,-71.1941874538259
21952683333.3,-71.67171702951558
21957681666.7,-71.74995937263672
21962680000.0,-71.12219449715077
21967678333.3,-71.01632613367029
21972676666.7,-72.35369429141582
21977675000.0,-71.67794867724722
21982673333.3,-71.19335734192336
21987671666.7,-72.99848548748943
21992670000.0,-71.43550780000571
21997668333.3,-70.33371985820476
22002666666.7,-74.01513319502504
22007665000.0,-71.03541963343486
22012663333.3,-71.26893228311931
22017661666.7,-71.94935751407672
22022660000.0,-70.72792651695367
22027658333.3,-70.33079209645169
22032656666.7,-72.02663350015663
22037655000.0,-71.3044639161928
22042653333.3,-72.3022689787218
22047651666.7,-70.98031117017784
22052650000.0,-72.40199569380279
22057648333.3,-71.68553948704705
22062646666.7,-72.17750963309827
22067645000.0,-70.82150881419571
22072643333.3,-71.18699801536349
22077641666.7,-71.840469601383
22082640000.0,-71.72179720172036
22087638333.3,-71.21132432611604
22092636666.7,-71.36566931004305
22097635000.0,-71.98982390150536
22102633333.3,-72.28121734199964
22107631666.7,-71.80784207032949
22112630000.0,-71.15762322647004
22117628333.3,-70.97410962909368
22122626666.7,-70.65136511238887
22127625000.0,-72.29418129300252
22132623333.3,-72.08819508986916
22137621666.7,-71.19151195259363
22142620000.0,-71.26233601592263
22147618333.3,-73.40544702948327
22152616666.7,-72.004914070309
22157615000.0,-71.60687506584728
22162613333.3,-70.56438867675118
22167611666.7,-74.16193713843154
22172610000.0,-71.22041339093622
22177608333.3,-71.6778528613809
22182606666.7,-72.6126433124705
22187605000.0,-70.99215115374574
22192603333.3,-71.71186450325604
22197601666.7,-72.54830141787339
22202600000.0,-70.99954204798335
22207598333.3,-72.32114120076437
22212596666.7,-71.71952515613748
22217595000.0,-71.4808079313874
22222593333.3,-72.72218789594758
22227591666.7,-68.98505415643316
22232590000.0,-71.83906005011336
22237588333.3,-71.30143280072996
22242586666.7,-70.11951930707684
22247585000.0,-71.81526113911004
22252583333.3,-70.877953659956
22257581666.7,-68.88962043203377
22262580000.0,-70.14356831526372
22267578333.3,-69.89694866174831
22272576666.7,-72.3498506110904
22277575000.0,-73.3187330151004
22282573333.3,-73.19837118434894
22287571666.7,-71.11433041809951
22292570000.0,-72.11036951582659
22297568333.3,-70.50498077072943
22302566666.7,-71.38925281305333
22307565000.0,-71.85865347673102
22312563333.3,-73.3362502768011
22317561666.7,-74.58960829869937
22322560000.0,-72.7910444118998
22327558333.3,-72.97444555142815
22332556666.7,-71.81907776098048
22337555000.0,-72.57516685199528
22342553333.3,-73.84048879115711
22347551666.7,-70.68369777797214
22352550000.0,-71.41622381416545
22357548333.3,-70.68299041874734
22362546666.7,-70.48547102276346
22367545000.0,-71.71519314761429
22372543333.3,-73.52340928375695
22377541666.7,-74.51846095454663
22382540000.0,-72.82740049362984
22387538333.3,-71.39969711765754
22392536666.7,-70.33872363584516
22397535000.0,-72.12524778476597
22402533333.3,-71.744557318801
22407531666.7,-72.03005098273033
22412530000.0,-71.86236128070968
22417528333.3,-74.75574369260625
22422526666.7,-72.55289482659515
22427525000.0,-72.35212334573146
22432523333.3,-70.46676845634708
22437521666.7,-74.74664491429608
22442520000.0,-70.42768106467656
22447518333.3,-71.30195483004088
22452516666.7,-72.23506247890496
22457515000.0,-75.39247678631514
22462513333.3,-74.00052879997183
22467511666.7,-72.45101702259741
22472510000.0,-70.99403873722845
22477508333.3,-74.65492157821437
22482506666.7,-70.49559092614709
22487505000.0,-72.24050316890045
22492503333.3,-72.87172342282962
22497501666.7,-73.13310540755721
22502500000.0,-73.13818918668879
22507498333.3,-73.17217807892507
22512496666.7,-73.8247838085402
22517495000.0,-72.03681991666373
22522493333.3,-71.29011838895384
22527491666.7,-71.61404933646311
22532490000.0,-70.80779439142074
22537488333.3,-71.85856561243286
22542486666.7,-71.10091035034904
22547485000.0,-73.88643924069795
22552483333.3,-71.62061477261445
22557481666.7,-73.2543863588587
22562480000.0,-73.09375725145982
22567478333.3,-72.38574060509167
22572476666.7,-71.4489077916729
22577475000.0,-72.04121194346682
22582473333.3,-72.23594367222613
22587471666.7,-72.52472137543594
22592470000.0,-72.67719601844757
22597468333.3,-72.31549082754894
22602466666.7,-73.95474318159526
22607465000.0,-73.01430620260433
22612463333.3,-73.19202881841821
22617461666.7,-72.32331126927433
22622460000.0,-73.18148772558536
22627458333.3,-71.5739961861818
22632456666.7,-75.31026907923506
22637455000.0,-75.96177176733845
22642453333.3,-71.97008521791878
22647451666.7,-75.00289952407444
22652450000.0,-74.44794496377537
22657448333.3,-72.99005714944126
22662446666.7,-73.28663860896079
22667445000.0,-72.49488980448986
22672443333.3,-71.89554440662475
22677441666.7,-72.69385680000681
22682440000.0,-75.7639724069168
22687438333.3,-73.38323979731993
22692436666.7,-72.0831815512405
22697435000.0,-72.93255988124947
22702433333.3,-72.43456508550251
22707431666.7,-71.87488471906073
22712430000.0,-74.17824223726974
22717428333.3,-72.90399144149956
22722426666.7,-73.53178252366607
22727425000.0,-69.92912666914532
22732423333.3,-71.72302210094583
22737421666.7,-74.11767625633887
22742420000.0,-72.80842575646375
22747418333.3,-72.46672179294286
22752416666.7,-76.84462332800375
22757415000.0,-76.33870817536315
22762413333.3,-72.46426724724465
22767411666.7,-73.34319147262951
22772410000.0,-71.64809179241273
22777408333.3,-72.7143516866417
22782406666.7,-73.8594345617295
22787405000.0,-72.20323932481045
22792403333.3,-73.81993081595327
22797401666.7,-74.48433353301445
22802400000.0,-76.61419194110705
22807398333.3,-74.96921135310384
22812396666.7,-73.65116438061798
22817395000.0,-75.10185163514745
22822393333.3,-74.18112130506219
22827391666.7,-73.33004963884976
22832390000.0,-76.62214732853504
22837388333.3,-73.80515633522808
22842386666.7,-73.63900390417955
22847385000.0,-75.39013305906482
22852383333.3,-75.98540382924797
22857381666.7,-75.79768473510984
22862380000.0,-74.62634387937672
22867378333.3,-74.80317531037994
22872376666.7,-76.88968032701708
22877375000.0,-74.55406017536306
22882373333.3,-73.06321921933582
22887371666.7,-74.25185522296752
22892370000.0,-75.57278764631951
22897368333.3,-72.57542341201442
22902366666.7,-73.75397909646308
22907365000.0,-75.1539815480977
22912363333.3,-76.10430568325894
22917361666.7,-73.3062015339248
22922360000.0,-75.96108839092794
22927358333.3,-73.15748190308746
22932356666.7,-74.26414712880906
22937355000.0,-72.77440791926672
22942353333.3,-74.26254901196468
22947351666.7,-74.84067137199331
22952350000.0,-76.5494353619172
22957348333.3,-74.51304382358217
22962346666.7,-74.84658118101162
22967345000.0,-74.10026584353572
22972343333.3,-73.04104575822717
22977341666.7,-72.83153358806116
22982340000.0,-72.81569564006531
22987338333.3,-74.11185457005648
22992336666.7,-72.49583131237999
22997335000.0,-74.70598780579822
23002333333.3,-72.61146067863984
23007331666.7,-74.33767923637228
23012330000.0,-74.96035202753525
23017328333.3,-74.17880382985739
23022326666.7,-73.90008341604045
23027325000.0,-75.18503955943429
23032323333.3,-78.24366173363319
23037321666.7,-71.79045408077728
23042320000.0,-74.06769049649378
23047318333.3,-73.07735567273028
23052316666.7,-77.17253200545306
23057315000.0,-74.25267488517721
23062313333.3,-74.13674558375534
23067311666.7,-74.05752392209575
23072310000.0,-76.18900005777718
23077308333.3,-73.87600569347234
23082306666.7,-75.48301347787263
23087305000.0,-74.68028749733472
23092303333.3,-75.33042462532865
23097301666.7,-71.89888007316397
23102300000.0,-74.84808329431303
23107298333.3,-76.28382478081278
23112296666.7,-75.6401691104366
23117295000.0,-76.89840755081796
23122293333.3,-76.73625065589424
23127291666.7,-76.69012343756371
23132290000.0,-75.35678172995185
23137288333.3,-74.04919954673018
23142286666.7,-74.72385464637279
23147285000.0,-76.95393937420741
23152283333.3,-75.61464107122065
23157281666.7,-73.78438718140528
23162280000.0,-73.02885974011284
23167278333.3,-73.12467660997382
23172276666.7,-73.93517797371544
23177275000.0,-78.90425104240853
23182273333.3,-77.20139522205004
23187271666.7,-74.75114211470486
23192270000.0,-74.44347913549015
23197268333.3,-74.02948618025826
23202266666.7,-79.33633422509816
23207265000.0,-77.7095055439386
23212263333.3,-74.77861715439205
23217261666.7,-73.34371168144197
23222260000.0,-74.61757359064933
23227258333.3,-75.9040513188329
23232256666.7,-72.83935555861066
23237255000.0,-75.38012945892766
23242253333.3,-76.60404116958979
23247251666.7,-74.50662661029092
23252250000.0,-76.20660197012197
23257248333.3,-76.84322830826594
23262246666.7,-74.57829092893913
23267245000.0,-73.12874166276703
23272243333.3,-75.71287080760497
23277241666.7,-74.3326276049507
23282240000.0,-73.86898787326633
23287238333.3,-74.91260483297027
23292236666.7,-75.95025014613643
23297235000.0,-74.5446600381438
23302233333.3,-76.53278106778892
23307231666.7,-76.51588767414553
23312230000.0,-79.42726050876662
23317228333.3,-74.12935452608994
23322226666.7,-74.416364968238
23327225000.0,-76.3427568762244
23332223333.3,-74.78750308845318
23337221666.7,-75.02555454384928
23342220000.0,-75.49007996304779
23347218333.3,-74.80775506478531
23352216666.7,-75.15564878638095
23357215000.0,-74.71969295548965
23362213333.3,-76.52638140525694
23367211666.7,-77.69633347183854
23372210000.0,-74.07743743637295
23377208333.3,-75.91724277083662
23382206666.7,-76.28890647494144
23387205000.0,-75.86895052095679
23392203333.3,-72.90850651956164
23397201666.7,-76.09825903966447
23402200000.0,-75.26347367428325
23407198333.3,-78.05286774059792
23412196666.7,-74.07082063778815
23417195000.0,-73.09790392431447
23422193333.3,-76.50756167919005
23427191666.7,-76.51851578478059
23432190000.0,-74.3277906582392
23437188333.3,-75.87642426931819
23442186666.7,-75.65251123762935
23447185000.0,-75.08030250085562
23452183333.3,-77.26660840553615
23457181666.7,-75.4764158152574
23462180000.0,-71.78305707430624
23467178333.3,-74.15393747688361
23472176666.7,-74.53265652182874
23477175000.0,-79.880775241152
23482173333.3,-80.88587648937019
23487171666.7,-74.92502306722986
23492170000.0,-76.37320644364043
23497168333.3,-72.64001965672384
23502166666.7,-73.63244709038705
23507165000.0,-76.06904431869492
23512163333.3,-75.5936191855768
23517161666.7,-75.08309400236034
23522160000.0,-74.48601471895914
23527158333.3,-75.57968047835355
23532156666.7,-75.12891226968962
23537155000.0,-74.23584326387028
23542153333.3,-72.24099036328779
23547151666.7,-76.35617541244119
23552150000.0,-78.10577620846462
23557148333.3,-74.84229161674381
23562146666.7,-75.90790645552485
23567145000.0,-77.4554114763888
23572143333.3,-76.17194115626762
23577141666.7,-74.17831527342247
23582140000.0,-81.27825869505489
23587138333.3,-76.43305552897813
23592136666.7,-74.0146679566588
23597135000.0,-74.99069108337126
23602133333.3,-72.80977846861245
23607131666.7,-78.71409324814368
23612130000.0,-76.80588535870692
23617128333.3,-73.23811168329294
23622126666.7,-75.59897647956076
23627125000.0,-75.67876499440968
23632123333.3,-75.10056642040554
23637121666.7,-76.83687474673883
23642120000.0,-74.56483743810082
23647118333.3,-74.24129341828854
23652116666.7,-74.97205661309516
23657115000.0,-74.51519856753671
23662113333.3,-76.17177777368238
23667111666.7,-74.48976443802435
23672110000.0,-77.65082219278771
23677108333.3,-78.04251754161311
23682106666.7,-72.95132562425076
23687105000.0,-73.89203084261749
23692103333.3,-76.8490444803459
23697101666.7,-76.49734198074087
23702100000.0,-74.79451144268408
23707098333.3,-75.32913247727228
23712096666.7,-74.60380289747513
23717095000.0,-76.22205904077954
23722093333.3,-74.3170665503514
23727091666.7,-74.81051256030705
23732090000.0,-74.0240298663305
23737088333.3,-75.09770281415985
23742086666.7,-75.17887087993348
23747085000.0,-74.47498294770617
23752083333.3,-76.37936615820063
23757081666.7,-78.73547627242976
23762080000.0,-74.54897526645533
23767078333.3,-82.51849331108588
23772076666.7,-75.11433333911904
23777075000.0,-74.74852942690059
23782073333.3,-78.18483378017947
23787071666.7,-78.07838620382546
23792070000.0,-75.0160449683625
23797068333.3,-75.80845168168301
23802066666.7,-77.33859196968267
23807065000.0,-74.77699220569399
23812063333.3,-79.7581290461062
23817061666.7,-73.2831062346954
23822060000.0,-75.82059575223367
23827058333.3,-76.34151857590196
23832056666.7,-72.70789894340801
23837055000.0,-76.87982400726592
23842053333.3,-74.87824239563307
23847051666.7,-83.49670015621203
23852050000.0,-75.57775500147226
23857048333.3,-77.09818304605673
23862046666.7,-76.63597997499589
23867045000.0,-74.83573045820688
23872043333.3,-79.7012693245945
23877041666.7,-78.30963396189983
23882040000.0,-74.55498128752728
23887038333.3,-74.72858979117069
23892036666.7,-78.01780869078316
23897035000.0,-71.13728665075021
23902033333.3,-75.47544397919143
23907031666.7,-76.97769431095496
23912030000.0,-74.67309736089435
23917028333.3,-72.84543262665908
23922026666.7,-76.01016299516186
23927025000.0,-77.9138195904251
23932023333.3,-75.06784054644866
23937021666.7,-76.11949441248188
23942020000.0,-75.77321824912646
23947018333.3,-74.86773891800189
23952016666.7,-77.2336760361817
23957015000.0,-74.68405918249674
23962013333.3,-73.39906556821005
23967011666.7,-75.32746569831272
23972010000.0,-72.90525210023146
23977008333.3,-76.78331699926918
23982006666.7,-76.47474582328721
23987005000.0,-76.81113310903628
23992003333.3,-73.73868221343191
23997001666.7,-78.4581119477414
24002000000.0,-70.78946565634412
24006998333.3,-78.26811503794067
24011996666.7,-78.83518755203556
24016995000.0,-71.25531638076691
24021993333.3,-70.7590110370358
24026991666.7,-81.40766529280684
24031990000.0,-75.35271487965292
24036988333.3,-69.25917704551132
24041986666.7,-72.09954969955596
24046985000.0,-69.40586015847249
24051983333.3,-72.17218317505305
24056981666.7,-71.52418291067598
24061980000.0,-78.1815213834124
24066978333.3,-90.38183433322652
24071976666.7,-70.67643160849781
24076975000.0,-77.16678824400685
24081973333.3,-71.3652104841235
24086971666.7,-71.7914857114271
24091970000.0,-72.09752138068671
24096968333.3,-68.11201832523018
24101966666.7,-70.870602108139
24106965000.0,-74.03117058907343
24111963333.3,-69.41242207661585
24116961666.7,-72.25641979225425
24121960000.0,-78.45111710318498
24126958333.3,-69.76415504491547
24131956666.7,-73.31902136726919
24136955000.0,-70.35467814247657
24141953333.3,-77.01481025423108
24146951666.7,-70.48198293780048
24151950000.0,-85.3698192208118
24156948333.3,-68.6927927016516
24161946666.7,-76.0680267508614
24166945000.0,-77.21824394617998
24171943333.3,-73.1372351370724
24176941666.7,-90.5644660297122
24181940000.0,-73.17815859257047
24186938333.3,-83.09451635975978
24191936666.7,-80.86460929917997
24196935000.0,-71.41659867837498
24201933333.3,-71.87743428100335
24206931666.7,-77.21450021780801
24211930000.0,-68.788355072469
24216928333.3,-73.41023473288031
24221926666.7,-76.5757228887614
24226925000.0,-81.8835395664122
24231923333.3,-72.97428883483336
24236921666.7,-74.79591838839485
24241920000.0,-76.91614656411625
24246918333.3,-72.2831150136661
24251916666.7,-74.33464867607263
24256915000.0,-78.92131694415421
24261913333.3,-72.55708687810875
24266911666.7,-81.77943281419032
24271910000.0,-79.4051239281199
24276908333.3,-83.0311350599248
24281906666.7,-87.30870338004752
24286905000.0,-75.72613668214719
24291903333.3,-74.04145370954848
24296901666.7,-68.54523195543784
24301900000.0,-74.81997530018896
24306898333.3,-69.69857362585802
24311896666.7,-76.12203100601016
24316895000.0,-81.23499646378313
24321893333.3,-77.99164236211652
24326891666.7,-84.72022277125875
24331890000.0,-75.37766824215801
24336888333.3,-76.91839490646979
24341886666.7,-81.31207790724531
24346885000.0,-73.72733413380865
24351883333.3,-85.08366719740047
24356881666.7,-76.0124103349438
24361880000.0,-70.73804565693307
24366878333.3,-77.1113490455315
24371876666.7,-76.55080165465856
24376875000.0,-64.64649986150698
24381873333.3,-68.59549135756292
24386871666.7,-78.24286334986056
24391870000.0,-72.90281141375415
24396868333.3,-70.68315598953033
24401866666.7,-73.14062760874212
24406865000.0,-72.98553792777305
24411863333.3,-70.26405415790548
24416861666.7,-69.25716820531646
24421860000.0,-73.66351304772206
24426858333.3,-74.57444183349432
24431856666.7,-80.1744024992253
24436855000.0,-83.35399625727094
24441853333.3,-73.82718625307199
24446851666.7,-70.40059945226703
24451850000.0,-68.39289555356171
24456848333.3,-78.66218638211636
24461846666.7,-75.01027155764704
24466845000.0,-76.63214667270331
24471843333.3,-83.84044779246587
24476841666.7,-70.98079253336444
24481840000.0,-72.11949488365606
24486838333.3,-74.79426449028752
24491836666.7,-71.11398337490779
24496835000.0,-82.26669804452008
24501833333.3,-68.40932012647619
24506831666.7,-69.60606226580686
24511830000.0,-85.87127856152077
24516828333.3,-73.33190130174748
24521826666.7,-87.91094613287919
24526825000.0,-74.02037818933644
24531823333.3,-78.17744956109367
24536821666.7,-78.98543882049034
24541820000.0,-78.01392743510063
24546818333.3,-74.33488810199896
24551816666.7,-87.87017397934267
24556815000.0,-79.34934825408197
24561813333.3,-74.51754632178768
24566811666.7,-82.36986695598748
24571810000.0,-81.37946024461405
24576808333.3,-73.60759196542345
24581806666.7,-71.34247581836082
24586805000.0,-75.16577358781446
24591803333.3,-75.93069569635047
24596801666.7,-74.95020119441098
24601800000.0,-69.35079625037932
24606798333.3,-72.76655640644822
24611796666.7,-70.41807360147088
24616795000.0,-79.31106054696625
24621793333.3,-83.1882099433649
24626791666.7,-70.37005686596953
24631790000.0,-75.24073621608098
24636788333.3,-75.8230072412901
24641786666.7,-83.49790440862247
24646785000.0,-68.183621480655
24651783333.3,-69.90036955603256
24656781666.7,-72.93373256281308
24661780000.0,-74.04620786216911
24666778333.3,-70.18716788526905
24671776666.7,-73.19550451468112
24676775000.0,-82.00867570249213
24681773333.3,-78.31627567337387
24686771666.7,-76.47872059855344
24691770000.0,-76.14186279708892
24696768333.3,-71.14202990647507
24701766666.7,-76.19816430000817
24706765000.0,-68.9160241731596
24711763333.3,-72.12417955730415
24716761666.7,-77.96735894148549
24721760000.0,-75.97733601091484
24726758333.3,-77.75852266603073
24731756666.7,-79.72117036767543
24736755000.0,-82.33263481792025
24741753333.3,-72.01081176994414
24746751666.7,-82.1816188459959
24751750000.0,-76.91737841639801
24756748333.3,-79.96093382939583
24761746666.7,-72.33441452798013
24766745000.0,-74.77849073084452
24771743333.3,-81.74084586914978
24776741666.7,-70.80107514021611
24781740000.0,-94.23435256582387
24786738333.3,-78.3744627070374
24791736666.7,-76.24293699848496
24796735000.0,-73.99078777724137
24801733333.3,-75.52864132684378
24806731666.7,-80.79000706848714
24811730000.0,-71.41481847906816
24816728333.3,-71.90810192548757
24821726666.7,-75.82002605415806
24826725000.0,-74.01867842305627
24831723333.3,-73.45589582551044
24836721666.7,-73.47901456975131
24841720000.0,-85.6719635802478
24846718333.3,-71.23295632136644
24851716666.7,-80.59206112766535
24856715000.0,-74.50666681338616
24861713333.3,-75.5881020068701
24866711666.7,-75.58824255120227
24871710000.0,-69.24466649464846
24876708333.3,-76.67865975617572
24881706666.7,-75.29340705052546
24886705000.0,-72.19618656704509
24891703333.3,-68.05927367293177
24896701666.7,-71.28703544994805
24901700000.0,-70.79168173986383
24906698333.3,-79.26829151887847
24911696666.7,-75.26065345221602
24916695000.0,-85.95754209225993
24921693333.3,-72.96903518686614
24926691666.7,-72.76683176293582
24931690000.0,-82.6361861709124
24936688333.3,-83.04263936232915
24941686666.7,-79.12203799979272
24946685000.0,-74.8270419120806
24951683333.3,-79.11226033964269
24956681666.7,-77.84409070376432
24961680000.0,-74.98154043039919
24966678333.3,-91.76562480324917
24971676666.7,-91.5621885829473
24976675000.0,-84.18437722562784
24981673333.3,-75.78213377853439
24986671666.7,-71.40663848123171
24991670000.0,-75.65573598075675
24996668333.3,-83.75912731137633
25001666666.7,-102.57213713450263
25006665000.0,-73.72835653571617
25011663333.3,-73.05637427708145
25016661666.7,-70.94548453769863
25021660000.0,-69.06601644041643
25026658333.3,-86.58179714631905
25031656666.7,-71.1858151047976
25036655000.0,-66.53953858341958
25041653333.3,-90.14124248481052
25046651666.7,-76.84380030187567
25051650000.0,-77.2535955691196
25056648333.3,-78.72362780137318
25061646666.7,-69.29318019265897
25066645000.0,-82.65388084848931
25071643333.3,-85.33364582909238
25076641666.7,-72.39022298327716
25081640000.0,-74.05065069870312
25086638333.3,-76.5191721422195
25091636666.7,-78.68761085250567
25096635000.0,-74.06768196197882
25101633333.3,-84.02993096442388
25106631666.7,-77.22610338353593
25111630000.0,-78.87655460177561
25116628333.3,-74.58119388852262
25121626666.7,-76.07401891969671
25126625000.0,-78.97973924363237
25131623333.3,-75.20684651100561
25136621666.7,-80.66637773949563
25141620000.0,-83.9980078793978
25146618333.3,-73.12831658280241
25151616666.7,-81.26910100025272
25156615000.0,-70.67806465882903
25161613333.3,-79.95462185148206
25166611666.7,-77.48438156958795
25171610000.0,-75.1329520371541
25176608333.3,-89.08654445629742
25181606666.7,-73.87249731905239
25186605000.0,-73.65268326244231
25191603333.3,-88.06642611722984
25196601666.7,-82.25730993276323
25201600000.0,-77.95088581347099
25206598333.3,-75.85957690728978
25211596666.7,-78.0139923870044
25216595000.0,-72.33135130950961
25221593333.3,-81.16114883710861
25226591666.7,-86.9364988707403
25231590000.0,-71.39625334990379
25236588333.3,-74.8723769517119
25241586666.7,-82.49441956362378
25246585000.0,-74.25648893676339
25251583333.3,-73.33185495545153
25256581666.7,-74.38332862433472
25261580000.0,-73.51313610129652
25266578333.3,-75.87138733140219
25271576666.7,-84.81547610714932
25276575000.0,-74.52935032817093
25281573333.3,-81.96884852683523
25286571666.7,-71.74682100708799
25291570000.0,-74.00939471417233
25296568333.3,-70.89779913288162
25301566666.7,-77.06190124943856
25306565000.0,-80.73981445630123
25311563333.3,-76.14142477387747
25316561666.7,-74.85918658011438
25321560000.0,-70.65950451420605
25326558333.3,-76.47687073287474
25331556666.7,-71.5222428171831
25336555000.0,-73.30783338202943
25341553333.3,-86.81377821358063
25346551666.7,-72.96469151676037
25351550000.0,-79.70634318787613
25356548333.3,-80.15882688281715
25361546666.7,-74.0599668965229
25366545000.0,-69.48195152537818
25371543333.3,-85.27954386280804
25376541666.7,-86.48094590745939
25381540000.0,-76.3551786239375
25386538333.3,-81.76462439871798
25391536666.7,-85.26602975083503
25396535000.0,-75.56942589971689
25401533333.3,-78.88561100418822
25406531666.7,-70.72805984287083
25411530000.0,-76.77584200156976
25416528333.3,-72.68732615246952
25421526666.7,-84.34510483014486
25426525000.0,-73.77655723930238
25431523333.3,-78.44810941544799
25436521666.7,-74.63677042623836
25441520000.0,-85.3165132446843
25446518333.3,-82.54308067950902
25451516666.7,-100.73573398509143
25456515000.0,-71.58760128795207
25461513333.3,-73.11603582733561
25466511666.7,-79.62343041829865
25471510000.0,-83.53566538422226
25476508333.3,-79.33634407088516
25481506666.7,-77.00313941567416
25486505000.0,-76.55204164911287
25491503333.3,-83.62362348896755
25496501666.7,-73.81324773423805
25501500000.0,-78.48170434922287
25506498333.3,-74.71149382216988
25511496666.7,-79.89911324498875
25516495000.0,-74.15305426378049
25521493333.3,-72.40159929338779
25526491666.7,-76.64765257060837
25531490000.0,-75.28962890345841
25536488333.3,-77.99011249713712
25541486666.7,-77.88832630058528
25546485000.0,-75.51747352195362
25551483333.3,-77.10743050661819
25556481666.7,-80.74183386440806
25561480000.0,-79.83150617635206
25566478333.3,-78.8545747829917
25571476666.7,-75.37437833359591
25576475000.0,-79.46496885734868
25581473333.3,-83.08799767265654
25586471666.7,-82.32248849762188
25591470000.0,-69.58296316819539
25596468333.3,-76.34349646724655
25601466666.7,-75.9392875612137
25606465000.0,-83.03332965643702
25611463333.3,-74.10645460677208
25616461666.7,-92.75207818874897
25621460000.0,-97.41541098940097
25626458333.3,-84.83090498749866
25631456666.7,-80.10991310268963
25636455000.0,-80.64448883315883
25641453333.3,-76.47092134252846
25646451666.7,-75.39570140167301
25651450000.0,-81.7942006069681
25656448333.3,-74.60310173007582
25661446666.7,-74.3745772177026
25666445000.0,-85.61323804106578
25671443333.3,-81.5897128979992
25676441666.7,-75.90380082347305
25681440000.0,-77.8701854368005
25686438333.3,-77.12422358234477
25691436666.7,-86.4848264374072
25696435000.0,-82.05855293063807
25701433333.3,-78.29772119770732
25706431666.7,-71.60297288776225
25711430000.0,-86.46373842010193
25716428333.3,-76.52388634245001
25721426666.7,-84.09444316594004
25726425000.0,-76.64040355155102
25731423333.3,-75.00781918397561
25736421666.7,-85.45910962893294
25741420000.0,-70.737960158518
25746418333.3,-79.37517260469102
25751416666.7,-78.89250068737371
25756415000.0,-77.65879688054974
25761413333.3,-82.26587491736625
25766411666.7,-76.55892122183857
25771410000.0,-83.82181196811902
25776408333.3,-74.47815760348381
25781406666.7,-70.60778510672841
25786405000.0,-71.44395273153948
25791403333.3,-73.37727478707332
25796401666.7,-79.4281247027578
25801400000.0,-71.89974932688824
25806398333.3,-86.28053548357428
25811396666.7,-67.49778831972074
25816395000.0,-73.91956409906292
25821393333.3,-78.09290018239524
25826391666.7,-80.60316143588763
25831390000.0,-77.9298569572349
25836388333.3,-76.95189041187757
25841386666.7,-80.7962563113031
25846385000.0,-75.83690237768698
25851383333.3,-79.90861531264004
25856381666.7,-83.19984978474493
25861380000.0,-84.48135320668099
25866378333.3,-78.73342451977054
25871376666.7,-96.02044220376611
25876375000.0,-72.57431275867708
25881373333.3,-80.9150610370207
25886371666.7,-77.88228223165409
25891370000.0,-74.38750247206018
25896368333.3,-73.38865836745262
25901366666.7,-77.59910600400437
25906365000.0,-79.360228137684
25911363333.3,-80.87314097399269
25916361666.7,-78.79145838374056
25921360000.0,-76.86656890441176
25926358333.3,-86.79654083232941
25931356666.7,-67.11340030936277
25936355000.0,-71.60194952379136
25941353333.3,-73.56403652960418
25946351666.7,-76.9537715714684
25951350000.0,-82.77983222964988
25956348333.3,-82.88248396590562
25961346666.7,-71.40101043409692
25966345000.0,-77.81342746275462
25971343333.3,-80.28667936371659
25976341666.7,-75.479821877864
25981340000.0,-74.31490479348865
25986338333.3,-95.58961080279832
25991336666.7,-82.85278216677328
25996335000.0,-74.85396912516795
26001333333.3,-80.89564569929111
26006331666.7,-74.66375660772279
26011330000.0,-74.25372547547143
26016328333.3,-72.0331616226599
26021326666.7,-77.27503239458557
26026325000.0,-76.40177940957302
26031323333.3,-81.6335298310284
26036321666.7,-72.18242873085502
26041320000.0,-93.16351864941649
26046318333.3,-75.01778267834987
26051316666.7,-82.95611482344269
26056315000.0,-84.71027028779814
26061313333.3,-78.54614782686039
26066311666.7,-72.63456554785547
26071310000.0,-77.61260411921822
26076308333.3,-80.48735987084287
26081306666.7,-88.91432749652523
26086305000.0,-75.23714751039992
26091303333.3,-75.54877507160428
26096301666.7,-75.9029372592716
26101300000.0,-69.69703076457702
26106298333.3,-76.27862599793774
26111296666.7,-96.08497543379598
26116295000.0,-78.6053503522932
26121293333.3,-80.38548161654228
26126291666.7,-82.6268211795738
26131290000.0,-73.64681286091958
26136288333.3,-77.15497171699795
26141286666.7,-80.48471284262122
26146285000.0,-74.86157992482403
26151283333.3,-80.08456336384862
26156281666.7,-77.43829138655066
26161280000.0,-86.14542429765879
26166278333.3,-77.38977417670529
26171276666.7,-82.27643970698918
26176275000.0,-77.71587141261642
26181273333.3,-86.04237351485261
26186271666.7,-80.68723006304539
26191270000.0,-81.37154336300718
26196268333.3,-80.91887427235858
26201266666.7,-73.80848284006497
26206265000.0,-78.94855296925287
26211263333.3,-77.25835084909835
26216261666.7,-78.98091721022836
26221260000.0,-78.89947869851446
26226258333.3,-77.89012075478485
26231256666.7,-79.9193863973928
26236255000.0,-80.27512466443837
26241253333.3,-71.39489081619604
26246251666.7,-86.50485802960696
26251250000.0,-79.5734148325994
26256248333.3,-74.96562385066538
26261246666.7,-71.4054011612709
26266245000.0,-76.41145589484097
26271243333.3,-79.55592023504924
26276241666.7,-70.93289427923438
26281240000.0,-80.12829274973788
26286238333.3,-75.1455302633023
26291236666.7,-90.48356147500766
26296235000.0,-77.35585231593247
26301233333.3,-76.77336533515242
26306231666.7,-78.47684393697415
26311230000.0,-83.7703407345982
26316228333.3,-74.67175052101236
26321226666.7,-75.77456045576042
26326225000.0,-87.44912747311835
26331223333.3,-83.68114230993042
26336221666.7,-76.73160774090137
26341220000.0,-74.89474644266228
26346218333.3,-76.61408609418525
26351216666.7,-71.79560408047332
26356215000.0,-72.74303874774135
26361213333.3,-75.31968906351992
26366211666.7,-86.19312109743544
26371210000.0,-77.4806139303561
26376208333.3,-78.72561984392658
26381206666.7,-74.07867799853247
26386205000.0,-79.87519772079301
26391203333.3,-75.20824640763706
26396201666.7,-81.08403735267242
26401200000.0,-78.5656390034036
26406198333.3,-74.66445356874429
26411196666.7,-86.28577246353244
26416195000.0,-85.3539658174401
26421193333.3,-80.73888170200311
26426191666.7,-85.20148912207759
26431190000.0,-73.89205386252958
26436188333.3,-71.27899638586523
26441186666.7,-80.61487109425957
26446185000.0,-81.5922380054708
26451183333.3,-72.83378844493585
26456181666.7,-78.12257295036397
26461180000.0,-78.17045461457053
26466178333.3,-88.2263138824031
26471176666.7,-86.81320047927673
26476175000.0,-80.32067163039416
26481173333.3,-81.674946102684
26486171666.7,-79.25683362176892
26491170000.0,-82.51255380412901
26496168333.3,-84.68307076567739
26501166666.7,-79.37034238209014
26506165000.0,-82.60416027870502
26511163333.3,-75.27391154165986
26516161666.7,-86.3723125964595
26521160000.0,-78.6136422122301
26526158333.3,-79.79864295059548
26531156666.7,-73.1361626832109
26536155000.0,-75.13374818030894
26541153333.3,-85.51476067166277
26546151666.7,-92.03792293904675
26551150000.0,-75.10796948676447
26556148333.3,-78.17442404647045
26561146666.7,-80.02546093261364
26566145000.0,-75.75589984891607
26571143333.3,-74.65232564151881
26576141666.7,-79.14230743834071
26581140000.0,-80.59269379350107
26586138333.3,-88.28289639470091
26591136666.7,-77.4189092582004
26596135000.0,-69.03763084387808
26601133333.3,-83.41144959551882
26606131666.7,-79.10257626847874
26611130000.0,-79.97323402650554
26616128333.3,-73.64363742807022
26621126666.7,-79.49073867739108
26626125000.0,-89.55261892997525
26631123333.3,-75.16514034710545
26636121666.7,-73.34158249479377
26641120000.0,-77.21022101104951
26646118333.3,-78.38997478542261
26651116666.7,-72.99890894888664
26656115000.0,-72.53886404912397
26661113333.3,-74.94386378821176
26666111666.7,-83.95052756514212
26671110000.0,-80.23166895155782
26676108333.3,-87.9640266665034
26681106666.7,-77.31596086334017
26686105000.0,-71.68891139507271
26691103333.3,-77.62473056231033
26696101666.7,-71.93952970317898
26701100000.0,-85.27541228447616
26706098333.3,-73.40254805235502
26711096666.7,-73.5430404366677
26716095000.0,-73.40201477435136
26721093333.3,-86.86075210351675
26726091666.7,-73.98652038576915
26731090000.0,-76.46771145914775
26736088333.3,-77.4575683705669
26741086666.7,-83.02043147757007
26746085000.0,-90.5977013480441
26751083333.3,-71.03751284480639
26756081666.7,-71.80289309971614
26761080000.0,-81.64334369163623
26766078333.3,-83.40988008655593
26771076666.7,-80.38055015264767
26776075000.0,-78.87454204521296
26781073333.3,-74.76673039554464
26786071666.7,-93.32331224122777
26791070000.0,-73.11388800571882
26796068333.3,-72.04979266443034
26801066666.7,-71.15537450780718
26806065000.0,-82.74680998673965
26811063333.3,-73.41714644951426
26816061666.7,-73.11154158089118
26821060000.0,-80.74289928170116
26826058333.3,-74.1067632641968
26831056666.7,-76.7941666551125
26836055000.0,-76.28735212157257
26841053333.3,-73.94299138033429
26846051666.7,-85.66404213342719
26851050000.0,-78.07344099347064
26856048333.3,-83.86031351925811
26861046666.7,-76.38808138211371
26866045000.0,-76.37113464767859
26871043333.3,-76.41684667918574
26876041666.7,-76.05581486136973
26881040000.0,-76.3679412744264
26886038333.3,-81.07840327653082
26891036666.7,-75.20610663909412
26896035000.0,-74.95899738171961
26901033333.3,-76.15340180813878
26906031666.7,-83.20467844542958
26911030000.0,-77.46427851347636
26916028333.3,-73.39647366551492
26921026666.7,-87.06644669286379
26926025000.0,-77.38121203978824
26931023333.3,-72.9697120351919
26936021666.7,-83.83668019619576
26941020000.0,-74.46466924596
26946018333.3,-73.8397219015525
26951016666.7,-75.61281168280547
26956015000.0,-72.22204627034172
26961013333.3,-74.15963331315044
26966011666.7,-76.50842412746825
26971010000.0,-94.61567484629461
26976008333.3,-76.82200279527126
26981006666.7,-76.25376514766361
26986005000.0,-79.17879770495874
26991003333.3,-76.99350923305423
26996001666.7,-79.51268831411328
27001000000.0,-75.29030654899917
27005998333.3,-86.99360402340064
27010996666.7,-75.26721298761036
27015995000.0,-88.24178775232448
27020993333.3,-85.5506249342592
27025991666.7,-77.6340848042357
27030990000.0,-91.75575370124618
27035988333.3,-88.59994093161058
27040986666.7,-78.8032484864028
27045985000.0,-81.67257106677191
27050983333.3,-73.74286322562264
27055981666.7,-71.37188563724105
27060980000.0,-81.32428275989665
27065978333.3,-80.33003564266166
27070976666.7,-72.34667905849746
27075975000.0,-75.78665216186188
27080973333.3,-76.72557180247199
27085971666.7,-80.52715531754366
27090970000.0,-79.54475910432143
27095968333.3,-76.95172095790817
27100966666.7,-84.70200399992359
27105965000.0,-77.66179703000488
27110963333.3,-75.96862456987007
27115961666.7,-80.79497688503311
27120960000.0,-75.10885104146779
27125958333.3,-75.63368792228219
27130956666.7,-76.974352636212
27135955000.0,-77.35186965386795
27140953333.3,-77.18677121117392
27145951666.7,-71.75833013470427
27150950000.0,-80.94431025809425
27155948333.3,-74.49806697936097
27160946666.7,-74.46184155972884
27165945000.0,-84.60958385337152
27170943333.3,-76.6791749277084
27175941666.7,-78.76120907774902
27180940000.0,-85.97692810632758
27185938333.3,-85.96239724164322
27190936666.7,-90.72681732471312
27195935000.0,-82.45552468662976
27200933333.3,-82.72979045705026
27205931666.7,-79.21591161492253
27210930000.0,-81.46792343369135
27215928333.3,-78.02447650268577
27220926666.7,-76.08375456684026
27225925000.0,-73.85840635144098
27230923333.3,-79.76764706451546
27235921666.7,-71.77508141473146
27240920000.0,-73.00743643562554
27245918333.3,-73.79608729016896
27250916666.7,-79.8642466051406
27255915000.0,-74.77483892636468
27260913333.3,-74.13491658205383
27265911666.7,-79.17632687619069
27270910000.0,-75.37415922458723
27275908333.3,-108.11744402295714
27280906666.7,-72.84284097516111
27285905000.0,-90.23313113070726
27290903333.3,-78.92791017396647
27295901666.7,-78.9587397798301
27300900000.0,-76.82742584442842
27305898333.3,-82.38717549398604
27310896666.7,-80.74419443043324
27315895000.0,-77.36205462001236
27320893333.3,-71.34345898819363
27325891666.7,-96.0270634422427
27330890000.0,-72.85835948746659
27335888333.3,-76.90610506915849
27340886666.7,-83.7516410743706
27345885000.0,-81.66371243334588
27350883333.3,-76.07714392798192
27355881666.7,-75.76653433901372
27360880000.0,-80.20608480961329
27365878333.3,-83.63567122498665
27370876666.7,-75.75894008249884
27375875000.0,-75.29222042178219
27380873333.3,-74.0041393159842
27385871666.7,-77.80601970449861
27390870000.0,-75.20556628198908
27395868333.3,-80.08207042427756
27400866666.7,-79.75886415977303
27405865000.0,-79.90930556139718
27410863333.3,-84.39732817257101
27415861666.7,-91.99658689603567
27420860000.0,-96.4301627448272
27425858333.3,-77.68562998334372
27430856666.7,-77.93287603538784
27435855000.0,-78.60006739846597
27440853333.3,-76.61295110720721
27445851666.7,-82.8655250795342
27450850000.0,-80.80372707325994
27455848333.3,-76.26764804936047
27460846666.7,-69.84028485164521
27465845000.0,-77.57117075155938
27470843333.3,-71.48507191716567
27475841666.7,-83.82051839466394
27480840000.0,-73.68915610729053
27485838333.3,-75.17033281166302
27490836666.7,-72.0781472328382
27495835000.0,-74.4440141093948
27500833333.3,-75.59221561806335
27505831666.7,-81.74175320616159
27510830000.0,-75.69418765868146
27515828333.3,-77.34922888980405
27520826666.7,-73.37349210234395
27525825000.0,-75.13962921840913
27530823333.3,-74.22194875413346
27535821666.7,-78.26186655201305
27540820000.0,-73.78950328361485
27545818333.3,-79.41248513046673
27550816666.7,-77.63164497912472
27555815000.0,-86.13018596536087
27560813333.3,-77.40110291519701
27565811666.7,-79.06364011956452
27570810000.0,-83.23963810096372
27575808333.3,-79.93983850989136
27580806666.7,-82.29936616830985
27585805000.0,-94.56324672588535
27590803333.3,-75.12053461857023
27595801666.7,-85.51573640998804
27600800000.0,-73.18150127621547
27605798333.3,-76.17872289579091
27610796666.7,-80.57236765890393
27615795000.0,-76.1222968313101
27620793333.3,-78.85595607480616
27625791666.7,-75.65956418471924
27630790000.0,-76.53314109702451
27635788333.3,-98.6239734628887
27640786666.7,-79.89283861634689
27645785000.0,-73.40626469599786
27650783333.3,-78.2229193342007
27655781666.7,-79.4341779326942
27660780000.0,-72.68050053958949
27665778333.3,-77.90534155629062
27670776666.7,-77.02813085089491
27675775000.0,-76.98949417593792
27680773333.3,-78.14691718478724
27685771666.7,-73.94421328901657
27690770000.0,-77.5628539891731
27695768333.3,-82.6726663948379
27700766666.7,-76.70163014027754
27705765000.0,-73.64134697056608
27710763333.3,-75.73237010871492
27715761666.7,-76.05324622870276
27720760000.0,-82.17225542888741
27725758333.3,-78.02550564765507
27730756666.7,-85.2429486969742
27735755000.0,-82.56771648513853
27740753333.3,-76.01358365891004
27745751666.7,-79.6456570414719
27750750000.0,-71.95982533108953
27755748333.3,-77.58839476463508
27760746666.7,-80.67912546760361
27765745000.0,-81.19187595977246
27770743333.3,-82.8444316524726
27775741666.7,-74.16526104046785
27780740000.0,-75.0401343031846
27785738333.3,-76.95014337907769
27790736666.7,-77.37882124756882
27795735000.0,-80.21909183342456
27800733333.3,-80.04776706889942
27805731666.7,-85.7951057119753
27810730000.0,-77.40378866582552
27815728333.3,-77.01283127592352
27820726666.7,-75.99498970090707
27825725000.0,-77.96851150205921
27830723333.3,-76.12494004754534
27835721666.7,-80.23759752203017
27840720000.0,-83.35851797268188
27845718333.3,-74.10303542644584
27850716666.7,-77.48056203654858
27855715000.0,-74.00493102613164
27860713333.3,-76.67901933961856
27865711666.7,-88.63534137064123
27870710000.0,-71.99468138413599
27875708333.3,-74.30620573241438
27880706666.7,-70.50584985288492
27885705000.0,-84.89169080360186
27890703333.3,-84.2496270659606
27895701666.7,-79.44633407683486
27900700000.0,-80.67172217417648
27905698333.3,-79.03925353693123
27910696666.7,-80.47688123422027
27915695000.0,-77.50928362375802
27920693333.3,-89.22143263853029
27925691666.7,-71.60239289680092
27930690000.0,-80.04458531547242
27935688333.3,-79.21618033936338
27940686666.7,-74.34430071079848
27945685000.0,-83.26816946486984
27950683333.3,-73.16503055410753
27955681666.7,-72.74501138200829
27960680000.0,-84.00121613391546
27965678333.3,-76.7499800277729
27970676666.7,-82.63516792073828
27975675000.0,-73.69808264591731
27980673333.3,-79.71095945776355
27985671666.7,-78.73246670147213
27990670000.0,-77.47744411934919
27995668333.3,-80.0377480389241
28000666666.7,-79.43051931538609
28005665000.0,-81.64338159446551
28010663333.3,-79.09387228491461
28015661666.7,-78.38449850153904
28020660000.0,-101.6365601153777
28025658333.3,-76.77597569518308
28030656666.7,-78.56252886485947
28035655000.0,-76.80016020435326
28040653333.3,-82.65689161101366
28045651666.7,-75.15721251386543
28050650000.0,-76.1298461573026
28055648333.3,-89.25587308853434
28060646666.7,-80.13207741162006
28065645000.0,-78.18224294719539
28070643333.3,-79.70194117681325
28075641666.7,-75.14316534971036
28080640000.0,-73.40160000126258
28085638333.3,-80.07861872677437
28090636666.7,-82.85616423296929
28095635000.0,-75.52645188968609
28100633333.3,-86.90910942416849
28105631666.7,-77.44200777169566
28110630000.0,-79.10816735013205
28115628333.3,-92.46485102536678
28120626666.7,-76.31528088120697
28125625000.0,-78.94728503747685
28130623333.3,-83.8130377541661
28135621666.7,-80.24438328802978
28140620000.0,-73.06637137943706
28145618333.3,-75.40919947303021
28150616666.7,-79.6592695181796
28155615000.0,-82.13725453918619
28160613333.3,-81.36655030878443
28165611666.7,-73.00933309468496
28170610000.0,-79.80526092266928
28175608333.3,-78.89723069115792
28180606666.7,-80.98817212681963
28185605000.0,-92.22606843750481
28190603333.3,-69.9957336636791
28195601666.7,-84.10885851415037
28200600000.0,-87.21667191777458
28205598333.3,-81.46431520922205
28210596666.7,-75.74998086807179
28215595000.0,-77.91632817389132
28220593333.3,-90.91175030515176
28225591666.7,-80.48405854143304
28230590000.0,-83.2266852945621
28235588333.3,-79.79025946586364
28240586666.7,-76.25987981105885
28245585000.0,-77.39299326259109
28250583333.3,-74.81653279611196
28255581666.7,-87.2543652939236
28260580000.0,-77.12826596304302
28265578333.3,-80.18216431912832
28270576666.7,-81.19011596756161
28275575000.0,-75.32889766157696
28280573333.3,-91.9043944705365
28285571666.7,-81.368679521344
28290570000.0,-81.16635940409921
28295568333.3,-74.63807319405042
28300566666.7,-86.245687535871
28305565000.0,-78.04164004506332
28310563333.3,-80.12151879973581
28315561666.7,-77.68799987068711
28320560000.0,-87.62396088525249
28325558333.3,-78.79330369104802
28330556666.7,-79.61410380228028
28335555000.0,-88.09786518902044
28340553333.3,-84.17843047820125
28345551666.7,-77.85513457066656
28350550000.0,-77.0327955327079
28355548333.3,-87.0542697083819
28360546666.7,-83.22185058975208
28365545000.0,-79.71682376361787
28370543333.3,-81.01369911639104
28375541666.7,-77.76130435360687
28380540000.0,-84.11932885018786
28385538333.3,-73.66453457623642
28390536666.7,-76.28626972925191
28395535000.0,-92.91786172081517
28400533333.3,-79.48772276841608
28405531666.7,-75.42897613889595
28410530000.0,-87.47491423274292
28415528333.3,-83.5852927319032
28420526666.7,-82.08996282851395
28425525000.0,-82.20835000995567
28430523333.3,-77.63723385409659
28435521666.7,-84.65724791768599
28440520000.0,-75.3487509070752
28445518333.3,-79.75891187136747
28450516666.7,-76.12605712808347
28455515000.0,-81.42876229718979
28460513333.3,-75.04793671919231
28465511666.7,-75.59986547020462
28470510000.0,-72.91924438249508
28475508333.3,-85.77967343434842
28480506666.7,-79.97402600753287
28485505000.0,-78.56222933964544
28490503333.3,-89.3859628589972
28495501666.7,-93.20183770648414
28500500000.0,-73.34648513369382
28505498333.3,-82.85453269754666
28510496666.7,-84.10492640915399
28515495000.0,-76.38103743861889
28520493333.3,-75.27093064190242
28525491666.7,-87.7359263955754
28530490000.0,-81.04452548540598
28535488333.3,-72.19620683603345
28540486666.7,-80.97482365593424
28545485000.0,-85.5579312929403
28550483333.3,-81.1616616890003
28555481666.7,-81.35367957970789
28560480000.0,-76.01335172358742
28565478333.3,-80.78788255675663
28570476666.7,-77.15130168203366
28575475000.0,-92.56719773491403
28580473333.3,-76.37895997001667
28585471666.7,-76.50702638303054
28590470000.0,-78.65082449876583
28595468333.3,-91.85337376837103
28600466666.7,-80.17336476217355
28605465000.0,-78.83368360860777
28610463333.3,-80.65779599869565
28615461666.7,-82.65916707015035
28620460000.0,-78.48931920948839
28625458333.3,-78.5360198928133
28630456666.7,-80.5999325145552
28635455000.0,-77.55062626135117
28640453333.3,-79.1683517314074
28645451666.7,-87.9681062347419
28650450000.0,-76.86281179305456
28655448333.3,-76.4830872787723
28660446666.7,-76.2348687647188
28665445000.0,-85.76301809889665
28670443333.3,-78.53624703841173
28675441666.7,-78.64960370169608
28680440000.0,-76.18249569210457
28685438333.3,-77.17134279966328
28690436666.7,-74.76499170846503
28695435000.0,-77.81243665068476
28700433333.3,-79.0452393652174
28705431666.7,-78.87986926731841
28710430000.0,-81.49829042267149
28715428333.3,-84.59649619116745
28720426666.7,-71.4401130990005
28725425000.0,-71.4851801667439
28730423333.3,-76.90362631442989
28735421666.7,-81.92734385055287
28740420000.0,-79.08909304239924
28745418333.3,-77.4771746955
28750416666.7,-77.9114289530554
28755415000.0,-76.07566371769349
28760413333.3,-92.59016424977179
28765411666.7,-81.62119255390566
28770410000.0,-87.76152194437861
28775408333.3,-79.3718380228677
28780406666.7,-87.98784402348335
28785405000.0,-77.17243436214889
28790403333.3,-78.54164941901949
28795401666.7,-80.79832541992016
28800400000.0,-76.60070065210805
28805398333.3,-75.82914780433904
28810396666.7,-86.21960967715927
28815395000.0,-79.56141385304547
28820393333.3,-76.31162322834062
28825391666.7,-97.3268085742623
28830390000.0,-79.5800364797447
28835388333.3,-84.94131614088572
28840386666.7,-92.283754870215
28845385000.0,-74.46145112361404
28850383333.3,-78.25310000242968
28855381666.7,-84.22013657780502
28860380000.0,-75.11808655563982
28865378333.3,-78.18117513417269
28870376666.7,-95.44511630047815
28875375000.0,-77.09226398919509
28880373333.3,-78.43723128700333
28885371666.7,-95.87735183453665
28890370000.0,-77.14274755056505
28895368333.3,-76.76780287286664
28900366666.7,-80.25015643513004
28905365000.0,-91.65652435806146
28910363333.3,-86.60250142198991
28915361666.7,-75.74214810578121
28920360000.0,-81.94613729491616
28925358333.3,-78.88276517699333
28930356666.7,-77.2409883195859
28935355000.0,-74.34973054164195
28940353333.3,-79.11153318221687
28945351666.7,-74.64803357329322
28950350000.0,-75.01010229815846
28955348333.3,-77.31289257262775
28960346666.7,-78.51570714933199
28965345000.0,-89.29213864142868
28970343333.3,-84.44665091746772
28975341666.7,-79.94857883376933
28980340000.0,-80.93974680226185
28985338333.3,-76.17838543026608
28990336666.7,-80.8635327021532
28995335000.0,-75.43147528703923
29000333333.3,-74.4323586990168
29005331666.7,-79.5702472329589
29010330000.0,-84.44155212726827
29015328333.3,-70.41230495824024
29020326666.7,-75.77119018546303
29025325000.0,-74.54783352649874
29030323333.3,-71.23400141700294
29035321666.7,-72.93504074333988
29040320000.0,-82.88369289127152
29045318333.3,-77.6249435652663
29050316666.7,-68.75279979330578
29055315000.0,-77.25158178108462
29060313333.3,-79.80816589661943
29065311666.7,-77.18689652373784
29070310000.0,-91.37436037998987
29075308333.3,-91.12304054323988
29080306666.7,-76.84870366027913
29085305000.0,-80.39644222650122
29090303333.3,-81.12513969148506
29095301666.7,-85.57875426400075
29100300000.0,-73.84340600299522
29105298333.3,-76.66281976696636
29110296666.7,-75.16374977301716
29115295000.0,-81.9607291953689
29120293333.3,-84.65248487029258
29125291666.7,-79.26618178618965
29130290000.0,-84.88487728556623
29135288333.3,-79.91345384883816
29140286666.7,-77.43803362178214
29145285000.0,-77.07945444000678
29150283333.3,-81.73780931684269
29155281666.7,-72.8881015936357
29160280000.0,-74.60691081894025
29165278333.3,-80.72816036575793
29170276666.7,-95.56360842069958
29175275000.0,-83.2390157469857
29180273333.3,-81.57880019906843
29185271666.7,-75.29768563918564
29190270000.0,-79.90470072673843
29195268333.3,-73.91180064869496
29200266666.7,-74.82409369073956
29205265000.0,-78.66408375274742
29210263333.3,-78.7894152000196
29215261666.7,-82.23637460189714
29220260000.0,-76.99744781305479
29225258333.3,-82.2401673764478
29230256666.7,-80.27047882283809
29235255000.0,-90.97470211872044
29240253333.3,-87.99420506798063
29245251666.7,-85.114505492819
29250250000.0,-75.51481414915015
29255248333.3,-89.95023528986985
29260246666.7,-72.94164242553524
29265245000.0,-77.62569614641897
29270243333.3,-95.26859123758312
29275241666.7,-75.40668574490167
29280240000.0,-74.6042732452908
29285238333.3,-80.85285121965308
29290236666.7,-70.52127040931212
29295235000.0,-85.09701302586106
29300233333.3,-81.19576681532908
29305231666.7,-74.98297621011149
29310230000.0,-77.66864752280681
29315228333.3,-75.87955014280692
29320226666.7,-82.14416697803497
29325225000.0,-79.0894479618381
29330223333.3,-90.00880899508482
29335221666.7,-81.99719130088081
29340220000.0,-76.13525594051012
29345218333.3,-76.10140481747345
29350216666.7,-77.42338959265393
29355215000.0,-82.13680362457384
29360213333.3,-98.04426176703303
29365211666.7,-80.80009915815495
29370210000.0,-77.74642651522207
29375208333.3,-83.35305460016819
29380206666.7,-78.63473780795064
29385205000.0,-73.27675973829625
29390203333.3,-75.50687820563152
29395201666.7,-72.52507758144282
29400200000.0,-75.97134063724495
29405198333.3,-72.35135566726926
29410196666.7,-72.82470317887943
29415195000.0,-77.77928212785122
29420193333.3,-87.9556397350392
29425191666.7,-80.22963615109418
29430190000.0,-68.05608705790378
29435188333.3,-70.64660383278769
29440186666.7,-76.08732517311876
29445185000.0,-83.47052298352293
29450183333.3,-72.60934990541777
29455181666.7,-78.93320686214932
29460180000.0,-78.20550366984347
29465178333.3,-75.85935782197357
29470176666.7,-77.09394619066919
29475175000.0,-71.77032931002451
29480173333.3,-75.1522010012639
29485171666.7,-78.91055352421787
29490170000.0,-73.01445070777385
29495168333.3,-80.2228312504528
29500166666.7,-82.78780877361889
29505165000.0,-80.14511134188234
29510163333.3,-83.56073678191603
29515161666.7,-84.32375863869768
29520160000.0,-78.87599374313328
29525158333.3,-80.11660529685011
29530156666.7,-79.8273722374204
29535155000.0,-80.07104410533611
29540153333.3,-72.49835611689574
29545151666.7,-77.0621269948471
29550150000.0,-85.88916621469326
29555148333.3,-78.69619828133273
29560146666.7,-76.10743162954735
29565145000.0,-75.8996739240567
29570143333.3,-89.53343024727197
29575141666.7,-80.01764854449087
29580140000.0,-82.30062978630627
29585138333.3,-75.71659250956446
29590136666.7,-74.6345916057438
29595135000.0,-82.84383596760412
29600133333.3,-74.25780264091816
29605131666.7,-74.18708044164721
29610130000.0,-77.85463515182555
29615128333.3,-78.26397605974569
29620126666.7,-72.42285611668098
29625125000.0,-76.15261258959363
29630123333.3,-83.06601014842279
29635121666.7,-71.96981147322028
29640120000.0,-79.13005814409344
29645118333.3,-82.52692941501905
29650116666.7,-79.64713201687546
29655115000.0,-78.34701437241682
29660113333.3,-78.16539676753236
29665111666.7,-80.69546134701007
29670110000.0,-90.11925493132509
29675108333.3,-82.01901784236811
29680106666.7,-74.82105637682415
29685105000.0,-83.49946976927241
29690103333.3,-79.94734789973211
29695101666.7,-85.89157324053859
29700100000.0,-83.61765155165115
29705098333.3,-72.28109691209691
29710096666.7,-72.62747692631109
29715095000.0,-94.29731842395655
29720093333.3,-80.30953611951018
29725091666.7,-75.71512813239649
29730090000.0,-82.11257454294653
29735088333.3,-70.35279348987027
29740086666.7,-81.801357673948
29745085000.0,-74.51713695535054
29750083333.3,-76.0835395188736
29755081666.7,-81.2377922394013
29760080000.0,-77.69872244521028
29765078333.3,-81.23097579470766
29770076666.7,-77.74416616474221
29775075000.0,-79.09434898296993
29780073333.3,-74.95903405340144
29785071666.7,-72.39409245665945
29790070000.0,-83.8653864478542
29795068333.3,-79.26068205700531
29800066666.7,-75.26072924215823
29805065000.0,-77.24940058330623
29810063333.3,-87.33071056056889
29815061666.7,-84.65815310521126
29820060000.0,-75.46007474880643
29825058333.3,-74.8074999109417
29830056666.7,-85.17745006378115
29835055000.0,-77.1969994825779
29840053333.3,-75.04521863023838
29845051666.7,-82.32272807972761
29850050000.0,-86.38427457651012
29855048333.3,-72.39366169869407
29860046666.7,-84.74463096425657
29865045000.0,-94.15767555217123
29870043333.3,-75.0811523910439
29875041666.7,-86.87838730371391
29880040000.0,-76.92125634076531
29885038333.3,-83.37165162055875
29890036666.7,-81.29652194414577
29895035000.0,-79.99957816718602
29900033333.3,-74.52882118515015
29905031666.7,-83.76276765619586
29910030000.0,-77.69828696152649
29915028333.3,-73.59963413708697
29920026666.7,-83.46703684050905
29925025000.0,-93.94879620851349
29930023333.3,-76.03498016704462
29935021666.7,-71.01927176404598
29940020000.0,-77.19282686302301
29945018333.3,-77.51869037210675
29950016666.7,-87.57417011808758
29955015000.0,-82.36530833510434
29960013333.3,-80.94982934358272
29965011666.7,-83.65716747552197
29970010000.0,-78.24158468840645
29975008333.3,-77.0562371297312
29980006666.7,-87.58888434136763
29985005000.0,-88.40866473940757
29990003333.3,-87.96138961317794
29995001666.7,-72.4861825343533
30000000000.0,-73.54082707562904
