Frequency_Hz,Magnitude_dB
10000000.0,-66.12578561400477
14998333.3333,-58.236682149681286
19996666.6667,-60.12953670621046
24995000.0,-64.27597931150505
29993333.3333,-66.82230127081178
34991666.6667,-66.03136535892058
39990000.0,-63.31414065537059
44988333.3333,-65.48506111115512
49986666.6667,-75.52421792775684
54985000.0,-65.52411817214879
59983333.3333,-63.572028098512064
64981666.6667,-84.03172546949779
69980000.0,-65.61803753337387
74978333.3333,-64.94781049665094
79976666.6667,-70.7835725697027
84975000.0,-68.35643963432723
89973333.3333,-64.33666338189465
94971666.6667,-66.18558424442114
99970000.0,-68.33002579892434
104968333.333,-64.51960063374862
109966666.667,-63.536384653122155
114965000.0,-67.58325101231082
119963333.333,-66.28158941717476
124961666.667,-64.39936124769767
129960000.0,-64.43998614725723
134958333.333,-69.67103801732274
139956666.667,-68.35899638784907
144955000.0,-66.48207078823549
149953333.333,-66.03675030473728
154951666.667,-69.5850648461621
159950000.0,-65.65284648293394
164948333.333,-67.54603750273898
169946666.667,-65.02395229504762
174945000.0,-67.68285350813179
179943333.333,-65.9291727796452
184941666.667,-69.39944091809272
189940000.0,-66.5268289498712
194938333.333,-68.20957268367484
199936666.667,-67.34533479187921
204935000.0,-67.94296236541368
209933333.333,-69.67366774564263
214931666.667,-67.82338716324679
219930000.0,-69.32657316326669
224928333.333,-66.07576243060373
229926666.667,-66.56640309129907
234925000.0,-68.04230316145403
239923333.333,-66.97005971251323
244921666.667,-67.25636099704465
249920000.0,-66.12552089004612
254918333.333,-66.52473709549356
259916666.667,-65.31526197512119
264915000.0,-66.8749227657403
269913333.333,-67.69894213358764
274911666.667,-68.10244149153527
279910000.0,-66.5818034194881
284908333.333,-70.07735509750455
289906666.667,-68.52587306334476
294905000.0,-67.59050243555363
299903333.333,-67.47253976338195
304901666.667,-67.99069604109404
309900000.0,-68.78817092592732
314898333.333,-65.40036126133484
319896666.667,-68.99766452652851
324895000.0,-67.16443527955323
329893333.333,-69.58979125582692
334891666.667,-64.48759228518139
339890000.0,-66.83168477786192
344888333.333,-65.99474097275484
349886666.667,-67.6378311301728
354885000.0,-67.48125990091135
359883333.333,-72.59723869286657
364881666.667,-69.71308171443151
369880000.0,-65.84795115383687
374878333.333,-67.29173263370858
379876666.667,-65.90868218826793
384875000.0,-66.88482577008975
389873333.333,-66.4923660528402
394871666.667,-67.17845850687263
399870000.0,-68.08290495017003
404868333.333,-66.98240103885512
409866666.667,-67.5537174944846
414865000.0,-70.05025920682691
419863333.333,-66.52521232842686
424861666.667,-66.87451107495853
429860000.0,-67.88500116379672
434858333.333,-68.32994692871458
439856666.667,-70.32170376457113
444855000.0,-65.68087977871967
449853333.333,-67.04173212894554
454851666.667,-67.58854342706998
459850000.0,-65.17750113515801
464848333.333,-64.98446451531652
469846666.667,-68.06983681417825
474845000.0,-68.06958272568406
479843333.333,-67.38159180751386
484841666.667,-66.35736158422813
489840000.0,-66.19240846305597
494838333.333,-66.66151337169455
499836666.667,-66.28525781222507
504835000.0,-66.57020388827998
509833333.333,-65.6130084998965
514831666.667,-69.6585167009448
519830000.0,-67.08445716476862
524828333.333,-68.05004964919134
529826666.667,-66.82994315623426
534825000.0,-66.45028515801327
539823333.333,-72.34004877950636
544821666.667,-67.43048134885743
549820000.0,-65.5549273991964
554818333.333,-65.1241682924564
559816666.667,-66.75281812148599
564815000.0,-67.49989583015494
569813333.333,-66.13600473971537
574811666.667,-66.14064824047179
579810000.0,-66.74433305319188
584808333.333,-65.69300053273425
589806666.667,-67.6793557642497
594805000.0,-68.10077548850258
599803333.333,-65.820214904666
604801666.667,-66.81175625770562
609800000.0,-67.94421323506079
614798333.333,-67.43024070656159
619796666.667,-66.85743722576413
624795000.0,-66.69677203743584
629793333.333,-66.04274932857655
634791666.667,-68.10536628574667
639790000.0,-68.17117288731923
644788333.333,-64.69104723508254
649786666.667,-65.51022793945779
654785000.0,-66.53767352728954
659783333.333,-65.09075709946954
664781666.667,-69.28657616541801
669780000.0,-67.1310281753885
674778333.333,-66.38040325739021
679776666.667,-65.58984827333644
684775000.0,-66.78561153098983
689773333.333,-66.20779897974728
694771666.667,-64.9985205890648
699770000.0,-66.56571783523061
704768333.333,-65.16910300493888
709766666.667,-65.19415850381395
714765000.0,-66.29397336004969
719763333.333,-65.96536964460913
724761666.667,-67.02088366861409
729760000.0,-65.52823922978811
734758333.333,-64.84054827313273
739756666.667,-64.7757147751776
744755000.0,-65.7620546575349
749753333.333,-66.94590072346556
754751666.667,-64.94929831688503
759750000.0,-67.29298022059422
764748333.333,-65.60902655350824
769746666.667,-64.96108838227794
774745000.0,-65.92191970862757
779743333.333,-65.40639173176133
784741666.667,-66.162116441695
789740000.0,-66.70779169608596
794738333.333,-65.11007034646003
799736666.667,-65.08231524552411
804735000.0,-66.32844847774462
809733333.333,-66.56455487347532
814731666.667,-66.29612114147355
819730000.0,-66.43386498158074
824728333.333,-67.1894731556033
829726666.667,-65.95612182472607
834725000.0,-65.804245518287
839723333.333,-67.0534542994192
844721666.667,-64.95985977685503
849720000.0,-66.42556585160756
854718333.333,-66.35952486754334
859716666.667,-64.4948293331557
864715000.0,-66.77126540839565
869713333.333,-65.69773289269057
874711666.667,-64.71746531932732
879710000.0,-65.45108293147818
884708333.333,-65.85667512089432
889706666.667,-65.74702017414916
894705000.0,-65.526716019892
899703333.333,-65.91372881908508
904701666.667,-64.78253489009509
909700000.0,-66.87233133900735
914698333.333,-65.83482342967302
919696666.667,-65.28556598377821
924695000.0,-65.11519595852677
929693333.333,-65.57971684382468
934691666.667,-65.59323469347495
939690000.0,-65.6162495905809
944688333.333,-65.89113170304643
949686666.667,-65.65673807566365
954685000.0,-65.85500952522186
959683333.333,-64.91521301915195
964681666.667,-66.06350503101865
969680000.0,-65.57902624050881
974678333.333,-66.16714851553523
979676666.667,-65.67514805333887
984675000.0,-65.16347820226736
989673333.333,-65.00347758853843
994671666.667,-65.6379646591515
999670000.0,-66.63673805279981
1004668333.33,-65.69480705749953
1009666666.67,-65.79279467778507
1014665000.0,-66.07324521478631
1019663333.33,-66.01245223984088
1024661666.67,-66.53646292248825
1029660000.0,-65.77025541963675
1034658333.33,-65.79345638496906
1039656666.67,-66.03497556766763
1044655000.0,-66.40391071536223
1049653333.33,-66.13517994377709
1054651666.67,-65.99138157748172
1059650000.0,-65.56196285320846
1064648333.33,-65.50820655361714
1069646666.67,-67.04242020838258
1074645000.0,-66.2113600234521
1079643333.33,-66.38068581653621
1084641666.67,-65.33784774555879
1089640000.0,-66.56081958603419
1094638333.33,-66.65725382013255
1099636666.67,-65.91837347339255
1104635000.0,-65.6674991547525
1109633333.33,-66.7976004790875
1114631666.67,-65.81803558965173
1119630000.0,-65.4799379825536
1124628333.33,-65.824592217164
1129626666.67,-65.1195547963335
1134625000.0,-66.70608918939679
1139623333.33,-64.45044459020752
1144621666.67,-65.58239062051689
1149620000.0,-65.38992410412664
1154618333.33,-66.11199670771168
1159616666.67,-65.86469774854184
1164615000.0,-66.23611412669302
1169613333.33,-66.3148709314874
1174611666.67,-65.08870552058346
1179610000.0,-66.33848332843709
1184608333.33,-65.88936708686586
1189606666.67,-65.39039330303058
1194605000.0,-65.39220781348625
1199603333.33,-66.05849249643691
1204601666.67,-65.7089863023148
1209600000.0,-66.2636265811637
1214598333.33,-66.00043676646258
1219596666.67,-64.94230686047517
1224595000.0,-66.0169453526921
1229593333.33,-64.65615733044504
1234591666.67,-65.09295162741662
1239590000.0,-65.43727801654329
1244588333.33,-66.025516729163
1249586666.67,-66.45751657551997
1254585000.0,-66.40572410612234
1259583333.33,-65.58375203058874
1264581666.67,-65.51851489507078
1269580000.0,-64.4155318064763
1274578333.33,-65.76941066638602
1279576666.67,-65.6351217295134
1284575000.0,-64.27129246640851
1289573333.33,-65.15317533756432
1294571666.67,-65.15476861132015
1299570000.0,-65.58887258664888
1304568333.33,-65.4116738320075
1309566666.67,-66.28134306371228
1314565000.0,-65.00973008051415
1319563333.33,-65.79085977377945
1324561666.67,-65.93339936341424
1329560000.0,-65.0987446968724
1334558333.33,-64.95425103161455
1339556666.67,-64.75576401738276
1344555000.0,-65.14078836959715
1349553333.33,-65.03030601933472
1354551666.67,-64.75249992088555
1359550000.0,-65.59798153689196
1364548333.33,-65.2045799694744
1369546666.67,-65.35846625264068
1374545000.0,-64.88284563201631
1379543333.33,-65.85563395165283
1384541666.67,-66.35804434620673
1389540000.0,-65.00092204333247
1394538333.33,-65.72274059467733
1399536666.67,-65.65004544106202
1404535000.0,-65.5262643496842
1409533333.33,-65.96397707228958
1414531666.67,-65.55248964914145
1419530000.0,-66.01547083340577
1424528333.33,-66.22426732769821
1429526666.67,-65.84771294049106
1434525000.0,-65.72565761373843
1439523333.33,-65.16886234668821
1444521666.67,-65.367975499325
1449520000.0,-64.59838506923879
1454518333.33,-65.75620878554395
1459516666.67,-65.53189995132082
1464515000.0,-66.33227083072326
1469513333.33,-66.04273011641824
1474511666.67,-65.2546791186112
1479510000.0,-64.70559659989472
1484508333.33,-65.31860522496002
1489506666.67,-63.82179744478318
1494505000.0,-64.51371685432119
1499503333.33,-64.42600082680555
1504501666.67,-64.09753857236868
1509500000.0,-65.95569435069449
1514498333.33,-65.15643409914122
1519496666.67,-64.21727713315761
1524495000.0,-67.2805422259691
1529493333.33,-64.60870945836801
1534491666.67,-64.55169186392911
1539490000.0,-64.35924239339852
1544488333.33,-65.05568394585535
1549486666.67,-66.42860554907807
1554485000.0,-63.92225792237602
1559483333.33,-66.42794567403178
1564481666.67,-66.00865969315896
1569480000.0,-65.56847631516229
1574478333.33,-65.29601661703227
1579476666.67,-65.48029065949439
1584475000.0,-65.64978169626765
1589473333.33,-66.11615680495359
1594471666.67,-64.21849300961259
1599470000.0,-63.72758071953864
1604468333.33,-65.39476875084799
1609466666.67,-65.15366734305158
1614465000.0,-64.29906948076248
1619463333.33,-63.988165968133295
1624461666.67,-65.0928169810505
1629460000.0,-65.12024139338254
1634458333.33,-64.69458714394912
1639456666.67,-65.23914607460571
1644455000.0,-65.71772411094754
1649453333.33,-64.96767020577033
1654451666.67,-66.18746790560127
1659450000.0,-65.09490576577689
1664448333.33,-65.5853216515823
1669446666.67,-65.5920927642609
1674445000.0,-66.0972007164773
1679443333.33,-65.08572622416958
1684441666.67,-65.40415515790195
1689440000.0,-64.941895187045
1694438333.33,-65.20957621893999
1699436666.67,-65.90860664183927
1704435000.0,-66.016852212642
1709433333.33,-64.95008496731369
1714431666.67,-65.06722266548563
1719430000.0,-64.7391237891645
1724428333.33,-65.1120743266435
1729426666.67,-65.42464629442945
1734425000.0,-65.46716120752095
1739423333.33,-66.51878956670257
1744421666.67,-65.58414950286564
1749420000.0,-66.41901479970002
1754418333.33,-65.77416575369583
1759416666.67,-66.84291764512815
1764415000.0,-66.06654128047062
1769413333.33,-65.38591035997739
1774411666.67,-64.65684813957927
1779410000.0,-66.30894455612523
1784408333.33,-64.92284285405766
1789406666.67,-65.0427820758914
1794405000.0,-66.36295013109275
1799403333.33,-65.6731991652052
1804401666.67,-64.68226899040914
1809400000.0,-64.52445914512948
1814398333.33,-64.3281789746614
1819396666.67,-65.28592106153448
1824395000.0,-64.70744748372755
1829393333.33,-65.11539757174748
1834391666.67,-64.98651488502581
1839390000.0,-65.48232489746455
1844388333.33,-66.02640189317535
1849386666.67,-64.53596903888794
1854385000.0,-65.63065626306005
1859383333.33,-65.54709025605221
1864381666.67,-65.70593996258523
1869380000.0,-64.85956324119155
1874378333.33,-65.72676980444204
1879376666.67,-64.64071580106925
1884375000.0,-66.66060428239427
1889373333.33,-64.3082474430929
1894371666.67,-65.66066845569682
1899370000.0,-65.69419857712325
1904368333.33,-65.57817091635758
1909366666.67,-64.67032020750844
1914365000.0,-65.79003137849476
1919363333.33,-65.35568455830176
1924361666.67,-66.93456570521566
1929360000.0,-65.16657254242966
1934358333.33,-66.21457942943672
1939356666.67,-64.94433700257296
1944355000.0,-65.82564830945732
1949353333.33,-66.10704707293519
1954351666.67,-65.24027054137247
1959350000.0,-64.27281816252764
1964348333.33,-65.3503238458759
1969346666.67,-64.64130290961026
1974345000.0,-65.97813039089736
1979343333.33,-64.8896515674655
1984341666.67,-64.01620213673652
1989340000.0,-64.86920819478571
1994338333.33,-65.08169744867064
1999336666.67,-64.43725197829872
2004335000.0,-65.35611784914957
2009333333.33,-64.76349290563414
2014331666.67,-64.43157035776163
2019330000.0,-65.09177078306978
2024328333.33,-64.58392986097363
2029326666.67,-66.17949681790728
2034325000.0,-64.10907513164646
2039323333.33,-65.76357004575782
2044321666.67,-65.6501835897135
2049320000.0,-65.77090887210582
2054318333.33,-65.05715303953566
2059316666.67,-65.77317583332646
2064315000.0,-64.37010913023539
2069313333.33,-64.73378589468362
2074311666.67,-65.834067808133
2079310000.0,-65.78317174652466
2084308333.33,-64.34937060050684
2089306666.67,-65.27690106313625
2094305000.0,-65.2588901700135
2099303333.33,-65.8256075146989
2104301666.67,-65.59328453069992
2109300000.0,-65.48758470790051
2114298333.33,-64.98668892424347
2119296666.67,-65.50264908065355
2124295000.0,-65.70401923211637
2129293333.33,-64.9831417855505
2134291666.67,-65.06030675185269
2139290000.0,-64.39944900352405
2144288333.33,-66.0403799189866
2149286666.67,-64.67705044534046
2154285000.0,-65.21556337384217
2159283333.33,-65.8132836221306
2164281666.67,-65.76221004499595
2169280000.0,-65.2285624117694
2174278333.33,-64.44478531387065
2179276666.67,-65.01769143021521
2184275000.0,-65.27653985943488
2189273333.33,-65.18365732155299
2194271666.67,-65.03292529680566
2199270000.0,-64.14457743705557
2204268333.33,-64.61137202615924
2209266666.67,-65.9605200672942
2214265000.0,-65.04553646536735
2219263333.33,-64.98845988752484
2224261666.67,-64.6848762907152
2229260000.0,-64.98922093796004
2234258333.33,-65.80722960842937
2239256666.67,-64.80675717393805
2244255000.0,-64.51514735826306
2249253333.33,-65.43618370036258
2254251666.67,-64.89026656080354
2259250000.0,-65.18026669416155
2264248333.33,-65.19687167769759
2269246666.67,-64.601583424355
2274245000.0,-65.81973588201384
2279243333.33,-64.54385884505746
2284241666.67,-63.98577290792154
2289240000.0,-64.8388768815031
2294238333.33,-65.46468762980554
2299236666.67,-65.36697852848266
2304235000.0,-63.78689709494382
2309233333.33,-63.510074324964634
2314231666.67,-65.44572433774567
2319230000.0,-65.09599881685337
2324228333.33,-65.07315341010822
2329226666.67,-64.14948717374283
2334225000.0,-64.92166521976404
2339223333.33,-65.8836400403352
2344221666.67,-64.48191386266564
2349220000.0,-64.64982685616106
2354218333.33,-64.441502235851
2359216666.67,-64.1570906912345
2364215000.0,-64.98411564979465
2369213333.33,-64.2430808449606
2374211666.67,-64.87573936579217
2379210000.0,-65.14761669479708
2384208333.33,-63.814945697932394
2389206666.67,-64.62735941214653
2394205000.0,-65.3640034035782
2399203333.33,-64.17206427453041
2404201666.67,-65.34829182321783
2409200000.0,-64.02108434265867
2414198333.33,-64.33429112400991
2419196666.67,-64.58209304808952
2424195000.0,-64.67008648615015
2429193333.33,-64.40626104523935
2434191666.67,-64.93328218890863
2439190000.0,-64.1974301622798
2444188333.33,-64.4102829406638
2449186666.67,-64.2089432561205
2454185000.0,-64.91421577557931
2459183333.33,-64.61208199888304
2464181666.67,-64.08570514955095
2469180000.0,-63.344288110809984
2474178333.33,-64.20098625288502
2479176666.67,-63.9301601970718
2484175000.0,-64.13054493939339
2489173333.33,-64.94620004777674
2494171666.67,-64.77479130144448
2499170000.0,-64.45628726596988
2504168333.33,-63.98681164551671
2509166666.67,-64.64482699498183
2514165000.0,-64.14365487735341
2519163333.33,-63.711482125725425
2524161666.67,-64.0789296046603
2529160000.0,-63.76710129597073
2534158333.33,-63.94442258087749
2539156666.67,-64.39244043539026
2544155000.0,-64.91030783765409
2549153333.33,-64.29317546293956
2554151666.67,-63.634113074462
2559150000.0,-63.9840638086049
2564148333.33,-63.988530034640206
2569146666.67,-63.86198049894715
2574145000.0,-64.33907896022238
2579143333.33,-63.96778408936761
2584141666.67,-64.3198006836104
2589140000.0,-64.70511345731144
2594138333.33,-63.802917010706295
2599136666.67,-64.23519295441187
2604135000.0,-64.28792818614798
2609133333.33,-64.3438116435318
2614131666.67,-65.2931131347286
2619130000.0,-64.3733730062997
2624128333.33,-64.37281097226138
2629126666.67,-64.37438924284916
2634125000.0,-64.39853507778707
2639123333.33,-64.9068214046485
2644121666.67,-63.89987495669921
2649120000.0,-64.2351429175815
2654118333.33,-63.66613495120387
2659116666.67,-63.98828452118275
2664115000.0,-65.01697235315842
2669113333.33,-63.94555769995428
2674111666.67,-64.55328693023552
2679110000.0,-64.65664293388771
2684108333.33,-63.997151235818734
2689106666.67,-64.59060268368634
2694105000.0,-64.12040090570828
2699103333.33,-64.47564076353444
2704101666.67,-64.15568209158424
2709100000.0,-64.59147855377934
2714098333.33,-64.91210164682998
2719096666.67,-64.2447888622827
2724095000.0,-63.619794608463806
2729093333.33,-64.61735103401837
2734091666.67,-64.14655867706018
2739090000.0,-63.57982083637373
2744088333.33,-64.67165802877813
2749086666.67,-63.75160831802937
2754085000.0,-63.64495171399109
2759083333.33,-62.87543933275035
2764081666.67,-63.572872402177524
2769080000.0,-64.59284132313707
2774078333.33,-63.91462206324655
2779076666.67,-64.17264971431054
2784075000.0,-63.859075989111844
2789073333.33,-64.2378327760754
2794071666.67,-64.10741346799314
2799070000.0,-64.68498761361175
2804068333.33,-63.96232356543227
2809066666.67,-64.62597651427998
2814065000.0,-63.93449368527287
2819063333.33,-63.29019658194622
2824061666.67,-64.13679917785278
2829060000.0,-63.860717186334796
2834058333.33,-62.98827422806497
2839056666.67,-63.83224011756741
2844055000.0,-63.34336323668911
2849053333.33,-63.076529934975895
2854051666.67,-64.20689290206656
2859050000.0,-63.15855588988269
2864048333.33,-63.74817945985443
2869046666.67,-64.2420038445573
2874045000.0,-63.74931861009333
2879043333.33,-63.990083903434034
2884041666.67,-63.86783700240923
2889040000.0,-63.630798639942924
2894038333.33,-64.2139575873108
2899036666.67,-64.11739998411261
2904035000.0,-64.05782043583939
2909033333.33,-64.79922063086148
2914031666.67,-63.237913186595385
2919030000.0,-64.6037504567021
2924028333.33,-63.62580016457479
2929026666.67,-64.05527613233633
2934025000.0,-63.379531340338815
2939023333.33,-63.437886013332815
2944021666.67,-63.2244538943064
2949020000.0,-63.331060885603485
2954018333.33,-64.18738771691726
2959016666.67,-63.50548851776976
2964015000.0,-63.890793753098464
2969013333.33,-63.94859124784929
2974011666.67,-63.46447435002009
2979010000.0,-63.45130773449779
2984008333.33,-63.50357481944418
2989006666.67,-64.20653850861778
2994005000.0,-63.925551330345215
2999003333.33,-63.46253497574031
3004001666.67,-63.91281696965546
3009000000.0,-63.679000044869476
3013998333.33,-63.695446496734746
3018996666.67,-64.04688076688403
3023995000.0,-63.586696492502114
3028993333.33,-64.20260647727109
3033991666.67,-64.31148561514169
3038990000.0,-63.726353133336275
3043988333.33,-63.4830236707457
3048986666.67,-63.274619255650315
3053985000.0,-63.51541282602977
3058983333.33,-63.53083824963659
3063981666.67,-63.58647507233065
3068980000.0,-64.2104883466701
3073978333.33,-63.339911558380365
3078976666.67,-63.184183020453155
3083975000.0,-63.81727577148256
3088973333.33,-64.30292123270375
3093971666.67,-63.825813052721784
3098970000.0,-63.55148223952423
3103968333.33,-63.324293404512616
3108966666.67,-63.84260900051625
3113965000.0,-63.14133044902742
3118963333.33,-63.17657329361654
3123961666.67,-63.367829747202734
3128960000.0,-63.18307527508273
3133958333.33,-63.30333845042752
3138956666.67,-63.017030247786245
3143955000.0,-63.243899639579
3148953333.33,-63.45076393714872
3153951666.67,-62.126409024781594
3158950000.0,-63.011629128248174
3163948333.33,-63.083620831067805
3168946666.67,-63.97528344945635
3173945000.0,-63.55256053938771
3178943333.33,-63.47565422246221
3183941666.67,-63.385924123756
3188940000.0,-63.00423368268841
3193938333.33,-63.15296345391925
3198936666.67,-63.157349398875496
3203935000.0,-63.27093088634436
3208933333.33,-63.50332343544093
3213931666.67,-62.532743466521616
3218930000.0,-63.37610215458837
3223928333.33,-63.28479264804077
3228926666.67,-63.3918008556077
3233925000.0,-62.814956554517295
3238923333.33,-62.57840554981347
3243921666.67,-62.61998475904335
3248920000.0,-63.03031623870794
3253918333.33,-63.922340341544896
3258916666.67,-63.71945617847519
3263915000.0,-63.43161373633028
3268913333.33,-63.880113213006894
3273911666.67,-62.73653790756377
3278910000.0,-63.50452683090704
3283908333.33,-62.55071848889497
3288906666.67,-62.85241793530738
3293905000.0,-62.81611179213533
3298903333.33,-62.90538751576372
3303901666.67,-63.41802064834053
3308900000.0,-63.32966650966759
3313898333.33,-62.76442554761749
3318896666.67,-62.80269465256991
3323895000.0,-62.838256382685444
3328893333.33,-63.03467657689381
3333891666.67,-63.3419193897646
3338890000.0,-62.84991174358365
3343888333.33,-62.760204284382716
3348886666.67,-62.990085842390364
3353885000.0,-62.77433086234869
3358883333.33,-62.994474563225594
3363881666.67,-62.5052183109121
3368880000.0,-62.956379253229116
3373878333.33,-63.45764064932106
3378876666.67,-63.69490480882499
3383875000.0,-63.85810329419294
3388873333.33,-62.23873810417374
3393871666.67,-62.774909225399036
3398870000.0,-62.86975611374945
3403868333.33,-62.38806606477051
3408866666.67,-62.697984875689556
3413865000.0,-62.41096611221976
3418863333.33,-62.794531939787824
3423861666.67,-63.13361417183033
3428860000.0,-62.86742411553692
3433858333.33,-63.06433304427338
3438856666.67,-63.34021662665651
3443855000.0,-63.08749980745466
3448853333.33,-63.340193924897136
3453851666.67,-63.48063719561853
3458850000.0,-62.548950494265156
3463848333.33,-62.60339789486486
3468846666.67,-63.56780446095465
3473845000.0,-62.33656515341997
3478843333.33,-63.48074469979337
3483841666.67,-62.458115691929315
3488840000.0,-62.88486062860968
3493838333.33,-63.44519874652393
3498836666.67,-62.63685888325285
3503835000.0,-62.45897701149203
3508833333.33,-62.29885988133604
3513831666.67,-63.07056508871757
3518830000.0,-63.187575077743986
3523828333.33,-62.683716584394716
3528826666.67,-62.90659750741795
3533825000.0,-63.08175941649398
3538823333.33,-62.420154212186404
3543821666.67,-63.51855707170561
3548820000.0,-63.235766815551244
3553818333.33,-62.626745699026955
3558816666.67,-62.48344984675893
3563815000.0,-63.47022712719536
3568813333.33,-62.9180446040845
3573811666.67,-63.076710108857164
3578810000.0,-62.24440651665449
3583808333.33,-62.175121618192655
3588806666.67,-62.20053232280336
3593805000.0,-62.6926483834051
3598803333.33,-63.258455468812215
3603801666.67,-62.811004500478205
3608800000.0,-62.4384110797574
3613798333.33,-62.42776966313358
3618796666.67,-62.311007936214374
3623795000.0,-63.59228154780823
3628793333.33,-61.98148055984126
3633791666.67,-62.57026762095849
3638790000.0,-63.54993237083538
3643788333.33,-62.28254926571272
3648786666.67,-62.7483482428992
3653785000.0,-62.749890560118615
3658783333.33,-62.39875126600123
3663781666.67,-62.83918597367732
3668780000.0,-63.00517380869023
3673778333.33,-62.7548788253576
3678776666.67,-63.136577698902514
3683775000.0,-62.6232431925142
3688773333.33,-62.858139927159975
3693771666.67,-62.258315299066496
3698770000.0,-62.946353652784936
3703768333.33,-62.9105744135484
3708766666.67,-64.05461820390387
3713765000.0,-62.93076062885934
3718763333.33,-63.423342830802305
3723761666.67,-63.28649609510585
3728760000.0,-63.38949985538652
3733758333.33,-62.83274924048189
3738756666.67,-63.56109454842793
3743755000.0,-62.90725404527176
3748753333.33,-62.51986938443651
3753751666.67,-63.34060526664469
3758750000.0,-63.3825411993033
3763748333.33,-62.68532195760266
3768746666.67,-62.81106053343676
3773745000.0,-63.19925887175713
3778743333.33,-62.532577423253535
3783741666.67,-63.29197603803979
3788740000.0,-63.828654267031524
3793738333.33,-62.537705763849175
3798736666.67,-63.221602127814755
3803735000.0,-62.572665352471084
3808733333.33,-63.11021193537485
3813731666.67,-62.749443303905686
3818730000.0,-62.108325724081226
3823728333.33,-63.24885849729253
3828726666.67,-62.83474999608738
3833725000.0,-62.946936455633406
3838723333.33,-63.138086257577214
3843721666.67,-62.2407052735073
3848720000.0,-62.36261595375887
3853718333.33,-61.93330857976615
3858716666.67,-63.133267085295735
3863715000.0,-62.55841617386171
3868713333.33,-62.03623077403214
3873711666.67,-62.16585537944444
3878710000.0,-62.0542107449798
3883708333.33,-61.86088764006146
3888706666.67,-62.84866309575571
3893705000.0,-61.784224066801855
3898703333.33,-62.00684563677545
3903701666.67,-62.00247770068299
3908700000.0,-61.797823061878255
3913698333.33,-62.28012569966104
3918696666.67,-62.37032633574135
3923695000.0,-62.03501887559444
3928693333.33,-62.48951772774606
3933691666.67,-62.250614422236666
3938690000.0,-62.068801161223604
3943688333.33,-62.90443661169191
3948686666.67,-62.182394733804585
3953685000.0,-62.644825807422855
3958683333.33,-62.58298808165862
3963681666.67,-62.630342449728516
3968680000.0,-61.75663470517347
3973678333.33,-62.68916932040483
3978676666.67,-62.88690746610526
3983675000.0,-61.648989313366435
3988673333.33,-62.60460067107155
3993671666.67,-62.87853032578333
3998670000.0,-62.98331547625229
4003668333.33,-61.78933854250335
4008666666.67,-62.638414985069616
4013665000.0,-63.366018321164425
4018663333.33,-62.45478721194648
4023661666.67,-63.0949154145715
4028660000.0,-63.373556079506244
4033658333.33,-62.381426309608784
4038656666.67,-63.09788114200525
4043655000.0,-63.023256723275196
4048653333.33,-62.597968683747055
4053651666.67,-62.60187113842981
4058650000.0,-62.582470669730796
4063648333.33,-63.31669163781377
4068646666.67,-62.19393069495589
4073645000.0,-62.092804684368204
4078643333.33,-61.81756847593562
4083641666.67,-62.47454158310062
4088640000.0,-61.83982525263198
4093638333.33,-61.88251890289689
4098636666.67,-61.98301211082701
4103635000.0,-61.92934830034471
4108633333.33,-62.01297607594317
4113631666.67,-62.633094884581475
4118630000.0,-62.419999772737356
4123628333.33,-61.84297860821974
4128626666.67,-61.638463687100426
4133625000.0,-61.56036166099733
4138623333.33,-61.8854450250225
4143621666.67,-62.25655617059029
4148620000.0,-62.02228098564361
4153618333.33,-61.83040586667808
4158616666.67,-61.56233346206514
4163615000.0,-61.72354346359687
4168613333.33,-61.277383070304616
4173611666.67,-61.90716698382445
4178610000.0,-61.38869491231861
4183608333.33,-62.8571608281014
4188606666.67,-61.65357698692807
4193605000.0,-61.546449559848206
4198603333.33,-61.89625867227126
4203601666.67,-61.37888260592377
4208600000.0,-62.655068672134185
4213598333.33,-62.18758133566329
4218596666.67,-61.340001897165564
4223595000.0,-61.5796303192476
4228593333.33,-62.18280941383928
4233591666.67,-62.423638813554795
4238590000.0,-62.492819581430574
4243588333.33,-61.89855969646099
4248586666.67,-62.02287179882104
4253585000.0,-62.50441850488744
4258583333.33,-62.201866827212726
4263581666.67,-62.69287438999179
4268580000.0,-62.015179161229625
4273578333.33,-61.94229740735835
4278576666.67,-62.6709514172721
4283575000.0,-63.095217389167146
4288573333.33,-61.80433466944399
4293571666.67,-61.88861796575185
4298570000.0,-61.97750348636377
4303568333.33,-61.445526688581765
4308566666.67,-61.476468535832936
4313565000.0,-61.73998418010391
4318563333.33,-61.892459266726405
4323561666.67,-61.773094662010514
4328560000.0,-61.87368496651915
4333558333.33,-61.60883607404521
4338556666.67,-61.75104392863148
4343555000.0,-61.314177514915244
4348553333.33,-61.671896580470445
4353551666.67,-62.096644401266715
4358550000.0,-62.239018026989584
4363548333.33,-61.7181595160167
4368546666.67,-61.39891843451074
4373545000.0,-61.29846444489189
4378543333.33,-61.436073891706364
4383541666.67,-61.78930588076379
4388540000.0,-61.695829023933925
4393538333.33,-61.458620983782666
4398536666.67,-61.21950555765701
4403535000.0,-61.576153826478915
4408533333.33,-61.270853570842746
4413531666.67,-61.33191304460994
4418530000.0,-61.47355934751202
4423528333.33,-61.12642697678649
4428526666.67,-61.21918962451098
4433525000.0,-61.343945117703164
4438523333.33,-60.66354710748149
4443521666.67,-61.304809922576375
4448520000.0,-60.66644301566499
4453518333.33,-61.59679715029313
4458516666.67,-61.22199989039914
4463515000.0,-61.21609593440721
4468513333.33,-61.30448503419529
4473511666.67,-60.78931993786898
4478510000.0,-61.55889320909721
4483508333.33,-61.078629726095485
4488506666.67,-61.50420883313502
4493505000.0,-61.290034979964204
4498503333.33,-61.21451897569462
4503501666.67,-61.103417018871795
4508500000.0,-60.8522373052884
4513498333.33,-61.195455655768136
4518496666.67,-61.18588072664047
4523495000.0,-60.97831264220606
4528493333.33,-61.04256375332936
4533491666.67,-61.21489141210237
4538490000.0,-61.16124740271598
4543488333.33,-61.16497360519857
4548486666.67,-60.827437900389405
4553485000.0,-61.210319413611
4558483333.33,-61.36827777942369
4563481666.67,-61.59378789964181
4568480000.0,-60.951541305778896
4573478333.33,-60.91147867666629
4578476666.67,-60.455234117658094
4583475000.0,-61.696866630919374
4588473333.33,-61.00698202751245
4593471666.67,-61.29866123390527
4598470000.0,-61.073187024054924
4603468333.33,-61.02426284937893
4608466666.67,-61.064655834990205
4613465000.0,-61.10548327855727
4618463333.33,-61.20517928328826
4623461666.67,-60.935461983684235
4628460000.0,-60.83257649433
4633458333.33,-60.81403569513992
4638456666.67,-60.85155606994568
4643455000.0,-61.27894273868226
4648453333.33,-60.831084681271804
4653451666.67,-60.888838183047895
4658450000.0,-60.75384188490138
4663448333.33,-60.34672496383973
4668446666.67,-62.06678792694615
4673445000.0,-60.7849602001513
4678443333.33,-60.687566420115644
4683441666.67,-60.68369291071658
4688440000.0,-60.87776747861632
4693438333.33,-60.3593557693699
4698436666.67,-60.865329539024515
4703435000.0,-61.18127628546962
4708433333.33,-61.206271953989415
4713431666.67,-60.87476082734454
4718430000.0,-60.36128713924046
4723428333.33,-60.56277792398291
4728426666.67,-60.78624657426931
4733425000.0,-61.06410053878232
4738423333.33,-60.63347880392498
4743421666.67,-60.73594776814269
4748420000.0,-60.69179991312446
4753418333.33,-61.25862582036934
4758416666.67,-60.811802377189665
4763415000.0,-61.08273214363098
4768413333.33,-60.456465745081225
4773411666.67,-60.53053410307825
4778410000.0,-60.558205421818045
4783408333.33,-60.37654717264356
4788406666.67,-60.437230064417655
4793405000.0,-60.152603211325946
4798403333.33,-60.57131669312008
4803401666.67,-60.33266633619584
4808400000.0,-60.477828599903845
4813398333.33,-60.80588032752165
4818396666.67,-60.94123815226222
4823395000.0,-60.612561638679
4828393333.33,-60.52893700150332
4833391666.67,-60.21276584486199
4838390000.0,-60.210033068113866
4843388333.33,-60.22637133487662
4848386666.67,-60.72006189446227
4853385000.0,-60.21689743608073
4858383333.33,-60.42401907974902
4863381666.67,-60.63659678271166
4868380000.0,-60.2839457104204
4873378333.33,-60.16285199514658
4878376666.67,-59.965439804248035
4883375000.0,-60.29710209251789
4888373333.33,-59.999967933067815
4893371666.67,-60.19736478045169
4898370000.0,-60.22242896152562
4903368333.33,-60.00418349201179
4908366666.67,-60.20558825235458
4913365000.0,-60.29006252784882
4918363333.33,-60.41413962837517
4923361666.67,-60.206874843931615
4928360000.0,-60.024363244136495
4933358333.33,-60.08765744716273
4938356666.67,-60.56676455736142
4943355000.0,-60.44240881933348
4948353333.33,-60.45249647899945
4953351666.67,-60.31809049074877
4958350000.0,-60.06053966670628
4963348333.33,-59.944456819826684
4968346666.67,-60.205746248778695
4973345000.0,-59.99324818349258
4978343333.33,-59.944941142798896
4983341666.67,-59.972109505074435
4988340000.0,-60.43559619278784
4993338333.33,-59.72069767813855
4998336666.67,-60.1808954830253
5003335000.0,-60.08461588914892
5008333333.33,-59.905381069701505
5013331666.67,-59.710360938039535
5018330000.0,-59.40567466111009
5023328333.33,-59.7530321939529
5028326666.67,-59.97056125143637
5033325000.0,-59.19384929859972
5038323333.33,-59.72400311322958
5043321666.67,-59.378888202264825
5048320000.0,-59.47790661390816
5053318333.33,-59.52038901813396
5058316666.67,-59.76470095491098
5063315000.0,-59.70122509515353
5068313333.33,-59.523306529921356
5073311666.67,-59.86712441923018
5078310000.0,-59.812661257065486
5083308333.33,-60.09587954240145
5088306666.67,-60.20304090911114
5093305000.0,-60.20830923598776
5098303333.33,-59.70320437356197
5103301666.67,-59.20389364098544
5108300000.0,-59.60052045504612
5113298333.33,-59.608726109046614
5118296666.67,-59.62922320693213
5123295000.0,-59.45853302267559
5128293333.33,-59.12988490893808
5133291666.67,-59.777130871057544
5138290000.0,-59.125504662575814
5143288333.33,-59.5335086409916
5148286666.67,-59.83572505639428
5153285000.0,-59.665905215083335
5158283333.33,-59.279459615014616
5163281666.67,-59.647709746036746
5168280000.0,-59.89168100195063
5173278333.33,-59.67461484879748
5178276666.67,-60.046061146771244
5183275000.0,-59.71804472343724
5188273333.33,-59.55142915447475
5193271666.67,-59.037680309371964
5198270000.0,-59.82735409398579
5203268333.33,-59.75470672250676
5208266666.67,-59.33779124596341
5213265000.0,-59.00366451126822
5218263333.33,-58.86815456324335
5223261666.67,-59.36145896144596
5228260000.0,-59.28720954077178
5233258333.33,-59.46203547240431
5238256666.67,-59.089565827786345
5243255000.0,-59.473851551542495
5248253333.33,-59.35676847413369
5253251666.67,-59.28649312478594
5258250000.0,-59.344417303976215
5263248333.33,-59.03283709526682
5268246666.67,-59.71048282301187
5273245000.0,-59.67101214202237
5278243333.33,-59.54713056418324
5283241666.67,-59.24767623675717
5288240000.0,-59.27419180965174
5293238333.33,-58.99666843353537
5298236666.67,-59.22763509256369
5303235000.0,-59.46195574289683
5308233333.33,-59.51321749496291
5313231666.67,-59.01926897673329
5318230000.0,-59.49674521009047
5323228333.33,-59.283631620634914
5328226666.67,-59.28697871275109
5333225000.0,-58.953910177066646
5338223333.33,-59.10161159005054
5343221666.67,-59.219549870581325
5348220000.0,-58.828562828262065
5353218333.33,-59.1131048181859
5358216666.67,-59.04714778559814
5363215000.0,-59.181784408857474
5368213333.33,-59.44059360617969
5373211666.67,-59.29270103252073
5378210000.0,-58.838848931943716
5383208333.33,-58.76138457566351
5388206666.67,-58.94779212753801
5393205000.0,-58.910286090964675
5398203333.33,-59.2803401431629
5403201666.67,-59.48259376060126
5408200000.0,-59.261494586381914
5413198333.33,-59.18022615468705
5418196666.67,-59.23856113585414
5423195000.0,-59.15615361713188
5428193333.33,-59.23531351951695
5433191666.67,-59.44858085243219
5438190000.0,-58.909256565940744
5443188333.33,-59.405846659330514
5448186666.67,-59.601499209345576
5453185000.0,-59.14269087558154
5458183333.33,-59.098912240888275
5463181666.67,-59.6861176527804
5468180000.0,-59.10076623880961
5473178333.33,-58.8770496708587
5478176666.67,-59.083799757421644
5483175000.0,-58.930356572602214
5488173333.33,-59.33286795754961
5493171666.67,-59.40615086686671
5498170000.0,-59.484592701566505
5503168333.33,-59.520545104406715
5508166666.67,-59.791433833578616
5513165000.0,-59.1988990764757
5518163333.33,-59.29746040296466
5523161666.67,-59.28643481197251
5528160000.0,-59.70528461671647
5533158333.33,-59.31228040832628
5538156666.67,-58.58572937437564
5543155000.0,-59.144087054056655
5548153333.33,-59.067629747194346
5553151666.67,-59.196440377505645
5558150000.0,-58.51618570374356
5563148333.33,-58.5120745737214
5568146666.67,-58.82421642778673
5573145000.0,-59.48296212143645
5578143333.33,-58.93511436114103
5583141666.67,-59.249732725272814
5588140000.0,-59.18979836746306
5593138333.33,-59.00606033932736
5598136666.67,-58.850796106071364
5603135000.0,-59.260770108240976
5608133333.33,-59.8272115147065
5613131666.67,-58.38031465285144
5618130000.0,-58.661284233120114
5623128333.33,-59.3969703820785
5628126666.67,-59.501683891551224
5633125000.0,-58.91825351603374
5638123333.33,-59.409067125775394
5643121666.67,-59.317026400625835
5648120000.0,-59.04620956569271
5653118333.33,-59.02203749893634
5658116666.67,-59.03335259636332
5663115000.0,-59.015617685325424
5668113333.33,-58.64742166967781
5673111666.67,-59.18515508407586
5678110000.0,-59.09243433774464
5683108333.33,-59.404836550345166
5688106666.67,-59.50714329037709
5693105000.0,-58.852164384666146
5698103333.33,-59.48051791710448
5703101666.67,-59.010244886988296
5708100000.0,-59.346194538404674
5713098333.33,-59.32210589661313
5718096666.67,-58.655316319122235
5723095000.0,-58.566883158492075
5728093333.33,-59.26757681320859
5733091666.67,-58.6563750054325
5738090000.0,-59.346802828743925
5743088333.33,-58.683332277980696
5748086666.67,-58.83520278889549
5753085000.0,-58.48441112792582
5758083333.33,-58.76041414933681
5763081666.67,-58.22745675526822
5768080000.0,-58.28675630274917
5773078333.33,-58.551620140691824
5778076666.67,-58.20561582245803
5783075000.0,-58.33954682236937
5788073333.33,-58.504009954458816
5793071666.67,-58.002554493872395
5798070000.0,-58.336817967051616
5803068333.33,-58.54332072700835
5808066666.67,-58.22781042152636
5813065000.0,-58.454517386112634
5818063333.33,-58.65284088873888
5823061666.67,-58.21766100209871
5828060000.0,-58.46431770136516
5833058333.33,-58.59966815520751
5838056666.67,-58.41731522458883
5843055000.0,-58.91291438715533
5848053333.33,-58.6397807851516
5853051666.67,-58.46933398674832
5858050000.0,-58.42439439202175
5863048333.33,-58.715681725441655
5868046666.67,-58.50535187127086
5873045000.0,-58.36862849210763
5878043333.33,-58.64155957245306
5883041666.67,-58.6272590925941
5888040000.0,-58.58635476700388
5893038333.33,-58.39479265203431
5898036666.67,-58.65945067558415
5903035000.0,-58.46950715250774
5908033333.33,-58.42377126414512
5913031666.67,-58.47174647563772
5918030000.0,-58.52859478976872
5923028333.33,-58.737827211335954
5928026666.67,-58.32908938921709
5933025000.0,-58.39786138989606
5938023333.33,-59.152572382966
5943021666.67,-58.63926820546983
5948020000.0,-58.47098298325493
5953018333.33,-58.578977728968376
5958016666.67,-58.468181094280745
5963015000.0,-58.2908275105397
5968013333.33,-58.63086934040525
5973011666.67,-58.3555443431418
5978010000.0,-57.977180957841284
5983008333.33,-58.19924471982182
5988006666.67,-57.909818205481464
5993005000.0,-57.89638409213748
5998003333.33,-58.493202075603435
6003001666.67,-58.43724684250769
6008000000.0,-58.21732122009308
6012998333.33,-58.30547629692233
6017996666.67,-58.34715625278591
6022995000.0,-58.15070324817846
6027993333.33,-58.5362078949136
6032991666.67,-57.912344471791755
6037990000.0,-58.19817584655964
6042988333.33,-58.26224277649181
6047986666.67,-57.4878763814511
6052985000.0,-57.951643314952186
6057983333.33,-57.81683405738667
6062981666.67,-58.21811598699455
6067980000.0,-57.87951613452188
6072978333.33,-57.96610259373362
6077976666.67,-57.736293893088245
6082975000.0,-57.46398791611274
6087973333.33,-58.18662164094266
6092971666.67,-57.918504897947074
6097970000.0,-57.99008462540812
6102968333.33,-58.04521291451592
6107966666.67,-58.02460153022507
6112965000.0,-58.37065333170658
6117963333.33,-57.85533605936655
6122961666.67,-58.17173520011644
6127960000.0,-57.952211603176536
6132958333.33,-57.8489495931937
6137956666.67,-57.99082552765074
6142955000.0,-58.23059199234657
6147953333.33,-58.1704726085123
6152951666.67,-58.084363869474785
6157950000.0,-57.87239207381076
6162948333.33,-57.95968531646341
6167946666.67,-58.14698999996469
6172945000.0,-58.01529942114685
6177943333.33,-58.170091021836484
6182941666.67,-58.00075985699826
6187940000.0,-57.85448283034398
6192938333.33,-58.59869264952639
6197936666.67,-58.23510490016284
6202935000.0,-58.107871278250094
6207933333.33,-58.25509803227774
6212931666.67,-58.048942778280825
6217930000.0,-57.957334247121544
6222928333.33,-57.754805848631335
6227926666.67,-57.59704349275748
6232925000.0,-58.16409204228992
6237923333.33,-57.72394583546176
6242921666.67,-57.85035711991221
6247920000.0,-58.23221864245401
6252918333.33,-57.668567062993176
6257916666.67,-57.732686640927156
6262915000.0,-57.78935454348107
6267913333.33,-57.73071613619302
6272911666.67,-57.61994010474436
6277910000.0,-57.54748040548069
6282908333.33,-57.6872438093615
6287906666.67,-57.793080861899575
6292905000.0,-57.953157738883064
6297903333.33,-57.940583198044784
6302901666.67,-58.132915897576396
6307900000.0,-57.77711690304075
6312898333.33,-57.8462866501211
6317896666.67,-58.00965520952016
6322895000.0,-57.7455400683305
6327893333.33,-57.83429544910941
6332891666.67,-57.697378388156906
6337890000.0,-57.895932709190106
6342888333.33,-58.08214883359788
6347886666.67,-58.02748001900455
6352885000.0,-57.8161111580658
6357883333.33,-57.834667628645676
6362881666.67,-58.01553755574587
6367880000.0,-57.79930304385747
6372878333.33,-58.052348838767756
6377876666.67,-57.99731466766991
6382875000.0,-57.5599108580409
6387873333.33,-57.91005490721746
6392871666.67,-57.51236047952087
6397870000.0,-57.45757321650154
6402868333.33,-57.43768135000895
6407866666.67,-57.326323129130174
6412865000.0,-57.12912517903469
6417863333.33,-57.683204638284565
6422861666.67,-57.66205234864014
6427860000.0,-57.31957420617839
6432858333.33,-57.506623603636356
6437856666.67,-57.583483421689216
6442855000.0,-57.24695968365544
6447853333.33,-57.66133352476458
6452851666.67,-57.24658099243708
6457850000.0,-57.32076846574161
6462848333.33,-57.57485074537762
6467846666.67,-57.23311785623683
6472845000.0,-57.36037921061217
6477843333.33,-57.43435164186237
6482841666.67,-57.565315575369155
6487840000.0,-57.36740970573714
6492838333.33,-57.02743690336574
6497836666.67,-57.13246025486587
6502835000.0,-57.312408068944585
6507833333.33,-57.331415104929285
6512831666.67,-57.40573694843063
6517830000.0,-57.279670358210666
6522828333.33,-57.70345398717306
6527826666.67,-57.57273314349046
6532825000.0,-57.21572009183316
6537823333.33,-57.32220915599319
6542821666.67,-57.76874151107272
6547820000.0,-56.92278902885774
6552818333.33,-57.545940033753816
6557816666.67,-57.32573764430387
6562815000.0,-57.39161544854021
6567813333.33,-57.326420822149075
6572811666.67,-57.38564204507077
6577810000.0,-57.1616626015654
6582808333.33,-56.78634139059941
6587806666.67,-57.07100553779951
6592805000.0,-57.33965660042596
6597803333.33,-57.110374401830065
6602801666.67,-57.20383197099051
6607800000.0,-57.23296806416293
6612798333.33,-56.97565777157809
6617796666.67,-57.20042016192677
6622795000.0,-57.275391702457
6627793333.33,-57.4109734173923
6632791666.67,-57.44508886475987
6637790000.0,-56.89761151494995
6642788333.33,-57.255132034446596
6647786666.67,-57.021581002189805
6652785000.0,-57.10861211452119
6657783333.33,-57.45163323457512
6662781666.67,-56.93762069382235
6667780000.0,-56.913178360656325
6672778333.33,-57.00433327334346
6677776666.67,-56.7922994331251
6682775000.0,-57.237649218410674
6687773333.33,-56.664401899325085
6692771666.67,-56.692667460645445
6697770000.0,-56.64596655281067
6702768333.33,-56.732360832471834
6707766666.67,-56.69693131504856
6712765000.0,-56.78855818825905
6717763333.33,-56.643951081915205
6722761666.67,-56.59658849175501
6727760000.0,-56.71045432199094
6732758333.33,-56.51529023467881
6737756666.67,-56.61545175318543
6742755000.0,-56.44524071772001
6747753333.33,-56.77072387148116
6752751666.67,-56.616706415425064
6757750000.0,-56.29027900544796
6762748333.33,-56.55134573475468
6767746666.67,-56.56863193887921
6772745000.0,-56.61043312558845
6777743333.33,-56.29879618647347
6782741666.67,-56.26045068779565
6787740000.0,-56.19153133615613
6792738333.33,-56.48937112429286
6797736666.67,-56.5748336937036
6802735000.0,-56.53628431601255
6807733333.33,-56.38693349037875
6812731666.67,-56.654622913384536
6817730000.0,-56.56288780318157
6822728333.33,-56.31422153595021
6827726666.67,-56.4020080890511
6832725000.0,-56.32922079505782
6837723333.33,-56.87863964916772
6842721666.67,-56.49353557006851
6847720000.0,-56.44462788335443
6852718333.33,-56.72258182554139
6857716666.67,-56.4691272626837
6862715000.0,-56.678536197028194
6867713333.33,-56.659956630355566
6872711666.67,-56.54283921333287
6877710000.0,-56.82030539428866
6882708333.33,-56.62986231824786
6887706666.67,-56.43900145301404
6892705000.0,-56.75962216206743
6897703333.33,-56.664802801783054
6902701666.67,-56.45113525710828
6907700000.0,-55.89962477910804
6912698333.33,-56.37747294152529
6917696666.67,-55.742616408117236
6922695000.0,-55.93843766157909
6927693333.33,-56.059381015274155
6932691666.67,-55.84018033143114
6937690000.0,-55.745224129728584
6942688333.33,-56.03449088645238
6947686666.67,-56.099869891596825
6952685000.0,-56.18749563667922
6957683333.33,-55.87990249789578
6962681666.67,-55.474957463708556
6967680000.0,-55.795215712099406
6972678333.33,-55.822485576368564
6977676666.67,-55.74833283918125
6982675000.0,-55.781312501466125
6987673333.33,-55.800725824866134
6992671666.67,-55.571150520355104
6997670000.0,-55.26459139824343
7002668333.33,-55.396519070083855
7007666666.67,-55.51592853670356
7012665000.0,-55.53465130894768
7017663333.33,-55.56473916602723
7022661666.67,-55.87889311407843
7027660000.0,-55.62891521184497
7032658333.33,-56.19472395935165
7037656666.67,-55.51950032231174
7042655000.0,-55.952010063954525
7047653333.33,-56.08443274780114
7052651666.67,-55.85611874956058
7057650000.0,-55.8681671344915
7062648333.33,-56.4346207008003
7067646666.67,-56.159671056137086
7072645000.0,-56.18620301691892
7077643333.33,-55.89535784409299
7082641666.67,-56.09405963574508
7087640000.0,-55.9779014875587
7092638333.33,-55.93375822411991
7097636666.67,-55.664875913274855
7102635000.0,-55.86989269881186
7107633333.33,-55.57565382219481
7112631666.67,-55.52577474715477
7117630000.0,-55.73368251621357
7122628333.33,-55.74183906970731
7127626666.67,-55.84753768525786
7132625000.0,-56.14908198789014
7137623333.33,-55.79159739226536
7142621666.67,-55.70034272874183
7147620000.0,-55.333234902748046
7152618333.33,-55.806704551477225
7157616666.67,-55.53451428800959
7162615000.0,-55.87999564102773
7167613333.33,-55.51646086282338
7172611666.67,-55.797140429207246
7177610000.0,-55.37562966763186
7182608333.33,-55.36210167131179
7187606666.67,-55.45317643450311
7192605000.0,-55.439821449789875
7197603333.33,-55.47151310948654
7202601666.67,-55.715846473263746
7207600000.0,-55.71774089751753
7212598333.33,-56.034732186075686
7217596666.67,-55.80200788197199
7222595000.0,-55.397472442265716
7227593333.33,-55.48790925674895
7232591666.67,-55.71123712896038
7237590000.0,-55.68964203276288
7242588333.33,-55.594436088058245
7247586666.67,-55.20345322886903
7252585000.0,-55.14753351507331
7257583333.33,-54.98941708477072
7262581666.67,-55.63991740609705
7267580000.0,-55.08584447806357
7272578333.33,-55.15055856670061
7277576666.67,-55.282580600193604
7282575000.0,-55.29749360844293
7287573333.33,-55.23727171556207
7292571666.67,-55.64736416878971
7297570000.0,-55.42041008356766
7302568333.33,-55.523438687147156
7307566666.67,-55.5813329274718
7312565000.0,-55.75135412959707
7317563333.33,-55.69794935283117
7322561666.67,-55.76981462069863
7327560000.0,-55.483595200655444
7332558333.33,-55.41965412133759
7337556666.67,-55.2934182923167
7342555000.0,-55.21312752626364
7347553333.33,-55.386849581238955
7352551666.67,-55.541064955488324
7357550000.0,-55.035195842867225
7362548333.33,-55.111179642194934
7367546666.67,-54.90039034570293
7372545000.0,-54.9794320533391
7377543333.33,-55.11675545322759
7382541666.67,-55.17317013981426
7387540000.0,-55.47843150716823
7392538333.33,-55.1459440398683
7397536666.67,-55.30859413139139
7402535000.0,-55.41281253458593
7407533333.33,-55.35381835879527
7412531666.67,-55.435621140778224
7417530000.0,-55.15559755568531
7422528333.33,-55.17599764168561
7427526666.67,-55.24130153035373
7432525000.0,-54.49991395152061
7437523333.33,-54.89966755595646
7442521666.67,-54.598444743363174
7447520000.0,-54.6062601585657
7452518333.33,-54.31097854888659
7457516666.67,-54.7348731696221
7462515000.0,-54.51786337753025
7467513333.33,-54.48196589979888
7472511666.67,-54.76022885944161
7477510000.0,-54.64161672730492
7482508333.33,-55.05442651432708
7487506666.67,-55.042952149155695
7492505000.0,-54.96108838923177
7497503333.33,-55.37549629666752
7502501666.67,-55.29172796797151
7507500000.0,-55.0909785512015
7512498333.33,-55.03331973810156
7517496666.67,-55.04468334829384
7522495000.0,-54.956577531621235
7527493333.33,-54.66416903643177
7532491666.67,-54.64290564737997
7537490000.0,-54.69136334192175
7542488333.33,-54.73331408418095
7547486666.67,-55.1807540053737
7552485000.0,-54.97678128685753
7557483333.33,-55.054511411710095
7562481666.67,-54.68812323846056
7567480000.0,-55.043991567494565
7572478333.33,-54.85317637389031
7577476666.67,-54.64246829954511
7582475000.0,-54.895617042962144
7587473333.33,-54.85907044723604
7592471666.67,-54.67238888520225
7597470000.0,-54.65476287011681
7602468333.33,-54.6219728659246
7607466666.67,-54.40232458467327
7612465000.0,-54.562403268594565
7617463333.33,-54.425246302847306
7622461666.67,-54.2517126236897
7627460000.0,-54.10546110744185
7632458333.33,-54.05644967712818
7637456666.67,-54.186234027756264
7642455000.0,-54.14919051839143
7647453333.33,-54.14709194488388
7652451666.67,-54.09629920103066
7657450000.0,-53.784395706843604
7662448333.33,-54.205608950150896
7667446666.67,-53.98368080005848
7672445000.0,-53.64437992395055
7677443333.33,-53.985899293879775
7682441666.67,-53.46102530085021
7687440000.0,-53.46259712535282
7692438333.33,-53.754861551477006
7697436666.67,-53.19825668027892
7702435000.0,-53.56595460735801
7707433333.33,-53.25880355386707
7712431666.67,-53.00750564072659
7717430000.0,-53.281734202048995
7722428333.33,-53.25292120566277
7727426666.67,-53.509321904845095
7732425000.0,-53.26739287757366
7737423333.33,-53.526977381209676
7742421666.67,-53.56644423950779
7747420000.0,-53.577792279373426
7752418333.33,-53.61466638891267
7757416666.67,-53.328149089237584
7762415000.0,-53.730311008060795
7767413333.33,-53.55072729740067
7772411666.67,-53.44909045979498
7777410000.0,-53.83221861690566
7782408333.33,-53.73742646354156
7787406666.67,-53.91851988468534
7792405000.0,-53.832028638798676
7797403333.33,-53.74627366986681
7802401666.67,-53.66966313965888
7807400000.0,-53.959290332447274
7812398333.33,-53.901114884430754
7817396666.67,-54.186032279533336
7822395000.0,-54.11054887104334
7827393333.33,-54.241669178795846
7832391666.67,-54.065430031200215
7837390000.0,-53.9957740255463
7842388333.33,-54.39473950049691
7847386666.67,-54.04491774412165
7852385000.0,-54.131037211293574
7857383333.33,-54.0695896865373
7862381666.67,-54.21320309237542
7867380000.0,-53.926679142144565
7872378333.33,-53.900968722900096
7877376666.67,-53.63526390720688
7882375000.0,-53.57097638010397
7887373333.33,-53.67212089434322
7892371666.67,-53.434311188622736
7897370000.0,-53.08395723605674
7902368333.33,-53.36911508392027
7907366666.67,-53.37089820503013
7912365000.0,-53.78797808825787
7917363333.33,-53.51342539241108
7922361666.67,-53.542687058932195
7927360000.0,-53.27158484187471
7932358333.33,-53.23550042540327
7937356666.67,-53.42733132121378
7942355000.0,-52.92285889447514
7947353333.33,-53.14681842695015
7952351666.67,-52.84016958766281
7957350000.0,-53.06031330289484
7962348333.33,-53.282604918389595
7967346666.67,-53.1576056820508
7972345000.0,-52.86109000224599
7977343333.33,-52.79813216578419
7982341666.67,-52.8665792620459
7987340000.0,-53.099558708266855
7992338333.33,-53.072383083662615
7997336666.67,-53.09246844563945
8002335000.0,-53.27821609660588
8007333333.33,-52.89985377434939
8012331666.67,-53.14847126738438
8017330000.0,-53.34439679685968
8022328333.33,-52.97397411096967
8027326666.67,-53.257797605042015
8032325000.0,-52.862439620586834
8037323333.33,-53.11261045279689
8042321666.67,-53.03138017797334
8047320000.0,-53.1310340871527
8052318333.33,-52.99572853016606
8057316666.67,-53.43765166936238
8062315000.0,-53.0832246582774
8067313333.33,-53.199376712722064
8072311666.67,-53.33751681203739
8077310000.0,-53.396668442288956
8082308333.33,-53.51288670810824
8087306666.67,-53.5693002206517
8092305000.0,-53.49561620887805
8097303333.33,-53.5873666806993
8102301666.67,-53.49014566683615
8107300000.0,-53.588953349792604
8112298333.33,-53.53955921768267
8117296666.67,-53.734018535220116
8122295000.0,-53.58044945669418
8127293333.33,-53.68539196192938
8132291666.67,-53.58572035999441
8137290000.0,-53.287348757911175
8142288333.33,-53.601948212715406
8147286666.67,-53.7376901206553
8152285000.0,-53.55949303989097
8157283333.33,-53.58407109594105
8162281666.67,-53.547462214950194
8167280000.0,-53.70434847950328
8172278333.33,-53.85721974001398
8177276666.67,-53.826532339532676
8182275000.0,-53.69509746760013
8187273333.33,-53.33559896388913
8192271666.67,-53.38920051716361
8197270000.0,-53.38487998597124
8202268333.33,-53.39339598106227
8207266666.67,-53.15449920346982
8212265000.0,-53.052847231571285
8217263333.33,-53.18749669599743
8222261666.67,-53.12984182013721
8227260000.0,-53.37781392982973
8232258333.33,-53.374216168667004
8237256666.67,-53.40028111976687
8242255000.0,-53.39048356862561
8247253333.33,-53.55599944497694
8252251666.67,-53.4349996957613
8257250000.0,-53.523686514860984
8262248333.33,-53.56075729424022
8267246666.67,-53.4431838939735
8272245000.0,-53.44610655232703
8277243333.33,-53.29331348711166
8282241666.67,-53.27464789641213
8287240000.0,-53.345196246799375
8292238333.33,-53.116167559938276
8297236666.67,-53.08251096745532
8302235000.0,-52.90310498539704
8307233333.33,-52.54894302303928
8312231666.67,-52.73504707496683
8317230000.0,-52.82789777832075
8322228333.33,-52.76928804457877
8327226666.67,-53.127852898876064
8332225000.0,-52.878714185880355
8337223333.33,-53.161817192569565
8342221666.67,-53.06199236570937
8347220000.0,-53.21665721018968
8352218333.33,-53.2462554958379
8357216666.67,-53.30438249514404
8362215000.0,-53.10804621232661
8367213333.33,-53.27280748495858
8372211666.67,-53.111089141337686
8377210000.0,-53.01643715045358
8382208333.33,-52.75061580632578
8387206666.67,-52.612582518586905
8392205000.0,-52.65269573332314
8397203333.33,-52.77561191750391
8402201666.67,-52.609950028167596
8407200000.0,-52.580571423524404
8412198333.33,-52.89272349302393
8417196666.67,-53.01840435810037
8422195000.0,-53.03823641792019
8427193333.33,-53.34509681312717
8432191666.67,-53.15432794121625
8437190000.0,-53.25931816663559
8442188333.33,-53.45472701440694
8447186666.67,-53.24395419372024
8452185000.0,-52.97683239016684
8457183333.33,-53.27853264148416
8462181666.67,-53.05120993164493
8467180000.0,-52.982766122866316
8472178333.33,-53.11683550175742
8477176666.67,-52.799296298289555
8482175000.0,-52.82498813053759
8487173333.33,-52.84410529618895
8492171666.67,-52.78363387397792
8497170000.0,-52.73745015547022
8502168333.33,-52.74301204782348
8507166666.67,-53.176266275113726
8512165000.0,-53.12590069077035
8517163333.33,-53.062630593929
8522161666.67,-53.13135429015855
8527160000.0,-53.098551201211166
8532158333.33,-53.14596904132445
8537156666.67,-52.98439260328604
8542155000.0,-52.909162528182264
8547153333.33,-52.70820219283379
8552151666.67,-52.62103019725405
8557150000.0,-52.58690424069472
8562148333.33,-52.496315003737166
8567146666.67,-52.611488519600165
8572145000.0,-52.38118199685758
8577143333.33,-52.616869433207484
8582141666.67,-52.64445215703308
8587140000.0,-52.43223142811641
8592138333.33,-52.50002017384197
8597136666.67,-52.70801876799574
8602135000.0,-52.66510953901626
8607133333.33,-52.588658865268975
8612131666.67,-52.47031467387543
8617130000.0,-52.17320550038076
8622128333.33,-52.13571920121556
8627126666.67,-52.20391854820355
8632125000.0,-52.015353632366384
8637123333.33,-51.817579738175084
8642121666.67,-51.7400966256229
8647120000.0,-51.528763863653325
8652118333.33,-51.8385699167835
8657116666.67,-51.72474024150668
8662115000.0,-51.741965015664874
8667113333.33,-51.90145714222098
8672111666.67,-51.96802345953002
8677110000.0,-52.24753798722286
8682108333.33,-52.393052458717825
8687106666.67,-52.43704200703511
8692105000.0,-52.52430311413513
8697103333.33,-52.67139231100943
8702101666.67,-52.57400988111462
8707100000.0,-52.67433396497981
8712098333.33,-52.618886895853485
8717096666.67,-52.21665189057476
8722095000.0,-52.031264701186316
8727093333.33,-51.98535454054219
8732091666.67,-51.61273568334906
8737090000.0,-51.60885725869403
8742088333.33,-51.340145056182934
8747086666.67,-51.28599343767264
8752085000.0,-51.47408853346319
8757083333.33,-51.419930700203125
8762081666.67,-51.51385932876305
8767080000.0,-51.70860377482341
8772078333.33,-51.79017696602867
8777076666.67,-51.800396205746665
8782075000.0,-52.00586266435017
8787073333.33,-52.10949542366646
8792071666.67,-52.10904774902783
8797070000.0,-52.04984386523351
8802068333.33,-52.16325000447041
8807066666.67,-51.99762248255736
8812065000.0,-51.88048441543303
8817063333.33,-51.86482151942058
8822061666.67,-51.68793787049094
8827060000.0,-51.4905991859191
8832058333.33,-51.46846868380632
8837056666.67,-51.475753845166025
8842055000.0,-51.51705182395784
8847053333.33,-51.77557801695996
8852051666.67,-51.8066099003689
8857050000.0,-51.52611093702117
8862048333.33,-51.74366662851688
8867046666.67,-51.90883331342165
8872045000.0,-51.91938410784629
8877043333.33,-51.94858595073784
8882041666.67,-52.11660795351654
8887040000.0,-51.88281304035607
8892038333.33,-51.99973275857151
8897036666.67,-51.62175961763075
8902035000.0,-51.56412200596867
8907033333.33,-51.39949365436908
8912031666.67,-51.44898589271407
8917030000.0,-51.44282629194403
8922028333.33,-51.41342468733798
8927026666.67,-51.313603749687005
8932025000.0,-51.30253705957217
8937023333.33,-51.40654626835591
8942021666.67,-51.398971094299846
8947020000.0,-51.47394517751842
8952018333.33,-51.47049703658999
8957016666.67,-51.552406892132076
8962015000.0,-51.62764601259308
8967013333.33,-51.51839215114911
8972011666.67,-51.401050732546935
8977010000.0,-51.429542973305296
8982008333.33,-51.46317230389566
8987006666.67,-51.26602771140347
8992005000.0,-51.25242868962257
8997003333.33,-51.26212632171982
9002001666.67,-51.07917434764046
9007000000.0,-51.172261131521154
9011998333.33,-51.19543136389361
9016996666.67,-51.16099091307093
9021995000.0,-51.286952966870125
9026993333.33,-51.394256498873325
9031991666.67,-51.34468066661973
9036990000.0,-51.52117839429931
9041988333.33,-51.271593573941814
9046986666.67,-51.25534849598392
9051985000.0,-51.18307256450941
9056983333.33,-50.840020514489446
9061981666.67,-51.04524304705465
9066980000.0,-50.72596778456518
9071978333.33,-50.7364840288365
9076976666.67,-50.571673051830366
9081975000.0,-50.555809534275305
9086973333.33,-50.39498972990685
9091971666.67,-50.38146994547105
9096970000.0,-50.41509170863455
9101968333.33,-50.36062365318006
9106966666.67,-50.604927785700454
9111965000.0,-50.85011693121576
9116963333.33,-50.76300747507538
9121961666.67,-50.881067684175925
9126960000.0,-51.077197606942484
9131958333.33,-51.018260270148666
9136956666.67,-51.10972514094608
9141955000.0,-51.27035342580687
9146953333.33,-51.150845201085176
9151951666.67,-50.90540661505287
9156950000.0,-50.98849808508925
9161948333.33,-50.976326666607974
9166946666.67,-51.0159143002366
9171945000.0,-51.047309270633534
9176943333.33,-50.946790514730544
9181941666.67,-50.8810660806724
9186940000.0,-50.98010474430345
9191938333.33,-51.063884103340385
9196936666.67,-50.86419719481731
9201935000.0,-50.927713785319106
9206933333.33,-51.22272659060752
9211931666.67,-51.00617545972423
9216930000.0,-51.27264257075983
9221928333.33,-50.955988989177015
9226926666.67,-50.98750116934552
9231925000.0,-51.012475359000426
9236923333.33,-50.73275932488761
9241921666.67,-50.59071886750072
9246920000.0,-50.595599645898446
9251918333.33,-50.51770635475194
9256916666.67,-50.4717783171883
9261915000.0,-50.48370716125547
9266913333.33,-50.40527123595098
9271911666.67,-50.312136990567744
9276910000.0,-50.40285248357171
9281908333.33,-50.415399271581606
9286906666.67,-50.48517058102271
9291905000.0,-50.41067615199584
9296903333.33,-50.428069171610844
9301901666.67,-50.538107835781204
9306900000.0,-50.29863114808823
9311898333.33,-50.12526459786034
9316896666.67,-50.03263949535071
9321895000.0,-49.92921367810154
9326893333.33,-49.57827073870934
9331891666.67,-49.52056138057151
9336890000.0,-49.519369139193444
9341888333.33,-49.291809265791414
9346886666.67,-49.370024256776844
9351885000.0,-49.18322250689313
9356883333.33,-49.313051832035754
9361881666.67,-49.319293929664994
9366880000.0,-49.41024739990532
9371878333.33,-49.433291463724814
9376876666.67,-49.385226811294096
9381875000.0,-49.476989653111985
9386873333.33,-49.58144261284369
9391871666.67,-49.338696252753806
9396870000.0,-49.653787916748726
9401868333.33,-49.41991076421004
9406866666.67,-49.31786421678414
9411865000.0,-49.19465928147234
9416863333.33,-49.194965785570645
9421861666.67,-49.08300858837228
9426860000.0,-49.223831582723975
9431858333.33,-48.982217318442565
9436856666.67,-49.0447653208966
9441855000.0,-49.179438935171554
9446853333.33,-49.143838717223275
9451851666.67,-49.32293591564071
9456850000.0,-49.34958614746154
9461848333.33,-49.48179934807964
9466846666.67,-49.424772255266134
9471845000.0,-49.513927549890475
9476843333.33,-49.63077117804632
9481841666.67,-49.545435670067064
9486840000.0,-49.40056948648589
9491838333.33,-49.239681191422086
9496836666.67,-49.16130711388632
9501835000.0,-49.14284291747951
9506833333.33,-48.80525543333648
9511831666.67,-48.758871061059175
9516830000.0,-48.72454943865094
9521828333.33,-48.44806787013849
9526826666.67,-48.56754908937753
9531825000.0,-48.49039635403994
9536823333.33,-48.6743299051158
9541821666.67,-48.47745656933637
9546820000.0,-48.69336835358446
9551818333.33,-48.69326360024962
9556816666.67,-48.64326564079522
9561815000.0,-48.661211821107955
9566813333.33,-48.637530064605244
9571811666.67,-48.48075099714468
9576810000.0,-48.50925169895072
9581808333.33,-48.13117870688537
9586806666.67,-48.15812696024706
9591805000.0,-47.91968712845572
9596803333.33,-47.80352926178324
9601801666.67,-47.82385053237442
9606800000.0,-47.609340470440564
9611798333.33,-47.62395724894983
9616796666.67,-47.60782093926885
9621795000.0,-47.56728386170928
9626793333.33,-47.68557973399186
9631791666.67,-47.85809696538887
9636790000.0,-47.68430948842842
9641788333.33,-47.91006999792372
9646786666.67,-47.77091200259675
9651785000.0,-47.71363669167327
9656783333.33,-47.57022505035397
9661781666.67,-47.42092336944408
9666780000.0,-47.36201811451343
9671778333.33,-47.247786352123065
9676776666.67,-47.171869277819965
9681775000.0,-47.09809889410725
9686773333.33,-46.80543225620226
9691771666.67,-46.775812254481586
9696770000.0,-46.77912608620758
9701768333.33,-46.76788313627134
9706766666.67,-46.930559815042805
9711765000.0,-47.07617446075284
9716763333.33,-47.328433415939124
9721761666.67,-47.44503977830217
9726760000.0,-47.45162242556859
9731758333.33,-47.53878883423689
9736756666.67,-47.498122295750285
9741755000.0,-47.56037437575044
9746753333.33,-47.36683098528551
9751751666.67,-47.41135790341818
9756750000.0,-47.13081794517876
9761748333.33,-46.967951781457245
9766746666.67,-47.096101020070336
9771745000.0,-46.79965461584832
9776743333.33,-46.790648767509964
9781741666.67,-46.70848575326449
9786740000.0,-46.58610112672839
9791738333.33,-46.50628323246141
9796736666.67,-46.622145939317896
9801735000.0,-46.72448037716987
9806733333.33,-46.74227443540651
9811731666.67,-46.90305647489528
9816730000.0,-46.93833659548902
9821728333.33,-46.91710773708061
9826726666.67,-46.99447044750589
9831725000.0,-46.88144247585444
9836723333.33,-46.88796120763627
9841721666.67,-46.64341783925549
9846720000.0,-46.58349758924282
9851718333.33,-46.44415535846534
9856716666.67,-46.334519517183935
9861715000.0,-46.349428765059734
9866713333.33,-46.188752714428475
9871711666.67,-46.07261130846271
9876710000.0,-46.1032866263404
9881708333.33,-46.16618184619918
9886706666.67,-46.03464442639894
9891705000.0,-46.25974626153685
9896703333.33,-46.07359550541097
9901701666.67,-46.26272730966583
9906700000.0,-46.36914369319237
9911698333.33,-46.176254225385335
9916696666.67,-46.281534849652644
9921695000.0,-46.26468712177636
9926693333.33,-46.03587959687073
9931691666.67,-45.9470924065993
9936690000.0,-45.909496411471636
9941688333.33,-45.7825679988223
9946686666.67,-45.76376640809321
9951685000.0,-45.70191901883718
9956683333.33,-45.63549409925472
9961681666.67,-45.5319564495523
9966680000.0,-45.534160338196315
9971678333.33,-45.65923976364548
9976676666.67,-45.6508523625618
9981675000.0,-45.693466568424014
9986673333.33,-45.79112240533706
9991671666.67,-45.7773977366997
9996670000.0,-45.565202529691824
10001668333.3,-45.75042969124313
10006666666.7,-45.64171907203938
10011665000.0,-45.50716336369596
10016663333.3,-45.42971313669547
10021661666.7,-45.2119800675062
10026660000.0,-45.27120647597542
10031658333.3,-45.00189295465467
10036656666.7,-45.103986224113484
10041655000.0,-44.95404409865443
10046653333.3,-45.011905649194304
10051651666.7,-44.85882385165111
10056650000.0,-45.030714680115516
10061648333.3,-44.991554141392776
10066646666.7,-45.10537064794383
10071645000.0,-44.97318288929408
10076643333.3,-45.037849293705364
10081641666.7,-45.02588971968878
10086640000.0,-44.91700172211331
10091638333.3,-44.8987031602545
10096636666.7,-44.92354520921866
10101635000.0,-44.83935942053062
10106633333.3,-44.63968305905121
10111631666.7,-44.55134482623579
10116630000.0,-44.36981887742257
10121628333.3,-44.40400573291343
10126626666.7,-44.3809223048391
10131625000.0,-44.4656327991268
10136623333.3,-44.46858641725994
10141621666.7,-44.568832495467746
10146620000.0,-44.654997656118944
10151618333.3,-44.67676358082998
10156616666.7,-44.66196899671953
10161615000.0,-44.75710917906098
10166613333.3,-44.76564629953626
10171611666.7,-44.65664169886559
10176610000.0,-44.71052072365416
10181608333.3,-44.59548455466975
10186606666.7,-44.45595951311048
10191605000.0,-44.35360838285761
10196603333.3,-44.24806872321749
10201601666.7,-44.03300143558252
10206600000.0,-43.903824640647684
10211598333.3,-43.66949925050669
10216596666.7,-43.60169853203943
10221595000.0,-43.541215772472235
10226593333.3,-43.50734233963375
10231591666.7,-43.5155100809176
10236590000.0,-43.510428360716695
10241588333.3,-43.510251956637376
10246586666.7,-43.46979783090353
10251585000.0,-43.32973745274282
10256583333.3,-43.323059350283
10261581666.7,-43.273860943885495
10266580000.0,-43.07846122861803
10271578333.3,-43.04715016428919
10276576666.7,-42.908449440158535
10281575000.0,-42.845492735839905
10286573333.3,-42.84892181694305
10291571666.7,-42.65672565385903
10296570000.0,-42.593468662812924
10301568333.3,-42.44262173489899
10306566666.7,-42.592859840973276
10311565000.0,-42.48874565187964
10316563333.3,-42.535134403729266
10321561666.7,-42.496075938929906
10326560000.0,-42.46937071861815
10331558333.3,-42.562670667945085
10336556666.7,-42.56054467779779
10341555000.0,-42.468339470391456
10346553333.3,-42.44279091711227
10351551666.7,-42.36112182925355
10356550000.0,-42.23265275901447
10361548333.3,-42.12277085540641
10366546666.7,-41.963451533267886
10371545000.0,-41.78962370605811
10376543333.3,-41.82287780188402
10381541666.7,-41.611902950132695
10386540000.0,-41.4574211621244
10391538333.3,-41.51031348582446
10396536666.7,-41.435426351949715
10401535000.0,-41.39692042282902
10406533333.3,-41.42589152031163
10411531666.7,-41.40679402933994
10416530000.0,-41.496630372340704
10421528333.3,-41.48804710125543
10426526666.7,-41.44270832553137
10431525000.0,-41.402857146893496
10436523333.3,-41.30587831255678
10441521666.7,-41.16682923537867
10446520000.0,-41.115882778074216
10451518333.3,-40.980780998349644
10456516666.7,-40.84696657825506
10461515000.0,-40.84589225557469
10466513333.3,-40.77673167056639
10471511666.7,-40.69129552152354
10476510000.0,-40.6816511372573
10481508333.3,-40.627168357234694
10486506666.7,-40.67835404865533
10491505000.0,-40.72641272754705
10496503333.3,-40.686750268594196
10501501666.7,-40.711037124657224
10506500000.0,-40.621814127793066
10511498333.3,-40.629027325937386
10516496666.7,-40.58575375010881
10521495000.0,-40.44343863279462
10526493333.3,-40.306900598582814
10531491666.7,-40.126887460578004
10536490000.0,-39.85386242076342
10541488333.3,-39.85503503692985
10546486666.7,-39.701766792727476
10551485000.0,-39.63373567387191
10556483333.3,-39.55431879224112
10561481666.7,-39.51648644477742
10566480000.0,-39.47913464608363
10571478333.3,-39.57811124189168
10576476666.7,-39.58110411669088
10581475000.0,-39.57690650617526
10586473333.3,-39.60983253088979
10591471666.7,-39.59185273206533
10596470000.0,-39.59358335831624
10601468333.3,-39.621939882767634
10606466666.7,-39.426821185694266
10611465000.0,-39.36905670091109
10616463333.3,-39.2711459223423
10621461666.7,-39.135308648306626
10626460000.0,-38.96050235468287
10631458333.3,-38.94700663957685
10636456666.7,-38.77508486562326
10641455000.0,-38.847024752828936
10646453333.3,-38.77193263502693
10651451666.7,-38.75552779021647
10656450000.0,-38.81687133769959
10661448333.3,-38.8762820505376
10666446666.7,-38.839903466002525
10671445000.0,-38.90094178314859
10676443333.3,-38.89447770242756
10681441666.7,-38.922590007862766
10686440000.0,-38.82775820111927
10691438333.3,-38.783298101428365
10696436666.7,-38.56528674909207
10701435000.0,-38.483749112786406
10706433333.3,-38.37932993040907
10711431666.7,-38.1538401371305
10716430000.0,-38.05012383120757
10721428333.3,-37.936813670846576
10726426666.7,-37.83359352529652
10731425000.0,-37.844052456061284
10736423333.3,-37.94059578421339
10741421666.7,-38.000186007035225
10746420000.0,-38.13310003557643
10751418333.3,-38.20692309108117
10756416666.7,-38.37321744441019
10761415000.0,-38.406485662475774
10766413333.3,-38.55571756072818
10771411666.7,-38.55589037540779
10776410000.0,-38.51569885293485
10781408333.3,-38.563543408995805
10786406666.7,-38.558049015451296
10791405000.0,-38.515260558930635
10796403333.3,-38.40444701991952
10801401666.7,-38.3593824200293
10806400000.0,-38.20744426555132
10811398333.3,-38.21276081072321
10816396666.7,-38.194271100536675
10821395000.0,-38.215287314126336
10826393333.3,-38.30021713438936
10831391666.7,-38.45984816511898
10836390000.0,-38.60278981694224
10841388333.3,-38.73791218284027
10846386666.7,-38.85981996558123
10851385000.0,-38.9690192828092
10856383333.3,-39.06115752471316
10861381666.7,-39.137797005869935
10866380000.0,-39.12666467748568
10871378333.3,-39.095907928807776
10876376666.7,-39.06887744506184
10881375000.0,-38.97869209675966
10886373333.3,-38.95019587754071
10891371666.7,-38.84209159457707
10896370000.0,-38.74475440181914
10901368333.3,-38.71510621587297
10906366666.7,-38.68338760085183
10911365000.0,-38.697535989290735
10916363333.3,-38.683777463327075
10921361666.7,-38.82969119093303
10926360000.0,-38.86182406394188
10931358333.3,-38.95604222748834
10936356666.7,-39.02224961113527
10941355000.0,-39.08321339907237
10946353333.3,-39.0619499465046
10951351666.7,-39.027920313387035
10956350000.0,-39.018205566169605
10961348333.3,-39.001481780232325
10966346666.7,-38.93692054062569
10971345000.0,-38.9008021126638
10976343333.3,-38.87727743868532
10981341666.7,-38.80414615322714
10986340000.0,-38.78566976184543
10991338333.3,-38.84262895030461
10996336666.7,-38.94574089825072
11001335000.0,-39.00028895070747
11006333333.3,-39.155254345466645
11011331666.7,-39.29726681768273
11016330000.0,-39.510152092663276
11021328333.3,-39.60304662082732
11026326666.7,-39.694308208018526
11031325000.0,-39.81528666292622
11036323333.3,-39.864364157832654
11041321666.7,-39.897819748184645
11046320000.0,-39.85104463652586
11051318333.3,-39.90412526078041
11056316666.7,-39.904124966005476
11061315000.0,-40.02652785823077
11066313333.3,-40.013427054023616
11071311666.7,-40.06681578600815
11076310000.0,-40.18813070972688
11081308333.3,-40.23827769093895
11086306666.7,-40.426666780402115
11091305000.0,-40.574939229965324
11096303333.3,-40.77935972843511
11101301666.7,-41.034423811805084
11106300000.0,-41.185471479631886
11111298333.3,-41.30846578735098
11116296666.7,-41.42926975556344
11121295000.0,-41.52170965867156
11126293333.3,-41.59651938304896
11131291666.7,-41.62262113296288
11136290000.0,-41.62648200379691
11141288333.3,-41.605989859345044
11146286666.7,-41.61640471631519
11151285000.0,-41.512488310209584
11156283333.3,-41.55955424377949
11161281666.7,-41.62563648642965
11166280000.0,-41.6613740098324
11171278333.3,-41.745495503045895
11176276666.7,-41.85790946590074
11181275000.0,-41.99705767059773
11186273333.3,-42.16380926251552
11191271666.7,-42.26429231997968
11196270000.0,-42.41511558259365
11201268333.3,-42.599648041514115
11206266666.7,-42.66534397792614
11211265000.0,-42.696071725443794
11216263333.3,-42.68853432102674
11221261666.7,-42.65875565422708
11226260000.0,-42.61139841935559
11231258333.3,-42.491300320640974
11236256666.7,-42.46379443296709
11241255000.0,-42.47918050229707
11246253333.3,-42.391237616487544
11251251666.7,-42.32750692854385
11256250000.0,-42.45242409183885
11261248333.3,-42.3399639857564
11266246666.7,-42.47772057979737
11271245000.0,-42.64382589164485
11276243333.3,-42.70529830003546
11281241666.7,-42.83814336749473
11286240000.0,-42.9032282545173
11291238333.3,-43.00456744760082
11296236666.7,-43.05325385305878
11301235000.0,-43.22621371456939
11306233333.3,-43.07952368778977
11311231666.7,-43.19007231458819
11316230000.0,-43.17891704745804
11321228333.3,-43.221166361106086
11326226666.7,-43.21248112912759
11331225000.0,-43.346873198263665
11336223333.3,-43.3835261149515
11341221666.7,-43.553822177884555
11346220000.0,-43.68579195479127
11351218333.3,-43.94948684865041
11356216666.7,-43.999141295674285
11361215000.0,-44.08033964342436
11366213333.3,-44.22810338264385
11371211666.7,-44.391597661533396
11376210000.0,-44.474915388235644
11381208333.3,-44.605924689654984
11386206666.7,-44.58086751236004
11391205000.0,-44.609628230145944
11396203333.3,-44.60067254990192
11401201666.7,-44.473555454060254
11406200000.0,-44.464791162104646
11411198333.3,-44.44830048771248
11416196666.7,-44.56397083408217
11421195000.0,-44.559086210542766
11426193333.3,-44.71893058347892
11431191666.7,-44.69144992620918
11436190000.0,-44.986245309433684
11441188333.3,-44.94222503630247
11446186666.7,-45.07388495558498
11451185000.0,-45.250293601611304
11456183333.3,-45.38150394964451
11461181666.7,-45.46429164902014
11466180000.0,-45.54121353162518
11471178333.3,-45.484196501748244
11476176666.7,-45.51269152849899
11481175000.0,-45.5059048920227
11486173333.3,-45.45671618569625
11491171666.7,-45.49158764640259
11496170000.0,-45.34569004039038
11501168333.3,-45.49869649732819
11506166666.7,-45.4413570436602
11511165000.0,-45.47514059444068
11516163333.3,-45.51539455411807
11521161666.7,-45.682763161854815
11526160000.0,-45.82774101954178
11531158333.3,-45.93722885210258
11536156666.7,-46.26258009120072
11541155000.0,-46.18385016012708
11546153333.3,-46.26418344156953
11551151666.7,-46.359203973978964
11556150000.0,-46.35776906508746
11561148333.3,-46.313998903248866
11566146666.7,-46.40904045235767
11571145000.0,-46.38918552651728
11576143333.3,-46.13014448249693
11581141666.7,-46.11200577658521
11586140000.0,-46.20962420849239
11591138333.3,-46.12876071648336
11596136666.7,-46.30404122679977
11601135000.0,-46.25368508770756
11606133333.3,-46.403023401625276
11611131666.7,-46.558195681502326
11616130000.0,-46.629344315995354
11621128333.3,-46.69949301498227
11626126666.7,-47.10267881140159
11631125000.0,-47.0037779721758
11636123333.3,-47.08432363170086
11641121666.7,-47.22701127205319
11646120000.0,-47.17598191063494
11651118333.3,-47.180394905956476
11656116666.7,-47.047904294203455
11661115000.0,-47.14193715147199
11666113333.3,-47.06884595735271
11671111666.7,-47.05277305881336
11676110000.0,-47.03596750645734
11681108333.3,-47.109393246054154
11686106666.7,-47.062858397376665
11691105000.0,-47.25129053439887
11696103333.3,-47.58708143233637
11701101666.7,-47.59230976133779
11706100000.0,-47.81012998844649
11711098333.3,-47.73629715486885
11716096666.7,-47.98541058351137
11721095000.0,-48.048608408875815
11726093333.3,-48.08368380245196
11731091666.7,-47.927094659563835
11736090000.0,-47.94398949858014
11741088333.3,-47.9630058309109
11746086666.7,-47.90588609953359
11751085000.0,-47.87606233403913
11756083333.3,-47.89033836395716
11761081666.7,-47.76287271222908
11766080000.0,-47.84142972241067
11771078333.3,-47.76899301874407
11776076666.7,-47.97721150811536
11781075000.0,-48.07419805909829
11786073333.3,-48.272347802423056
11791071666.7,-48.44196264793999
11796070000.0,-48.66036141313559
11801068333.3,-48.73649802905945
11806066666.7,-48.883843162706086
11811065000.0,-48.891701086291725
11816063333.3,-48.897752253870195
11821061666.7,-49.13674781470796
11826060000.0,-49.09245977535436
11831058333.3,-48.96062005314423
11836056666.7,-48.887764718823874
11841055000.0,-48.9201360926866
11846053333.3,-48.80202860985554
11851051666.7,-48.90225515095054
11856050000.0,-48.90463708660482
11861048333.3,-48.96709401589395
11866046666.7,-48.94063880121529
11871045000.0,-49.096238759598975
11876043333.3,-49.28162345926964
11881041666.7,-49.37513521354233
11886040000.0,-49.59395684899106
11891038333.3,-49.7548558287735
11896036666.7,-49.668433894021504
11901035000.0,-49.75800252475129
11906033333.3,-49.59957473024053
11911031666.7,-49.91060424590286
11916030000.0,-49.635508612094284
11921028333.3,-49.817600615418556
11926026666.7,-49.741459695279644
11931025000.0,-49.568996998920774
11936023333.3,-49.643974729672884
11941021666.7,-49.76774127436933
11946020000.0,-49.850593662215275
11951018333.3,-49.93088348584812
11956016666.7,-49.989589436401154
11961015000.0,-50.01186768890501
11966013333.3,-50.314969504681706
11971011666.7,-50.156484948262374
11976010000.0,-50.49424629989359
11981008333.3,-50.3077083822905
11986006666.7,-50.289300477530006
11991005000.0,-50.19540689222094
11996003333.3,-50.043048629128684
12001001666.7,-49.97861469509257
12006000000.0,-49.881589015802376
12010998333.3,-49.729437368136175
12015996666.7,-49.59731130093487
12020995000.0,-49.40682637056729
12025993333.3,-49.49766572674911
12030991666.7,-49.55454957033489
12035990000.0,-49.559024997513106
12040988333.3,-49.72676515805746
12045986666.7,-49.956156096799724
12050985000.0,-49.97533971846942
12055983333.3,-49.99727371112922
12060981666.7,-50.272553575939476
12065980000.0,-50.290143329098484
12070978333.3,-50.44618891974907
12075976666.7,-50.50187903910019
12080975000.0,-50.424746952576044
12085973333.3,-50.52611331930685
12090971666.7,-50.245530123142856
12095970000.0,-50.18310957106926
12100968333.3,-50.31181694221699
12105966666.7,-50.125763266103704
12110965000.0,-50.151824473579936
12115963333.3,-50.21190375136132
12120961666.7,-50.17420271887619
12125960000.0,-50.204164924534666
12130958333.3,-50.583866588212494
12135956666.7,-50.698026485478294
12140955000.0,-50.81194805756543
12145953333.3,-51.00860948869634
12150951666.7,-51.031477484307366
12155950000.0,-51.25502502247281
12160948333.3,-51.55072944989337
12165946666.7,-51.5056373084466
12170945000.0,-51.38360326003183
12175943333.3,-51.31677909009906
12180941666.7,-51.15199377808426
12185940000.0,-51.02337138144317
12190938333.3,-51.31673727041761
12195936666.7,-51.32122595185586
12200935000.0,-51.098492934695216
12205933333.3,-51.398503048934494
12210931666.7,-51.14381618741929
12215930000.0,-51.1055231016454
12220928333.3,-51.680470215166714
12225926666.7,-51.59563487110532
12230925000.0,-51.580768624632796
12235923333.3,-51.67944414332961
12240921666.7,-51.98672943606902
12245920000.0,-51.85125317151237
12250918333.3,-51.98985278324913
12255916666.7,-51.954878717629086
12260915000.0,-51.935630831063875
12265913333.3,-51.79447922962069
12270911666.7,-51.70760287238916
12275910000.0,-51.69310309330571
12280908333.3,-51.87109459463351
12285906666.7,-51.82033810594749
12290905000.0,-51.58499976465049
12295903333.3,-52.04007235361225
12300901666.7,-51.68569203421181
12305900000.0,-52.113103725290664
12310898333.3,-51.92441794689732
12315896666.7,-51.884877010870696
12320895000.0,-51.95232031736593
12325893333.3,-51.87290320600954
12330891666.7,-51.96060820013898
12335890000.0,-51.6295400089012
12340888333.3,-51.60798344708
12345886666.7,-51.33383533183483
12350885000.0,-51.27085232696948
12355883333.3,-51.19896552982888
12360881666.7,-51.34283995757641
12365880000.0,-51.40702622905236
12370878333.3,-51.336108802435234
12375876666.7,-51.38421935104219
12380875000.0,-51.49696484146364
12385873333.3,-51.80378436850491
12390871666.7,-51.5050914520688
12395870000.0,-51.790317175380935
12400868333.3,-52.24806224992554
12405866666.7,-52.226315226741995
12410865000.0,-52.62242541550439
12415863333.3,-52.33488400389984
12420861666.7,-52.31285298262569
12425860000.0,-52.41336968090067
12430858333.3,-52.56678887902139
12435856666.7,-52.10425589142244
12440855000.0,-52.281471600550816
12445853333.3,-52.70448574238124
12450851666.7,-52.556127787695
12455850000.0,-52.184577374098225
12460848333.3,-52.54180894397819
12465846666.7,-52.53535387711321
12470845000.0,-52.632326971040946
12475843333.3,-52.8664584765529
12480841666.7,-52.84812487907159
12485840000.0,-53.401680036167775
12490838333.3,-53.35219281646758
12495836666.7,-53.62282165926902
12500835000.0,-53.73559723975872
12505833333.3,-53.8597043016387
12510831666.7,-53.96548209280582
12515830000.0,-53.57589569084266
12520828333.3,-53.72884605462275
12525826666.7,-53.60267134824508
12530825000.0,-53.62565673111271
12535823333.3,-53.69925185418289
12540821666.7,-53.42437355619907
12545820000.0,-53.57486020009979
12550818333.3,-53.51238085644164
12555816666.7,-53.90912672581345
12560815000.0,-53.98307208949355
12565813333.3,-54.010681066967116
12570811666.7,-54.013264573324676
12575810000.0,-54.15214396072553
12580808333.3,-53.76468198903157
12585806666.7,-53.85277231958546
12590805000.0,-54.34490110061891
12595803333.3,-54.14717694629604
12600801666.7,-53.798258586701586
12605800000.0,-54.09930840832964
12610798333.3,-54.2270283436461
12615796666.7,-53.787052881553265
12620795000.0,-53.65712611285399
12625793333.3,-53.966595517484315
12630791666.7,-53.8003401144836
12635790000.0,-53.947084865170176
12640788333.3,-54.11593262413584
12645786666.7,-53.860256073423294
12650785000.0,-54.13534478653973
12655783333.3,-54.13160867431052
12660781666.7,-54.33412849396098
12665780000.0,-54.60177795216061
12670778333.3,-54.51079391175183
12675776666.7,-54.14099724755904
12680775000.0,-54.64199857695034
12685773333.3,-54.31234309738951
12690771666.7,-54.37229345767503
12695770000.0,-54.64092004173896
12700768333.3,-54.320200295030396
12705766666.7,-54.468307542750594
12710765000.0,-54.7299691993405
12715763333.3,-54.562491607211065
12720761666.7,-54.78106312405464
12725760000.0,-54.7590401171124
12730758333.3,-55.31518367927443
12735756666.7,-54.743866904953045
12740755000.0,-54.78542826758936
12745753333.3,-55.24372901791121
12750751666.7,-55.42150405895591
12755750000.0,-55.36039260129992
12760748333.3,-55.20755641604951
12765746666.7,-55.207483169092356
12770745000.0,-55.26536991827564
12775743333.3,-55.131840367684084
12780741666.7,-55.16230910637286
12785740000.0,-55.124700312753845
12790738333.3,-55.466813291689725
12795736666.7,-55.34280480965126
12800735000.0,-55.524539463474426
12805733333.3,-55.44358603669383
12810731666.7,-55.235708645536675
12815730000.0,-55.713438196292856
12820728333.3,-55.97325618114319
12825726666.7,-56.069572896611604
12830725000.0,-55.81310655268623
12835723333.3,-55.928008530684735
12840721666.7,-56.095150281544804
12845720000.0,-55.846537202842285
12850718333.3,-56.28555058657601
12855716666.7,-55.96871122825093
12860715000.0,-56.056104232272766
12865713333.3,-55.84403910159983
12870711666.7,-56.17494906520433
12875710000.0,-56.150648440999255
12880708333.3,-56.133778722528696
12885706666.7,-55.7270197218845
12890705000.0,-55.7842716996834
12895703333.3,-56.19245341364925
12900701666.7,-56.14513552785375
12905700000.0,-56.11908560509694
12910698333.3,-56.01531632353917
12915696666.7,-56.52212178121847
12920695000.0,-56.45844624043412
12925693333.3,-56.31991694104712
12930691666.7,-56.24792690448696
12935690000.0,-56.46191565767782
12940688333.3,-56.23309446705923
12945686666.7,-56.54539727099677
12950685000.0,-56.294389333148374
12955683333.3,-56.51728731127485
12960681666.7,-56.287363561698996
12965680000.0,-56.3072107423222
12970678333.3,-56.283188312394984
12975676666.7,-56.26813761413374
12980675000.0,-56.34969967557038
12985673333.3,-56.576095317517456
12990671666.7,-56.79220315610765
12995670000.0,-56.957608672388965
13000668333.3,-57.346337285375604
13005666666.7,-56.92052140786909
13010665000.0,-57.08745352015663
13015663333.3,-57.42052031514036
13020661666.7,-56.75365915366859
13025660000.0,-57.16129183193459
13030658333.3,-56.89429741414118
13035656666.7,-57.180658372664666
13040655000.0,-56.76216682617536
13045653333.3,-56.157484728362405
13050651666.7,-56.28245761668228
13055650000.0,-56.593192450027075
13060648333.3,-56.348095829071724
13065646666.7,-56.103235259814596
13070645000.0,-56.4389064737303
13075643333.3,-56.32422217919882
13080641666.7,-56.84887553651815
13085640000.0,-56.52519487752694
13090638333.3,-56.93797381278884
13095636666.7,-57.17830177511392
13100635000.0,-56.905240432234365
13105633333.3,-57.05620260548642
13110631666.7,-56.98489498338539
13115630000.0,-57.31549960710882
13120628333.3,-56.738644000599194
13125626666.7,-57.15518657392473
13130625000.0,-57.11939468897752
13135623333.3,-56.65999139016741
13140621666.7,-56.91042983815993
13145620000.0,-56.98754960916487
13150618333.3,-56.91865185057226
13155616666.7,-56.640347323578624
13160615000.0,-56.993845889552645
13165613333.3,-56.44703389827274
13170611666.7,-56.82219959133813
13175610000.0,-56.51913066148495
13180608333.3,-56.86552686266943
13185606666.7,-57.07608863773498
13190605000.0,-57.32816978969858
13195603333.3,-57.184928535038054
13200601666.7,-57.04527804515174
13205600000.0,-57.218107946212314
13210598333.3,-57.482573062090125
13215596666.7,-56.86031774127483
13220595000.0,-57.59526062902075
13225593333.3,-57.32715861665341
13230591666.7,-56.97564442923629
13235590000.0,-57.35890355710011
13240588333.3,-57.474576963638384
13245586666.7,-57.71040025058191
13250585000.0,-57.972335342205774
13255583333.3,-57.97090849940182
13260581666.7,-57.67968433832915
13265580000.0,-57.737867041652315
13270578333.3,-58.205105962187304
13275576666.7,-58.08439632362234
13280575000.0,-57.58078953057855
13285573333.3,-58.08546430602966
13290571666.7,-58.07688496773704
13295570000.0,-58.200252643262885
13300568333.3,-57.870242115297756
13305566666.7,-57.938856983272686
13310565000.0,-57.66932819809046
13315563333.3,-58.35584074877512
13320561666.7,-57.69689161460791
13325560000.0,-58.10737690634716
13330558333.3,-58.07592612578327
13335556666.7,-58.34751225513535
13340555000.0,-58.401295884785995
13345553333.3,-58.160886322893006
13350551666.7,-58.494973836015234
13355550000.0,-58.42878279753449
13360548333.3,-57.8940897602974
13365546666.7,-58.472098923660695
13370545000.0,-58.031691855233106
13375543333.3,-57.926182828981716
13380541666.7,-58.458665847138164
13385540000.0,-57.91556910374004
13390538333.3,-58.02028407772483
13395536666.7,-57.83969010653033
13400535000.0,-57.896885132742035
13405533333.3,-58.22618513475145
13410531666.7,-58.27484410886296
13415530000.0,-58.30328639274799
13420528333.3,-58.29646091476137
13425526666.7,-58.16188090370688
13430525000.0,-58.68555934533737
13435523333.3,-58.325150258265836
13440521666.7,-58.96007945561996
13445520000.0,-58.9117523100725
13450518333.3,-58.85378120663249
13455516666.7,-58.79704626439117
13460515000.0,-58.77434946084325
13465513333.3,-59.06189853688714
13470511666.7,-58.25096245454511
13475510000.0,-58.587359582692415
13480508333.3,-58.88763659916044
13485506666.7,-58.645454563094816
13490505000.0,-58.39274895265746
13495503333.3,-58.057788228889706
13500501666.7,-58.628725240884904
13505500000.0,-58.7511414237557
13510498333.3,-58.687628231441316
13515496666.7,-58.683449757864146
13520495000.0,-58.73138310417474
13525493333.3,-59.70908453243956
13530491666.7,-58.93495715811427
13535490000.0,-59.56474926696397
13540488333.3,-59.45149381238633
13545486666.7,-59.26409084871441
13550485000.0,-59.2741591071698
13555483333.3,-59.415302060081885
13560481666.7,-59.599725064720474
13565480000.0,-59.92685214032116
13570478333.3,-60.05883659296417
13575476666.7,-59.48311458547921
13580475000.0,-60.09947604696819
13585473333.3,-59.797043270074056
13590471666.7,-60.03638139297724
13595470000.0,-60.31485434222092
13600468333.3,-60.19179015168853
13605466666.7,-60.142306637076615
13610465000.0,-60.208650836286495
13615463333.3,-59.8112161194404
13620461666.7,-60.579199807903834
13625460000.0,-60.44316862610338
13630458333.3,-60.22773587203085
13635456666.7,-60.21703310024133
13640455000.0,-60.15273993356462
13645453333.3,-60.48841948681574
13650451666.7,-59.42514344110097
13655450000.0,-60.118774439560205
13660448333.3,-60.61265503217712
13665446666.7,-59.944965003429864
13670445000.0,-60.05719136730172
13675443333.3,-60.45283354086904
13680441666.7,-59.69304597024741
13685440000.0,-60.171817038742915
13690438333.3,-60.214306780051075
13695436666.7,-59.42745431069399
13700435000.0,-59.47625386508179
13705433333.3,-59.99586914550662
13710431666.7,-59.95395241009269
13715430000.0,-59.838105442143586
13720428333.3,-59.91109316584257
13725426666.7,-60.32985502228746
13730425000.0,-59.71535736477101
13735423333.3,-59.692639098509744
13740421666.7,-59.93943494737355
13745420000.0,-59.921062559862115
13750418333.3,-59.67409705377936
13755416666.7,-59.79842298706327
13760415000.0,-59.77548758378663
13765413333.3,-59.98794896745782
13770411666.7,-59.953473380320176
13775410000.0,-60.18348165671296
13780408333.3,-61.1119926686705
13785406666.7,-60.094275002906386
13790405000.0,-60.3624323094251
13795403333.3,-60.568447355836724
13800401666.7,-60.831937027729886
13805400000.0,-60.22189882474541
13810398333.3,-60.44234418044293
13815396666.7,-60.314074422615604
13820395000.0,-60.137883662869925
13825393333.3,-60.506271368516494
13830391666.7,-60.963087267776444
13835390000.0,-61.0779991716447
13840388333.3,-60.657688353889654
13845386666.7,-60.78662442280159
13850385000.0,-61.129264310277414
13855383333.3,-60.91471046543159
13860381666.7,-60.48192956060304
13865380000.0,-60.88041307036719
13870378333.3,-61.102526429552604
13875376666.7,-61.33721188431132
13880375000.0,-60.523212207602384
13885373333.3,-60.48183048436425
13890371666.7,-60.81823770113174
13895370000.0,-60.26278135424229
13900368333.3,-60.549128547037014
13905366666.7,-60.948399417221566
13910365000.0,-60.84908818596277
13915363333.3,-60.45196600266871
13920361666.7,-60.515168366855264
13925360000.0,-60.50653139376238
13930358333.3,-60.612102565323454
13935356666.7,-61.10392768520978
13940355000.0,-60.84754182117636
13945353333.3,-61.02177177423191
13950351666.7,-60.65977319267162
13955350000.0,-60.545009700409054
13960348333.3,-61.19666405452098
13965346666.7,-61.21775142309385
13970345000.0,-61.02497301653857
13975343333.3,-60.41304920191194
13980341666.7,-61.31662703622041
13985340000.0,-60.5918318873162
13990338333.3,-60.149104482937304
13995336666.7,-60.46308159951075
14000335000.0,-60.36895763399447
14005333333.3,-60.62184617437141
14010331666.7,-60.72554925032076
14015330000.0,-60.77354857725528
14020328333.3,-60.86554466100961
14025326666.7,-60.25673755976719
14030325000.0,-60.36197280156057
14035323333.3,-61.4235881382594
14040321666.7,-60.719690121252526
14045320000.0,-59.80909273890176
14050318333.3,-60.619149070119306
14055316666.7,-60.573331838080364
14060315000.0,-60.17692062780523
14065313333.3,-60.51105919585916
14070311666.7,-60.575757184102784
14075310000.0,-60.37849473959213
14080308333.3,-60.33008477387164
14085306666.7,-60.13059724831089
14090305000.0,-60.30872025047522
14095303333.3,-60.354468193634375
14100301666.7,-60.714860446580026
14105300000.0,-60.47774192160175
14110298333.3,-60.914700387548564
14115296666.7,-61.03250902449598
14120295000.0,-61.12635952205451
14125293333.3,-61.558248160097556
14130291666.7,-61.07534411911627
14135290000.0,-61.00285799901542
14140288333.3,-60.91188667284429
14145286666.7,-61.800924249977555
14150285000.0,-62.06178976285643
14155283333.3,-61.06717532947589
14160281666.7,-61.01120956270708
14165280000.0,-61.431566094227975
14170278333.3,-61.17586682622719
14175276666.7,-61.45642357553453
14180275000.0,-60.7872457972157
14185273333.3,-61.26969236794713
14190271666.7,-61.15544008732147
14195270000.0,-61.92848219040791
14200268333.3,-61.37068402663224
14205266666.7,-61.72385471330402
14210265000.0,-61.50948352464284
14215263333.3,-61.20541096320097
14220261666.7,-61.95382758063686
14225260000.0,-62.24020328216781
14230258333.3,-62.25113312408738
14235256666.7,-61.393996840418474
14240255000.0,-61.145998633322655
14245253333.3,-61.15053301328921
14250251666.7,-60.94450565156498
14255250000.0,-61.692444118630895
14260248333.3,-61.35235640147317
14265246666.7,-61.730778236725115
14270245000.0,-61.60192560335567
14275243333.3,-62.58042152001072
14280241666.7,-62.27849570372345
14285240000.0,-61.97089802776346
14290238333.3,-61.8491196516008
14295236666.7,-61.437726882547146
14300235000.0,-61.52939853239233
14305233333.3,-61.984591111046555
14310231666.7,-61.9739158230406
14315230000.0,-62.07236574290444
14320228333.3,-61.58527800324759
14325226666.7,-60.94892023863145
14330225000.0,-61.15828792946842
14335223333.3,-61.796894706945125
14340221666.7,-62.03686560778248
14345220000.0,-61.71286389203908
14350218333.3,-61.990058402161374
14355216666.7,-62.1621979909279
14360215000.0,-61.35802005318815
14365213333.3,-62.186244572725016
14370211666.7,-62.14590135210667
14375210000.0,-61.98440698256984
14380208333.3,-61.95367124846585
14385206666.7,-62.11308734599794
14390205000.0,-62.52680574207906
14395203333.3,-62.65045974910564
14400201666.7,-62.08564358660021
14405200000.0,-62.18227309530158
14410198333.3,-61.76458811876869
14415196666.7,-61.84201393628076
14420195000.0,-61.769099055568844
14425193333.3,-62.00882993602042
14430191666.7,-62.59377489350538
14435190000.0,-62.253023055386876
14440188333.3,-62.209091081499565
14445186666.7,-62.14130700879717
14450185000.0,-62.030696358561634
14455183333.3,-61.7818508453111
14460181666.7,-63.12821051979278
14465180000.0,-62.565322634330954
14470178333.3,-62.86663316932963
14475176666.7,-63.36603643002065
14480175000.0,-62.76849522423356
14485173333.3,-62.45697740823766
14490171666.7,-63.236196788013466
14495170000.0,-62.919313220114965
14500168333.3,-62.56569536202977
14505166666.7,-62.64093327010126
14510165000.0,-62.68492166243571
14515163333.3,-62.66332721543119
14520161666.7,-63.02512450429916
14525160000.0,-62.733023124016576
14530158333.3,-63.41096549523526
14535156666.7,-62.701378593595614
14540155000.0,-63.031284248308125
14545153333.3,-63.635374294124894
14550151666.7,-63.12229145452647
14555150000.0,-63.743449402364746
14560148333.3,-64.265446582249
14565146666.7,-63.912990564761316
14570145000.0,-63.24069822959004
14575143333.3,-64.00512633891866
14580141666.7,-63.37358271847088
14585140000.0,-63.72101834576151
14590138333.3,-63.44803632738678
14595136666.7,-63.77243347963188
14600135000.0,-63.50848415535083
14605133333.3,-63.250098493025774
14610131666.7,-62.814186583369185
14615130000.0,-64.14634728224198
14620128333.3,-63.274993488357225
14625126666.7,-63.20496007779549
14630125000.0,-63.899673635445886
14635123333.3,-63.7790722372121
14640121666.7,-63.73373378286202
14645120000.0,-63.03700802893868
14650118333.3,-63.525225437447965
14655116666.7,-63.02380050489813
14660115000.0,-63.08709905637229
14665113333.3,-62.981800146049295
14670111666.7,-63.90191740671845
14675110000.0,-62.42371600950999
14680108333.3,-63.37018761416114
14685106666.7,-62.838080875057656
14690105000.0,-62.92044488962497
14695103333.3,-62.86955789290741
14700101666.7,-63.27329990976365
14705100000.0,-63.13344698456695
14710098333.3,-63.6915189451371
14715096666.7,-64.14860704326986
14720095000.0,-63.94395485933962
14725093333.3,-64.29605252144337
14730091666.7,-64.71768847695866
14735090000.0,-63.250939317195716
14740088333.3,-62.77065780458486
14745086666.7,-63.9025869973637
14750085000.0,-62.960733504221665
14755083333.3,-63.43566522479427
14760081666.7,-63.525657994324625
14765080000.0,-62.54329507985494
14770078333.3,-62.63082883246704
14775076666.7,-62.46650359925036
14780075000.0,-62.44287634752218
14785073333.3,-62.33205576540718
14790071666.7,-63.14925199762591
14795070000.0,-63.4010610738635
14800068333.3,-63.99874299910402
14805066666.7,-64.24584687828944
14810065000.0,-63.817183762181244
14815063333.3,-63.87704768817092
14820061666.7,-64.45963701835825
14825060000.0,-64.36368691235644
14830058333.3,-63.52318653336428
14835056666.7,-63.37493420907967
14840055000.0,-64.04629795105654
14845053333.3,-63.123040680992915
14850051666.7,-63.88007397670518
14855050000.0,-63.888684730908416
14860048333.3,-64.18278112147046
14865046666.7,-63.9188102436438
14870045000.0,-64.45353109188267
14875043333.3,-64.4054657501106
14880041666.7,-63.632535254095856
14885040000.0,-64.61532364370092
14890038333.3,-65.20602676305118
14895036666.7,-63.96390661251215
14900035000.0,-64.1799282132577
14905033333.3,-64.2956004985088
14910031666.7,-65.2465169010008
14915030000.0,-65.03314695855492
14920028333.3,-64.34462432828067
14925026666.7,-63.78575332704166
14930025000.0,-63.87821913371576
14935023333.3,-64.31355735421168
14940021666.7,-63.708473528622875
14945020000.0,-63.20302909459841
14950018333.3,-63.84439955480424
14955016666.7,-63.75121361974209
14960015000.0,-63.3241974354475
14965013333.3,-63.24261661962703
14970011666.7,-63.724315811292826
14975010000.0,-63.85484790406447
14980008333.3,-64.34518304684545
14985006666.7,-63.67102790542366
14990005000.0,-63.22697621957511
14995003333.3,-64.1744035467464
15000001666.7,-63.81016880522641
15005000000.0,-63.972858696925044
15009998333.3,-64.41142914778547
15014996666.7,-63.790197189130346
15019995000.0,-63.35461722481729
15024993333.3,-63.48967747086847
15029991666.7,-63.5944470474214
15034990000.0,-63.016089719944986
15039988333.3,-63.22190309112288
15044986666.7,-63.91352138755941
15049985000.0,-63.444791255767534
15054983333.3,-64.22072958793296
15059981666.7,-63.54921677138552
15064980000.0,-63.35725055690712
15069978333.3,-63.16481548207469
15074976666.7,-63.064858543337515
15079975000.0,-62.53793995136027
15084973333.3,-63.293494719240606
15089971666.7,-63.78081454863735
15094970000.0,-62.67393887901001
15099968333.3,-63.20747659817316
15104966666.7,-63.51639562086891
15109965000.0,-62.80540711185093
15114963333.3,-63.219457287127405
15119961666.7,-62.78885763644399
15124960000.0,-64.21846297644356
15129958333.3,-62.944961683818114
15134956666.7,-63.56738275844977
15139955000.0,-62.77203776047727
15144953333.3,-63.45734878308289
15149951666.7,-63.46452357363418
15154950000.0,-63.46195484248745
15159948333.3,-62.97414728473128
15164946666.7,-63.730863254627735
15169945000.0,-63.94742383694275
15174943333.3,-63.32833713197863
15179941666.7,-64.6572204633299
15184940000.0,-64.46383046362173
15189938333.3,-64.3198690856306
15194936666.7,-64.13780088508707
15199935000.0,-64.19436888278352
15204933333.3,-64.41218913963597
15209931666.7,-64.76741437304693
15214930000.0,-64.99376119699517
15219928333.3,-64.51618954696873
15224926666.7,-65.03641353567834
15229925000.0,-64.14107101090816
15234923333.3,-65.40874657890978
15239921666.7,-66.13909671459916
15244920000.0,-65.01635976241116
15249918333.3,-65.39557568098145
15254916666.7,-65.73738146241881
15259915000.0,-64.85873251686128
15264913333.3,-65.2621327615215
15269911666.7,-64.83696094289526
15274910000.0,-65.1604721666488
15279908333.3,-65.61953805590528
15284906666.7,-65.44057828267414
15289905000.0,-64.54763454944501
15294903333.3,-64.57564306839927
15299901666.7,-63.980303174159474
15304900000.0,-64.52703933267189
15309898333.3,-64.87523426203258
15314896666.7,-64.9143195444993
15319895000.0,-64.85671159499691
15324893333.3,-63.8866878595436
15329891666.7,-66.0319021377333
15334890000.0,-64.13908376186639
15339888333.3,-65.23356333767127
15344886666.7,-65.42233458788908
15349885000.0,-64.96363536544686
15354883333.3,-65.62984629122442
15359881666.7,-64.61245938014513
15364880000.0,-65.53010282736895
15369878333.3,-63.70048273696839
15374876666.7,-64.04418693737351
15379875000.0,-63.89981693524326
15384873333.3,-63.818060663760775
15389871666.7,-63.006151386883104
15394870000.0,-64.25809901293661
15399868333.3,-65.15515866570641
15404866666.7,-63.96477920865123
15409865000.0,-63.53787815295
15414863333.3,-64.09279615737059
15419861666.7,-64.62778832055814
15424860000.0,-64.87546154018085
15429858333.3,-65.17788992985783
15434856666.7,-66.61298334441861
15439855000.0,-65.12342925928978
15444853333.3,-66.13585379823067
15449851666.7,-65.38668838749449
15454850000.0,-65.95476859853679
15459848333.3,-65.17704995756462
15464846666.7,-66.59012790820192
15469845000.0,-65.50874596715953
15474843333.3,-65.4679469863351
15479841666.7,-65.01227110923024
15484840000.0,-65.39023941744176
15489838333.3,-65.20416552799642
15494836666.7,-65.80685352992248
15499835000.0,-64.71813120783659
15504833333.3,-66.1340461435777
15509831666.7,-65.29033971460714
15514830000.0,-66.11827735552313
15519828333.3,-65.528742390896
15524826666.7,-67.08281931085989
15529825000.0,-65.95068420021776
15534823333.3,-66.5319682202552
15539821666.7,-66.29537514889165
15544820000.0,-66.13229468473565
15549818333.3,-65.79999199292442
15554816666.7,-66.52627581507429
15559815000.0,-65.41368587314311
15564813333.3,-65.65348582500106
15569811666.7,-66.74182967528871
15574810000.0,-66.91352816755727
15579808333.3,-66.22850665259149
15584806666.7,-66.74400432187085
15589805000.0,-66.63619402945736
15594803333.3,-65.5344469998824
15599801666.7,-66.7543003054841
15604800000.0,-68.02928055835154
15609798333.3,-64.4494452051514
15614796666.7,-65.18239051147945
15619795000.0,-66.80352327321488
15624793333.3,-65.42383602315604
15629791666.7,-64.78131418591855
15634790000.0,-65.9714474654078
15639788333.3,-66.23075627991683
15644786666.7,-65.78898716433807
15649785000.0,-66.56758068289625
15654783333.3,-66.3326264136792
15659781666.7,-65.6895275967008
15664780000.0,-66.43134980442701
15669778333.3,-65.49715318963574
15674776666.7,-64.8827594270739
15679775000.0,-65.13309824880389
15684773333.3,-66.39385495507442
15689771666.7,-64.5765094345808
15694770000.0,-66.840109927627
15699768333.3,-65.76766443922428
15704766666.7,-64.70428428035402
15709765000.0,-66.38502115182204
15714763333.3,-65.75129570990951
15719761666.7,-65.98943725672571
15724760000.0,-64.49278795473128
15729758333.3,-66.900556418205
15734756666.7,-65.84060642702948
15739755000.0,-64.98248057205844
15744753333.3,-65.70520547825286
15749751666.7,-66.43821433378871
15754750000.0,-66.97706930174631
15759748333.3,-67.2971306634262
15764746666.7,-65.84271845368627
15769745000.0,-66.17216734142792
15774743333.3,-67.21709952799411
15779741666.7,-66.37909624703073
15784740000.0,-67.05811204199888
15789738333.3,-66.83561830544795
15794736666.7,-66.4995542058174
15799735000.0,-66.19716720272193
15804733333.3,-66.5188205729947
15809731666.7,-65.63449760020791
15814730000.0,-65.9046404052885
15819728333.3,-65.57846979101248
15824726666.7,-65.30889140788025
15829725000.0,-66.36922470332445
15834723333.3,-67.63409109335248
15839721666.7,-65.76546674931004
15844720000.0,-66.48628297276113
15849718333.3,-64.95991868289696
15854716666.7,-65.13960952843414
15859715000.0,-65.80128108265916
15864713333.3,-66.23890953080416
15869711666.7,-65.65844330181179
15874710000.0,-65.0464811206574
15879708333.3,-64.90655716949709
15884706666.7,-65.5913468777517
15889705000.0,-66.48552486754718
15894703333.3,-65.08588491106687
15899701666.7,-65.08171707341097
15904700000.0,-65.27433887032981
15909698333.3,-66.01062762382702
15914696666.7,-66.15949218776035
15919695000.0,-66.54314020416743
15924693333.3,-65.93091962724733
15929691666.7,-66.63740813944221
15934690000.0,-67.28503648397391
15939688333.3,-66.13525015796667
15944686666.7,-65.54032736124574
15949685000.0,-65.16913301701535
15954683333.3,-65.41978827743637
15959681666.7,-66.51855124135682
15964680000.0,-65.32136915576679
15969678333.3,-65.13725373508836
15974676666.7,-65.71145357267218
15979675000.0,-65.16008188988114
15984673333.3,-66.58413602660814
15989671666.7,-65.63299635242194
15994670000.0,-66.12172147512078
15999668333.3,-65.98016672407573
16004666666.7,-66.00348094636793
16009665000.0,-65.57037218786662
16014663333.3,-65.74742954706917
16019661666.7,-65.69393162840139
16024660000.0,-66.63388883367959
16029658333.3,-65.79271863731206
16034656666.7,-66.14269666929306
16039655000.0,-66.81297766608138
16044653333.3,-66.24995564642863
16049651666.7,-65.55347514577585
16054650000.0,-64.98974099470072
16059648333.3,-65.79117050371616
16064646666.7,-65.89554281095205
16069645000.0,-65.85149256507178
16074643333.3,-65.11868246237464
16079641666.7,-65.13202635800924
16084640000.0,-67.30835867758616
16089638333.3,-66.53694528872055
16094636666.7,-65.356763274046
16099635000.0,-66.69575148781895
16104633333.3,-67.15172885667363
16109631666.7,-66.2149062882255
16114630000.0,-69.86560246029406
16119628333.3,-66.36823840844406
16124626666.7,-65.23665779060373
16129625000.0,-65.6867589738956
16134623333.3,-65.78460627107057
16139621666.7,-65.85962349279335
16144620000.0,-66.12726440624292
16149618333.3,-65.62529380172916
16154616666.7,-65.24377836450091
16159615000.0,-65.38686165017616
16164613333.3,-64.97301663368351
16169611666.7,-64.68548186040661
16174610000.0,-66.69791347174937
16179608333.3,-65.15417482690209
16184606666.7,-65.78819673228804
16189605000.0,-65.31608740550985
16194603333.3,-66.52078580107614
16199601666.7,-65.09954573974701
16204600000.0,-66.2439512545502
16209598333.3,-67.08219240928597
16214596666.7,-68.33116751884675
16219595000.0,-67.15404809267122
16224593333.3,-66.55146951322239
16229591666.7,-66.95935294929106
16234590000.0,-65.99371047465618
16239588333.3,-65.66231974328863
16244586666.7,-65.32676000604489
16249585000.0,-65.39967617448016
16254583333.3,-65.15100724581278
16259581666.7,-66.03264294303037
16264580000.0,-65.49777135506928
16269578333.3,-65.61069175118384
16274576666.7,-66.09420467663085
16279575000.0,-67.01742381540629
16284573333.3,-67.53295301482451
16289571666.7,-66.72178776266253
16294570000.0,-67.67788166848102
16299568333.3,-67.88413255324349
16304566666.7,-66.77909861567147
16309565000.0,-67.6867009187107
16314563333.3,-67.00055369630324
16319561666.7,-66.9625094677765
16324560000.0,-66.71425126033385
16329558333.3,-65.77664062374782
16334556666.7,-66.3014578577977
16339555000.0,-66.8564805288384
16344553333.3,-66.36302541988672
16349551666.7,-66.414173110307
16354550000.0,-65.88176345983791
16359548333.3,-66.92022644803434
16364546666.7,-66.65474733861579
16369545000.0,-67.11998921893992
16374543333.3,-65.60407084077207
16379541666.7,-65.60907828098073
16384540000.0,-67.37703924589503
16389538333.3,-65.90251970439996
16394536666.7,-67.10476160089569
16399535000.0,-66.63518415468755
16404533333.3,-66.68452770315322
16409531666.7,-66.16475696325398
16414530000.0,-65.94260168078785
16419528333.3,-66.77404739958361
16424526666.7,-66.38364054428273
16429525000.0,-66.1385805406289
16434523333.3,-66.41977920965526
16439521666.7,-66.04858615051974
16444520000.0,-66.99079227651136
16449518333.3,-66.84141960208294
16454516666.7,-66.5239566978357
16459515000.0,-65.96776023064248
16464513333.3,-64.90506528520388
16469511666.7,-65.90405535101527
16474510000.0,-65.82000358136465
16479508333.3,-65.65122697741577
16484506666.7,-65.7271996384426
16489505000.0,-66.73271043671984
16494503333.3,-66.66453201453379
16499501666.7,-66.17452849009763
16504500000.0,-66.23090383801495
16509498333.3,-66.39204345195479
16514496666.7,-66.54359312871044
16519495000.0,-66.85230203737947
16524493333.3,-67.46600969012324
16529491666.7,-66.03004847985498
16534490000.0,-67.23460818016366
16539488333.3,-65.66830146415181
16544486666.7,-66.94372765735132
16549485000.0,-67.71193904220732
16554483333.3,-65.98746094960043
16559481666.7,-67.43168959779797
16564480000.0,-67.21728096924346
16569478333.3,-67.48040176574234
16574476666.7,-66.81697550670704
16579475000.0,-66.99290091839303
16584473333.3,-65.7280536558047
16589471666.7,-67.14801372752804
16594470000.0,-66.81827675339244
16599468333.3,-67.78081114607807
16604466666.7,-66.76014498107806
16609465000.0,-66.46033670036866
16614463333.3,-66.76219878482158
16619461666.7,-66.87492947866625
16624460000.0,-65.87267517868773
16629458333.3,-67.11784810111999
16634456666.7,-67.18222160202659
16639455000.0,-67.23923420080108
16644453333.3,-66.75395365588452
16649451666.7,-66.42535654789235
16654450000.0,-66.83346013496136
16659448333.3,-66.66657258432502
16664446666.7,-66.5721918720842
16669445000.0,-66.53787514034208
16674443333.3,-65.78805769991492
16679441666.7,-65.97989455729356
16684440000.0,-65.91988409675442
16689438333.3,-66.36149234264303
16694436666.7,-66.72789446497416
16699435000.0,-66.02885579615706
16704433333.3,-66.85882974976677
16709431666.7,-66.77573057476897
16714430000.0,-66.34841370538408
16719428333.3,-66.80816411325469
16724426666.7,-66.70191902300186
16729425000.0,-65.80371159064447
16734423333.3,-66.59525587350987
16739421666.7,-65.88847491712008
16744420000.0,-65.66530818835
16749418333.3,-66.06296369517825
16754416666.7,-65.55639487513997
16759415000.0,-64.98627632123798
16764413333.3,-66.05061265109512
16769411666.7,-66.460683377767
16774410000.0,-66.00422243552232
16779408333.3,-66.33836648386068
16784406666.7,-65.67970011880169
16789405000.0,-66.07985562869712
16794403333.3,-65.49902829013632
16799401666.7,-65.34943551170535
16804400000.0,-66.68119669641973
16809398333.3,-67.12936912909832
16814396666.7,-65.72825339925599
16819395000.0,-66.51280407334204
16824393333.3,-66.04685274154927
16829391666.7,-66.25773984353998
16834390000.0,-65.89826701520539
16839388333.3,-65.87165312917085
16844386666.7,-65.66084288064329
16849385000.0,-65.29661065434182
16854383333.3,-66.61930054185984
16859381666.7,-66.59840586736293
16864380000.0,-66.04822711666019
16869378333.3,-66.4613102016337
16874376666.7,-66.60155750236987
16879375000.0,-67.811328476582
16884373333.3,-65.66870660351627
16889371666.7,-65.77849529429946
16894370000.0,-66.72659304917667
16899368333.3,-66.29774555382733
16904366666.7,-67.63188051024018
16909365000.0,-65.72745876462291
16914363333.3,-67.18741413704292
16919361666.7,-65.94168576651907
16924360000.0,-67.78442269671815
16929358333.3,-65.30114109798001
16934356666.7,-67.01199281265377
16939355000.0,-65.58243391185701
16944353333.3,-65.69518580444154
16949351666.7,-65.8494470746618
16954350000.0,-65.65582331697425
16959348333.3,-66.62061720164982
16964346666.7,-65.31017520289318
16969345000.0,-66.27534453218642
16974343333.3,-65.78167988254353
16979341666.7,-64.70913177310808
16984340000.0,-65.07993216604238
16989338333.3,-65.23008016299329
16994336666.7,-66.78490462912609
16999335000.0,-65.47711733531418
17004333333.3,-65.5315236256188
17009331666.7,-64.71547914378849
17014330000.0,-65.20021348790947
17019328333.3,-65.01723881305587
17024326666.7,-65.84953519353193
17029325000.0,-64.82038683339282
17034323333.3,-65.55748745288692
17039321666.7,-65.73793213949793
17044320000.0,-65.28073016293239
17049318333.3,-66.17059754090755
17054316666.7,-65.75307662975841
17059315000.0,-65.50407661985074
17064313333.3,-64.84857055677713
17069311666.7,-65.63562998252381
17074310000.0,-64.93987115553236
17079308333.3,-66.71090985307674
17084306666.7,-66.1441348615692
17089305000.0,-66.01916309655653
17094303333.3,-64.60558331327385
17099301666.7,-65.89292991600604
17104300000.0,-66.18619742743766
17109298333.3,-64.97179208117612
17114296666.7,-64.95509778108199
17119295000.0,-65.71988533201807
17124293333.3,-65.51960945746758
17129291666.7,-65.63006636905408
17134290000.0,-65.70767672835125
17139288333.3,-65.79225459652277
17144286666.7,-66.39049148525208
17149285000.0,-66.46881037753111
17154283333.3,-66.88112206401621
17159281666.7,-67.13512468936469
17164280000.0,-66.29848095797259
17169278333.3,-67.20199801741877
17174276666.7,-67.19193329581131
17179275000.0,-65.44621877908233
17184273333.3,-65.14733993658218
17189271666.7,-66.84837445483949
17194270000.0,-66.0119789301958
17199268333.3,-66.66448181583333
17204266666.7,-67.39939881070595
17209265000.0,-66.3679055361444
17214263333.3,-66.92553912292087
17219261666.7,-65.26870378428204
17224260000.0,-66.7254649877327
17229258333.3,-66.10303339090706
17234256666.7,-67.03081042536219
17239255000.0,-65.54335077508887
17244253333.3,-66.08617312724162
17249251666.7,-65.55135666509973
17254250000.0,-66.70943169904882
17259248333.3,-65.86627109427884
17264246666.7,-66.35900841324597
17269245000.0,-66.01372156092222
17274243333.3,-67.02104755164773
17279241666.7,-65.89522623992812
17284240000.0,-65.48550772830052
17289238333.3,-66.51268166762225
17294236666.7,-64.70601011042648
17299235000.0,-65.21597415170574
17304233333.3,-64.77810681908221
17309231666.7,-65.90554158157394
17314230000.0,-65.5428306646842
17319228333.3,-64.84208299692328
17324226666.7,-67.25143612438086
17329225000.0,-65.47181299462186
17334223333.3,-65.40600489401815
17339221666.7,-64.12682386211802
17344220000.0,-65.40800588428881
17349218333.3,-65.36561198976028
17354216666.7,-65.16009249865533
17359215000.0,-65.78861866254256
17364213333.3,-64.65665602966337
17369211666.7,-64.7174781797403
17374210000.0,-67.4259088886219
17379208333.3,-66.27364134453758
17384206666.7,-65.2998217260947
17389205000.0,-66.71166614923942
17394203333.3,-65.55550565009484
17399201666.7,-67.13565096455278
17404200000.0,-67.30962768209261
17409198333.3,-65.76691509531253
17414196666.7,-66.19443806502468
17419195000.0,-65.69194984514291
17424193333.3,-66.76948503429045
17429191666.7,-66.56755933136809
17434190000.0,-67.17485403772308
17439188333.3,-66.60936491383691
17444186666.7,-66.58362069094298
17449185000.0,-66.42881415831096
17454183333.3,-66.62925535838984
17459181666.7,-66.72658587992655
17464180000.0,-65.74314368257384
17469178333.3,-66.74034055878641
17474176666.7,-66.4972415641678
17479175000.0,-66.42623223029508
17484173333.3,-66.45621060547252
17489171666.7,-64.38585337038396
17494170000.0,-66.3325182452765
17499168333.3,-65.62490693231857
17504166666.7,-67.57189762342584
17509165000.0,-67.06853353207349
17514163333.3,-66.50093317910198
17519161666.7,-65.81648278327454
17524160000.0,-65.9636609026529
17529158333.3,-65.81432396698246
17534156666.7,-66.6673898258429
17539155000.0,-64.08305125879316
17544153333.3,-65.21113466309615
17549151666.7,-66.0256415091476
17554150000.0,-65.65346680226523
17559148333.3,-65.88738128370008
17564146666.7,-66.406681224156
17569145000.0,-65.53654006337868
17574143333.3,-65.333191074723
17579141666.7,-65.89567328987178
17584140000.0,-66.16885798942889
17589138333.3,-65.61409980500795
17594136666.7,-65.61172976233883
17599135000.0,-65.9441587912245
17604133333.3,-66.18959614683686
17609131666.7,-66.37718566974347
17614130000.0,-66.43500326921287
17619128333.3,-65.7017300547182
17624126666.7,-66.93650669130855
17629125000.0,-66.32034929335687
17634123333.3,-66.23573681503595
17639121666.7,-65.07177170783561
17644120000.0,-66.41529640453942
17649118333.3,-65.89380371551336
17654116666.7,-66.17499298269323
17659115000.0,-67.21080280485907
17664113333.3,-66.07402025850004
17669111666.7,-65.4903708493595
17674110000.0,-67.22089182541524
17679108333.3,-66.40739047459356
17684106666.7,-66.6272470990816
17689105000.0,-65.78951608843529
17694103333.3,-66.24101634106916
17699101666.7,-66.09645458525996
17704100000.0,-66.34771841343068
17709098333.3,-65.37382932963062
17714096666.7,-66.65845120297631
17719095000.0,-65.16552548652689
17724093333.3,-65.7094542343685
17729091666.7,-65.0674800607103
17734090000.0,-64.85941731205406
17739088333.3,-65.98177118671977
17744086666.7,-66.06715993417757
17749085000.0,-66.58109090218726
17754083333.3,-65.91879120655712
17759081666.7,-65.2838319932525
17764080000.0,-64.82121084635912
17769078333.3,-66.3880360422672
17774076666.7,-65.54212816060836
17779075000.0,-65.09876276038172
17784073333.3,-65.89107184264219
17789071666.7,-65.32344304924813
17794070000.0,-66.07044094413635
17799068333.3,-66.01223309051025
17804066666.7,-65.08974157091522
17809065000.0,-64.63805643772898
17814063333.3,-65.62986547780277
17819061666.7,-65.03658152658588
17824060000.0,-66.41515007180357
17829058333.3,-65.23382893905466
17834056666.7,-65.86767556430047
17839055000.0,-64.54120477055686
17844053333.3,-65.74035567541405
17849051666.7,-65.26296270951681
17854050000.0,-64.88335353344867
17859048333.3,-66.30248898218373
17864046666.7,-64.94935482366364
17869045000.0,-65.75880870183573
17874043333.3,-65.54692109558093
17879041666.7,-65.68477826532431
17884040000.0,-66.66519890133549
17889038333.3,-65.80287990390018
17894036666.7,-66.41453095197228
17899035000.0,-65.31842071397924
17904033333.3,-66.27749529618436
17909031666.7,-66.482256730694
17914030000.0,-66.40696722586304
17919028333.3,-66.84766829636186
17924026666.7,-66.03715781094489
17929025000.0,-66.61330650881935
17934023333.3,-67.65284352297785
17939021666.7,-66.55182804067661
17944020000.0,-64.79454894816305
17949018333.3,-66.30553345609317
17954016666.7,-66.05778245922417
17959015000.0,-66.60976085996482
17964013333.3,-66.35110086180191
17969011666.7,-65.36468128795876
17974010000.0,-66.21034932297454
17979008333.3,-64.98935201050104
17984006666.7,-65.29829564639705
17989005000.0,-67.68540863360529
17994003333.3,-64.54466557736713
17999001666.7,-65.68978521516163
18004000000.0,-65.33786546302962
18008998333.3,-67.09879214018322
18013996666.7,-64.59607933049054
18018995000.0,-64.38404637518882
18023993333.3,-64.43392382377999
18028991666.7,-65.23400219138583
18033990000.0,-64.60778006591823
18038988333.3,-66.97090653436348
18043986666.7,-64.2648727789851
18048985000.0,-65.45833350534794
18053983333.3,-65.63846558312612
18058981666.7,-65.05329360242527
18063980000.0,-65.07473776485372
18068978333.3,-65.69787753477979
18073976666.7,-64.20680276227284
18078975000.0,-65.50468407944842
18083973333.3,-66.06365265510745
18088971666.7,-65.7713730750109
18093970000.0,-66.00237398090182
18098968333.3,-67.37152373822265
18103966666.7,-65.62972695791898
18108965000.0,-65.75173417067602
18113963333.3,-65.33600453414304
18118961666.7,-66.31291242138605
18123960000.0,-65.49742148346473
18128958333.3,-66.06599720331381
18133956666.7,-66.16351758115268
18138955000.0,-65.73647980194679
18143953333.3,-67.00108527421014
18148951666.7,-65.32988860760592
18153950000.0,-66.6038651061236
18158948333.3,-65.93248351566766
18163946666.7,-66.21749290848841
18168945000.0,-65.90196725024605
18173943333.3,-65.42195589504432
18178941666.7,-65.77202604674795
18183940000.0,-66.96449970806954
18188938333.3,-65.66551684752727
18193936666.7,-66.11224342120286
18198935000.0,-65.24698381679809
18203933333.3,-66.32791553801913
18208931666.7,-66.93793231397018
18213930000.0,-65.138201379815
18218928333.3,-65.49782915430222
18223926666.7,-66.65119929339943
18228925000.0,-66.3957359387997
18233923333.3,-66.46591303959653
18238921666.7,-65.86408773805465
18243920000.0,-65.20556362664556
18248918333.3,-65.59798663108383
18253916666.7,-65.75975289822466
18258915000.0,-65.94902873188988
18263913333.3,-65.71974274252136
18268911666.7,-66.12421839301149
18273910000.0,-66.72452734250625
18278908333.3,-66.24177474726214
18283906666.7,-65.64409289562559
18288905000.0,-65.60652509367497
18293903333.3,-66.45820829225329
18298901666.7,-65.72271408071087
18303900000.0,-66.14770445770836
18308898333.3,-66.30104210888817
18313896666.7,-66.47784157203222
18318895000.0,-66.5463785054257
18323893333.3,-65.95189956065455
18328891666.7,-66.21714778156235
18333890000.0,-67.01480289345733
18338888333.3,-66.10073403176928
18343886666.7,-67.05548909560925
18348885000.0,-66.63859763199602
18353883333.3,-66.53913774512891
18358881666.7,-65.44025486099952
18363880000.0,-65.11425183114747
18368878333.3,-65.29941313027193
18373876666.7,-65.17212261107146
18378875000.0,-64.81546218761987
18383873333.3,-65.49603151044323
18388871666.7,-66.58225966152625
18393870000.0,-65.63042563565327
18398868333.3,-66.19886387559379
18403866666.7,-66.6332437252653
18408865000.0,-65.90919801282777
18413863333.3,-65.83368943176471
18418861666.7,-66.18328500523424
18423860000.0,-65.85867410152028
18428858333.3,-64.16626856299737
18433856666.7,-65.96634008291656
18438855000.0,-63.930715846247004
18443853333.3,-65.61973180953954
18448851666.7,-64.9190231501286
18453850000.0,-66.16808108161254
18458848333.3,-65.1497123683054
18463846666.7,-65.06390278723158
18468845000.0,-64.96805956663454
18473843333.3,-65.85419506067275
18478841666.7,-65.83614879841693
18483840000.0,-65.30814616575937
18488838333.3,-65.46381239464554
18493836666.7,-65.54707662994575
18498835000.0,-66.07687802572347
18503833333.3,-65.63596791397211
18508831666.7,-65.50693096268878
18513830000.0,-66.08775617980508
18518828333.3,-65.68413858660782
18523826666.7,-65.15022699326553
18528825000.0,-66.15739021378882
18533823333.3,-66.56377194255181
18538821666.7,-65.8630627264782
18543820000.0,-66.05479490787741
18548818333.3,-66.43559678266487
18553816666.7,-65.49635130755401
18558815000.0,-65.29404540204789
18563813333.3,-65.11183044018195
18568811666.7,-65.92409693085534
18573810000.0,-66.40487125553759
18578808333.3,-66.0669998063442
18583806666.7,-65.58623666589818
18588805000.0,-66.67005826824898
18593803333.3,-66.26498893538164
18598801666.7,-65.70936957412823
18603800000.0,-65.14447831580772
18608798333.3,-66.0744770721817
18613796666.7,-64.97390219147815
18618795000.0,-64.90490043651435
18623793333.3,-66.27118314903862
18628791666.7,-64.5114980691351
18633790000.0,-65.40020841225561
18638788333.3,-65.33071876510846
18643786666.7,-65.72695550032631
18648785000.0,-65.3438303912913
18653783333.3,-66.76844021010113
18658781666.7,-66.33942554649123
18663780000.0,-65.31334519701863
18668778333.3,-66.60777109290638
18673776666.7,-64.7794757931773
18678775000.0,-65.72363812157903
18683773333.3,-65.53412793387145
18688771666.7,-65.55238330390874
18693770000.0,-65.1019821839065
18698768333.3,-65.05079306013786
18703766666.7,-64.35340645518744
18708765000.0,-65.56622584702728
18713763333.3,-65.96292621911553
18718761666.7,-65.07688935797405
18723760000.0,-65.20191830367723
18728758333.3,-65.62875431014122
18733756666.7,-65.08283908947647
18738755000.0,-65.59184959600445
18743753333.3,-64.81763265343764
18748751666.7,-64.87022520475436
18753750000.0,-66.06838630907211
18758748333.3,-65.43718389909431
18763746666.7,-64.7584844532359
18768745000.0,-65.73092823664598
18773743333.3,-65.90286005320147
18778741666.7,-64.58644371692964
18783740000.0,-66.12762959746674
18788738333.3,-64.66209438241445
18793736666.7,-64.7598296218768
18798735000.0,-65.76308438092363
18803733333.3,-65.65290173074635
18808731666.7,-65.67720869287912
18813730000.0,-65.3066233511939
18818728333.3,-65.72557301351318
18823726666.7,-66.86946107983503
18828725000.0,-66.05206950824778
18833723333.3,-65.31867760034679
18838721666.7,-66.19739003002152
18843720000.0,-65.66461691928167
18848718333.3,-66.31838251786408
18853716666.7,-66.23665835000315
18858715000.0,-66.8048898228
18863713333.3,-66.1589988831541
18868711666.7,-66.58601845511305
18873710000.0,-66.44773608454966
18878708333.3,-65.39384004976176
18883706666.7,-65.75552828854664
18888705000.0,-65.70729122516488
18893703333.3,-65.2585388437851
18898701666.7,-66.35126356881831
18903700000.0,-65.64872484401913
18908698333.3,-65.36663396723186
18913696666.7,-64.55938343146236
18918695000.0,-65.01319038789194
18923693333.3,-65.28778596785929
18928691666.7,-65.22490110886777
18933690000.0,-65.19096017928418
18938688333.3,-65.25265461802793
18943686666.7,-65.13294067582612
18948685000.0,-64.908315920097
18953683333.3,-66.26769933304683
18958681666.7,-65.41380775955923
18963680000.0,-65.61984553783275
18968678333.3,-64.9934987513081
18973676666.7,-64.94680740874851
18978675000.0,-64.88790554733654
18983673333.3,-64.64642989001317
18988671666.7,-65.77904306888244
18993670000.0,-66.66604744968025
18998668333.3,-66.14915947345828
19003666666.7,-65.86417628313792
19008665000.0,-66.3845300410019
19013663333.3,-65.8017749101767
19018661666.7,-66.09030292578555
19023660000.0,-66.12781392496488
19028658333.3,-66.44808966376277
19033656666.7,-66.26245367365436
19038655000.0,-66.56318884678807
19043653333.3,-66.21390246966624
19048651666.7,-64.4569555343976
19053650000.0,-65.93800974097203
19058648333.3,-65.68993486058142
19063646666.7,-66.17296332244206
19068645000.0,-65.57243846747056
19073643333.3,-67.50306239000302
19078641666.7,-65.09942570214989
19083640000.0,-65.74661593721154
19088638333.3,-66.25434471099626
19093636666.7,-65.63831000986718
19098635000.0,-66.22478938539241
19103633333.3,-64.93268716353809
19108631666.7,-65.09443299630874
19113630000.0,-64.87373039529943
19118628333.3,-65.38264631900984
19123626666.7,-65.45207428133003
19128625000.0,-65.08176275618742
19133623333.3,-64.71005152598893
19138621666.7,-65.1486752170016
19143620000.0,-65.6548963743066
19148618333.3,-65.2626759659003
19153616666.7,-65.34787677498946
19158615000.0,-64.93187825506139
19163613333.3,-65.87777517505265
19168611666.7,-66.17726958506893
19173610000.0,-65.92702895532577
19178608333.3,-66.05534074288634
19183606666.7,-64.80210098380178
19188605000.0,-66.42749372985595
19193603333.3,-65.53802240963108
19198601666.7,-64.67885910913924
19203600000.0,-64.5349683332988
19208598333.3,-66.40892811287111
19213596666.7,-65.09479108406151
19218595000.0,-66.05677896140836
19223593333.3,-65.45920888454431
19228591666.7,-65.13689084994618
19233590000.0,-65.71802165062459
19238588333.3,-64.99911195841864
19243586666.7,-64.9679602558079
19248585000.0,-65.06956710860732
19253583333.3,-64.77294084387063
19258581666.7,-65.87854027630185
19263580000.0,-64.94476423251932
19268578333.3,-65.92969387764424
19273576666.7,-64.9948299146173
19278575000.0,-66.0330665538145
19283573333.3,-64.30552040601424
19288571666.7,-66.29877611271122
19293570000.0,-64.8475264754426
19298568333.3,-66.51417145627516
19303566666.7,-65.5368411490965
19308565000.0,-66.4604479821044
19313563333.3,-66.868450607525
19318561666.7,-66.55513070032586
19323560000.0,-65.61150273925038
19328558333.3,-66.31678908653316
19333556666.7,-66.45290538230796
19338555000.0,-65.78554761820035
19343553333.3,-65.60422693857839
19348551666.7,-65.60839799443804
19353550000.0,-67.12847258638308
19358548333.3,-65.21870532701841
19363546666.7,-66.722348555269
19368545000.0,-64.41409295078164
19373543333.3,-65.14950428523385
19378541666.7,-65.87031749411673
19383540000.0,-65.08591635346102
19388538333.3,-65.49438825478877
19393536666.7,-63.844365746795575
19398535000.0,-64.39155472261771
19403533333.3,-63.74794943063361
19408531666.7,-64.01381540404023
19413530000.0,-64.49761399975324
19418528333.3,-64.32057423450212
19423526666.7,-63.96314896699356
19428525000.0,-64.05963706503317
19433523333.3,-63.94492473907833
19438521666.7,-64.8205451211172
19443520000.0,-64.70928062864813
19448518333.3,-64.56953540384463
19453516666.7,-63.0901841713995
19458515000.0,-63.81014830240834
19463513333.3,-63.552890310543404
19468511666.7,-62.78905503152684
19473510000.0,-63.96496455997227
19478508333.3,-64.42174223978688
19483506666.7,-62.94996663239778
19488505000.0,-63.42331453099532
19493503333.3,-65.51140739408508
19498501666.7,-63.67928791817057
19503500000.0,-63.624988045892735
19508498333.3,-63.537328332191485
19513496666.7,-64.41470373961519
19518495000.0,-64.9757014896998
19523493333.3,-63.80924270608129
19528491666.7,-64.24892002810859
19533490000.0,-64.59168982248795
19538488333.3,-64.70111901062265
19543486666.7,-65.60670802751301
19548485000.0,-65.64382111958847
19553483333.3,-64.41009439457589
19558481666.7,-65.40917440997467
19563480000.0,-63.72332967043526
19568478333.3,-64.65969571105083
19573476666.7,-64.953417012393
19578475000.0,-65.49093010981878
19583473333.3,-64.76847838091683
19588471666.7,-65.5174891137544
19593470000.0,-64.66776642588302
19598468333.3,-65.17365040547577
19603466666.7,-64.46967518690839
19608465000.0,-64.88017538355558
19613463333.3,-64.14848345953412
19618461666.7,-64.86262201502585
19623460000.0,-64.69210858052378
19628458333.3,-64.51424580850751
19633456666.7,-64.52658105606724
19638455000.0,-64.43082015424211
19643453333.3,-64.40144493258593
19648451666.7,-64.78200190623441
19653450000.0,-65.21503028022954
19658448333.3,-64.3994241629014
19663446666.7,-64.46739377217773
19668445000.0,-64.56081416550929
19673443333.3,-63.633661870537345
19678441666.7,-64.61736997787375
19683440000.0,-65.20622854390618
19688438333.3,-64.19496454649942
19693436666.7,-64.25738503284734
19698435000.0,-65.03929276076418
19703433333.3,-64.95018089694152
19708431666.7,-65.41904314919167
19713430000.0,-64.62486659288338
19718428333.3,-65.23760799051074
19723426666.7,-64.52058250519221
19728425000.0,-63.77980092232814
19733423333.3,-64.72059347317717
19738421666.7,-65.44359753853496
19743420000.0,-65.22810652173195
19748418333.3,-63.4009586741052
19753416666.7,-64.10649665839034
19758415000.0,-64.66278776583435
19763413333.3,-64.4514862079391
19768411666.7,-63.9671316070251
19773410000.0,-64.84648607203891
19778408333.3,-64.80232822628885
19783406666.7,-65.14918304918471
19788405000.0,-65.4184460395926
19793403333.3,-65.46948909687555
19798401666.7,-64.73387429041182
19803400000.0,-66.43260235919226
19808398333.3,-65.06725596439229
19813396666.7,-64.49496412732613
19818395000.0,-64.99591849706896
19823393333.3,-65.51596190022677
19828391666.7,-65.36595975948984
19833390000.0,-64.72778800943401
19838388333.3,-65.7486346603225
19843386666.7,-64.89026756650598
19848385000.0,-65.29965018297442
19853383333.3,-63.80414654840735
19858381666.7,-65.56435691865386
19863380000.0,-64.99829007547979
19868378333.3,-65.56275512841535
19873376666.7,-65.39949492522604
19878375000.0,-65.68913383345317
19883373333.3,-66.71419303724798
19888371666.7,-66.67411764586463
19893370000.0,-65.0518195464904
19898368333.3,-66.09699077100588
19903366666.7,-66.08377531006386
19908365000.0,-65.40428466800621
19913363333.3,-65.41406186730966
19918361666.7,-64.76692230000381
19923360000.0,-65.738766448249
19928358333.3,-65.8706663089634
19933356666.7,-64.79849250403805
19938355000.0,-66.04487467010506
19943353333.3,-66.97356202552922
19948351666.7,-65.33643464776439
19953350000.0,-66.39330177445723
19958348333.3,-67.03890754682503
19963346666.7,-66.45986009527289
19968345000.0,-65.67889802075028
19973343333.3,-65.60160218198082
19978341666.7,-65.45577249622819
19983340000.0,-64.62851310711643
19988338333.3,-65.49776811070916
19993336666.7,-64.71405746521728
19998335000.0,-65.93085401714335
20003333333.3,-66.99997815615174
20008331666.7,-66.24092242887998
20013330000.0,-65.58052439251951
20018328333.3,-65.5033162476177
20023326666.7,-66.20364896325539
20028325000.0,-66.72806423696417
20033323333.3,-65.64838095267493
20038321666.7,-65.36096775653003
20043320000.0,-65.30081490321697
20048318333.3,-66.06507577874902
20053316666.7,-67.24150584622186
20058315000.0,-66.79015326226883
20063313333.3,-64.83284056148777
20068311666.7,-66.29582465299907
20073310000.0,-65.60632623550865
20078308333.3,-65.77406727913329
20083306666.7,-65.00012720510637
20088305000.0,-65.04051071263372
20093303333.3,-64.89307530877184
20098301666.7,-64.84026172245922
20103300000.0,-65.75084568005724
20108298333.3,-66.26852548291535
20113296666.7,-66.24507394213478
20118295000.0,-66.04908890542258
20123293333.3,-65.89731467281047
20128291666.7,-65.16628605136688
20133290000.0,-66.81551944201976
20138288333.3,-65.98817269968383
20143286666.7,-66.39891156403978
20148285000.0,-66.05594016637934
20153283333.3,-65.8271447656375
20158281666.7,-65.27442956179758
20163280000.0,-65.87566287501178
20168278333.3,-65.73114972853381
20173276666.7,-66.06502051334917
20178275000.0,-66.76897617194007
20183273333.3,-65.74928388047952
20188271666.7,-64.97993222526078
20193270000.0,-66.45336138914737
20198268333.3,-65.71213876442037
20203266666.7,-66.55274762956586
20208265000.0,-65.35226738113029
20213263333.3,-66.54523603758182
20218261666.7,-65.77472781473722
20223260000.0,-65.92327537056367
20228258333.3,-66.10578900778543
20233256666.7,-66.54428809844981
20238255000.0,-68.28130950155676
20243253333.3,-67.28871781377903
20248251666.7,-65.57136055046266
20253250000.0,-65.282737099766
20258248333.3,-65.49556501129706
20263246666.7,-67.03492684055273
20268245000.0,-65.69441747826161
20273243333.3,-66.05012956262598
20278241666.7,-65.74258343493696
20283240000.0,-64.77355035018861
20288238333.3,-65.24720268195394
20293236666.7,-65.6813320050027
20298235000.0,-66.27157416152542
20303233333.3,-65.25298450291186
20308231666.7,-65.64939377799907
20313230000.0,-67.67631650201268
20318228333.3,-66.04404333390741
20323226666.7,-66.51729784999071
20328225000.0,-64.76909756070157
20333223333.3,-65.46591033136491
20338221666.7,-65.59768293523346
20343220000.0,-65.39082946473803
20348218333.3,-66.02985804990813
20353216666.7,-64.79260058805819
20358215000.0,-64.12355467954403
20363213333.3,-65.09820562901905
20368211666.7,-65.12252688906558
20373210000.0,-66.47520131739954
20378208333.3,-65.50110384638002
20383206666.7,-65.962431221853
20388205000.0,-64.1937054982341
20393203333.3,-66.11653068631173
20398201666.7,-66.17742118684961
20403200000.0,-66.32189291209761
20408198333.3,-66.45652200495603
20413196666.7,-65.37784163366815
20418195000.0,-66.37601751512545
20423193333.3,-64.96309100856303
20428191666.7,-66.00629497917544
20433190000.0,-65.84728227043583
20438188333.3,-65.65733997172026
20443186666.7,-66.20682026376588
20448185000.0,-65.74819294486139
20453183333.3,-66.80330872261473
20458181666.7,-66.45016955067544
20463180000.0,-66.11462438404797
20468178333.3,-67.89303007585477
20473176666.7,-66.84233321695962
20478175000.0,-66.55448327579913
20483173333.3,-67.4690977928598
20488171666.7,-66.44527119003358
20493170000.0,-67.99543889422863
20498168333.3,-66.55997011182384
20503166666.7,-65.53143007950447
20508165000.0,-65.97511750333959
20513163333.3,-64.73041361536316
20518161666.7,-65.47784758644896
20523160000.0,-65.56284766854424
20528158333.3,-65.31560176567372
20533156666.7,-65.97317916004724
20538155000.0,-66.40459807938552
20543153333.3,-65.56443026119422
20548151666.7,-66.33247751187845
20553150000.0,-65.46836851192279
20558148333.3,-65.34820848311402
20563146666.7,-66.58908798403304
20568145000.0,-66.45278174804317
20573143333.3,-65.98986008904114
20578141666.7,-67.05070626861401
20583140000.0,-66.41664636153308
20588138333.3,-66.33208518319952
20593136666.7,-65.46182150599734
20598135000.0,-65.66709682888626
20603133333.3,-64.78995576649885
20608131666.7,-65.84869100966844
20613130000.0,-65.89759886611037
20618128333.3,-65.65037078011767
20623126666.7,-65.71804494566366
20628125000.0,-66.79494533923203
20633123333.3,-66.40744168959331
20638121666.7,-67.4900435945196
20643120000.0,-64.87269739793236
20648118333.3,-66.34496549849177
20653116666.7,-66.50917777397876
20658115000.0,-67.91923100730054
20663113333.3,-66.61976512432287
20668111666.7,-65.96380409766547
20673110000.0,-66.27429514335935
20678108333.3,-66.57557986155692
20683106666.7,-66.49094345888292
20688105000.0,-67.40957233614105
20693103333.3,-66.79724117198604
20698101666.7,-66.3507509079421
20703100000.0,-66.56894528252829
20708098333.3,-66.68358112971842
20713096666.7,-66.81327568318926
20718095000.0,-66.85554733380029
20723093333.3,-66.58467209172555
20728091666.7,-66.49555447479992
20733090000.0,-66.89306606056584
20738088333.3,-66.93163685188989
20743086666.7,-67.23125228836876
20748085000.0,-67.4038540515901
20753083333.3,-67.69761897033668
20758081666.7,-66.36424027802002
20763080000.0,-66.670583548036
20768078333.3,-67.7932780958796
20773076666.7,-66.33927198191084
20778075000.0,-66.4373191587453
20783073333.3,-66.44077056690917
20788071666.7,-65.52509851333745
20793070000.0,-66.37880891033143
20798068333.3,-66.18397225564294
20803066666.7,-66.83838825422508
20808065000.0,-66.38653835684097
20813063333.3,-66.88998899073314
20818061666.7,-65.89724085876078
20823060000.0,-67.02644266993435
20828058333.3,-65.90529541164958
20833056666.7,-66.11318037949998
20838055000.0,-66.18526342654911
20843053333.3,-64.7880421347285
20848051666.7,-66.26792250221936
20853050000.0,-65.6268391313569
20858048333.3,-65.5456503722115
20863046666.7,-66.99640093523152
20868045000.0,-65.23058715551304
20873043333.3,-66.63289400611266
20878041666.7,-65.54869246901882
20883040000.0,-66.71954630441326
20888038333.3,-66.67200931062487
20893036666.7,-66.00258269626741
20898035000.0,-65.61683053438263
20903033333.3,-66.87613301531235
20908031666.7,-68.56389242236547
20913030000.0,-65.7094850656218
20918028333.3,-67.55775759320802
20923026666.7,-67.3008808931935
20928025000.0,-67.89691897017407
20933023333.3,-67.43799446988614
20938021666.7,-67.8773228938874
20943020000.0,-67.85516072187731
20948018333.3,-67.3623442996345
20953016666.7,-66.719612688871
20958015000.0,-67.09541076607147
20963013333.3,-66.33744397820898
20968011666.7,-67.43431391895751
20973010000.0,-67.59952942643216
20978008333.3,-66.4279300933891
20983006666.7,-67.58076623004393
20988005000.0,-66.96671459082096
20993003333.3,-67.22298168336368
20998001666.7,-66.46716136868322
21003000000.0,-67.13969662288173
21007998333.3,-68.06133423233902
21012996666.7,-66.57347291040776
21017995000.0,-66.55633552207094
21022993333.3,-67.01190521882738
21027991666.7,-67.02411711999102
21032990000.0,-65.90393681271902
21037988333.3,-66.22304194994547
21042986666.7,-66.04381358279971
21047985000.0,-66.61937296908333
21052983333.3,-66.66332399651141
21057981666.7,-66.22595866352194
21062980000.0,-66.53543897644315
21067978333.3,-65.12161263134836
21072976666.7,-66.19144578392124
21077975000.0,-67.2120359779336
21082973333.3,-65.98959455064569
21087971666.7,-66.19819415911344
21092970000.0,-65.53921614756321
21097968333.3,-65.0637033731406
21102966666.7,-65.74252804030911
21107965000.0,-65.83668904170835
21112963333.3,-66.40386899774995
21117961666.7,-65.8310009628213
21122960000.0,-65.70042876607015
21127958333.3,-64.66284146971205
21132956666.7,-66.20828327056864
21137955000.0,-65.6407428431878
21142953333.3,-66.23553608005554
21147951666.7,-67.21332802236238
21152950000.0,-66.39914026544675
21157948333.3,-66.20702936984594
21162946666.7,-66.75271910252346
21167945000.0,-67.42297722511562
21172943333.3,-68.07109950316365
21177941666.7,-66.79624443661697
21182940000.0,-66.80257589701102
21187938333.3,-66.82605356317602
21192936666.7,-67.67946041599312
21197935000.0,-66.86103324785284
21202933333.3,-66.90498473252539
21207931666.7,-66.9919153165993
21212930000.0,-67.16269956994816
21217928333.3,-66.48126761857365
21222926666.7,-67.42510453437338
21227925000.0,-66.65152245918432
21232923333.3,-67.2731783415287
21237921666.7,-67.88020594953738
21242920000.0,-66.7762212423993
21247918333.3,-68.23592237977194
21252916666.7,-67.65017102007816
21257915000.0,-67.51979936489118
21262913333.3,-67.41070127991219
21267911666.7,-67.99073822060818
21272910000.0,-67.44842510358671
21277908333.3,-66.50568296766805
21282906666.7,-66.05198918325641
21287905000.0,-65.93477342281747
21292903333.3,-65.40613408505651
21297901666.7,-65.11170265197129
21302900000.0,-64.93432866132727
21307898333.3,-65.1894686176921
21312896666.7,-66.36971844378981
21317895000.0,-66.00700768751199
21322893333.3,-65.59163968786083
21327891666.7,-65.33384603485896
21332890000.0,-66.33449341577293
21337888333.3,-66.7616982985664
21342886666.7,-64.96430096816519
21347885000.0,-65.04883007951624
21352883333.3,-66.17088114401872
21357881666.7,-66.64029730796167
21362880000.0,-65.70664067624612
21367878333.3,-65.46354100636205
21372876666.7,-64.87317256389997
21377875000.0,-65.96160616561552
21382873333.3,-65.41474915666208
21387871666.7,-64.81688284900193
21392870000.0,-65.78763337892737
21397868333.3,-66.0016827218282
21402866666.7,-65.39367573024802
21407865000.0,-64.95024723857863
21412863333.3,-65.47996892643697
21417861666.7,-66.08078970031502
21422860000.0,-65.46912946496522
21427858333.3,-65.96095165520966
21432856666.7,-65.40283977160432
21437855000.0,-64.82913085616302
21442853333.3,-66.000636609285
21447851666.7,-66.32247765205624
21452850000.0,-66.28003909139755
21457848333.3,-65.09034052690346
21462846666.7,-65.13640813204378
21467845000.0,-65.77206593944265
21472843333.3,-66.44268190741501
21477841666.7,-66.23172839071172
21482840000.0,-66.12679926756053
21487838333.3,-66.18994648467377
21492836666.7,-65.72202805074159
21497835000.0,-66.0110748437241
21502833333.3,-66.15338105888526
21507831666.7,-65.98333620211542
21512830000.0,-65.56296167445494
21517828333.3,-65.47972606560094
21522826666.7,-66.98766457291178
21527825000.0,-65.10322075250959
21532823333.3,-67.7871254229718
21537821666.7,-65.81786675901674
21542820000.0,-65.73817629158208
21547818333.3,-65.78845262996586
21552816666.7,-65.89781102737221
21557815000.0,-66.12522711811125
21562813333.3,-66.1623653654412
21567811666.7,-65.61627651550982
21572810000.0,-65.54506030253555
21577808333.3,-64.93696148322223
21582806666.7,-65.43713638403506
21587805000.0,-65.27626224770204
21592803333.3,-65.23045761298808
21597801666.7,-65.37535831007132
21602800000.0,-65.46438391704916
21607798333.3,-65.94632689466296
21612796666.7,-66.54779749607238
21617795000.0,-65.83264320506501
21622793333.3,-66.21629705792492
21627791666.7,-65.48049537869596
21632790000.0,-66.78097734988377
21637788333.3,-65.56154634962336
21642786666.7,-65.41605925451988
21647785000.0,-66.69723521547118
21652783333.3,-65.28930613617484
21657781666.7,-65.77261884637777
21662780000.0,-66.45434815524025
21667778333.3,-66.36652719401287
21672776666.7,-67.35877341291432
21677775000.0,-66.72433346048416
21682773333.3,-66.22067021891527
21687771666.7,-66.53407503740758
21692770000.0,-66.61912815700188
21697768333.3,-67.33579803806579
21702766666.7,-66.8839079208814
21707765000.0,-67.71766666227545
21712763333.3,-66.25956312598788
21717761666.7,-65.33089323997618
21722760000.0,-65.0136509412433
21727758333.3,-66.6333496567742
21732756666.7,-65.78467746475786
21737755000.0,-66.19021813850735
21742753333.3,-66.10213003829068
21747751666.7,-65.60392570779443
21752750000.0,-64.54247756977881
21757748333.3,-65.22310578046546
21762746666.7,-66.02958023909714
21767745000.0,-65.77583218909626
21772743333.3,-65.89383048875112
21777741666.7,-64.7786852170356
21782740000.0,-66.85316875680573
21787738333.3,-66.30328334945163
21792736666.7,-66.21814376871752
21797735000.0,-64.98765904297065
21802733333.3,-67.42863256477845
21807731666.7,-64.95645450435352
21812730000.0,-66.94715388725858
21817728333.3,-65.36407099308563
21822726666.7,-65.86902324391019
21827725000.0,-65.50026083478019
21832723333.3,-65.98941055364986
21837721666.7,-65.87778501313507
21842720000.0,-66.42938495509462
21847718333.3,-65.08795806796309
21852716666.7,-65.82123007398292
21857715000.0,-66.82029785836383
21862713333.3,-67.03516077615764
21867711666.7,-66.59867748739819
21872710000.0,-66.49880711538573
21877708333.3,-66.5322856519769
21882706666.7,-65.88545705706538
21887705000.0,-65.94565490268592
21892703333.3,-67.82292427952453
21897701666.7,-66.2111139477299
21902700000.0,-67.27219750546364
21907698333.3,-66.42551914645354
21912696666.7,-66.38775468302273
21917695000.0,-66.13515669427275
21922693333.3,-67.3472305715362
21927691666.7,-65.74787397715623
21932690000.0,-65.41891233472066
21937688333.3,-66.08807957952348
21942686666.7,-66.81892306887585
21947685000.0,-67.40158764431747
21952683333.3,-67.37687294760106
21957681666.7,-66.40907492182967
21962680000.0,-68.05430024663434
21967678333.3,-66.65482204769025
21972676666.7,-66.23495049970674
21977675000.0,-66.89108608163521
21982673333.3,-67.92064935943128
21987671666.7,-66.27689043641718
21992670000.0,-66.70663072917877
21997668333.3,-66.68838483115283
22002666666.7,-65.40660515762472
22007665000.0,-65.99769044550008
22012663333.3,-65.98034761083022
22017661666.7,-66.83453113307115
22022660000.0,-65.03889092030937
22027658333.3,-66.85967655518417
22032656666.7,-66.36698766007481
22037655000.0,-65.26670011775072
22042653333.3,-67.85926841533907
22047651666.7,-67.33370551633989
22052650000.0,-66.18146045759892
22057648333.3,-65.72536489387949
22062646666.7,-65.40188548671087
22067645000.0,-66.89138875777651
22072643333.3,-66.53121684234891
22077641666.7,-66.6313176650885
22082640000.0,-66.07578148762752
22087638333.3,-67.44144576053017
22092636666.7,-67.4110672193528
22097635000.0,-67.49460473387052
22102633333.3,-67.08535554432827
22107631666.7,-67.54265160994392
22112630000.0,-67.29038950864455
22117628333.3,-66.62190607193888
22122626666.7,-67.17612693337827
22127625000.0,-67.31162719080346
22132623333.3,-66.86887398219396
22137621666.7,-66.93598697987446
22142620000.0,-66.9191863260377
22147618333.3,-67.20639538273575
22152616666.7,-66.23545022671952
22157615000.0,-68.06672185485787
22162613333.3,-66.72926165131669
22167611666.7,-66.85024585351053
22172610000.0,-67.25374636342919
22177608333.3,-65.61766445751955
22182606666.7,-67.09613180175235
22187605000.0,-66.98136690992118
22192603333.3,-66.96529141504583
22197601666.7,-65.38698727013364
22202600000.0,-67.44157626411015
22207598333.3,-66.97859579260597
22212596666.7,-66.51535640734056
22217595000.0,-66.263144537818
22222593333.3,-65.73966990317957
22227591666.7,-66.08138043867423
22232590000.0,-66.09215100081082
22237588333.3,-65.84464083738416
22242586666.7,-65.97147856029578
22247585000.0,-66.51438574487796
22252583333.3,-65.81410873387917
22257581666.7,-66.91917089451064
22262580000.0,-67.47967526778956
22267578333.3,-66.42109279270491
22272576666.7,-66.25356167252671
22277575000.0,-64.86021850168486
22282573333.3,-65.39735283058057
22287571666.7,-66.24027575743747
22292570000.0,-66.34473463915074
22297568333.3,-65.70847573304489
22302566666.7,-66.27010311893872
22307565000.0,-67.20605763883682
22312563333.3,-66.95813268534556
22317561666.7,-65.65472993237881
22322560000.0,-67.5085617000872
22327558333.3,-66.86302307028095
22332556666.7,-65.37154330713622
22337555000.0,-65.74961567175968
22342553333.3,-67.5990095148816
22347551666.7,-67.21047200383423
22352550000.0,-65.35001981283345
22357548333.3,-67.19045464588335
22362546666.7,-67.30982216847288
22367545000.0,-66.16108475264926
22372543333.3,-67.31282582684092
22377541666.7,-67.15069285450701
22382540000.0,-65.61500022435938
22387538333.3,-67.28905779717927
22392536666.7,-66.93318548824018
22397535000.0,-65.68480306215041
22402533333.3,-67.36391220973091
22407531666.7,-66.38182807654165
22412530000.0,-65.30530806279695
22417528333.3,-67.07364443121621
22422526666.7,-66.39797813762831
22427525000.0,-66.75282016607372
22432523333.3,-65.69054906359695
22437521666.7,-66.03325763639621
22442520000.0,-65.16025690660307
22447518333.3,-66.13642123629941
22452516666.7,-66.15021691549595
22457515000.0,-66.1340278815168
22462513333.3,-65.35025267844227
22467511666.7,-65.96084031238529
22472510000.0,-66.6517215436758
22477508333.3,-66.44346084788873
22482506666.7,-66.56196917979143
22487505000.0,-65.73644621993745
22492503333.3,-66.04013236144621
22497501666.7,-66.00559621629625
22502500000.0,-65.8881188086266
22507498333.3,-66.63696395702381
22512496666.7,-66.0510634734443
22517495000.0,-66.15881935842607
22522493333.3,-65.41953176341922
22527491666.7,-65.4659773980896
22532490000.0,-66.1457779073177
22537488333.3,-66.46394182553482
22542486666.7,-65.61580656831013
22547485000.0,-68.06924285640271
22552483333.3,-67.48381741716136
22557481666.7,-65.88933391127156
22562480000.0,-65.73198813485152
22567478333.3,-68.0660612974749
22572476666.7,-67.02515811821615
22577475000.0,-67.45645787203304
22582473333.3,-68.09335858165178
22587471666.7,-67.60805847222971
22592470000.0,-67.58841019448538
22597468333.3,-67.1585308617797
22602466666.7,-67.86868670700228
22607465000.0,-67.72689356286304
22612463333.3,-68.24494109916006
22617461666.7,-67.88002839426548
22622460000.0,-68.47355863471493
22627458333.3,-66.89260817590112
22632456666.7,-67.51213926213498
22637455000.0,-68.44124953556054
22642453333.3,-67.44985643054635
22647451666.7,-68.82628131315678
22652450000.0,-68.28150800295174
22657448333.3,-68.15798838466988
22662446666.7,-67.44386445115151
22667445000.0,-68.5935169329475
22672443333.3,-67.39921506212289
22677441666.7,-67.66605589880888
22682440000.0,-68.128900064288
22687438333.3,-68.47390755924437
22692436666.7,-66.96017848742444
22697435000.0,-67.47730485499778
22702433333.3,-66.99254070637018
22707431666.7,-66.54207724485867
22712430000.0,-66.9701059990617
22717428333.3,-68.15409688284736
22722426666.7,-66.4337146806581
22727425000.0,-69.07807298865885
22732423333.3,-67.58235160047323
22737421666.7,-67.25522640945557
22742420000.0,-67.90769460226224
22747418333.3,-67.1796466083752
22752416666.7,-67.66165785387707
22757415000.0,-66.619613950195
22762413333.3,-67.01179961814884
22767411666.7,-68.07495677364142
22772410000.0,-67.30670693914591
22777408333.3,-67.48010054159592
22782406666.7,-67.69236836544945
22787405000.0,-68.33223425421866
22792403333.3,-65.91659119358886
22797401666.7,-67.55182002011765
22802400000.0,-67.20219367264072
22807398333.3,-68.094989842431
22812396666.7,-67.52758096732879
22817395000.0,-68.45512885695426
22822393333.3,-67.98243202909391
22827391666.7,-68.39597512056048
22832390000.0,-68.66386375143176
22837388333.3,-67.60246304896131
22842386666.7,-68.39063034914852
22847385000.0,-69.24352348799701
22852383333.3,-67.56970565111143
22857381666.7,-68.09966629939366
22862380000.0,-69.71901809358174
22867378333.3,-68.56300417431927
22872376666.7,-68.06237107592597
22877375000.0,-67.5476102298383
22882373333.3,-68.81868025060311
22887371666.7,-69.23753107380465
22892370000.0,-68.9531753482899
22897368333.3,-68.15233359570333
22902366666.7,-68.34821631893219
22907365000.0,-69.17328208134722
22912363333.3,-67.91368192403895
22917361666.7,-68.54072452662946
22922360000.0,-69.09828662007105
22927358333.3,-68.5146178210401
22932356666.7,-69.17873357757804
22937355000.0,-67.58538123333292
22942353333.3,-69.67985745498436
22947351666.7,-66.99453639431201
22952350000.0,-68.28629494541605
22957348333.3,-68.11797238226943
22962346666.7,-67.99413367739162
22967345000.0,-68.03024144204846
22972343333.3,-67.84512266876808
22977341666.7,-68.58344460177149
22982340000.0,-68.41707984943613
22987338333.3,-67.7102661657601
22992336666.7,-68.62100194074162
22997335000.0,-68.76104507519094
23002333333.3,-68.15806609268367
23007331666.7,-69.52035785137257
23012330000.0,-67.79610878940916
23017328333.3,-67.85422570080766
23022326666.7,-68.11521470519187
23027325000.0,-67.8342403086172
23032323333.3,-68.45945838349746
23037321666.7,-66.68197878280972
23042320000.0,-68.58218846292377
23047318333.3,-67.61300571657864
23052316666.7,-68.1873281768212
23057315000.0,-70.2391304510052
23062313333.3,-68.61561773680373
23067311666.7,-69.29592543841325
23072310000.0,-68.41885276246535
23077308333.3,-68.17951491945752
23082306666.7,-69.29037129751387
23087305000.0,-67.83316085262217
23092303333.3,-67.161678427753
23097301666.7,-69.3488331312694
23102300000.0,-68.86902943550909
23107298333.3,-69.37111473828222
23112296666.7,-68.95025387223184
23117295000.0,-68.20800749003408
23122293333.3,-68.66863221515612
23127291666.7,-71.39813626978943
23132290000.0,-68.77199354646676
23137288333.3,-69.39201074668046
23142286666.7,-69.55301373438515
23147285000.0,-68.69967575121258
23152283333.3,-68.6549700121851
23157281666.7,-68.71993889154308
23162280000.0,-68.51166478993947
23167278333.3,-67.72198692292024
23172276666.7,-67.61958752815065
23177275000.0,-68.77964233540436
23182273333.3,-68.01197624175902
23187271666.7,-68.00964549103414
23192270000.0,-69.77869214129367
23197268333.3,-69.42165315190967
23202266666.7,-69.75001274695006
23207265000.0,-68.02992221380896
23212263333.3,-67.84927969032287
23217261666.7,-69.35544595455312
23222260000.0,-68.82738443930309
23227258333.3,-68.51290577333484
23232256666.7,-67.62694513044642
23237255000.0,-68.28743579296525
23242253333.3,-68.68456397788148
23247251666.7,-67.28189071457096
23252250000.0,-68.42251724935599
23257248333.3,-67.92516980027318
23262246666.7,-69.41395329397719
23267245000.0,-68.24944056596422
23272243333.3,-68.25329628848732
23277241666.7,-69.5077321649227
23282240000.0,-67.4482182839927
23287238333.3,-69.77690054287007
23292236666.7,-70.27129847804771
23297235000.0,-69.08518908092711
23302233333.3,-68.98129620724602
23307231666.7,-70.23814073821575
23312230000.0,-69.17164041283976
23317228333.3,-69.14224490586918
23322226666.7,-70.40910195866127
23327225000.0,-69.55046243527137
23332223333.3,-68.94183790521551
23337221666.7,-67.7747506300409
23342220000.0,-67.83116630943441
23347218333.3,-68.4462885504954
23352216666.7,-68.8390012138929
23357215000.0,-67.99491525717129
23362213333.3,-69.69119086654476
23367211666.7,-68.45662958481603
23372210000.0,-68.46605098110588
23377208333.3,-67.90195271227365
23382206666.7,-68.17638494537564
23387205000.0,-70.06373962162516
23392203333.3,-69.79950938778458
23397201666.7,-67.90092291982603
23402200000.0,-69.21748149081563
23407198333.3,-69.3668797790879
23412196666.7,-69.3845327109649
23417195000.0,-67.20660401559043
23422193333.3,-67.00959108396334
23427191666.7,-69.66638294105908
23432190000.0,-67.84741106845522
23437188333.3,-67.74040546397016
23442186666.7,-68.26440042759475
23447185000.0,-67.65144476285899
23452183333.3,-68.53468002334189
23457181666.7,-67.98105883773914
23462180000.0,-67.43890082115885
23467178333.3,-69.58164770303335
23472176666.7,-68.33439280122488
23477175000.0,-68.16208480310192
23482173333.3,-68.27950607598183
23487171666.7,-68.73806254223831
23492170000.0,-67.67299141460326
23497168333.3,-69.40391117377546
23502166666.7,-70.05903484074429
23507165000.0,-67.53382465394303
23512163333.3,-70.0569086470386
23517161666.7,-69.93644867565257
23522160000.0,-68.52239611795892
23527158333.3,-68.5735572954792
23532156666.7,-68.02743760013071
23537155000.0,-70.33811262615055
23542153333.3,-70.61958474311406
23547151666.7,-68.75076121100066
23552150000.0,-71.19011799055696
23557148333.3,-70.21837784575906
23562146666.7,-70.04032965935019
23567145000.0,-68.92626744878226
23572143333.3,-69.77879743826493
23577141666.7,-69.96247930450299
23582140000.0,-68.26672513863286
23587138333.3,-68.80523400916462
23592136666.7,-70.44224398700737
23597135000.0,-67.435268088357
23602133333.3,-68.73693621022065
23607131666.7,-67.66463064335011
23612130000.0,-69.07791025625274
23617128333.3,-70.22962786721297
23622126666.7,-67.94184801660677
23627125000.0,-68.89489653283931
23632123333.3,-68.88271164085373
23637121666.7,-69.59175571133527
23642120000.0,-66.38752892736073
23647118333.3,-68.65212760369742
23652116666.7,-68.10501501149824
23657115000.0,-68.91352826430547
23662113333.3,-67.5975662049529
23667111666.7,-68.05538725756021
23672110000.0,-68.3020254174903
23677108333.3,-67.79753809568129
23682106666.7,-68.70806241730014
23687105000.0,-67.4790524158071
23692103333.3,-67.57070796635385
23697101666.7,-68.40615793396427
23702100000.0,-68.23167078715916
23707098333.3,-69.54502563613431
23712096666.7,-68.51206129701887
23717095000.0,-69.09709267450256
23722093333.3,-69.41970037051905
23727091666.7,-68.62932256334946
23732090000.0,-68.15880588168663
23737088333.3,-70.43879545704775
23742086666.7,-68.63210393409982
23747085000.0,-68.91490609019789
23752083333.3,-68.43914928252818
23757081666.7,-69.14127852881457
23762080000.0,-68.7694588115156
23767078333.3,-69.45030040707569
23772076666.7,-68.70560253338797
23777075000.0,-67.90227048373612
23782073333.3,-68.45434162042137
23787071666.7,-67.83285595993729
23792070000.0,-68.84307876916957
23797068333.3,-69.01220035852863
23802066666.7,-67.87051880443022
23807065000.0,-69.1208065352214
23812063333.3,-69.35945819982321
23817061666.7,-68.27707901940339
23822060000.0,-69.62188411603202
23827058333.3,-68.29031047779748
23832056666.7,-67.81554923655492
23837055000.0,-68.40847876881297
23842053333.3,-67.8985433229088
23847051666.7,-67.73899969092456
23852050000.0,-69.16953761400441
23857048333.3,-68.40381910520455
23862046666.7,-67.52360907316981
23867045000.0,-68.88975305798559
23872043333.3,-68.44660804447112
23877041666.7,-67.81034986635406
23882040000.0,-68.55731429054022
23887038333.3,-67.2808232329937
23892036666.7,-68.19344695243467
23897035000.0,-68.00922366060573
23902033333.3,-67.70618537869743
23907031666.7,-66.49413213262211
23912030000.0,-66.37153141155734
23917028333.3,-69.03393129341792
23922026666.7,-68.65189403292264
23927025000.0,-68.07278170606656
23932023333.3,-67.97382696273448
23937021666.7,-67.19068351840025
23942020000.0,-67.25529690016552
23947018333.3,-67.9453175041572
23952016666.7,-67.85085878520496
23957015000.0,-67.19134630157491
23962013333.3,-68.65287890542366
23967011666.7,-69.33432228350475
23972010000.0,-68.79157391376067
23977008333.3,-70.86129883895043
23982006666.7,-68.9434361872307
23987005000.0,-68.2374054487023
23992003333.3,-69.50642420782741
23997001666.7,-68.75362358932253
24002000000.0,-74.89015558857405
24006998333.3,-66.75510508042409
24011996666.7,-73.99562031647959
24016995000.0,-68.6558831520159
24021993333.3,-66.92832067152821
24026991666.7,-67.22377470414075
24031990000.0,-68.18643892455994
24036988333.3,-68.52597720701598
24041986666.7,-70.94066668944052
24046985000.0,-68.72421662426224
24051983333.3,-68.82872410965118
24056981666.7,-68.03358864038861
24061980000.0,-68.62275409810944
24066978333.3,-65.73318717200188
24071976666.7,-65.5354293706481
24076975000.0,-66.75081733532491
24081973333.3,-66.09715950787012
24086971666.7,-67.99650441994082
24091970000.0,-72.42938615221104
24096968333.3,-66.28051458412259
24101966666.7,-69.0747665075091
24106965000.0,-66.60740669334183
24111963333.3,-64.47489111730201
24116961666.7,-67.82548574164741
24121960000.0,-66.08382091684828
24126958333.3,-70.02202407424218
24131956666.7,-64.85845191590931
24136955000.0,-67.66906758493946
24141953333.3,-73.28452036181078
24146951666.7,-66.71538727243107
24151950000.0,-68.60675121982025
24156948333.3,-66.21768113854702
24161946666.7,-68.61335548832527
24166945000.0,-67.57806425758619
24171943333.3,-65.87701178861768
24176941666.7,-71.83198725388715
24181940000.0,-65.46302100287468
24186938333.3,-69.6961844553625
24191936666.7,-75.0556369363802
24196935000.0,-66.15510175692636
24201933333.3,-68.3692550830289
24206931666.7,-70.10112600274523
24211930000.0,-62.91108262715865
24216928333.3,-66.99324343654814
24221926666.7,-75.55474900895445
24226925000.0,-69.92095764288656
24231923333.3,-70.61224798896302
24236921666.7,-65.88404663827471
24241920000.0,-69.69218279315547
24246918333.3,-70.1088731419642
24251916666.7,-67.46003600924185
24256915000.0,-69.25067871233752
24261913333.3,-70.73638715886432
24266911666.7,-70.83679677786681
24271910000.0,-68.9530719058676
24276908333.3,-72.10300501516917
24281906666.7,-68.41848168096215
24286905000.0,-67.00746780979281
24291903333.3,-67.28226665946457
24296901666.7,-69.01349436630177
24301900000.0,-67.8706988241461
24306898333.3,-70.41037487162177
24311896666.7,-68.4389515202094
24316895000.0,-74.35936521881722
24321893333.3,-67.23310937423831
24326891666.7,-66.84645885503033
24331890000.0,-71.84767090680509
24336888333.3,-70.64614736028511
24341886666.7,-70.49351517797919
24346885000.0,-70.6554667121452
24351883333.3,-69.29848045802585
24356881666.7,-66.80798226404809
24361880000.0,-75.47954024087859
24366878333.3,-67.34796149067212
24371876666.7,-64.42783464094742
24376875000.0,-62.89866287159497
24381873333.3,-63.99707556084785
24386871666.7,-63.851753318946976
24391870000.0,-71.18190217069423
24396868333.3,-66.49659638893206
24401866666.7,-69.33852149392696
24406865000.0,-70.42465834902157
24411863333.3,-66.79358632694448
24416861666.7,-67.49316546349246
24421860000.0,-69.5143195171532
24426858333.3,-68.94643989985323
24431856666.7,-69.75795812944921
24436855000.0,-68.15852911610678
24441853333.3,-65.41112497470135
24446851666.7,-66.44515543841484
24451850000.0,-68.54638801552737
24456848333.3,-68.01933549278628
24461846666.7,-67.88450405655942
24466845000.0,-67.90852746001414
24471843333.3,-76.65044564198708
24476841666.7,-68.10666317605654
24481840000.0,-74.18025727108996
24486838333.3,-71.1446304729804
24491836666.7,-67.34767393310564
24496835000.0,-69.8518780541879
24501833333.3,-66.77521827694618
24506831666.7,-72.36123247228774
24511830000.0,-67.94253041812512
24516828333.3,-69.4169766435323
24521826666.7,-70.6092697475431
24526825000.0,-68.22871749535592
24531823333.3,-80.57578542076251
24536821666.7,-70.56312751483506
24541820000.0,-71.73430244321695
24546818333.3,-67.7253153966181
24551816666.7,-68.07922186016773
24556815000.0,-66.16481206521625
24561813333.3,-68.1527256451483
24566811666.7,-67.56368183989824
24571810000.0,-67.77285586673385
24576808333.3,-66.79979713458904
24581806666.7,-73.60940086139694
24586805000.0,-68.96168881261278
24591803333.3,-69.80429321655966
24596801666.7,-68.34067698411575
24601800000.0,-71.17142831962164
24606798333.3,-67.61561431160075
24611796666.7,-73.23265348716181
24616795000.0,-67.1622578644576
24621793333.3,-71.70831902410873
24626791666.7,-67.22276082855029
24631790000.0,-66.91235051968783
24636788333.3,-74.49546254935169
24641786666.7,-67.73247305976115
24646785000.0,-67.31919627042127
24651783333.3,-71.0405879543144
24656781666.7,-70.39074253087568
24661780000.0,-66.88741017283203
24666778333.3,-69.11814536780834
24671776666.7,-69.92302200487137
24676775000.0,-68.85342485170828
24681773333.3,-70.82103371198615
24686771666.7,-69.05726667695525
24691770000.0,-68.89316731736022
24696768333.3,-69.08916009490623
24701766666.7,-67.72221440562129
24706765000.0,-66.00061517799828
24711763333.3,-63.89608024693167
24716761666.7,-67.52691925154407
24721760000.0,-72.37500622479034
24726758333.3,-66.92485409762226
24731756666.7,-67.42135265891721
24736755000.0,-71.98901352906242
24741753333.3,-68.35028111199821
24746751666.7,-68.64982130453663
24751750000.0,-69.61782400996938
24756748333.3,-72.47283520670615
24761746666.7,-73.22634872041424
24766745000.0,-74.02433320872059
24771743333.3,-66.17467054429088
24776741666.7,-65.75718018086329
24781740000.0,-68.18301181992447
24786738333.3,-68.20290006118083
24791736666.7,-66.3561479166639
24796735000.0,-75.28575728576615
24801733333.3,-68.07486804301391
24806731666.7,-70.06521531213377
24811730000.0,-68.23774809676627
24816728333.3,-67.60312643737038
24821726666.7,-65.86909085095317
24826725000.0,-69.8321298616196
24831723333.3,-70.3315516784236
24836721666.7,-71.7963809544853
24841720000.0,-67.62657292669344
24846718333.3,-66.63759476598744
24851716666.7,-67.82050914036763
24856715000.0,-65.88714945639359
24861713333.3,-64.70384990814966
24866711666.7,-68.98760292161553
24871710000.0,-67.13102911785843
24876708333.3,-68.43198043684352
24881706666.7,-68.58075768429673
24886705000.0,-69.8246814499189
24891703333.3,-71.23109385489435
24896701666.7,-66.3616680312592
24901700000.0,-64.01024440730184
24906698333.3,-68.0442457287412
24911696666.7,-65.73171926444627
24916695000.0,-68.15089022311977
24921693333.3,-69.73389005214467
24926691666.7,-74.40948149184398
24931690000.0,-70.13854233058575
24936688333.3,-67.27088841442841
24941686666.7,-68.14600858733718
24946685000.0,-66.2906874644778
24951683333.3,-72.18902169322439
24956681666.7,-69.90426659572577
24961680000.0,-70.64267728981721
24966678333.3,-70.05593529746496
24971676666.7,-66.68820849564828
24976675000.0,-71.70362862071579
24981673333.3,-73.57791721789926
24986671666.7,-67.89920264472002
24991670000.0,-67.52275938430324
24996668333.3,-72.68102384862212
25001666666.7,-70.81821269929678
25006665000.0,-70.45707422543828
25011663333.3,-70.42721332767513
25016661666.7,-67.58180414357463
25021660000.0,-72.19359629879746
25026658333.3,-72.20414013061438
25031656666.7,-74.32339247475268
25036655000.0,-68.90716737037054
25041653333.3,-70.55326737024126
25046651666.7,-69.38418726542746
25051650000.0,-68.46457263182404
25056648333.3,-66.3272411337696
25061646666.7,-67.57780780864275
25066645000.0,-73.63244345723545
25071643333.3,-71.60952416695072
25076641666.7,-73.85027240948008
25081640000.0,-67.85566881176992
25086638333.3,-70.19001349324871
25091636666.7,-74.85272623439175
25096635000.0,-73.16265314805663
25101633333.3,-69.83050070828244
25106631666.7,-69.08818949182654
25111630000.0,-71.65391157797654
25116628333.3,-66.12501509621892
25121626666.7,-71.45965184424117
25126625000.0,-70.5275970576586
25131623333.3,-73.74220349157537
25136621666.7,-67.7999806942435
25141620000.0,-77.35041744861213
25146618333.3,-68.0767237682535
25151616666.7,-67.76496044217059
25156615000.0,-69.38946951469273
25161613333.3,-70.10163818840348
25166611666.7,-72.23305595695989
25171610000.0,-68.7655684810319
25176608333.3,-71.78004716807293
25181606666.7,-71.13542796034488
25186605000.0,-72.83834270439365
25191603333.3,-72.65920808421103
25196601666.7,-69.13634389633403
25201600000.0,-68.28762794649973
25206598333.3,-69.74825856361201
25211596666.7,-70.8293958214531
25216595000.0,-71.24793304741503
25221593333.3,-75.77407648150016
25226591666.7,-77.71588329194594
25231590000.0,-71.85030506175436
25236588333.3,-71.78447921537187
25241586666.7,-79.01358540864607
25246585000.0,-69.75043099025866
25251583333.3,-69.45951732025544
25256581666.7,-70.65072783018334
25261580000.0,-68.27083658209528
25266578333.3,-71.83629957482344
25271576666.7,-70.8539132870975
25276575000.0,-76.94635231678261
25281573333.3,-67.55926822755826
25286571666.7,-79.12518739704946
25291570000.0,-79.88280376442397
25296568333.3,-71.46540120474687
25301566666.7,-72.88581708991009
25306565000.0,-72.68269313520031
25311563333.3,-69.39546299926413
25316561666.7,-78.73798156666044
25321560000.0,-68.79288288368618
25326558333.3,-70.60669322690622
25331556666.7,-71.05093871675636
25336555000.0,-73.00914848208777
25341553333.3,-74.60957756238386
25346551666.7,-68.82360729732484
25351550000.0,-71.0770973392748
25356548333.3,-74.70908527066412
25361546666.7,-72.30572923769464
25366545000.0,-72.04149668210616
25371543333.3,-67.50578943671078
25376541666.7,-69.07150935680386
25381540000.0,-71.63280498979869
25386538333.3,-67.90483181234144
25391536666.7,-71.9067057403946
25396535000.0,-82.37342805063508
25401533333.3,-66.15963999451682
25406531666.7,-70.62697975279866
25411530000.0,-83.15214524424407
25416528333.3,-67.94058739405132
25421526666.7,-67.9336446771501
25426525000.0,-69.5635269592559
25431523333.3,-67.45967616177883
25436521666.7,-73.72342247700553
25441520000.0,-74.35855215238905
25446518333.3,-72.04541173971474
25451516666.7,-75.23024224550623
25456515000.0,-71.49992361534353
25461513333.3,-73.82401719857963
25466511666.7,-71.75347005608005
25471510000.0,-73.16962768124401
25476508333.3,-73.0913557882389
25481506666.7,-69.79796269714807
25486505000.0,-68.69160081837012
25491503333.3,-67.31866364401657
25496501666.7,-69.51108551403277
25501500000.0,-67.26068897748257
25506498333.3,-72.50114465398211
25511496666.7,-66.21564049845232
25516495000.0,-67.76498418230968
25521493333.3,-69.41972591138124
25526491666.7,-69.34578134154846
25531490000.0,-67.59951231655775
25536488333.3,-66.91429759845654
25541486666.7,-73.41967305853736
25546485000.0,-72.34969179136654
25551483333.3,-74.00122122059986
25556481666.7,-69.83662261858575
25561480000.0,-70.39312137002435
25566478333.3,-67.71682715256561
25571476666.7,-73.24050821697789
25576475000.0,-65.82938428561633
25581473333.3,-68.26346528167734
25586471666.7,-66.78784704559354
25591470000.0,-68.97263498013828
25596468333.3,-67.99951850742144
25601466666.7,-68.78092439284282
25606465000.0,-68.81876600019203
25611463333.3,-70.66237784150856
25616461666.7,-73.91424646841992
25621460000.0,-73.857623214029
25626458333.3,-69.98467754352174
25631456666.7,-69.35815546149841
25636455000.0,-67.79064792305802
25641453333.3,-73.45473496358115
25646451666.7,-77.6881024219358
25651450000.0,-68.12694858545262
25656448333.3,-67.75862500695324
25661446666.7,-70.25887632039706
25666445000.0,-77.12682906321643
25671443333.3,-66.19249320435786
25676441666.7,-70.97966097555299
25681440000.0,-79.14881122292398
25686438333.3,-72.40175258292578
25691436666.7,-70.4040512073369
25696435000.0,-71.01272524341154
25701433333.3,-77.30265602666063
25706431666.7,-67.38623356468632
25711430000.0,-86.91962854030996
25716428333.3,-67.12734001675864
25721426666.7,-67.56215990470109
25726425000.0,-74.43072484742888
25731423333.3,-75.22235752282543
25736421666.7,-70.14014509367672
25741420000.0,-71.50705596420701
25746418333.3,-71.71884947308263
25751416666.7,-69.71293171581725
25756415000.0,-70.61362382809187
25761413333.3,-69.32365024400794
25766411666.7,-70.48096706007976
25771410000.0,-72.44559799027442
25776408333.3,-72.20639502516163
25781406666.7,-66.63181066832198
25786405000.0,-74.48263964246352
25791403333.3,-70.70841439133459
25796401666.7,-82.66561793503425
25801400000.0,-69.77520689925524
25806398333.3,-72.11838648953032
25811396666.7,-71.54289025224374
25816395000.0,-70.85954704041512
25821393333.3,-66.60509792264283
25826391666.7,-77.12989769976075
25831390000.0,-70.99001054352574
25836388333.3,-70.56319056973945
25841386666.7,-67.49270330164644
25846385000.0,-65.84836950752316
25851383333.3,-67.41113238174988
25856381666.7,-71.70704484161962
25861380000.0,-66.88708492906783
25866378333.3,-65.380215223118
25871376666.7,-67.53272035011646
25876375000.0,-69.1764526819772
25881373333.3,-65.75904921788593
25886371666.7,-74.80766378669995
25891370000.0,-73.56965590659655
25896368333.3,-74.85962158846596
25901366666.7,-75.00726115983143
25906365000.0,-70.16126267387239
25911363333.3,-71.48575811258796
25916361666.7,-72.62525079370724
25921360000.0,-70.96447756019894
25926358333.3,-70.2180469364309
25931356666.7,-69.04920489621483
25936355000.0,-72.29722281912873
25941353333.3,-72.1373579956292
25946351666.7,-71.54142887210432
25951350000.0,-66.98279819753834
25956348333.3,-70.73290034625339
25961346666.7,-65.81690648603517
25966345000.0,-74.13779835066143
25971343333.3,-69.4820680381394
25976341666.7,-67.1935208475763
25981340000.0,-72.56717542438491
25986338333.3,-68.23838998077709
25991336666.7,-69.4209954390808
25996335000.0,-69.26030827981512
26001333333.3,-69.31549039674013
26006331666.7,-69.69505762356269
26011330000.0,-76.30276578024862
26016328333.3,-67.64592502064622
26021326666.7,-71.0237507483715
26026325000.0,-83.0967149870686
26031323333.3,-69.1144049747456
26036321666.7,-75.37329223286864
26041320000.0,-72.05801830469477
26046318333.3,-73.25803779141621
26051316666.7,-81.047349211497
26056315000.0,-82.8491087552304
26061313333.3,-74.17895604198395
26066311666.7,-74.55548170476202
26071310000.0,-73.34331045147322
26076308333.3,-72.50146461909918
26081306666.7,-69.68747885366813
26086305000.0,-72.93207476535086
26091303333.3,-70.255537182466
26096301666.7,-70.79224830315495
26101300000.0,-67.18263963164272
26106298333.3,-72.7751323195469
26111296666.7,-67.44117625481441
26116295000.0,-71.60505174518838
26121293333.3,-79.29316606677051
26126291666.7,-70.98253233297419
26131290000.0,-78.67366797151288
26136288333.3,-71.20749805306153
26141286666.7,-74.19713252423352
26146285000.0,-75.13074895228795
26151283333.3,-74.99709194096152
26156281666.7,-79.67888471332122
26161280000.0,-72.20560082690706
26166278333.3,-71.00405747682638
26171276666.7,-74.01055579424929
26176275000.0,-65.75593744688183
26181273333.3,-68.50455442042735
26186271666.7,-73.74262508930553
26191270000.0,-71.79569405815987
26196268333.3,-75.0687050865006
26201266666.7,-70.47512237035077
26206265000.0,-68.61606227190822
26211263333.3,-71.49942224951519
26216261666.7,-70.38528206294288
26221260000.0,-70.87777551518555
26226258333.3,-68.10918924033233
26231256666.7,-75.64361724362398
26236255000.0,-70.55611467634002
26241253333.3,-73.64387160309835
26246251666.7,-72.0372695406651
26251250000.0,-76.5749884010059
26256248333.3,-72.42280355711648
26261246666.7,-72.56764739109072
26266245000.0,-68.75451931222591
26271243333.3,-72.65068152037779
26276241666.7,-70.5710726845483
26281240000.0,-81.86845452816287
26286238333.3,-67.5277727434073
26291236666.7,-74.76667787402336
26296235000.0,-71.31163358669114
26301233333.3,-74.17538885303338
26306231666.7,-73.25187169528773
26311230000.0,-73.07719825881897
26316228333.3,-74.28401739483057
26321226666.7,-70.09629432017428
26326225000.0,-68.36862818813489
26331223333.3,-68.02380045640685
26336221666.7,-75.8152107219877
26341220000.0,-74.67093062474778
26346218333.3,-71.75837209524546
26351216666.7,-71.59023195436515
26356215000.0,-73.6578760587901
26361213333.3,-72.36857769018837
26366211666.7,-73.97619746069516
26371210000.0,-69.93012474216987
26376208333.3,-72.265434379132
26381206666.7,-72.55521724450877
26386205000.0,-71.72688480872428
26391203333.3,-74.53347061524985
26396201666.7,-74.78879664882777
26401200000.0,-70.62325354919378
26406198333.3,-77.5675653793653
26411196666.7,-78.88743236072521
26416195000.0,-76.87263864277467
26421193333.3,-68.88117138144051
26426191666.7,-69.01627313184639
26431190000.0,-75.08165880804277
26436188333.3,-73.16316324936045
26441186666.7,-70.27310948733033
26446185000.0,-81.1222156586785
26451183333.3,-67.62325824430472
26456181666.7,-79.30403398344303
26461180000.0,-67.99057319233171
26466178333.3,-66.93780273501011
26471176666.7,-70.65864947163215
26476175000.0,-73.91506968614247
26481173333.3,-73.75413763471853
26486171666.7,-76.44966161275462
26491170000.0,-73.87377128879956
26496168333.3,-71.8363843629478
26501166666.7,-73.4140319549256
26506165000.0,-73.7150718956761
26511163333.3,-68.45722661524256
26516161666.7,-69.79091493691746
26521160000.0,-78.47286090960631
26526158333.3,-73.00284521168933
26531156666.7,-66.86108586474307
26536155000.0,-67.86614350126015
26541153333.3,-72.1296405107111
26546151666.7,-66.22862673672358
26551150000.0,-69.240844767211
26556148333.3,-72.29387428712695
26561146666.7,-72.14140728367076
26566145000.0,-74.97403622944529
26571143333.3,-69.51434472603701
26576141666.7,-77.59014871126806
26581140000.0,-72.48360895792277
26586138333.3,-74.9558858576288
26591136666.7,-72.59438853775077
26596135000.0,-68.3955687774981
26601133333.3,-77.86703032594255
26606131666.7,-73.33247268774586
26611130000.0,-81.27639740904056
26616128333.3,-68.37162064229544
26621126666.7,-77.04015711592697
26626125000.0,-71.69763187788871
26631123333.3,-70.83343482736
26636121666.7,-72.91371618403363
26641120000.0,-72.29334816023507
26646118333.3,-72.9087952007316
26651116666.7,-68.10880787520324
26656115000.0,-77.0933710656192
26661113333.3,-72.6939498481015
26666111666.7,-75.5746200403503
26671110000.0,-70.35365438983165
26676108333.3,-69.48524211073325
26681106666.7,-70.16112119826944
26686105000.0,-70.20136731805303
26691103333.3,-76.03085298891216
26696101666.7,-83.79364729058395
26701100000.0,-76.55462761535857
26706098333.3,-68.76702929549697
26711096666.7,-73.13456549445408
26716095000.0,-79.91821717407424
26721093333.3,-70.24550522739852
26726091666.7,-70.91243710287254
26731090000.0,-74.9843247806596
26736088333.3,-68.46431558324164
26741086666.7,-71.31596741082949
26746085000.0,-70.20568458759061
26751083333.3,-71.45968045330814
26756081666.7,-70.68958433536226
26761080000.0,-76.91335917376598
26766078333.3,-74.10666960413448
26771076666.7,-72.4014415429367
26776075000.0,-83.42073572288739
26781073333.3,-75.5463107287654
26786071666.7,-69.5902812974683
26791070000.0,-70.48513683825753
26796068333.3,-71.60421635107134
26801066666.7,-70.9115594014615
26806065000.0,-74.4896111725991
26811063333.3,-73.82804446980279
26816061666.7,-69.01461640813457
26821060000.0,-73.36488004515732
26826058333.3,-72.60222352994948
26831056666.7,-74.05963630792661
26836055000.0,-82.81715065656199
26841053333.3,-77.4677438557755
26846051666.7,-71.92128890303732
26851050000.0,-69.32205352119365
26856048333.3,-70.15119638677123
26861046666.7,-70.79484853209931
26866045000.0,-69.57677141427811
26871043333.3,-76.25992660729078
26876041666.7,-74.97501673389114
26881040000.0,-66.91525080639605
26886038333.3,-76.61433754010055
26891036666.7,-74.6177905922293
26896035000.0,-69.15587213252364
26901033333.3,-72.3781888416454
26906031666.7,-71.84466763213429
26911030000.0,-78.77416479382708
26916028333.3,-75.36957335483719
26921026666.7,-75.13819650524854
26926025000.0,-69.63839501905346
26931023333.3,-68.14722750271555
26936021666.7,-67.95125367235534
26941020000.0,-70.73298177000025
26946018333.3,-73.08551149640255
26951016666.7,-70.8907557614041
26956015000.0,-71.32141412117763
26961013333.3,-86.58635303742258
26966011666.7,-71.46232711811338
26971010000.0,-72.93272282167626
26976008333.3,-68.27269361454142
26981006666.7,-72.92522633634407
26986005000.0,-72.509119883508
26991003333.3,-70.36119515401435
26996001666.7,-70.38986701032663
27001000000.0,-69.34438631615113
27005998333.3,-70.4058743224922
27010996666.7,-72.79731356196717
27015995000.0,-76.97590474233758
27020993333.3,-71.06216162395327
27025991666.7,-71.63179044368397
27030990000.0,-65.21663902915022
27035988333.3,-77.68333242334154
27040986666.7,-73.86489203635398
27045985000.0,-74.89709173662989
27050983333.3,-73.70342084688099
27055981666.7,-75.11443186138578
27060980000.0,-77.60602023295331
27065978333.3,-74.52988453438364
27070976666.7,-72.93524844871781
27075975000.0,-73.38234432446447
27080973333.3,-74.36700875831335
27085971666.7,-75.37793031316875
27090970000.0,-75.395182415234
27095968333.3,-73.85412979005386
27100966666.7,-69.28783270530371
27105965000.0,-70.83675172316799
27110963333.3,-69.08186926035447
27115961666.7,-77.24069702762483
27120960000.0,-70.86748464818027
27125958333.3,-68.67777935112512
27130956666.7,-70.77726776596859
27135955000.0,-75.36290675741895
27140953333.3,-76.13183791241451
27145951666.7,-69.73684411359125
27150950000.0,-79.71709040535382
27155948333.3,-86.1718332641781
27160946666.7,-72.36957582997861
27165945000.0,-73.13800523546003
27170943333.3,-71.33488148955632
27175941666.7,-82.79596530434168
27180940000.0,-78.86229534453778
27185938333.3,-76.23517128242564
27190936666.7,-75.00725505620588
27195935000.0,-70.15168949086566
27200933333.3,-80.32361087965874
27205931666.7,-73.45382625442242
27210930000.0,-67.02661077724322
27215928333.3,-76.24026016063652
27220926666.7,-70.65818966507136
27225925000.0,-77.90886252386116
27230923333.3,-71.91340773749877
27235921666.7,-79.71223433442647
27240920000.0,-71.34732482170864
27245918333.3,-71.61549686146412
27250916666.7,-78.51906334734625
27255915000.0,-74.24686512686009
27260913333.3,-77.85537207946375
27265911666.7,-72.76629205333718
27270910000.0,-72.0048677063746
27275908333.3,-71.3302770818556
27280906666.7,-72.56686516401975
27285905000.0,-71.8005788829983
27290903333.3,-71.7200074305666
27295901666.7,-76.63572238286207
27300900000.0,-75.13364217687125
27305898333.3,-72.29211134097423
27310896666.7,-76.4120634632711
27315895000.0,-77.66808322765537
27320893333.3,-71.3086397977121
27325891666.7,-71.51587291486364
27330890000.0,-71.8616557672393
27335888333.3,-76.34132492079509
27340886666.7,-72.34596601732616
27345885000.0,-73.00872730165791
27350883333.3,-75.0918111070437
27355881666.7,-74.37673373173088
27360880000.0,-76.14846768460438
27365878333.3,-74.90846102615649
27370876666.7,-69.60512868982569
27375875000.0,-75.98147432806664
27380873333.3,-76.3060014831923
27385871666.7,-77.26443407948896
27390870000.0,-74.04770493580311
27395868333.3,-75.62010133382307
27400866666.7,-74.24927690938752
27405865000.0,-78.53850184170875
27410863333.3,-81.24424251900197
27415861666.7,-88.82957892671102
27420860000.0,-79.4337923263964
27425858333.3,-74.31797873805196
27430856666.7,-68.44060403198438
27435855000.0,-75.58172635151523
27440853333.3,-82.2798241488774
27445851666.7,-71.97631045048092
27450850000.0,-77.0319396217156
27455848333.3,-77.04001695512197
27460846666.7,-75.84067539812577
27465845000.0,-73.78800193343102
27470843333.3,-69.43891556487999
27475841666.7,-77.02685642691446
27480840000.0,-70.2785335177566
27485838333.3,-73.58494643754828
27490836666.7,-69.47622814057428
27495835000.0,-75.5070321775119
27500833333.3,-69.68152537241556
27505831666.7,-71.7159597653517
27510830000.0,-72.90786548438645
27515828333.3,-80.07511250658627
27520826666.7,-75.71728491130818
27525825000.0,-76.69863697036624
27530823333.3,-80.00858922699638
27535821666.7,-80.6035119487278
27540820000.0,-71.8795584504273
27545818333.3,-69.76442706904082
27550816666.7,-73.30901315260837
27555815000.0,-73.68016687242206
27560813333.3,-72.89986666598799
27565811666.7,-71.82997534226396
27570810000.0,-77.24432363437401
27575808333.3,-76.64067580676483
27580806666.7,-74.86601735781824
27585805000.0,-78.58102880650344
27590803333.3,-73.95086749536216
27595801666.7,-74.79181251326634
27600800000.0,-76.25305716833435
27605798333.3,-81.05194885109042
27610796666.7,-73.60393741913059
27615795000.0,-81.58848751544788
27620793333.3,-71.58900015779226
27625791666.7,-67.94124719332115
27630790000.0,-74.03703748662649
27635788333.3,-68.54048805121339
27640786666.7,-70.05753498839759
27645785000.0,-87.40847168639715
27650783333.3,-79.84133454285707
27655781666.7,-70.05149836728692
27660780000.0,-81.3080747397272
27665778333.3,-86.8318873729519
27670776666.7,-75.10467559138306
27675775000.0,-73.16491031136584
27680773333.3,-72.49649119589428
27685771666.7,-72.65369182897977
27690770000.0,-78.01382686902832
27695768333.3,-67.137098249714
27700766666.7,-78.2508894295768
27705765000.0,-81.82146441582445
27710763333.3,-74.31333443043128
27715761666.7,-75.62322839709238
27720760000.0,-74.87936021730944
27725758333.3,-72.0652284046624
27730756666.7,-79.14289765933702
27735755000.0,-72.0695729876451
27740753333.3,-71.01941641414003
27745751666.7,-72.53969638746372
27750750000.0,-74.4466102845041
27755748333.3,-71.2038673346767
27760746666.7,-67.61848649565222
27765745000.0,-76.95214279965111
27770743333.3,-73.75435922964074
27775741666.7,-74.38099019876586
27780740000.0,-71.58561390089926
27785738333.3,-76.18405683733923
27790736666.7,-79.75242346586613
27795735000.0,-80.72295956668128
27800733333.3,-68.88696064922246
27805731666.7,-75.32115882516389
27810730000.0,-75.20986245521136
27815728333.3,-78.22898820778705
27820726666.7,-73.19336544729168
27825725000.0,-74.43221827442359
27830723333.3,-77.41882395798375
27835721666.7,-77.16923531949925
27840720000.0,-73.47843959151524
27845718333.3,-75.67939397041063
27850716666.7,-77.0659441872993
27855715000.0,-78.94498682674075
27860713333.3,-74.58487630838877
27865711666.7,-85.93818008706938
27870710000.0,-72.23454695731046
27875708333.3,-77.96126512329938
27880706666.7,-76.45966982069629
27885705000.0,-78.11436900863215
27890703333.3,-79.35618554550894
27895701666.7,-75.35688093889033
27900700000.0,-78.72882267397956
27905698333.3,-69.67867592587892
27910696666.7,-82.00275584743423
27915695000.0,-82.92804504393925
27920693333.3,-71.64279798884148
27925691666.7,-86.28464101273994
27930690000.0,-73.99162068144194
27935688333.3,-71.91226129785053
27940686666.7,-75.22792737018878
27945685000.0,-75.38411618330764
27950683333.3,-68.18348086724457
27955681666.7,-76.97392608086231
27960680000.0,-76.3511190502586
27965678333.3,-78.88873686044596
27970676666.7,-71.63928732300933
27975675000.0,-71.78405077035045
27980673333.3,-74.34379480611396
27985671666.7,-78.43066760645416
27990670000.0,-68.47197744535606
27995668333.3,-72.66470337987121
28000666666.7,-73.46929200917593
28005665000.0,-75.60406989310864
28010663333.3,-78.36664967767203
28015661666.7,-73.08900276293174
28020660000.0,-69.47387774493447
28025658333.3,-78.28936033089762
28030656666.7,-83.84217529984063
28035655000.0,-77.78970073326596
28040653333.3,-76.17155582543067
28045651666.7,-74.34548807732118
28050650000.0,-80.29299743286509
28055648333.3,-80.33343230555319
28060646666.7,-70.33282024028603
28065645000.0,-76.06727543698365
28070643333.3,-74.16758827894974
28075641666.7,-79.69290505997785
28080640000.0,-76.67844544993117
28085638333.3,-74.61153736522824
28090636666.7,-73.63499165354783
28095635000.0,-76.33785286633301
28100633333.3,-75.59720438849507
28105631666.7,-74.67502090008415
28110630000.0,-73.31661579928974
28115628333.3,-76.15596025261385
28120626666.7,-84.76827820515007
28125625000.0,-75.36354349728275
28130623333.3,-94.62527322297953
28135621666.7,-75.60977590879236
28140620000.0,-76.65828412153034
28145618333.3,-76.02910939510286
28150616666.7,-76.45112910725753
28155615000.0,-80.6072558221583
28160613333.3,-75.9136873299394
28165611666.7,-87.99564937011412
28170610000.0,-75.30056898240944
28175608333.3,-74.66289468004152
28180606666.7,-70.83131969735278
28185605000.0,-77.91348862186426
28190603333.3,-73.45343006094612
28195601666.7,-72.28081956841064
28200600000.0,-78.94439247891691
28205598333.3,-77.9349078302803
28210596666.7,-77.49652142441006
28215595000.0,-74.27232011733287
28220593333.3,-81.60973768169406
28225591666.7,-76.95343740952444
28230590000.0,-72.80657765261536
28235588333.3,-77.81518676892274
28240586666.7,-74.91051514836428
28245585000.0,-70.89361301714386
28250583333.3,-90.50831146625599
28255581666.7,-75.64278535416163
28260580000.0,-84.53375950954445
28265578333.3,-83.17280438010289
28270576666.7,-85.10929425996785
28275575000.0,-74.31711035590175
28280573333.3,-75.40885480497816
28285571666.7,-76.72963103314294
28290570000.0,-83.83235051959815
28295568333.3,-78.14066108062764
28300566666.7,-75.61746746738484
28305565000.0,-77.3710843820889
28310563333.3,-79.75744129201095
28315561666.7,-74.99285515605978
28320560000.0,-78.009564819069
28325558333.3,-71.08426439274822
28330556666.7,-74.30166346800823
28335555000.0,-76.38962354064785
28340553333.3,-77.34434872869974
28345551666.7,-78.54735078024694
28350550000.0,-80.87621070421478
28355548333.3,-77.31533130963706
28360546666.7,-84.52817504020288
28365545000.0,-84.63393339967075
28370543333.3,-78.83143058131066
28375541666.7,-70.82092702495062
28380540000.0,-74.254367267912
28385538333.3,-78.54088701245585
28390536666.7,-77.31492022943894
28395535000.0,-86.01865175341811
28400533333.3,-79.79848256989087
28405531666.7,-75.8385683757947
28410530000.0,-88.92511258630181
28415528333.3,-74.53798655515229
28420526666.7,-76.93895255106098
28425525000.0,-76.49494828062942
28430523333.3,-76.47929827687909
28435521666.7,-75.53897312685903
28440520000.0,-71.17342178429429
28445518333.3,-72.1982303350545
28450516666.7,-75.96253384876184
28455515000.0,-74.0120887136054
28460513333.3,-70.270364493454
28465511666.7,-78.42851940494204
28470510000.0,-76.24010089963946
28475508333.3,-78.07832225214983
28480506666.7,-73.93351547374141
28485505000.0,-77.96036062813165
28490503333.3,-75.06960253467307
28495501666.7,-75.41606439739849
28500500000.0,-71.03106136129907
28505498333.3,-71.5494702248275
28510496666.7,-88.3839302119587
28515495000.0,-72.9886523462999
28520493333.3,-82.58262102269894
28525491666.7,-78.95489526638728
28530490000.0,-76.7494083287649
28535488333.3,-72.49559190770995
28540486666.7,-73.11906095689707
28545485000.0,-74.95332956866639
28550483333.3,-74.93138185270004
28555481666.7,-83.9622968527294
28560480000.0,-75.30953443474368
28565478333.3,-79.57675068239934
28570476666.7,-80.78558780291863
28575475000.0,-75.6207276101456
28580473333.3,-92.87281553288958
28585471666.7,-89.24565650667462
28590470000.0,-72.60974501014627
28595468333.3,-75.60086308134781
28600466666.7,-73.72787367226942
28605465000.0,-72.76060414321849
28610463333.3,-75.81066168902998
28615461666.7,-87.25123486120629
28620460000.0,-78.65553331476804
28625458333.3,-70.81112369553628
28630456666.7,-77.66978809018588
28635455000.0,-72.06718802332512
28640453333.3,-76.06911058723914
28645451666.7,-78.28541385535894
28650450000.0,-80.53984244916224
28655448333.3,-76.19310879953188
28660446666.7,-77.22532717755507
28665445000.0,-76.61818580697404
28670443333.3,-77.4384137638889
28675441666.7,-79.9320431483047
28680440000.0,-78.52705799201725
28685438333.3,-71.57016628137698
28690436666.7,-76.64024761557364
28695435000.0,-76.88579739498485
28700433333.3,-71.3191425831618
28705431666.7,-72.82279866375804
28710430000.0,-70.69664042780956
28715428333.3,-71.15175575881743
28720426666.7,-71.5760856676109
28725425000.0,-77.46005965679507
28730423333.3,-84.23447634183232
28735421666.7,-71.2604140328688
28740420000.0,-78.31546212880893
28745418333.3,-88.60524834097333
28750416666.7,-76.83458042340577
28755415000.0,-77.72920295171126
28760413333.3,-72.35412972524773
28765411666.7,-76.31885727651644
28770410000.0,-70.36560806247431
28775408333.3,-77.40992052610481
28780406666.7,-73.98676451377285
28785405000.0,-71.21203372451168
28790403333.3,-86.40516506888602
28795401666.7,-97.36303832743404
28800400000.0,-75.97064442636324
28805398333.3,-78.54342595597933
28810396666.7,-81.11820934592444
28815395000.0,-74.28531267726835
28820393333.3,-75.63748558470036
28825391666.7,-76.84418201145948
28830390000.0,-72.64533256074128
28835388333.3,-79.8511903212775
28840386666.7,-73.20731492235525
28845385000.0,-76.17031902429426
28850383333.3,-78.26973992515192
28855381666.7,-77.23402378787279
28860380000.0,-74.78444600751185
28865378333.3,-74.60135779671576
28870376666.7,-71.1355936702893
28875375000.0,-72.02470202401088
28880373333.3,-78.84593193211242
28885371666.7,-90.10019457704888
28890370000.0,-73.43496249400107
28895368333.3,-74.43643824105169
28900366666.7,-75.47879037496207
28905365000.0,-73.80089425092991
28910363333.3,-76.17638521750176
28915361666.7,-83.96993373928551
28920360000.0,-76.7315623500151
28925358333.3,-78.68161319665906
28930356666.7,-75.88694306729482
28935355000.0,-78.55432963119716
28940353333.3,-76.57639897886328
28945351666.7,-79.21375159301218
28950350000.0,-76.02702016080679
28955348333.3,-75.14397759138379
28960346666.7,-82.80148056810931
28965345000.0,-76.5157866393047
28970343333.3,-81.23268546158266
28975341666.7,-79.39354659932069
28980340000.0,-76.38665082137501
28985338333.3,-80.39919972922402
28990336666.7,-77.41925263611127
28995335000.0,-84.30710927057468
29000333333.3,-81.22993351905777
29005331666.7,-75.63747155850761
29010330000.0,-76.48803853185207
29015328333.3,-79.21053306083279
29020326666.7,-74.73012940754333
29025325000.0,-78.37936367918633
29030323333.3,-77.12752549176811
29035321666.7,-77.76189537893627
29040320000.0,-76.51759428764286
29045318333.3,-76.92096052906392
29050316666.7,-74.16376738920735
29055315000.0,-78.03220396214842
29060313333.3,-79.4726342815857
29065311666.7,-84.83829941604041
29070310000.0,-77.10970036994921
29075308333.3,-78.15040289871175
29080306666.7,-73.47434060015422
29085305000.0,-74.68701520644187
29090303333.3,-76.84090805172103
29095301666.7,-82.92137205742316
29100300000.0,-90.98088035514586
29105298333.3,-67.9606459194692
29110296666.7,-72.98543065364223
29115295000.0,-79.43295882421702
29120293333.3,-74.9268217955449
29125291666.7,-78.88560170756718
29130290000.0,-74.04734736291543
29135288333.3,-70.94804841884425
29140286666.7,-78.60789366614378
29145285000.0,-73.68947060415401
29150283333.3,-71.39585577863838
29155281666.7,-76.44290830770535
29160280000.0,-76.21487445225188
29165278333.3,-72.73272778735591
29170276666.7,-76.39939181823173
29175275000.0,-79.01780425777973
29180273333.3,-82.84960537261031
29185271666.7,-76.62722876688947
29190270000.0,-77.16284135590102
29195268333.3,-73.21577638888269
29200266666.7,-83.33622810484746
29205265000.0,-85.51181854210532
29210263333.3,-71.95263877513108
29215261666.7,-88.26953336411549
29220260000.0,-80.41177032623187
29225258333.3,-76.1956210757696
29230256666.7,-75.5747050231708
29235255000.0,-73.36040379538873
29240253333.3,-76.44948160474625
29245251666.7,-81.06552914917341
29250250000.0,-81.39820397185888
29255248333.3,-76.17342247655955
29260246666.7,-71.90453214920865
29265245000.0,-75.24373506546485
29270243333.3,-93.85247104108339
29275241666.7,-80.82083852660959
29280240000.0,-82.87571788301342
29285238333.3,-72.87497381548748
29290236666.7,-74.20336980804667
29295235000.0,-78.17401834686459
29300233333.3,-86.7894165242481
29305231666.7,-77.16662782593201
29310230000.0,-85.03551803762848
29315228333.3,-75.04930968016906
29320226666.7,-73.34441756715763
29325225000.0,-86.58752887356664
29330223333.3,-76.47067698120314
29335221666.7,-78.09658753893827
29340220000.0,-81.22778823321339
29345218333.3,-74.82657162337428
29350216666.7,-86.14171601919386
29355215000.0,-70.94383534119049
29360213333.3,-81.63918148187952
29365211666.7,-74.57969157039672
29370210000.0,-74.31867785542762
29375208333.3,-79.20761199023649
29380206666.7,-73.66510393396848
29385205000.0,-73.88731138525644
29390203333.3,-76.13250597737985
29395201666.7,-76.41077617943293
29400200000.0,-80.70741508178826
29405198333.3,-74.15243274327453
29410196666.7,-77.28095514365982
29415195000.0,-74.94038163912779
29420193333.3,-74.71199538112995
29425191666.7,-80.82396400355044
29430190000.0,-90.34475491924587
29435188333.3,-83.83860454256177
29440186666.7,-74.45874245767804
29445185000.0,-73.81451000528367
29450183333.3,-83.17490430900804
29455181666.7,-81.54292729270261
29460180000.0,-86.49699906117426
29465178333.3,-77.9440743469438
29470176666.7,-88.36905303010172
29475175000.0,-78.8050884470851
29480173333.3,-73.84248921516372
29485171666.7,-74.46211052834275
29490170000.0,-76.453007212986
29495168333.3,-81.74595485913395
29500166666.7,-82.34942554371828
29505165000.0,-69.35297550167105
29510163333.3,-79.25418830375324
29515161666.7,-73.9161442308417
29520160000.0,-79.78910557197477
29525158333.3,-72.71887285116478
29530156666.7,-77.37997027210977
29535155000.0,-76.68159463904435
29540153333.3,-72.83058500536572
29545151666.7,-74.00014375873621
29550150000.0,-73.4867526393087
29555148333.3,-85.70283945615797
29560146666.7,-74.34114155504142
29565145000.0,-76.10894067802201
29570143333.3,-83.36652846169747
29575141666.7,-89.14619825138793
29580140000.0,-74.637454189368
29585138333.3,-76.21570146992555
29590136666.7,-85.60455877079801
29595135000.0,-83.9650571316004
29600133333.3,-77.60557607987656
29605131666.7,-77.58353260139165
29610130000.0,-82.54291162007564
29615128333.3,-82.9841830561684
29620126666.7,-73.43332584350648
29625125000.0,-72.7657784696176
29630123333.3,-76.25599730075184
29635121666.7,-72.66792267680329
29640120000.0,-86.86959127278435
29645118333.3,-74.7394602051199
29650116666.7,-70.64514084314445
29655115000.0,-83.87863565194576
29660113333.3,-78.950071110603
29665111666.7,-76.71717789717825
29670110000.0,-76.17197377758126
29675108333.3,-85.05690024662076
29680106666.7,-87.1822929114896
29685105000.0,-76.16954139797153
29690103333.3,-74.46829108799324
29695101666.7,-78.65220210063052
29700100000.0,-84.90120061572199
29705098333.3,-76.00904099022615
29710096666.7,-98.06260874648295
29715095000.0,-74.48284863773365
29720093333.3,-80.18782013565804
29725091666.7,-80.63779891606404
29730090000.0,-87.5553990023306
29735088333.3,-79.4471064925038
29740086666.7,-71.00818695623543
29745085000.0,-78.9480846611403
29750083333.3,-77.62374090416829
29755081666.7,-72.36161636105444
29760080000.0,-80.0301370273377
29765078333.3,-78.57091653344841
29770076666.7,-73.01619682293034
29775075000.0,-75.03250795960125
29780073333.3,-74.81620299170748
29785071666.7,-80.76796299987996
29790070000.0,-78.93849620889625
29795068333.3,-83.47510998372064
29800066666.7,-79.48330371269509
29805065000.0,-74.79103330416416
29810063333.3,-78.11065167611946
29815061666.7,-85.77477487410192
29820060000.0,-85.01659153911304
29825058333.3,-79.27711348228112
29830056666.7,-74.77676264947411
29835055000.0,-88.89799898202641
29840053333.3,-81.97414221530892
29845051666.7,-78.0531579497283
29850050000.0,-78.40309537297276
29855048333.3,-79.93654471682792
29860046666.7,-76.46718165758807
29865045000.0,-73.05139895808942
29870043333.3,-83.67239281312415
29875041666.7,-72.5160319351187
29880040000.0,-76.63537478955554
29885038333.3,-80.57356995803922
29890036666.7,-78.75291097341642
29895035000.0,-75.3272110092513
29900033333.3,-82.40525627182842
29905031666.7,-76.55279624793064
29910030000.0,-80.16741805010807
29915028333.3,-77.80069382521188
29920026666.7,-75.85982943589813
29925025000.0,-73.81059517326307
29930023333.3,-77.13055685012148
29935021666.7,-83.12281022931487
29940020000.0,-72.08895279049997
29945018333.3,-81.74317437656623
29950016666.7,-96.24859222657142
29955015000.0,-79.3353787786732
29960013333.3,-76.80173297838094
29965011666.7,-77.20615373397163
29970010000.0,-91.35278993038888
29975008333.3,-81.36884708024071
29980006666.7,-72.0991939526071
29985005000.0,-76.66209977232447
29990003333.3,-73.31362973296822
29995001666.7,-74.11006326568908
30000000000.0,-90.52461651810569
