Frequency_Hz,Magnitude_dB
10000000.0,-61.56566777204613
14998333.3333,-66.9239861741505
19996666.6667,-70.66198649725949
24995000.0,-65.75377589290456
29993333.3333,-70.28582620010647
34991666.6667,-67.08150097905323
39990000.0,-75.72113915989966
44988333.3333,-71.249374044942
49986666.6667,-88.267758271162
54985000.0,-64.5535398004959
59983333.3333,-70.39811047206747
64981666.6667,-74.0282765896377
69980000.0,-79.00221015527114
74978333.3333,-76.80974664334121
79976666.6667,-78.28905019800727
84975000.0,-73.31857260989737
89973333.3333,-70.76695529674402
94971666.6667,-71.35405132346082
99970000.0,-73.20327739344647
104968333.333,-73.88507471053258
109966666.667,-67.54911990614185
114965000.0,-69.80294840910679
119963333.333,-79.48140096832864
124961666.667,-84.30899408836255
129960000.0,-72.32799758491129
134958333.333,-77.97974381747133
139956666.667,-70.79307369763497
144955000.0,-74.39177618171578
149953333.333,-86.00445973579443
154951666.667,-82.94265525084742
159950000.0,-74.6138990448336
164948333.333,-73.61686877450742
169946666.667,-75.85052299392355
174945000.0,-73.76986861630252
179943333.333,-79.33701741395764
184941666.667,-74.05571250109803
189940000.0,-78.6999474450815
194938333.333,-75.64550900918677
199936666.667,-82.44406280213755
204935000.0,-79.46589675594815
209933333.333,-79.4956600827296
214931666.667,-75.7813632043293
219930000.0,-75.39963874299227
224928333.333,-77.27678740420725
229926666.667,-76.08088986976513
234925000.0,-78.75722420687171
239923333.333,-75.89804736883923
244921666.667,-74.21290118944358
249920000.0,-73.8255454075659
254918333.333,-73.84418586384815
259916666.667,-76.21978490520463
264915000.0,-76.80349056141084
269913333.333,-73.55670039322514
274911666.667,-75.53088300719455
279910000.0,-80.64805612245608
284908333.333,-73.6935350588029
289906666.667,-75.60628605705084
294905000.0,-78.76578108982815
299903333.333,-75.65834479016095
304901666.667,-79.69052066450486
309900000.0,-79.88388300182791
314898333.333,-72.43413360760334
319896666.667,-76.96618816837378
324895000.0,-74.6285944383512
329893333.333,-84.02173076158311
334891666.667,-76.89959859645651
339890000.0,-79.9541832857528
344888333.333,-81.78590866746487
349886666.667,-90.79508964821707
354885000.0,-74.24495229324557
359883333.333,-77.3604211847252
364881666.667,-74.45980912361844
369880000.0,-73.65077058308947
374878333.333,-88.3296652530057
379876666.667,-78.93698495396937
384875000.0,-71.67608121100989
389873333.333,-76.34981670743583
394871666.667,-78.44960651606142
399870000.0,-73.00017847938429
404868333.333,-78.79621608691336
409866666.667,-76.50034908023311
414865000.0,-76.23205095351534
419863333.333,-79.90991812771394
424861666.667,-76.49126911192185
429860000.0,-83.2688521189057
434858333.333,-80.67968363776654
439856666.667,-75.57599103686579
444855000.0,-80.5265428429361
449853333.333,-77.44289422889588
454851666.667,-83.99772627467419
459850000.0,-80.44978630930169
464848333.333,-79.5932540069016
469846666.667,-78.48802118431443
474845000.0,-80.82536045043689
479843333.333,-73.50811151112823
484841666.667,-76.30964957222696
489840000.0,-77.11433786041721
494838333.333,-82.40117214946906
499836666.667,-74.58366766143473
504835000.0,-77.5486598205714
509833333.333,-75.95126042546346
514831666.667,-81.35552329246649
519830000.0,-79.32330964558344
524828333.333,-89.03882392912607
529826666.667,-76.02457612232526
534825000.0,-85.59028895004266
539823333.333,-73.19546531335077
544821666.667,-83.08485171654377
549820000.0,-76.70356205709975
554818333.333,-76.20341130404884
559816666.667,-75.74013422334662
564815000.0,-88.31650662047221
569813333.333,-82.79470398887823
574811666.667,-75.09484249764742
579810000.0,-84.5193337344578
584808333.333,-77.93153488359499
589806666.667,-75.98696625875776
594805000.0,-82.47273683372106
599803333.333,-78.39458728755973
604801666.667,-78.45046229444979
609800000.0,-88.71614295470488
614798333.333,-78.38150623970634
619796666.667,-79.38414266813929
624795000.0,-74.61398588049948
629793333.333,-78.74604073832883
634791666.667,-80.93305480704404
639790000.0,-75.68362737165369
644788333.333,-74.04683830921383
649786666.667,-74.60261413799068
654785000.0,-76.13939603883591
659783333.333,-74.55409538327986
664781666.667,-87.36852478173512
669780000.0,-81.54074606098078
674778333.333,-78.14143745862144
679776666.667,-82.13642341860266
684775000.0,-86.54012825160206
689773333.333,-76.14883290613004
694771666.667,-74.6318072106698
699770000.0,-73.9092013387083
704768333.333,-75.35412628145917
709766666.667,-77.49540391720602
714765000.0,-79.74227477096464
719763333.333,-74.92263902995828
724761666.667,-73.53217039450792
729760000.0,-77.05862471012313
734758333.333,-75.84466748122172
739756666.667,-76.81589788764373
744755000.0,-75.40161823384041
749753333.333,-74.24239127800854
754751666.667,-76.07307459301688
759750000.0,-76.24243989714749
764748333.333,-77.18808000201017
769746666.667,-72.72799306832846
774745000.0,-75.31200395086002
779743333.333,-75.96428423764092
784741666.667,-76.42280769095247
789740000.0,-77.13532867310607
794738333.333,-86.27168083730147
799736666.667,-76.21867014473077
804735000.0,-77.59672017269683
809733333.333,-78.86607782720088
814731666.667,-77.99160033334756
819730000.0,-72.64013588941994
824728333.333,-76.80554870317947
829726666.667,-77.62261303383144
834725000.0,-80.58751390859737
839723333.333,-77.87184747905752
844721666.667,-75.7581855611266
849720000.0,-77.10458574257174
854718333.333,-76.1556253219546
859716666.667,-75.9822016350587
864715000.0,-75.46371394283976
869713333.333,-77.21858469196039
874711666.667,-76.82481756015564
879710000.0,-77.4128435073575
884708333.333,-78.88042324966423
889706666.667,-76.0465835324435
894705000.0,-78.43756022665917
899703333.333,-81.67529286189038
904701666.667,-76.65916543227402
909700000.0,-78.35207098288039
914698333.333,-82.65685271973709
919696666.667,-85.11683766271722
924695000.0,-81.92313034452584
929693333.333,-77.00770252478219
934691666.667,-80.04181458293226
939690000.0,-75.86704284950922
944688333.333,-78.00606246779434
949686666.667,-77.53854534766366
954685000.0,-82.13562989443929
959683333.333,-73.28514470235913
964681666.667,-77.07682057854072
969680000.0,-75.90643020334022
974678333.333,-73.43701386229446
979676666.667,-74.88200868799011
984675000.0,-77.28940180560102
989673333.333,-77.34095392855518
994671666.667,-76.91291586369802
999670000.0,-79.73045761270959
1004668333.33,-80.33786219994965
1009666666.67,-78.17932405931644
1014665000.0,-78.6083967402644
1019663333.33,-79.977513799566
1024661666.67,-78.7636136013106
1029660000.0,-74.38313568334257
1034658333.33,-77.37743672762983
1039656666.67,-74.90905764870448
1044655000.0,-74.21478470969339
1049653333.33,-73.65770156055733
1054651666.67,-77.92171560468712
1059650000.0,-77.21364507924334
1064648333.33,-74.49369332601131
1069646666.67,-80.58497034647417
1074645000.0,-75.95894229466364
1079643333.33,-77.27822068208816
1084641666.67,-73.77632597759293
1089640000.0,-77.3657173203186
1094638333.33,-80.1457659145544
1099636666.67,-79.47449707014465
1104635000.0,-76.39884783119322
1109633333.33,-74.50485267872487
1114631666.67,-75.42304817768687
1119630000.0,-76.7393786623604
1124628333.33,-76.20802892414318
1129626666.67,-77.11533349708799
1134625000.0,-78.60613297469173
1139623333.33,-75.1849629536409
1144621666.67,-74.1379417225238
1149620000.0,-76.20918729547711
1154618333.33,-77.94767459781477
1159616666.67,-77.57830697072414
1164615000.0,-75.74731002156652
1169613333.33,-74.85934041288417
1174611666.67,-81.6080727658395
1179610000.0,-74.91456502618037
1184608333.33,-74.80539117476226
1189606666.67,-75.24094318323552
1194605000.0,-75.73717245552957
1199603333.33,-74.94945759179801
1204601666.67,-78.17832470711313
1209600000.0,-74.20388859982523
1214598333.33,-75.99939119728585
1219596666.67,-76.84373398411027
1224595000.0,-75.8268110132654
1229593333.33,-73.69145094796156
1234591666.67,-72.10569211275089
1239590000.0,-77.727934019705
1244588333.33,-75.06827761701062
1249586666.67,-80.74722935572858
1254585000.0,-77.34873268593122
1259583333.33,-74.97227533923329
1264581666.67,-75.97984629239161
1269580000.0,-73.01705470175767
1274578333.33,-79.25394698409418
1279576666.67,-74.39890152844136
1284575000.0,-74.57645098718316
1289573333.33,-73.58963000838038
1294571666.67,-75.9818587103041
1299570000.0,-75.26272166725244
1304568333.33,-73.72264722414603
1309566666.67,-72.70669355845837
1314565000.0,-75.39631280509295
1319563333.33,-74.24180279917931
1324561666.67,-77.27601236334073
1329560000.0,-75.4708162269912
1334558333.33,-77.32633313195146
1339556666.67,-74.94328175247279
1344555000.0,-72.81829269290262
1349553333.33,-73.33943705029586
1354551666.67,-75.34949332235476
1359550000.0,-76.14826962314305
1364548333.33,-81.32347146848892
1369546666.67,-76.4100116570236
1374545000.0,-78.32511663763847
1379543333.33,-73.65867374229042
1384541666.67,-74.40588650412683
1389540000.0,-74.98325302155499
1394538333.33,-74.78671697976063
1399536666.67,-75.47784242754092
1404535000.0,-76.79108861147708
1409533333.33,-72.2777934881233
1414531666.67,-75.43919288507412
1419530000.0,-77.78146256761877
1424528333.33,-79.6627329885048
1429526666.67,-77.33655507684949
1434525000.0,-75.24369282977241
1439523333.33,-75.78104112386761
1444521666.67,-76.57514395213911
1449520000.0,-74.81363105830268
1454518333.33,-77.5004318374772
1459516666.67,-73.37530513156628
1464515000.0,-78.02390027298331
1469513333.33,-76.93427624201678
1474511666.67,-75.78140598394589
1479510000.0,-73.09787678324301
1484508333.33,-73.2489837679241
1489506666.67,-75.2900640289744
1494505000.0,-72.9287473267042
1499503333.33,-74.53804496399628
1504501666.67,-74.61631234373726
1509500000.0,-75.50638805370995
1514498333.33,-72.94640164227263
1519496666.67,-77.00651250464021
1524495000.0,-74.61604328606663
1529493333.33,-75.96986818476245
1534491666.67,-75.85061542668518
1539490000.0,-75.12648346629072
1544488333.33,-72.85491273653572
1549486666.67,-73.71405453525222
1554485000.0,-73.70310930886734
1559483333.33,-78.3396673590796
1564481666.67,-73.15295371045417
1569480000.0,-75.1544927403843
1574478333.33,-75.37345957654293
1579476666.67,-74.48831780377846
1584475000.0,-75.82320413271125
1589473333.33,-73.27400103116433
1594471666.67,-76.47951324730529
1599470000.0,-75.77656819964707
1604468333.33,-74.91735088567634
1609466666.67,-75.65685775761796
1614465000.0,-76.76755178991455
1619463333.33,-74.81705587647254
1624461666.67,-74.99027939957558
1629460000.0,-77.51384819732021
1634458333.33,-73.82981640993538
1639456666.67,-76.19708507769575
1644455000.0,-72.89376144594402
1649453333.33,-73.35829705454698
1654451666.67,-75.90429507889615
1659450000.0,-75.96984952193945
1664448333.33,-73.8742023804947
1669446666.67,-76.87086580535178
1674445000.0,-78.8001229536467
1679443333.33,-77.26876294325629
1684441666.67,-74.95211084757864
1689440000.0,-72.58959413421057
1694438333.33,-72.76508803259841
1699436666.67,-74.48207808439535
1704435000.0,-73.69678703332183
1709433333.33,-74.61236871658353
1714431666.67,-74.79162895712115
1719430000.0,-73.03466013092917
1724428333.33,-78.01355404581172
1729426666.67,-78.04148080695083
1734425000.0,-74.1737958165262
1739423333.33,-73.49369305881217
1744421666.67,-73.18120126672494
1749420000.0,-73.35900193556485
1754418333.33,-72.70012696878493
1759416666.67,-76.38504682642763
1764415000.0,-73.00982122497852
1769413333.33,-73.48130270707499
1774411666.67,-74.92966896143425
1779410000.0,-79.71345054831009
1784408333.33,-73.2130854632019
1789406666.67,-75.37151493359498
1794405000.0,-75.52489461335982
1799403333.33,-74.26200654745128
1804401666.67,-77.87977191004552
1809400000.0,-74.74544370965164
1814398333.33,-71.9408761200882
1819396666.67,-73.82355623309007
1824395000.0,-73.23567024246368
1829393333.33,-75.08060666329322
1834391666.67,-75.14623369055039
1839390000.0,-76.3148813191997
1844388333.33,-76.16718221427863
1849386666.67,-74.57792011727827
1854385000.0,-75.64368589294355
1859383333.33,-72.64232740389295
1864381666.67,-73.23978503936615
1869380000.0,-72.1226907688075
1874378333.33,-75.29779150308306
1879376666.67,-74.97748606754409
1884375000.0,-72.95275719364656
1889373333.33,-81.39288135039484
1894371666.67,-73.80804212297777
1899370000.0,-75.56904784319427
1904368333.33,-73.2618642095297
1909366666.67,-73.34382626754862
1914365000.0,-72.35234879015623
1919363333.33,-74.25186104706881
1924361666.67,-75.17136283010282
1929360000.0,-73.29448172644595
1934358333.33,-74.09788576225527
1939356666.67,-74.87238135298988
1944355000.0,-75.11610854418915
1949353333.33,-74.96088309410587
1954351666.67,-74.43512753265469
1959350000.0,-75.66330166483313
1964348333.33,-75.38154507647967
1969346666.67,-76.53586573461078
1974345000.0,-72.94753458119762
1979343333.33,-72.63288499278804
1984341666.67,-72.90718778605412
1989340000.0,-74.4812924149988
1994338333.33,-73.03034150068108
1999336666.67,-72.81004593240215
2004335000.0,-76.86653949513072
2009333333.33,-76.09142618089413
2014331666.67,-75.49870101296938
2019330000.0,-72.77501848233808
2024328333.33,-74.44465774556117
2029326666.67,-76.97680040073608
2034325000.0,-75.7246280847158
2039323333.33,-78.77080699858472
2044321666.67,-75.6434816453996
2049320000.0,-74.36452577385644
2054318333.33,-77.99693787390298
2059316666.67,-76.03276646875526
2064315000.0,-73.91977492287131
2069313333.33,-71.6782255786111
2074311666.67,-72.9840426288513
2079310000.0,-73.0752777416917
2084308333.33,-73.2466348577591
2089306666.67,-72.36097383241037
2094305000.0,-72.37312980623214
2099303333.33,-74.95807999776333
2104301666.67,-74.15539229785739
2109300000.0,-75.49283179677207
2114298333.33,-72.3943249928358
2119296666.67,-75.07405246874585
2124295000.0,-73.00578919244153
2129293333.33,-74.03649619516175
2134291666.67,-72.78863473456447
2139290000.0,-71.72291799393281
2144288333.33,-73.82599146621851
2149286666.67,-73.17118310498066
2154285000.0,-72.70582465144942
2159283333.33,-75.24220628017807
2164281666.67,-77.93966026747682
2169280000.0,-78.59076290043927
2174278333.33,-74.84872190810991
2179276666.67,-74.81658040591721
2184275000.0,-75.10550002341725
2189273333.33,-74.53964486942014
2194271666.67,-72.18022088730032
2199270000.0,-71.67466643332959
2204268333.33,-73.90679477641902
2209266666.67,-72.661327880433
2214265000.0,-73.1231005620578
2219263333.33,-74.40709535819809
2224261666.67,-74.48389948919804
2229260000.0,-71.5878522544704
2234258333.33,-73.12364237028255
2239256666.67,-72.35858892328534
2244255000.0,-73.65844824676999
2249253333.33,-75.20811643405172
2254251666.67,-74.70315458031777
2259250000.0,-72.59342996506498
2264248333.33,-72.73680571075289
2269246666.67,-75.03664797722404
2274245000.0,-74.53589153137791
2279243333.33,-70.7290538360098
2284241666.67,-70.40545737539324
2289240000.0,-72.47562855555417
2294238333.33,-72.93696645754989
2299236666.67,-70.65905583800708
2304235000.0,-72.89654399541233
2309233333.33,-72.67666756500515
2314231666.67,-73.38391821264443
2319230000.0,-73.41282148773095
2324228333.33,-72.94157724598722
2329226666.67,-72.14584557473282
2334225000.0,-74.35881708861537
2339223333.33,-72.83430578441225
2344221666.67,-72.19100976755357
2349220000.0,-72.55460697409669
2354218333.33,-73.70412003698146
2359216666.67,-77.20210276121264
2364215000.0,-73.2619513458821
2369213333.33,-73.660688061645
2374211666.67,-74.25758891361879
2379210000.0,-73.63195807111373
2384208333.33,-76.16366624140854
2389206666.67,-71.5882366771623
2394205000.0,-73.65572609745026
2399203333.33,-75.13920059087432
2404201666.67,-74.39700805050137
2409200000.0,-73.18767155706465
2414198333.33,-71.0638471059051
2419196666.67,-71.66054046466705
2424195000.0,-73.56163440697401
2429193333.33,-72.43843369288209
2434191666.67,-74.24961415703169
2439190000.0,-74.4957650844739
2444188333.33,-73.29416799654885
2449186666.67,-70.95476218074579
2454185000.0,-72.31919748910502
2459183333.33,-71.65223941237771
2464181666.67,-73.13132052125898
2469180000.0,-71.48389944280049
2474178333.33,-74.92904440735255
2479176666.67,-72.37091826994897
2484175000.0,-72.74106574825481
2489173333.33,-73.689980682906
2494171666.67,-70.43597379557946
2499170000.0,-72.1854679379349
2504168333.33,-73.27475368735904
2509166666.67,-74.46278669172897
2514165000.0,-72.74754170741346
2519163333.33,-72.93792562810125
2524161666.67,-73.52646091738107
2529160000.0,-74.23472632895533
2534158333.33,-74.34181906199585
2539156666.67,-74.75476311508794
2544155000.0,-72.66184677285551
2549153333.33,-71.36924010940594
2554151666.67,-73.44341459582662
2559150000.0,-74.06437287703069
2564148333.33,-76.58291134387603
2569146666.67,-73.58500196889517
2574145000.0,-71.7864283596373
2579143333.33,-70.72934164743754
2584141666.67,-71.65930322492713
2589140000.0,-71.61440436954659
2594138333.33,-71.70745279172095
2599136666.67,-74.49292219132812
2604135000.0,-71.34184733548202
2609133333.33,-73.47817656453572
2614131666.67,-72.80916602253889
2619130000.0,-72.18208482518955
2624128333.33,-71.04230200071827
2629126666.67,-73.7106664563224
2634125000.0,-73.00026137582316
2639123333.33,-73.46005761605778
2644121666.67,-72.95977442297871
2649120000.0,-72.11828815096976
2654118333.33,-72.64397448198939
2659116666.67,-73.28661222232198
2664115000.0,-72.7798404102708
2669113333.33,-71.32373763049418
2674111666.67,-72.54513323576437
2679110000.0,-72.95416703181384
2684108333.33,-72.2686260785606
2689106666.67,-73.71532633899054
2694105000.0,-71.9338631905882
2699103333.33,-71.45667730881266
2704101666.67,-72.76451536896268
2709100000.0,-72.92433978305154
2714098333.33,-71.96591324077156
2719096666.67,-71.692066108051
2724095000.0,-71.93959453293495
2729093333.33,-71.15315053353788
2734091666.67,-72.83745018706844
2739090000.0,-72.40139805136684
2744088333.33,-69.66219649230706
2749086666.67,-71.52229761576484
2754085000.0,-71.46730733098258
2759083333.33,-71.76915826840617
2764081666.67,-71.23555164031427
2769080000.0,-71.9898638394509
2774078333.33,-73.05297503075121
2779076666.67,-70.60758478926557
2784075000.0,-72.33546303866915
2789073333.33,-71.13951478941482
2794071666.67,-72.3063964336034
2799070000.0,-70.79713345469692
2804068333.33,-71.82093557549885
2809066666.67,-70.27668835163269
2814065000.0,-69.94633790976893
2819063333.33,-71.87141501335486
2824061666.67,-72.5958228791151
2829060000.0,-71.89945689909821
2834058333.33,-70.35051948422579
2839056666.67,-72.09910501160212
2844055000.0,-70.94249099776926
2849053333.33,-71.78471704577585
2854051666.67,-72.71018825723219
2859050000.0,-71.8430479387067
2864048333.33,-72.14970962409821
2869046666.67,-71.94864757775007
2874045000.0,-69.96341405338383
2879043333.33,-70.53170248506828
2884041666.67,-70.99159248571395
2889040000.0,-70.85729853053158
2894038333.33,-71.0823559668765
2899036666.67,-71.22559628789655
2904035000.0,-70.57361258930506
2909033333.33,-70.11882667388534
2914031666.67,-71.29464398143939
2919030000.0,-73.52132826937813
2924028333.33,-71.12145791558036
2929026666.67,-70.12836868963035
2934025000.0,-71.73071512762897
2939023333.33,-72.35276269017741
2944021666.67,-70.0510303402829
2949020000.0,-71.863990670214
2954018333.33,-70.08154117059918
2959016666.67,-71.94887982207288
2964015000.0,-71.19349823553408
2969013333.33,-71.88930221457031
2974011666.67,-71.50552905757931
2979010000.0,-69.8051273674607
2984008333.33,-72.97861434804629
2989006666.67,-72.26375227559862
2994005000.0,-71.4819678690492
2999003333.33,-72.00665343433104
3004001666.67,-72.2430495584226
3009000000.0,-71.70744922957583
3013998333.33,-71.72966293675341
3018996666.67,-72.51510058963096
3023995000.0,-73.08614186939454
3028993333.33,-73.43976991850303
3033991666.67,-70.8042191892935
3038990000.0,-70.12049308505841
3043988333.33,-72.40951342024812
3048986666.67,-71.01984637639367
3053985000.0,-71.46514253448329
3058983333.33,-73.05693124700998
3063981666.67,-71.59340546629204
3068980000.0,-71.36100547016169
3073978333.33,-69.59700309677844
3078976666.67,-70.02869121541816
3083975000.0,-71.65607865924667
3088973333.33,-72.63407752161919
3093971666.67,-71.88604899578496
3098970000.0,-70.83942959061261
3103968333.33,-73.06764055496313
3108966666.67,-71.26786278197584
3113965000.0,-71.98640298036867
3118963333.33,-71.85368409605547
3123961666.67,-70.09684724084606
3128960000.0,-72.15951046358126
3133958333.33,-70.60195437488795
3138956666.67,-71.4304505759397
3143955000.0,-70.88513944961905
3148953333.33,-71.30863047601567
3153951666.67,-69.79300200892982
3158950000.0,-71.85630418511566
3163948333.33,-70.1872644363388
3168946666.67,-69.6868091298914
3173945000.0,-69.26713370542369
3178943333.33,-70.79872849949095
3183941666.67,-70.58817736368943
3188940000.0,-73.66405385207504
3193938333.33,-70.83199750000095
3198936666.67,-71.27026123112697
3203935000.0,-70.35434988280312
3208933333.33,-71.60042646752062
3213931666.67,-71.84336085664836
3218930000.0,-69.76233862943288
3223928333.33,-73.02940503375427
3228926666.67,-69.2105906150257
3233925000.0,-70.93321850369769
3238923333.33,-69.62322795346446
3243921666.67,-72.99112621176155
3248920000.0,-72.1195677854218
3253918333.33,-71.4187600967421
3258916666.67,-70.02830717725934
3263915000.0,-70.08767548056022
3268913333.33,-71.03816556851488
3273911666.67,-70.4033142105297
3278910000.0,-70.37590558070191
3283908333.33,-69.69159122844574
3288906666.67,-70.72139428237831
3293905000.0,-72.18829538424313
3298903333.33,-69.83014631805793
3303901666.67,-70.19607082850874
3308900000.0,-70.58318692913332
3313898333.33,-69.45290846799855
3318896666.67,-71.336838680031
3323895000.0,-73.14518854134683
3328893333.33,-69.96050450165589
3333891666.67,-69.57399623777397
3338890000.0,-69.41926962566144
3343888333.33,-71.36233322172649
3348886666.67,-70.81569441416917
3353885000.0,-69.75311443427307
3358883333.33,-70.94481209216495
3363881666.67,-72.51552830296247
3368880000.0,-71.0323033799344
3373878333.33,-71.2579486117137
3378876666.67,-70.30841288081372
3383875000.0,-71.79884623650634
3388873333.33,-70.85213023143586
3393871666.67,-71.88902102873907
3398870000.0,-69.89419654474557
3403868333.33,-72.65689645825444
3408866666.67,-71.57395791081146
3413865000.0,-71.19756770496366
3418863333.33,-69.31047990877366
3423861666.67,-69.77021423652432
3428860000.0,-70.1064068416655
3433858333.33,-72.2443461303097
3438856666.67,-70.61150009759368
3443855000.0,-69.96453148611226
3448853333.33,-69.504617801257
3453851666.67,-68.8632284253507
3458850000.0,-71.36916061025917
3463848333.33,-70.28016329149749
3468846666.67,-70.5658366374752
3473845000.0,-72.34932917690249
3478843333.33,-72.32182646211284
3483841666.67,-70.50312145829996
3488840000.0,-69.35270594700265
3493838333.33,-70.06865845986236
3498836666.67,-70.96791615033747
3503835000.0,-72.02451966483824
3508833333.33,-70.85543915711173
3513831666.67,-70.31203961163538
3518830000.0,-69.80863601281814
3523828333.33,-68.7831392326723
3528826666.67,-69.82884313893182
3533825000.0,-71.11332377785575
3538823333.33,-71.71884506089522
3543821666.67,-69.83807298669008
3548820000.0,-68.68625774218009
3553818333.33,-69.19717934916866
3558816666.67,-69.33563819190128
3563815000.0,-69.97437016117044
3568813333.33,-70.62793749258734
3573811666.67,-70.06938840270428
3578810000.0,-68.91181179351668
3583808333.33,-70.80636264679464
3588806666.67,-70.8736205554254
3593805000.0,-70.45035945641459
3598803333.33,-68.29462367592448
3603801666.67,-69.22548906006907
3608800000.0,-69.46538195037378
3613798333.33,-67.69045469731276
3618796666.67,-70.68618629388811
3623795000.0,-71.64256247595031
3628793333.33,-70.86436758315384
3633791666.67,-70.49950529246196
3638790000.0,-70.33451491926934
3643788333.33,-72.00459291753195
3648786666.67,-67.82628246727872
3653785000.0,-69.90320528411353
3658783333.33,-69.68516860273441
3663781666.67,-69.3638969672028
3668780000.0,-69.97009176201954
3673778333.33,-69.61380951028971
3678776666.67,-69.08294177364242
3683775000.0,-69.13372952650323
3688773333.33,-69.54777917757303
3693771666.67,-68.80584324447172
3698770000.0,-69.70475536264233
3703768333.33,-69.47569927488861
3708766666.67,-71.05265459110265
3713765000.0,-69.8893696694015
3718763333.33,-70.58023734574545
3723761666.67,-69.823938978731
3728760000.0,-71.02098241855101
3733758333.33,-69.51156860107841
3738756666.67,-70.62502764304261
3743755000.0,-70.54759298933283
3748753333.33,-68.42246868164423
3753751666.67,-69.35820223496131
3758750000.0,-69.35943769944673
3763748333.33,-68.78666395774192
3768746666.67,-70.41642472662465
3773745000.0,-71.81360428589645
3778743333.33,-68.77952595185846
3783741666.67,-70.88639462667929
3788740000.0,-70.65021074486116
3793738333.33,-69.79483509682753
3798736666.67,-69.9393381498387
3803735000.0,-70.48242716307183
3808733333.33,-68.3071434504944
3813731666.67,-70.40998353798432
3818730000.0,-69.85025407729425
3823728333.33,-69.83498194982336
3828726666.67,-69.1036707819869
3833725000.0,-68.7842466454471
3838723333.33,-70.07038404684778
3843721666.67,-69.11947135026352
3848720000.0,-68.02195223887092
3853718333.33,-70.65851402418386
3858716666.67,-68.91945593758253
3863715000.0,-69.32250120649192
3868713333.33,-71.24100201555369
3873711666.67,-68.13390001588432
3878710000.0,-68.69962650469945
3883708333.33,-68.98730925705559
3888706666.67,-69.18243072196552
3893705000.0,-69.08693334776758
3898703333.33,-67.2463774987131
3903701666.67,-67.82535747016496
3908700000.0,-69.65931454484193
3913698333.33,-69.4735771787371
3918696666.67,-68.5164620054229
3923695000.0,-68.73337957689911
3928693333.33,-68.32501378399206
3933691666.67,-67.74544538649468
3938690000.0,-69.39316620038868
3943688333.33,-69.57006034872425
3948686666.67,-68.22874423272506
3953685000.0,-68.44247814569613
3958683333.33,-68.9880947212731
3963681666.67,-70.1065343218623
3968680000.0,-69.25148114579251
3973678333.33,-69.93419893595627
3978676666.67,-69.31130920804367
3983675000.0,-68.98969741837222
3988673333.33,-68.76266950304813
3993671666.67,-68.67659836584514
3998670000.0,-68.05484514769894
4003668333.33,-70.34991362165043
4008666666.67,-69.235564891426
4013665000.0,-68.6502140094258
4018663333.33,-68.97994875650932
4023661666.67,-69.80119022302549
4028660000.0,-71.04657194256086
4033658333.33,-70.83874432141543
4038656666.67,-69.31305761761985
4043655000.0,-70.78489039068025
4048653333.33,-70.34098736123985
4053651666.67,-69.71452329924796
4058650000.0,-69.0207660331478
4063648333.33,-68.78217928036308
4068646666.67,-70.84040779072791
4073645000.0,-70.56762864509894
4078643333.33,-68.87519121820878
4083641666.67,-69.5359384310436
4088640000.0,-68.86267182605481
4093638333.33,-67.76663212925483
4098636666.67,-68.75251667110342
4103635000.0,-68.41425310990509
4108633333.33,-69.17175269268968
4113631666.67,-69.47912817143876
4118630000.0,-68.87853997187807
4123628333.33,-68.97381275368325
4128626666.67,-69.74188493881545
4133625000.0,-68.8952887313927
4138623333.33,-68.4881294999831
4143621666.67,-68.69654187290655
4148620000.0,-68.47288152798193
4153618333.33,-68.34472082058124
4158616666.67,-68.99178947942907
4163615000.0,-70.36332224587697
4168613333.33,-68.57928952242828
4173611666.67,-67.89277357923352
4178610000.0,-67.97197271389652
4183608333.33,-67.17129729897795
4188606666.67,-67.80158161685728
4193605000.0,-67.26764743664918
4198603333.33,-67.38806054307398
4203601666.67,-67.8851519757311
4208600000.0,-69.15754518083929
4213598333.33,-69.28415922927888
4218596666.67,-69.73416330698223
4223595000.0,-67.21218275448459
4228593333.33,-67.78215115615123
4233591666.67,-67.48817651392626
4238590000.0,-68.77595738432062
4243588333.33,-67.6078197340276
4248586666.67,-68.5027824423703
4253585000.0,-68.72603469627349
4258583333.33,-67.7696469301294
4263581666.67,-67.61974357312282
4268580000.0,-67.54281932837824
4273578333.33,-68.86451292776687
4278576666.67,-67.92099630895521
4283575000.0,-69.27706498580463
4288573333.33,-67.71096517991245
4293571666.67,-67.83456842326778
4298570000.0,-68.06665920270342
4303568333.33,-68.87611564660843
4308566666.67,-68.97218885834413
4313565000.0,-66.94698752389584
4318563333.33,-68.07531218245987
4323561666.67,-66.55329924517426
4328560000.0,-68.30240467495727
4333558333.33,-68.25941939150067
4338556666.67,-70.02968469759993
4343555000.0,-66.63494490879283
4348553333.33,-68.3932208154532
4353551666.67,-67.96441593965694
4358550000.0,-67.22256459805216
4363548333.33,-67.43974881318823
4368546666.67,-67.47534520431158
4373545000.0,-66.861323973183
4378543333.33,-67.08425489742486
4383541666.67,-67.80046482529019
4388540000.0,-67.7860965129018
4393538333.33,-67.06824174826681
4398536666.67,-66.51115335181899
4403535000.0,-68.01174672524013
4408533333.33,-67.25839704104742
4413531666.67,-66.42934816699673
4418530000.0,-67.56470483213987
4423528333.33,-68.0683810592484
4428526666.67,-67.56760219788977
4433525000.0,-68.11647404636733
4438523333.33,-67.68164361148385
4443521666.67,-67.18941544604387
4448520000.0,-66.40964313049207
4453518333.33,-67.61485352154479
4458516666.67,-67.71079135021559
4463515000.0,-66.26384679118588
4468513333.33,-68.47871374996825
4473511666.67,-67.95302595421506
4478510000.0,-67.06531104077277
4483508333.33,-66.47894311028023
4488506666.67,-67.180210667083
4493505000.0,-67.00091471357842
4498503333.33,-68.5827315963456
4503501666.67,-67.35735357411185
4508500000.0,-67.7483402002924
4513498333.33,-67.27187510179691
4518496666.67,-66.12375804357572
4523495000.0,-67.12411028994961
4528493333.33,-67.22060883857719
4533491666.67,-67.62104700673011
4538490000.0,-67.2253626371864
4543488333.33,-67.66145821754216
4548486666.67,-66.44348776966132
4553485000.0,-66.72585801305058
4558483333.33,-67.98860941551717
4563481666.67,-66.36614870306524
4568480000.0,-67.6312237139209
4573478333.33,-66.07037816381484
4578476666.67,-66.32368784848187
4583475000.0,-67.43286129050126
4588473333.33,-67.153319775346
4593471666.67,-66.08744738766156
4598470000.0,-66.68390999177292
4603468333.33,-67.6794034540862
4608466666.67,-67.3024982226852
4613465000.0,-67.6054601563712
4618463333.33,-67.64551265268823
4623461666.67,-66.42883862458301
4628460000.0,-66.2910473756798
4633458333.33,-66.71882265033828
4638456666.67,-67.00593574500805
4643455000.0,-68.11020703013955
4648453333.33,-66.79391283000707
4653451666.67,-67.32319669967065
4658450000.0,-65.63425677312321
4663448333.33,-65.82787134367031
4668446666.67,-66.35015188008245
4673445000.0,-67.5640289625235
4678443333.33,-66.39148142234548
4683441666.67,-66.5019087646791
4688440000.0,-66.67557288606889
4693438333.33,-66.77730097958202
4698436666.67,-67.55099642141361
4703435000.0,-66.52610005124818
4708433333.33,-66.23106399066559
4713431666.67,-65.91283470913898
4718430000.0,-66.26536672022752
4723428333.33,-66.52844584177481
4728426666.67,-67.55596755891801
4733425000.0,-65.6788567813274
4738423333.33,-66.09336650570212
4743421666.67,-66.43465895310864
4748420000.0,-65.81007364399522
4753418333.33,-66.56712593112472
4758416666.67,-66.70588494298636
4763415000.0,-66.78279733372754
4768413333.33,-65.63243349260239
4773411666.67,-66.25783528308352
4778410000.0,-66.40482548103384
4783408333.33,-65.18769449096224
4788406666.67,-66.4909570027635
4793405000.0,-65.13144920376418
4798403333.33,-66.96813061261089
4803401666.67,-66.40925801135123
4808400000.0,-64.99493611238789
4813398333.33,-66.0102241425797
4818396666.67,-64.6454269474108
4823395000.0,-65.27208089538463
4828393333.33,-65.73218957005344
4833391666.67,-66.12120137807688
4838390000.0,-66.42259208183559
4843388333.33,-65.32426418672004
4848386666.67,-65.15606668142598
4853385000.0,-66.01606938635254
4858383333.33,-65.60805889691476
4863381666.67,-65.54078470390954
4868380000.0,-65.29384777995611
4873378333.33,-65.97850276164202
4878376666.67,-64.99169045701571
4883375000.0,-65.6303513029979
4888373333.33,-64.88436813503827
4893371666.67,-65.7562648601827
4898370000.0,-64.8925330283586
4903368333.33,-66.3474653049461
4908366666.67,-65.44185756788482
4913365000.0,-65.47528538316641
4918363333.33,-65.40124607618041
4923361666.67,-65.44372085140166
4928360000.0,-65.7314382354941
4933358333.33,-65.0643264524098
4938356666.67,-65.47471100623265
4943355000.0,-65.33607264993228
4948353333.33,-64.76365872046985
4953351666.67,-64.80689168043901
4958350000.0,-64.76377993185818
4963348333.33,-65.21764063423093
4968346666.67,-64.8325447148588
4973345000.0,-65.52119825488491
4978343333.33,-64.48820085366273
4983341666.67,-65.13975147476751
4988340000.0,-65.07283249623192
4993338333.33,-65.22758791545297
4998336666.67,-65.21556322993779
5003335000.0,-65.08330631900154
5008333333.33,-63.83877966803052
5013331666.67,-64.77214543813946
5018330000.0,-65.2228150260642
5023328333.33,-65.66234315596924
5028326666.67,-64.99169881058404
5033325000.0,-65.35238963014764
5038323333.33,-65.28399737093872
5043321666.67,-64.39944787067446
5048320000.0,-64.85115542727434
5053318333.33,-64.47766115184119
5058316666.67,-64.99247686665989
5063315000.0,-64.28642698352834
5068313333.33,-63.822391524819565
5073311666.67,-65.78423418402687
5078310000.0,-65.26873978356032
5083308333.33,-64.54633575962208
5088306666.67,-64.49381761733947
5093305000.0,-63.59040850019212
5098303333.33,-63.15011169040404
5103301666.67,-64.42849484556547
5108300000.0,-64.01058468666047
5113298333.33,-64.39192489484088
5118296666.67,-64.28379804811456
5123295000.0,-64.45413481066622
5128293333.33,-63.90974921706815
5133291666.67,-63.6422929574626
5138290000.0,-64.39270677357149
5143288333.33,-64.12948751605403
5148286666.67,-63.77272480345651
5153285000.0,-64.91843206820181
5158283333.33,-63.411431514190696
5163281666.67,-63.99231987134048
5168280000.0,-64.37081239377943
5173278333.33,-63.541984104167994
5178276666.67,-63.908195776528565
5183275000.0,-64.44305739355227
5188273333.33,-64.41086760714443
5193271666.67,-64.1144276387293
5198270000.0,-63.31724363723044
5203268333.33,-63.94402489044846
5208266666.67,-64.41475340544767
5213265000.0,-64.729639293757
5218263333.33,-63.64722485468857
5223261666.67,-63.59856949403351
5228260000.0,-62.84717249280841
5233258333.33,-63.20736045192671
5238256666.67,-63.622859186793555
5243255000.0,-63.55491451375846
5248253333.33,-63.60998963968986
5253251666.67,-63.21374759487662
5258250000.0,-63.867741153501655
5263248333.33,-63.495713411112945
5268246666.67,-63.36002305735082
5273245000.0,-63.4756291973136
5278243333.33,-63.65494491273621
5283241666.67,-63.24373571345121
5288240000.0,-63.29033273391856
5293238333.33,-63.370243209451125
5298236666.67,-63.058947781999265
5303235000.0,-63.59272276265148
5308233333.33,-63.371576743099205
5313231666.67,-63.90115612964527
5318230000.0,-63.197119757929876
5323228333.33,-63.10338349446775
5328226666.67,-63.71612892028723
5333225000.0,-62.90765602810555
5338223333.33,-62.75340177894981
5343221666.67,-62.82124914857768
5348220000.0,-63.12323164627554
5353218333.33,-62.441084803602664
5358216666.67,-63.1980784259757
5363215000.0,-63.128632115385805
5368213333.33,-63.365816579603646
5373211666.67,-63.00001926395375
5378210000.0,-63.109719319197765
5383208333.33,-63.17903275322567
5388206666.67,-63.06474808509065
5393205000.0,-62.55141261032819
5398203333.33,-63.129092037438845
5403201666.67,-63.05982310624692
5408200000.0,-63.35082866332147
5413198333.33,-62.75807560707526
5418196666.67,-63.17935357710694
5423195000.0,-62.86319171574466
5428193333.33,-62.94414310966803
5433191666.67,-63.54729207495305
5438190000.0,-62.934571174762475
5443188333.33,-63.116252158134635
5448186666.67,-63.286440439156166
5453185000.0,-63.15328126307694
5458183333.33,-62.76046462473055
5463181666.67,-62.59521517093097
5468180000.0,-62.56970248955268
5473178333.33,-63.075755879838276
5478176666.67,-62.94415758593257
5483175000.0,-62.663388854759326
5488173333.33,-63.40141534535262
5493171666.67,-62.598431075784816
5498170000.0,-62.03156886860276
5503168333.33,-62.44115876624686
5508166666.67,-62.39214602467211
5513165000.0,-62.507707829114175
5518163333.33,-62.94002602034184
5523161666.67,-62.57692760495295
5528160000.0,-61.57454651912289
5533158333.33,-62.51559549163714
5538156666.67,-61.662201640191284
5543155000.0,-62.37044023949787
5548153333.33,-61.67278242093539
5553151666.67,-62.16283843365571
5558150000.0,-62.015004047475905
5563148333.33,-61.65711123067544
5568146666.67,-61.48409142113769
5573145000.0,-62.1718787906108
5578143333.33,-61.56824777582208
5583141666.67,-62.12923204606757
5588140000.0,-62.32171901635441
5593138333.33,-62.226773733687494
5598136666.67,-61.89224737714347
5603135000.0,-61.75282885690547
5608133333.33,-61.69439254949811
5613131666.67,-61.980764011428576
5618130000.0,-61.965022004336596
5623128333.33,-61.755001632078546
5628126666.67,-61.855846055459935
5633125000.0,-61.5114679857378
5638123333.33,-61.529072739220794
5643121666.67,-61.78660471866317
5648120000.0,-61.892137915119775
5653118333.33,-61.804887558180525
5658116666.67,-61.59277450199109
5663115000.0,-61.743357969668374
5668113333.33,-61.59121245435038
5673111666.67,-61.62902062130176
5678110000.0,-61.648853811292796
5683108333.33,-61.63325998637116
5688106666.67,-61.83211793418158
5693105000.0,-61.47729655575594
5698103333.33,-61.4126712042949
5703101666.67,-61.61737787561612
5708100000.0,-61.17396128061636
5713098333.33,-60.74390296371754
5718096666.67,-61.46741210402341
5723095000.0,-60.455775601872396
5728093333.33,-61.08435583616245
5733091666.67,-60.79128394140887
5738090000.0,-60.80113409458315
5743088333.33,-60.70753128411838
5748086666.67,-60.879707554937106
5753085000.0,-60.425228457010355
5758083333.33,-61.2231675004292
5763081666.67,-60.45981547817881
5768080000.0,-60.70326425313851
5773078333.33,-60.808089920320384
5778076666.67,-61.13411710707836
5783075000.0,-60.319559736950985
5788073333.33,-60.64562791366225
5793071666.67,-60.28939201683214
5798070000.0,-59.76065026534911
5803068333.33,-60.13979374297279
5808066666.67,-60.16516638907235
5813065000.0,-59.66905158665189
5818063333.33,-60.265715994273876
5823061666.67,-60.396425795436656
5828060000.0,-59.92298441944952
5833058333.33,-60.22000910405046
5838056666.67,-60.328267126346915
5843055000.0,-60.43828147537919
5848053333.33,-60.68468458968504
5853051666.67,-60.671872670277274
5858050000.0,-60.28969496679697
5863048333.33,-60.62457471998297
5868046666.67,-59.89025938505961
5873045000.0,-60.3088007067373
5878043333.33,-60.10463199295911
5883041666.67,-59.79901268498299
5888040000.0,-60.119709255109555
5893038333.33,-59.87370359267952
5898036666.67,-59.960303475020666
5903035000.0,-59.44541231988854
5908033333.33,-59.88705497777804
5913031666.67,-59.48383290551586
5918030000.0,-59.42457630645312
5923028333.33,-59.33661124846472
5928026666.67,-59.406260215768086
5933025000.0,-59.754757975424724
5938023333.33,-59.651928981523554
5943021666.67,-59.69926676356556
5948020000.0,-59.291896165796
5953018333.33,-60.031084524005564
5958016666.67,-59.43768427474801
5963015000.0,-59.324966014790405
5968013333.33,-59.60344413873279
5973011666.67,-59.14147655067816
5978010000.0,-59.24418625144058
5983008333.33,-58.647733734881115
5988006666.67,-59.12925931839232
5993005000.0,-59.034394587383865
5998003333.33,-58.85802886655605
6003001666.67,-58.6097763198304
6008000000.0,-58.45212966520058
6012998333.33,-58.571781270861166
6017996666.67,-58.616215434321916
6022995000.0,-58.65823979953223
6027993333.33,-58.35015041385505
6032991666.67,-58.71261670401435
6037990000.0,-58.30050647898406
6042988333.33,-58.46047311832802
6047986666.67,-58.57748531912822
6052985000.0,-58.47703501130322
6057983333.33,-58.45437849221688
6062981666.67,-58.388335173645
6067980000.0,-58.51356565358308
6072978333.33,-58.297909463032326
6077976666.67,-58.30211612897937
6082975000.0,-57.9785342452421
6087973333.33,-57.96903644783071
6092971666.67,-57.844849564876824
6097970000.0,-58.19162314742481
6102968333.33,-58.13203043086905
6107966666.67,-57.88969497094101
6112965000.0,-57.885967203235154
6117963333.33,-57.626082986051436
6122961666.67,-57.867221461786905
6127960000.0,-58.16290094722661
6132958333.33,-58.37027715601697
6137956666.67,-57.860030186318376
6142955000.0,-58.194681366509684
6147953333.33,-57.739245283398894
6152951666.67,-57.96575866353966
6157950000.0,-58.16132039536911
6162948333.33,-57.777566069994364
6167946666.67,-58.098735227487516
6172945000.0,-58.03161799803796
6177943333.33,-57.82563884556027
6182941666.67,-57.45444471402523
6187940000.0,-57.477776935208226
6192938333.33,-57.435726082127665
6197936666.67,-57.907039562351635
6202935000.0,-58.00097566024198
6207933333.33,-57.569850853554776
6212931666.67,-57.27692030138969
6217930000.0,-57.617862168587486
6222928333.33,-57.76498159039945
6227926666.67,-57.29847287466478
6232925000.0,-57.0901467871552
6237923333.33,-57.024577367937404
6242921666.67,-57.201889461838434
6247920000.0,-57.10748366727901
6252918333.33,-57.22104307862591
6257916666.67,-56.94923584329746
6262915000.0,-57.20292862036693
6267913333.33,-56.92281899059189
6272911666.67,-57.38364927890487
6277910000.0,-57.33445145179747
6282908333.33,-57.30458379791395
6287906666.67,-57.37649078216649
6292905000.0,-57.4467064778094
6297903333.33,-57.429732437740014
6302901666.67,-57.12274266022352
6307900000.0,-57.074416098989644
6312898333.33,-57.10702400240344
6317896666.67,-57.225882510160346
6322895000.0,-57.17801442914023
6327893333.33,-57.10937849874852
6332891666.67,-57.30759569099316
6337890000.0,-57.895763760740564
6342888333.33,-57.548190149290676
6347886666.67,-57.46295857334439
6352885000.0,-58.006334776069586
6357883333.33,-57.67548326233381
6362881666.67,-58.501873524794654
6367880000.0,-58.16488869995606
6372878333.33,-57.73622111578112
6377876666.67,-57.699822595346674
6382875000.0,-57.70886841188437
6387873333.33,-57.99349146345631
6392871666.67,-58.165711947576355
6397870000.0,-57.84192945996907
6402868333.33,-57.53120121860424
6407866666.67,-57.54055429659744
6412865000.0,-57.56700306732437
6417863333.33,-57.970607210283475
6422861666.67,-58.30825628584674
6427860000.0,-57.69734691020634
6432858333.33,-57.94304269996934
6437856666.67,-58.165788661508124
6442855000.0,-58.17709038108334
6447853333.33,-58.37819489404722
6452851666.67,-58.35347269076328
6457850000.0,-58.60281469471212
6462848333.33,-58.6386799495699
6467846666.67,-58.30268131354069
6472845000.0,-58.468527824874634
6477843333.33,-58.06633435502461
6482841666.67,-58.46826964615435
6487840000.0,-58.44772198635433
6492838333.33,-58.38079076388006
6497836666.67,-58.30304632568193
6502835000.0,-58.697826108784845
6507833333.33,-58.95833979434442
6512831666.67,-59.12336212132638
6517830000.0,-58.97836928603661
6522828333.33,-59.079886986007466
6527826666.67,-58.74243037722766
6532825000.0,-60.26380066631915
6537823333.33,-59.509353385497505
6542821666.67,-59.77906333546427
6547820000.0,-59.88932000741905
6552818333.33,-59.48561567712338
6557816666.67,-59.69748580936735
6562815000.0,-59.86897556835318
6567813333.33,-60.14165764142025
6572811666.67,-59.591071624520666
6577810000.0,-59.95907138247639
6582808333.33,-60.016690112119434
6587806666.67,-59.84837181810643
6592805000.0,-60.17511999444524
6597803333.33,-60.28431750895109
6602801666.67,-60.03856724902752
6607800000.0,-60.28419192096866
6612798333.33,-61.13871157490924
6617796666.67,-60.83353902153253
6622795000.0,-61.07341707909959
6627793333.33,-60.75997898690416
6632791666.67,-61.749269370492414
6637790000.0,-61.07600252214827
6642788333.33,-61.977227329288525
6647786666.67,-61.24781284331385
6652785000.0,-61.08912177298336
6657783333.33,-61.02538835613189
6662781666.67,-60.95793198994642
6667780000.0,-61.54884100933694
6672778333.33,-61.550375318313904
6677776666.67,-61.108844513979925
6682775000.0,-61.941720556294484
6687773333.33,-61.91700776246435
6692771666.67,-62.17391437066691
6697770000.0,-62.481862826019025
6702768333.33,-62.83238899503931
6707766666.67,-62.59837470523769
6712765000.0,-63.154122872132604
6717763333.33,-62.52082322019856
6722761666.67,-62.77432503341464
6727760000.0,-62.84832663960018
6732758333.33,-63.1091730322717
6737756666.67,-63.21337627729653
6742755000.0,-63.53635106282147
6747753333.33,-62.6957404357055
6752751666.67,-63.03887253082208
6757750000.0,-63.45384985657658
6762748333.33,-63.269994146700526
6767746666.67,-63.21064505125107
6772745000.0,-63.59046076295844
6777743333.33,-63.26630094796231
6782741666.67,-63.96964474447862
6787740000.0,-64.5411334379371
6792738333.33,-63.921670129828456
6797736666.67,-64.45400872245781
6802735000.0,-64.55915286368008
6807733333.33,-65.46839413237615
6812731666.67,-65.37731017080156
6817730000.0,-64.86177353982649
6822728333.33,-64.98340395937649
6827726666.67,-64.35217414875007
6832725000.0,-65.08932551117145
6837723333.33,-65.34134772810833
6842721666.67,-65.54546705522336
6847720000.0,-65.53908346081654
6852718333.33,-66.41014954106902
6857716666.67,-66.2677693343388
6862715000.0,-66.19826574706627
6867713333.33,-66.78690957127787
6872711666.67,-66.24493823621762
6877710000.0,-66.95869470490233
6882708333.33,-65.75777887914435
6887706666.67,-66.88956526058936
6892705000.0,-66.85710065721733
6897703333.33,-67.54422058760288
6902701666.67,-66.19424466413197
6907700000.0,-67.90766332386718
6912698333.33,-68.0125630046902
6917696666.67,-67.01806974202431
6922695000.0,-68.22061980100776
6927693333.33,-67.03203857649721
6932691666.67,-66.07358586745968
6937690000.0,-67.4885632507974
6942688333.33,-67.49766661134791
6947686666.67,-69.41138015749311
6952685000.0,-68.42579299844085
6957683333.33,-68.06183822459302
6962681666.67,-67.57622679989409
6967680000.0,-68.67470209397261
6972678333.33,-69.22269642053324
6977676666.67,-67.30637113278651
6982675000.0,-67.95421428971116
6987673333.33,-68.71642457037868
6992671666.67,-68.92503600264634
6997670000.0,-68.87064459456644
7002668333.33,-69.17123222886325
7007666666.67,-68.51402777764076
7012665000.0,-69.48055345872785
7017663333.33,-69.05419117703927
7022661666.67,-69.51072380503078
7027660000.0,-70.09853190340652
7032658333.33,-69.77644300935465
7037656666.67,-70.6250545391441
7042655000.0,-69.15243729284289
7047653333.33,-70.5385891413143
7052651666.67,-68.60586197254541
7057650000.0,-70.74753678034392
7062648333.33,-69.897819880658
7067646666.67,-72.06191251846839
7072645000.0,-69.78305958852562
7077643333.33,-72.1085622482079
7082641666.67,-72.27591528126493
7087640000.0,-72.277517158654
7092638333.33,-73.15645083602503
7097636666.67,-72.63676583430207
7102635000.0,-73.16770928620925
7107633333.33,-72.93660997451514
7112631666.67,-73.89607556652808
7117630000.0,-72.53143262284617
7122628333.33,-70.50250297666952
7127626666.67,-73.06806288663513
7132625000.0,-72.87461652122755
7137623333.33,-72.96227337400823
7142621666.67,-74.6496942049823
7147620000.0,-71.97853574471226
7152618333.33,-72.1222255194976
7157616666.67,-71.14940428156554
7162615000.0,-73.30629454027475
7167613333.33,-72.16204816708304
7172611666.67,-73.52824351359656
7177610000.0,-75.06678007669602
7182608333.33,-72.79446558991539
7187606666.67,-77.23525750303008
7192605000.0,-75.47902978607694
7197603333.33,-78.76769614483666
7202601666.67,-77.50289724965404
7207600000.0,-75.08351648216993
7212598333.33,-76.13651238880892
7217596666.67,-76.70865282368852
7222595000.0,-75.89674904924962
7227593333.33,-75.45424413304059
7232591666.67,-76.44392694319252
7237590000.0,-74.58290056864169
7242588333.33,-75.53193447272258
7247586666.67,-76.97452468272155
7252585000.0,-75.28121183256569
7257583333.33,-77.08091558846347
7262581666.67,-74.57941834217013
7267580000.0,-78.7094621393686
7272578333.33,-75.42167511500098
7277576666.67,-76.18921998819576
7282575000.0,-74.22721368669671
7287573333.33,-76.32658798432865
7292571666.67,-77.41626908116378
7297570000.0,-76.80689326074832
7302568333.33,-80.00239018061238
7307566666.67,-75.890032329587
7312565000.0,-80.79696128351529
7317563333.33,-75.07190085301906
7322561666.67,-78.19833081843457
7327560000.0,-80.11181863183535
7332558333.33,-74.965290899287
7337556666.67,-77.90213595213184
7342555000.0,-75.52623289406496
7347553333.33,-79.11745755774197
7352551666.67,-77.62088567625001
7357550000.0,-75.39070253200877
7362548333.33,-77.53385249598303
7367546666.67,-76.89740178457643
7372545000.0,-78.18076576579058
7377543333.33,-80.75850223827644
7382541666.67,-78.33811776317569
7387540000.0,-78.90382090667703
7392538333.33,-78.02991298019148
7397536666.67,-76.75609781189836
7402535000.0,-84.94223449506903
7407533333.33,-75.51621771822808
7412531666.67,-78.92776885022607
7417530000.0,-76.14171442086918
7422528333.33,-79.12608245996256
7427526666.67,-79.26197276779938
7432525000.0,-78.64061498922695
7437523333.33,-75.73754349401474
7442521666.67,-76.04389064137357
7447520000.0,-74.51404459021536
7452518333.33,-78.91143999941305
7457516666.67,-76.85088514943331
7462515000.0,-79.0748449342327
7467513333.33,-79.32873593549226
7472511666.67,-77.60728647696953
7477510000.0,-79.85008120828705
7482508333.33,-77.75914477453213
7487506666.67,-79.52063411316077
7492505000.0,-85.2462837965198
7497503333.33,-77.64202340885686
7502501666.67,-78.52840835546726
7507500000.0,-76.973970618441
7512498333.33,-78.5565409503826
7517496666.67,-78.89635543007236
7522495000.0,-79.18384630068512
7527493333.33,-85.03647965258041
7532491666.67,-77.8268612541015
7537490000.0,-78.59070139580831
7542488333.33,-79.4852227321025
7547486666.67,-91.19966444642694
7552485000.0,-81.04352933761946
7557483333.33,-77.41472330110294
7562481666.67,-76.26975770504235
7567480000.0,-76.77276519864424
7572478333.33,-77.6350343100511
7577476666.67,-79.56633679584182
7582475000.0,-76.68669564246949
7587473333.33,-75.74442893950948
7592471666.67,-78.02350607762762
7597470000.0,-76.65974116505612
7602468333.33,-76.49104300201898
7607466666.67,-76.81192414133889
7612465000.0,-75.3446434919544
7617463333.33,-77.0602329107307
7622461666.67,-75.62148733466495
7627460000.0,-76.2656259376354
7632458333.33,-79.623335307142
7637456666.67,-75.50591947477378
7642455000.0,-79.51048403555964
7647453333.33,-75.22674803284364
7652451666.67,-78.2317573423792
7657450000.0,-78.347104404691
7662448333.33,-78.98316772024202
7667446666.67,-75.29854577723206
7672445000.0,-72.34459481474887
7677443333.33,-72.30263383783668
7682441666.67,-75.69186046671334
7687440000.0,-72.86344842205465
7692438333.33,-72.42850015862692
7697436666.67,-74.1413682174617
7702435000.0,-75.30453989784809
7707433333.33,-71.41523088712324
7712431666.67,-75.02507215999901
7717430000.0,-72.80217675929022
7722428333.33,-73.99793286825701
7727426666.67,-74.30154374198143
7732425000.0,-75.44691900066611
7737423333.33,-76.78794486477207
7742421666.67,-74.66045763978948
7747420000.0,-74.0649912956612
7752418333.33,-75.61607524222809
7757416666.67,-75.03476164593411
7762415000.0,-75.00368310086037
7767413333.33,-73.6773396540157
7772411666.67,-73.93995562766817
7777410000.0,-75.29958686124381
7782408333.33,-70.57730924074775
7787406666.67,-75.07891297125228
7792405000.0,-72.23087008558706
7797403333.33,-72.74884946755925
7802401666.67,-72.92541876460666
7807400000.0,-72.62232629896855
7812398333.33,-74.07143936365351
7817396666.67,-73.52398161037739
7822395000.0,-77.04773030914913
7827393333.33,-76.52455376637788
7832391666.67,-75.71099960182389
7837390000.0,-74.1774792964703
7842388333.33,-73.71274175969566
7847386666.67,-77.24261388883005
7852385000.0,-71.77092993185681
7857383333.33,-76.2017163999752
7862381666.67,-74.52276939070424
7867380000.0,-72.80089327519245
7872378333.33,-73.68989941597013
7877376666.67,-73.84733161030121
7882375000.0,-74.69348318472312
7887373333.33,-74.6712287005793
7892371666.67,-75.46929365187657
7897370000.0,-74.08962530109335
7902368333.33,-72.73332778877676
7907366666.67,-70.81433308315007
7912365000.0,-69.89005762433243
7917363333.33,-78.03949638556715
7922361666.67,-73.80361631052548
7927360000.0,-73.39549895477974
7932358333.33,-71.2035818684567
7937356666.67,-69.74520965734817
7942355000.0,-70.6405177231978
7947353333.33,-72.25712043470374
7952351666.67,-70.19942193445087
7957350000.0,-72.70407616759785
7962348333.33,-72.8610068667792
7967346666.67,-70.89585781179464
7972345000.0,-72.12675694393808
7977343333.33,-72.66891847209415
7982341666.67,-71.29445483034388
7987340000.0,-73.32594876479217
7992338333.33,-73.67540794559508
7997336666.67,-72.51010325225374
8002335000.0,-71.36260584265877
8007333333.33,-73.09813913651335
8012331666.67,-71.48957110926601
8017330000.0,-74.37381338538829
8022328333.33,-71.88432108539357
8027326666.67,-71.08219087691748
8032325000.0,-70.10624014736264
8037323333.33,-72.4136626510767
8042321666.67,-73.82510784005076
8047320000.0,-72.43646198093414
8052318333.33,-70.70702235718129
8057316666.67,-70.18013517516222
8062315000.0,-72.6730820369277
8067313333.33,-72.29219543191932
8072311666.67,-71.4026801482657
8077310000.0,-72.67407159193459
8082308333.33,-71.81555572785865
8087306666.67,-71.78627832616111
8092305000.0,-71.0544361134689
8097303333.33,-70.97784116406385
8102301666.67,-72.14160691121863
8107300000.0,-73.29627480044874
8112298333.33,-73.22828549655091
8117296666.67,-70.41625023889583
8122295000.0,-71.92121934055372
8127293333.33,-70.85309248316044
8132291666.67,-70.20667557297747
8137290000.0,-70.05202960535996
8142288333.33,-71.92377115515518
8147286666.67,-72.03745698501402
8152285000.0,-73.68847745456365
8157283333.33,-71.64610336481688
8162281666.67,-69.75307612261773
8167280000.0,-70.34375037434617
8172278333.33,-70.8701246049377
8177276666.67,-69.82131393026873
8182275000.0,-72.16489513298198
8187273333.33,-70.12050647496847
8192271666.67,-71.87847858134913
8197270000.0,-72.54866685231104
8202268333.33,-69.34899425495428
8207266666.67,-73.24639328153017
8212265000.0,-70.87514273593841
8217263333.33,-68.90897624298275
8222261666.67,-69.66645689116328
8227260000.0,-70.58106894118043
8232258333.33,-69.84036641481246
8237256666.67,-71.41618025250548
8242255000.0,-72.28380617669123
8247253333.33,-72.43376702496354
8252251666.67,-69.30726457078491
8257250000.0,-70.68373810874417
8262248333.33,-72.54602952264472
8267246666.67,-71.64305028055621
8272245000.0,-69.64463891485633
8277243333.33,-70.77047712044316
8282241666.67,-71.70191967241884
8287240000.0,-69.73936380468834
8292238333.33,-71.0390636764677
8297236666.67,-71.48611411870962
8302235000.0,-69.18735645080008
8307233333.33,-71.99194061038236
8312231666.67,-74.36067117757352
8317230000.0,-69.99501819546126
8322228333.33,-70.6391121798888
8327226666.67,-69.83281557664607
8332225000.0,-70.09633683346362
8337223333.33,-73.56878566243996
8342221666.67,-70.61455431134702
8347220000.0,-70.51574305573848
8352218333.33,-70.67919257440424
8357216666.67,-70.43487070226081
8362215000.0,-70.4078245823183
8367213333.33,-71.90885035876823
8372211666.67,-71.12428412276155
8377210000.0,-69.98068127198695
8382208333.33,-69.47394435501334
8387206666.67,-68.43364931297053
8392205000.0,-71.48660185357812
8397203333.33,-71.09586186807219
8402201666.67,-70.24702124058221
8407200000.0,-70.16529722743132
8412198333.33,-70.65599142845625
8417196666.67,-70.26462409402573
8422195000.0,-68.70485409609046
8427193333.33,-69.89599676342695
8432191666.67,-70.38781778887112
8437190000.0,-72.13378256689482
8442188333.33,-68.64703063353355
8447186666.67,-72.00108248101833
8452185000.0,-71.17788266351896
8457183333.33,-72.01393375913814
8462181666.67,-68.64039834545659
8467180000.0,-70.39225494568646
8472178333.33,-68.8537943969922
8477176666.67,-69.88587736655232
8482175000.0,-70.30714345248442
8487173333.33,-70.06858355386666
8492171666.67,-70.82297900648491
8497170000.0,-70.92978553709499
8502168333.33,-70.22728119124028
8507166666.67,-71.03774378021882
8512165000.0,-69.9946882819532
8517163333.33,-70.56433804248672
8522161666.67,-69.42703852303447
8527160000.0,-69.20255415265245
8532158333.33,-69.2838157110777
8537156666.67,-69.64529304103648
8542155000.0,-69.64431137380599
8547153333.33,-69.73508812086102
8552151666.67,-69.46654787857885
8557150000.0,-68.71506231853176
8562148333.33,-70.2813651553754
8567146666.67,-68.6118481305831
8572145000.0,-69.39232885164525
8577143333.33,-68.71355949431262
8582141666.67,-70.0060573203115
8587140000.0,-68.67854902537262
8592138333.33,-70.32172774399147
8597136666.67,-69.24651020231497
8602135000.0,-70.39665335215058
8607133333.33,-70.44664424054454
8612131666.67,-68.37338781172123
8617130000.0,-69.77631783610265
8622128333.33,-68.81502959470234
8627126666.67,-69.65940955541154
8632125000.0,-68.00695816051277
8637123333.33,-68.50163360062925
8642121666.67,-67.95146782083803
8647120000.0,-67.82560456688842
8652118333.33,-68.142895229745
8657116666.67,-69.74081064407828
8662115000.0,-67.91815208917315
8667113333.33,-68.23829047489372
8672111666.67,-69.26024736082994
8677110000.0,-68.77061310140058
8682108333.33,-70.74495032038449
8687106666.67,-69.36132237504764
8692105000.0,-70.12609853492981
8697103333.33,-68.42521842302493
8702101666.67,-70.16636456191166
8707100000.0,-69.96218310625437
8712098333.33,-68.37659554468755
8717096666.67,-70.54589443595192
8722095000.0,-68.72044906719131
8727093333.33,-68.33440663184095
8732091666.67,-68.92389785448599
8737090000.0,-69.00389625302358
8742088333.33,-67.6104054338535
8747086666.67,-68.5464995530865
8752085000.0,-68.80204204969249
8757083333.33,-69.4610033156803
8762081666.67,-68.2136290471596
8767080000.0,-68.54617589090243
8772078333.33,-68.56740006715032
8777076666.67,-69.46863045203011
8782075000.0,-69.03862716272212
8787073333.33,-68.45322426486416
8792071666.67,-69.46279684154624
8797070000.0,-69.55973225726295
8802068333.33,-69.36222625610125
8807066666.67,-68.502036867208
8812065000.0,-69.67734537705886
8817063333.33,-68.39329997905206
8822061666.67,-67.8403296218414
8827060000.0,-68.26814829086989
8832058333.33,-69.05693314615358
8837056666.67,-67.88686384168551
8842055000.0,-68.70255583351674
8847053333.33,-67.6889830283221
8852051666.67,-68.06790484919946
8857050000.0,-68.55425302011652
8862048333.33,-68.47197790627342
8867046666.67,-67.1071787234174
8872045000.0,-70.82968606885011
8877043333.33,-68.16608658093497
8882041666.67,-67.95161220915186
8887040000.0,-69.60699611847734
8892038333.33,-69.76046306012505
8897036666.67,-67.86814346613039
8902035000.0,-69.01195089836284
8907033333.33,-67.5752015234161
8912031666.67,-68.99455941780074
8917030000.0,-67.23582314061532
8922028333.33,-67.78892980527262
8927026666.67,-68.38853736167634
8932025000.0,-68.7124212287784
8937023333.33,-68.19871734540942
8942021666.67,-67.68076116323628
8947020000.0,-67.86096787464804
8952018333.33,-70.16167893251323
8957016666.67,-69.37682664425643
8962015000.0,-67.53736273198251
8967013333.33,-68.71885055238724
8972011666.67,-67.17915439575589
8977010000.0,-67.77833826002383
8982008333.33,-68.92979621523794
8987006666.67,-67.78388587131141
8992005000.0,-67.68465653240872
8997003333.33,-68.33797025388091
9002001666.67,-68.56025817860905
9007000000.0,-68.00621765686674
9011998333.33,-68.40688142515282
9016996666.67,-67.72781444676527
9021995000.0,-68.13831527412358
9026993333.33,-68.64735754600879
9031991666.67,-68.03363587974533
9036990000.0,-68.17685021130801
9041988333.33,-68.00148831231016
9046986666.67,-69.13107488353667
9051985000.0,-67.76765354222924
9056983333.33,-68.11607184129156
9061981666.67,-67.4649082739306
9066980000.0,-67.24803492403734
9071978333.33,-69.4550122624498
9076976666.67,-67.95777121458116
9081975000.0,-66.82952300503538
9086973333.33,-68.05151146594169
9091971666.67,-67.71337383250531
9096970000.0,-67.30113736220757
9101968333.33,-67.2003275971627
9106966666.67,-67.9556000416825
9111965000.0,-67.96807869425356
9116963333.33,-68.94249665983851
9121961666.67,-68.15008152405775
9126960000.0,-67.45363321250436
9131958333.33,-68.82330110718597
9136956666.67,-68.61616899829015
9141955000.0,-68.54928711871226
9146953333.33,-69.5948515119393
9151951666.67,-67.1320771078094
9156950000.0,-68.6751824788793
9161948333.33,-68.6522318274814
9166946666.67,-68.72197908231522
9171945000.0,-68.10284804166238
9176943333.33,-68.8009744111497
9181941666.67,-66.95214247744678
9186940000.0,-68.32322063037728
9191938333.33,-67.6053404928829
9196936666.67,-68.90028511417616
9201935000.0,-68.82758531447716
9206933333.33,-68.09213298530561
9211931666.67,-68.59951308133081
9216930000.0,-68.23387527838736
9221928333.33,-69.0571584647706
9226926666.67,-68.68505205924126
9231925000.0,-68.72580328111694
9236923333.33,-67.80579739981918
9241921666.67,-68.73903323145802
9246920000.0,-67.38851652257837
9251918333.33,-68.22113995725778
9256916666.67,-67.93875559758997
9261915000.0,-67.45683667734731
9266913333.33,-67.74759644166646
9271911666.67,-69.02222570817385
9276910000.0,-67.2500186705452
9281908333.33,-67.98090927833789
9286906666.67,-67.58298526303255
9291905000.0,-68.35311475386003
9296903333.33,-67.05181316709411
9301901666.67,-66.64148661499789
9306900000.0,-69.16782376334298
9311898333.33,-67.67524689218331
9316896666.67,-67.52080592143597
9321895000.0,-67.10529448379859
9326893333.33,-66.95953596496018
9331891666.67,-66.86031819948339
9336890000.0,-66.36946403625114
9341888333.33,-67.37593726291078
9346886666.67,-66.5366438111565
9351885000.0,-68.38014690905175
9356883333.33,-66.83607930519015
9361881666.67,-68.77900017629823
9366880000.0,-67.73401096657948
9371878333.33,-68.27584417604521
9376876666.67,-67.69958354714814
9381875000.0,-66.87412857930113
9386873333.33,-68.67257603616947
9391871666.67,-67.23732369669986
9396870000.0,-67.20668385890632
9401868333.33,-67.22259980501674
9406866666.67,-67.2094594749114
9411865000.0,-66.56704828350927
9416863333.33,-66.08509391291649
9421861666.67,-66.80335421423221
9426860000.0,-66.07610057069554
9431858333.33,-67.39274954491393
9436856666.67,-68.38209829651785
9441855000.0,-67.9031753380022
9446853333.33,-67.49607028261201
9451851666.67,-67.28261564960852
9456850000.0,-67.2376762006315
9461848333.33,-66.90060318174021
9466846666.67,-66.683738222516
9471845000.0,-67.41872282214146
9476843333.33,-67.53786381217478
9481841666.67,-66.33325616144563
9486840000.0,-67.99630962769942
9491838333.33,-67.16440780500588
9496836666.67,-67.49742669861277
9501835000.0,-67.46573565902818
9506833333.33,-67.50702800419836
9511831666.67,-66.62334647575648
9516830000.0,-67.37875004349083
9521828333.33,-67.28179965297215
9526826666.67,-67.24988889631639
9531825000.0,-66.64780771201731
9536823333.33,-65.85636010679238
9541821666.67,-67.22459331258793
9546820000.0,-66.60196783061639
9551818333.33,-67.4010562065812
9556816666.67,-66.69389835711189
9561815000.0,-67.67970268539467
9566813333.33,-66.23006054245676
9571811666.67,-66.86734095611817
9576810000.0,-65.71765241609602
9581808333.33,-66.36409413231587
9586806666.67,-67.05900282714717
9591805000.0,-66.04519197847756
9596803333.33,-65.7454389845638
9601801666.67,-66.21947963974863
9606800000.0,-66.25484655422251
9611798333.33,-66.7468747458401
9616796666.67,-66.35354159411744
9621795000.0,-65.4986711693329
9626793333.33,-66.5420092702007
9631791666.67,-66.62540285680626
9636790000.0,-65.67164214281651
9641788333.33,-66.51791407203753
9646786666.67,-66.01728922281319
9651785000.0,-67.28486254421901
9656783333.33,-67.42073610760211
9661781666.67,-66.13683746976596
9666780000.0,-65.6457455751734
9671778333.33,-65.96530470388788
9676776666.67,-66.30553484469237
9681775000.0,-66.17304530699047
9686773333.33,-68.23269380264728
9691771666.67,-66.56605431627364
9696770000.0,-65.14431203645336
9701768333.33,-66.4890638478406
9706766666.67,-65.34443760488747
9711765000.0,-65.32570650633501
9716763333.33,-65.1555073371332
9721761666.67,-65.53465948226967
9726760000.0,-66.76318073991449
9731758333.33,-66.74486120946382
9736756666.67,-66.83688939621975
9741755000.0,-66.82165348935777
9746753333.33,-66.76433719665053
9751751666.67,-66.27768577631478
9756750000.0,-67.69485269724018
9761748333.33,-66.06815678019566
9766746666.67,-66.60334327326733
9771745000.0,-66.98571414234002
9776743333.33,-65.40339288101148
9781741666.67,-65.69857814948593
9786740000.0,-65.86227029213848
9791738333.33,-66.48369297228699
9796736666.67,-65.5084378743208
9801735000.0,-66.28097929264521
9806733333.33,-66.16687697400376
9811731666.67,-66.27054043840752
9816730000.0,-66.2281978934997
9821728333.33,-65.88560150084896
9826726666.67,-67.26225356777776
9831725000.0,-66.4990386290996
9836723333.33,-66.22192688974941
9841721666.67,-67.11267736209791
9846720000.0,-66.98577897465367
9851718333.33,-66.3227496197118
9856716666.67,-65.77294150461893
9861715000.0,-66.24943284878762
9866713333.33,-65.0447155160485
9871711666.67,-65.7656374457724
9876710000.0,-66.50143755535088
9881708333.33,-65.19194664656021
9886706666.67,-66.24008205055377
9891705000.0,-66.21753727906068
9896703333.33,-65.77741667606946
9901701666.67,-66.08157333948877
9906700000.0,-65.95562077130351
9911698333.33,-65.63788561599996
9916696666.67,-65.9927671389214
9921695000.0,-66.29442260306134
9926693333.33,-65.4279470913722
9931691666.67,-65.42081693979684
9936690000.0,-65.89293778060876
9941688333.33,-64.67302714859184
9946686666.67,-65.57991638847433
9951685000.0,-65.35625421357075
9956683333.33,-65.49994706065269
9961681666.67,-66.7454341883246
9966680000.0,-66.61733912750161
9971678333.33,-66.10303507593716
9976676666.67,-66.35056035129388
9981675000.0,-66.47663529007947
9986673333.33,-66.09422958635483
9991671666.67,-66.4926992911719
9996670000.0,-67.36949977220497
10001668333.3,-65.96084951587349
10006666666.7,-66.31303708073862
10011665000.0,-67.39467119552937
10016663333.3,-65.75905374946602
10021661666.7,-66.47839421569161
10026660000.0,-66.60785683841621
10031658333.3,-65.85898506421509
10036656666.7,-65.25141595454778
10041655000.0,-66.4163947926186
10046653333.3,-66.32674602052884
10051651666.7,-65.66198520271864
10056650000.0,-65.81077267284327
10061648333.3,-65.58419171346122
10066646666.7,-65.38171209678937
10071645000.0,-67.23123308846122
10076643333.3,-65.83032768842726
10081641666.7,-65.67711962709548
10086640000.0,-66.65723412300922
10091638333.3,-66.34585329391727
10096636666.7,-66.30448642385016
10101635000.0,-66.0585748813057
10106633333.3,-66.6571083311055
10111631666.7,-66.64348297549276
10116630000.0,-65.99997604251173
10121628333.3,-66.3135016582652
10126626666.7,-65.86243326382437
10131625000.0,-66.03406873329479
10136623333.3,-65.22716458499492
10141621666.7,-66.31497899891235
10146620000.0,-65.22362773392396
10151618333.3,-66.24232701413159
10156616666.7,-66.33832319936678
10161615000.0,-65.56694147372708
10166613333.3,-66.47901860700918
10171611666.7,-65.87552950711553
10176610000.0,-66.6387914607849
10181608333.3,-66.67920392889998
10186606666.7,-67.12308641303943
10191605000.0,-66.14206313012022
10196603333.3,-67.61901593746563
10201601666.7,-65.93363308529177
10206600000.0,-66.74773445491466
10211598333.3,-66.31851599197566
10216596666.7,-65.14414837270894
10221595000.0,-65.37047029509951
10226593333.3,-66.0674087550322
10231591666.7,-66.10501099960894
10236590000.0,-66.01423497059292
10241588333.3,-65.59967056765818
10246586666.7,-66.70753628414937
10251585000.0,-66.2990999904754
10256583333.3,-65.5147903409066
10261581666.7,-66.22527624776073
10266580000.0,-65.44692195957305
10271578333.3,-66.1405835995397
10276576666.7,-65.18470094247532
10281575000.0,-65.71361130093769
10286573333.3,-65.99847025626984
10291571666.7,-65.27168281028379
10296570000.0,-64.26005257132532
10301568333.3,-65.02099999180277
10306566666.7,-65.67115285131177
10311565000.0,-65.88363673583589
10316563333.3,-64.71743387909359
10321561666.7,-65.09545739904539
10326560000.0,-65.57330640366706
10331558333.3,-66.61981952835711
10336556666.7,-66.05131831031288
10341555000.0,-64.85831084882585
10346553333.3,-66.25803361747091
10351551666.7,-65.5749534656342
10356550000.0,-64.86090694781029
10361548333.3,-66.28440819568989
10366546666.7,-65.95396156580284
10371545000.0,-65.21303246777792
10376543333.3,-65.99663884397297
10381541666.7,-65.42997035245565
10386540000.0,-64.99620159828432
10391538333.3,-64.85964776596676
10396536666.7,-64.58143933259235
10401535000.0,-64.80057711633533
10406533333.3,-65.36501917614429
10411531666.7,-65.0419959469869
10416530000.0,-65.56967115035407
10421528333.3,-65.18516528187789
10426526666.7,-64.80092653026307
10431525000.0,-64.81614060197236
10436523333.3,-65.56566276092093
10441521666.7,-64.99186970345815
10446520000.0,-65.4591807496126
10451518333.3,-65.18516620024285
10456516666.7,-64.83846079350504
10461515000.0,-65.0735668011494
10466513333.3,-65.1185240248642
10471511666.7,-65.02585806733707
10476510000.0,-65.73674420367493
10481508333.3,-65.1270591883426
10486506666.7,-65.13747372610774
10491505000.0,-66.15993172816921
10496503333.3,-66.50173936077279
10501501666.7,-64.84865040768116
10506500000.0,-65.67856069724772
10511498333.3,-65.21834633627356
10516496666.7,-65.94919073406628
10521495000.0,-64.94675469750548
10526493333.3,-66.79164425842937
10531491666.7,-65.2885356156413
10536490000.0,-65.02119258830875
10541488333.3,-64.18533552939961
10546486666.7,-64.64987550892256
10551485000.0,-65.21818180486906
10556483333.3,-64.30785451485549
10561481666.7,-64.35792045150495
10566480000.0,-65.27045942539041
10571478333.3,-65.1777404333742
10576476666.7,-65.64588885109002
10581475000.0,-65.50699360299126
10586473333.3,-64.6048778739947
10591471666.7,-65.63183130307765
10596470000.0,-64.35214281197182
10601468333.3,-64.88719891907245
10606466666.7,-65.40072361766079
10611465000.0,-65.49313216481814
10616463333.3,-63.91688728809594
10621461666.7,-64.72123718150002
10626460000.0,-65.00097180995157
10631458333.3,-64.23247133065652
10636456666.7,-65.48471629446396
10641455000.0,-65.09483115097498
10646453333.3,-64.9784939861909
10651451666.7,-64.74956235791487
10656450000.0,-64.93511971939638
10661448333.3,-64.50413260309324
10666446666.7,-66.55421639332316
10671445000.0,-65.47316851190898
10676443333.3,-65.22008782424513
10681441666.7,-65.66033275583447
10686440000.0,-63.89751535754933
10691438333.3,-65.17902142159586
10696436666.7,-65.71249160349694
10701435000.0,-64.82592423664886
10706433333.3,-65.26160061696116
10711431666.7,-65.37911070574008
10716430000.0,-66.30762346084433
10721428333.3,-64.54272870510577
10726426666.7,-64.48836042221873
10731425000.0,-64.44969670369146
10736423333.3,-64.57911261299844
10741421666.7,-65.58165756553007
10746420000.0,-65.17682192141262
10751418333.3,-65.25112055870682
10756416666.7,-65.31707429851005
10761415000.0,-65.3134182861844
10766413333.3,-65.38245258558162
10771411666.7,-64.4830614805201
10776410000.0,-65.40466013927869
10781408333.3,-65.0932773332397
10786406666.7,-65.08011206979322
10791405000.0,-65.74355189581154
10796403333.3,-65.348676310907
10801401666.7,-65.95307581052114
10806400000.0,-65.0332352808127
10811398333.3,-65.29496283636128
10816396666.7,-65.24332191595056
10821395000.0,-64.7821795561688
10826393333.3,-65.45912980902217
10831391666.7,-66.35521203701477
10836390000.0,-65.14633899299594
10841388333.3,-65.30600631610153
10846386666.7,-65.39288193234565
10851385000.0,-66.0839927789496
10856383333.3,-66.42405403633207
10861381666.7,-65.34440477867872
10866380000.0,-66.18931671458229
10871378333.3,-66.29120672540574
10876376666.7,-65.73373325783221
10881375000.0,-65.60586443226505
10886373333.3,-66.15178192298455
10891371666.7,-65.17557207603063
10896370000.0,-66.05833595650421
10901368333.3,-66.50574294296335
10906366666.7,-65.01555261959138
10911365000.0,-64.74702195725413
10916363333.3,-64.95005963944598
10921361666.7,-65.6219933592754
10926360000.0,-65.91515801376006
10931358333.3,-65.4889170831528
10936356666.7,-65.05574108343164
10941355000.0,-65.38788937004915
10946353333.3,-65.21416029584071
10951351666.7,-65.16452345434645
10956350000.0,-65.50264479438087
10961348333.3,-65.84413420123153
10966346666.7,-65.572254436274
10971345000.0,-65.18004872789805
10976343333.3,-64.81915629000977
10981341666.7,-64.8637742241213
10986340000.0,-65.07678219421004
10991338333.3,-64.78732486003894
10996336666.7,-64.44144255124186
11001335000.0,-64.04065573386252
11006333333.3,-64.73818698472671
11011331666.7,-64.79463016067524
11016330000.0,-64.98369339447447
11021328333.3,-64.51281894474748
11026326666.7,-64.59342847147396
11031325000.0,-65.55984710790146
11036323333.3,-65.3537982807279
11041321666.7,-65.05420789292613
11046320000.0,-65.54906142578828
11051318333.3,-65.43595682275252
11056316666.7,-65.82751297812857
11061315000.0,-65.27340193288967
11066313333.3,-64.66063874275156
11071311666.7,-64.83390854692121
11076310000.0,-65.18215075284802
11081308333.3,-65.1128958326566
11086306666.7,-65.80446905430827
11091305000.0,-65.87619702209474
11096303333.3,-65.1676948054361
11101301666.7,-65.86095220245578
11106300000.0,-65.56584401064191
11111298333.3,-64.8319051921516
11116296666.7,-66.11736311898999
11121295000.0,-66.01110336642124
11126293333.3,-66.76878021692724
11131291666.7,-65.91252864125862
11136290000.0,-65.48823304386616
11141288333.3,-66.03403075420027
11146286666.7,-65.10899620112907
11151285000.0,-66.6395006275169
11156283333.3,-65.19840419410554
11161281666.7,-65.34288359864355
11166280000.0,-65.49492735389765
11171278333.3,-64.84140006547526
11176276666.7,-64.94886296814317
11181275000.0,-65.46301745910355
11186273333.3,-64.82162984198669
11191271666.7,-64.79742726235688
11196270000.0,-65.57525213080352
11201268333.3,-65.447725834556
11206266666.7,-65.44927595609587
11211265000.0,-65.36919439963322
11216263333.3,-65.81927774373482
11221261666.7,-65.56221701743985
11226260000.0,-65.56698608467113
11231258333.3,-65.04289081147923
11236256666.7,-64.90483377522781
11241255000.0,-65.06324477421755
11246253333.3,-64.72580587406972
11251251666.7,-64.66200660047059
11256250000.0,-64.35890873020372
11261248333.3,-64.60574391994282
11266246666.7,-64.25906000098634
11271245000.0,-65.36552287612585
11276243333.3,-64.80609447459403
11281241666.7,-64.02741634969009
11286240000.0,-64.79322229330185
11291238333.3,-64.62615050823621
11296236666.7,-64.67912979725254
11301235000.0,-64.82467502934699
11306233333.3,-64.37643511975944
11311231666.7,-65.14262865182832
11316230000.0,-65.30385027502079
11321228333.3,-64.41251939363693
11326226666.7,-64.8136930542307
11331225000.0,-64.52399180781488
11336223333.3,-64.78047022126768
11341221666.7,-64.60276650846347
11346220000.0,-65.11372972455362
11351218333.3,-65.23701337890884
11356216666.7,-64.6182448179764
11361215000.0,-63.840417201903634
11366213333.3,-65.29968739628839
11371211666.7,-65.08190002885965
11376210000.0,-64.41696419437568
11381208333.3,-64.10321711278097
11386206666.7,-65.03892014483424
11391205000.0,-64.5126068572465
11396203333.3,-64.34666120042736
11401201666.7,-65.21351003065148
11406200000.0,-64.77608483776747
11411198333.3,-64.62099660352254
11416196666.7,-64.9554372834479
11421195000.0,-64.74380500717574
11426193333.3,-65.16035558599043
11431191666.7,-64.67390462213825
11436190000.0,-64.60794098392883
11441188333.3,-65.39369655135457
11446186666.7,-65.01827725431112
11451185000.0,-64.27867370522917
11456183333.3,-64.97231053985642
11461181666.7,-64.79452192412964
11466180000.0,-64.34647058726046
11471178333.3,-63.83848748274549
11476176666.7,-64.44789552688447
11481175000.0,-63.855520267207844
11486173333.3,-65.38508421640553
11491171666.7,-64.40098153907476
11496170000.0,-64.23205755436365
11501168333.3,-63.939678507399876
11506166666.7,-64.0934801742377
11511165000.0,-64.02794684677428
11516163333.3,-64.4828361247096
11521161666.7,-63.669298695562624
11526160000.0,-64.11857555629555
11531158333.3,-65.84281527471637
11536156666.7,-65.23369811525852
11541155000.0,-65.26566613480013
11546153333.3,-64.53295391992614
11551151666.7,-65.01721006939533
11556150000.0,-64.47345499532244
11561148333.3,-63.92198733358757
11566146666.7,-63.99631675638203
11571145000.0,-63.524134932896814
11576143333.3,-63.462077460842224
11581141666.7,-62.86951919166471
11586140000.0,-63.719460035000225
11591138333.3,-63.028005781102564
11596136666.7,-63.48946803558775
11601135000.0,-63.63857213960122
11606133333.3,-63.600848744922764
11611131666.7,-64.42465604801593
11616130000.0,-64.1466866684445
11621128333.3,-64.19998624835424
11626126666.7,-64.31976994622453
11631125000.0,-64.15543321576503
11636123333.3,-65.31680946864992
11641121666.7,-64.1939541926341
11646120000.0,-64.20254890987991
11651118333.3,-64.05670460010549
11656116666.7,-64.40937359709932
11661115000.0,-64.2579797298504
11666113333.3,-64.6099522243602
11671111666.7,-64.04321496029341
11676110000.0,-63.13391323216174
11681108333.3,-63.66352193171103
11686106666.7,-63.9974240141423
11691105000.0,-64.07781823550127
11696103333.3,-64.47541064059494
11701101666.7,-65.10360809211673
11706100000.0,-63.70711591534501
11711098333.3,-64.29251748103724
11716096666.7,-64.58832402646118
11721095000.0,-64.40889334795143
11726093333.3,-63.812192491906174
11731091666.7,-64.68344793013458
11736090000.0,-64.26518299728765
11741088333.3,-63.67822268852631
11746086666.7,-64.943729683108
11751085000.0,-63.435589005445685
11756083333.3,-63.461377213300956
11761081666.7,-63.49849483601269
11766080000.0,-63.48120895546522
11771078333.3,-63.13137374381625
11776076666.7,-63.81623281103412
11781075000.0,-63.29526328908379
11786073333.3,-64.06062173582117
11791071666.7,-63.784003877800764
11796070000.0,-63.624638241610434
11801068333.3,-64.19849231463857
11806066666.7,-63.357814765890964
11811065000.0,-63.85925358398587
11816063333.3,-64.48994073690712
11821061666.7,-64.57860556495436
11826060000.0,-63.179936234203424
11831058333.3,-64.88493251033476
11836056666.7,-64.70005567047905
11841055000.0,-64.78839738125501
11846053333.3,-63.32955184919447
11851051666.7,-64.38967405725774
11856050000.0,-63.56569424433162
11861048333.3,-63.3590524015562
11866046666.7,-64.41095337898733
11871045000.0,-64.03010147190012
11876043333.3,-64.9684455499073
11881041666.7,-64.1896032342573
11886040000.0,-64.45124385870878
11891038333.3,-63.94111397267315
11896036666.7,-63.69430952054486
11901035000.0,-63.96719890982145
11906033333.3,-64.26083065607976
11911031666.7,-64.10797432732505
11916030000.0,-64.52538455179624
11921028333.3,-64.744992092917
11926026666.7,-64.4115646664062
11931025000.0,-63.67914712503979
11936023333.3,-63.53847921156653
11941021666.7,-63.10759608136187
11946020000.0,-64.1592018456726
11951018333.3,-64.7498307518183
11956016666.7,-64.28963498550279
11961015000.0,-63.89907696889586
11966013333.3,-64.02474892099464
11971011666.7,-63.723755224973424
11976010000.0,-63.62940777979898
11981008333.3,-63.40108877558346
11986006666.7,-63.83577065724484
11991005000.0,-64.61477502706815
11996003333.3,-64.01238996574502
12001001666.7,-63.59252963021631
12006000000.0,-63.26651131896437
12010998333.3,-62.67808353976179
12015996666.7,-62.82333794214882
12020995000.0,-62.966715039432856
12025993333.3,-63.12015814602145
12030991666.7,-63.15409949167828
12035990000.0,-62.56359391905194
12040988333.3,-62.40171229796975
12045986666.7,-62.89842625023851
12050985000.0,-63.54346160540128
12055983333.3,-62.96596483766742
12060981666.7,-62.54144806623819
12065980000.0,-63.504132557773175
12070978333.3,-63.05537757555085
12075976666.7,-62.71928707371724
12080975000.0,-62.44302589554698
12085973333.3,-61.90664085566571
12090971666.7,-61.986648957320504
12095970000.0,-63.143341617923014
12100968333.3,-62.93665445560701
12105966666.7,-63.35285052843156
12110965000.0,-62.14190601672762
12115963333.3,-62.24125021375315
12120961666.7,-62.213493546232534
12125960000.0,-63.45417160005667
12130958333.3,-62.536738533290034
12135956666.7,-62.96622477583814
12140955000.0,-63.718100946878494
12145953333.3,-63.26382977505082
12150951666.7,-63.887025450946346
12155950000.0,-63.42979471880162
12160948333.3,-62.93341656874966
12165946666.7,-63.2089907716521
12170945000.0,-63.2146283887917
12175943333.3,-63.58288942904127
12180941666.7,-64.2414721606687
12185940000.0,-63.557286822408784
12190938333.3,-63.08036167003192
12195936666.7,-63.24726960381157
12200935000.0,-62.994587722336576
12205933333.3,-62.70578151573957
12210931666.7,-62.8832404019728
12215930000.0,-62.56277113150219
12220928333.3,-63.741675461282824
12225926666.7,-62.75600115705621
12230925000.0,-63.214958259724916
12235923333.3,-63.02841144554791
12240921666.7,-63.30295941822925
12245920000.0,-63.28707957476457
12250918333.3,-63.19824726700212
12255916666.7,-62.902752190803184
12260915000.0,-62.63047505854912
12265913333.3,-63.107427090353376
12270911666.7,-62.93957096328704
12275910000.0,-63.368995122924105
12280908333.3,-62.29216475910028
12285906666.7,-63.17167997754831
12290905000.0,-62.59262809294807
12295903333.3,-62.69236597731115
12300901666.7,-62.51977979975342
12305900000.0,-62.451687057771366
12310898333.3,-62.50760499034434
12315896666.7,-62.981803372687054
12320895000.0,-62.99635552923896
12325893333.3,-63.44308708444242
12330891666.7,-62.234328019012395
12335890000.0,-63.30474970779847
12340888333.3,-62.77885158336149
12345886666.7,-62.06617978626751
12350885000.0,-61.339429985862274
12355883333.3,-62.34827171963285
12360881666.7,-61.897385061251086
12365880000.0,-62.001197466117176
12370878333.3,-61.394476850786816
12375876666.7,-63.00571115309658
12380875000.0,-62.49445737607296
12385873333.3,-62.95114452816941
12390871666.7,-61.304455660111834
12395870000.0,-62.14628537303217
12400868333.3,-61.87518189694303
12405866666.7,-61.98588544965456
12410865000.0,-62.27058161627006
12415863333.3,-62.424730131446616
12420861666.7,-62.468899549798714
12425860000.0,-62.36661395571812
12430858333.3,-62.41549749859277
12435856666.7,-62.53757031129592
12440855000.0,-62.301422527597964
12445853333.3,-62.06034676023175
12450851666.7,-62.434159640084545
12455850000.0,-61.878316884137575
12460848333.3,-62.499887740967246
12465846666.7,-62.20861884348599
12470845000.0,-62.28159132160425
12475843333.3,-62.33003424738931
12480841666.7,-62.59932209992729
12485840000.0,-62.78535051558564
12490838333.3,-62.477002220178704
12495836666.7,-63.04127979934996
12500835000.0,-63.40496456193914
12505833333.3,-63.436164360010395
12510831666.7,-64.11311589732755
12515830000.0,-62.76226704866386
12520828333.3,-63.77296553637021
12525826666.7,-63.332150683473415
12530825000.0,-62.87944783508449
12535823333.3,-63.650158412404366
12540821666.7,-62.84998436233746
12545820000.0,-62.60835247056781
12550818333.3,-62.73996125482953
12555816666.7,-62.383921920641654
12560815000.0,-62.90095535458121
12565813333.3,-62.8304035254436
12570811666.7,-63.130495071110715
12575810000.0,-62.75431257044063
12580808333.3,-63.6129722874924
12585806666.7,-63.16558879616002
12590805000.0,-62.86706437346644
12595803333.3,-63.57586337100085
12600801666.7,-62.86159080089221
12605800000.0,-61.90562491018098
12610798333.3,-62.78599557243382
12615796666.7,-62.738057039806456
12620795000.0,-62.86223742105291
12625793333.3,-62.602303630295665
12630791666.7,-62.227007579665056
12635790000.0,-62.57331512118984
12640788333.3,-63.03163628537889
12645786666.7,-61.41412926141222
12650785000.0,-61.89457078581225
12655783333.3,-63.61120164105369
12660781666.7,-63.41631149074169
12665780000.0,-63.08659355635413
12670778333.3,-62.325674226184944
12675776666.7,-62.82365299826084
12680775000.0,-63.15123763400002
12685773333.3,-62.90508109100382
12690771666.7,-63.307273031495484
12695770000.0,-63.35096924649643
12700768333.3,-63.18194037348292
12705766666.7,-62.85046533664168
12710765000.0,-62.205301035756555
12715763333.3,-62.61289566597242
12720761666.7,-62.81239367200716
12725760000.0,-62.37585866766948
12730758333.3,-62.39018798375647
12735756666.7,-63.061810705597836
12740755000.0,-62.52562651356041
12745753333.3,-62.73111371985944
12750751666.7,-62.64072638275843
12755750000.0,-63.40467576338262
12760748333.3,-62.9976650491576
12765746666.7,-63.06606703855472
12770745000.0,-62.62604130553544
12775743333.3,-63.11803979491589
12780741666.7,-63.52883156487218
12785740000.0,-62.62946024511011
12790738333.3,-62.511720276308736
12795736666.7,-63.98550705386759
12800735000.0,-62.921518265166995
12805733333.3,-62.77838212136436
12810731666.7,-62.76718904808176
12815730000.0,-63.057144840773624
12820728333.3,-63.41101052459887
12825726666.7,-63.229623622700466
12830725000.0,-63.30035889956435
12835723333.3,-63.5542714882493
12840721666.7,-63.86995105906359
12845720000.0,-63.34746096765863
12850718333.3,-63.50389359574799
12855716666.7,-63.29126035481079
12860715000.0,-63.448683610678486
12865713333.3,-63.23240324333379
12870711666.7,-63.71270950794876
12875710000.0,-63.849803135923615
12880708333.3,-62.24762186940089
12885706666.7,-62.65044474854518
12890705000.0,-62.68674271878409
12895703333.3,-63.24962652002125
12900701666.7,-63.39202673354943
12905700000.0,-63.51587482536429
12910698333.3,-63.188695778828446
12915696666.7,-63.06918136245742
12920695000.0,-62.703433185767
12925693333.3,-63.232528338491285
12930691666.7,-63.674594586021854
12935690000.0,-62.92755567658679
12940688333.3,-63.185335481653404
12945686666.7,-63.020980472237724
12950685000.0,-63.359490239835736
12955683333.3,-63.347806006218434
12960681666.7,-62.506686945428626
12965680000.0,-62.271762774240536
12970678333.3,-62.96437976117325
12975676666.7,-63.25979239471305
12980675000.0,-62.37339304403455
12985673333.3,-63.01433921739165
12990671666.7,-63.71331834134779
12995670000.0,-62.70918063071342
13000668333.3,-63.38425882610154
13005666666.7,-63.3760667252454
13010665000.0,-63.441355254968784
13015663333.3,-63.198714497263786
13020661666.7,-63.683731937993066
13025660000.0,-63.11928341686329
13030658333.3,-62.863091624463664
13035656666.7,-63.611772915378275
13040655000.0,-62.34180168495441
13045653333.3,-62.83444577218369
13050651666.7,-62.5259629323872
13055650000.0,-61.8861976218203
13060648333.3,-62.852131468387526
13065646666.7,-62.15109602751836
13070645000.0,-62.434321312421126
13075643333.3,-62.37316628177105
13080641666.7,-62.21161741177738
13085640000.0,-63.0327240802021
13090638333.3,-62.54017320853172
13095636666.7,-61.85379535454243
13100635000.0,-63.57325839175236
13105633333.3,-62.01608985038889
13110631666.7,-63.19938774994482
13115630000.0,-63.19419155669985
13120628333.3,-63.06696408818527
13125626666.7,-62.758234420717386
13130625000.0,-62.65325580396953
13135623333.3,-61.72550860594444
13140621666.7,-62.94323615735682
13145620000.0,-62.511664250465785
13150618333.3,-62.89457795543118
13155616666.7,-62.5084123538382
13160615000.0,-62.487433895871135
13165613333.3,-62.60065553129735
13170611666.7,-63.068609760496216
13175610000.0,-62.509360863674715
13180608333.3,-62.97248534956526
13185606666.7,-62.992602489286966
13190605000.0,-62.4813797774182
13195603333.3,-61.77018914201837
13200601666.7,-62.89732492803993
13205600000.0,-62.967150771069825
13210598333.3,-62.11721280854075
13215596666.7,-62.60753866569536
13220595000.0,-62.519894572479785
13225593333.3,-62.87512488246102
13230591666.7,-62.97754913330182
13235590000.0,-62.82890288264746
13240588333.3,-61.990110672410665
13245586666.7,-62.45970909359822
13250585000.0,-63.58414254566242
13255583333.3,-63.081773146030706
13260581666.7,-62.710315842872475
13265580000.0,-63.028517897833396
13270578333.3,-63.32515460538029
13275576666.7,-63.025271494780625
13280575000.0,-62.67831415984724
13285573333.3,-62.70249742481294
13290571666.7,-62.72069318564799
13295570000.0,-63.836757074555365
13300568333.3,-62.96642804167529
13305566666.7,-63.00422878794497
13310565000.0,-63.35543032088317
13315563333.3,-63.43803459829542
13320561666.7,-61.99601113336303
13325560000.0,-63.40583171890699
13330558333.3,-62.38739812858771
13335556666.7,-62.8862786181747
13340555000.0,-63.14050135712979
13345553333.3,-62.71773180096358
13350551666.7,-63.27241357653139
13355550000.0,-63.663977935069255
13360548333.3,-62.60514545486197
13365546666.7,-62.829896568512844
13370545000.0,-63.79893791168556
13375543333.3,-62.16710377805864
13380541666.7,-62.23315536590263
13385540000.0,-61.653628473826025
13390538333.3,-62.36285749421934
13395536666.7,-62.45070001544481
13400535000.0,-62.39336479733225
13405533333.3,-63.28865495358647
13410531666.7,-62.31919929046918
13415530000.0,-63.02793674581891
13420528333.3,-61.8401877700293
13425526666.7,-63.14761095497396
13430525000.0,-63.13823602463447
13435523333.3,-63.99568359955246
13440521666.7,-62.5149070830405
13445520000.0,-63.11200469313617
13450518333.3,-63.924166658586884
13455516666.7,-63.52226596755989
13460515000.0,-63.33139795269191
13465513333.3,-62.145924894448314
13470511666.7,-62.52012280104754
13475510000.0,-62.47405134603116
13480508333.3,-63.33005232310874
13485506666.7,-62.572181946358505
13490505000.0,-62.67467703975044
13495503333.3,-62.786884841186996
13500501666.7,-62.17979374807483
13505500000.0,-63.23488578972088
13510498333.3,-61.65273393131824
13515496666.7,-63.20684718727091
13520495000.0,-62.37995653996848
13525493333.3,-63.38977738933819
13530491666.7,-62.92474941189855
13535490000.0,-63.45130261805936
13540488333.3,-63.08193731548427
13545486666.7,-62.766594195658726
13550485000.0,-62.785741111424656
13555483333.3,-62.7866856812588
13560481666.7,-63.88683901676308
13565480000.0,-62.82478703304997
13570478333.3,-63.52306179017884
13575476666.7,-63.39727716589483
13580475000.0,-63.6247696621532
13585473333.3,-63.95635525606301
13590471666.7,-63.25338327189807
13595470000.0,-62.849385437613506
13600468333.3,-63.31829958952248
13605466666.7,-63.119421819131546
13610465000.0,-62.566807712026254
13615463333.3,-64.08926412181863
13620461666.7,-63.18088673756593
13625460000.0,-63.86516785886744
13630458333.3,-64.02227403543284
13635456666.7,-63.79313531697101
13640455000.0,-63.66645855655435
13645453333.3,-63.00914151432215
13650451666.7,-63.63066407155401
13655450000.0,-63.37620433985431
13660448333.3,-63.679076886020596
13665446666.7,-63.25673059022108
13670445000.0,-63.5577465519431
13675443333.3,-63.715642746067076
13680441666.7,-63.30972757025471
13685440000.0,-62.17413218125707
13690438333.3,-62.66382635918686
13695436666.7,-62.65810789705614
13700435000.0,-62.91109031439955
13705433333.3,-62.194271000628035
13710431666.7,-63.53771722244021
13715430000.0,-63.157136047141755
13720428333.3,-62.854029725064805
13725426666.7,-62.08375961834872
13730425000.0,-62.31227935517335
13735423333.3,-62.03848007460131
13740421666.7,-63.112695794722356
13745420000.0,-62.48952552119934
13750418333.3,-62.916441441678465
13755416666.7,-62.6644149331247
13760415000.0,-63.172222818509695
13765413333.3,-62.70605096873908
13770411666.7,-63.43795620348186
13775410000.0,-62.998058977246096
13780408333.3,-63.12146426331229
13785406666.7,-63.06462346046275
13790405000.0,-62.96842392385986
13795403333.3,-63.08553086098514
13800401666.7,-63.08902419425526
13805400000.0,-63.443878254641184
13810398333.3,-63.154080865401326
13815396666.7,-64.05015264291359
13820395000.0,-62.896476607368335
13825393333.3,-63.310021317570445
13830391666.7,-62.79578143625461
13835390000.0,-62.49215153625226
13840388333.3,-62.46715130897148
13845386666.7,-62.986296629158474
13850385000.0,-63.26457200550121
13855383333.3,-63.21230827463762
13860381666.7,-63.445625500516826
13865380000.0,-63.135172759810004
13870378333.3,-63.23675941757912
13875376666.7,-63.23935563137241
13880375000.0,-63.90332976487453
13885373333.3,-64.01849618600914
13890371666.7,-63.09347753851311
13895370000.0,-63.307778728424424
13900368333.3,-63.39766015909774
13905366666.7,-63.08387265610812
13910365000.0,-62.91666989366058
13915363333.3,-63.16544633848268
13920361666.7,-63.118460572988454
13925360000.0,-62.69837359090407
13930358333.3,-62.89871147194039
13935356666.7,-63.22441822523125
13940355000.0,-62.91869247945289
13945353333.3,-62.53408749608455
13950351666.7,-63.383497620832955
13955350000.0,-62.69668087711483
13960348333.3,-63.586863375498595
13965346666.7,-63.29551785459746
13970345000.0,-62.773093342114876
13975343333.3,-62.45013448553251
13980341666.7,-61.79968836276942
13985340000.0,-63.0656373768776
13990338333.3,-62.20008889760664
13995336666.7,-63.00885744791998
14000335000.0,-61.65708004103469
14005333333.3,-61.60441381720528
14010331666.7,-61.70622716249159
14015330000.0,-63.049070216291774
14020328333.3,-61.625839491500294
14025326666.7,-62.78867278184593
14030325000.0,-62.44900242430116
14035323333.3,-62.20662199051234
14040321666.7,-61.93571033404423
14045320000.0,-62.19093396583453
14050318333.3,-62.48018943356672
14055316666.7,-61.71588141771555
14060315000.0,-62.11699063930831
14065313333.3,-62.070055238451346
14070311666.7,-61.264673812502636
14075310000.0,-62.004858306828694
14080308333.3,-61.74375247417332
14085306666.7,-62.50179455591959
14090305000.0,-62.12303572202173
14095303333.3,-61.646012239850535
14100301666.7,-62.490788042797945
14105300000.0,-62.454098410183136
14110298333.3,-62.06921500419857
14115296666.7,-62.57364759888916
14120295000.0,-62.02595317057198
14125293333.3,-62.10731904220738
14130291666.7,-62.56297328615068
14135290000.0,-62.98650211587622
14140288333.3,-63.055333831193316
14145286666.7,-63.041363901242946
14150285000.0,-62.33713664466396
14155283333.3,-63.14020787323852
14160281666.7,-62.565434955494005
14165280000.0,-62.715742545909656
14170278333.3,-62.45890088387733
14175276666.7,-61.98468484735627
14180275000.0,-61.94786513133394
14185273333.3,-62.40270841650495
14190271666.7,-62.805791264248334
14195270000.0,-62.87596484605526
14200268333.3,-61.867943230262384
14205266666.7,-62.44506267176305
14210265000.0,-62.32620925003049
14215263333.3,-62.17687499394577
14220261666.7,-62.503623208074245
14225260000.0,-61.95064718825225
14230258333.3,-61.68827658586734
14235256666.7,-62.830411925109445
14240255000.0,-62.05589564693406
14245253333.3,-63.122040531870816
14250251666.7,-62.2383916837856
14255250000.0,-62.512024488070765
14260248333.3,-61.554832112437204
14265246666.7,-62.407063220687164
14270245000.0,-62.834265887802246
14275243333.3,-62.10841133048038
14280241666.7,-62.928455050800395
14285240000.0,-62.411942792471315
14290238333.3,-62.64371809473395
14295236666.7,-63.12113832140109
14300235000.0,-63.379308701542996
14305233333.3,-63.27815797949468
14310231666.7,-62.54092954593911
14315230000.0,-63.516845233370304
14320228333.3,-62.86376050126594
14325226666.7,-62.10476154951667
14330225000.0,-62.78677365980283
14335223333.3,-61.53465436793188
14340221666.7,-62.57345146455315
14345220000.0,-62.3331168693249
14350218333.3,-62.23344937179107
14355216666.7,-62.08257345586591
14360215000.0,-62.85456516926225
14365213333.3,-62.273466919605276
14370211666.7,-62.43900855908695
14375210000.0,-62.808266473238525
14380208333.3,-62.840152726809386
14385206666.7,-62.084157279696456
14390205000.0,-62.70139508086358
14395203333.3,-61.62918510469986
14400201666.7,-62.09283064778333
14405200000.0,-62.59778658771659
14410198333.3,-61.88207500254278
14415196666.7,-62.34258939030822
14420195000.0,-61.85254401931046
14425193333.3,-61.82622285796049
14430191666.7,-62.04544708539876
14435190000.0,-63.085864650737705
14440188333.3,-62.153457420816224
14445186666.7,-62.48546198616522
14450185000.0,-61.970400184580186
14455183333.3,-61.858591786150406
14460181666.7,-62.56669257619787
14465180000.0,-62.777656373244504
14470178333.3,-62.44575502035508
14475176666.7,-63.287644231280744
14480175000.0,-63.74065921695959
14485173333.3,-62.4903479633113
14490171666.7,-63.18434693922859
14495170000.0,-62.698693342283
14500168333.3,-63.493946078081336
14505166666.7,-62.231164468590585
14510165000.0,-62.97107403175056
14515163333.3,-62.734637095477474
14520161666.7,-63.05199063447723
14525160000.0,-63.065161719728415
14530158333.3,-63.620484318487385
14535156666.7,-63.45975451575136
14540155000.0,-62.80554875709227
14545153333.3,-63.88972672558015
14550151666.7,-63.485966726252954
14555150000.0,-62.94641812082774
14560148333.3,-63.460633017127705
14565146666.7,-64.20294395880128
14570145000.0,-63.52636279265762
14575143333.3,-63.886268048338486
14580141666.7,-63.737245951720176
14585140000.0,-63.65939665958754
14590138333.3,-63.439547322028645
14595136666.7,-64.03313651513781
14600135000.0,-63.121862433968936
14605133333.3,-62.973504969348525
14610131666.7,-63.49853290400108
14615130000.0,-63.4455648431684
14620128333.3,-63.9973853898158
14625126666.7,-63.20345419070338
14630125000.0,-63.008548140735634
14635123333.3,-62.283112015735625
14640121666.7,-63.0794502730207
14645120000.0,-63.09834322191695
14650118333.3,-62.256190130517396
14655116666.7,-63.07759352260093
14660115000.0,-62.34400128520271
14665113333.3,-62.675653435725906
14670111666.7,-63.06395103229279
14675110000.0,-62.92041177537841
14680108333.3,-62.75828201833854
14685106666.7,-62.23485970997736
14690105000.0,-63.06067100661988
14695103333.3,-63.40450677496993
14700101666.7,-62.48030800291053
14705100000.0,-63.324296847987185
14710098333.3,-62.509180467215124
14715096666.7,-63.52346034856511
14720095000.0,-62.47100047268702
14725093333.3,-62.62349596851941
14730091666.7,-62.65364497348546
14735090000.0,-63.300034556355946
14740088333.3,-62.25344174958141
14745086666.7,-62.072113226617006
14750085000.0,-63.08837906327404
14755083333.3,-62.353542999813314
14760081666.7,-62.771012741909445
14765080000.0,-62.30917034609459
14770078333.3,-62.87193738433466
14775076666.7,-61.5893861441583
14780075000.0,-61.926707290936605
14785073333.3,-62.209432369892006
14790071666.7,-62.5032930642912
14795070000.0,-62.227484147093726
14800068333.3,-63.306050054469964
14805066666.7,-63.319934318434946
14810065000.0,-63.05686713750581
14815063333.3,-62.93001525293744
14820061666.7,-63.59482118313568
14825060000.0,-63.00093336090992
14830058333.3,-63.267637620474986
14835056666.7,-62.23635023125314
14840055000.0,-62.39452878631971
14845053333.3,-63.76098082429873
14850051666.7,-62.362365784146675
14855050000.0,-63.31243564745578
14860048333.3,-62.63510668338415
14865046666.7,-62.74162144774239
14870045000.0,-63.34294689066658
14875043333.3,-63.242907257645484
14880041666.7,-63.79843206155495
14885040000.0,-63.6490727661046
14890038333.3,-63.47163711773811
14895036666.7,-63.0524935921579
14900035000.0,-63.63867794801125
14905033333.3,-63.50097487030834
14910031666.7,-63.86529232722614
14915030000.0,-62.56150427984683
14920028333.3,-64.0746308076447
14925026666.7,-63.524680289835096
14930025000.0,-63.1037316423008
14935023333.3,-62.82918955960803
14940021666.7,-62.64564079675693
14945020000.0,-62.410804450276274
14950018333.3,-62.581914364106225
14955016666.7,-62.17812098413296
14960015000.0,-62.00370277440509
14965013333.3,-62.544413998738584
14970011666.7,-62.80776560016112
14975010000.0,-63.092014415295296
14980008333.3,-62.7418551549316
14985006666.7,-63.46489794547959
14990005000.0,-62.56438989482679
14995003333.3,-62.88857313457398
15000001666.7,-61.55290560628274
15005000000.0,-62.4437660810422
15009998333.3,-62.463443589359386
15014996666.7,-61.921526151248294
15019995000.0,-62.335102230293636
15024993333.3,-61.97527860382182
15029991666.7,-62.87746973403073
15034990000.0,-61.34854404407758
15039988333.3,-62.34358775096811
15044986666.7,-62.53736567808907
15049985000.0,-62.13468066445397
15054983333.3,-61.696585101946944
15059981666.7,-62.3473786973333
15064980000.0,-61.64594664021187
15069978333.3,-62.795066570648686
15074976666.7,-62.215578578857475
15079975000.0,-61.909644524363394
15084973333.3,-61.8961265096123
15089971666.7,-62.44007438278895
15094970000.0,-62.191086191902414
15099968333.3,-61.74643829044577
15104966666.7,-61.58675709401058
15109965000.0,-61.79633825828983
15114963333.3,-61.522187548025606
15119961666.7,-61.458912529683445
15124960000.0,-61.9180013796548
15129958333.3,-62.038547774159724
15134956666.7,-62.92075314836109
15139955000.0,-61.69436097035553
15144953333.3,-61.8044210596775
15149951666.7,-62.61886393164363
15154950000.0,-62.937870113676055
15159948333.3,-62.382687804980876
15164946666.7,-63.18799379719117
15169945000.0,-62.36330286553585
15174943333.3,-62.548053965721465
15179941666.7,-63.69214982110294
15184940000.0,-63.26241364342746
15189938333.3,-62.42368602960377
15194936666.7,-62.47297592049634
15199935000.0,-63.62614241358648
15204933333.3,-62.89685025013013
15209931666.7,-62.978897606819196
15214930000.0,-62.819724093590565
15219928333.3,-63.277537269995904
15224926666.7,-63.12216756162182
15229925000.0,-63.905848978955866
15234923333.3,-63.46336009812873
15239921666.7,-63.60867516451503
15244920000.0,-64.16298999853035
15249918333.3,-64.01324188418593
15254916666.7,-64.18184236961727
15259915000.0,-63.92606333369713
15264913333.3,-63.29764314278187
15269911666.7,-64.41255156259722
15274910000.0,-63.63079603614818
15279908333.3,-63.23338547897113
15284906666.7,-62.73805041399933
15289905000.0,-62.79418018386313
15294903333.3,-63.02722039218877
15299901666.7,-63.22834879228954
15304900000.0,-62.99703325503125
15309898333.3,-62.66265249793975
15314896666.7,-63.1937080568651
15319895000.0,-62.45267554070516
15324893333.3,-63.07317528357523
15329891666.7,-63.98156332695982
15334890000.0,-63.36336710322718
15339888333.3,-63.32548297614159
15344886666.7,-63.81075974350733
15349885000.0,-62.57245426828065
15354883333.3,-62.29120623068508
15359881666.7,-62.6464368269977
15364880000.0,-62.71445625097584
15369878333.3,-62.88572879548644
15374876666.7,-62.81131117517148
15379875000.0,-61.60821818165445
15384873333.3,-63.06718203215448
15389871666.7,-62.31874077303581
15394870000.0,-62.26619222450842
15399868333.3,-63.04038815696576
15404866666.7,-62.38384014196196
15409865000.0,-62.98316761521562
15414863333.3,-62.55745039091056
15419861666.7,-62.090040137139326
15424860000.0,-63.24306473322515
15429858333.3,-62.915931781575196
15434856666.7,-62.7669092212942
15439855000.0,-62.357015782643586
15444853333.3,-62.7236139857676
15449851666.7,-63.5661536435143
15454850000.0,-63.603494292185026
15459848333.3,-63.54860546311596
15464846666.7,-62.70988313360358
15469845000.0,-63.410556873734336
15474843333.3,-63.70167913656168
15479841666.7,-63.397132108682015
15484840000.0,-63.99669448882548
15489838333.3,-63.625805007090214
15494836666.7,-64.40535347148715
15499835000.0,-63.87697508974017
15504833333.3,-63.82306265332984
15509831666.7,-63.462765125242065
15514830000.0,-63.70633084436754
15519828333.3,-63.568682740081
15524826666.7,-64.07527294285254
15529825000.0,-64.60661774222822
15534823333.3,-63.81467520128318
15539821666.7,-64.28906445917417
15544820000.0,-63.283951997947966
15549818333.3,-63.95540431558597
15554816666.7,-64.23468316087651
15559815000.0,-64.02601436166081
15564813333.3,-63.112522370484136
15569811666.7,-64.01888977829309
15574810000.0,-64.47564270172015
15579808333.3,-64.92316667600329
15584806666.7,-64.2150189179116
15589805000.0,-64.21885192411699
15594803333.3,-63.31225428307807
15599801666.7,-64.07927608483745
15604800000.0,-64.35782801260417
15609798333.3,-63.127594078307816
15614796666.7,-63.57444783297361
15619795000.0,-63.011507219513945
15624793333.3,-63.52047484916028
15629791666.7,-63.04939524814123
15634790000.0,-62.86030331926251
15639788333.3,-62.82730148882184
15644786666.7,-62.498623562778725
15649785000.0,-63.78334350700967
15654783333.3,-62.75113836868308
15659781666.7,-63.17762023026042
15664780000.0,-63.49423693102505
15669778333.3,-63.194932522748715
15674776666.7,-63.76391370213959
15679775000.0,-63.24722319344226
15684773333.3,-62.74301478427014
15689771666.7,-62.8467569937027
15694770000.0,-63.048747733049815
15699768333.3,-63.15817917807393
15704766666.7,-63.21071174965805
15709765000.0,-63.2477937695332
15714763333.3,-62.798741107714555
15719761666.7,-64.01796290048082
15724760000.0,-62.89193856891579
15729758333.3,-62.87783034204373
15734756666.7,-63.2178074939557
15739755000.0,-64.22676188982706
15744753333.3,-63.969834581839024
15749751666.7,-64.43041648069665
15754750000.0,-64.25198074446358
15759748333.3,-63.79951177703611
15764746666.7,-64.68817222539724
15769745000.0,-64.63155530331741
15774743333.3,-64.18508033430149
15779741666.7,-64.11468628452343
15784740000.0,-63.684500430146215
15789738333.3,-63.58978035757174
15794736666.7,-63.70410069137263
15799735000.0,-62.5341850819692
15804733333.3,-64.22159189409908
15809731666.7,-63.56721687516491
15814730000.0,-63.403466450696484
15819728333.3,-63.68516602793997
15824726666.7,-63.768305653917395
15829725000.0,-62.77283043311164
15834723333.3,-63.46554269851789
15839721666.7,-62.97993462813466
15844720000.0,-64.13173192320505
15849718333.3,-63.43273057856801
15854716666.7,-63.553836771773014
15859715000.0,-63.76635041482458
15864713333.3,-62.84702031216576
15869711666.7,-63.53581898853293
15874710000.0,-62.48552419506788
15879708333.3,-62.968160522543364
15884706666.7,-63.61009297183982
15889705000.0,-62.544358443006544
15894703333.3,-62.89617315463168
15899701666.7,-62.62113058724053
15904700000.0,-63.599878242663195
15909698333.3,-62.15142496364428
15914696666.7,-62.51809785174507
15919695000.0,-63.25146918711066
15924693333.3,-63.437648594869856
15929691666.7,-63.10931454917568
15934690000.0,-63.42008383167757
15939688333.3,-63.83766422727379
15944686666.7,-63.99220173483516
15949685000.0,-63.88015486964301
15954683333.3,-63.94917796277454
15959681666.7,-63.601470407967675
15964680000.0,-63.33260804379688
15969678333.3,-62.36554835905628
15974676666.7,-63.01499919895217
15979675000.0,-61.62959488949986
15984673333.3,-63.70939707532653
15989671666.7,-63.52094745697806
15994670000.0,-63.0818412249871
15999668333.3,-62.72533530552663
16004666666.7,-63.450402972494366
16009665000.0,-63.01726699572881
16014663333.3,-63.092583101320216
16019661666.7,-63.013388331062366
16024660000.0,-63.64425653418269
16029658333.3,-62.873866455037074
16034656666.7,-63.72820987240719
16039655000.0,-64.07427346982664
16044653333.3,-63.43165879444878
16049651666.7,-62.97356886844228
16054650000.0,-62.91668497352278
16059648333.3,-62.4649504685904
16064646666.7,-62.452992172652706
16069645000.0,-62.22943804576386
16074643333.3,-63.596469432358035
16079641666.7,-63.49764359713308
16084640000.0,-62.97909483456741
16089638333.3,-63.23321064974617
16094636666.7,-63.879653507193204
16099635000.0,-62.926264165416256
16104633333.3,-63.64538840788629
16109631666.7,-63.98450604138642
16114630000.0,-63.12352573273975
16119628333.3,-62.92084792544162
16124626666.7,-61.992039913356585
16129625000.0,-64.17943774012525
16134623333.3,-62.81894538685414
16139621666.7,-62.60092875154299
16144620000.0,-62.99168573739949
16149618333.3,-62.53267275584974
16154616666.7,-62.19433471986581
16159615000.0,-62.07007283011406
16164613333.3,-62.39199950250636
16169611666.7,-63.27103115486494
16174610000.0,-62.73708397773186
16179608333.3,-62.742700678116336
16184606666.7,-62.62314754779412
16189605000.0,-63.32373859016088
16194603333.3,-62.274581567451854
16199601666.7,-63.60942971324195
16204600000.0,-64.2778670165218
16209598333.3,-63.73647130787216
16214596666.7,-63.60955763050234
16219595000.0,-62.81168380311337
16224593333.3,-63.81012263578701
16229591666.7,-63.31724311102733
16234590000.0,-62.56368569144452
16239588333.3,-62.94061322515923
16244586666.7,-63.03644102661724
16249585000.0,-63.216985068345664
16254583333.3,-62.9470296963564
16259581666.7,-63.92462926471982
16264580000.0,-63.73344464289747
16269578333.3,-63.65729240794717
16274576666.7,-63.16606026064008
16279575000.0,-63.771830358661575
16284573333.3,-63.48383355871411
16289571666.7,-64.29622035580809
16294570000.0,-63.30523172324661
16299568333.3,-64.21327747152638
16304566666.7,-64.073104159042
16309565000.0,-63.07265631503683
16314563333.3,-63.79302401881959
16319561666.7,-63.936100548178835
16324560000.0,-63.3178591004308
16329558333.3,-63.17094005208257
16334556666.7,-63.36182754269685
16339555000.0,-63.69963229457204
16344553333.3,-63.27216245533343
16349551666.7,-64.02027674046329
16354550000.0,-63.45436050170687
16359548333.3,-63.32284553082346
16364546666.7,-62.69336128780024
16369545000.0,-63.41574137827314
16374543333.3,-63.34472870928047
16379541666.7,-63.95243224260331
16384540000.0,-63.09430382742115
16389538333.3,-62.0156428394219
16394536666.7,-64.38179004676714
16399535000.0,-63.53568649006094
16404533333.3,-62.884294707390794
16409531666.7,-63.102792825293434
16414530000.0,-63.7955184518339
16419528333.3,-62.82096300383597
16424526666.7,-62.862313635337
16429525000.0,-62.77601732081934
16434523333.3,-63.58403306549121
16439521666.7,-63.678995119941995
16444520000.0,-62.824829016103976
16449518333.3,-62.973810721625824
16454516666.7,-64.03157806770798
16459515000.0,-63.432442935099935
16464513333.3,-63.966630972978635
16469511666.7,-63.71704630619209
16474510000.0,-63.32287835261062
16479508333.3,-62.427383416787976
16484506666.7,-62.307056359902816
16489505000.0,-63.1898237539992
16494503333.3,-63.76857678179163
16499501666.7,-63.164634115622164
16504500000.0,-62.66197203385861
16509498333.3,-63.28304817528106
16514496666.7,-62.81155418862605
16519495000.0,-63.90781479168177
16524493333.3,-63.68918967257973
16529491666.7,-63.43551160128389
16534490000.0,-64.0905647675635
16539488333.3,-63.721948646118236
16544486666.7,-64.74957690816397
16549485000.0,-64.05118553075872
16554483333.3,-64.6627294559798
16559481666.7,-63.871874982911024
16564480000.0,-64.67580820326138
16569478333.3,-63.898445422504
16574476666.7,-63.85825203236574
16579475000.0,-63.90055542382455
16584473333.3,-63.27741678239797
16589471666.7,-62.685761870192216
16594470000.0,-64.05649745646257
16599468333.3,-63.48579097265257
16604466666.7,-63.42911634421619
16609465000.0,-63.297808517602114
16614463333.3,-63.14267454371343
16619461666.7,-63.30484825137727
16624460000.0,-63.024555324244105
16629458333.3,-64.24424599292516
16634456666.7,-63.090711175585255
16639455000.0,-64.11391471431241
16644453333.3,-64.2203723293321
16649451666.7,-63.41204226446072
16654450000.0,-63.79187664353621
16659448333.3,-62.74269865425653
16664446666.7,-63.60930997053486
16669445000.0,-63.13701504698075
16674443333.3,-63.673872027221215
16679441666.7,-63.11206127419895
16684440000.0,-63.598310761939686
16689438333.3,-63.041352521185686
16694436666.7,-63.143416135753434
16699435000.0,-63.2576055080267
16704433333.3,-63.732193127608724
16709431666.7,-63.066121408211735
16714430000.0,-63.58698926347092
16719428333.3,-63.053448701880306
16724426666.7,-63.073130268608814
16729425000.0,-63.18314112990478
16734423333.3,-63.61676541005521
16739421666.7,-63.16066261786599
16744420000.0,-62.53152971484134
16749418333.3,-62.909277618639436
16754416666.7,-63.228481997629274
16759415000.0,-62.701735110545755
16764413333.3,-62.5931358424629
16769411666.7,-62.66297339624308
16774410000.0,-62.651231070383645
16779408333.3,-63.33367860771393
16784406666.7,-62.89120166484257
16789405000.0,-62.141118423183656
16794403333.3,-62.41404124593029
16799401666.7,-63.03128238638038
16804400000.0,-63.361192869795374
16809398333.3,-63.085628935130664
16814396666.7,-62.79754372416007
16819395000.0,-63.32514820718845
16824393333.3,-63.320690104676636
16829391666.7,-62.61137982374581
16834390000.0,-63.668728776553976
16839388333.3,-62.89358450101232
16844386666.7,-63.40285106431427
16849385000.0,-63.09855065506973
16854383333.3,-63.7187681809042
16859381666.7,-63.087622578631226
16864380000.0,-63.667754306667675
16869378333.3,-63.85442484893851
16874376666.7,-63.614844688528876
16879375000.0,-63.9153200373368
16884373333.3,-63.17458291372645
16889371666.7,-63.7359667877049
16894370000.0,-63.388545564135754
16899368333.3,-63.20291291408965
16904366666.7,-63.157286254077285
16909365000.0,-63.06976307683259
16914363333.3,-63.65815808831557
16919361666.7,-63.21019256861065
16924360000.0,-62.989000948651785
16929358333.3,-63.65756090767076
16934356666.7,-62.76334395640831
16939355000.0,-62.58669618372613
16944353333.3,-61.965001598295196
16949351666.7,-62.69297279085315
16954350000.0,-62.710254110523884
16959348333.3,-62.925557125897235
16964346666.7,-62.061284513168154
16969345000.0,-62.67812408677325
16974343333.3,-63.074641934096576
16979341666.7,-62.1323099627606
16984340000.0,-62.68288517662256
16989338333.3,-62.249492062272495
16994336666.7,-63.0947393884469
16999335000.0,-62.85512519049905
17004333333.3,-61.979227953550776
17009331666.7,-61.74075228079258
17014330000.0,-61.57582365313425
17019328333.3,-61.61237367556771
17024326666.7,-61.86692219605667
17029325000.0,-62.14697181501727
17034323333.3,-63.05743021153216
17039321666.7,-61.615831974884905
17044320000.0,-62.50364827744889
17049318333.3,-62.12780892457799
17054316666.7,-61.907119725535225
17059315000.0,-62.37267891270547
17064313333.3,-62.10388513835142
17069311666.7,-62.50029883861532
17074310000.0,-63.02024903773477
17079308333.3,-62.10662248838045
17084306666.7,-62.297244158486656
17089305000.0,-62.78014481373088
17094303333.3,-62.00602655419524
17099301666.7,-62.93435917341302
17104300000.0,-62.154145076658345
17109298333.3,-62.7305968385043
17114296666.7,-63.31038815110371
17119295000.0,-62.93403476042513
17124293333.3,-62.65275935709302
17129291666.7,-62.07398253652307
17134290000.0,-62.838188471984616
17139288333.3,-62.93006818792034
17144286666.7,-62.982151691536316
17149285000.0,-62.816966549766974
17154283333.3,-63.31743712444709
17159281666.7,-63.57168286212156
17164280000.0,-63.65057371498545
17169278333.3,-63.96281716371017
17174276666.7,-62.996748886941454
17179275000.0,-62.91647527233866
17184273333.3,-63.583775270011046
17189271666.7,-62.37587454224731
17194270000.0,-63.192799539146364
17199268333.3,-63.08798010694353
17204266666.7,-62.518214979200756
17209265000.0,-62.97017543252957
17214263333.3,-61.995460748289716
17219261666.7,-63.01639502566388
17224260000.0,-63.09556711021087
17229258333.3,-63.05613570202321
17234256666.7,-61.89263924169716
17239255000.0,-63.25122416874375
17244253333.3,-63.22262680547611
17249251666.7,-62.92880533769303
17254250000.0,-63.735249970696856
17259248333.3,-62.72019318519873
17264246666.7,-62.84622878979751
17269245000.0,-62.661431732610595
17274243333.3,-62.914444799085416
17279241666.7,-62.358697318614986
17284240000.0,-62.76250812227601
17289238333.3,-62.555423551398945
17294236666.7,-62.64518136305087
17299235000.0,-62.42577439433585
17304233333.3,-62.2321358777829
17309231666.7,-62.10529498308248
17314230000.0,-62.11456093050923
17319228333.3,-62.050080678858336
17324226666.7,-63.30754880143614
17329225000.0,-62.52284726858073
17334223333.3,-62.226850360763095
17339221666.7,-62.169111373557016
17344220000.0,-62.248095744089355
17349218333.3,-62.49843998507969
17354216666.7,-62.11218053399874
17359215000.0,-62.59501309708807
17364213333.3,-62.825467501106544
17369211666.7,-62.025380711740894
17374210000.0,-61.955813367613686
17379208333.3,-63.314590183952184
17384206666.7,-62.50799762940103
17389205000.0,-63.077701844255884
17394203333.3,-63.885184677379115
17399201666.7,-63.591271100301256
17404200000.0,-63.0821117580448
17409198333.3,-63.655933492957935
17414196666.7,-62.927472907993625
17419195000.0,-63.486741965313485
17424193333.3,-62.879469075592205
17429191666.7,-63.19162563307025
17434190000.0,-63.49381035887586
17439188333.3,-62.82999187733019
17444186666.7,-62.99232697320583
17449185000.0,-62.340439487383215
17454183333.3,-63.7775997800975
17459181666.7,-62.99491910456837
17464180000.0,-62.47282057538176
17469178333.3,-63.08732002148746
17474176666.7,-63.06857458428071
17479175000.0,-63.00456411116221
17484173333.3,-63.30392039270723
17489171666.7,-62.86391755219321
17494170000.0,-62.87249114929772
17499168333.3,-62.74557435083641
17504166666.7,-62.579986249391396
17509165000.0,-62.44748888402498
17514163333.3,-61.825961759622
17519161666.7,-62.09086390797044
17524160000.0,-62.935160208486735
17529158333.3,-61.5621235883959
17534156666.7,-62.23244713472599
17539155000.0,-63.151774772595566
17544153333.3,-61.8651617618642
17549151666.7,-62.574983784143434
17554150000.0,-63.3876477197473
17559148333.3,-61.88033850121329
17564146666.7,-63.026841805512106
17569145000.0,-62.563837605257156
17574143333.3,-63.28677304725901
17579141666.7,-62.61354939691149
17584140000.0,-62.77086887442814
17589138333.3,-63.17432953975033
17594136666.7,-62.69749461867177
17599135000.0,-61.575661467695866
17604133333.3,-63.115446647622264
17609131666.7,-63.141036740725916
17614130000.0,-63.11103388811788
17619128333.3,-63.62387917909903
17624126666.7,-63.28523434954431
17629125000.0,-63.0960157868582
17634123333.3,-63.182120223323295
17639121666.7,-63.0582202032637
17644120000.0,-63.30866313117653
17649118333.3,-63.001984910813334
17654116666.7,-62.59489818243583
17659115000.0,-62.74422632515613
17664113333.3,-62.656430407293925
17669111666.7,-62.812758503629254
17674110000.0,-62.64148499069869
17679108333.3,-63.11190267540036
17684106666.7,-62.402461080233195
17689105000.0,-63.01959197785614
17694103333.3,-62.31391915899855
17699101666.7,-62.50677407183757
17704100000.0,-62.93633961298053
17709098333.3,-62.73729213165063
17714096666.7,-63.67732359191941
17719095000.0,-63.46226059010823
17724093333.3,-61.825716124506734
17729091666.7,-62.62387358085359
17734090000.0,-62.529724168824174
17739088333.3,-62.96072106022923
17744086666.7,-62.121221650701884
17749085000.0,-62.081049114046046
17754083333.3,-62.28210574897079
17759081666.7,-62.457802513029684
17764080000.0,-62.902845857728906
17769078333.3,-61.85575054363614
17774076666.7,-61.584435431922756
17779075000.0,-62.681558779227245
17784073333.3,-62.68330158694606
17789071666.7,-62.45627975690109
17794070000.0,-61.671011249022534
17799068333.3,-62.324268233241035
17804066666.7,-61.73170444306108
17809065000.0,-62.407965621353334
17814063333.3,-61.65120217117269
17819061666.7,-63.01497650299524
17824060000.0,-61.64658280212488
17829058333.3,-61.18337901968533
17834056666.7,-62.16851677405528
17839055000.0,-61.996774695252356
17844053333.3,-61.809446643285725
17849051666.7,-62.12152607077894
17854050000.0,-62.8311109698634
17859048333.3,-63.489724815276475
17864046666.7,-63.597664669518544
17869045000.0,-62.80026270482399
17874043333.3,-62.365410578732266
17879041666.7,-62.83517339799961
17884040000.0,-63.20666330322295
17889038333.3,-62.67953223918408
17894036666.7,-63.03541963117923
17899035000.0,-63.04140116120071
17904033333.3,-62.640869442779916
17909031666.7,-63.580648284406024
17914030000.0,-63.70745370206548
17919028333.3,-62.66691679460063
17924026666.7,-62.42600754416267
17929025000.0,-62.39874977436651
17934023333.3,-63.058144374656194
17939021666.7,-62.88793502923228
17944020000.0,-62.64621747387639
17949018333.3,-62.895893208106735
17954016666.7,-62.72449356950057
17959015000.0,-62.027436760436174
17964013333.3,-62.48671256545837
17969011666.7,-63.71468308869855
17974010000.0,-62.501573075238504
17979008333.3,-62.6054674278206
17984006666.7,-63.081445024816325
17989005000.0,-62.51041419691444
17994003333.3,-62.430730398448375
17999001666.7,-63.595657827732104
18004000000.0,-62.94685831744796
18008998333.3,-62.457825647356586
18013996666.7,-62.795236247168376
18018995000.0,-62.908725633235456
18023993333.3,-62.67724052853066
18028991666.7,-62.54660278814239
18033990000.0,-62.62360682205964
18038988333.3,-62.44331954911254
18043986666.7,-62.49351722748283
18048985000.0,-62.1724589584752
18053983333.3,-62.28606369517985
18058981666.7,-62.09527927975357
18063980000.0,-62.18290724830186
18068978333.3,-62.20160397522878
18073976666.7,-62.31437019954853
18078975000.0,-62.298830850375694
18083973333.3,-62.67455766180277
18088971666.7,-63.12354773400059
18093970000.0,-62.49110654540195
18098968333.3,-62.62302322305352
18103966666.7,-61.7747276135632
18108965000.0,-62.696783978632986
18113963333.3,-62.80160146096124
18118961666.7,-63.0789844147339
18123960000.0,-63.10005143733634
18128958333.3,-62.287410473738746
18133956666.7,-63.1954893443475
18138955000.0,-63.42068495646542
18143953333.3,-62.58814333704173
18148951666.7,-62.100887045327504
18153950000.0,-63.713635391527134
18158948333.3,-63.06086450007981
18163946666.7,-63.26319512877844
18168945000.0,-63.44189584707707
18173943333.3,-63.414538219857405
18178941666.7,-63.561327410153076
18183940000.0,-62.76445801549599
18188938333.3,-62.432815436148715
18193936666.7,-63.518071244127626
18198935000.0,-62.666233304165615
18203933333.3,-62.850268868435236
18208931666.7,-63.19740625844638
18213930000.0,-63.11458244858349
18218928333.3,-63.50068448322965
18223926666.7,-63.58540878479759
18228925000.0,-63.77081441643567
18233923333.3,-63.41197554239351
18238921666.7,-62.80445100829145
18243920000.0,-62.798365383660986
18248918333.3,-63.05240671860758
18253916666.7,-62.8185306253112
18258915000.0,-63.41943949888112
18263913333.3,-63.26984724296157
18268911666.7,-63.116320911294196
18273910000.0,-63.27673037601932
18278908333.3,-63.5667765041887
18283906666.7,-63.79572699397153
18288905000.0,-63.64043792113204
18293903333.3,-62.36644730584062
18298901666.7,-63.81753414207387
18303900000.0,-63.24539339670969
18308898333.3,-63.1696124342351
18313896666.7,-62.892939803097704
18318895000.0,-63.580322843580845
18323893333.3,-63.22840507453328
18328891666.7,-62.9223205630512
18333890000.0,-63.392750188026035
18338888333.3,-62.851100779693766
18343886666.7,-63.73043383645971
18348885000.0,-62.802476441426656
18353883333.3,-63.343755191407034
18358881666.7,-63.59897525571293
18363880000.0,-63.25366209575691
18368878333.3,-63.06082049692972
18373876666.7,-62.64407710781896
18378875000.0,-62.836519724050596
18383873333.3,-63.23566788745565
18388871666.7,-63.17899507889891
18393870000.0,-63.44910494262319
18398868333.3,-62.51892853626539
18403866666.7,-61.924555147332654
18408865000.0,-63.3636237568176
18413863333.3,-62.62833216302389
18418861666.7,-63.60522291349135
18423860000.0,-63.15229669555683
18428858333.3,-62.493463720088485
18433856666.7,-63.03351601691577
18438855000.0,-61.671642239697874
18443853333.3,-61.49569265054923
18448851666.7,-63.12495594385663
18453850000.0,-62.75649324764325
18458848333.3,-61.48237445527052
18463846666.7,-62.06048213919011
18468845000.0,-62.65322818944245
18473843333.3,-62.134460208868
18478841666.7,-62.98637892660508
18483840000.0,-62.20442936689296
18488838333.3,-61.91352103749078
18493836666.7,-61.884364566073515
18498835000.0,-62.597678224750666
18503833333.3,-63.090145284387475
18508831666.7,-64.86346193171613
18513830000.0,-62.92463149402284
18518828333.3,-62.98194644688171
18523826666.7,-62.80153085159775
18528825000.0,-63.049298459825856
18533823333.3,-63.645483318017455
18538821666.7,-63.43515515444288
18543820000.0,-63.87492341202703
18548818333.3,-63.020060178445185
18553816666.7,-62.805298338313705
18558815000.0,-62.761691152850226
18563813333.3,-62.74107451915032
18568811666.7,-63.31954232636177
18573810000.0,-62.64230376958466
18578808333.3,-63.37074213615772
18583806666.7,-62.85113201838491
18588805000.0,-63.83490751788041
18593803333.3,-63.162090602029494
18598801666.7,-62.57703196657324
18603800000.0,-63.9504175379131
18608798333.3,-63.94941885206485
18613796666.7,-63.429001962617654
18618795000.0,-63.266992005782576
18623793333.3,-63.49480360621758
18628791666.7,-63.382373160218954
18633790000.0,-62.570739911838906
18638788333.3,-63.3955757296429
18643786666.7,-62.90195269492297
18648785000.0,-62.692341773842614
18653783333.3,-62.20997159348056
18658781666.7,-62.667718199843954
18663780000.0,-62.71668680065928
18668778333.3,-62.426260634964834
18673776666.7,-62.981889437745664
18678775000.0,-63.17778398137417
18683773333.3,-62.94992790781987
18688771666.7,-63.56364845247291
18693770000.0,-62.69860762561902
18698768333.3,-62.25514353601735
18703766666.7,-62.89606056434165
18708765000.0,-62.781139874585165
18713763333.3,-62.90037106096982
18718761666.7,-61.932575214871044
18723760000.0,-61.77621665304119
18728758333.3,-62.90879092715652
18733756666.7,-62.71279017724855
18738755000.0,-62.522450791656055
18743753333.3,-61.59505355726551
18748751666.7,-62.79894453700942
18753750000.0,-62.34499441091798
18758748333.3,-62.85861222028274
18763746666.7,-61.97462101652359
18768745000.0,-62.94257497794304
18773743333.3,-61.599351002341166
18778741666.7,-62.53192897327948
18783740000.0,-62.7106196712118
18788738333.3,-62.53945137193596
18793736666.7,-62.4496620953953
18798735000.0,-63.02602712606032
18803733333.3,-62.613308245999946
18808731666.7,-62.68902988664661
18813730000.0,-63.93988073268895
18818728333.3,-62.12723547164079
18823726666.7,-62.732179632818145
18828725000.0,-63.32902086749341
18833723333.3,-64.22279702137817
18838721666.7,-63.285180543445094
18843720000.0,-63.08505651769817
18848718333.3,-63.116404243611576
18853716666.7,-63.64973523484479
18858715000.0,-63.5092230487768
18863713333.3,-63.94370890535932
18868711666.7,-63.81684840025159
18873710000.0,-62.891384269218655
18878708333.3,-62.433590737460804
18883706666.7,-62.77036922173197
18888705000.0,-62.90717479220213
18893703333.3,-63.08179384498206
18898701666.7,-63.01191103606016
18903700000.0,-62.46769676128052
18908698333.3,-62.70600342681333
18913696666.7,-63.14744958950304
18918695000.0,-62.89786458005296
18923693333.3,-62.55440240300621
18928691666.7,-62.0681320254277
18933690000.0,-63.1282644269852
18938688333.3,-62.40034946744142
18943686666.7,-62.935998812161
18948685000.0,-62.65946504295761
18953683333.3,-63.85895927395123
18958681666.7,-62.278424221351855
18963680000.0,-62.239637036179104
18968678333.3,-62.815204587363276
18973676666.7,-63.23722098092937
18978675000.0,-63.088658326558914
18983673333.3,-62.86804594601932
18988671666.7,-63.829745169815894
18993670000.0,-61.84953378565367
18998668333.3,-62.31693484872028
19003666666.7,-63.81846292946192
19008665000.0,-64.00029811591202
19013663333.3,-62.563409000257934
19018661666.7,-63.88729764435135
19023660000.0,-63.390945745922764
19028658333.3,-63.643311275128916
19033656666.7,-63.45102929272382
19038655000.0,-63.75461288501676
19043653333.3,-63.23135534751099
19048651666.7,-63.62640531133824
19053650000.0,-64.74596410920272
19058648333.3,-63.13072064944015
19063646666.7,-64.07041460154957
19068645000.0,-63.121575827769234
19073643333.3,-62.7676154963277
19078641666.7,-63.02117827393075
19083640000.0,-62.49045299600105
19088638333.3,-63.2936917554055
19093636666.7,-64.26086400714485
19098635000.0,-62.97665366977589
19103633333.3,-63.76062359860442
19108631666.7,-62.37684581232916
19113630000.0,-62.608903266759555
19118628333.3,-61.87229281113845
19123626666.7,-62.48616418543343
19128625000.0,-62.05039310145092
19133623333.3,-63.05167563872568
19138621666.7,-62.01904524085623
19143620000.0,-63.0847346384098
19148618333.3,-62.02690058068531
19153616666.7,-63.05829118242714
19158615000.0,-63.15697277988355
19163613333.3,-63.5977428322679
19168611666.7,-63.35642011377168
19173610000.0,-63.38355870530254
19178608333.3,-62.922601675643996
19183606666.7,-62.688090606366245
19188605000.0,-63.230302098509696
19193603333.3,-63.00072179086815
19198601666.7,-63.00432388345942
19203600000.0,-63.15943033584554
19208598333.3,-63.099749332131665
19213596666.7,-62.9617516205785
19218595000.0,-62.50967743848897
19223593333.3,-62.764185255260294
19228591666.7,-62.65155376691599
19233590000.0,-62.397456772159394
19238588333.3,-63.5681578031909
19243586666.7,-63.45554608379901
19248585000.0,-62.627200818635046
19253583333.3,-63.27149124896022
19258581666.7,-63.20773347049388
19263580000.0,-63.649939139772336
19268578333.3,-63.436593136198745
19273576666.7,-63.21770667807206
19278575000.0,-62.92742588037625
19283573333.3,-63.50080092108999
19288571666.7,-63.51563848363411
19293570000.0,-62.61566719033947
19298568333.3,-63.482028774625626
19303566666.7,-63.23066365150745
19308565000.0,-63.25078253182161
19313563333.3,-63.12403066663954
19318561666.7,-62.85786566089402
19323560000.0,-62.950103533769486
19328558333.3,-63.37462399338689
19333556666.7,-63.499388928925086
19338555000.0,-63.48477521860147
19343553333.3,-62.35780594410876
19348551666.7,-63.21972804363185
19353550000.0,-63.16030060419756
19358548333.3,-62.88135818273786
19363546666.7,-63.79722712461345
19368545000.0,-62.59016738742964
19373543333.3,-62.814978766010896
19378541666.7,-62.49274762770392
19383540000.0,-62.92147765162282
19388538333.3,-62.89840466893154
19393536666.7,-61.85368507823671
19398535000.0,-62.669981615524826
19403533333.3,-61.71570425957506
19408531666.7,-61.97447758582524
19413530000.0,-61.926510011632274
19418528333.3,-62.128471304623744
19423526666.7,-62.355119247579125
19428525000.0,-61.563176033579296
19433523333.3,-61.65129933126228
19438521666.7,-61.95831463224483
19443520000.0,-61.30010226790922
19448518333.3,-61.991866199648726
19453516666.7,-61.470775502403555
19458515000.0,-61.76027461419885
19463513333.3,-61.802938651438666
19468511666.7,-61.98907890918073
19473510000.0,-61.2426160351485
19478508333.3,-61.123756621182494
19483506666.7,-61.26328315097056
19488505000.0,-61.419482130260505
19493503333.3,-61.408437692838056
19498501666.7,-61.47856834506993
19503500000.0,-61.603334305912874
19508498333.3,-61.50585101983196
19513496666.7,-62.76286188619337
19518495000.0,-62.59295410601894
19523493333.3,-61.819253383448256
19528491666.7,-62.70398272585473
19533490000.0,-62.69475538890867
19538488333.3,-62.7630460272172
19543486666.7,-63.090316763603084
19548485000.0,-63.79178071365759
19553483333.3,-63.28450891112803
19558481666.7,-62.39976806522602
19563480000.0,-62.89915633456066
19568478333.3,-64.17871635559449
19573476666.7,-62.30644539374967
19578475000.0,-63.281355092555955
19583473333.3,-62.93030141355268
19588471666.7,-62.85945754570395
19593470000.0,-63.22803145672184
19598468333.3,-62.179398528074366
19603466666.7,-63.26791375796265
19608465000.0,-62.53261041844121
19613463333.3,-63.03669177532907
19618461666.7,-62.08322845707289
19623460000.0,-63.3152009823899
19628458333.3,-63.130585269236086
19633456666.7,-62.681210468147455
19638455000.0,-62.79549059810816
19643453333.3,-61.74050113233635
19648451666.7,-62.30515197137741
19653450000.0,-62.57511617786729
19658448333.3,-62.23769139973362
19663446666.7,-62.17236966086518
19668445000.0,-62.808472301312264
19673443333.3,-63.03166012729233
19678441666.7,-62.79443389767102
19683440000.0,-62.7331236422819
19688438333.3,-62.65049453355779
19693436666.7,-63.026595109982125
19698435000.0,-62.11061493939708
19703433333.3,-63.53743758419745
19708431666.7,-62.62168307010754
19713430000.0,-62.53341377795073
19718428333.3,-62.44530618677949
19723426666.7,-63.11285324078668
19728425000.0,-62.346356318083274
19733423333.3,-62.1944472901517
19738421666.7,-62.09233138401902
19743420000.0,-62.267032743295175
19748418333.3,-61.85364466543112
19753416666.7,-62.38171738597207
19758415000.0,-62.42143092013221
19763413333.3,-63.11087168906751
19768411666.7,-63.04155442048777
19773410000.0,-63.53320627078415
19778408333.3,-62.80143125037579
19783406666.7,-62.662508089207314
19788405000.0,-63.749234177213516
19793403333.3,-62.64268989067601
19798401666.7,-62.94899830693418
19803400000.0,-63.21838340622673
19808398333.3,-62.771023220622425
19813396666.7,-63.4005814144761
19818395000.0,-62.76990411685529
19823393333.3,-62.593834709343795
19828391666.7,-63.48932963366341
19833390000.0,-62.89165428886296
19838388333.3,-62.82539286712776
19843386666.7,-63.21501210019986
19848385000.0,-63.832659814471214
19853383333.3,-64.15081756775824
19858381666.7,-63.83526183259485
19863380000.0,-63.762013706227535
19868378333.3,-62.627205611145804
19873376666.7,-63.85215821913572
19878375000.0,-63.76945285087559
19883373333.3,-63.61651517111548
19888371666.7,-64.53259264747456
19893370000.0,-63.00475211950754
19898368333.3,-63.22422939018516
19903366666.7,-64.84292179145436
19908365000.0,-63.27741261843683
19913363333.3,-63.164056745722625
19918361666.7,-63.543125226839294
19923360000.0,-63.43108492226959
19928358333.3,-63.51022897397627
19933356666.7,-63.31414328394003
19938355000.0,-64.2024829507796
19943353333.3,-63.723072835493355
19948351666.7,-63.568640879171134
19953350000.0,-63.89162234026656
19958348333.3,-63.92340296029627
19963346666.7,-63.532123071710316
19968345000.0,-63.63741157661142
19973343333.3,-63.08944297507217
19978341666.7,-65.14123431269178
19983340000.0,-64.12322189580338
19988338333.3,-63.69774558193995
19993336666.7,-64.45603169820023
19998335000.0,-63.73740557363679
20003333333.3,-63.46355355277201
20008331666.7,-63.56157039510758
20013330000.0,-64.34675744661484
20018328333.3,-64.08757889066683
20023326666.7,-64.39472646647307
20028325000.0,-64.10168347881013
20033323333.3,-64.60737542692465
20038321666.7,-63.46137080197829
20043320000.0,-64.61181814521234
20048318333.3,-63.82562456947486
20053316666.7,-63.47743290783211
20058315000.0,-64.38025524678814
20063313333.3,-64.1608699908488
20068311666.7,-63.85092860782152
20073310000.0,-63.73513488996495
20078308333.3,-63.416019720772695
20083306666.7,-63.79877421584488
20088305000.0,-63.668788624542465
20093303333.3,-63.59673690184571
20098301666.7,-63.71963414739051
20103300000.0,-62.799034211599
20108298333.3,-63.38860269992507
20113296666.7,-63.800891198313245
20118295000.0,-63.899146591141076
20123293333.3,-63.111322877823426
20128291666.7,-63.68107586395149
20133290000.0,-63.788344776352126
20138288333.3,-65.52657764186915
20143286666.7,-63.66337234520977
20148285000.0,-63.2027380097406
20153283333.3,-64.29677830764155
20158281666.7,-64.92505774147132
20163280000.0,-63.21946839390655
20168278333.3,-63.69082448053543
20173276666.7,-64.1225329286258
20178275000.0,-63.28514881419497
20183273333.3,-64.1736755998954
20188271666.7,-64.22057896731143
20193270000.0,-64.67388189116005
20198268333.3,-64.39435131514256
20203266666.7,-65.17058994455763
20208265000.0,-64.29939184689604
20213263333.3,-65.42886680718823
20218261666.7,-64.7475853932882
20223260000.0,-64.16584543028617
20228258333.3,-64.25015824293472
20233256666.7,-63.7644723787201
20238255000.0,-64.65184878717326
20243253333.3,-64.54394986071702
20248251666.7,-64.22664646795806
20253250000.0,-63.501265258922466
20258248333.3,-64.51923827773169
20263246666.7,-64.22079398523894
20268245000.0,-62.812758459540674
20273243333.3,-63.33979093965575
20278241666.7,-64.27145855645801
20283240000.0,-64.2023917159162
20288238333.3,-64.00497194943502
20293236666.7,-64.79269414240245
20298235000.0,-64.29974180722681
20303233333.3,-64.24103921583111
20308231666.7,-64.17688183343516
20313230000.0,-64.3024588559752
20318228333.3,-64.83914696149637
20323226666.7,-64.19698416622361
20328225000.0,-63.22367428812254
20333223333.3,-63.795193883401886
20338221666.7,-62.89868305223713
20343220000.0,-63.34587283521735
20348218333.3,-64.61917366324771
20353216666.7,-63.555821841332275
20358215000.0,-63.19217987727518
20363213333.3,-63.055948435220586
20368211666.7,-63.24162043642316
20373210000.0,-64.08724636278318
20378208333.3,-63.84221630619245
20383206666.7,-63.69423207484828
20388205000.0,-64.69367761827047
20393203333.3,-65.51983976615738
20398201666.7,-64.79866908817331
20403200000.0,-64.55198165950954
20408198333.3,-64.64610203611682
20413196666.7,-64.23270010953809
20418195000.0,-64.35998549939109
20423193333.3,-63.84806793340288
20428191666.7,-63.638381909029576
20433190000.0,-63.9206850911966
20438188333.3,-62.709560773287734
20443186666.7,-64.11515038521156
20448185000.0,-64.08059488736711
20453183333.3,-64.29806612600868
20458181666.7,-65.1327321427457
20463180000.0,-64.48997850622058
20468178333.3,-64.34303365894819
20473176666.7,-64.35263377141064
20478175000.0,-64.00339832498081
20483173333.3,-64.6839226415156
20488171666.7,-64.71427504071441
20493170000.0,-64.31717203661594
20498168333.3,-64.5605485662662
20503166666.7,-64.19437988953482
20508165000.0,-64.4373225380962
20513163333.3,-64.01373450274284
20518161666.7,-63.765016982747824
20523160000.0,-63.71537388123461
20528158333.3,-64.19333972859077
20533156666.7,-65.27470455987722
20538155000.0,-65.01253034852877
20543153333.3,-63.37094438438381
20548151666.7,-64.28529378110846
20553150000.0,-64.25593095328918
20558148333.3,-64.05082041897656
20563146666.7,-64.19744372880511
20568145000.0,-63.475834964261736
20573143333.3,-64.83041840791083
20578141666.7,-63.715325265431524
20583140000.0,-64.5485251021538
20588138333.3,-64.94297530142038
20593136666.7,-64.3647807202432
20598135000.0,-63.70508509338248
20603133333.3,-64.72203298737477
20608131666.7,-64.58825346650931
20613130000.0,-64.09951571501654
20618128333.3,-64.93502663247972
20623126666.7,-64.43363319921588
20628125000.0,-64.43093826539827
20633123333.3,-64.50117722284094
20638121666.7,-64.60358558017396
20643120000.0,-65.03777508040989
20648118333.3,-64.65210084342247
20653116666.7,-65.63269830846195
20658115000.0,-65.24744190265443
20663113333.3,-65.5229043218251
20668111666.7,-64.67608803882642
20673110000.0,-66.08830791906682
20678108333.3,-64.74766184242175
20683106666.7,-65.73980633606186
20688105000.0,-64.70446087988661
20693103333.3,-65.15778101646292
20698101666.7,-65.06499816322251
20703100000.0,-64.17189681392804
20708098333.3,-65.13625688251653
20713096666.7,-64.68008867294712
20718095000.0,-65.85609675993389
20723093333.3,-65.03353732494257
20728091666.7,-65.92954596961785
20733090000.0,-65.6746792263935
20738088333.3,-64.7814888957909
20743086666.7,-64.54587292099743
20748085000.0,-65.07789593960766
20753083333.3,-65.74368531859591
20758081666.7,-65.42423340741965
20763080000.0,-64.88778238074406
20768078333.3,-65.85340203000189
20773076666.7,-65.84698202492403
20778075000.0,-64.61012079421674
20783073333.3,-65.16776025013851
20788071666.7,-65.31768280815218
20793070000.0,-64.30363373481433
20798068333.3,-65.36074981305866
20803066666.7,-65.3616507391076
20808065000.0,-65.26604281231795
20813063333.3,-64.79154169258918
20818061666.7,-65.4819226753144
20823060000.0,-65.82055018797145
20828058333.3,-65.3240082885923
20833056666.7,-64.40145733940804
20838055000.0,-65.27138339484418
20843053333.3,-64.64888921282113
20848051666.7,-64.71720141434794
20853050000.0,-65.07903347044528
20858048333.3,-65.16260937959959
20863046666.7,-64.56451377771286
20868045000.0,-65.3203623553396
20873043333.3,-64.95247300044254
20878041666.7,-65.14471016605145
20883040000.0,-63.522805811430146
20888038333.3,-65.43515712701263
20893036666.7,-64.48388462520874
20898035000.0,-65.36404429981575
20903033333.3,-65.86318204664786
20908031666.7,-67.09339944211455
20913030000.0,-65.33148990839595
20918028333.3,-66.1223466458208
20923026666.7,-65.55978518969299
20928025000.0,-65.98686569291009
20933023333.3,-66.47850101824872
20938021666.7,-65.53061778553725
20943020000.0,-66.38631097826189
20948018333.3,-65.62448718212123
20953016666.7,-66.29603738812462
20958015000.0,-65.78094191420213
20963013333.3,-66.35140473699207
20968011666.7,-66.80755066674094
20973010000.0,-67.35714217505647
20978008333.3,-65.76226459828978
20983006666.7,-65.61714505400457
20988005000.0,-66.63394732926386
20993003333.3,-65.53471079451678
20998001666.7,-66.61568771549241
21003000000.0,-65.0207781150097
21007998333.3,-65.2203221969522
21012996666.7,-66.00060796762436
21017995000.0,-65.8973079268789
21022993333.3,-66.28203078851827
21027991666.7,-64.71347085780478
21032990000.0,-65.19102730705485
21037988333.3,-65.37673968548395
21042986666.7,-65.28804803881204
21047985000.0,-64.56584316677589
21052983333.3,-65.05288609718347
21057981666.7,-65.25586399971449
21062980000.0,-64.37189524347899
21067978333.3,-63.72852053120525
21072976666.7,-65.48144326145302
21077975000.0,-63.852250100213446
21082973333.3,-64.30665048282425
21087971666.7,-65.02657068831809
21092970000.0,-65.29585399653264
21097968333.3,-64.63875808780192
21102966666.7,-64.96785097821399
21107965000.0,-64.95758001823644
21112963333.3,-64.71577932858781
21117961666.7,-65.18444661444701
21122960000.0,-64.87506550838
21127958333.3,-64.00062932465569
21132956666.7,-64.81089805101251
21137955000.0,-64.80839354808
21142953333.3,-64.79317171725359
21147951666.7,-65.2252803659688
21152950000.0,-64.09239753519424
21157948333.3,-65.14714294750411
21162946666.7,-65.60650842836198
21167945000.0,-65.512245638196
21172943333.3,-65.77957017460488
21177941666.7,-66.32409304285832
21182940000.0,-66.19499200714006
21187938333.3,-66.17530618150585
21192936666.7,-65.65995116087146
21197935000.0,-65.35755746535844
21202933333.3,-65.2315489309282
21207931666.7,-65.23187801987447
21212930000.0,-66.08444034376586
21217928333.3,-66.26552475671016
21222926666.7,-65.21866051802999
21227925000.0,-65.85265299160257
21232923333.3,-65.37354782034055
21237921666.7,-65.91059471933261
21242920000.0,-65.75557246950628
21247918333.3,-65.16550181643326
21252916666.7,-66.21793553839868
21257915000.0,-65.61838287345773
21262913333.3,-65.8505694742535
21267911666.7,-66.76783765908877
21272910000.0,-65.29403606091927
21277908333.3,-65.3513790977654
21282906666.7,-65.54908108952453
21287905000.0,-65.04838920985284
21292903333.3,-64.9383146671076
21297901666.7,-64.33130343355144
21302900000.0,-65.10528865784116
21307898333.3,-64.77200107782663
21312896666.7,-64.4041649741921
21317895000.0,-65.75083218307087
21322893333.3,-64.71067143711339
21327891666.7,-64.82961545529814
21332890000.0,-65.9777112088585
21337888333.3,-65.32630932061076
21342886666.7,-64.93503447998918
21347885000.0,-64.4398284497303
21352883333.3,-65.76000602174867
21357881666.7,-64.38083821600615
21362880000.0,-64.56972512811707
21367878333.3,-64.07996563748226
21372876666.7,-64.92502711275219
21377875000.0,-64.7325332623375
21382873333.3,-64.40551309868034
21387871666.7,-64.8281477802629
21392870000.0,-63.95876400369083
21397868333.3,-63.11848222494058
21402866666.7,-64.75322054075309
21407865000.0,-64.8645095952631
21412863333.3,-64.34805899716541
21417861666.7,-64.19615722407222
21422860000.0,-64.3635501838821
21427858333.3,-65.17009498504633
21432856666.7,-64.61660576433377
21437855000.0,-64.6686813102962
21442853333.3,-65.30175096676746
21447851666.7,-64.89456282599355
21452850000.0,-64.41374791788843
21457848333.3,-64.31906853358106
21462846666.7,-65.06893037921824
21467845000.0,-65.68618639238413
21472843333.3,-63.900445920823195
21477841666.7,-64.20585560622345
21482840000.0,-64.56182928745058
21487838333.3,-64.94215444782009
21492836666.7,-65.11559077878405
21497835000.0,-65.13483147971309
21502833333.3,-64.62380148163089
21507831666.7,-65.46083249073551
21512830000.0,-65.16729413649973
21517828333.3,-66.48515675306315
21522826666.7,-66.26803478316145
21527825000.0,-64.29776837447481
21532823333.3,-65.57755870313011
21537821666.7,-64.44101154513064
21542820000.0,-65.12686266442311
21547818333.3,-65.11050349136144
21552816666.7,-65.22463293272602
21557815000.0,-65.08303085197366
21562813333.3,-65.02723460152117
21567811666.7,-64.64355208888145
21572810000.0,-65.18611408780805
21577808333.3,-64.48682047719413
21582806666.7,-64.64398027352958
21587805000.0,-64.93128644576835
21592803333.3,-65.94412881134255
21597801666.7,-64.45080608453506
21602800000.0,-64.46344941267428
21607798333.3,-64.85864653917831
21612796666.7,-64.95184244763925
21617795000.0,-64.92725083864951
21622793333.3,-65.33789825311017
21627791666.7,-65.3286875406698
21632790000.0,-64.28029996697303
21637788333.3,-65.75357849247354
21642786666.7,-66.05837247259831
21647785000.0,-65.68194974860384
21652783333.3,-65.77870972830033
21657781666.7,-65.3286678364922
21662780000.0,-66.46972582730432
21667778333.3,-66.02029212842207
21672776666.7,-65.10412966191299
21677775000.0,-65.8006108761839
21682773333.3,-66.02352885846253
21687771666.7,-65.28687600371653
21692770000.0,-65.04584097913747
21697768333.3,-66.03743408584539
21702766666.7,-65.82222408310629
21707765000.0,-65.37776158609483
21712763333.3,-66.91582431056898
21717761666.7,-64.97188033062939
21722760000.0,-65.09835594710522
21727758333.3,-65.37109375443941
21732756666.7,-65.44770838835676
21737755000.0,-65.20773175541561
21742753333.3,-64.17759090220144
21747751666.7,-64.96380895114184
21752750000.0,-64.55066161676355
21757748333.3,-63.851195527038136
21762746666.7,-64.63895943339269
21767745000.0,-65.09273100629215
21772743333.3,-65.33051713631647
21777741666.7,-65.39916544023465
21782740000.0,-65.53453277824421
21787738333.3,-66.26016930460293
21792736666.7,-64.49989177856042
21797735000.0,-64.64803511252805
21802733333.3,-64.06762662373418
21807731666.7,-65.4458824017644
21812730000.0,-64.21255912832498
21817728333.3,-64.26920017229699
21822726666.7,-64.9436419933086
21827725000.0,-64.3155559320584
21832723333.3,-65.67751924187996
21837721666.7,-66.20525164013782
21842720000.0,-65.7696794058738
21847718333.3,-64.61434977737179
21852716666.7,-67.16584553909037
21857715000.0,-65.6048933297099
21862713333.3,-65.11277516681994
21867711666.7,-65.6573823911272
21872710000.0,-66.69072823579336
21877708333.3,-67.24243059261865
21882706666.7,-66.18265510714582
21887705000.0,-66.93486508816788
21892703333.3,-66.08240065123299
21897701666.7,-65.39060598707508
21902700000.0,-65.32345329972576
21907698333.3,-65.36105639231873
21912696666.7,-65.7738615759883
21917695000.0,-66.4416065709639
21922693333.3,-66.74844648508149
21927691666.7,-65.81112419721096
21932690000.0,-65.49337233414357
21937688333.3,-67.55358127382364
21942686666.7,-68.36367532275638
21947685000.0,-65.81792376284639
21952683333.3,-66.9062866916353
21957681666.7,-65.92451031677103
21962680000.0,-66.5812574127502
21967678333.3,-67.11545957188412
21972676666.7,-67.97311287897061
21977675000.0,-64.6878165852222
21982673333.3,-67.03274065569636
21987671666.7,-65.93480563607899
21992670000.0,-66.89396412639103
21997668333.3,-66.2823487008877
22002666666.7,-65.8638298606495
22007665000.0,-66.37665277420282
22012663333.3,-65.7984688180471
22017661666.7,-65.1161082163758
22022660000.0,-67.1086793679415
22027658333.3,-66.05755481693932
22032656666.7,-65.67589254139969
22037655000.0,-65.53100563988932
22042653333.3,-65.32826751316382
22047651666.7,-66.84789609641128
22052650000.0,-65.74354684894773
22057648333.3,-65.60859797558672
22062646666.7,-65.90074861567489
22067645000.0,-66.52354069599488
22072643333.3,-66.63208538982991
22077641666.7,-66.19846520591572
22082640000.0,-66.03268143229403
22087638333.3,-64.99313436203764
22092636666.7,-66.48254066098043
22097635000.0,-66.75946689088043
22102633333.3,-66.60524980262959
22107631666.7,-65.78694078065844
22112630000.0,-66.25112374328381
22117628333.3,-67.0979268185787
22122626666.7,-65.95910642784077
22127625000.0,-66.84768256825626
22132623333.3,-66.27026036841784
22137621666.7,-67.18346208527564
22142620000.0,-66.65266535157063
22147618333.3,-66.35836824631342
22152616666.7,-66.73787647757523
22157615000.0,-66.92119714553786
22162613333.3,-65.75848544367429
22167611666.7,-66.31301829645773
22172610000.0,-65.42563100822514
22177608333.3,-65.6499459986847
22182606666.7,-65.94484546180355
22187605000.0,-65.93988839533085
22192603333.3,-65.73229574967999
22197601666.7,-65.56604992257567
22202600000.0,-66.74369498569865
22207598333.3,-66.8325307601876
22212596666.7,-65.6552535770781
22217595000.0,-66.77803725678804
22222593333.3,-66.50693248139423
22227591666.7,-65.75799550776553
22232590000.0,-64.97883299214661
22237588333.3,-65.02572872310569
22242586666.7,-65.97159466944541
22247585000.0,-66.99957752960415
22252583333.3,-66.48326711165247
22257581666.7,-65.88998362767481
22262580000.0,-65.90176714918036
22267578333.3,-64.59631107639551
22272576666.7,-65.12177288505123
22277575000.0,-65.66306550668341
22282573333.3,-65.65498317993273
22287571666.7,-66.34621961863536
22292570000.0,-68.19294798296481
22297568333.3,-66.79502215147922
22302566666.7,-65.77264060865932
22307565000.0,-66.73475284301648
22312563333.3,-66.86067861286695
22317561666.7,-66.44594009593659
22322560000.0,-66.58377559484138
22327558333.3,-65.93498405807809
22332556666.7,-67.5069047544083
22337555000.0,-67.04675348713478
22342553333.3,-66.45582466316007
22347551666.7,-66.71988853162748
22352550000.0,-65.99601654838945
22357548333.3,-66.09620734208208
22362546666.7,-66.0051055674995
22367545000.0,-66.52301601131259
22372543333.3,-66.25427977775631
22377541666.7,-67.08756749959682
22382540000.0,-66.53195153336767
22387538333.3,-65.8521215664756
22392536666.7,-66.96692868998129
22397535000.0,-66.87215615180047
22402533333.3,-66.26630998214338
22407531666.7,-66.11840420727052
22412530000.0,-66.30702461900043
22417528333.3,-65.80206111440134
22422526666.7,-66.39472055908784
22427525000.0,-66.54534964907266
22432523333.3,-65.20805727813112
22437521666.7,-65.58595430520751
22442520000.0,-67.64088065239298
22447518333.3,-67.06338718919761
22452516666.7,-66.28006151795555
22457515000.0,-65.61866791972636
22462513333.3,-66.46198899708358
22467511666.7,-66.1783533535014
22472510000.0,-67.55706690968621
22477508333.3,-67.03670217513016
22482506666.7,-66.1628955379983
22487505000.0,-65.96494556916173
22492503333.3,-67.19151502337903
22497501666.7,-65.28368980734226
22502500000.0,-65.70477795073882
22507498333.3,-65.58681978088181
22512496666.7,-65.62951760372687
22517495000.0,-66.72808973125566
22522493333.3,-65.82030081107182
22527491666.7,-66.16123346916403
22532490000.0,-66.39515894138884
22537488333.3,-66.14257397311394
22542486666.7,-66.23982006666836
22547485000.0,-65.88902224354939
22552483333.3,-66.82350961113447
22557481666.7,-66.40240990703822
22562480000.0,-67.25045109684582
22567478333.3,-67.75194045847732
22572476666.7,-67.0806518823468
22577475000.0,-67.03924518798499
22582473333.3,-67.3244560246134
22587471666.7,-68.26267010820837
22592470000.0,-67.24494834768882
22597468333.3,-66.75500453778929
22602466666.7,-67.49349887472604
22607465000.0,-68.48955648753159
22612463333.3,-67.52912845048147
22617461666.7,-66.91445259121727
22622460000.0,-68.3231763253145
22627458333.3,-68.11274267592276
22632456666.7,-67.5849815383934
22637455000.0,-66.68336418748923
22642453333.3,-67.40748468156971
22647451666.7,-67.1850208841312
22652450000.0,-67.14182875435641
22657448333.3,-67.3238064988925
22662446666.7,-68.43836521769443
22667445000.0,-68.23982479319982
22672443333.3,-67.3008822746755
22677441666.7,-67.90314357816665
22682440000.0,-66.96432195562107
22687438333.3,-67.0024912018833
22692436666.7,-67.06559751305426
22697435000.0,-65.99020909881175
22702433333.3,-66.72020153979402
22707431666.7,-68.88598675659625
22712430000.0,-68.10325245932708
22717428333.3,-66.91065050999912
22722426666.7,-66.317928093258
22727425000.0,-66.39022504331813
22732423333.3,-67.49054243883742
22737421666.7,-65.90930155631584
22742420000.0,-66.61058866871001
22747418333.3,-68.31595791210236
22752416666.7,-66.30450420991961
22757415000.0,-68.17298462877027
22762413333.3,-68.46479562505695
22767411666.7,-68.82569865537276
22772410000.0,-66.55013978929594
22777408333.3,-66.441946141587
22782406666.7,-67.80612767792886
22787405000.0,-68.53659072807189
22792403333.3,-69.09968877698225
22797401666.7,-67.21160707665575
22802400000.0,-67.72853441176771
22807398333.3,-68.45146464172657
22812396666.7,-68.26400067616055
22817395000.0,-68.08841696497139
22822393333.3,-68.48534862446076
22827391666.7,-68.11288052560485
22832390000.0,-68.63482861252837
22837388333.3,-68.48175165411818
22842386666.7,-67.97164328365648
22847385000.0,-67.58843768545962
22852383333.3,-68.92148464891815
22857381666.7,-68.71613825285782
22862380000.0,-67.57755417059354
22867378333.3,-69.29512812710855
22872376666.7,-68.88773936299911
22877375000.0,-67.97488912247235
22882373333.3,-68.16326850125854
22887371666.7,-70.32759131015018
22892370000.0,-68.0993408786123
22897368333.3,-68.87518621206043
22902366666.7,-68.82300161950218
22907365000.0,-68.93511884429748
22912363333.3,-70.19384929859352
22917361666.7,-67.58848187294073
22922360000.0,-67.6310733688416
22927358333.3,-67.72644676062947
22932356666.7,-69.39468808636099
22937355000.0,-67.09096537457866
22942353333.3,-68.00394298525245
22947351666.7,-68.28607924564774
22952350000.0,-69.00882525622634
22957348333.3,-68.25094025813735
22962346666.7,-69.29026582723264
22967345000.0,-68.61217859069535
22972343333.3,-67.55831027790221
22977341666.7,-67.83021917595093
22982340000.0,-68.75657584752501
22987338333.3,-68.7381877798268
22992336666.7,-69.07622223356574
22997335000.0,-68.4787202333086
23002333333.3,-68.29800229245011
23007331666.7,-67.89531672115133
23012330000.0,-67.79110783448976
23017328333.3,-67.46379499686343
23022326666.7,-68.90476792527758
23027325000.0,-68.97771282663497
23032323333.3,-68.22297754084506
23037321666.7,-69.27039191000719
23042320000.0,-67.69786684643398
23047318333.3,-67.40154922187455
23052316666.7,-69.38110347726405
23057315000.0,-67.95722356120078
23062313333.3,-68.65923996427843
23067311666.7,-69.81156651198974
23072310000.0,-68.39555252991818
23077308333.3,-67.96781248128796
23082306666.7,-69.49107289954907
23087305000.0,-69.06921673594474
23092303333.3,-69.20743854622354
23097301666.7,-70.01582269008398
23102300000.0,-69.54041125624249
23107298333.3,-68.65225859460702
23112296666.7,-69.89110491099501
23117295000.0,-70.2508818567683
23122293333.3,-70.20432173614589
23127291666.7,-69.19404277118093
23132290000.0,-71.24151531743028
23137288333.3,-71.48072503384752
23142286666.7,-68.84082484782314
23147285000.0,-69.00371036984997
23152283333.3,-70.83805436186432
23157281666.7,-69.07076051951502
23162280000.0,-69.40654242576618
23167278333.3,-69.68519872218106
23172276666.7,-70.44291443223551
23177275000.0,-69.58815330155224
23182273333.3,-68.14635476345724
23187271666.7,-68.390397627339
23192270000.0,-69.84824142336542
23197268333.3,-69.13957692699027
23202266666.7,-70.31089285353124
23207265000.0,-69.14414918620623
23212263333.3,-69.23212092732112
23217261666.7,-68.28082342584558
23222260000.0,-68.49931206111907
23227258333.3,-69.14168546914331
23232256666.7,-67.72951630663874
23237255000.0,-68.39243741970614
23242253333.3,-69.42940150637983
23247251666.7,-68.87230728538809
23252250000.0,-68.32296823928738
23257248333.3,-68.51711284101931
23262246666.7,-69.4460015562096
23267245000.0,-69.69905702673779
23272243333.3,-68.3532072594522
23277241666.7,-68.67858058030404
23282240000.0,-69.9935004404802
23287238333.3,-69.28400614333586
23292236666.7,-68.89895187375367
23297235000.0,-68.31040830467448
23302233333.3,-69.34992636590155
23307231666.7,-68.70837077378768
23312230000.0,-68.80234930255128
23317228333.3,-69.00114131366712
23322226666.7,-69.4990136225916
23327225000.0,-69.78176385055944
23332223333.3,-69.47561786715804
23337221666.7,-68.94750965169905
23342220000.0,-68.6903903050354
23347218333.3,-68.49235058876549
23352216666.7,-70.17894133502925
23357215000.0,-70.21948179361569
23362213333.3,-69.94146258953393
23367211666.7,-69.28960937597873
23372210000.0,-68.39522572887054
23377208333.3,-68.82837355441923
23382206666.7,-70.83344088152363
23387205000.0,-68.96912325420034
23392203333.3,-68.95767757420174
23397201666.7,-68.03579202415075
23402200000.0,-69.26697530701912
23407198333.3,-69.76059897058578
23412196666.7,-69.26650869460387
23417195000.0,-69.23239297421142
23422193333.3,-68.23979002891834
23427191666.7,-68.80768221670839
23432190000.0,-69.1858064110244
23437188333.3,-68.6606818911742
23442186666.7,-68.63852411825903
23447185000.0,-67.77887662682832
23452183333.3,-69.51132721050519
23457181666.7,-69.59112157009164
23462180000.0,-70.15081262508
23467178333.3,-69.83804548412981
23472176666.7,-67.88038290597113
23477175000.0,-69.2639164820447
23482173333.3,-68.91603815086197
23487171666.7,-68.28904379806667
23492170000.0,-67.85878202281489
23497168333.3,-69.03889195410443
23502166666.7,-70.21905243226658
23507165000.0,-69.18144583390256
23512163333.3,-69.51439103912091
23517161666.7,-67.97758702113767
23522160000.0,-67.9601873428937
23527158333.3,-68.4037037249622
23532156666.7,-70.48993066898967
23537155000.0,-68.14146356124098
23542153333.3,-69.19533271063034
23547151666.7,-69.21829017257298
23552150000.0,-69.40843036256454
23557148333.3,-70.19428410138028
23562146666.7,-69.22933033854252
23567145000.0,-68.95358915868587
23572143333.3,-69.16297659724768
23577141666.7,-69.66964167562246
23582140000.0,-68.621259547582
23587138333.3,-68.8824064498799
23592136666.7,-71.31386700825969
23597135000.0,-69.40159944967553
23602133333.3,-68.79358895886192
23607131666.7,-68.76883062129394
23612130000.0,-71.095069377661
23617128333.3,-69.09690439916757
23622126666.7,-68.55160163451481
23627125000.0,-68.6135091134775
23632123333.3,-68.69174610964852
23637121666.7,-70.10879826074476
23642120000.0,-68.55437582956243
23647118333.3,-70.06945369289274
23652116666.7,-68.70117846105751
23657115000.0,-68.5545194997365
23662113333.3,-69.34005022001311
23667111666.7,-69.0537523273706
23672110000.0,-69.45266350682344
23677108333.3,-68.94472033553023
23682106666.7,-68.0397377500382
23687105000.0,-70.2407919095146
23692103333.3,-69.01200844942711
23697101666.7,-69.32656141274124
23702100000.0,-69.88919556091466
23707098333.3,-69.47896327502251
23712096666.7,-69.03799732688913
23717095000.0,-69.44397969792067
23722093333.3,-69.73335198557047
23727091666.7,-70.76351713325062
23732090000.0,-69.11908855288614
23737088333.3,-69.51122820475328
23742086666.7,-69.5711307329038
23747085000.0,-68.15037834936464
23752083333.3,-70.23309303916757
23757081666.7,-69.2948614508756
23762080000.0,-68.30436262348546
23767078333.3,-69.67775313733627
23772076666.7,-69.01598427478413
23777075000.0,-70.41426637696857
23782073333.3,-69.54545568771384
23787071666.7,-71.27102582175579
23792070000.0,-68.99381885728653
23797068333.3,-70.25606868318036
23802066666.7,-68.4542475513024
23807065000.0,-69.27217826559348
23812063333.3,-68.9959003629332
23817061666.7,-70.3112223420904
23822060000.0,-71.32221182395627
23827058333.3,-68.45163665375591
23832056666.7,-68.80678111492762
23837055000.0,-70.50488083168939
23842053333.3,-68.62249391519809
23847051666.7,-70.34315160627118
23852050000.0,-69.3023947997486
23857048333.3,-69.90697878527837
23862046666.7,-69.13240790911081
23867045000.0,-68.4607140220162
23872043333.3,-69.3489950422273
23877041666.7,-68.63991009952643
23882040000.0,-69.59796841161517
23887038333.3,-69.74911826433572
23892036666.7,-68.88997368253247
23897035000.0,-70.13979307581246
23902033333.3,-68.23060186890251
23907031666.7,-69.12280964325872
23912030000.0,-70.19233799344049
23917028333.3,-69.52558782221482
23922026666.7,-68.8384360544764
23927025000.0,-68.82944257611008
23932023333.3,-69.20472262802888
23937021666.7,-68.174068370496
23942020000.0,-68.8254537468028
23947018333.3,-69.7906775386283
23952016666.7,-70.18927968931594
23957015000.0,-69.86016542375037
23962013333.3,-69.78292377974833
23967011666.7,-70.88221605226857
23972010000.0,-69.55575052209726
23977008333.3,-69.92482790747107
23982006666.7,-69.2966694029293
23987005000.0,-70.41622458642534
23992003333.3,-69.36028242707047
23997001666.7,-68.46285031548493
24002000000.0,-69.71014880419423
24006998333.3,-67.75459183994981
24011996666.7,-69.49859614601955
24016995000.0,-69.77251360873493
24021993333.3,-64.93756010218233
24026991666.7,-67.74992771987023
24031990000.0,-68.32892816985006
24036988333.3,-71.23167228678602
24041986666.7,-71.16828602100496
24046985000.0,-73.27444257816205
24051983333.3,-81.18578470410338
24056981666.7,-68.77792413970413
24061980000.0,-68.83389664150413
24066978333.3,-73.07612007264686
24071976666.7,-69.35559456269304
24076975000.0,-68.1211394112924
24081973333.3,-68.86458223037502
24086971666.7,-70.8290679061386
24091970000.0,-69.1730033381124
24096968333.3,-74.31628406950024
24101966666.7,-72.61861352402883
24106965000.0,-67.21330261213244
24111963333.3,-64.92427543426733
24116961666.7,-64.61377558114233
24121960000.0,-65.73528643610216
24126958333.3,-66.334178590372
24131956666.7,-65.78419825895283
24136955000.0,-66.35763502578722
24141953333.3,-70.70236021708465
24146951666.7,-67.27350802158767
24151950000.0,-66.65294675788789
24156948333.3,-68.58789003153296
24161946666.7,-66.67302054226971
24166945000.0,-68.03141164574456
24171943333.3,-71.45934938788737
24176941666.7,-64.61939726834153
24181940000.0,-72.2389733074487
24186938333.3,-65.40915959501254
24191936666.7,-66.64661224474891
24196935000.0,-66.11157950681891
24201933333.3,-68.27621892628207
24206931666.7,-66.24076960696851
24211930000.0,-67.04108650910575
24216928333.3,-69.11634101917464
24221926666.7,-70.52665812393853
24226925000.0,-73.64968845363936
24231923333.3,-73.53778284513876
24236921666.7,-65.57536642761254
24241920000.0,-68.33691906700919
24246918333.3,-70.43487191507552
24251916666.7,-71.83096063567612
24256915000.0,-69.34455543299222
24261913333.3,-70.13117077647229
24266911666.7,-63.083898000842204
24271910000.0,-73.18944803119636
24276908333.3,-69.56836367816561
24281906666.7,-72.57247886445666
24286905000.0,-74.55045155596615
24291903333.3,-69.54956702392575
24296901666.7,-69.61819288394847
24301900000.0,-71.03501711216659
24306898333.3,-67.93754376657671
24311896666.7,-69.77822092217225
24316895000.0,-69.60856329249317
24321893333.3,-66.46040323847436
24326891666.7,-69.04645958242776
24331890000.0,-74.6580440972667
24336888333.3,-73.02396777620869
24341886666.7,-68.0454251373334
24346885000.0,-70.93527861566497
24351883333.3,-71.60489260418953
24356881666.7,-66.64679074057376
24361880000.0,-65.44664867175031
24366878333.3,-67.24192995742126
24371876666.7,-70.55607536970216
24376875000.0,-67.72179706817776
24381873333.3,-70.71249381269116
24386871666.7,-69.77917330322038
24391870000.0,-66.89600636134355
24396868333.3,-66.29740706807843
24401866666.7,-67.38175163238323
24406865000.0,-68.97278531911914
24411863333.3,-73.03555764226044
24416861666.7,-68.3590905376259
24421860000.0,-71.22633048671635
24426858333.3,-66.14433500800197
24431856666.7,-70.57471807457661
24436855000.0,-71.14557924206467
24441853333.3,-72.29340232862802
24446851666.7,-68.43881873486177
24451850000.0,-68.26065401156539
24456848333.3,-68.43519064299167
24461846666.7,-66.43864686987207
24466845000.0,-65.78822123728854
24471843333.3,-71.70554538163913
24476841666.7,-73.07811871686972
24481840000.0,-75.87599978742139
24486838333.3,-68.22813428514502
24491836666.7,-69.49281307487448
24496835000.0,-69.32077731290174
24501833333.3,-70.8732495189649
24506831666.7,-70.91919551506956
24511830000.0,-68.24877507220114
24516828333.3,-68.294223186262
24521826666.7,-66.79689748512818
24526825000.0,-76.36233956517171
24531823333.3,-74.25706294218139
24536821666.7,-71.75105988288746
24541820000.0,-68.9606298413848
24546818333.3,-73.43635759924508
24551816666.7,-71.22521876597008
24556815000.0,-75.08234070196895
24561813333.3,-73.46927827994375
24566811666.7,-69.34687288479168
24571810000.0,-67.37203024296485
24576808333.3,-66.20488621132127
24581806666.7,-73.85424146953248
24586805000.0,-70.96888221759667
24591803333.3,-71.37580168541311
24596801666.7,-68.76865838681141
24601800000.0,-68.84910335796815
24606798333.3,-67.20263478236114
24611796666.7,-69.53973434252204
24616795000.0,-67.48789013699701
24621793333.3,-71.64819094990024
24626791666.7,-68.61667858382494
24631790000.0,-72.28370049227445
24636788333.3,-77.13217043233092
24641786666.7,-70.38856531421357
24646785000.0,-71.07587610564204
24651783333.3,-73.16820762273662
24656781666.7,-75.0426400728732
24661780000.0,-69.86596460485303
24666778333.3,-68.69183595826391
24671776666.7,-67.61470342466265
24676775000.0,-75.65691122647198
24681773333.3,-66.42733214128265
24686771666.7,-68.15696008569955
24691770000.0,-68.14177961485707
24696768333.3,-66.55177005541798
24701766666.7,-69.88776396949245
24706765000.0,-68.75145319339029
24711763333.3,-65.04078812176081
24716761666.7,-68.61393726332496
24721760000.0,-70.52804018187966
24726758333.3,-69.66624387221822
24731756666.7,-81.46307721904016
24736755000.0,-68.45946348952795
24741753333.3,-66.28156135295951
24746751666.7,-69.76290893250793
24751750000.0,-69.96326802486527
24756748333.3,-67.84090564907717
24761746666.7,-69.66628512135914
24766745000.0,-72.39108259099217
24771743333.3,-72.09850281641022
24776741666.7,-72.33992075102277
24781740000.0,-68.43618251817882
24786738333.3,-67.3049428837682
24791736666.7,-74.20706901996839
24796735000.0,-68.77539461832743
24801733333.3,-71.18936271252105
24806731666.7,-69.38476218292277
24811730000.0,-70.91611812842909
24816728333.3,-68.78586188132984
24821726666.7,-78.13804136301195
24826725000.0,-74.15955029373976
24831723333.3,-65.67405232348588
24836721666.7,-70.49949093165498
24841720000.0,-71.42868802302382
24846718333.3,-73.88824588924986
24851716666.7,-74.42112503800448
24856715000.0,-70.03228176530712
24861713333.3,-66.97001660676088
24866711666.7,-74.75250149666938
24871710000.0,-67.15065818317622
24876708333.3,-71.29496220045495
24881706666.7,-70.14900181721319
24886705000.0,-72.71699220818603
24891703333.3,-67.16569267477551
24896701666.7,-68.34442693505619
24901700000.0,-86.15195019002827
24906698333.3,-69.0518900059617
24911696666.7,-73.22603515645513
24916695000.0,-71.92654285499826
24921693333.3,-68.43725689387281
24926691666.7,-68.79117314756368
24931690000.0,-70.25674910771832
24936688333.3,-69.7766099111085
24941686666.7,-76.89372586076865
24946685000.0,-70.85728479160375
24951683333.3,-70.81987962580966
24956681666.7,-74.72433848549264
24961680000.0,-68.32315110160766
24966678333.3,-71.67472348280158
24971676666.7,-70.65737739707258
24976675000.0,-70.86223009982714
24981673333.3,-76.32779858505319
24986671666.7,-73.77874016169292
24991670000.0,-75.19536313418718
24996668333.3,-72.29247381407055
25001666666.7,-69.57885867164292
25006665000.0,-70.07644513909436
25011663333.3,-71.4286039139403
25016661666.7,-72.89341587714317
25021660000.0,-68.83312452696744
25026658333.3,-75.45776880959463
25031656666.7,-76.88232517472503
25036655000.0,-68.51824157303355
25041653333.3,-72.05145978191149
25046651666.7,-69.05031361868764
25051650000.0,-76.82360808956527
25056648333.3,-74.77520948860702
25061646666.7,-70.23183433519505
25066645000.0,-71.04721523817649
25071643333.3,-71.0449271557126
25076641666.7,-72.31272197014515
25081640000.0,-80.9956338188064
25086638333.3,-69.3177031690568
25091636666.7,-73.30582395784069
25096635000.0,-70.39190992706529
25101633333.3,-70.52706239715943
25106631666.7,-74.04376934491987
25111630000.0,-77.80924045947711
25116628333.3,-67.16357567292904
25121626666.7,-69.35940219511097
25126625000.0,-78.58715000605407
25131623333.3,-75.82536084554849
25136621666.7,-67.12208124530767
25141620000.0,-67.86676836083116
25146618333.3,-67.36603610814531
25151616666.7,-93.00053390046256
25156615000.0,-73.0947967539847
25161613333.3,-72.92972566423556
25166611666.7,-72.6083459117675
25171610000.0,-75.44348018610717
25176608333.3,-80.33367572030996
25181606666.7,-70.73236166313951
25186605000.0,-74.02622848308907
25191603333.3,-72.47137019656206
25196601666.7,-74.98833472454243
25201600000.0,-76.36247017246009
25206598333.3,-75.47880462740211
25211596666.7,-72.05888155952081
25216595000.0,-74.43200263763222
25221593333.3,-72.2198984154553
25226591666.7,-72.05698427387821
25231590000.0,-74.92489555225661
25236588333.3,-73.25349049597123
25241586666.7,-69.28686340263958
25246585000.0,-71.22295763241829
25251583333.3,-70.24859634306638
25256581666.7,-78.83683129262431
25261580000.0,-75.21054077259949
25266578333.3,-70.88622314119877
25271576666.7,-68.32230619647913
25276575000.0,-74.11898850819878
25281573333.3,-69.41546906267907
25286571666.7,-79.31768641605554
25291570000.0,-75.67998060713614
25296568333.3,-79.67195357633065
25301566666.7,-96.2663603307266
25306565000.0,-83.9581816353345
25311563333.3,-78.54498994019991
25316561666.7,-71.07241775816658
25321560000.0,-70.85045865885647
25326558333.3,-69.19313868083988
25331556666.7,-69.22465425842319
25336555000.0,-70.73612985710294
25341553333.3,-72.07319420513667
25346551666.7,-72.97221382853824
25351550000.0,-71.52916422715491
25356548333.3,-76.17696187080811
25361546666.7,-72.67934725349303
25366545000.0,-74.82226804046672
25371543333.3,-82.80095758076189
25376541666.7,-69.14919926434239
25381540000.0,-75.31045533846198
25386538333.3,-73.04663570809876
25391536666.7,-70.4687643856592
25396535000.0,-81.55262986926543
25401533333.3,-69.87445466458064
25406531666.7,-78.2559131321967
25411530000.0,-69.2410715887098
25416528333.3,-74.01034248793135
25421526666.7,-74.11943650884456
25426525000.0,-75.10904827379969
25431523333.3,-72.51098870647294
25436521666.7,-70.97596386701598
25441520000.0,-71.15886115045805
25446518333.3,-68.03411177743834
25451516666.7,-74.32572978224565
25456515000.0,-76.43727743136711
25461513333.3,-74.13849037143025
25466511666.7,-72.94920105557308
25471510000.0,-79.53458815288931
25476508333.3,-83.25490256719667
25481506666.7,-78.4282512166709
25486505000.0,-70.00885298518146
25491503333.3,-73.47949158693221
25496501666.7,-70.77012175478073
25501500000.0,-71.34811242267969
25506498333.3,-70.79424115661814
25511496666.7,-71.92021535862408
25516495000.0,-71.87814195815457
25521493333.3,-72.00167647838833
25526491666.7,-71.91022565772607
25531490000.0,-67.83624772571929
25536488333.3,-72.36888517697074
25541486666.7,-73.243211097879
25546485000.0,-71.15917938537257
25551483333.3,-69.71611463760843
25556481666.7,-72.56017187056477
25561480000.0,-78.7637935112535
25566478333.3,-68.39130006181637
25571476666.7,-89.56567390654627
25576475000.0,-73.47777864166567
25581473333.3,-80.70385642467892
25586471666.7,-70.79608387371815
25591470000.0,-72.54668099233518
25596468333.3,-70.92480768028062
25601466666.7,-75.32160561970602
25606465000.0,-70.6615970854739
25611463333.3,-74.40950438068121
25616461666.7,-74.94367336004285
25621460000.0,-71.29729815670433
25626458333.3,-73.69190881479079
25631456666.7,-71.85287376090395
25636455000.0,-69.88494687323376
25641453333.3,-81.00330042414677
25646451666.7,-76.09215742116051
25651450000.0,-69.8875795752335
25656448333.3,-74.40600182488336
25661446666.7,-79.36982557364453
25666445000.0,-80.64797165378268
25671443333.3,-76.36502067727575
25676441666.7,-75.45959995876866
25681440000.0,-84.12650118700908
25686438333.3,-69.67624498222169
25691436666.7,-70.8469768206973
25696435000.0,-77.37530949461606
25701433333.3,-73.64716886243366
25706431666.7,-76.22607441149982
25711430000.0,-80.64022279610329
25716428333.3,-79.98379810103592
25721426666.7,-70.89303866247808
25726425000.0,-71.97401605808338
25731423333.3,-83.34555172806573
25736421666.7,-73.51456814997798
25741420000.0,-70.47169434675088
25746418333.3,-67.14410808804931
25751416666.7,-75.9291541463739
25756415000.0,-71.79246885866009
25761413333.3,-74.7186131240169
25766411666.7,-71.05985453005209
25771410000.0,-74.69919332429878
25776408333.3,-68.8407532081583
25781406666.7,-78.04240863306592
25786405000.0,-72.78435006164935
25791403333.3,-73.57990677795928
25796401666.7,-83.57271624019606
25801400000.0,-72.87115890706933
25806398333.3,-74.52945211786216
25811396666.7,-86.16500362661239
25816395000.0,-78.20790054970234
25821393333.3,-69.98540123907222
25826391666.7,-74.97873209930796
25831390000.0,-67.0496505352931
25836388333.3,-75.93686444641918
25841386666.7,-71.55665925772642
25846385000.0,-71.39385237145433
25851383333.3,-68.44885712214594
25856381666.7,-77.00242685786547
25861380000.0,-68.14881083186714
25866378333.3,-82.89125557951226
25871376666.7,-70.373688411755
25876375000.0,-83.45292704241538
25881373333.3,-71.2561523282607
25886371666.7,-75.31671370560345
25891370000.0,-74.85186316020723
25896368333.3,-71.91150723363592
25901366666.7,-77.31718547695279
25906365000.0,-85.28553347407953
25911363333.3,-80.91893155751337
25916361666.7,-82.33842812404285
25921360000.0,-93.12964711085786
25926358333.3,-74.70285770806531
25931356666.7,-70.38766526853027
25936355000.0,-73.59280300347339
25941353333.3,-77.12368835863823
25946351666.7,-68.0575239204297
25951350000.0,-67.88749816180376
25956348333.3,-81.30557370627967
25961346666.7,-74.10228724363145
25966345000.0,-67.33025849022394
25971343333.3,-68.08800857696431
25976341666.7,-75.00508406376541
25981340000.0,-72.0089302284695
25986338333.3,-78.23199460268472
25991336666.7,-73.51010428071491
25996335000.0,-71.46182137825807
26001333333.3,-71.55193665795223
26006331666.7,-91.46896364983084
26011330000.0,-71.1977579562743
26016328333.3,-70.30233115961596
26021326666.7,-74.34297446370064
26026325000.0,-72.30507832910168
26031323333.3,-75.71549602732506
26036321666.7,-74.63733430978746
26041320000.0,-79.74710437111273
26046318333.3,-71.26128297869488
26051316666.7,-87.14145279662054
26056315000.0,-74.27320815283049
26061313333.3,-77.81863538940814
26066311666.7,-73.95295525669309
26071310000.0,-68.02664990948338
26076308333.3,-73.1393605762583
26081306666.7,-77.09621648068344
26086305000.0,-73.57641761217016
26091303333.3,-83.72105554846382
26096301666.7,-69.63370317676765
26101300000.0,-74.46455050674588
26106298333.3,-66.97997436401876
26111296666.7,-70.49569317343958
26116295000.0,-74.4682963255581
26121293333.3,-80.29635406084603
26126291666.7,-71.71946800328924
26131290000.0,-75.97056225850439
26136288333.3,-70.1690194009633
26141286666.7,-76.09464691770148
26146285000.0,-78.08190650183052
26151283333.3,-67.8470730749241
26156281666.7,-74.02634326546006
26161280000.0,-77.23044720660911
26166278333.3,-76.5525165824038
26171276666.7,-75.41514712369013
26176275000.0,-77.52354469387606
26181273333.3,-72.2705868987923
26186271666.7,-77.79565581542359
26191270000.0,-75.20829925178391
26196268333.3,-71.56666543943608
26201266666.7,-73.97371107428603
26206265000.0,-77.16789175826494
26211263333.3,-85.55141403452437
26216261666.7,-74.38890700335867
26221260000.0,-77.09736088348893
26226258333.3,-74.7438473624475
26231256666.7,-78.15873796621216
26236255000.0,-83.7237707467604
26241253333.3,-75.8265721497057
26246251666.7,-72.61922910161167
26251250000.0,-80.1675990248404
26256248333.3,-74.06576464985778
26261246666.7,-70.74369396457547
26266245000.0,-72.36957549631691
26271243333.3,-81.6307922472946
26276241666.7,-70.68317237373107
26281240000.0,-73.04029518766346
26286238333.3,-79.93997271569013
26291236666.7,-75.40018746723467
26296235000.0,-69.53628871482873
26301233333.3,-77.02828349022003
26306231666.7,-75.74447569112594
26311230000.0,-69.74191780943359
26316228333.3,-76.50324435264204
26321226666.7,-73.96227747677565
26326225000.0,-70.79630813596405
26331223333.3,-81.03002947841644
26336221666.7,-78.61874412758624
26341220000.0,-88.01532693485646
26346218333.3,-77.23585606252686
26351216666.7,-93.4932951454515
26356215000.0,-74.14238248242897
26361213333.3,-74.59957036494973
26366211666.7,-73.12621749342543
26371210000.0,-74.1383868176797
26376208333.3,-72.06849448447088
26381206666.7,-82.09471939953858
26386205000.0,-78.39061294555553
26391203333.3,-70.96556853924935
26396201666.7,-74.84158436230081
26401200000.0,-85.0267716894892
26406198333.3,-76.8144484949512
26411196666.7,-74.3314995332909
26416195000.0,-79.28432858899251
26421193333.3,-81.7210039167937
26426191666.7,-73.41995039902264
26431190000.0,-75.89183695491008
26436188333.3,-69.41197090854419
26441186666.7,-75.32614403013369
26446185000.0,-82.63878990303283
26451183333.3,-73.10673962547396
26456181666.7,-69.16445559942167
26461180000.0,-69.61171276406809
26466178333.3,-71.48524236448057
26471176666.7,-76.48888147426422
26476175000.0,-74.09640700094985
26481173333.3,-80.96107767404962
26486171666.7,-75.40896817216945
26491170000.0,-72.98739449195521
26496168333.3,-74.3880988957596
26501166666.7,-71.24862937074552
26506165000.0,-81.77852296755896
26511163333.3,-74.25454724722917
26516161666.7,-79.61757060210418
26521160000.0,-69.07534946143365
26526158333.3,-72.16338276930627
26531156666.7,-75.4486713363531
26536155000.0,-73.68381045451184
26541153333.3,-84.74656153068842
26546151666.7,-68.08205226035243
26551150000.0,-80.88443743120263
26556148333.3,-73.28539967487029
26561146666.7,-87.5229252495829
26566145000.0,-77.76361543761303
26571143333.3,-72.26885311988204
26576141666.7,-74.60367639763453
26581140000.0,-83.39167751666244
26586138333.3,-73.41068233701802
26591136666.7,-67.28821272424932
26596135000.0,-84.61577893391956
26601133333.3,-75.10415271982237
26606131666.7,-93.66789162758502
26611130000.0,-79.13560427166674
26616128333.3,-70.85561478142506
26621126666.7,-79.41093699258373
26626125000.0,-79.50271460917936
26631123333.3,-71.75775546812872
26636121666.7,-73.37532443014032
26641120000.0,-80.4061907833033
26646118333.3,-84.95870507379637
26651116666.7,-82.95639070907583
26656115000.0,-67.97156662978574
26661113333.3,-71.47228240394716
26666111666.7,-82.41171017992131
26671110000.0,-76.04539020952241
26676108333.3,-72.30023224999127
26681106666.7,-71.5655665063344
26686105000.0,-76.01928463235909
26691103333.3,-71.50620321117727
26696101666.7,-74.35085612806395
26701100000.0,-82.73794513287797
26706098333.3,-76.6548337825087
26711096666.7,-70.20266780466278
26716095000.0,-73.41335114836278
26721093333.3,-73.53051472200177
26726091666.7,-74.72953664096627
26731090000.0,-76.00712117891206
26736088333.3,-73.3623810116704
26741086666.7,-76.02980102293768
26746085000.0,-73.93917275725897
26751083333.3,-78.11952633531877
26756081666.7,-79.73938764865565
26761080000.0,-75.42537314003076
26766078333.3,-75.05338235377931
26771076666.7,-82.26243276541844
26776075000.0,-69.61071723217918
26781073333.3,-75.84839920376474
26786071666.7,-85.09374227879047
26791070000.0,-69.41464904112253
26796068333.3,-68.29480443011049
26801066666.7,-72.41048243675226
26806065000.0,-75.00483047769245
26811063333.3,-76.67668907845831
26816061666.7,-82.93802430589508
26821060000.0,-84.99688444063125
26826058333.3,-88.69848500416643
26831056666.7,-78.84594157413156
26836055000.0,-80.12239670958277
26841053333.3,-76.35235120165292
26846051666.7,-77.09874797998526
26851050000.0,-77.61612575463113
26856048333.3,-75.4290346748851
26861046666.7,-72.4834119613068
26866045000.0,-76.14303770927808
26871043333.3,-103.02621430854451
26876041666.7,-71.021945346438
26881040000.0,-69.89739668102656
26886038333.3,-68.54033199474449
26891036666.7,-84.85654313537526
26896035000.0,-72.27728165806954
26901033333.3,-81.51276714348944
26906031666.7,-79.7915535968782
26911030000.0,-75.1302244249124
26916028333.3,-74.02097031117819
26921026666.7,-74.14993858817611
26926025000.0,-73.48869724554046
26931023333.3,-72.77514399269945
26936021666.7,-75.46198207559857
26941020000.0,-69.37230671177569
26946018333.3,-85.36157688385887
26951016666.7,-78.16041562658349
26956015000.0,-77.04058912514432
26961013333.3,-71.75783684527627
26966011666.7,-75.17905602142298
26971010000.0,-74.3159460462996
26976008333.3,-82.51034606388887
26981006666.7,-74.52956615340776
26986005000.0,-75.77780879726654
26991003333.3,-73.62370971178271
26996001666.7,-74.42064267533242
27001000000.0,-76.7355114446298
27005998333.3,-71.9380581624974
27010996666.7,-75.71018428183953
27015995000.0,-76.07792840785356
27020993333.3,-78.06143005746374
27025991666.7,-72.99680194253776
27030990000.0,-72.97992275625657
27035988333.3,-76.56623825394591
27040986666.7,-76.46284185561956
27045985000.0,-77.86152951741138
27050983333.3,-79.7615880196187
27055981666.7,-80.44785340366262
27060980000.0,-79.853707923085
27065978333.3,-74.9559285815233
27070976666.7,-76.3707637439477
27075975000.0,-73.40000635105866
27080973333.3,-77.87072361998875
27085971666.7,-96.99354667411454
27090970000.0,-84.48973223815608
27095968333.3,-90.75890745973062
27100966666.7,-78.846644718745
27105965000.0,-76.93910059595153
27110963333.3,-75.21491904164358
27115961666.7,-72.52326304796084
27120960000.0,-69.90066657969473
27125958333.3,-86.85429748020957
27130956666.7,-74.71669234448088
27135955000.0,-71.23901825086736
27140953333.3,-72.75945461917891
27145951666.7,-89.18413870260464
27150950000.0,-74.58113288672517
27155948333.3,-71.09124436757396
27160946666.7,-71.90410010107838
27165945000.0,-71.26044223911697
27170943333.3,-74.19269137906062
27175941666.7,-73.65055761865281
27180940000.0,-74.86358873472037
27185938333.3,-72.18182639176061
27190936666.7,-74.88766914404269
27195935000.0,-87.1097353780617
27200933333.3,-87.52715133768689
27205931666.7,-77.49216795260108
27210930000.0,-77.87575105029605
27215928333.3,-71.02556636497282
27220926666.7,-80.46811256480714
27225925000.0,-72.13562015457065
27230923333.3,-74.42834969916913
27235921666.7,-71.55259883582944
27240920000.0,-73.9398496039392
27245918333.3,-76.01892214562503
27250916666.7,-86.2920389281996
27255915000.0,-72.92952456032066
27260913333.3,-76.36553586170102
27265911666.7,-82.97086049126783
27270910000.0,-72.99400752858894
27275908333.3,-72.24624947193942
27280906666.7,-77.69720468588504
27285905000.0,-74.39699832938653
27290903333.3,-77.56084534499885
27295901666.7,-73.70207634467977
27300900000.0,-76.46635280968921
27305898333.3,-92.65559088311436
27310896666.7,-74.11289306744627
27315895000.0,-78.72453826132823
27320893333.3,-72.77695795507499
27325891666.7,-103.80433757438547
27330890000.0,-82.77286153250046
27335888333.3,-77.7483644440069
27340886666.7,-74.95990882443515
27345885000.0,-89.14757735586049
27350883333.3,-74.0507935222274
27355881666.7,-79.36945332462821
27360880000.0,-88.7803078974529
27365878333.3,-74.42048693633606
27370876666.7,-79.17187600650071
27375875000.0,-74.09605237112338
27380873333.3,-80.57470143492723
27385871666.7,-73.42564667434186
27390870000.0,-89.16209169955322
27395868333.3,-75.97188796084278
27400866666.7,-77.16419966772703
27405865000.0,-89.33182644043367
27410863333.3,-84.48422661565756
27415861666.7,-93.70465386895647
27420860000.0,-70.67731646684598
27425858333.3,-78.73681475808931
27430856666.7,-81.83857822428027
27435855000.0,-75.27289173859428
27440853333.3,-74.1481910473094
27445851666.7,-80.69443676654205
27450850000.0,-85.0155760759388
27455848333.3,-87.59471091835637
27460846666.7,-81.98803334965896
27465845000.0,-81.94157609416182
27470843333.3,-77.28752937608328
27475841666.7,-75.11609328581225
27480840000.0,-84.7485365415009
27485838333.3,-74.35192294071607
27490836666.7,-81.21284195016217
27495835000.0,-72.07009172959913
27500833333.3,-81.88725692235708
27505831666.7,-76.87905574413931
27510830000.0,-73.98923283469091
27515828333.3,-75.00457277925423
27520826666.7,-75.89038776396012
27525825000.0,-74.05143596559019
27530823333.3,-81.30505749130441
27535821666.7,-81.94569082928919
27540820000.0,-81.1890029936856
27545818333.3,-89.28680404756024
27550816666.7,-80.66775822548614
27555815000.0,-75.37712173940997
27560813333.3,-74.20893059368784
27565811666.7,-75.7219866859786
27570810000.0,-71.90127820679055
27575808333.3,-77.26245930986349
27580806666.7,-82.54236540439481
27585805000.0,-80.97153093376535
27590803333.3,-90.94012818914473
27595801666.7,-73.97064039085181
27600800000.0,-72.52533675733149
27605798333.3,-86.0253636317797
27610796666.7,-70.66493106336681
27615795000.0,-78.15100553092933
27620793333.3,-83.79482416612127
27625791666.7,-72.75135147701668
27630790000.0,-77.56658761136443
27635788333.3,-82.30161857995131
27640786666.7,-75.47140333812766
27645785000.0,-83.06170592589977
27650783333.3,-75.61499496577599
27655781666.7,-74.1356743659797
27660780000.0,-81.15423567359244
27665778333.3,-76.7785982520316
27670776666.7,-83.10482667598448
27675775000.0,-76.6846261068167
27680773333.3,-79.84914183693792
27685771666.7,-79.1769290635073
27690770000.0,-91.28672737871639
27695768333.3,-72.62824533167978
27700766666.7,-74.170944997434
27705765000.0,-97.2229811293158
27710763333.3,-78.77308184141643
27715761666.7,-72.87878453776929
27720760000.0,-84.40644965768823
27725758333.3,-72.9634059714593
27730756666.7,-84.07196946242215
27735755000.0,-76.77413445967142
27740753333.3,-76.23930098912533
27745751666.7,-79.23575982658198
27750750000.0,-75.66271643281463
27755748333.3,-75.01798072941087
27760746666.7,-78.89738168430914
27765745000.0,-80.25431047633296
27770743333.3,-77.03755910989217
27775741666.7,-83.73251235454113
27780740000.0,-76.58774030319749
27785738333.3,-75.40781190554831
27790736666.7,-85.75572516888998
27795735000.0,-81.31385270551604
27800733333.3,-71.3346476484981
27805731666.7,-89.91288735711467
27810730000.0,-78.11114174072014
27815728333.3,-70.31959354859818
27820726666.7,-70.69433596396692
27825725000.0,-85.29949850287724
27830723333.3,-73.53632758370196
27835721666.7,-80.88084534693587
27840720000.0,-75.11684650538325
27845718333.3,-74.10773300040816
27850716666.7,-73.89220277802028
27855715000.0,-88.96790422839095
27860713333.3,-78.2275726976649
27865711666.7,-86.002618192487
27870710000.0,-82.34404230920815
27875708333.3,-78.4741724867394
27880706666.7,-89.13009922404967
27885705000.0,-76.17933373751825
27890703333.3,-77.60930192960436
27895701666.7,-75.46273500856833
27900700000.0,-75.95749536811736
27905698333.3,-73.9567393283793
27910696666.7,-77.47683095853407
27915695000.0,-78.34356450459848
27920693333.3,-80.78774319187733
27925691666.7,-71.13908704500604
27930690000.0,-83.24643052154214
27935688333.3,-72.37138328946777
27940686666.7,-73.82910684896666
27945685000.0,-77.52091631772304
27950683333.3,-80.34883865442309
27955681666.7,-81.48488717058241
27960680000.0,-82.3261096004557
27965678333.3,-76.49572732670063
27970676666.7,-76.03102215408373
27975675000.0,-103.8709036078209
27980673333.3,-75.47549994717643
27985671666.7,-79.20805930331201
27990670000.0,-77.94468254060648
27995668333.3,-73.47978042294966
28000666666.7,-73.45815180130201
28005665000.0,-77.08820070608381
28010663333.3,-87.04754505524002
28015661666.7,-85.82790379278252
28020660000.0,-75.44646446417921
28025658333.3,-81.79234072606423
28030656666.7,-83.93306241606696
28035655000.0,-85.41190378357241
28040653333.3,-78.47981416441321
28045651666.7,-74.54799623931214
28050650000.0,-79.79956389435617
28055648333.3,-79.580671936161
28060646666.7,-74.44466894415066
28065645000.0,-92.09074629023144
28070643333.3,-78.16735050520882
28075641666.7,-107.33623626391707
28080640000.0,-73.13231067640146
28085638333.3,-90.74935623399206
28090636666.7,-79.42409813222801
28095635000.0,-80.75814111312319
28100633333.3,-85.93464044252491
28105631666.7,-80.23436756457697
28110630000.0,-80.3648703368553
28115628333.3,-92.87719526828666
28120626666.7,-75.47520978351803
28125625000.0,-77.70013082475835
28130623333.3,-73.36680036624595
28135621666.7,-77.9763554148787
28140620000.0,-76.68197400786651
28145618333.3,-81.6622926118201
28150616666.7,-81.28632722907695
28155615000.0,-75.7790693622306
28160613333.3,-75.96842423501141
28165611666.7,-85.65732963138026
28170610000.0,-76.7047842221719
28175608333.3,-78.3473603288326
28180606666.7,-87.62865753698279
28185605000.0,-87.24043216758362
28190603333.3,-79.62671819511884
28195601666.7,-81.24053801322529
28200600000.0,-73.35834081372218
28205598333.3,-78.01469455459888
28210596666.7,-87.15921347788833
28215595000.0,-76.62214242194429
28220593333.3,-87.09060474255098
28225591666.7,-87.18770445478297
28230590000.0,-75.06388401588029
28235588333.3,-71.7180664305452
28240586666.7,-76.04523383771806
28245585000.0,-73.88561735355337
28250583333.3,-73.27915430128895
28255581666.7,-76.50714682928235
28260580000.0,-75.22577525356617
28265578333.3,-79.25344898536432
28270576666.7,-76.68524427822877
28275575000.0,-88.25686341351931
28280573333.3,-76.79727943405125
28285571666.7,-78.28913752189044
28290570000.0,-78.79931055784341
28295568333.3,-100.20092083147453
28300566666.7,-88.62661790977967
28305565000.0,-77.50957098393285
28310563333.3,-78.3174971565574
28315561666.7,-78.38338870052816
28320560000.0,-76.29751302774092
28325558333.3,-78.76130284426948
28330556666.7,-75.98865159073503
28335555000.0,-81.15711546844628
28340553333.3,-86.66434128199151
28345551666.7,-82.27308745705214
28350550000.0,-75.1170499660825
28355548333.3,-85.12915953973834
28360546666.7,-86.79454823066521
28365545000.0,-76.7340106195557
28370543333.3,-89.30352811493185
28375541666.7,-81.0909088580823
28380540000.0,-74.17207454763006
28385538333.3,-79.08446168696396
28390536666.7,-84.85100374456661
28395535000.0,-94.38675380375184
28400533333.3,-80.87022424395914
28405531666.7,-80.1171013748244
28410530000.0,-72.96524668006506
28415528333.3,-73.71458663667232
28420526666.7,-79.47827616442319
28425525000.0,-76.31405381997563
28430523333.3,-76.64641058608842
28435521666.7,-75.41254195716265
28440520000.0,-80.10634259859545
28445518333.3,-76.94914117165982
28450516666.7,-78.41240266433007
28455515000.0,-75.85443259617752
28460513333.3,-89.15852776591747
28465511666.7,-78.48865270317152
28470510000.0,-74.78867558375146
28475508333.3,-76.93242595268859
28480506666.7,-76.94776094309637
28485505000.0,-82.33763679799287
28490503333.3,-87.69132148344646
28495501666.7,-83.8968343660497
28500500000.0,-82.92087182570165
28505498333.3,-73.83786696542636
28510496666.7,-76.23148756545642
28515495000.0,-81.36819580316313
28520493333.3,-76.2742867648323
28525491666.7,-83.90310031579133
28530490000.0,-77.65169277448413
28535488333.3,-85.77765301540632
28540486666.7,-82.61449713397853
28545485000.0,-79.40484212023253
28550483333.3,-88.71394039497392
28555481666.7,-73.28235945764314
28560480000.0,-73.428695162336
28565478333.3,-75.54000106132172
28570476666.7,-79.89294425583985
28575475000.0,-89.51954374142053
28580473333.3,-81.53039342340077
28585471666.7,-80.47008420153871
28590470000.0,-80.90406343589338
28595468333.3,-84.24591204149051
28600466666.7,-87.56498230163987
28605465000.0,-76.90409469148798
28610463333.3,-78.19590944547478
28615461666.7,-82.20381278647483
28620460000.0,-78.52382845361026
28625458333.3,-97.36860852957281
28630456666.7,-80.8314422514666
28635455000.0,-80.56947073463539
28640453333.3,-78.05131205421287
28645451666.7,-85.89978513910555
28650450000.0,-80.13046589093305
28655448333.3,-78.65526074961727
28660446666.7,-76.56132940320403
28665445000.0,-77.98361092076684
28670443333.3,-75.53746002219108
28675441666.7,-83.2972827701719
28680440000.0,-82.37289152959681
28685438333.3,-86.11492202899873
28690436666.7,-81.49359257974791
28695435000.0,-78.59707395947393
28700433333.3,-78.28032743063616
28705431666.7,-79.86619228882434
28710430000.0,-75.5922328281622
28715428333.3,-75.88763426060169
28720426666.7,-84.67508214010135
28725425000.0,-88.28614578730182
28730423333.3,-87.66764198019112
28735421666.7,-87.25479610174492
28740420000.0,-84.77255399501338
28745418333.3,-76.22561064091879
28750416666.7,-81.66706868012533
28755415000.0,-74.92054162521913
28760413333.3,-75.29953255249549
28765411666.7,-75.38506913961659
28770410000.0,-82.72822003477611
28775408333.3,-77.81075812164008
28780406666.7,-87.68954726921135
28785405000.0,-89.40582059261479
28790403333.3,-82.98355542052943
28795401666.7,-84.91939308459216
28800400000.0,-78.69620242417325
28805398333.3,-77.88047623905526
28810396666.7,-78.96484845658777
28815395000.0,-82.95221058192945
28820393333.3,-78.43235561008036
28825391666.7,-82.82909267358745
28830390000.0,-74.98328117108491
28835388333.3,-72.0938625387127
28840386666.7,-80.29750422598099
28845385000.0,-74.19501843739849
28850383333.3,-80.24004701197762
28855381666.7,-77.13334123923708
28860380000.0,-73.57875862896599
28865378333.3,-83.47701319962526
28870376666.7,-76.22158861332606
28875375000.0,-78.46755326037287
28880373333.3,-85.04543111481651
28885371666.7,-85.7944754705996
28890370000.0,-77.83686451802488
28895368333.3,-71.86180707900334
28900366666.7,-77.81410203440805
28905365000.0,-82.48853932019215
28910363333.3,-79.33549796006537
28915361666.7,-80.97148045801654
28920360000.0,-80.96138640857966
28925358333.3,-76.80270720408684
28930356666.7,-77.76799439581873
28935355000.0,-77.835886144823
28940353333.3,-75.87375626801598
28945351666.7,-81.81200686509966
28950350000.0,-74.75952565847892
28955348333.3,-79.7552260795373
28960346666.7,-88.42698142545687
28965345000.0,-76.91125873929452
28970343333.3,-83.78935284580477
28975341666.7,-76.95514607780991
28980340000.0,-77.21056316994995
28985338333.3,-85.81770831489983
28990336666.7,-76.40768917935179
28995335000.0,-76.20252026287847
29000333333.3,-77.09881932983225
29005331666.7,-79.23514637172572
29010330000.0,-78.72642983946103
29015328333.3,-78.73664294816207
29020326666.7,-79.84138984586922
29025325000.0,-72.62592172416282
29030323333.3,-79.90193271573646
29035321666.7,-77.44429739830076
29040320000.0,-76.42258343201534
29045318333.3,-76.57036507869327
29050316666.7,-91.29863577041833
29055315000.0,-90.15935238964832
29060313333.3,-88.30121368291513
29065311666.7,-82.13678339859047
29070310000.0,-77.59005708194476
29075308333.3,-79.34827702426628
29080306666.7,-82.20626147815979
29085305000.0,-84.1120541729781
29090303333.3,-75.54503518006416
29095301666.7,-88.59346097449496
29100300000.0,-90.62747499797347
29105298333.3,-72.73446884375082
29110296666.7,-83.78995535752856
29115295000.0,-78.21706278656747
29120293333.3,-81.55269849449772
29125291666.7,-75.82709162171068
29130290000.0,-74.51611291769774
29135288333.3,-88.13813517794739
29140286666.7,-84.40919693788372
29145285000.0,-79.60262086258305
29150283333.3,-87.98972760751911
29155281666.7,-79.79739291170429
29160280000.0,-76.94630000958144
29165278333.3,-91.3386193326399
29170276666.7,-79.18685405723609
29175275000.0,-89.19153755144134
29180273333.3,-73.17447263647155
29185271666.7,-80.55503684113236
29190270000.0,-69.8822504651703
29195268333.3,-81.12664409128439
29200266666.7,-80.6844910653045
29205265000.0,-78.95428356182512
29210263333.3,-83.31688865554827
29215261666.7,-82.66442089636733
29220260000.0,-73.0172638147058
29225258333.3,-76.38090053177658
29230256666.7,-80.66167708275307
29235255000.0,-73.48650644157537
29240253333.3,-81.33434235820083
29245251666.7,-75.86695866389981
29250250000.0,-83.83689650708574
29255248333.3,-82.99512229534629
29260246666.7,-71.7168823098286
29265245000.0,-78.91744205343238
29270243333.3,-80.69774025422619
29275241666.7,-75.20380156811444
29280240000.0,-83.92974080651484
29285238333.3,-85.71983283013503
29290236666.7,-72.75658322090865
29295235000.0,-79.10395535420413
29300233333.3,-77.19207859746489
29305231666.7,-75.88844181595763
29310230000.0,-86.82542956423866
29315228333.3,-75.54166488988643
29320226666.7,-73.60917321117144
29325225000.0,-77.9957375854287
29330223333.3,-76.95357494747566
29335221666.7,-80.92355783806907
29340220000.0,-80.55492043812608
29345218333.3,-77.65259282781558
29350216666.7,-78.63047113418297
29355215000.0,-74.79020965583354
29360213333.3,-78.81242327843341
29365211666.7,-76.0593116001261
29370210000.0,-77.46257616744398
29375208333.3,-79.76674480480439
29380206666.7,-79.37090955662708
29385205000.0,-78.51439846017061
29390203333.3,-76.34062219103231
29395201666.7,-77.24192784279705
29400200000.0,-79.79926312465791
29405198333.3,-76.52256000612095
29410196666.7,-88.59574072095393
29415195000.0,-88.69084730165517
29420193333.3,-72.3387704555799
29425191666.7,-80.46524993005505
29430190000.0,-78.88871888760002
29435188333.3,-74.0703562786001
29440186666.7,-82.27602565586818
29445185000.0,-81.53906476894537
29450183333.3,-85.0103235120835
29455181666.7,-76.08059091394533
29460180000.0,-82.03876224828498
29465178333.3,-79.45156963935065
29470176666.7,-74.76362308913919
29475175000.0,-86.28576385774298
29480173333.3,-80.21125225261073
29485171666.7,-80.44374527339096
29490170000.0,-84.71435245623132
29495168333.3,-76.38581123956007
29500166666.7,-79.50672062302925
29505165000.0,-77.8670528396613
29510163333.3,-76.77386521687484
29515161666.7,-88.84459484068302
29520160000.0,-78.09947246910484
29525158333.3,-72.620043605727
29530156666.7,-91.81985055382206
29535155000.0,-91.23702656908776
29540153333.3,-74.85853435076737
29545151666.7,-76.40346982011113
29550150000.0,-78.96260228801384
29555148333.3,-75.49183640878564
29560146666.7,-74.73353429385982
29565145000.0,-73.51952277314582
29570143333.3,-80.77219464679817
29575141666.7,-70.4739327195769
29580140000.0,-83.04513327985502
29585138333.3,-77.59846565352564
29590136666.7,-75.07483152696408
29595135000.0,-71.52354406745769
29600133333.3,-77.53532115363797
29605131666.7,-81.28867814889026
29610130000.0,-75.81438571517222
29615128333.3,-86.57836504389563
29620126666.7,-82.46924639606048
29625125000.0,-72.85863686408793
29630123333.3,-94.68890438608618
29635121666.7,-78.12858706644708
29640120000.0,-78.53687884344131
29645118333.3,-73.21146996776318
29650116666.7,-76.92402676631455
29655115000.0,-73.19179191910547
29660113333.3,-80.32962639011788
29665111666.7,-79.5139701485079
29670110000.0,-76.37957047996319
29675108333.3,-76.34513417500452
29680106666.7,-81.7211482971021
29685105000.0,-75.87931999558703
29690103333.3,-78.20353909133058
29695101666.7,-90.9305755501557
29700100000.0,-76.86679898427964
29705098333.3,-89.97414617503597
29710096666.7,-72.45727150050512
29715095000.0,-74.63897043004287
29720093333.3,-88.74132180279686
29725091666.7,-72.61973632946982
29730090000.0,-84.65497624642973
29735088333.3,-72.37879555993169
29740086666.7,-76.5696160279576
29745085000.0,-82.19885878021122
29750083333.3,-90.58126572091962
29755081666.7,-74.82267087042524
29760080000.0,-79.28953430475202
29765078333.3,-80.58925534495734
29770076666.7,-92.82552962799188
29775075000.0,-75.84375382323886
29780073333.3,-75.11039722258359
29785071666.7,-74.07452308261934
29790070000.0,-85.3954914975135
29795068333.3,-81.1295352351163
29800066666.7,-75.56082446767971
29805065000.0,-79.31233367301506
29810063333.3,-73.76259269007375
29815061666.7,-75.39980962009444
29820060000.0,-84.33428595533535
29825058333.3,-77.98832984644511
29830056666.7,-76.63375150561019
29835055000.0,-78.94858779376153
29840053333.3,-88.24808677860295
29845051666.7,-91.80948037735024
29850050000.0,-74.66481942880058
29855048333.3,-80.85541681627623
29860046666.7,-81.66351913442324
29865045000.0,-78.48241627999546
29870043333.3,-83.0736307741224
29875041666.7,-77.34971554622602
29880040000.0,-72.6968438004471
29885038333.3,-79.4024281040974
29890036666.7,-82.26325941635653
29895035000.0,-80.33622172747151
29900033333.3,-80.19560172911186
29905031666.7,-77.54258628607667
29910030000.0,-76.06508849491065
29915028333.3,-84.0259588231491
29920026666.7,-74.8517096583477
29925025000.0,-74.85494536776118
29930023333.3,-81.79429349343998
29935021666.7,-73.99291246832226
29940020000.0,-79.56052304294295
29945018333.3,-89.50075591542517
29950016666.7,-80.07606300943024
29955015000.0,-79.5777732766456
29960013333.3,-88.58096492124841
29965011666.7,-86.14537081380276
29970010000.0,-73.48747479312752
29975008333.3,-73.10949589597905
29980006666.7,-83.14934475262653
29985005000.0,-84.1245891094481
29990003333.3,-89.15392912982233
29995001666.7,-73.67220096705819
30000000000.0,-71.00805135737426
