Frequency_Hz,Magnitude_dB
10000000.0,-62.073120518530644
14998333.3333,-66.26671010688239
19996666.6667,-63.99878088243875
24995000.0,-64.64698301959692
29993333.3333,-68.42655261527413
34991666.6667,-67.30386878333911
39990000.0,-71.86677017349419
44988333.3333,-68.70138888228307
49986666.6667,-71.00365978673184
54985000.0,-69.53447594000406
59983333.3333,-85.60564865946108
64981666.6667,-71.59285683259556
69980000.0,-71.67880268173073
74978333.3333,-73.18928787150122
79976666.6667,-83.55825831130879
84975000.0,-68.59592591603744
89973333.3333,-73.24210062939842
94971666.6667,-79.53851479563366
99970000.0,-70.33672685429143
104968333.333,-69.75608817988704
109966666.667,-66.36732626248033
114965000.0,-79.10188324398008
119963333.333,-74.99030365029964
124961666.667,-66.79011481397092
129960000.0,-74.72252577284479
134958333.333,-70.89041231226724
139956666.667,-72.09802004648068
144955000.0,-75.11475502119322
149953333.333,-68.89847951424197
154951666.667,-81.6399431906409
159950000.0,-70.58348052850734
164948333.333,-80.05017977407252
169946666.667,-70.26986473350239
174945000.0,-73.60699393388559
179943333.333,-70.09727649140022
184941666.667,-75.23359531944772
189940000.0,-72.78418668253607
194938333.333,-77.23995172945779
199936666.667,-73.56207008307578
204935000.0,-75.31395840478014
209933333.333,-68.57654018919767
214931666.667,-72.6360485230562
219930000.0,-70.03298005702379
224928333.333,-74.30604661971415
229926666.667,-71.52171301933029
234925000.0,-72.24906941215843
239923333.333,-75.39852859406166
244921666.667,-70.00891143242923
249920000.0,-73.54408792099665
254918333.333,-73.47853622407601
259916666.667,-72.16752195959783
264915000.0,-73.39968648210197
269913333.333,-76.4881492572334
274911666.667,-72.35911665697662
279910000.0,-81.62438052433473
284908333.333,-76.0714290898456
289906666.667,-70.16713581122657
294905000.0,-69.81340750282298
299903333.333,-70.92124093098768
304901666.667,-77.39229014784364
309900000.0,-72.40454331744365
314898333.333,-72.84647417528011
319896666.667,-70.0857461166722
324895000.0,-69.91699482849577
329893333.333,-74.14823710612872
334891666.667,-75.53134023532184
339890000.0,-74.8182247481543
344888333.333,-73.09365227173797
349886666.667,-75.53966703897504
354885000.0,-72.97805134574978
359883333.333,-76.3601335522185
364881666.667,-76.33428026522695
369880000.0,-73.51025915477528
374878333.333,-75.16206485701028
379876666.667,-68.08368775557962
384875000.0,-69.6818615267704
389873333.333,-76.01378422464168
394871666.667,-72.60889966140462
399870000.0,-70.63169418668495
404868333.333,-75.5596591550787
409866666.667,-73.39298146505291
414865000.0,-82.67244552727534
419863333.333,-73.36513204207215
424861666.667,-72.19514216499202
429860000.0,-70.7992877560945
434858333.333,-75.19930877063034
439856666.667,-79.71637063573058
444855000.0,-73.70395129068766
449853333.333,-73.87962449378654
454851666.667,-71.86896260455032
459850000.0,-73.77158027142303
464848333.333,-73.1187605823504
469846666.667,-74.14745800718748
474845000.0,-73.08112215320148
479843333.333,-73.8620370756719
484841666.667,-75.52090987669546
489840000.0,-75.1719307360714
494838333.333,-72.42580915315264
499836666.667,-72.16390964876213
504835000.0,-70.7247822774279
509833333.333,-73.42403823124096
514831666.667,-74.74532650423902
519830000.0,-74.19397107198856
524828333.333,-74.23191622468195
529826666.667,-72.83170758322049
534825000.0,-71.19272567560445
539823333.333,-72.40929770708544
544821666.667,-76.72134694270493
549820000.0,-74.71335901870333
554818333.333,-71.63634493963745
559816666.667,-76.42811411533727
564815000.0,-68.694864056273
569813333.333,-73.22698823752447
574811666.667,-72.4657990245353
579810000.0,-71.66806458770373
584808333.333,-72.51062437864111
589806666.667,-72.37923751075286
594805000.0,-71.12146018109691
599803333.333,-70.54545469251775
604801666.667,-76.18006085343819
609800000.0,-70.79146365150463
614798333.333,-73.18537231299072
619796666.667,-73.55482783271451
624795000.0,-70.98138327737004
629793333.333,-77.83053864851293
634791666.667,-72.94061840461042
639790000.0,-73.10389681009515
644788333.333,-73.24601770308527
649786666.667,-75.03029167694278
654785000.0,-73.32530006072858
659783333.333,-73.29719301689033
664781666.667,-72.33104654126731
669780000.0,-74.77799721948665
674778333.333,-75.88882856523996
679776666.667,-73.89328391042616
684775000.0,-75.68526245179207
689773333.333,-71.01142338000874
694771666.667,-72.96226373751067
699770000.0,-71.42423785076129
704768333.333,-75.59320964853009
709766666.667,-72.27100676733873
714765000.0,-70.92325914848304
719763333.333,-75.07187826214574
724761666.667,-73.17883610031315
729760000.0,-73.28555607093134
734758333.333,-73.16733120693142
739756666.667,-76.85927601768435
744755000.0,-70.84394895134227
749753333.333,-71.60389414852526
754751666.667,-72.16065946079637
759750000.0,-73.40938254029517
764748333.333,-72.73472285539331
769746666.667,-74.69687821600107
774745000.0,-71.53400209965034
779743333.333,-75.27363370832619
784741666.667,-71.95904450327899
789740000.0,-71.58283929538662
794738333.333,-70.60132434919164
799736666.667,-72.43212410414546
804735000.0,-76.04690401442322
809733333.333,-72.46471568762261
814731666.667,-76.0687944774576
819730000.0,-73.19888948176076
824728333.333,-74.48391022481219
829726666.667,-73.9202872009383
834725000.0,-74.43132716440145
839723333.333,-72.45596433516997
844721666.667,-74.69982817905264
849720000.0,-71.96184251451871
854718333.333,-71.35842780859258
859716666.667,-73.5049053932938
864715000.0,-73.07025820841575
869713333.333,-73.48222751690365
874711666.667,-71.41998938737119
879710000.0,-73.74654492980297
884708333.333,-71.57329294418244
889706666.667,-72.53688378026172
894705000.0,-74.66005636316937
899703333.333,-72.26502660305587
904701666.667,-71.78174899640722
909700000.0,-74.69751110720249
914698333.333,-72.40229743300202
919696666.667,-73.15452422307818
924695000.0,-70.24786038386969
929693333.333,-71.99462610553415
934691666.667,-71.04813732872047
939690000.0,-71.50592278911934
944688333.333,-75.9077876366081
949686666.667,-73.80228227621703
954685000.0,-72.84358176748539
959683333.333,-71.07336630952774
964681666.667,-73.85258396526058
969680000.0,-71.25787920805385
974678333.333,-71.75552206212907
979676666.667,-74.13600820899288
984675000.0,-73.57342611268827
989673333.333,-74.1440888573708
994671666.667,-72.21404588976384
999670000.0,-70.83150773813293
1004668333.33,-72.91094052497108
1009666666.67,-72.9986507866409
1014665000.0,-72.0045714533234
1019663333.33,-75.18271051858517
1024661666.67,-73.96061317268759
1029660000.0,-74.15580842432956
1034658333.33,-72.36263798572362
1039656666.67,-72.1670200910732
1044655000.0,-72.57090200554619
1049653333.33,-72.4933433489586
1054651666.67,-71.2839176093803
1059650000.0,-72.37704681425642
1064648333.33,-71.59887397069762
1069646666.67,-72.20246496615724
1074645000.0,-72.25057419469405
1079643333.33,-71.62482885013456
1084641666.67,-71.45307468595242
1089640000.0,-73.32597168310893
1094638333.33,-72.05620374684342
1099636666.67,-71.98620829416848
1104635000.0,-71.44117183301199
1109633333.33,-72.41262831937034
1114631666.67,-73.91121911609117
1119630000.0,-71.73773285537463
1124628333.33,-74.17596104764387
1129626666.67,-73.06934000588237
1134625000.0,-73.81721763389639
1139623333.33,-72.04098106969894
1144621666.67,-72.70603728256127
1149620000.0,-72.32796245433181
1154618333.33,-74.23400504137696
1159616666.67,-70.73454445136997
1164615000.0,-72.30052141184905
1169613333.33,-70.49528970162842
1174611666.67,-72.2430071688362
1179610000.0,-78.02894632529632
1184608333.33,-72.75162239909972
1189606666.67,-69.97558893152802
1194605000.0,-72.16170119265163
1199603333.33,-70.90245654924955
1204601666.67,-75.09464344487483
1209600000.0,-71.90570164295363
1214598333.33,-71.46924318559518
1219596666.67,-71.18676287487686
1224595000.0,-71.33595509426767
1229593333.33,-71.03756116635299
1234591666.67,-72.37497579812596
1239590000.0,-71.41816016734136
1244588333.33,-72.66295132175199
1249586666.67,-73.37421488079761
1254585000.0,-70.82477402115919
1259583333.33,-69.54661410134632
1264581666.67,-72.18715390221274
1269580000.0,-71.18951627891599
1274578333.33,-71.63343896877785
1279576666.67,-72.11272345467503
1284575000.0,-70.13586588054156
1289573333.33,-72.75304887681664
1294571666.67,-71.73240645859171
1299570000.0,-71.71933386832654
1304568333.33,-72.10425594879804
1309566666.67,-70.2611506835292
1314565000.0,-71.99928298043478
1319563333.33,-73.06193711557971
1324561666.67,-72.83389118739568
1329560000.0,-73.08681919193131
1334558333.33,-71.89982446792419
1339556666.67,-69.87493635164093
1344555000.0,-70.78304251930548
1349553333.33,-71.23746040451587
1354551666.67,-72.8368414684326
1359550000.0,-71.29399856630107
1364548333.33,-72.114290169271
1369546666.67,-71.05329217344047
1374545000.0,-71.78657974953757
1379543333.33,-70.19695362558346
1384541666.67,-70.45246562292016
1389540000.0,-70.19509891370741
1394538333.33,-72.60612613536364
1399536666.67,-71.97637924500854
1404535000.0,-70.53243099728112
1409533333.33,-73.08317502910913
1414531666.67,-72.07910273697382
1419530000.0,-69.92052902743801
1424528333.33,-70.80009767067055
1429526666.67,-70.9828395818369
1434525000.0,-70.99778005554555
1439523333.33,-70.48203436122404
1444521666.67,-71.07501717633377
1449520000.0,-72.86647588744697
1454518333.33,-72.21147934842698
1459516666.67,-74.30645164534889
1464515000.0,-73.69576285682209
1469513333.33,-71.58424061579748
1474511666.67,-71.29126216298002
1479510000.0,-69.75121479402543
1484508333.33,-70.16674497480189
1489506666.67,-69.82665114718012
1494505000.0,-70.72929492589421
1499503333.33,-70.23708738534764
1504501666.67,-71.3722499401805
1509500000.0,-69.64842349762912
1514498333.33,-69.50017329082124
1519496666.67,-73.081036336505
1524495000.0,-71.9599302680623
1529493333.33,-71.15776743097348
1534491666.67,-70.4084990140655
1539490000.0,-71.2846833232951
1544488333.33,-72.08687681081646
1549486666.67,-71.1484668923456
1554485000.0,-70.98994760674087
1559483333.33,-71.57575812127271
1564481666.67,-71.85010570844211
1569480000.0,-71.24712743367552
1574478333.33,-71.33273319081599
1579476666.67,-69.81335853981722
1584475000.0,-69.34254050203553
1589473333.33,-71.19247576158945
1594471666.67,-71.77293811527119
1599470000.0,-71.44740840045681
1604468333.33,-69.81302656363995
1609466666.67,-69.84684031773372
1614465000.0,-69.76028599944132
1619463333.33,-69.33722059742418
1624461666.67,-72.98462853864916
1629460000.0,-74.1993524123972
1634458333.33,-72.42778652079502
1639456666.67,-70.40742554499064
1644455000.0,-71.75544948183564
1649453333.33,-70.31690115542366
1654451666.67,-71.85697188633937
1659450000.0,-70.7285262434749
1664448333.33,-70.92830414645998
1669446666.67,-70.53386167096653
1674445000.0,-71.46553566000344
1679443333.33,-70.44900867683249
1684441666.67,-71.17067484823752
1689440000.0,-71.99669166642336
1694438333.33,-73.37640857571594
1699436666.67,-71.1525316395398
1704435000.0,-72.46289238481586
1709433333.33,-69.28502893076592
1714431666.67,-68.71946083260703
1719430000.0,-71.32237994538013
1724428333.33,-72.68712638915359
1729426666.67,-71.21457426899079
1734425000.0,-69.61340486486321
1739423333.33,-70.91054405758686
1744421666.67,-73.24139560004684
1749420000.0,-71.07643521198003
1754418333.33,-70.82585470371995
1759416666.67,-69.1307999072839
1764415000.0,-72.14563855266064
1769413333.33,-70.89567529454352
1774411666.67,-70.70989383145425
1779410000.0,-71.45518395846256
1784408333.33,-71.15154795290964
1789406666.67,-71.39302422474502
1794405000.0,-71.1358842906434
1799403333.33,-70.55751784202032
1804401666.67,-69.43497104112961
1809400000.0,-69.78228368734602
1814398333.33,-70.45769680365242
1819396666.67,-71.46093844299708
1824395000.0,-71.7434793838318
1829393333.33,-72.78249039543661
1834391666.67,-70.89918691468095
1839390000.0,-71.34440719097034
1844388333.33,-70.94930587184945
1849386666.67,-73.06222104150184
1854385000.0,-70.69039236031755
1859383333.33,-70.99618763066185
1864381666.67,-71.35076352721038
1869380000.0,-70.6992218104717
1874378333.33,-72.36770686172844
1879376666.67,-71.73467601142166
1884375000.0,-71.08290937887402
1889373333.33,-72.49615560796762
1894371666.67,-68.95617355815598
1899370000.0,-69.4812692327324
1904368333.33,-72.27227965269275
1909366666.67,-70.95112065796818
1914365000.0,-72.20937917543975
1919363333.33,-69.588695697289
1924361666.67,-68.96645171957546
1929360000.0,-71.53107396693183
1934358333.33,-70.55427130392728
1939356666.67,-75.29186902949118
1944355000.0,-72.09044224437956
1949353333.33,-70.01835421440211
1954351666.67,-70.46787538877673
1959350000.0,-70.8681990362763
1964348333.33,-70.3962819189867
1969346666.67,-71.46263135510475
1974345000.0,-72.69773347380122
1979343333.33,-69.17435768155988
1984341666.67,-69.47367935289098
1989340000.0,-69.2487631368911
1994338333.33,-70.5282928451544
1999336666.67,-70.15491055614682
2004335000.0,-70.6416269265382
2009333333.33,-72.64343469559806
2014331666.67,-72.16755833566138
2019330000.0,-71.34045996709068
2024328333.33,-71.08250023584634
2029326666.67,-73.67578839275853
2034325000.0,-71.15841329430313
2039323333.33,-71.18161748809852
2044321666.67,-70.80804583719457
2049320000.0,-71.34829912671134
2054318333.33,-70.10035850682836
2059316666.67,-70.27840987314033
2064315000.0,-72.73052748328736
2069313333.33,-71.09993024460019
2074311666.67,-71.49782401405022
2079310000.0,-71.5709166770647
2084308333.33,-72.84681271579333
2089306666.67,-71.30618057485958
2094305000.0,-68.71588000519756
2099303333.33,-70.19752830521037
2104301666.67,-70.6431616018652
2109300000.0,-70.5420558429188
2114298333.33,-69.10553840688829
2119296666.67,-69.03348640402518
2124295000.0,-71.28206238396879
2129293333.33,-69.40427129253727
2134291666.67,-70.38322841441781
2139290000.0,-70.91844394812698
2144288333.33,-69.92497097481534
2149286666.67,-69.4417894055083
2154285000.0,-71.63639634893191
2159283333.33,-69.04046138396122
2164281666.67,-69.70364490284022
2169280000.0,-71.82436356074132
2174278333.33,-68.65901960228085
2179276666.67,-69.46299187483969
2184275000.0,-70.69594126653118
2189273333.33,-70.79175808589083
2194271666.67,-70.2450645186319
2199270000.0,-71.42769485847236
2204268333.33,-70.23981786632915
2209266666.67,-70.20056019072742
2214265000.0,-71.24138876488358
2219263333.33,-71.23662994748109
2224261666.67,-69.21578408642443
2229260000.0,-68.56990941568233
2234258333.33,-73.02751516587324
2239256666.67,-70.5529170577041
2244255000.0,-71.62972010644818
2249253333.33,-69.58791713310767
2254251666.67,-70.15829461490179
2259250000.0,-70.56165977482073
2264248333.33,-70.98615279048664
2269246666.67,-74.08595071233235
2274245000.0,-69.8257847658729
2279243333.33,-70.6598550294002
2284241666.67,-72.39158080572993
2289240000.0,-69.19055517490075
2294238333.33,-70.56210291682156
2299236666.67,-69.80142963569938
2304235000.0,-70.8812018745654
2309233333.33,-70.35515475373552
2314231666.67,-70.68967015279338
2319230000.0,-69.6541677251564
2324228333.33,-72.61954908874431
2329226666.67,-70.1800156345167
2334225000.0,-69.51849965295078
2339223333.33,-69.88706290393198
2344221666.67,-71.57730172456495
2349220000.0,-71.16479757085463
2354218333.33,-71.3242727278973
2359216666.67,-70.32999926098813
2364215000.0,-69.75334517781624
2369213333.33,-69.13836398395074
2374211666.67,-70.02029747846345
2379210000.0,-71.4393679087024
2384208333.33,-70.12251004334702
2389206666.67,-69.32452235901133
2394205000.0,-70.29916947518193
2399203333.33,-69.41598973246109
2404201666.67,-69.98487897565698
2409200000.0,-69.27079380432303
2414198333.33,-69.83698678811207
2419196666.67,-69.7756614646292
2424195000.0,-70.1483672245096
2429193333.33,-71.18070965463677
2434191666.67,-71.88155299631752
2439190000.0,-72.22536176069883
2444188333.33,-69.18163084922213
2449186666.67,-69.38214679221113
2454185000.0,-70.89366188871567
2459183333.33,-68.9538666394557
2464181666.67,-69.25366605727676
2469180000.0,-69.42490926167667
2474178333.33,-68.82945726082471
2479176666.67,-68.21121646271885
2484175000.0,-70.95827629995968
2489173333.33,-68.57230447843143
2494171666.67,-69.79842447702018
2499170000.0,-69.54190297306869
2504168333.33,-68.518462810114
2509166666.67,-69.13856043432327
2514165000.0,-70.14721300672505
2519163333.33,-68.6008258134728
2524161666.67,-69.56900626332622
2529160000.0,-69.60821772956601
2534158333.33,-70.28503962374529
2539156666.67,-70.4563360140739
2544155000.0,-70.06788030067116
2549153333.33,-70.95057729096654
2554151666.67,-70.95738091043542
2559150000.0,-68.52349280740779
2564148333.33,-70.34709741726462
2569146666.67,-69.20298211397171
2574145000.0,-70.11349252079468
2579143333.33,-70.8701087712271
2584141666.67,-70.45166735085361
2589140000.0,-71.10833174629062
2594138333.33,-69.68784957802008
2599136666.67,-68.8893388795907
2604135000.0,-69.2851104033944
2609133333.33,-71.30807161060312
2614131666.67,-68.66145000723968
2619130000.0,-69.53347407767086
2624128333.33,-69.89088424227121
2629126666.67,-70.75384611960371
2634125000.0,-70.12584109302568
2639123333.33,-70.01632615858217
2644121666.67,-69.35473197652036
2649120000.0,-69.41863471239118
2654118333.33,-69.15334612287508
2659116666.67,-70.3306087480183
2664115000.0,-68.80778431396926
2669113333.33,-69.09756910307513
2674111666.67,-70.14193799548256
2679110000.0,-68.59159129099531
2684108333.33,-68.36597902119736
2689106666.67,-68.84781843713135
2694105000.0,-68.3261614474194
2699103333.33,-69.52661228827387
2704101666.67,-68.85115842798231
2709100000.0,-69.06099106841305
2714098333.33,-70.34831993231288
2719096666.67,-69.69171221847365
2724095000.0,-70.67998485904258
2729093333.33,-67.8488770812641
2734091666.67,-69.12780334325618
2739090000.0,-69.1586742968619
2744088333.33,-68.78477551963981
2749086666.67,-69.2344649781121
2754085000.0,-67.84000292938512
2759083333.33,-69.57164331159237
2764081666.67,-69.33506261061855
2769080000.0,-69.63782967820244
2774078333.33,-68.79345243069666
2779076666.67,-69.39965569875575
2784075000.0,-69.72038106567801
2789073333.33,-68.47206064754215
2794071666.67,-67.3493443183364
2799070000.0,-68.72344538080078
2804068333.33,-67.83622589344417
2809066666.67,-68.27758647388094
2814065000.0,-68.54043781286126
2819063333.33,-69.26405308971492
2824061666.67,-69.02180541101094
2829060000.0,-69.47347462787044
2834058333.33,-69.17698694281187
2839056666.67,-68.84467527642583
2844055000.0,-69.28194241049367
2849053333.33,-68.81498796585097
2854051666.67,-67.99498011989094
2859050000.0,-67.23113813142167
2864048333.33,-69.2294158209681
2869046666.67,-69.79648425920247
2874045000.0,-68.3206048429914
2879043333.33,-68.00279082679214
2884041666.67,-67.8434680135306
2889040000.0,-68.13526216848604
2894038333.33,-68.10049344874389
2899036666.67,-67.79591130649867
2904035000.0,-68.39812850628894
2909033333.33,-68.82353989068731
2914031666.67,-68.57866115368269
2919030000.0,-68.60317247880639
2924028333.33,-67.94279653790205
2929026666.67,-68.44398162290068
2934025000.0,-68.75945237400654
2939023333.33,-69.58429841929542
2944021666.67,-68.23406839370611
2949020000.0,-70.0518613599592
2954018333.33,-68.38563277999779
2959016666.67,-68.6982704622327
2964015000.0,-68.8908663995066
2969013333.33,-68.98129806502561
2974011666.67,-69.08025480644537
2979010000.0,-67.52500664070567
2984008333.33,-68.84484800434608
2989006666.67,-68.82374681818945
2994005000.0,-68.34765544714213
2999003333.33,-67.82178509747447
3004001666.67,-69.2170948155065
3009000000.0,-67.79575523101329
3013998333.33,-68.20449810344013
3018996666.67,-68.21410000357073
3023995000.0,-69.16461563350181
3028993333.33,-67.94506251921096
3033991666.67,-68.82986212189512
3038990000.0,-68.24484347621492
3043988333.33,-68.64882152293083
3048986666.67,-68.6753294393081
3053985000.0,-68.07018999633364
3058983333.33,-68.9453388318048
3063981666.67,-68.4780160730271
3068980000.0,-69.71854949285034
3073978333.33,-67.4025867637483
3078976666.67,-69.1455231670649
3083975000.0,-67.69490847158528
3088973333.33,-69.1451179478621
3093971666.67,-68.5884780344531
3098970000.0,-67.52796609042586
3103968333.33,-68.25701030158211
3108966666.67,-70.13644628199637
3113965000.0,-68.895938898184
3118963333.33,-67.35952456353564
3123961666.67,-67.63587897620796
3128960000.0,-67.45354716803018
3133958333.33,-66.49032006646125
3138956666.67,-66.75240778018937
3143955000.0,-67.34298658945995
3148953333.33,-68.24033692368947
3153951666.67,-67.22175650881219
3158950000.0,-67.49073614595713
3163948333.33,-67.36336542699814
3168946666.67,-67.83292386347708
3173945000.0,-68.93923067695023
3178943333.33,-67.90428865342774
3183941666.67,-69.48657800550525
3188940000.0,-67.8735779578176
3193938333.33,-67.11174877585987
3198936666.67,-67.97701920953213
3203935000.0,-67.52324855178477
3208933333.33,-66.77749749723968
3213931666.67,-67.84434200463227
3218930000.0,-68.06727402195214
3223928333.33,-67.86664331009798
3228926666.67,-69.6573785252363
3233925000.0,-67.66869152349992
3238923333.33,-67.58422915898117
3243921666.67,-68.66502468856028
3248920000.0,-67.7330547443065
3253918333.33,-66.91207868555279
3258916666.67,-67.76035329344141
3263915000.0,-66.96909949054748
3268913333.33,-67.50857791061156
3273911666.67,-67.8222877555614
3278910000.0,-66.99616686551956
3283908333.33,-65.79539205166799
3288906666.67,-67.54953476084387
3293905000.0,-68.33814170599578
3298903333.33,-66.51236039575055
3303901666.67,-66.21586595076347
3308900000.0,-67.52842909485909
3313898333.33,-66.85627657949907
3318896666.67,-68.17617105625094
3323895000.0,-68.10341907274763
3328893333.33,-67.10680239874418
3333891666.67,-67.15082630739066
3338890000.0,-67.03406921707037
3343888333.33,-68.25723644384888
3348886666.67,-66.99417764570411
3353885000.0,-67.24668615453369
3358883333.33,-67.14063342718855
3363881666.67,-66.75092714736014
3368880000.0,-68.01006658692722
3373878333.33,-67.95004273338118
3378876666.67,-65.54863025397134
3383875000.0,-66.45319417539557
3388873333.33,-68.11810252769108
3393871666.67,-68.20809655270175
3398870000.0,-67.44672993453464
3403868333.33,-66.7774402574892
3408866666.67,-67.00195495019493
3413865000.0,-65.72997101029237
3418863333.33,-67.32218530262577
3423861666.67,-67.43813953308873
3428860000.0,-67.40545456732816
3433858333.33,-66.53419404342077
3438856666.67,-66.93436298790233
3443855000.0,-66.50847242613783
3448853333.33,-67.48396289445577
3453851666.67,-68.07545861104393
3458850000.0,-67.15982979984668
3463848333.33,-67.21139081415623
3468846666.67,-67.70147052784525
3473845000.0,-67.59901230793317
3478843333.33,-69.711186618159
3483841666.67,-66.59598318631924
3488840000.0,-66.37614234376177
3493838333.33,-67.27814606014135
3498836666.67,-66.6173405636429
3503835000.0,-65.78255931444875
3508833333.33,-66.3009955079029
3513831666.67,-67.0104781823475
3518830000.0,-66.28825160573257
3523828333.33,-66.55483725549733
3528826666.67,-66.61985538294341
3533825000.0,-65.82968063592774
3538823333.33,-66.82471571522838
3543821666.67,-67.18093167187781
3548820000.0,-66.54379633936361
3553818333.33,-66.77623807480718
3558816666.67,-66.39445921605598
3563815000.0,-66.56878106253663
3568813333.33,-67.44255441094403
3573811666.67,-67.04263567097084
3578810000.0,-66.6224199220889
3583808333.33,-66.22000302267121
3588806666.67,-65.83140184703102
3593805000.0,-66.37815916909648
3598803333.33,-65.89004665202583
3603801666.67,-65.96137711447837
3608800000.0,-66.50584908327886
3613798333.33,-66.50620385916442
3618796666.67,-65.83059994251853
3623795000.0,-65.47522252517138
3628793333.33,-65.2928164489193
3633791666.67,-66.8447605384778
3638790000.0,-65.98900543407592
3643788333.33,-66.1842823736567
3648786666.67,-66.58242513993805
3653785000.0,-65.97390105336616
3658783333.33,-66.63137530978642
3663781666.67,-66.30818760141324
3668780000.0,-65.54104536108919
3673778333.33,-65.58455417639176
3678776666.67,-65.97130413103471
3683775000.0,-66.15635474081023
3688773333.33,-66.67588932276212
3693771666.67,-66.25269693423944
3698770000.0,-67.44090568497155
3703768333.33,-67.14679164826036
3708766666.67,-67.08377159142515
3713765000.0,-66.6171873458646
3718763333.33,-67.09109655807227
3723761666.67,-66.5407101904334
3728760000.0,-66.26799667786082
3733758333.33,-65.3945134253173
3738756666.67,-66.36828790578633
3743755000.0,-66.1692072704978
3748753333.33,-66.76467333589764
3753751666.67,-66.4293551885237
3758750000.0,-66.46494579447055
3763748333.33,-67.11117305002696
3768746666.67,-66.72052047002248
3773745000.0,-67.0100835638215
3778743333.33,-66.35790214801165
3783741666.67,-67.42665466627659
3788740000.0,-66.21216242298433
3793738333.33,-66.90107238547077
3798736666.67,-65.78673649579
3803735000.0,-66.44425391809268
3808733333.33,-66.32421294472908
3813731666.67,-66.21694604848149
3818730000.0,-66.10660351124544
3823728333.33,-65.21741747271537
3828726666.67,-65.56898035715531
3833725000.0,-65.68971874251918
3838723333.33,-64.54000427360229
3843721666.67,-65.7260502267758
3848720000.0,-65.79481025190836
3853718333.33,-65.25194518734526
3858716666.67,-65.92454400345576
3863715000.0,-65.85690589200404
3868713333.33,-65.63626110103615
3873711666.67,-66.22580823760465
3878710000.0,-65.06836738678592
3883708333.33,-65.36513491845446
3888706666.67,-65.71422706008318
3893705000.0,-67.06685421925104
3898703333.33,-66.82320128222561
3903701666.67,-65.32281396118712
3908700000.0,-65.3085792361023
3913698333.33,-64.5435616251911
3918696666.67,-65.51484896613613
3923695000.0,-64.54474066072223
3928693333.33,-64.39861130312185
3933691666.67,-66.78785145502177
3938690000.0,-65.98828253966576
3943688333.33,-66.066307457964
3948686666.67,-65.85876649550508
3953685000.0,-66.64055760504198
3958683333.33,-67.17262491208034
3963681666.67,-66.14912284928819
3968680000.0,-65.41365361395539
3973678333.33,-66.35545822784098
3978676666.67,-66.62096825113315
3983675000.0,-66.42930934927733
3988673333.33,-64.38903377384818
3993671666.67,-64.56450144743012
3998670000.0,-66.13632500243713
4003668333.33,-65.61473531334222
4008666666.67,-66.04578624285864
4013665000.0,-65.69150158494507
4018663333.33,-66.18802127259278
4023661666.67,-64.98883649801968
4028660000.0,-66.88127904443361
4033658333.33,-66.26176556956813
4038656666.67,-65.48272437441796
4043655000.0,-66.44469249994337
4048653333.33,-66.68203622122695
4053651666.67,-64.75566606217221
4058650000.0,-66.08163000455474
4063648333.33,-65.28465403312549
4068646666.67,-66.01899857811719
4073645000.0,-65.51813837051098
4078643333.33,-64.84641279796362
4083641666.67,-65.05360908149116
4088640000.0,-65.12467988846545
4093638333.33,-64.57669648073762
4098636666.67,-65.00296413291146
4103635000.0,-64.83425804440597
4108633333.33,-64.20585731623541
4113631666.67,-64.69318341907908
4118630000.0,-64.72456895706779
4123628333.33,-64.29507332950965
4128626666.67,-64.68373767481104
4133625000.0,-64.51407446780405
4138623333.33,-63.879124255300226
4143621666.67,-64.56264895533121
4148620000.0,-64.42834359863787
4153618333.33,-64.62748840617824
4158616666.67,-64.4616118244737
4163615000.0,-64.24551953970736
4168613333.33,-64.1016938069106
4173611666.67,-63.68410583553499
4178610000.0,-64.03996902844314
4183608333.33,-63.8338912455808
4188606666.67,-63.85508585408569
4193605000.0,-64.30206556330927
4198603333.33,-64.29701069881575
4203601666.67,-63.99109840006213
4208600000.0,-64.08026948021151
4213598333.33,-64.52716161788486
4218596666.67,-64.15321757777139
4223595000.0,-64.88087547651737
4228593333.33,-65.0326675351892
4233591666.67,-64.79306004139366
4238590000.0,-64.39282423912917
4243588333.33,-64.21648924124929
4248586666.67,-65.94921024315163
4253585000.0,-63.50416725373849
4258583333.33,-64.04744175445359
4263581666.67,-62.59386167248559
4268580000.0,-63.82832206028173
4273578333.33,-64.1481321892858
4278576666.67,-63.62195488937662
4283575000.0,-64.06185124618911
4288573333.33,-65.54625258687271
4293571666.67,-64.02778504316677
4298570000.0,-63.91697459320919
4303568333.33,-63.62470021838341
4308566666.67,-63.649452512361755
4313565000.0,-63.70314232974412
4318563333.33,-64.25776026687674
4323561666.67,-63.65343337818633
4328560000.0,-64.42435804859176
4333558333.33,-63.61216923227364
4338556666.67,-63.51765605865608
4343555000.0,-63.40908350102765
4348553333.33,-63.22970189664905
4353551666.67,-63.596183346466155
4358550000.0,-64.15388465470022
4363548333.33,-63.561003822957545
4368546666.67,-64.02527842363773
4373545000.0,-64.09130567012153
4378543333.33,-63.26414340255403
4383541666.67,-63.2139038305061
4388540000.0,-63.246994796585945
4393538333.33,-64.00726763031301
4398536666.67,-63.37336958392592
4403535000.0,-63.20203701756416
4408533333.33,-63.50230717393002
4413531666.67,-63.20341517782264
4418530000.0,-62.767176404571416
4423528333.33,-62.94446112614959
4428526666.67,-63.59521802195691
4433525000.0,-64.22291474637439
4438523333.33,-63.29992669352001
4443521666.67,-62.56286295477932
4448520000.0,-62.93705560932389
4453518333.33,-63.47065260669289
4458516666.67,-62.66675644047116
4463515000.0,-62.71672420969172
4468513333.33,-63.23505205606214
4473511666.67,-62.808640851397975
4478510000.0,-62.72995957707042
4483508333.33,-62.59001555986248
4488506666.67,-62.29761445341417
4493505000.0,-63.64830366591836
4498503333.33,-63.391725383250595
4503501666.67,-63.158076062834255
4508500000.0,-62.50595073523898
4513498333.33,-62.40439332862192
4518496666.67,-62.589835415402824
4523495000.0,-62.94119130420669
4528493333.33,-61.93461107707033
4533491666.67,-61.7691549726695
4538490000.0,-63.01957222784151
4543488333.33,-62.54805047433604
4548486666.67,-62.28121424915951
4553485000.0,-62.61509389894191
4558483333.33,-62.64106622600202
4563481666.67,-61.88715928651
4568480000.0,-62.4643344674218
4573478333.33,-62.46428671658081
4578476666.67,-63.144558631892664
4583475000.0,-62.4903276596017
4588473333.33,-61.95282863604666
4593471666.67,-61.994486183520046
4598470000.0,-62.03800955487481
4603468333.33,-62.07778188420029
4608466666.67,-62.52359648902989
4613465000.0,-62.12341943530936
4618463333.33,-61.77358261221424
4623461666.67,-61.84675927035311
4628460000.0,-61.812074827225345
4633458333.33,-61.60721144855153
4638456666.67,-61.917082692682335
4643455000.0,-61.43839840861191
4648453333.33,-61.657719900184354
4653451666.67,-61.46300364280826
4658450000.0,-61.83771202854912
4663448333.33,-61.286748289712534
4668446666.67,-61.10195455422997
4673445000.0,-61.23115618934467
4678443333.33,-61.82644219268858
4683441666.67,-62.382449075879826
4688440000.0,-61.30053136795554
4693438333.33,-60.651002288866884
4698436666.67,-61.26297055154321
4703435000.0,-61.80680057336807
4708433333.33,-61.44047462636774
4713431666.67,-61.32271218534501
4718430000.0,-61.287458023581436
4723428333.33,-61.33657671654482
4728426666.67,-61.237121791122355
4733425000.0,-61.48921719755645
4738423333.33,-61.31573661043879
4743421666.67,-61.45953626185785
4748420000.0,-61.1673499318625
4753418333.33,-60.99014379892765
4758416666.67,-60.510161180184326
4763415000.0,-60.91950989238561
4768413333.33,-61.03276882113165
4773411666.67,-60.86040019729242
4778410000.0,-60.99791007960781
4783408333.33,-60.46984643946551
4788406666.67,-60.642857028670335
4793405000.0,-61.12797998521725
4798403333.33,-60.318011414679134
4803401666.67,-60.2718110373181
4808400000.0,-60.53792882002813
4813398333.33,-60.135470006864686
4818396666.67,-60.32669154252879
4823395000.0,-60.513416206546786
4828393333.33,-59.95808611301888
4833391666.67,-60.17317473273703
4838390000.0,-60.76380702862395
4843388333.33,-60.266346952764366
4848386666.67,-60.24753133623079
4853385000.0,-59.97386496982274
4858383333.33,-59.8797082363085
4863381666.67,-59.89953767569482
4868380000.0,-60.183418064638076
4873378333.33,-59.27591332073835
4878376666.67,-60.038126517716954
4883375000.0,-59.9696034355147
4888373333.33,-59.49940224653843
4893371666.67,-59.844618370679974
4898370000.0,-59.921869548086796
4903368333.33,-60.09417332530461
4908366666.67,-59.41880340136884
4913365000.0,-59.3819166489297
4918363333.33,-59.820726156250956
4923361666.67,-59.56588507357806
4928360000.0,-59.10078541969176
4933358333.33,-59.511937006785175
4938356666.67,-59.46096624967116
4943355000.0,-59.41883764916648
4948353333.33,-58.919945277187665
4953351666.67,-59.278188036818655
4958350000.0,-59.2382146007356
4963348333.33,-59.19439866738422
4968346666.67,-58.7510586482971
4973345000.0,-59.130437410183944
4978343333.33,-58.57906430999755
4983341666.67,-58.811267953146924
4988340000.0,-59.004755253587064
4993338333.33,-58.535312961726234
4998336666.67,-58.62758773776842
5003335000.0,-58.72646811973542
5008333333.33,-59.21313514704611
5013331666.67,-58.67474554561771
5018330000.0,-58.67656825729736
5023328333.33,-58.442185483080735
5028326666.67,-58.036061450820206
5033325000.0,-58.35070729334437
5038323333.33,-57.86376987810972
5043321666.67,-57.93412266298265
5048320000.0,-57.76858882237312
5053318333.33,-58.17070017279485
5058316666.67,-57.98608879784024
5063315000.0,-58.0148120344961
5068313333.33,-58.00786438266863
5073311666.67,-57.8638488122685
5078310000.0,-57.61300467686474
5083308333.33,-57.744143412150486
5088306666.67,-58.050829339488324
5093305000.0,-57.74142589016886
5098303333.33,-57.74628031280885
5103301666.67,-57.60915581290483
5108300000.0,-57.71723859280697
5113298333.33,-57.403400412618446
5118296666.67,-57.50791303747333
5123295000.0,-57.607009858756314
5128293333.33,-57.027173972334204
5133291666.67,-57.438463023234334
5138290000.0,-57.08892158372273
5143288333.33,-56.82747857985018
5148286666.67,-57.10819470687422
5153285000.0,-57.2106152221854
5158283333.33,-57.558151688480805
5163281666.67,-57.2592635651734
5168280000.0,-57.006241710780216
5173278333.33,-56.75936841602005
5178276666.67,-56.86063708666826
5183275000.0,-56.91506984720028
5188273333.33,-56.655779816486536
5193271666.67,-57.16935892446338
5198270000.0,-56.70329009273183
5203268333.33,-56.49165249182816
5208266666.67,-56.57479329665946
5213265000.0,-56.606716150767305
5218263333.33,-56.60012135432492
5223261666.67,-56.44250998189933
5228260000.0,-56.0878975956704
5233258333.33,-56.19589007837956
5238256666.67,-55.955247112237736
5243255000.0,-56.20898174452843
5248253333.33,-56.32449356976225
5253251666.67,-56.286207632595364
5258250000.0,-56.24013700809644
5263248333.33,-56.053437070634935
5268246666.67,-56.261811580042604
5273245000.0,-55.81008028401215
5278243333.33,-56.07818799621059
5283241666.67,-55.91036743138371
5288240000.0,-55.84535975488283
5293238333.33,-56.027528905258286
5298236666.67,-55.9914545482144
5303235000.0,-55.799900269611285
5308233333.33,-55.91257226278617
5313231666.67,-55.620441575279436
5318230000.0,-55.86153544696533
5323228333.33,-55.461822415980336
5328226666.67,-55.52467576220063
5333225000.0,-55.54400069970204
5338223333.33,-55.273266409015804
5343221666.67,-55.43850082325023
5348220000.0,-55.52762810717923
5353218333.33,-55.19594918489098
5358216666.67,-55.387480016769885
5363215000.0,-55.40079010736375
5368213333.33,-55.331989849936214
5373211666.67,-55.2575442983329
5378210000.0,-55.332147040034116
5383208333.33,-55.3254224278851
5388206666.67,-55.798479982897355
5393205000.0,-55.81649200470214
5398203333.33,-55.47778203358057
5403201666.67,-55.69689098715148
5408200000.0,-55.508696191004645
5413198333.33,-55.85436450732199
5418196666.67,-55.55846140479392
5423195000.0,-55.61886524345002
5428193333.33,-55.3116454355192
5433191666.67,-55.53923214110071
5438190000.0,-55.46316893386692
5443188333.33,-55.72367813747504
5448186666.67,-55.65016304622604
5453185000.0,-55.52924366060943
5458183333.33,-55.31177648063366
5463181666.67,-55.3633301252636
5468180000.0,-55.18090695995312
5473178333.33,-55.42439777470029
5478176666.67,-55.60810149883806
5483175000.0,-55.90068117340704
5488173333.33,-55.87513315234343
5493171666.67,-55.79977411788471
5498170000.0,-55.63021679456175
5503168333.33,-55.49995649443059
5508166666.67,-55.81434315050351
5513165000.0,-56.12954674189546
5518163333.33,-55.70263963154217
5523161666.67,-56.057099496259326
5528160000.0,-55.58256976460649
5533158333.33,-55.72506345622208
5538156666.67,-55.502029055181936
5543155000.0,-55.84473996774439
5548153333.33,-55.745764684942955
5553151666.67,-55.38272895533894
5558150000.0,-55.751202809079075
5563148333.33,-55.618720707097175
5568146666.67,-56.00339688677468
5573145000.0,-56.00641049171743
5578143333.33,-56.405732734946874
5583141666.67,-56.18866676012044
5588140000.0,-56.329463995786824
5593138333.33,-56.214006412047006
5598136666.67,-56.47771209118423
5603135000.0,-56.61517209299271
5608133333.33,-56.437955886455256
5613131666.67,-56.663956744480174
5618130000.0,-56.8846439813154
5623128333.33,-56.77764035253885
5628126666.67,-56.716469948805155
5633125000.0,-56.54861360256217
5638123333.33,-56.86800268647734
5643121666.67,-57.09116301929771
5648120000.0,-56.68468226465258
5653118333.33,-57.140750652688446
5658116666.67,-56.74990642377712
5663115000.0,-57.13592101374627
5668113333.33,-57.68423583349428
5673111666.67,-57.55044379385098
5678110000.0,-57.69530060139835
5683108333.33,-57.37318120767395
5688106666.67,-57.53547351182107
5693105000.0,-58.12057282197146
5698103333.33,-57.86171846755867
5703101666.67,-57.449452900823545
5708100000.0,-57.49829279269613
5713098333.33,-57.92473943780334
5718096666.67,-58.384030755686574
5723095000.0,-57.63209431621129
5728093333.33,-58.392059079387224
5733091666.67,-58.030262577389024
5738090000.0,-57.76094058057442
5743088333.33,-57.803417536213914
5748086666.67,-58.46791408511919
5753085000.0,-58.37638136197608
5758083333.33,-58.47022691611226
5763081666.67,-58.65180706270803
5768080000.0,-58.507388574616854
5773078333.33,-58.5857246693115
5778076666.67,-58.81028807626144
5783075000.0,-58.90715003825128
5788073333.33,-59.126517363671425
5793071666.67,-58.991199835941444
5798070000.0,-59.45252651297097
5803068333.33,-59.222234671962696
5808066666.67,-59.703986759103884
5813065000.0,-59.33712536744339
5818063333.33,-59.57647246351628
5823061666.67,-59.98420217183319
5828060000.0,-59.6195478988465
5833058333.33,-60.23175746934047
5838056666.67,-60.05065949160033
5843055000.0,-60.173462629782826
5848053333.33,-60.28972108735247
5853051666.67,-60.174288259038214
5858050000.0,-60.330620215097156
5863048333.33,-60.99920447684907
5868046666.67,-60.85301645905386
5873045000.0,-61.14753522201282
5878043333.33,-60.965088284973284
5883041666.67,-61.02420306130167
5888040000.0,-60.755066622747165
5893038333.33,-61.466213799148335
5898036666.67,-61.744084096651406
5903035000.0,-61.216246498319265
5908033333.33,-61.463079541271206
5913031666.67,-60.801916704396035
5918030000.0,-61.80331151872521
5923028333.33,-61.649901976087605
5928026666.67,-61.07720138550917
5933025000.0,-62.024651480813695
5938023333.33,-62.287714008388775
5943021666.67,-62.35406054374708
5948020000.0,-62.30438060077394
5953018333.33,-62.67543077925521
5958016666.67,-62.68399891575964
5963015000.0,-62.74629908957576
5968013333.33,-62.71859780812284
5973011666.67,-63.03885773420326
5978010000.0,-63.07501732473266
5983008333.33,-63.19953816187084
5988006666.67,-63.64162530560965
5993005000.0,-62.27922137312166
5998003333.33,-63.24835207404487
6003001666.67,-62.69609989234465
6008000000.0,-63.506793321738854
6012998333.33,-63.36311556654163
6017996666.67,-64.005826519146
6022995000.0,-64.06673061474388
6027993333.33,-63.60479185418042
6032991666.67,-63.32010856212324
6037990000.0,-64.09231355360028
6042988333.33,-63.748411716765105
6047986666.67,-63.9731963328604
6052985000.0,-64.24868321127012
6057983333.33,-65.05060533928402
6062981666.67,-64.25542826680184
6067980000.0,-64.48824066960496
6072978333.33,-64.24626853698568
6077976666.67,-64.13109885438325
6082975000.0,-64.94756451443705
6087973333.33,-64.91598700876204
6092971666.67,-64.10723856492079
6097970000.0,-64.80839101550896
6102968333.33,-63.935472290901544
6107966666.67,-66.07640036663744
6112965000.0,-64.94312476486856
6117963333.33,-65.88561230559213
6122961666.67,-65.45754802518778
6127960000.0,-65.27285518576194
6132958333.33,-65.7288011623295
6137956666.67,-65.93316870172038
6142955000.0,-66.09044378479953
6147953333.33,-66.89146136073553
6152951666.67,-66.29478667576547
6157950000.0,-65.78611499391675
6162948333.33,-66.04736492948197
6167946666.67,-66.45436194198395
6172945000.0,-66.81132561399339
6177943333.33,-67.2810228651227
6182941666.67,-66.22191464764222
6187940000.0,-66.66832590415204
6192938333.33,-66.80366371200856
6197936666.67,-67.15345764646786
6202935000.0,-67.12723454147358
6207933333.33,-66.61773723264186
6212931666.67,-67.71410210881783
6217930000.0,-67.76543955451356
6222928333.33,-66.66709893383687
6227926666.67,-67.09084750168103
6232925000.0,-67.41271285038557
6237923333.33,-67.69644078003782
6242921666.67,-69.35998785853285
6247920000.0,-68.22031999104236
6252918333.33,-68.33420083060498
6257916666.67,-67.8247952450218
6262915000.0,-68.09350263456034
6267913333.33,-68.43578176226538
6272911666.67,-69.34405643868482
6277910000.0,-68.29540596948763
6282908333.33,-70.35001031042428
6287906666.67,-69.1529504605453
6292905000.0,-69.70737341442526
6297903333.33,-68.75888692116226
6302901666.67,-69.88406293296055
6307900000.0,-69.23372258487342
6312898333.33,-68.81477065811907
6317896666.67,-70.005266364042
6322895000.0,-69.98022468490976
6327893333.33,-70.19821745617918
6332891666.67,-69.92421606045797
6337890000.0,-71.63087958078583
6342888333.33,-70.0350111035054
6347886666.67,-69.85953671582178
6352885000.0,-70.68244633474318
6357883333.33,-70.24028172304794
6362881666.67,-70.54513044464392
6367880000.0,-71.93798041967969
6372878333.33,-70.39006237833048
6377876666.67,-69.74748841025273
6382875000.0,-70.64529631160296
6387873333.33,-70.68941116551345
6392871666.67,-69.84769729137079
6397870000.0,-70.96176751844905
6402868333.33,-71.28089156226982
6407866666.67,-71.94364611367557
6412865000.0,-72.29514732340523
6417863333.33,-73.25918146518535
6422861666.67,-72.55009435156705
6427860000.0,-73.21620873359964
6432858333.33,-71.93312896186434
6437856666.67,-73.10060988633843
6442855000.0,-73.57393882153478
6447853333.33,-73.76242928915808
6452851666.67,-73.364747970419
6457850000.0,-76.13841721165704
6462848333.33,-72.90955814231395
6467846666.67,-71.82159108357867
6472845000.0,-72.86319608737567
6477843333.33,-71.43908435759116
6482841666.67,-74.05791695628864
6487840000.0,-72.62926760472209
6492838333.33,-73.07651907183033
6497836666.67,-75.30579350900467
6502835000.0,-72.59951118543796
6507833333.33,-73.33827274676877
6512831666.67,-72.79001589321967
6517830000.0,-76.16509361822621
6522828333.33,-77.12939762775123
6527826666.67,-74.76910225571548
6532825000.0,-75.17422985399395
6537823333.33,-75.90488312117006
6542821666.67,-77.36811828311171
6547820000.0,-73.33710775394263
6552818333.33,-76.68209630844643
6557816666.67,-74.42456968285899
6562815000.0,-74.3089905199986
6567813333.33,-73.69405011806478
6572811666.67,-74.5271754004173
6577810000.0,-75.37588494980389
6582808333.33,-74.80351607030245
6587806666.67,-77.74772569163719
6592805000.0,-76.27441051291348
6597803333.33,-79.28183246121263
6602801666.67,-75.42649377813795
6607800000.0,-76.16491408513711
6612798333.33,-79.56368930654135
6617796666.67,-75.87904535668763
6622795000.0,-76.09716812991242
6627793333.33,-76.42197072507642
6632791666.67,-78.86449726237451
6637790000.0,-76.62604221820898
6642788333.33,-78.58366718327966
6647786666.67,-78.13290891758706
6652785000.0,-77.0943369958608
6657783333.33,-79.73643587049827
6662781666.67,-78.77904580356847
6667780000.0,-78.89560720615857
6672778333.33,-77.92156983705772
6677776666.67,-76.22613580241402
6682775000.0,-78.29123709793966
6687773333.33,-78.83515422918722
6692771666.67,-77.50137045380997
6697770000.0,-75.98132566858794
6702768333.33,-79.14014458605432
6707766666.67,-79.76375173309043
6712765000.0,-81.79830363153876
6717763333.33,-80.36327611921789
6722761666.67,-82.13006681075207
6727760000.0,-82.68273158182218
6732758333.33,-83.43549390222451
6737756666.67,-87.61306333549236
6742755000.0,-81.26678756837912
6747753333.33,-78.34302395238248
6752751666.67,-77.49043994044138
6757750000.0,-78.65962782342632
6762748333.33,-84.80953752294022
6767746666.67,-78.28319776893052
6772745000.0,-81.29993488617698
6777743333.33,-81.61939894571637
6782741666.67,-85.81017887547445
6787740000.0,-81.39652258566684
6792738333.33,-82.98055144825415
6797736666.67,-79.57108494593184
6802735000.0,-79.3467269198782
6807733333.33,-81.63524647744376
6812731666.67,-82.37005709135306
6817730000.0,-79.74516637616358
6822728333.33,-82.72006099273534
6827726666.67,-85.37556306890585
6832725000.0,-79.38530373238947
6837723333.33,-83.21192108330027
6842721666.67,-79.72127823547622
6847720000.0,-83.13021221229033
6852718333.33,-89.4137407570036
6857716666.67,-85.41325408770787
6862715000.0,-93.51812512039126
6867713333.33,-84.82466933957548
6872711666.67,-87.70837086637894
6877710000.0,-90.96756026596435
6882708333.33,-87.80493528284454
6887706666.67,-84.99679656375682
6892705000.0,-81.8280517053573
6897703333.33,-85.84030436323559
6902701666.67,-88.13821922370008
6907700000.0,-84.96825407700032
6912698333.33,-88.73104690099474
6917696666.67,-99.8826274704297
6922695000.0,-83.92485996233626
6927693333.33,-79.9058279129284
6932691666.67,-96.82468541005363
6937690000.0,-81.52058094711533
6942688333.33,-89.6586532355812
6947686666.67,-94.73897501190834
6952685000.0,-97.90934850881781
6957683333.33,-83.70047201656345
6962681666.67,-80.28634630366824
6967680000.0,-85.79436595461257
6972678333.33,-88.22773544320155
6977676666.67,-81.3577620933315
6982675000.0,-96.97636346364072
6987673333.33,-85.61875541850375
6992671666.67,-84.28875575657284
6997670000.0,-90.53662200318175
7002668333.33,-87.99682462098568
7007666666.67,-99.29156357749754
7012665000.0,-94.12244862179301
7017663333.33,-95.8642782873625
7022661666.67,-101.96103509143994
7027660000.0,-84.41842092456376
7032658333.33,-85.3939385733291
7037656666.67,-87.34277171807491
7042655000.0,-86.63391302729572
7047653333.33,-80.75126619334358
7052651666.67,-92.00988191817817
7057650000.0,-85.14918098898218
7062648333.33,-86.88198644717747
7067646666.67,-89.85467292817779
7072645000.0,-87.28651101432929
7077643333.33,-83.4868572676622
7082641666.67,-83.50181419184672
7087640000.0,-83.24683591423758
7092638333.33,-85.56280955665768
7097636666.67,-80.75791697890828
7102635000.0,-80.55317471772567
7107633333.33,-79.99533564273912
7112631666.67,-80.74033786020351
7117630000.0,-84.5640548460486
7122628333.33,-83.68890141697668
7127626666.67,-84.23154551658732
7132625000.0,-81.13395850456946
7137623333.33,-82.058044785637
7142621666.67,-99.81065621354895
7147620000.0,-82.86718593729687
7152618333.33,-81.90807635254471
7157616666.67,-93.52080387437917
7162615000.0,-88.81492109727823
7167613333.33,-82.49356239723157
7172611666.67,-85.42336385002004
7177610000.0,-79.15115634265723
7182608333.33,-79.41334345643472
7187606666.67,-80.6212041341069
7192605000.0,-79.81408118229832
7197603333.33,-80.89765964532643
7202601666.67,-77.73051843035195
7207600000.0,-79.75588350730365
7212598333.33,-83.17260913199915
7217596666.67,-81.70967563525038
7222595000.0,-79.90411878130354
7227593333.33,-85.99976629870973
7232591666.67,-79.82027117372071
7237590000.0,-82.20799286235398
7242588333.33,-85.83023269469695
7247586666.67,-88.1107696248113
7252585000.0,-80.4764610071331
7257583333.33,-81.70689226799341
7262581666.67,-81.74723160717649
7267580000.0,-77.90632044212978
7272578333.33,-76.28278618114068
7277576666.67,-76.63601533341814
7282575000.0,-82.55711397671044
7287573333.33,-79.64351156033561
7292571666.67,-77.90123911340017
7297570000.0,-76.65183659677768
7302568333.33,-83.28464273312167
7307566666.67,-80.71014709630605
7312565000.0,-82.6356426784989
7317563333.33,-81.99364726128198
7322561666.67,-76.69165014421812
7327560000.0,-73.88453579621185
7332558333.33,-78.19426212335942
7337556666.67,-75.95516559773645
7342555000.0,-75.52992621694149
7347553333.33,-80.41208086074903
7352551666.67,-75.50191459577198
7357550000.0,-78.32271809733227
7362548333.33,-76.92087727754836
7367546666.67,-79.16185263392813
7372545000.0,-77.2261790747244
7377543333.33,-76.47207492891673
7382541666.67,-78.81942128386153
7387540000.0,-78.93215388973647
7392538333.33,-75.49655604014016
7397536666.67,-76.82982366415496
7402535000.0,-78.54962535860123
7407533333.33,-78.36243507221535
7412531666.67,-76.74823015232984
7417530000.0,-74.44653343858995
7422528333.33,-77.17960188290257
7427526666.67,-76.95091296330622
7432525000.0,-79.37185862027418
7437523333.33,-75.77976088841447
7442521666.67,-77.76528541706304
7447520000.0,-74.23803522323888
7452518333.33,-79.1997528787161
7457516666.67,-78.52081134493002
7462515000.0,-74.40967412695406
7467513333.33,-76.02028080399069
7472511666.67,-77.85915062243043
7477510000.0,-76.12449058182266
7482508333.33,-85.18907717034347
7487506666.67,-78.60518285470299
7492505000.0,-79.23445031465357
7497503333.33,-79.32543650297936
7502501666.67,-76.25132544214844
7507500000.0,-74.1127613315067
7512498333.33,-77.77049082936729
7517496666.67,-74.64526810132986
7522495000.0,-79.34448292804328
7527493333.33,-77.00885453667429
7532491666.67,-76.9638669661413
7537490000.0,-76.08451929959368
7542488333.33,-74.56431192312812
7547486666.67,-78.23408814615686
7552485000.0,-75.8409913215931
7557483333.33,-75.2394095658884
7562481666.67,-74.97466965071956
7567480000.0,-76.99666907202223
7572478333.33,-77.46201535704077
7577476666.67,-74.33884065565832
7582475000.0,-78.90739609064548
7587473333.33,-76.23420146770121
7592471666.67,-77.5056150713815
7597470000.0,-73.84698889504395
7602468333.33,-72.83305550580637
7607466666.67,-75.46450421202896
7612465000.0,-73.17112288538142
7617463333.33,-76.10418129904
7622461666.67,-75.15244742777934
7627460000.0,-73.97087427497796
7632458333.33,-74.83814792462388
7637456666.67,-76.49140304280448
7642455000.0,-74.64383255743017
7647453333.33,-74.71406578692022
7652451666.67,-74.66972011223925
7657450000.0,-76.7497202077114
7662448333.33,-74.04160043143122
7667446666.67,-75.03216246061916
7672445000.0,-75.07875622552504
7677443333.33,-73.79461052449466
7682441666.67,-73.64582425804588
7687440000.0,-72.64666646182613
7692438333.33,-72.76517771083876
7697436666.67,-77.5995216091514
7702435000.0,-72.47893716648663
7707433333.33,-73.83501865076067
7712431666.67,-72.55312845713324
7717430000.0,-72.9365180683859
7722428333.33,-75.63658589442888
7727426666.67,-74.60047907215986
7732425000.0,-73.87226550744056
7737423333.33,-72.05689798887119
7742421666.67,-73.0849294245923
7747420000.0,-74.3138613223126
7752418333.33,-73.60083020685481
7757416666.67,-75.89826425615918
7762415000.0,-72.93979266282825
7767413333.33,-74.44351058812146
7772411666.67,-71.02421070479515
7777410000.0,-74.482442108269
7782408333.33,-74.91269678256106
7787406666.67,-73.97227695582094
7792405000.0,-72.16111638700441
7797403333.33,-74.58199686552373
7802401666.67,-73.1615682814706
7807400000.0,-73.3624261672843
7812398333.33,-74.04587479199749
7817396666.67,-71.98414108063719
7822395000.0,-73.82334765879135
7827393333.33,-73.22316703028245
7832391666.67,-72.88646809038273
7837390000.0,-72.85750556119419
7842388333.33,-71.1615992868392
7847386666.67,-74.68272522327565
7852385000.0,-73.7367771256329
7857383333.33,-72.46215439314847
7862381666.67,-76.87479968852729
7867380000.0,-75.57228609510409
7872378333.33,-76.94097722345093
7877376666.67,-71.15861642690595
7882375000.0,-70.03724925909684
7887373333.33,-72.00153458502848
7892371666.67,-73.06959325408236
7897370000.0,-72.75479484559135
7902368333.33,-73.33937519027731
7907366666.67,-71.51296001633006
7912365000.0,-72.20878364088794
7917363333.33,-73.19966788312661
7922361666.67,-76.09045665526286
7927360000.0,-71.89004612034505
7932358333.33,-69.6466951667277
7937356666.67,-74.50046285679258
7942355000.0,-71.69555443173354
7947353333.33,-71.89691155754811
7952351666.67,-73.93294840648223
7957350000.0,-71.79295544772802
7962348333.33,-72.88957483876474
7967346666.67,-69.49026781681388
7972345000.0,-71.29916378958393
7977343333.33,-69.53496232324375
7982341666.67,-70.59256851358212
7987340000.0,-71.22436170789119
7992338333.33,-73.51693665208157
7997336666.67,-73.68095358239431
8002335000.0,-72.59081361180974
8007333333.33,-70.26799397642625
8012331666.67,-71.96247411400404
8017330000.0,-70.67764604093728
8022328333.33,-72.37999190959735
8027326666.67,-69.25381366244537
8032325000.0,-70.19021219496918
8037323333.33,-69.66560885065877
8042321666.67,-69.86141026058861
8047320000.0,-73.00753589704303
8052318333.33,-71.09110332823444
8057316666.67,-69.6520740818926
8062315000.0,-68.88547806383643
8067313333.33,-71.43804420772551
8072311666.67,-69.57897244846141
8077310000.0,-73.26774790728966
8082308333.33,-72.9285378570701
8087306666.67,-71.64737596766892
8092305000.0,-72.05620421262186
8097303333.33,-71.56289142339608
8102301666.67,-70.91230455764929
8107300000.0,-71.82595796592318
8112298333.33,-69.92975215113628
8117296666.67,-72.52536418517943
8122295000.0,-72.82232290241161
8127293333.33,-71.37515521837574
8132291666.67,-70.99789777874561
8137290000.0,-71.1269280042286
8142288333.33,-71.4514247258378
8147286666.67,-71.64582559392234
8152285000.0,-70.9924024238846
8157283333.33,-70.28853657450409
8162281666.67,-71.3164233505085
8167280000.0,-73.26023040639899
8172278333.33,-72.1652709108312
8177276666.67,-72.04270534038383
8182275000.0,-69.95942809253172
8187273333.33,-70.95897972296497
8192271666.67,-73.0222253982659
8197270000.0,-71.42216634957988
8202268333.33,-73.47774799418085
8207266666.67,-70.59502641135703
8212265000.0,-71.13717385884647
8217263333.33,-70.80246312023681
8222261666.67,-69.4041585167207
8227260000.0,-69.90152501228368
8232258333.33,-69.7548206743716
8237256666.67,-71.25988302330231
8242255000.0,-71.82111198111468
8247253333.33,-71.27398037066686
8252251666.67,-72.06133386448622
8257250000.0,-71.15752482554372
8262248333.33,-70.89174602358588
8267246666.67,-70.99095585812107
8272245000.0,-71.24943813094868
8277243333.33,-70.47937016665584
8282241666.67,-70.884459788767
8287240000.0,-71.9231089669333
8292238333.33,-72.31216318911416
8297236666.67,-70.65403275441177
8302235000.0,-70.55412922170709
8307233333.33,-70.73082405530499
8312231666.67,-69.63831236397412
8317230000.0,-70.83984170286453
8322228333.33,-70.38520857388748
8327226666.67,-70.65023318126656
8332225000.0,-72.46886674884298
8337223333.33,-72.23255726312406
8342221666.67,-71.18453312625726
8347220000.0,-72.74082262143995
8352218333.33,-71.41531615625289
8357216666.67,-71.07968456511085
8362215000.0,-69.33343007406849
8367213333.33,-72.67187261117543
8372211666.67,-70.13714525719752
8377210000.0,-74.07541399969318
8382208333.33,-69.22283255112657
8387206666.67,-71.50524580270583
8392205000.0,-68.93692566614513
8397203333.33,-70.26421797587903
8402201666.67,-71.56786798310294
8407200000.0,-69.50671920200848
8412198333.33,-69.68919592531297
8417196666.67,-70.89900036850922
8422195000.0,-69.85144334630549
8427193333.33,-70.52611059288675
8432191666.67,-70.41042745151718
8437190000.0,-69.82702584814507
8442188333.33,-72.47966028889151
8447186666.67,-70.99416158378496
8452185000.0,-70.40647403397068
8457183333.33,-69.50270874195928
8462181666.67,-70.21985244319194
8467180000.0,-70.10322695089644
8472178333.33,-70.20164917939388
8477176666.67,-70.77989235064352
8482175000.0,-70.46303215964404
8487173333.33,-70.1194190868171
8492171666.67,-70.49196299236561
8497170000.0,-70.46714523687486
8502168333.33,-69.92796043847943
8507166666.67,-69.90619005815472
8512165000.0,-71.7655624369897
8517163333.33,-70.58750179843894
8522161666.67,-69.53687041311497
8527160000.0,-71.00044206301345
8532158333.33,-69.47742551443456
8537156666.67,-69.96168519632265
8542155000.0,-69.79412786940124
8547153333.33,-70.96323950282255
8552151666.67,-70.87365571895971
8557150000.0,-71.0416980100253
8562148333.33,-69.87417341835726
8567146666.67,-70.17024792098636
8572145000.0,-69.26821694015678
8577143333.33,-69.39640545932804
8582141666.67,-69.96132905648153
8587140000.0,-70.72142634165361
8592138333.33,-72.0705879522674
8597136666.67,-70.76447312154764
8602135000.0,-69.38370271554494
8607133333.33,-69.97208182866035
8612131666.67,-69.90333666533675
8617130000.0,-69.63274116207546
8622128333.33,-68.69689223611972
8627126666.67,-70.08212500778315
8632125000.0,-68.42750714927327
8637123333.33,-69.5182242154741
8642121666.67,-69.2702785766399
8647120000.0,-68.46873556947291
8652118333.33,-69.46000089027434
8657116666.67,-67.50387862191357
8662115000.0,-69.71342871929231
8667113333.33,-69.22375690448234
8672111666.67,-69.12279520513516
8677110000.0,-68.62618870788947
8682108333.33,-70.15575529592472
8687106666.67,-69.32201026621112
8692105000.0,-69.94624657561045
8697103333.33,-70.29838299044356
8702101666.67,-69.70329873457065
8707100000.0,-70.86898904057418
8712098333.33,-69.18916521831177
8717096666.67,-69.31997411691141
8722095000.0,-69.75630552686232
8727093333.33,-69.79976330033791
8732091666.67,-69.36392703708037
8737090000.0,-68.41453373866365
8742088333.33,-69.86993089958204
8747086666.67,-69.11612021879685
8752085000.0,-68.89779460979244
8757083333.33,-69.26408671177978
8762081666.67,-69.55012731172803
8767080000.0,-66.91131942461466
8772078333.33,-69.0774789687058
8777076666.67,-69.83958653623655
8782075000.0,-69.69094112540832
8787073333.33,-69.14616889865366
8792071666.67,-69.37534990130209
8797070000.0,-71.52826425991996
8802068333.33,-69.54356946729816
8807066666.67,-69.98015543762351
8812065000.0,-69.3578100531498
8817063333.33,-69.65777684007557
8822061666.67,-68.36201632348181
8827060000.0,-68.12068812691072
8832058333.33,-69.65820025597783
8837056666.67,-69.67534770381593
8842055000.0,-69.85569047714614
8847053333.33,-69.57308581230748
8852051666.67,-68.83086743105054
8857050000.0,-69.5520459985127
8862048333.33,-69.6129487294815
8867046666.67,-69.93658865082692
8872045000.0,-68.33344468533964
8877043333.33,-69.60902606416784
8882041666.67,-69.68188973443796
8887040000.0,-69.88551780882541
8892038333.33,-69.47098646969042
8897036666.67,-69.42628941713761
8902035000.0,-68.49362105689431
8907033333.33,-69.50587144475631
8912031666.67,-69.06618288027437
8917030000.0,-69.69140779729435
8922028333.33,-69.2513834779341
8927026666.67,-70.99150709735359
8932025000.0,-68.46111636911625
8937023333.33,-68.73137962764957
8942021666.67,-69.24893740651258
8947020000.0,-69.96326150972367
8952018333.33,-70.53185337220843
8957016666.67,-69.12835986686903
8962015000.0,-68.35278943992508
8967013333.33,-70.4004276871527
8972011666.67,-69.28595679973286
8977010000.0,-70.58566986804475
8982008333.33,-67.73457032537773
8987006666.67,-69.48953230196126
8992005000.0,-70.1678715689645
8997003333.33,-67.56072848584819
9002001666.67,-70.57195719627575
9007000000.0,-68.60710092712723
9011998333.33,-69.26059057456672
9016996666.67,-70.35935995669193
9021995000.0,-68.3267589043946
9026993333.33,-67.82624770841207
9031991666.67,-67.48472325035564
9036990000.0,-69.02896787954327
9041988333.33,-68.65006821240863
9046986666.67,-69.38233934132559
9051985000.0,-68.64814708325463
9056983333.33,-67.96726069786975
9061981666.67,-69.26271162087576
9066980000.0,-67.78344793433772
9071978333.33,-68.80122125453285
9076976666.67,-69.29146106566081
9081975000.0,-69.11573898215624
9086973333.33,-67.7043028764203
9091971666.67,-66.88413187195127
9096970000.0,-68.13794986054738
9101968333.33,-68.29375933383596
9106966666.67,-69.49152295824896
9111965000.0,-67.80223068848389
9116963333.33,-68.01478846555533
9121961666.67,-68.25466031575738
9126960000.0,-68.49186361994443
9131958333.33,-67.0820913723597
9136956666.67,-68.8980436225135
9141955000.0,-68.73459895561504
9146953333.33,-68.938067198653
9151951666.67,-69.7092431208394
9156950000.0,-68.67324684931108
9161948333.33,-69.3617923593225
9166946666.67,-67.5791022376231
9171945000.0,-69.5382898843545
9176943333.33,-68.98144008263509
9181941666.67,-68.08976845456384
9186940000.0,-69.85688289511903
9191938333.33,-69.77814285338765
9196936666.67,-69.04428374579653
9201935000.0,-69.23732389006946
9206933333.33,-69.00140409784514
9211931666.67,-69.54507909143281
9216930000.0,-68.8744820073824
9221928333.33,-68.54516254708193
9226926666.67,-69.09938362415454
9231925000.0,-69.49908544390296
9236923333.33,-68.88268443759061
9241921666.67,-68.03495672379884
9246920000.0,-69.18218578706569
9251918333.33,-69.27076004871311
9256916666.67,-67.80116985319927
9261915000.0,-69.65719797381124
9266913333.33,-69.41976299768015
9271911666.67,-67.97743751695427
9276910000.0,-68.55801889951258
9281908333.33,-69.978003502218
9286906666.67,-67.39082790171773
9291905000.0,-68.92784368401885
9296903333.33,-68.58426468047593
9301901666.67,-67.87920167922168
9306900000.0,-69.11660536785439
9311898333.33,-68.76975962660907
9316896666.67,-67.486492513505
9321895000.0,-68.24176511548549
9326893333.33,-68.83537251493657
9331891666.67,-67.04635673980226
9336890000.0,-67.07832011457766
9341888333.33,-68.62677189552387
9346886666.67,-67.17194019669223
9351885000.0,-68.5288702373413
9356883333.33,-67.99768906625631
9361881666.67,-66.70500791810865
9366880000.0,-67.18889826705788
9371878333.33,-67.57997610095822
9376876666.67,-68.03454840436373
9381875000.0,-67.51109849950771
9386873333.33,-69.46677990918175
9391871666.67,-67.77137412189776
9396870000.0,-67.70895084388354
9401868333.33,-67.16801432899015
9406866666.67,-67.14662498620443
9411865000.0,-66.5419123614963
9416863333.33,-67.16242718493027
9421861666.67,-67.11908420256913
9426860000.0,-67.01231963016588
9431858333.33,-68.42036818098347
9436856666.67,-66.39462657318234
9441855000.0,-67.07037435558833
9446853333.33,-68.51018242250844
9451851666.67,-66.37657819463351
9456850000.0,-68.56608487872721
9461848333.33,-67.6376614209158
9466846666.67,-70.09988135616177
9471845000.0,-67.91534464502621
9476843333.33,-68.1259692401028
9481841666.67,-68.78938811000035
9486840000.0,-68.59694412490457
9491838333.33,-66.55492936272174
9496836666.67,-67.00985349736625
9501835000.0,-67.22836724724219
9506833333.33,-67.71638438245895
9511831666.67,-67.32105353677245
9516830000.0,-66.0482374553055
9521828333.33,-67.27812398460958
9526826666.67,-66.73387761086279
9531825000.0,-67.7651522426502
9536823333.33,-68.15490861677777
9541821666.67,-67.553632154472
9546820000.0,-68.61834713587898
9551818333.33,-67.60691386127662
9556816666.67,-68.20435766673089
9561815000.0,-67.54160130731759
9566813333.33,-69.78255736107103
9571811666.67,-66.45322593002744
9576810000.0,-67.86203666044331
9581808333.33,-66.81355812160524
9586806666.67,-67.41378357237656
9591805000.0,-66.55552510071546
9596803333.33,-66.54712912865087
9601801666.67,-66.88021238770833
9606800000.0,-67.0028623792368
9611798333.33,-66.29607820332991
9616796666.67,-65.52260224437819
9621795000.0,-66.62847474487394
9626793333.33,-67.60601221595854
9631791666.67,-67.59249625974086
9636790000.0,-65.89213983842741
9641788333.33,-65.77059230018783
9646786666.67,-67.44597528790769
9651785000.0,-67.09566019459858
9656783333.33,-66.11769601789055
9661781666.67,-66.52558814071563
9666780000.0,-67.0937834548772
9671778333.33,-66.63561592915924
9676776666.67,-66.12598950400117
9681775000.0,-65.22297094667606
9686773333.33,-65.51733508138645
9691771666.67,-67.18985216166124
9696770000.0,-66.66874602971237
9701768333.33,-65.18571243471663
9706766666.67,-66.84240544907772
9711765000.0,-66.49426897539753
9716763333.33,-65.80403607123516
9721761666.67,-67.37508791374512
9726760000.0,-66.40780710472072
9731758333.33,-67.51796470803288
9736756666.67,-65.9320189347124
9741755000.0,-67.45785274553951
9746753333.33,-68.20630568671679
9751751666.67,-66.85277030217591
9756750000.0,-66.06941896085434
9761748333.33,-67.17843215799816
9766746666.67,-65.84599938694168
9771745000.0,-66.26459132084493
9776743333.33,-66.20127826596284
9781741666.67,-65.12428281377782
9786740000.0,-66.58976878753461
9791738333.33,-66.08620511989233
9796736666.67,-66.82502758890854
9801735000.0,-66.50007284496878
9806733333.33,-66.75731564924335
9811731666.67,-66.5947239998608
9816730000.0,-65.86811755734945
9821728333.33,-66.67476904161025
9826726666.67,-67.14061236958092
9831725000.0,-66.96646955397954
9836723333.33,-67.19814264277737
9841721666.67,-66.85587200418792
9846720000.0,-67.21182306367118
9851718333.33,-67.05633896680949
9856716666.67,-67.07572512642649
9861715000.0,-64.93327126944583
9866713333.33,-67.10296416501839
9871711666.67,-66.50470616947209
9876710000.0,-67.60699063887098
9881708333.33,-66.90577858540097
9886706666.67,-66.277444264288
9891705000.0,-66.7057610142885
9896703333.33,-66.80059103276618
9901701666.67,-65.81441086367877
9906700000.0,-66.89455215186993
9911698333.33,-66.90646667419682
9916696666.67,-66.38143839595202
9921695000.0,-68.29096618107089
9926693333.33,-67.4613330327439
9931691666.67,-67.11060336054436
9936690000.0,-66.4205705245921
9941688333.33,-66.58408069696759
9946686666.67,-66.057472897685
9951685000.0,-65.72195892256357
9956683333.33,-66.62085062499703
9961681666.67,-65.61265146911447
9966680000.0,-65.5138577133177
9971678333.33,-66.28335651339002
9976676666.67,-67.4924445105387
9981675000.0,-66.91428600707182
9986673333.33,-67.33867865109615
9991671666.67,-66.00804344129116
9996670000.0,-66.79038461357113
10001668333.3,-66.22732361974803
10006666666.7,-66.63590523436088
10011665000.0,-65.85779270779466
10016663333.3,-66.6688006392545
10021661666.7,-66.43374215635598
10026660000.0,-66.88184291306497
10031658333.3,-65.97638264260061
10036656666.7,-67.02430574839474
10041655000.0,-66.00261184047204
10046653333.3,-66.13745694608852
10051651666.7,-67.53523927261685
10056650000.0,-66.01132032746011
10061648333.3,-66.06250451951347
10066646666.7,-65.84616695245018
10071645000.0,-66.08738588135697
10076643333.3,-66.9523884452635
10081641666.7,-66.5817067002011
10086640000.0,-66.8107325054404
10091638333.3,-66.15467881578707
10096636666.7,-66.70994269336543
10101635000.0,-66.84101494757283
10106633333.3,-65.93055253195875
10111631666.7,-66.2692534563291
10116630000.0,-67.38522460451226
10121628333.3,-65.99148918835218
10126626666.7,-66.08971608149858
10131625000.0,-66.53400233882459
10136623333.3,-66.70023953908758
10141621666.7,-67.15296978843907
10146620000.0,-66.83276112196272
10151618333.3,-66.0638666664437
10156616666.7,-66.68413981757686
10161615000.0,-67.18663852167177
10166613333.3,-66.72544616319642
10171611666.7,-66.46379685216337
10176610000.0,-67.61176435197399
10181608333.3,-67.19895810433967
10186606666.7,-66.26807843251159
10191605000.0,-65.4150001371085
10196603333.3,-66.81450379324744
10201601666.7,-67.85286114244626
10206600000.0,-66.22497066047171
10211598333.3,-67.39313562829592
10216596666.7,-66.05192617896844
10221595000.0,-66.38141249440326
10226593333.3,-65.766859995619
10231591666.7,-65.53933939185663
10236590000.0,-67.3099356149038
10241588333.3,-66.54482692712763
10246586666.7,-67.42764594167836
10251585000.0,-66.12183648168909
10256583333.3,-66.48122627505376
10261581666.7,-65.90986652142098
10266580000.0,-65.80373544524261
10271578333.3,-67.15404145592201
10276576666.7,-66.90148666386011
10281575000.0,-66.35482092233498
10286573333.3,-66.52336336658996
10291571666.7,-66.732986563588
10296570000.0,-65.66661885919096
10301568333.3,-66.16970302367905
10306566666.7,-66.6474599693314
10311565000.0,-66.62393737872611
10316563333.3,-66.30013590377102
10321561666.7,-66.40553385025578
10326560000.0,-66.39558416697164
10331558333.3,-65.93080383105827
10336556666.7,-66.38707456777988
10341555000.0,-65.74809027318254
10346553333.3,-66.68378873658556
10351551666.7,-66.252758389216
10356550000.0,-66.45193689164793
10361548333.3,-66.12582166620143
10366546666.7,-65.75612905410529
10371545000.0,-65.87653372023892
10376543333.3,-65.50446909752789
10381541666.7,-65.11676148642363
10386540000.0,-66.63239196362585
10391538333.3,-66.00989067501794
10396536666.7,-65.32052792277224
10401535000.0,-65.92369384357102
10406533333.3,-66.4215499404194
10411531666.7,-67.10055062926779
10416530000.0,-65.82989320081597
10421528333.3,-65.95119075831906
10426526666.7,-65.10216330018122
10431525000.0,-64.62774369324522
10436523333.3,-65.29777824950314
10441521666.7,-66.95124392158195
10446520000.0,-66.98203621424663
10451518333.3,-66.33449378097531
10456516666.7,-65.38450864751015
10461515000.0,-66.20651144028851
10466513333.3,-66.18121282769235
10471511666.7,-67.09446175935136
10476510000.0,-65.97331742624749
10481508333.3,-65.71635779535582
10486506666.7,-65.96319237192236
10491505000.0,-65.8608552302581
10496503333.3,-65.6158137025418
10501501666.7,-65.82909756853125
10506500000.0,-65.50812976640466
10511498333.3,-66.30545944850357
10516496666.7,-66.1949796729587
10521495000.0,-66.55512760174744
10526493333.3,-66.07745795503286
10531491666.7,-65.70470958342561
10536490000.0,-65.05769579806173
10541488333.3,-65.27315401758557
10546486666.7,-65.44620927858563
10551485000.0,-66.07641988280628
10556483333.3,-64.90563235552368
10561481666.7,-65.94903276935489
10566480000.0,-66.20158228926891
10571478333.3,-66.21912517742803
10576476666.7,-65.7142634153794
10581475000.0,-66.77484788270603
10586473333.3,-66.69624364595612
10591471666.7,-66.1776625204435
10596470000.0,-66.06313194964932
10601468333.3,-66.37805666339256
10606466666.7,-65.71395710120085
10611465000.0,-66.90223737990478
10616463333.3,-65.65271966806692
10621461666.7,-65.43239104513952
10626460000.0,-65.76794754721038
10631458333.3,-65.71701511428378
10636456666.7,-65.29605494680455
10641455000.0,-65.46740313733652
10646453333.3,-65.5064699683169
10651451666.7,-64.75048822293223
10656450000.0,-66.12107750920865
10661448333.3,-65.91850435976114
10666446666.7,-65.46961615020959
10671445000.0,-65.75830100085966
10676443333.3,-65.2994232664165
10681441666.7,-66.83441256016347
10686440000.0,-66.85067456345129
10691438333.3,-66.67746371881408
10696436666.7,-65.25575773018338
10701435000.0,-66.33057925492972
10706433333.3,-64.74923001894383
10711431666.7,-64.829058965126
10716430000.0,-64.62213313651196
10721428333.3,-64.62114245076786
10726426666.7,-65.5823302238572
10731425000.0,-65.69364840942009
10736423333.3,-64.75241458100253
10741421666.7,-64.98945636763452
10746420000.0,-65.46298103858659
10751418333.3,-64.8992909900775
10756416666.7,-65.36721134758005
10761415000.0,-65.82378892786414
10766413333.3,-65.40045224702897
10771411666.7,-66.08022975551073
10776410000.0,-65.77662995790084
10781408333.3,-66.75656254234718
10786406666.7,-65.3444201352026
10791405000.0,-65.91565899561269
10796403333.3,-65.76140719860723
10801401666.7,-65.92194388897396
10806400000.0,-65.5010532246495
10811398333.3,-66.31758553568231
10816396666.7,-65.3029892326944
10821395000.0,-64.86316306699618
10826393333.3,-65.93135279866698
10831391666.7,-66.14364053185784
10836390000.0,-65.65011430250698
10841388333.3,-65.52592291645722
10846386666.7,-66.66758741921085
10851385000.0,-65.72836278155222
10856383333.3,-65.81237035091637
10861381666.7,-66.30255698332233
10866380000.0,-67.96222900082078
10871378333.3,-66.4049010272918
10876376666.7,-67.2274037457697
10881375000.0,-66.30055694830523
10886373333.3,-65.98472192631445
10891371666.7,-66.47220069648003
10896370000.0,-66.60272492280023
10901368333.3,-65.79696323266221
10906366666.7,-66.44192691840628
10911365000.0,-65.66549103013529
10916363333.3,-65.720327971984
10921361666.7,-66.2337086087702
10926360000.0,-65.6506755440991
10931358333.3,-65.28281905630342
10936356666.7,-65.78542418639543
10941355000.0,-64.9807370925658
10946353333.3,-65.35712550500426
10951351666.7,-65.67617646571671
10956350000.0,-66.10458517403987
10961348333.3,-66.23868071455317
10966346666.7,-65.18479033427762
10971345000.0,-65.31728355160514
10976343333.3,-65.93821546251881
10981341666.7,-65.4019054892183
10986340000.0,-65.2347508374409
10991338333.3,-64.97310806923538
10996336666.7,-65.68317519845336
11001335000.0,-65.75901170676443
11006333333.3,-66.330819724129
11011331666.7,-65.95099733190708
11016330000.0,-65.04845922640045
11021328333.3,-64.84610760442008
11026326666.7,-64.62858827404898
11031325000.0,-66.71946107934552
11036323333.3,-65.71989196692728
11041321666.7,-65.17765664482931
11046320000.0,-65.31057804331557
11051318333.3,-65.58069761594251
11056316666.7,-65.69652711735218
11061315000.0,-65.71941672455355
11066313333.3,-66.08479337786524
11071311666.7,-65.43877486459226
11076310000.0,-65.76197810253711
11081308333.3,-64.88836948321882
11086306666.7,-64.97551266571416
11091305000.0,-65.51147058447471
11096303333.3,-66.87940458842823
11101301666.7,-66.26962164016322
11106300000.0,-65.71080155363448
11111298333.3,-65.35360053055955
11116296666.7,-66.89075516344393
11121295000.0,-65.81796120662034
11126293333.3,-66.507461107969
11131291666.7,-65.02467183434078
11136290000.0,-67.24554688268965
11141288333.3,-65.85290090207786
11146286666.7,-66.17326124031374
11151285000.0,-66.11144302166478
11156283333.3,-65.32390463514986
11161281666.7,-65.46612016607449
11166280000.0,-66.48129439645531
11171278333.3,-66.13848577310341
11176276666.7,-65.906020392198
11181275000.0,-66.48136028759276
11186273333.3,-66.04788618773937
11191271666.7,-66.17907239335993
11196270000.0,-66.21887382011366
11201268333.3,-65.68681215764622
11206266666.7,-65.77579105325519
11211265000.0,-66.22586947811116
11216263333.3,-65.59573344334684
11221261666.7,-65.26950423436767
11226260000.0,-65.94959096286763
11231258333.3,-65.52535597833746
11236256666.7,-65.03775413882236
11241255000.0,-65.72538431115824
11246253333.3,-65.62211605061731
11251251666.7,-65.36756231703988
11256250000.0,-64.45118329112864
11261248333.3,-65.8498023411412
11266246666.7,-65.97626173477542
11271245000.0,-65.0568662607351
11276243333.3,-65.3061695525796
11281241666.7,-64.66875672078159
11286240000.0,-64.90875583661412
11291238333.3,-65.72215783304284
11296236666.7,-65.71871868915136
11301235000.0,-65.37072902570753
11306233333.3,-64.48260987266968
11311231666.7,-64.79821144090225
11316230000.0,-65.32175190787568
11321228333.3,-65.37561606088434
11326226666.7,-64.62457196561857
11331225000.0,-65.41878543377354
11336223333.3,-65.25745984842152
11341221666.7,-64.74004277628696
11346220000.0,-65.6666327088849
11351218333.3,-64.71409735945535
11356216666.7,-64.81616769582465
11361215000.0,-65.53719468160381
11366213333.3,-65.94691867778981
11371211666.7,-65.3231806719683
11376210000.0,-64.79903515987232
11381208333.3,-66.07176790731958
11386206666.7,-64.57706241848933
11391205000.0,-65.71343921100667
11396203333.3,-65.05530577937103
11401201666.7,-65.15689481093398
11406200000.0,-65.08730150113526
11411198333.3,-65.35309494264656
11416196666.7,-65.17573729517399
11421195000.0,-65.17567489609381
11426193333.3,-65.6680637690757
11431191666.7,-64.43054347125232
11436190000.0,-63.97966214902787
11441188333.3,-65.02109030662702
11446186666.7,-65.23517988148154
11451185000.0,-65.35816998022283
11456183333.3,-65.30721924848083
11461181666.7,-65.98735324766737
11466180000.0,-65.25466478840448
11471178333.3,-64.44413124765985
11476176666.7,-65.22407874541598
11481175000.0,-65.3974165038749
11486173333.3,-63.612541049631645
11491171666.7,-63.68856591885791
11496170000.0,-64.5470987413139
11501168333.3,-64.24984471569827
11506166666.7,-64.54038450173292
11511165000.0,-64.07909918115469
11516163333.3,-65.01606681405244
11521161666.7,-64.9557817123912
11526160000.0,-63.78353286985057
11531158333.3,-64.88936068622216
11536156666.7,-65.01749929246321
11541155000.0,-65.51375350587404
11546153333.3,-65.06432503716061
11551151666.7,-65.01740156800895
11556150000.0,-64.6127944939872
11561148333.3,-65.19336855491404
11566146666.7,-64.68860360837435
11571145000.0,-64.86601774503897
11576143333.3,-65.25223984229436
11581141666.7,-64.7890984140423
11586140000.0,-65.03599431439895
11591138333.3,-63.94744888720781
11596136666.7,-64.07688229928019
11601135000.0,-64.34904496846849
11606133333.3,-64.03439561319931
11611131666.7,-62.80446760853992
11616130000.0,-65.21500099255336
11621128333.3,-64.19575167460974
11626126666.7,-63.98593311429841
11631125000.0,-64.7990703552773
11636123333.3,-63.80500376484315
11641121666.7,-64.72858370940682
11646120000.0,-64.20051627555216
11651118333.3,-64.62563267685488
11656116666.7,-64.67396171266479
11661115000.0,-64.17476876250645
11666113333.3,-64.7459686952295
11671111666.7,-63.83664089044892
11676110000.0,-64.07757352520557
11681108333.3,-63.3798291510321
11686106666.7,-64.31045168530554
11691105000.0,-64.20573956688605
11696103333.3,-64.29666320475162
11701101666.7,-63.835791715912706
11706100000.0,-64.63329100350256
11711098333.3,-65.22056326397666
11716096666.7,-64.78741677154937
11721095000.0,-63.657652033355205
11726093333.3,-64.48402621737375
11731091666.7,-64.52727998145882
11736090000.0,-63.97516952576251
11741088333.3,-64.62104591658225
11746086666.7,-65.39188194569286
11751085000.0,-63.52019677055046
11756083333.3,-63.91787900628468
11761081666.7,-64.65282386086135
11766080000.0,-64.19853072797294
11771078333.3,-63.69334845739702
11776076666.7,-63.55684634146415
11781075000.0,-63.51647298213215
11786073333.3,-64.66705276238716
11791071666.7,-65.48910294268217
11796070000.0,-64.04003959269686
11801068333.3,-64.73336491788855
11806066666.7,-63.999505781656715
11811065000.0,-63.761888040577155
11816063333.3,-64.36142034846364
11821061666.7,-64.55136260934391
11826060000.0,-64.69451735902949
11831058333.3,-64.00005325370049
11836056666.7,-64.32082317061246
11841055000.0,-64.59614131429294
11846053333.3,-64.3390455489283
11851051666.7,-64.45822402593348
11856050000.0,-63.50912799391394
11861048333.3,-63.65055848022077
11866046666.7,-64.36622334713172
11871045000.0,-64.12302917393494
11876043333.3,-64.45412942456068
11881041666.7,-64.30086803313439
11886040000.0,-63.8971393712227
11891038333.3,-64.53474103949378
11896036666.7,-64.8222392368827
11901035000.0,-63.96716407365149
11906033333.3,-65.25252170146506
11911031666.7,-64.3486536179451
11916030000.0,-64.15802662655054
11921028333.3,-65.20965492748306
11926026666.7,-64.37838852065646
11931025000.0,-64.28283370038861
11936023333.3,-64.52959454214081
11941021666.7,-64.93175102058864
11946020000.0,-64.39765813065901
11951018333.3,-63.916623547534414
11956016666.7,-64.63238727471784
11961015000.0,-63.655190521282435
11966013333.3,-64.98934293047046
11971011666.7,-65.28993017425418
11976010000.0,-65.13352706538653
11981008333.3,-64.3459876276072
11986006666.7,-64.72164327495028
11991005000.0,-63.956254554366794
11996003333.3,-64.20019789738423
12001001666.7,-63.94758456697875
12006000000.0,-64.07733100363514
12010998333.3,-63.56419421091019
12015996666.7,-63.11122472175776
12020995000.0,-63.507490569546036
12025993333.3,-63.22848569408801
12030991666.7,-63.60647517262544
12035990000.0,-62.74802884545669
12040988333.3,-63.422345705814756
12045986666.7,-62.845480447190205
12050985000.0,-63.479529289880276
12055983333.3,-63.23942056148449
12060981666.7,-62.85184150784009
12065980000.0,-64.42435464781529
12070978333.3,-62.99134983803199
12075976666.7,-64.350968678679
12080975000.0,-64.40736823546511
12085973333.3,-63.350219057020986
12090971666.7,-63.73729034898797
12095970000.0,-63.12636677312696
12100968333.3,-63.04696028593863
12105966666.7,-62.83086792165822
12110965000.0,-62.2608361780085
12115963333.3,-63.36972412302206
12120961666.7,-63.81777563557535
12125960000.0,-63.44300207040913
12130958333.3,-64.07105375018436
12135956666.7,-64.04159356368402
12140955000.0,-63.7468681497119
12145953333.3,-62.801596847637086
12150951666.7,-63.536864038188284
12155950000.0,-62.987773944846985
12160948333.3,-63.87639033667061
12165946666.7,-63.9240655436664
12170945000.0,-63.501305593139804
12175943333.3,-63.855704267199854
12180941666.7,-63.58435086598724
12185940000.0,-63.56408064684737
12190938333.3,-62.64266788843419
12195936666.7,-63.232753067088645
12200935000.0,-64.24739697841386
12205933333.3,-63.61499377499351
12210931666.7,-63.39094898487696
12215930000.0,-63.136964861945195
12220928333.3,-63.38316871419635
12225926666.7,-62.8778936325897
12230925000.0,-64.58682549613906
12235923333.3,-65.25647421559286
12240921666.7,-63.97557256310837
12245920000.0,-63.73820391332334
12250918333.3,-63.9804202884598
12255916666.7,-63.53049063360521
12260915000.0,-63.50016732703514
12265913333.3,-63.02255414131772
12270911666.7,-63.77432796798939
12275910000.0,-62.832160741246526
12280908333.3,-63.34306913364269
12285906666.7,-62.95622233405578
12290905000.0,-63.51771591854175
12295903333.3,-63.204963102171575
12300901666.7,-62.83623751600395
12305900000.0,-63.55120569066259
12310898333.3,-63.211558954383236
12315896666.7,-63.2613720008083
12320895000.0,-63.13053335384308
12325893333.3,-63.08479370049306
12330891666.7,-62.27922749280835
12335890000.0,-63.21311168384449
12340888333.3,-62.597925280111745
12345886666.7,-61.8487530635036
12350885000.0,-62.27120736349527
12355883333.3,-62.45744919152066
12360881666.7,-62.575072946556965
12365880000.0,-61.644437158175194
12370878333.3,-61.761955461327304
12375876666.7,-62.4154221786132
12380875000.0,-62.2316552278251
12385873333.3,-63.085615579646685
12390871666.7,-63.41080288020703
12395870000.0,-62.26335232301003
12400868333.3,-62.132213581001565
12405866666.7,-62.64955182308655
12410865000.0,-63.48007729859445
12415863333.3,-63.08851865457165
12420861666.7,-63.06900091300691
12425860000.0,-63.5995235784263
12430858333.3,-63.52922372704687
12435856666.7,-63.01180367237066
12440855000.0,-62.71038374958805
12445853333.3,-61.69753144501166
12450851666.7,-62.69510351988343
12455850000.0,-62.43761113922651
12460848333.3,-62.24943474838258
12465846666.7,-62.70877295209346
12470845000.0,-62.36584156477265
12475843333.3,-62.61914287000558
12480841666.7,-62.6802349221156
12485840000.0,-63.64176112631209
12490838333.3,-63.778014300945436
12495836666.7,-63.90438428803058
12500835000.0,-62.418184375937926
12505833333.3,-63.7170304866228
12510831666.7,-63.535668149248266
12515830000.0,-63.144806435480604
12520828333.3,-62.93721075358025
12525826666.7,-63.32001660964483
12530825000.0,-62.833388385147614
12535823333.3,-63.06986363865165
12540821666.7,-63.420146025693455
12545820000.0,-63.252976862549495
12550818333.3,-63.91259996736616
12555816666.7,-62.71919485952802
12560815000.0,-64.31167730029442
12565813333.3,-63.06223151614218
12570811666.7,-63.14436186588449
12575810000.0,-62.75272745117477
12580808333.3,-62.98510877324752
12585806666.7,-63.3269120603522
12590805000.0,-63.04041733032916
12595803333.3,-63.66642344727343
12600801666.7,-63.6919609028004
12605800000.0,-63.17279348066898
12610798333.3,-63.518964651994494
12615796666.7,-62.453495987878256
12620795000.0,-63.203656298074655
12625793333.3,-62.575173237949066
12630791666.7,-62.579801628823645
12635790000.0,-62.742716108263245
12640788333.3,-62.71246127039998
12645786666.7,-62.945794087651194
12650785000.0,-62.949503008387765
12655783333.3,-63.594226615740546
12660781666.7,-62.79264915745148
12665780000.0,-63.59477756004865
12670778333.3,-63.512632698432
12675776666.7,-63.587390951990926
12680775000.0,-63.64362934856391
12685773333.3,-63.10070885184029
12690771666.7,-63.40089180798984
12695770000.0,-63.16717517411526
12700768333.3,-62.81786908897171
12705766666.7,-62.5131950133412
12710765000.0,-62.742526695770245
12715763333.3,-63.13350541639999
12720761666.7,-63.73212258952245
12725760000.0,-63.17608260280092
12730758333.3,-63.30296320119568
12735756666.7,-63.2133995620315
12740755000.0,-63.17579695331719
12745753333.3,-63.045908616302356
12750751666.7,-63.83075872962708
12755750000.0,-62.83789818091802
12760748333.3,-63.887538465177236
12765746666.7,-64.03557174518102
12770745000.0,-63.28820848747127
12775743333.3,-63.566863408299604
12780741666.7,-63.36104806298343
12785740000.0,-63.8339307792009
12790738333.3,-63.179817887382285
12795736666.7,-63.35421400918368
12800735000.0,-64.06995480178786
12805733333.3,-63.113720348199315
12810731666.7,-63.627388232576926
12815730000.0,-63.7514269675794
12820728333.3,-63.77265543916302
12825726666.7,-63.80504459622756
12830725000.0,-63.973977323835456
12835723333.3,-63.85233466870197
12840721666.7,-64.5558736530317
12845720000.0,-63.49353963678175
12850718333.3,-63.4406705834047
12855716666.7,-63.54155278587811
12860715000.0,-64.0684192640032
12865713333.3,-63.440480636026706
12870711666.7,-64.56616377551529
12875710000.0,-62.82925291653683
12880708333.3,-63.330757285940614
12885706666.7,-63.00272627444006
12890705000.0,-62.37521731940166
12895703333.3,-63.560148707851454
12900701666.7,-63.668352667226465
12905700000.0,-63.809971217927156
12910698333.3,-63.62444624152387
12915696666.7,-63.49816667917756
12920695000.0,-64.07420594020037
12925693333.3,-63.506947997433144
12930691666.7,-64.01416035704871
12935690000.0,-63.53423472275851
12940688333.3,-63.057618840365954
12945686666.7,-63.58244099855847
12950685000.0,-63.14002689955178
12955683333.3,-63.325735619174644
12960681666.7,-63.420840622172356
12965680000.0,-63.35639711488405
12970678333.3,-63.07914203504514
12975676666.7,-63.65225804232636
12980675000.0,-62.93981220661947
12985673333.3,-63.444497050372625
12990671666.7,-63.43875491249189
12995670000.0,-63.29287528318823
13000668333.3,-64.59097216628129
13005666666.7,-64.75512672196524
13010665000.0,-64.19547985976396
13015663333.3,-64.36648546499958
13020661666.7,-63.505777381592296
13025660000.0,-62.69187194573779
13030658333.3,-63.125321993091426
13035656666.7,-62.78695618920986
13040655000.0,-62.96263325917501
13045653333.3,-63.79167539950175
13050651666.7,-62.29389660520931
13055650000.0,-63.03078149676238
13060648333.3,-62.782022700237626
13065646666.7,-62.05306130434462
13070645000.0,-62.06100309070848
13075643333.3,-62.48566878232651
13080641666.7,-62.97494677460943
13085640000.0,-63.05632242932225
13090638333.3,-62.97909285862101
13095636666.7,-62.51750100590097
13100635000.0,-63.12906476946387
13105633333.3,-63.35980822471069
13110631666.7,-63.27051109471717
13115630000.0,-63.37137116250617
13120628333.3,-63.06587531846759
13125626666.7,-62.08125623177462
13130625000.0,-63.25066125956285
13135623333.3,-63.02923324350495
13140621666.7,-63.42603928259456
13145620000.0,-63.53730392964047
13150618333.3,-62.5958159619659
13155616666.7,-62.88031800945191
13160615000.0,-62.88136911176664
13165613333.3,-62.117048303555755
13170611666.7,-62.89746222925413
13175610000.0,-62.396799178352715
13180608333.3,-62.62007317515375
13185606666.7,-62.74909118757712
13190605000.0,-62.78051775359771
13195603333.3,-63.64438207448454
13200601666.7,-63.004894660209786
13205600000.0,-62.47178043275135
13210598333.3,-62.633946269418786
13215596666.7,-62.27332695179091
13220595000.0,-62.5864547530573
13225593333.3,-62.40852259433909
13230591666.7,-62.39911198389997
13235590000.0,-63.796486209925675
13240588333.3,-63.76356128183568
13245586666.7,-63.17841601332474
13250585000.0,-63.127120000056024
13255583333.3,-62.99400163472525
13260581666.7,-63.362442483879434
13265580000.0,-63.280932202555505
13270578333.3,-63.414809576840895
13275576666.7,-62.82274507403842
13280575000.0,-63.90190702304423
13285573333.3,-63.73862504555187
13290571666.7,-63.50468002695392
13295570000.0,-62.8030503128597
13300568333.3,-62.95450040979346
13305566666.7,-63.54202023709661
13310565000.0,-62.581603736768976
13315563333.3,-62.874167822890605
13320561666.7,-63.16898057834872
13325560000.0,-63.22830262268498
13330558333.3,-62.51777343767996
13335556666.7,-64.13460125764298
13340555000.0,-62.669873728321605
13345553333.3,-63.069823205657755
13350551666.7,-62.73654262063203
13355550000.0,-63.535040702586436
13360548333.3,-62.984869138956086
13365546666.7,-62.92146167167178
13370545000.0,-63.360700659653126
13375543333.3,-62.322145361807976
13380541666.7,-62.50777282396601
13385540000.0,-63.114405243506944
13390538333.3,-62.57733108449112
13395536666.7,-63.42110313693254
13400535000.0,-61.952349458068916
13405533333.3,-62.93820885863753
13410531666.7,-63.27565662602094
13415530000.0,-62.621759396974156
13420528333.3,-63.004912204651696
13425526666.7,-62.42178123708761
13430525000.0,-62.55698831048492
13435523333.3,-63.52047018264172
13440521666.7,-63.15793441691612
13445520000.0,-63.517541699010934
13450518333.3,-62.38356433952835
13455516666.7,-62.93876879738957
13460515000.0,-63.743484694063625
13465513333.3,-63.409133704350886
13470511666.7,-63.60710205248506
13475510000.0,-63.255174204033466
13480508333.3,-63.23419145589468
13485506666.7,-62.91735580220195
13490505000.0,-62.77965168882524
13495503333.3,-62.64790162861725
13500501666.7,-62.30727195060329
13505500000.0,-62.25805164293722
13510498333.3,-62.692522998345474
13515496666.7,-63.311421539339605
13520495000.0,-62.73853722648978
13525493333.3,-63.92360578348263
13530491666.7,-64.15281141279681
13535490000.0,-62.95302326015385
13540488333.3,-63.40743490262511
13545486666.7,-63.0384436760643
13550485000.0,-63.77830272239781
13555483333.3,-62.965164871438574
13560481666.7,-62.57991028139344
13565480000.0,-62.822405782065985
13570478333.3,-62.775788733305234
13575476666.7,-63.56244886588559
13580475000.0,-63.693194056445144
13585473333.3,-63.5296523612537
13590471666.7,-64.15105878096603
13595470000.0,-63.674135719045246
13600468333.3,-63.139223429799536
13605466666.7,-63.780250327413
13610465000.0,-63.905346440707696
13615463333.3,-63.939684583908736
13620461666.7,-64.2098160512249
13625460000.0,-64.44521558523206
13630458333.3,-64.05480715678041
13635456666.7,-62.88451404559888
13640455000.0,-64.70953869142184
13645453333.3,-63.38879985975882
13650451666.7,-63.55006810552402
13655450000.0,-64.24381131748868
13660448333.3,-63.19761170234802
13665446666.7,-63.06872377046964
13670445000.0,-62.929338031725486
13675443333.3,-62.77949335363858
13680441666.7,-63.37183203309003
13685440000.0,-62.980824554608006
13690438333.3,-63.609437737633925
13695436666.7,-62.756392367220144
13700435000.0,-62.91074053230656
13705433333.3,-63.517735715592856
13710431666.7,-61.997623773632625
13715430000.0,-62.9579622267634
13720428333.3,-62.13789735007679
13725426666.7,-63.82746446600094
13730425000.0,-62.37477771662775
13735423333.3,-63.16932990053595
13740421666.7,-62.66385338027291
13745420000.0,-63.305840093253565
13750418333.3,-62.911530970196694
13755416666.7,-63.929500048461406
13760415000.0,-62.97000069262079
13765413333.3,-62.91744450696132
13770411666.7,-63.49551744873504
13775410000.0,-63.12657717172398
13780408333.3,-63.1815448141853
13785406666.7,-63.70278902430328
13790405000.0,-63.57347187026183
13795403333.3,-63.69536330104414
13800401666.7,-63.44548160747575
13805400000.0,-63.403408721865546
13810398333.3,-62.74678390176533
13815396666.7,-62.81366646547961
13820395000.0,-62.606961405426574
13825393333.3,-63.8814163790193
13830391666.7,-63.27970011860004
13835390000.0,-64.21651908483058
13840388333.3,-62.57728050568531
13845386666.7,-64.10211505959705
13850385000.0,-63.21861637640613
13855383333.3,-63.728490588364544
13860381666.7,-63.34692706482731
13865380000.0,-63.24704720770261
13870378333.3,-63.787022058048336
13875376666.7,-63.22301885080785
13880375000.0,-64.40272489926716
13885373333.3,-64.13574419482423
13890371666.7,-63.730314193043675
13895370000.0,-63.46526337815513
13900368333.3,-63.31318365385069
13905366666.7,-63.21454055543859
13910365000.0,-63.36638057279552
13915363333.3,-62.89861121476644
13920361666.7,-63.12055577005915
13925360000.0,-63.35643673109889
13930358333.3,-63.42694484990429
13935356666.7,-63.292077975346345
13940355000.0,-63.82141261309913
13945353333.3,-63.79098829196995
13950351666.7,-63.821469162861106
13955350000.0,-64.26196255408226
13960348333.3,-63.03240912560507
13965346666.7,-62.78386129156205
13970345000.0,-63.61975872731229
13975343333.3,-62.54348528373194
13980341666.7,-62.43851997608467
13985340000.0,-61.8410679365693
13990338333.3,-62.447534884220175
13995336666.7,-62.81281905576836
14000335000.0,-62.14347245928556
14005333333.3,-61.909300734111895
14010331666.7,-61.94612827170212
14015330000.0,-62.781365206197364
14020328333.3,-62.30440705910392
14025326666.7,-62.47641166924625
14030325000.0,-63.23148999428313
14035323333.3,-62.61667711458447
14040321666.7,-62.511536984621216
14045320000.0,-62.08673014862444
14050318333.3,-62.47388026076072
14055316666.7,-62.37465852803571
14060315000.0,-61.64011275162209
14065313333.3,-62.86079862960445
14070311666.7,-62.21396357350958
14075310000.0,-62.60636063846092
14080308333.3,-62.88928199374556
14085306666.7,-61.91234468400608
14090305000.0,-62.10889880002782
14095303333.3,-62.574223583908335
14100301666.7,-61.849302071661434
14105300000.0,-62.45903638479404
14110298333.3,-63.00198015179633
14115296666.7,-63.13489360103855
14120295000.0,-62.49652209936449
14125293333.3,-62.64907483019176
14130291666.7,-63.223446948418676
14135290000.0,-62.45916421213544
14140288333.3,-62.800088830756124
14145286666.7,-62.49716403947964
14150285000.0,-62.87895538679025
14155283333.3,-62.80050272229256
14160281666.7,-64.03933538156946
14165280000.0,-63.14116591437915
14170278333.3,-63.322475129221026
14175276666.7,-62.469114140507614
14180275000.0,-62.531905554517586
14185273333.3,-61.958582152555444
14190271666.7,-62.634067928000405
14195270000.0,-62.488848299622326
14200268333.3,-61.97725081573411
14205266666.7,-62.97528724252846
14210265000.0,-62.40470001879669
14215263333.3,-62.727446133856475
14220261666.7,-62.81347730587385
14225260000.0,-63.35871662248717
14230258333.3,-62.628796087148295
14235256666.7,-62.67292659339799
14240255000.0,-62.38114532717674
14245253333.3,-62.23372671904283
14250251666.7,-61.47889056354359
14255250000.0,-62.80639451344416
14260248333.3,-62.741079572620635
14265246666.7,-62.50242374038832
14270245000.0,-61.98367830004008
14275243333.3,-62.82857888845236
14280241666.7,-62.78190641828367
14285240000.0,-63.23702018244085
14290238333.3,-62.752934070704455
14295236666.7,-62.96535095534115
14300235000.0,-63.13926856265529
14305233333.3,-63.31685348102305
14310231666.7,-63.61485117290713
14315230000.0,-62.46301341460114
14320228333.3,-62.78587045459474
14325226666.7,-62.70953616826506
14330225000.0,-62.41539310791257
14335223333.3,-62.582851987220224
14340221666.7,-63.03017671036067
14345220000.0,-62.30829631906463
14350218333.3,-62.359895418544475
14355216666.7,-61.89744826864013
14360215000.0,-62.650943845559226
14365213333.3,-62.81497591755791
14370211666.7,-62.04587718814722
14375210000.0,-62.895729014270145
14380208333.3,-62.53668176542462
14385206666.7,-62.84320811813969
14390205000.0,-62.44296954784793
14395203333.3,-63.17364931111467
14400201666.7,-62.76095176776376
14405200000.0,-62.91072400533261
14410198333.3,-63.1049638733419
14415196666.7,-62.515213784870205
14420195000.0,-62.570553713817255
14425193333.3,-62.48059733690833
14430191666.7,-62.38039589617997
14435190000.0,-62.20770961562281
14440188333.3,-62.89349330423957
14445186666.7,-62.87443483718349
14450185000.0,-63.37293382036434
14455183333.3,-62.71526471592292
14460181666.7,-63.3948380676094
14465180000.0,-63.22199629156777
14470178333.3,-62.79837345491097
14475176666.7,-63.59958459094348
14480175000.0,-63.09026569826858
14485173333.3,-64.04770814029577
14490171666.7,-63.09351470989327
14495170000.0,-63.86685192963937
14500168333.3,-63.093914310995196
14505166666.7,-63.2565097160147
14510165000.0,-63.6613134107941
14515163333.3,-63.20310991195637
14520161666.7,-63.1227158691392
14525160000.0,-63.06676727240594
14530158333.3,-63.499882722273206
14535156666.7,-63.35114521389498
14540155000.0,-63.42693598619018
14545153333.3,-64.7084003407551
14550151666.7,-64.4511298858067
14555150000.0,-64.42930584688528
14560148333.3,-63.94250303396717
14565146666.7,-63.854527108316894
14570145000.0,-63.81902885269963
14575143333.3,-63.40895808256317
14580141666.7,-63.475161340012306
14585140000.0,-63.17634223384936
14590138333.3,-64.5050130947472
14595136666.7,-63.50979946838973
14600135000.0,-63.51840407126558
14605133333.3,-63.34108448684318
14610131666.7,-63.90410786217794
14615130000.0,-63.81106192779328
14620128333.3,-63.82156265530371
14625126666.7,-63.57716142112257
14630125000.0,-64.1952693253557
14635123333.3,-63.42825562556227
14640121666.7,-63.21418323017099
14645120000.0,-63.874621102161065
14650118333.3,-63.455522198351716
14655116666.7,-62.43705046750349
14660115000.0,-63.23073042602389
14665113333.3,-63.5762744726931
14670111666.7,-63.02997871240212
14675110000.0,-62.54525179181769
14680108333.3,-63.1294437119536
14685106666.7,-63.03219791802433
14690105000.0,-63.61183345617427
14695103333.3,-63.74997463046203
14700101666.7,-63.377847675896504
14705100000.0,-63.71106977718487
14710098333.3,-63.89766854488832
14715096666.7,-63.56859877922463
14720095000.0,-63.22073708975503
14725093333.3,-63.303126627460856
14730091666.7,-63.007436150251294
14735090000.0,-63.38846253584456
14740088333.3,-62.76736818192941
14745086666.7,-63.06079853716868
14750085000.0,-62.582406946660676
14755083333.3,-62.846613562789805
14760081666.7,-62.643536017572586
14765080000.0,-63.180949241501374
14770078333.3,-62.36016244470445
14775076666.7,-62.517730683865345
14780075000.0,-62.52448388085525
14785073333.3,-62.09556998028263
14790071666.7,-62.90886581578751
14795070000.0,-62.905397292557495
14800068333.3,-63.0908680697907
14805066666.7,-63.26303096357856
14810065000.0,-63.27999946320449
14815063333.3,-63.32694596613949
14820061666.7,-63.43037517803008
14825060000.0,-62.718309599261374
14830058333.3,-62.91825916274227
14835056666.7,-62.97090070052217
14840055000.0,-62.72020324560967
14845053333.3,-63.70483806876535
14850051666.7,-63.790560370405686
14855050000.0,-62.276731634425104
14860048333.3,-62.84129913680044
14865046666.7,-63.794544986390875
14870045000.0,-63.13033678022591
14875043333.3,-62.93797786775279
14880041666.7,-63.48274383904041
14885040000.0,-63.71822034371927
14890038333.3,-64.95375020333525
14895036666.7,-64.09699178361444
14900035000.0,-64.93392420002397
14905033333.3,-64.19895985867966
14910031666.7,-64.09522778030508
14915030000.0,-64.00479911976689
14920028333.3,-63.940241624921924
14925026666.7,-64.36466755656566
14930025000.0,-63.10064646411909
14935023333.3,-63.39701895403283
14940021666.7,-62.77784943334629
14945020000.0,-62.89310783160818
14950018333.3,-62.27367217113642
14955016666.7,-63.0122104806512
14960015000.0,-62.892705944784794
14965013333.3,-62.618853359371485
14970011666.7,-61.8866215537475
14975010000.0,-62.29130491662552
14980008333.3,-62.150168206983174
14985006666.7,-62.35316589703554
14990005000.0,-62.60468362597541
14995003333.3,-62.99033412700109
15000001666.7,-63.10677899895477
15005000000.0,-62.89419572190843
15009998333.3,-63.03693424084567
15014996666.7,-62.46456050528672
15019995000.0,-63.039861929621146
15024993333.3,-62.54967252109083
15029991666.7,-62.023995692917296
15034990000.0,-62.19823194871794
15039988333.3,-62.73644706260007
15044986666.7,-63.19794058954213
15049985000.0,-62.60273109518501
15054983333.3,-63.040602139521326
15059981666.7,-62.19946870424203
15064980000.0,-62.7287348958488
15069978333.3,-62.27361481075366
15074976666.7,-61.796091162474056
15079975000.0,-62.18962308341584
15084973333.3,-62.73163716906023
15089971666.7,-63.05359973334609
15094970000.0,-62.456128087990294
15099968333.3,-62.12249734067389
15104966666.7,-61.73523146758188
15109965000.0,-62.04258356868715
15114963333.3,-62.58803116054432
15119961666.7,-62.206508547458064
15124960000.0,-62.131599297019484
15129958333.3,-61.809329933733395
15134956666.7,-62.26212122440829
15139955000.0,-61.78005475917841
15144953333.3,-61.62652882750298
15149951666.7,-62.792328029617764
15154950000.0,-62.80442043772594
15159948333.3,-62.643483361396015
15164946666.7,-62.93840362401191
15169945000.0,-63.0880121675075
15174943333.3,-63.31190305718232
15179941666.7,-63.14619450572084
15184940000.0,-62.946986117160534
15189938333.3,-63.08706025245926
15194936666.7,-63.78683432892453
15199935000.0,-63.03854017881727
15204933333.3,-62.83186787015957
15209931666.7,-63.00876348784497
15214930000.0,-63.350248905940205
15219928333.3,-63.22236178414079
15224926666.7,-63.41120578540852
15229925000.0,-63.72419031237092
15234923333.3,-63.88707480210761
15239921666.7,-64.66850613306468
15244920000.0,-63.541548343315235
15249918333.3,-63.713570094661655
15254916666.7,-63.748979567738225
15259915000.0,-63.8973785999021
15264913333.3,-64.98239171378353
15269911666.7,-63.65470450039056
15274910000.0,-63.468744333179615
15279908333.3,-63.63319800594752
15284906666.7,-63.26292039312527
15289905000.0,-63.371526315175515
15294903333.3,-62.73037218803013
15299901666.7,-63.60336190571891
15304900000.0,-62.84591246679149
15309898333.3,-63.5700556660835
15314896666.7,-62.860924078985754
15319895000.0,-63.79065808674392
15324893333.3,-63.16481731179175
15329891666.7,-63.88700388930655
15334890000.0,-63.44620692467807
15339888333.3,-63.59056423492775
15344886666.7,-63.40101970045694
15349885000.0,-63.00242798195694
15354883333.3,-62.52514175821146
15359881666.7,-62.860069834815675
15364880000.0,-62.54764086100066
15369878333.3,-62.75264794808281
15374876666.7,-63.114890718024654
15379875000.0,-62.83352316156426
15384873333.3,-62.747165390614306
15389871666.7,-61.9598746127301
15394870000.0,-63.11982735561685
15399868333.3,-63.438794380108845
15404866666.7,-62.73661076083404
15409865000.0,-62.267885016242985
15414863333.3,-62.834915456171885
15419861666.7,-62.25366628178062
15424860000.0,-62.90491006637295
15429858333.3,-63.35924733040269
15434856666.7,-62.8032356044538
15439855000.0,-62.80037567297932
15444853333.3,-62.70909865072372
15449851666.7,-62.84530908552188
15454850000.0,-63.68086071091263
15459848333.3,-64.13213124926949
15464846666.7,-63.78286537680475
15469845000.0,-63.11043679169245
15474843333.3,-63.36518677918984
15479841666.7,-64.22271016277564
15484840000.0,-63.93197839114693
15489838333.3,-63.52039481933741
15494836666.7,-64.00021822893456
15499835000.0,-63.93500094411387
15504833333.3,-63.354562733801075
15509831666.7,-64.51737784097061
15514830000.0,-64.63220744104734
15519828333.3,-64.8691652164053
15524826666.7,-64.54012792160225
15529825000.0,-64.4594749272427
15534823333.3,-64.05836731772301
15539821666.7,-63.758158257506764
15544820000.0,-64.06160968575887
15549818333.3,-64.78668682789524
15554816666.7,-63.98801529948743
15559815000.0,-64.72854974083818
15564813333.3,-64.26477447425569
15569811666.7,-63.682840803320744
15574810000.0,-63.808649712038495
15579808333.3,-65.16798646436628
15584806666.7,-64.23107291673402
15589805000.0,-64.4300495348111
15594803333.3,-64.38581812317099
15599801666.7,-64.28275454994284
15604800000.0,-64.59383261407714
15609798333.3,-63.37764682796795
15614796666.7,-63.48194367526931
15619795000.0,-63.37159623131113
15624793333.3,-63.197988874941615
15629791666.7,-63.91343268762177
15634790000.0,-63.15138208981704
15639788333.3,-63.168011009339786
15644786666.7,-63.36783749988488
15649785000.0,-63.4890822706668
15654783333.3,-63.55557323900162
15659781666.7,-63.32247806350253
15664780000.0,-63.24715561192673
15669778333.3,-63.59847444196898
15674776666.7,-63.18218447442193
15679775000.0,-63.71580073796139
15684773333.3,-64.14515097962583
15689771666.7,-63.2579532481794
15694770000.0,-62.92610679487619
15699768333.3,-63.743485508936715
15704766666.7,-63.48863729239425
15709765000.0,-63.04830454561329
15714763333.3,-63.15150329690642
15719761666.7,-62.98704177841623
15724760000.0,-63.1692703250712
15729758333.3,-63.721494642238994
15734756666.7,-64.05749955225812
15739755000.0,-63.21945577583485
15744753333.3,-63.978479348298414
15749751666.7,-64.4204766277235
15754750000.0,-63.68121862749136
15759748333.3,-65.04487706805642
15764746666.7,-65.00951772112482
15769745000.0,-64.88259891317307
15774743333.3,-64.21324200282734
15779741666.7,-64.10877639964863
15784740000.0,-64.31407860493684
15789738333.3,-63.910240834085094
15794736666.7,-63.67759447659009
15799735000.0,-62.7543099920191
15804733333.3,-63.572037566635046
15809731666.7,-63.10078997039315
15814730000.0,-62.84200836743692
15819728333.3,-64.16953011194578
15824726666.7,-63.727835911551985
15829725000.0,-63.62517448100472
15834723333.3,-63.82283881493659
15839721666.7,-64.5732710318095
15844720000.0,-62.66112105454855
15849718333.3,-63.98527855379498
15854716666.7,-63.15312703517631
15859715000.0,-63.51184987706323
15864713333.3,-63.33478837544998
15869711666.7,-63.83621961796517
15874710000.0,-63.72436433126783
15879708333.3,-63.38573627408607
15884706666.7,-63.22274049645691
15889705000.0,-62.95770354266882
15894703333.3,-63.28068050106332
15899701666.7,-63.2438381190461
15904700000.0,-62.98383813930244
15909698333.3,-63.874254887041985
15914696666.7,-63.10433546016785
15919695000.0,-63.028762267841564
15924693333.3,-63.4719123910746
15929691666.7,-63.60782604703833
15934690000.0,-64.54580146408782
15939688333.3,-63.48732594611886
15944686666.7,-63.57322021451421
15949685000.0,-63.87170718640136
15954683333.3,-63.37437521745768
15959681666.7,-64.69523198684523
15964680000.0,-64.63635911093387
15969678333.3,-64.49664414935953
15974676666.7,-63.5005510435445
15979675000.0,-64.04191587654735
15984673333.3,-62.53189814475806
15989671666.7,-63.15260583042618
15994670000.0,-63.51755087488285
15999668333.3,-63.16584774315399
16004666666.7,-63.4449980735257
16009665000.0,-64.10946116477655
16014663333.3,-63.27261970162907
16019661666.7,-64.09979646759113
16024660000.0,-63.25155262703941
16029658333.3,-63.359167822661824
16034656666.7,-63.16654231519772
16039655000.0,-63.46582130283977
16044653333.3,-62.86746088384412
16049651666.7,-62.80411102147716
16054650000.0,-63.66656750500732
16059648333.3,-62.7695465895554
16064646666.7,-62.91409304996953
16069645000.0,-63.43436287118693
16074643333.3,-63.129698653145354
16079641666.7,-64.06104944023812
16084640000.0,-63.67591375491706
16089638333.3,-64.36737830059445
16094636666.7,-63.86519019164907
16099635000.0,-63.413082148298926
16104633333.3,-64.00908234661782
16109631666.7,-63.75418204488455
16114630000.0,-63.47774393658776
16119628333.3,-63.315967386475585
16124626666.7,-63.58885474563031
16129625000.0,-62.73931820161967
16134623333.3,-62.81954492052389
16139621666.7,-62.567347675201866
16144620000.0,-63.529383952951406
16149618333.3,-62.461818398392765
16154616666.7,-62.77421461614877
16159615000.0,-62.979497960386375
16164613333.3,-63.04269985990379
16169611666.7,-62.05761224741445
16174610000.0,-62.58393199728691
16179608333.3,-63.4200199507147
16184606666.7,-62.75319908030754
16189605000.0,-62.962476107700894
16194603333.3,-63.049211380259706
16199601666.7,-63.55524447020038
16204600000.0,-64.46555155817167
16209598333.3,-63.98304663523699
16214596666.7,-64.01332786402607
16219595000.0,-63.87535685486978
16224593333.3,-63.92876067321942
16229591666.7,-63.73080994937883
16234590000.0,-64.54608135972943
16239588333.3,-64.41366466916361
16244586666.7,-63.50376164377792
16249585000.0,-63.89500160099143
16254583333.3,-63.2161711281007
16259581666.7,-63.372264531828336
16264580000.0,-63.267051217177794
16269578333.3,-62.57171331689325
16274576666.7,-63.894271113599224
16279575000.0,-63.25580162271473
16284573333.3,-63.573080647608265
16289571666.7,-63.99724854680642
16294570000.0,-63.43733878101041
16299568333.3,-64.2271337528596
16304566666.7,-63.65262346559618
16309565000.0,-64.66439400585254
16314563333.3,-63.95785244874817
16319561666.7,-63.36916652180149
16324560000.0,-63.61729531017105
16329558333.3,-64.03298099634742
16334556666.7,-63.387957963354836
16339555000.0,-63.53204058554646
16344553333.3,-63.78407024138821
16349551666.7,-63.77573484789743
16354550000.0,-62.491174137319554
16359548333.3,-63.43976750529799
16364546666.7,-62.79038940574924
16369545000.0,-64.30678287493845
16374543333.3,-63.76718713118911
16379541666.7,-63.58539751690102
16384540000.0,-62.88051060298738
16389538333.3,-63.64024614723849
16394536666.7,-63.018226229691265
16399535000.0,-63.67473466543225
16404533333.3,-63.328057611839654
16409531666.7,-63.53304882332875
16414530000.0,-62.421095398120734
16419528333.3,-63.58780159735825
16424526666.7,-64.22194262057504
16429525000.0,-63.97126399474696
16434523333.3,-63.73733068559035
16439521666.7,-63.3196526295336
16444520000.0,-63.17898355923135
16449518333.3,-64.24090610551023
16454516666.7,-64.03127129961672
16459515000.0,-64.16838829407331
16464513333.3,-63.69604837995192
16469511666.7,-64.31052760841624
16474510000.0,-64.40271009214844
16479508333.3,-63.33944398019186
16484506666.7,-63.69819495372977
16489505000.0,-63.857828468851885
16494503333.3,-63.123753178903286
16499501666.7,-63.55064454917866
16504500000.0,-63.90928998750127
16509498333.3,-63.051525902518186
16514496666.7,-63.41009758345684
16519495000.0,-64.33699625222151
16524493333.3,-63.437905886809254
16529491666.7,-64.88795054919593
16534490000.0,-63.40799138381109
16539488333.3,-64.20167211073166
16544486666.7,-63.54496646722963
16549485000.0,-64.25159103227082
16554483333.3,-64.64561330809521
16559481666.7,-64.09924367628113
16564480000.0,-64.47752307433588
16569478333.3,-64.42447843960045
16574476666.7,-63.81451506876175
16579475000.0,-64.4866400150069
16584473333.3,-63.39302875417074
16589471666.7,-64.18504634313298
16594470000.0,-64.18400633121094
16599468333.3,-63.16369092616925
16604466666.7,-63.2080223169484
16609465000.0,-63.68344080887845
16614463333.3,-63.741979991698166
16619461666.7,-63.94764912548595
16624460000.0,-63.36314552862212
16629458333.3,-63.66448530755267
16634456666.7,-63.514569726255566
16639455000.0,-63.986223172508936
16644453333.3,-64.2211612525126
16649451666.7,-63.542753730917035
16654450000.0,-63.61171209265659
16659448333.3,-64.3914272450454
16664446666.7,-63.712572181835
16669445000.0,-62.918498296411144
16674443333.3,-63.55608083178599
16679441666.7,-63.88249103263989
16684440000.0,-63.38708889702449
16689438333.3,-62.87215274922722
16694436666.7,-63.634915421082425
16699435000.0,-63.327466333186834
16704433333.3,-62.914930921120714
16709431666.7,-63.61796108422547
16714430000.0,-63.523665948087924
16719428333.3,-62.90113855080199
16724426666.7,-63.509911619156405
16729425000.0,-63.53535914392016
16734423333.3,-63.048575994790056
16739421666.7,-62.7398297911165
16744420000.0,-62.85231603123873
16749418333.3,-62.696006731339196
16754416666.7,-63.46361317085237
16759415000.0,-63.178563897917115
16764413333.3,-63.089865839569974
16769411666.7,-63.14129440138737
16774410000.0,-63.227242145277
16779408333.3,-63.506608123474926
16784406666.7,-63.384216400475985
16789405000.0,-63.6568425410723
16794403333.3,-63.82761206547304
16799401666.7,-63.68923654277567
16804400000.0,-64.5717304507135
16809398333.3,-63.11845738988187
16814396666.7,-64.05690206721727
16819395000.0,-62.26737129547865
16824393333.3,-62.719300600162185
16829391666.7,-63.06164790071179
16834390000.0,-62.74681234814
16839388333.3,-62.99643068994541
16844386666.7,-62.886212140580035
16849385000.0,-63.27236675077836
16854383333.3,-64.41658059764717
16859381666.7,-62.765928400335945
16864380000.0,-63.27722883311531
16869378333.3,-63.095074904190014
16874376666.7,-63.334572975587136
16879375000.0,-63.72727799501501
16884373333.3,-63.89470700455075
16889371666.7,-63.71213601403967
16894370000.0,-64.07208381340133
16899368333.3,-64.21853242122928
16904366666.7,-63.13736389464996
16909365000.0,-63.87073630776426
16914363333.3,-62.98720436442947
16919361666.7,-63.03770714877618
16924360000.0,-62.83009529947505
16929358333.3,-64.19295794857777
16934356666.7,-62.41746801339956
16939355000.0,-63.2711352847085
16944353333.3,-62.741896221316594
16949351666.7,-62.324789684922436
16954350000.0,-63.07148855656522
16959348333.3,-63.51986869968941
16964346666.7,-62.255549887597816
16969345000.0,-62.89584281736072
16974343333.3,-62.53553862127874
16979341666.7,-62.189183357552665
16984340000.0,-62.51800119523888
16989338333.3,-62.773435085092444
16994336666.7,-62.8938876760295
16999335000.0,-62.29942382198253
17004333333.3,-62.23834409816121
17009331666.7,-62.422846737848595
17014330000.0,-62.019032053488495
17019328333.3,-62.57555121464725
17024326666.7,-61.76192099383921
17029325000.0,-61.82901592535792
17034323333.3,-62.1925665704465
17039321666.7,-62.3668654585268
17044320000.0,-62.744141398674785
17049318333.3,-62.63137972061792
17054316666.7,-63.08105330749977
17059315000.0,-62.58646107447614
17064313333.3,-63.492537985622526
17069311666.7,-63.362677268894664
17074310000.0,-63.561576708922715
17079308333.3,-62.39151700922808
17084306666.7,-62.441986722903174
17089305000.0,-63.64549593797004
17094303333.3,-63.82498741822735
17099301666.7,-62.84961232445055
17104300000.0,-62.959444061166714
17109298333.3,-61.96000771352096
17114296666.7,-62.67822289026077
17119295000.0,-63.01496613293841
17124293333.3,-63.170645504120145
17129291666.7,-63.37858170033175
17134290000.0,-63.08083309501132
17139288333.3,-63.32926050113982
17144286666.7,-63.78331141836851
17149285000.0,-63.93856706948215
17154283333.3,-63.763535961496494
17159281666.7,-65.16377941299663
17164280000.0,-63.86305010769927
17169278333.3,-64.02061650415904
17174276666.7,-63.99821385944491
17179275000.0,-63.05362142430329
17184273333.3,-62.715058512493265
17189271666.7,-63.12129588820663
17194270000.0,-63.25550459324419
17199268333.3,-62.88601264546394
17204266666.7,-62.83242938365673
17209265000.0,-62.67951827143221
17214263333.3,-62.537698037453
17219261666.7,-62.844173605998435
17224260000.0,-64.06021399734117
17229258333.3,-63.02225571447103
17234256666.7,-63.766547751537345
17239255000.0,-62.80886838350136
17244253333.3,-63.23876583176553
17249251666.7,-63.61608516477652
17254250000.0,-63.34976744148329
17259248333.3,-64.14101159535598
17264246666.7,-63.56404078773054
17269245000.0,-62.99374113891392
17274243333.3,-62.739690937742424
17279241666.7,-62.434064695336744
17284240000.0,-63.00830967750119
17289238333.3,-62.49615946805092
17294236666.7,-61.933630658407964
17299235000.0,-61.89028193629643
17304233333.3,-63.23538452458177
17309231666.7,-62.06128144146034
17314230000.0,-62.415369533793026
17319228333.3,-61.54352064139877
17324226666.7,-62.46074605023772
17329225000.0,-62.99660286071025
17334223333.3,-62.127087854930636
17339221666.7,-61.92569502487521
17344220000.0,-61.95971431853763
17349218333.3,-62.80048820764219
17354216666.7,-62.67693405981998
17359215000.0,-62.912994695339115
17364213333.3,-63.0048940456041
17369211666.7,-62.20423721204769
17374210000.0,-63.256280563063434
17379208333.3,-62.69574851368372
17384206666.7,-62.95167875293628
17389205000.0,-63.28265878972733
17394203333.3,-63.43186810207556
17399201666.7,-63.69252244257348
17404200000.0,-63.48239814978801
17409198333.3,-63.01576867221955
17414196666.7,-62.96456621124331
17419195000.0,-63.46170066174035
17424193333.3,-63.034331498433005
17429191666.7,-63.31727009742373
17434190000.0,-62.97118297462659
17439188333.3,-64.63727919963033
17444186666.7,-63.47120477053743
17449185000.0,-64.068871075342
17454183333.3,-63.98099407346965
17459181666.7,-63.778774128598755
17464180000.0,-62.98633059177529
17469178333.3,-62.58913489657087
17474176666.7,-63.420663567043725
17479175000.0,-62.7315800406696
17484173333.3,-63.34739529630739
17489171666.7,-62.677777930603646
17494170000.0,-64.40499156973276
17499168333.3,-62.299360422865924
17504166666.7,-63.39193618810346
17509165000.0,-63.63152773752179
17514163333.3,-62.63489934281233
17519161666.7,-62.31293781433074
17524160000.0,-62.41545523981099
17529158333.3,-62.369937871883295
17534156666.7,-62.017590075001756
17539155000.0,-62.14282217416789
17544153333.3,-62.62461205266155
17549151666.7,-62.65246832386211
17554150000.0,-62.61235657741949
17559148333.3,-62.98144050851234
17564146666.7,-63.567511164070055
17569145000.0,-63.22130700416125
17574143333.3,-63.57635146262325
17579141666.7,-62.86465691691082
17584140000.0,-63.56019909174449
17589138333.3,-64.17022313237227
17594136666.7,-63.32932690665055
17599135000.0,-63.45008233121749
17604133333.3,-63.26373847032397
17609131666.7,-63.985494902756756
17614130000.0,-63.79865415268366
17619128333.3,-63.27581979350093
17624126666.7,-63.51677013685013
17629125000.0,-63.760430870314124
17634123333.3,-63.20260962455134
17639121666.7,-63.55236696830158
17644120000.0,-62.881621074324656
17649118333.3,-63.56919966148208
17654116666.7,-63.12199386372139
17659115000.0,-62.42465476709271
17664113333.3,-63.337866076495615
17669111666.7,-63.1747048803522
17674110000.0,-63.34739359954007
17679108333.3,-63.429489792366915
17684106666.7,-63.24682079720944
17689105000.0,-63.728935447819914
17694103333.3,-63.48656319060172
17699101666.7,-63.68801231151147
17704100000.0,-62.785819862908674
17709098333.3,-62.5688870974854
17714096666.7,-62.17931277025489
17719095000.0,-63.44399939819262
17724093333.3,-62.20532549359631
17729091666.7,-62.305254267595444
17734090000.0,-62.625112747211034
17739088333.3,-62.63864545930576
17744086666.7,-63.00163047619887
17749085000.0,-62.37668540272943
17754083333.3,-62.928731250871095
17759081666.7,-62.18004632815749
17764080000.0,-62.0751852554247
17769078333.3,-63.55032221456029
17774076666.7,-62.29029032013226
17779075000.0,-63.131771477665865
17784073333.3,-62.844515898736766
17789071666.7,-62.12977356908557
17794070000.0,-61.82228626606956
17799068333.3,-62.24182652008957
17804066666.7,-61.73414019933395
17809065000.0,-63.064835758129746
17814063333.3,-62.17162818127036
17819061666.7,-62.76904553055326
17824060000.0,-62.998502275944745
17829058333.3,-61.662811040796655
17834056666.7,-62.58610405846379
17839055000.0,-62.56436971551193
17844053333.3,-61.82292436681334
17849051666.7,-62.25679340181902
17854050000.0,-62.073463455042216
17859048333.3,-63.2857285238575
17864046666.7,-62.41560294368472
17869045000.0,-62.96670363508152
17874043333.3,-62.936063204848
17879041666.7,-62.60158869692592
17884040000.0,-63.20215268370721
17889038333.3,-63.38614247334627
17894036666.7,-63.62136009513348
17899035000.0,-63.351610210318654
17904033333.3,-62.94469323470592
17909031666.7,-62.98343946581679
17914030000.0,-62.707648793687916
17919028333.3,-63.389989361123284
17924026666.7,-63.609941420139634
17929025000.0,-62.40456571719321
17934023333.3,-61.87120813389807
17939021666.7,-63.14025511686282
17944020000.0,-62.526945759048445
17949018333.3,-62.625840994657594
17954016666.7,-62.990072270390854
17959015000.0,-62.201042325455155
17964013333.3,-63.20287254837236
17969011666.7,-62.77107799594183
17974010000.0,-62.93933223973937
17979008333.3,-63.17094106826198
17984006666.7,-62.90709975055282
17989005000.0,-62.328854067067525
17994003333.3,-62.53705363489519
17999001666.7,-62.19186657826591
18004000000.0,-62.45526574859444
18008998333.3,-62.01082847027135
18013996666.7,-62.09792630778047
18018995000.0,-62.52759794621799
18023993333.3,-62.3224804506018
18028991666.7,-63.095724918835636
18033990000.0,-62.52645490591219
18038988333.3,-62.34048274688199
18043986666.7,-62.60122564308719
18048985000.0,-63.03058030063924
18053983333.3,-63.1347903032962
18058981666.7,-62.197920443026256
18063980000.0,-62.92163285183398
18068978333.3,-62.23947539032903
18073976666.7,-62.91612183303643
18078975000.0,-63.04516855142987
18083973333.3,-62.95180774398819
18088971666.7,-62.512520578442896
18093970000.0,-62.41259829281021
18098968333.3,-62.228437261754124
18103966666.7,-64.26814742669939
18108965000.0,-62.41146600238188
18113963333.3,-63.05412229558388
18118961666.7,-62.628079670404624
18123960000.0,-63.11025434734307
18128958333.3,-63.21294293766226
18133956666.7,-63.430855828942335
18138955000.0,-64.27930381650206
18143953333.3,-63.846442586572394
18148951666.7,-64.37967438524706
18153950000.0,-64.2093053371231
18158948333.3,-64.3272905057694
18163946666.7,-62.95184293409428
18168945000.0,-63.686914516777826
18173943333.3,-63.92958355766013
18178941666.7,-64.08840472394513
18183940000.0,-62.79398312145322
18188938333.3,-63.00492873201216
18193936666.7,-64.28566761467276
18198935000.0,-64.90579398440707
18203933333.3,-63.24634394246564
18208931666.7,-62.94151260440298
18213930000.0,-63.04174567571637
18218928333.3,-63.164824249440066
18223926666.7,-62.76049118805262
18228925000.0,-62.38935871432681
18233923333.3,-63.97388433814516
18238921666.7,-64.2837626069557
18243920000.0,-63.67112786521221
18248918333.3,-63.18941054056965
18253916666.7,-63.38368507765145
18258915000.0,-64.06315663662215
18263913333.3,-63.31154884450111
18268911666.7,-63.48513299074027
18273910000.0,-63.60737637903851
18278908333.3,-63.95515997255545
18283906666.7,-63.53217221611623
18288905000.0,-64.35025981171782
18293903333.3,-64.45319175510456
18298901666.7,-64.1501180468875
18303900000.0,-63.05927151732469
18308898333.3,-63.538723604133615
18313896666.7,-63.45292142642662
18318895000.0,-63.576700925567096
18323893333.3,-63.476152729755256
18328891666.7,-63.336238616986016
18333890000.0,-63.95792265873207
18338888333.3,-63.545262062004404
18343886666.7,-63.44482857697403
18348885000.0,-64.62304097335317
18353883333.3,-63.50554464541461
18358881666.7,-64.54396929307171
18363880000.0,-63.25408325713831
18368878333.3,-63.609487829683886
18373876666.7,-63.02326834583898
18378875000.0,-63.18439859578041
18383873333.3,-63.06155506183316
18388871666.7,-63.00704834293457
18393870000.0,-62.99193524229384
18398868333.3,-62.81657420648059
18403866666.7,-63.4055712607229
18408865000.0,-62.329155232158584
18413863333.3,-62.7454652572485
18418861666.7,-62.3391034593472
18423860000.0,-62.69934693407392
18428858333.3,-62.24603160064433
18433856666.7,-63.29820743451254
18438855000.0,-62.7459000731026
18443853333.3,-62.381889395669475
18448851666.7,-63.01463492973653
18453850000.0,-62.44738884679413
18458848333.3,-62.96116510455734
18463846666.7,-62.849674354387126
18468845000.0,-63.269383731711216
18473843333.3,-62.82347459881421
18478841666.7,-62.451222496900094
18483840000.0,-63.034236904933
18488838333.3,-63.673541957822096
18493836666.7,-62.285022846413355
18498835000.0,-63.2572397556498
18503833333.3,-63.45568892069974
18508831666.7,-63.16565598582207
18513830000.0,-63.49205503180802
18518828333.3,-63.88239308144318
18523826666.7,-64.11905828681431
18528825000.0,-64.10294619785958
18533823333.3,-64.19166421776362
18538821666.7,-64.68851761861647
18543820000.0,-63.72425155074751
18548818333.3,-63.21733088386984
18553816666.7,-63.37286212025247
18558815000.0,-63.599143686930745
18563813333.3,-64.52280746331633
18568811666.7,-63.42236126956866
18573810000.0,-63.38521280296325
18578808333.3,-62.76768689384827
18583806666.7,-63.18285674672099
18588805000.0,-63.61551139872955
18593803333.3,-63.13263541271609
18598801666.7,-64.55380836537657
18603800000.0,-63.055394702197574
18608798333.3,-63.15126925115028
18613796666.7,-63.77514416837624
18618795000.0,-63.53763849032166
18623793333.3,-62.24976008529954
18628791666.7,-63.28255645685701
18633790000.0,-63.17199469726048
18638788333.3,-62.92423705658133
18643786666.7,-63.42443167327023
18648785000.0,-63.39980521814442
18653783333.3,-63.23520694470681
18658781666.7,-64.0590096715387
18663780000.0,-62.82813663395736
18668778333.3,-63.03316851393474
18673776666.7,-62.81640547333727
18678775000.0,-62.45795262888289
18683773333.3,-64.02205628293162
18688771666.7,-62.71175965419691
18693770000.0,-62.701946970606635
18698768333.3,-63.03558786811924
18703766666.7,-62.66908728142076
18708765000.0,-62.70276218326016
18713763333.3,-63.3171831645688
18718761666.7,-62.82961314199476
18723760000.0,-63.888565619611946
18728758333.3,-63.242742128738
18733756666.7,-62.9397357313099
18738755000.0,-62.8555504317798
18743753333.3,-63.69273929496607
18748751666.7,-62.705220416318426
18753750000.0,-62.81311173361538
18758748333.3,-62.22645694028111
18763746666.7,-62.60955272822166
18768745000.0,-62.24950619905957
18773743333.3,-61.86561634876104
18778741666.7,-62.96206215266298
18783740000.0,-62.54543081594385
18788738333.3,-62.5775870598096
18793736666.7,-63.43555927456591
18798735000.0,-63.265397465006295
18803733333.3,-64.34983564745465
18808731666.7,-63.552293326606545
18813730000.0,-62.871999059273364
18818728333.3,-63.203734804391836
18823726666.7,-63.85719548363092
18828725000.0,-63.60344283171051
18833723333.3,-63.49674604717017
18838721666.7,-64.01319462557089
18843720000.0,-64.06280415609798
18848718333.3,-64.49099943868029
18853716666.7,-63.842966377955406
18858715000.0,-65.50621781548949
18863713333.3,-64.54849343066633
18868711666.7,-63.38800663601237
18873710000.0,-63.51274105831721
18878708333.3,-63.68339190531577
18883706666.7,-64.69539011475439
18888705000.0,-64.06543232335804
18893703333.3,-62.799898072397305
18898701666.7,-63.13897607957393
18903700000.0,-63.9013702943539
18908698333.3,-62.54198797247944
18913696666.7,-63.26989880389776
18918695000.0,-63.285474225112225
18923693333.3,-62.90544224715993
18928691666.7,-62.844471702242586
18933690000.0,-63.3630689400157
18938688333.3,-62.570464822836655
18943686666.7,-63.43921448723289
18948685000.0,-63.01747728142772
18953683333.3,-62.89208896231105
18958681666.7,-62.89189199685532
18963680000.0,-63.578033821561434
18968678333.3,-63.36317594470174
18973676666.7,-63.41487079047728
18978675000.0,-64.09655304564001
18983673333.3,-62.627431126158974
18988671666.7,-64.16225591245268
18993670000.0,-63.4138391887451
18998668333.3,-63.79231506402857
19003666666.7,-64.20543856846204
19008665000.0,-64.56656316245653
19013663333.3,-63.58248549636839
19018661666.7,-65.10139827799622
19023660000.0,-63.85846106694678
19028658333.3,-62.79753965576116
19033656666.7,-63.62713023250515
19038655000.0,-63.02408332608945
19043653333.3,-63.44552001442998
19048651666.7,-63.4761507988862
19053650000.0,-64.01376430922805
19058648333.3,-64.08603448434435
19063646666.7,-63.89050496395619
19068645000.0,-62.68271374997632
19073643333.3,-63.80419970170316
19078641666.7,-64.1357096563967
19083640000.0,-63.18038560085313
19088638333.3,-64.02594075442062
19093636666.7,-63.85832291891803
19098635000.0,-64.07740969103733
19103633333.3,-62.87926764839654
19108631666.7,-63.43987198562053
19113630000.0,-63.786605583020624
19118628333.3,-62.842871845246684
19123626666.7,-62.93982839616231
19128625000.0,-62.640337550220906
19133623333.3,-63.2452469740814
19138621666.7,-63.34154712534658
19143620000.0,-62.90483642402924
19148618333.3,-62.924775665543244
19153616666.7,-63.60137585563478
19158615000.0,-62.704031872578824
19163613333.3,-63.246131359558134
19168611666.7,-63.65134420226078
19173610000.0,-63.737945102448215
19178608333.3,-64.17287390812616
19183606666.7,-62.825846204966645
19188605000.0,-62.90282464138856
19193603333.3,-63.755963107849176
19198601666.7,-63.76375830231843
19203600000.0,-63.39794507434701
19208598333.3,-63.49469530515039
19213596666.7,-62.79656359562928
19218595000.0,-63.74492164847445
19223593333.3,-63.41912974156763
19228591666.7,-62.92233003822545
19233590000.0,-62.90042217414477
19238588333.3,-63.0906474452311
19243586666.7,-63.62194218631237
19248585000.0,-62.98190864945809
19253583333.3,-63.716782636421385
19258581666.7,-63.90022922984555
19263580000.0,-64.0293777745601
19268578333.3,-64.34110803977858
19273576666.7,-63.947439905234766
19278575000.0,-63.60647495685441
19283573333.3,-63.47106986976435
19288571666.7,-63.689581732661765
19293570000.0,-64.18881799569928
19298568333.3,-62.68433973982305
19303566666.7,-63.26360963509327
19308565000.0,-63.92808113876303
19313563333.3,-63.72399859963801
19318561666.7,-64.33176755018332
19323560000.0,-64.58072391436241
19328558333.3,-63.693027830901784
19333556666.7,-63.60349176301142
19338555000.0,-63.78420705410464
19343553333.3,-63.952337430703174
19348551666.7,-63.537747100024106
19353550000.0,-63.77837340943414
19358548333.3,-63.43935515770231
19363546666.7,-63.70452290933365
19368545000.0,-63.65644173336697
19373543333.3,-63.634930204416634
19378541666.7,-63.56966939863831
19383540000.0,-63.722912683758835
19388538333.3,-62.741120821339855
19393536666.7,-61.99340556528138
19398535000.0,-63.316337976297305
19403533333.3,-63.227327453341246
19408531666.7,-62.716212890697804
19413530000.0,-62.45695487337827
19418528333.3,-61.77609107777924
19423526666.7,-62.65864355105861
19428525000.0,-61.80051934449455
19433523333.3,-62.589141825668236
19438521666.7,-62.97421946247768
19443520000.0,-62.69727651884353
19448518333.3,-62.37007025365669
19453516666.7,-61.35767506833805
19458515000.0,-63.05745097110776
19463513333.3,-61.746932362466076
19468511666.7,-62.09886133315864
19473510000.0,-61.79698539212971
19478508333.3,-61.73852759742851
19483506666.7,-61.988353476891895
19488505000.0,-62.308416274648096
19493503333.3,-62.341999283950436
19498501666.7,-63.05225195476852
19503500000.0,-61.50501669453965
19508498333.3,-62.635433806072314
19513496666.7,-62.81029703257836
19518495000.0,-62.76959640018217
19523493333.3,-63.393321771398526
19528491666.7,-63.69936660390181
19533490000.0,-63.96336747828136
19538488333.3,-63.16704894222241
19543486666.7,-64.58429760617929
19548485000.0,-63.96487019752844
19553483333.3,-63.71605268618793
19558481666.7,-63.66199299662915
19563480000.0,-62.71847766237461
19568478333.3,-63.82059968678205
19573476666.7,-63.605591919402336
19578475000.0,-63.56624853582985
19583473333.3,-63.35063100866856
19588471666.7,-62.53467764480256
19593470000.0,-63.820039226670666
19598468333.3,-62.925213546624306
19603466666.7,-64.08979514605659
19608465000.0,-63.661155759245815
19613463333.3,-63.46562812581609
19618461666.7,-63.054698394208174
19623460000.0,-62.944494594620444
19628458333.3,-63.40581145301476
19633456666.7,-63.04670802226691
19638455000.0,-64.74405231337732
19643453333.3,-63.95454392723472
19648451666.7,-63.10904027961884
19653450000.0,-63.199430081425014
19658448333.3,-63.30766531743498
19663446666.7,-63.443428896702045
19668445000.0,-63.07960668149508
19673443333.3,-63.39831403873199
19678441666.7,-63.43382218920431
19683440000.0,-63.21218172580711
19688438333.3,-62.942598790893385
19693436666.7,-63.05140379326712
19698435000.0,-63.44197803973127
19703433333.3,-62.24822254206508
19708431666.7,-64.09522242194468
19713430000.0,-62.43913703047592
19718428333.3,-64.14121400661938
19723426666.7,-62.283609225593935
19728425000.0,-63.31512735244864
19733423333.3,-62.74231315105288
19738421666.7,-63.12563069528035
19743420000.0,-63.08388147026104
19748418333.3,-63.933488880730465
19753416666.7,-63.05477727014407
19758415000.0,-63.14029975791225
19763413333.3,-62.83086150975009
19768411666.7,-63.472082098368894
19773410000.0,-61.69545843201449
19778408333.3,-63.66702845174173
19783406666.7,-62.89653268232246
19788405000.0,-63.05170800868265
19793403333.3,-63.44053151604398
19798401666.7,-62.95805113985644
19803400000.0,-65.45862435131596
19808398333.3,-63.6874725597196
19813396666.7,-64.11886092506819
19818395000.0,-63.354781923825485
19823393333.3,-62.76416632146535
19828391666.7,-63.30053398199997
19833390000.0,-62.973871160507116
19838388333.3,-63.27637978500607
19843386666.7,-64.34092337906799
19848385000.0,-63.17879442795257
19853383333.3,-64.40076113775083
19858381666.7,-64.04870769291888
19863380000.0,-63.47089653904054
19868378333.3,-64.55907222251741
19873376666.7,-64.65787560928986
19878375000.0,-64.27380930384612
19883373333.3,-64.21274998728575
19888371666.7,-64.00954744096984
19893370000.0,-64.59688209395216
19898368333.3,-63.581599581417905
19903366666.7,-63.15639599949904
19908365000.0,-63.599538190338755
19913363333.3,-64.40655745395048
19918361666.7,-64.57013711600547
19923360000.0,-64.40062873455054
19928358333.3,-62.90612764942654
19933356666.7,-63.00195498642001
19938355000.0,-64.94967066753743
19943353333.3,-63.52750315671905
19948351666.7,-64.0425179989462
19953350000.0,-63.842457743288435
19958348333.3,-64.58497894815979
19963346666.7,-64.3819726207885
19968345000.0,-64.50179487823402
19973343333.3,-63.80741566524536
19978341666.7,-65.39127093461933
19983340000.0,-64.28453860333826
19988338333.3,-65.050886649848
19993336666.7,-62.906235497588376
19998335000.0,-64.31800886720944
20003333333.3,-64.02871879627314
20008331666.7,-64.41593237579232
20013330000.0,-64.76708445769806
20018328333.3,-64.2522262970064
20023326666.7,-64.16258070727794
20028325000.0,-64.19788872246426
20033323333.3,-64.3316149904451
20038321666.7,-64.36478912364547
20043320000.0,-64.55892849138705
20048318333.3,-63.79892024167582
20053316666.7,-64.84109261063631
20058315000.0,-64.00658624775505
20063313333.3,-65.5831225179495
20068311666.7,-64.01880374518448
20073310000.0,-64.14959048417116
20078308333.3,-63.568990072426956
20083306666.7,-64.09420836278994
20088305000.0,-63.311136014315544
20093303333.3,-63.548385149246236
20098301666.7,-64.49351456494861
20103300000.0,-63.78703440302854
20108298333.3,-65.38545834914272
20113296666.7,-64.47491340280378
20118295000.0,-64.65649492600699
20123293333.3,-64.89890693813143
20128291666.7,-64.32158311870687
20133290000.0,-65.15385675689649
20138288333.3,-63.950796978978914
20143286666.7,-65.1642470759442
20148285000.0,-65.26835802261645
20153283333.3,-64.69347296588552
20158281666.7,-64.88948362782479
20163280000.0,-64.43830280656005
20168278333.3,-63.8024549646953
20173276666.7,-63.38786522583775
20178275000.0,-64.51128555784695
20183273333.3,-64.5488981429413
20188271666.7,-64.29498500563295
20193270000.0,-65.43303797531271
20198268333.3,-65.37416917434439
20203266666.7,-65.22476998084363
20208265000.0,-64.74855415734886
20213263333.3,-65.30182861525819
20218261666.7,-66.262568770607
20223260000.0,-65.22572772536081
20228258333.3,-65.03100550747742
20233256666.7,-64.26179709248275
20238255000.0,-65.53898145686102
20243253333.3,-65.45050930844081
20248251666.7,-64.51800086121747
20253250000.0,-64.7833960421691
20258248333.3,-65.51893954476999
20263246666.7,-64.01058904092807
20268245000.0,-65.14767542086443
20273243333.3,-64.46482305905324
20278241666.7,-64.55817775831417
20283240000.0,-65.46230625768733
20288238333.3,-64.99986354853607
20293236666.7,-65.93026576997201
20298235000.0,-64.36375636762311
20303233333.3,-65.58243210796552
20308231666.7,-64.96630687784933
20313230000.0,-64.32063240255667
20318228333.3,-65.9442972429862
20323226666.7,-64.64205954371766
20328225000.0,-65.15088290893964
20333223333.3,-64.12944953305787
20338221666.7,-64.46858795448301
20343220000.0,-64.80794330464742
20348218333.3,-63.040886311146984
20353216666.7,-64.81580232042566
20358215000.0,-63.60528088415088
20363213333.3,-64.18087461453325
20368211666.7,-65.80185779946996
20373210000.0,-64.1927250792443
20378208333.3,-64.06538580782154
20383206666.7,-65.13455877662808
20388205000.0,-64.61979986549123
20393203333.3,-64.64486106010757
20398201666.7,-65.48100138073492
20403200000.0,-65.80518743316675
20408198333.3,-65.09246017559853
20413196666.7,-64.33587013857635
20418195000.0,-64.48251290899897
20423193333.3,-64.82567585265892
20428191666.7,-65.20922648309319
20433190000.0,-64.46568465936377
20438188333.3,-63.9256034169602
20443186666.7,-64.05717170275116
20448185000.0,-64.35150575003065
20453183333.3,-66.07721562812091
20458181666.7,-65.06027134239413
20463180000.0,-66.92755334316983
20468178333.3,-64.95232952787659
20473176666.7,-65.25642126824675
20478175000.0,-65.93743455232404
20483173333.3,-65.93948518605289
20488171666.7,-66.75202834262456
20493170000.0,-66.0108054429833
20498168333.3,-65.72546461042057
20503166666.7,-66.00424310544385
20508165000.0,-65.99757962723172
20513163333.3,-64.76588296191495
20518161666.7,-64.7188796706343
20523160000.0,-65.0612674893373
20528158333.3,-64.87046799019446
20533156666.7,-64.76359786916164
20538155000.0,-64.0116578436791
20543153333.3,-64.27090327890204
20548151666.7,-63.81188094548189
20553150000.0,-65.14486403682395
20558148333.3,-65.07902012961422
20563146666.7,-65.11934731569366
20568145000.0,-64.83323880941244
20573143333.3,-65.67341858126811
20578141666.7,-64.35973302279561
20583140000.0,-63.69272192002068
20588138333.3,-64.87243430460613
20593136666.7,-64.78621818288605
20598135000.0,-64.31743325055658
20603133333.3,-65.72033107949892
20608131666.7,-65.28790733129979
20613130000.0,-65.57955477937458
20618128333.3,-64.19565822727505
20623126666.7,-64.32353750822838
20628125000.0,-65.39757056323141
20633123333.3,-64.59501423990143
20638121666.7,-65.83830295749497
20643120000.0,-65.25371937975653
20648118333.3,-66.41278528032912
20653116666.7,-66.1822937910159
20658115000.0,-66.0900843867971
20663113333.3,-65.4090554138864
20668111666.7,-66.25253048169351
20673110000.0,-65.84488081367171
20678108333.3,-66.1552542439271
20683106666.7,-65.22989177490197
20688105000.0,-65.64535873769726
20693103333.3,-66.13827152768314
20698101666.7,-66.0066881487983
20703100000.0,-66.0912510337939
20708098333.3,-66.1565149512093
20713096666.7,-66.13319344325558
20718095000.0,-65.82534754231021
20723093333.3,-65.58485966433206
20728091666.7,-65.6533004267594
20733090000.0,-66.68993822174092
20738088333.3,-65.88540018731281
20743086666.7,-65.98036640149944
20748085000.0,-66.42900356678102
20753083333.3,-66.11428936600055
20758081666.7,-66.00303386092251
20763080000.0,-65.70429964043436
20768078333.3,-66.22321448213103
20773076666.7,-65.85509580847904
20778075000.0,-65.29170824193574
20783073333.3,-65.51426315609481
20788071666.7,-66.22553487581568
20793070000.0,-65.8827396788159
20798068333.3,-65.58189358525999
20803066666.7,-66.10317876478193
20808065000.0,-65.60549787368564
20813063333.3,-64.91422062621129
20818061666.7,-66.49746099675701
20823060000.0,-65.83556456556848
20828058333.3,-66.06571107923975
20833056666.7,-66.42908741715515
20838055000.0,-66.04212293450284
20843053333.3,-66.25967368981547
20848051666.7,-65.20117221267068
20853050000.0,-64.84707787490669
20858048333.3,-65.26943725879333
20863046666.7,-64.95098199226439
20868045000.0,-65.01013976172413
20873043333.3,-65.84147631627789
20878041666.7,-65.48275509299938
20883040000.0,-66.56998682897563
20888038333.3,-65.91905172599203
20893036666.7,-66.95515635807902
20898035000.0,-66.6545670287002
20903033333.3,-66.36979005443719
20908031666.7,-67.12831731061024
20913030000.0,-65.41427791328238
20918028333.3,-66.58715345242864
20923026666.7,-66.25380121393339
20928025000.0,-67.40664653274263
20933023333.3,-66.22197470779025
20938021666.7,-65.91724276769484
20943020000.0,-66.38679146402895
20948018333.3,-65.90281228188539
20953016666.7,-66.44012593310437
20958015000.0,-66.25194305749721
20963013333.3,-67.28173763250601
20968011666.7,-67.36537530191609
20973010000.0,-66.68177613727305
20978008333.3,-67.6118524210396
20983006666.7,-67.40654294884284
20988005000.0,-66.45791249856815
20993003333.3,-67.07567757094026
20998001666.7,-66.43383247380385
21003000000.0,-67.41665497583114
21007998333.3,-66.78146449534
21012996666.7,-66.62033708517804
21017995000.0,-66.04565692115801
21022993333.3,-65.53270072680465
21027991666.7,-65.95366655328647
21032990000.0,-66.25285445649462
21037988333.3,-66.31570148340094
21042986666.7,-65.84967331925726
21047985000.0,-65.52962710951184
21052983333.3,-66.10675190563683
21057981666.7,-66.27215347769707
21062980000.0,-66.11289733289033
21067978333.3,-65.96580936525508
21072976666.7,-65.32349800218715
21077975000.0,-66.49803605958974
21082973333.3,-66.40601926174777
21087971666.7,-66.51456945197707
21092970000.0,-66.15484502003979
21097968333.3,-65.09889249645794
21102966666.7,-65.86987162117319
21107965000.0,-65.79574933852523
21112963333.3,-65.16862272333182
21117961666.7,-64.72209058601396
21122960000.0,-65.45558642506181
21127958333.3,-65.01459175271438
21132956666.7,-65.88607948585069
21137955000.0,-65.87623264793861
21142953333.3,-65.34122701047288
21147951666.7,-65.4412121954789
21152950000.0,-66.92677965261734
21157948333.3,-66.21758255961099
21162946666.7,-65.45125176526624
21167945000.0,-66.37861236340171
21172943333.3,-66.55566605291446
21177941666.7,-67.2546152932484
21182940000.0,-65.90054341010256
21187938333.3,-66.28575570590424
21192936666.7,-66.52619804579959
21197935000.0,-66.40865510986087
21202933333.3,-66.80906499352704
21207931666.7,-67.85369768466332
21212930000.0,-66.48425439830598
21217928333.3,-66.84675916530382
21222926666.7,-67.11771014615077
21227925000.0,-66.85238801369769
21232923333.3,-66.30808538623458
21237921666.7,-66.87873727783169
21242920000.0,-66.46991860061804
21247918333.3,-67.58668485122841
21252916666.7,-66.5707115974879
21257915000.0,-67.89475162842933
21262913333.3,-67.07300829051843
21267911666.7,-67.35668947067454
21272910000.0,-66.42105884980735
21277908333.3,-66.4167022036993
21282906666.7,-67.09179816351948
21287905000.0,-65.92462289110627
21292903333.3,-66.46012738176061
21297901666.7,-67.06009917283284
21302900000.0,-65.48202822041092
21307898333.3,-65.24253309985117
21312896666.7,-66.5494695457987
21317895000.0,-65.49462745967743
21322893333.3,-66.34261057778706
21327891666.7,-66.08387047185515
21332890000.0,-66.57487657281945
21337888333.3,-66.70246807978513
21342886666.7,-66.66934813164639
21347885000.0,-66.8561101289356
21352883333.3,-66.16756010158676
21357881666.7,-66.05929124403669
21362880000.0,-65.4960687262558
21367878333.3,-64.95519197141024
21372876666.7,-65.54305933465719
21377875000.0,-65.58213227275643
21382873333.3,-64.90125955695903
21387871666.7,-65.10190528479258
21392870000.0,-66.20076622395658
21397868333.3,-65.07463977362308
21402866666.7,-65.33061352201123
21407865000.0,-64.53584460715791
21412863333.3,-66.12067713605417
21417861666.7,-66.69648364885182
21422860000.0,-64.8703850683488
21427858333.3,-65.49016906089497
21432856666.7,-65.53864119939138
21437855000.0,-64.85725792283105
21442853333.3,-66.14325930121483
21447851666.7,-65.8992282890699
21452850000.0,-66.05782247055191
21457848333.3,-65.55402826914877
21462846666.7,-65.81233515515916
21467845000.0,-65.57522364515982
21472843333.3,-65.58101401717175
21477841666.7,-65.17970494218426
21482840000.0,-66.4410030890116
21487838333.3,-65.63105265837173
21492836666.7,-66.68193548143591
21497835000.0,-66.26503760500223
21502833333.3,-66.15434103718994
21507831666.7,-66.94843124288322
21512830000.0,-66.28090946705561
21517828333.3,-67.53662609105305
21522826666.7,-67.20170589091508
21527825000.0,-67.0973047504502
21532823333.3,-66.95886229799615
21537821666.7,-65.36958187810856
21542820000.0,-67.66199948013316
21547818333.3,-65.51541892301138
21552816666.7,-66.83738981731896
21557815000.0,-67.4056713129979
21562813333.3,-65.98733320331196
21567811666.7,-66.1618119845953
21572810000.0,-64.98473683367286
21577808333.3,-65.33074343482389
21582806666.7,-65.7039058281793
21587805000.0,-65.60443247059823
21592803333.3,-66.22185473010022
21597801666.7,-65.75482193945065
21602800000.0,-65.3526560578742
21607798333.3,-65.05374188591888
21612796666.7,-65.64921291405386
21617795000.0,-66.84620382434325
21622793333.3,-65.99259652108606
21627791666.7,-66.54414427180808
21632790000.0,-66.98894117955555
21637788333.3,-66.16606120627476
21642786666.7,-66.496318815096
21647785000.0,-65.54687473873255
21652783333.3,-67.08854647698256
21657781666.7,-65.75005825980662
21662780000.0,-66.76232748839928
21667778333.3,-67.58314488394734
21672776666.7,-66.51361140217705
21677775000.0,-68.17795225275633
21682773333.3,-66.62688823519862
21687771666.7,-67.15459077123734
21692770000.0,-66.98156907701042
21697768333.3,-66.26892766472724
21702766666.7,-66.24912998525383
21707765000.0,-65.57941516260333
21712763333.3,-65.81288460253192
21717761666.7,-66.2066914165288
21722760000.0,-67.09043706558192
21727758333.3,-66.19751762419347
21732756666.7,-66.75613610239469
21737755000.0,-67.009625081537
21742753333.3,-65.98339537970415
21747751666.7,-64.7984740028224
21752750000.0,-65.09460797269034
21757748333.3,-65.85723309560174
21762746666.7,-65.8945764747885
21767745000.0,-66.2801078644119
21772743333.3,-65.76350526754877
21777741666.7,-65.96668206991508
21782740000.0,-64.78239851767141
21787738333.3,-66.52232155251598
21792736666.7,-66.5611439748619
21797735000.0,-67.2647933375973
21802733333.3,-65.1496789005594
21807731666.7,-65.79574599022664
21812730000.0,-67.16263885883194
21817728333.3,-66.87713765128203
21822726666.7,-66.37968740278329
21827725000.0,-65.90219193024524
21832723333.3,-66.28733942909781
21837721666.7,-65.82231508358315
21842720000.0,-66.84326130759862
21847718333.3,-67.5177116658144
21852716666.7,-66.4354547842554
21857715000.0,-67.70023020980595
21862713333.3,-67.1412643321621
21867711666.7,-67.39062783216167
21872710000.0,-67.68065785961203
21877708333.3,-67.84258626254433
21882706666.7,-66.52666579301706
21887705000.0,-66.6077994338263
21892703333.3,-67.32491933948002
21897701666.7,-66.93634414578108
21902700000.0,-67.95017478711046
21907698333.3,-68.25536393468175
21912696666.7,-66.90192780558183
21917695000.0,-67.50275451780752
21922693333.3,-66.97977645584122
21927691666.7,-65.39036352631355
21932690000.0,-67.12344835808805
21937688333.3,-67.29229096969698
21942686666.7,-66.88508132504502
21947685000.0,-68.28497201328396
21952683333.3,-68.98038806359416
21957681666.7,-67.55716818853357
21962680000.0,-67.14524172908884
21967678333.3,-67.13274771454972
21972676666.7,-66.23856456557075
21977675000.0,-68.41302242721893
21982673333.3,-67.88360379868942
21987671666.7,-67.40534337960965
21992670000.0,-67.44937696237076
21997668333.3,-68.08450433768019
22002666666.7,-67.43038980474022
22007665000.0,-66.98370807141767
22012663333.3,-67.34077699804547
22017661666.7,-67.3103755198857
22022660000.0,-66.57086086103601
22027658333.3,-67.20488043939821
22032656666.7,-66.94997583108747
22037655000.0,-67.4035294194073
22042653333.3,-66.68322856232624
22047651666.7,-67.26140335837076
22052650000.0,-66.69148793108585
22057648333.3,-67.67967315533735
22062646666.7,-67.87288796257607
22067645000.0,-67.89798370518776
22072643333.3,-67.12209067345165
22077641666.7,-66.94305034298976
22082640000.0,-67.6799519546593
22087638333.3,-68.37203149511996
22092636666.7,-67.16471983623781
22097635000.0,-67.72104743698607
22102633333.3,-68.34223500488586
22107631666.7,-67.84185448935125
22112630000.0,-68.17529878436667
22117628333.3,-68.40576355727319
22122626666.7,-67.63424319893028
22127625000.0,-68.54985655616846
22132623333.3,-69.20107274352762
22137621666.7,-68.23345556798692
22142620000.0,-68.19226035788658
22147618333.3,-67.41708999833224
22152616666.7,-68.03114926339377
22157615000.0,-67.09063465826026
22162613333.3,-66.21565388455936
22167611666.7,-65.90183652809996
22172610000.0,-68.88324883985348
22177608333.3,-68.12436592197068
22182606666.7,-67.31503755983474
22187605000.0,-66.81169467529313
22192603333.3,-68.04783842545757
22197601666.7,-66.9075590711956
22202600000.0,-66.98285272946198
22207598333.3,-67.15972190853182
22212596666.7,-67.1612576211132
22217595000.0,-69.12537019629256
22222593333.3,-67.45935719115083
22227591666.7,-67.18636246108582
22232590000.0,-68.11649847613684
22237588333.3,-67.36819412564925
22242586666.7,-67.21607529612305
22247585000.0,-66.25881373638413
22252583333.3,-67.03841914637795
22257581666.7,-66.85036011446796
22262580000.0,-67.03841089630428
22267578333.3,-65.87614376951703
22272576666.7,-67.87861942064333
22277575000.0,-66.71637068521679
22282573333.3,-67.07893916945027
22287571666.7,-66.23618836587457
22292570000.0,-67.88504767479508
22297568333.3,-68.33270576150225
22302566666.7,-68.53507497961044
22307565000.0,-67.3940977432491
22312563333.3,-68.57965560131456
22317561666.7,-67.92214473150332
22322560000.0,-68.01125358317583
22327558333.3,-68.68895681877684
22332556666.7,-68.83211290032442
22337555000.0,-68.04147580697352
22342553333.3,-67.7915353176798
22347551666.7,-68.22965037455776
22352550000.0,-67.20975182224495
22357548333.3,-68.52797584351394
22362546666.7,-67.36155059244462
22367545000.0,-67.5869719550755
22372543333.3,-68.21567322659024
22377541666.7,-68.34346811099897
22382540000.0,-67.6245962061834
22387538333.3,-67.8494168304228
22392536666.7,-67.59940801015132
22397535000.0,-68.16135801814002
22402533333.3,-67.27306117524766
22407531666.7,-66.365924418705
22412530000.0,-67.14323082026746
22417528333.3,-67.22475819725983
22422526666.7,-68.09972657777377
22427525000.0,-65.72592965943166
22432523333.3,-68.84856016616966
22437521666.7,-66.61327510747492
22442520000.0,-67.3531797258112
22447518333.3,-68.71225064855851
22452516666.7,-67.73641747222354
22457515000.0,-68.02214301889661
22462513333.3,-68.33198433221627
22467511666.7,-66.76651717415189
22472510000.0,-68.01480858224504
22477508333.3,-66.58017231567968
22482506666.7,-68.16563757707135
22487505000.0,-66.6827136671253
22492503333.3,-66.4260583658374
22497501666.7,-68.18695009528064
22502500000.0,-68.30468377059366
22507498333.3,-67.44220988827041
22512496666.7,-68.82692989594835
22517495000.0,-68.4309191567514
22522493333.3,-66.77005880397536
22527491666.7,-67.44476779414407
22532490000.0,-67.60532341722245
22537488333.3,-67.4557951541467
22542486666.7,-66.61359874903779
22547485000.0,-68.54961546845172
22552483333.3,-69.21958653467223
22557481666.7,-69.5923189285108
22562480000.0,-70.17986129528295
22567478333.3,-67.97715287670032
22572476666.7,-68.64079804191218
22577475000.0,-67.19597226787606
22582473333.3,-68.43197283288336
22587471666.7,-69.14811801567795
22592470000.0,-67.61439944447606
22597468333.3,-69.01747580693652
22602466666.7,-69.70174567791142
22607465000.0,-69.16883261706678
22612463333.3,-67.94518592244975
22617461666.7,-68.84874242447584
22622460000.0,-69.25833982272192
22627458333.3,-69.01625519539903
22632456666.7,-71.27916682239973
22637455000.0,-69.46144407714142
22642453333.3,-70.0870651394632
22647451666.7,-71.38433473027872
22652450000.0,-69.62421703955496
22657448333.3,-70.33772104692537
22662446666.7,-68.6211543888894
22667445000.0,-68.42453621395582
22672443333.3,-68.41820247316322
22677441666.7,-70.267848677555
22682440000.0,-68.9396925471151
22687438333.3,-69.04754170292334
22692436666.7,-69.22243834033142
22697435000.0,-68.9280035880677
22702433333.3,-69.73266688452958
22707431666.7,-69.03411051348823
22712430000.0,-69.7013438430185
22717428333.3,-68.12711071626806
22722426666.7,-67.34707607414717
22727425000.0,-68.42032622117375
22732423333.3,-68.2809679389516
22737421666.7,-68.47124292784001
22742420000.0,-68.81425950954551
22747418333.3,-70.43189678036035
22752416666.7,-68.4812512276797
22757415000.0,-68.31085668368338
22762413333.3,-68.4352569195329
22767411666.7,-68.55373113302366
22772410000.0,-68.54079970065511
22777408333.3,-68.6985007314125
22782406666.7,-69.87408576775246
22787405000.0,-68.59253876625641
22792403333.3,-68.43571880452194
22797401666.7,-68.96662895910113
22802400000.0,-68.28232649210831
22807398333.3,-70.47297192936873
22812396666.7,-69.37555585025422
22817395000.0,-70.33393019775897
22822393333.3,-69.65881358674093
22827391666.7,-69.54839442437807
22832390000.0,-69.67991680192924
22837388333.3,-70.1638325135032
22842386666.7,-71.50505972558277
22847385000.0,-70.31134069669082
22852383333.3,-70.95783873207664
22857381666.7,-69.46270080364785
22862380000.0,-69.23650830428824
22867378333.3,-71.19006920850973
22872376666.7,-72.54267714890433
22877375000.0,-69.94664911418677
22882373333.3,-70.2870328734123
22887371666.7,-69.77868476811095
22892370000.0,-70.46511170128151
22897368333.3,-69.37129376015474
22902366666.7,-69.27307448982981
22907365000.0,-69.32749699757022
22912363333.3,-69.27823710947314
22917361666.7,-70.45434795920907
22922360000.0,-70.73534928932405
22927358333.3,-70.97236740706252
22932356666.7,-70.06758594866072
22937355000.0,-70.74028991281128
22942353333.3,-69.12742743221499
22947351666.7,-69.94122883298962
22952350000.0,-70.93815866160473
22957348333.3,-69.57044683228881
22962346666.7,-69.33933064083081
22967345000.0,-70.43843607732381
22972343333.3,-69.62013336970053
22977341666.7,-69.76452402869667
22982340000.0,-70.44005801008704
22987338333.3,-68.72771561686865
22992336666.7,-69.57580018426492
22997335000.0,-68.3777711356217
23002333333.3,-69.76459930808407
23007331666.7,-70.49293308992443
23012330000.0,-71.32216454306776
23017328333.3,-69.13606882375794
23022326666.7,-71.10299659603159
23027325000.0,-70.43931484394362
23032323333.3,-69.29546843861901
23037321666.7,-70.50837685611329
23042320000.0,-68.7888170224642
23047318333.3,-70.69925715256804
23052316666.7,-69.58605086201497
23057315000.0,-71.06322384672198
23062313333.3,-69.891909965384
23067311666.7,-70.41234207446828
23072310000.0,-70.66317098690392
23077308333.3,-71.9501345667936
23082306666.7,-71.32310801972251
23087305000.0,-68.56861887374751
23092303333.3,-69.9377305842731
23097301666.7,-70.07765048174846
23102300000.0,-72.08594124001434
23107298333.3,-70.73250386386012
23112296666.7,-70.35439638626384
23117295000.0,-71.11829438322766
23122293333.3,-70.19106946755075
23127291666.7,-69.75070176063737
23132290000.0,-68.97582954244794
23137288333.3,-72.51377677469276
23142286666.7,-71.39984778368661
23147285000.0,-72.05727959720495
23152283333.3,-71.32224740144976
23157281666.7,-73.90887145863744
23162280000.0,-71.2298351720857
23167278333.3,-70.92727457973626
23172276666.7,-73.05733903400746
23177275000.0,-70.93520160503675
23182273333.3,-71.70470136707857
23187271666.7,-72.14968639365303
23192270000.0,-70.89923150538789
23197268333.3,-70.5372409918605
23202266666.7,-71.33368513406596
23207265000.0,-70.747389950137
23212263333.3,-71.05153907038441
23217261666.7,-70.1636690718384
23222260000.0,-71.06978785676263
23227258333.3,-70.83109979810372
23232256666.7,-71.55615221608195
23237255000.0,-69.69844672782831
23242253333.3,-72.10785343664526
23247251666.7,-70.56551837296458
23252250000.0,-71.2431276819334
23257248333.3,-70.0477305627494
23262246666.7,-70.76275211336443
23267245000.0,-71.7265868651044
23272243333.3,-71.92676655083037
23277241666.7,-72.38029755240005
23282240000.0,-71.26046676106341
23287238333.3,-71.47489582911255
23292236666.7,-70.24805287533302
23297235000.0,-71.99702108627267
23302233333.3,-70.1933538338854
23307231666.7,-70.88779925312443
23312230000.0,-72.32853990214771
23317228333.3,-70.68812810094765
23322226666.7,-71.95640670717242
23327225000.0,-70.37991023495172
23332223333.3,-70.29226720439188
23337221666.7,-70.31936477618076
23342220000.0,-71.44162061508143
23347218333.3,-70.52465095357381
23352216666.7,-70.28846487519516
23357215000.0,-71.94082193385083
23362213333.3,-70.64185484654632
23367211666.7,-70.05708253262154
23372210000.0,-70.78720295397002
23377208333.3,-69.53065937363054
23382206666.7,-72.24551044827689
23387205000.0,-69.69255099753332
23392203333.3,-71.10313116848722
23397201666.7,-70.03335417996804
23402200000.0,-71.35435589196436
23407198333.3,-70.72937504776112
23412196666.7,-70.65860456767767
23417195000.0,-70.33041535632921
23422193333.3,-69.89305167218836
23427191666.7,-69.88625261750352
23432190000.0,-69.41799526767045
23437188333.3,-72.01024703203495
23442186666.7,-69.7422247049987
23447185000.0,-70.60750926734714
23452183333.3,-70.91266935132214
23457181666.7,-71.46534828574664
23462180000.0,-69.97279919579076
23467178333.3,-71.19199670897646
23472176666.7,-71.25592961123124
23477175000.0,-69.64999136546658
23482173333.3,-73.10106441525559
23487171666.7,-70.4155075998505
23492170000.0,-69.83243663071515
23497168333.3,-71.14695418128801
23502166666.7,-71.35328852818094
23507165000.0,-74.65666368247862
23512163333.3,-71.59380877223803
23517161666.7,-70.06052327545456
23522160000.0,-71.12455511167695
23527158333.3,-72.11834942462652
23532156666.7,-70.31420347851139
23537155000.0,-71.09274672898363
23542153333.3,-71.11125765975845
23547151666.7,-71.55960626795589
23552150000.0,-71.26903302717105
23557148333.3,-70.31537313107891
23562146666.7,-71.05303486629259
23567145000.0,-71.81905274948927
23572143333.3,-71.51661028128532
23577141666.7,-71.10242806797687
23582140000.0,-72.7650906340993
23587138333.3,-70.56452313143352
23592136666.7,-72.0579803820996
23597135000.0,-71.13408213058199
23602133333.3,-73.12187543173758
23607131666.7,-74.28354016601024
23612130000.0,-71.68752812011508
23617128333.3,-70.28917547555301
23622126666.7,-73.1690972571965
23627125000.0,-69.89782500869944
23632123333.3,-71.05453866162279
23637121666.7,-71.69574462060493
23642120000.0,-70.56289447368799
23647118333.3,-69.73900715532386
23652116666.7,-72.6161021010091
23657115000.0,-71.4247420746917
23662113333.3,-71.32715070418368
23667111666.7,-71.67694908012695
23672110000.0,-69.10307611927543
23677108333.3,-70.96635718191823
23682106666.7,-70.27381502579803
23687105000.0,-71.15792817651345
23692103333.3,-72.34730649900344
23697101666.7,-70.3839089328676
23702100000.0,-70.46403552104785
23707098333.3,-72.19237436009878
23712096666.7,-72.51799254717112
23717095000.0,-71.58955130549431
23722093333.3,-70.86690247751162
23727091666.7,-71.35490991120862
23732090000.0,-72.44870438557746
23737088333.3,-72.15744388396713
23742086666.7,-71.9130116845207
23747085000.0,-71.41444641988818
23752083333.3,-71.02711534528582
23757081666.7,-71.00210056359279
23762080000.0,-73.2056795430795
23767078333.3,-72.21801334950632
23772076666.7,-70.31376814430953
23777075000.0,-72.11031091757206
23782073333.3,-71.59439582901877
23787071666.7,-72.83064598613855
23792070000.0,-71.86427636143745
23797068333.3,-71.13885562759107
23802066666.7,-70.70035654269878
23807065000.0,-73.58375089605933
23812063333.3,-69.43668153747532
23817061666.7,-69.09416273500003
23822060000.0,-72.29719971719591
23827058333.3,-70.99315126840413
23832056666.7,-72.74935438457129
23837055000.0,-70.23342717108385
23842053333.3,-70.9500647540444
23847051666.7,-70.55175894863636
23852050000.0,-71.12675820754845
23857048333.3,-69.663048925131
23862046666.7,-70.83360800028687
23867045000.0,-71.62741997744065
23872043333.3,-72.47522154736268
23877041666.7,-72.6871037391002
23882040000.0,-71.90841166903508
23887038333.3,-69.95169403266272
23892036666.7,-74.70259386363234
23897035000.0,-71.50908395949793
23902033333.3,-70.68648759917923
23907031666.7,-72.21365082750907
23912030000.0,-71.6840658493105
23917028333.3,-70.19865511442666
23922026666.7,-71.44000600847687
23927025000.0,-70.68888200803192
23932023333.3,-69.41700856118561
23937021666.7,-71.72019858068565
23942020000.0,-69.90457871297869
23947018333.3,-72.1043672559891
23952016666.7,-71.16231855342352
23957015000.0,-71.51839921918484
23962013333.3,-70.42247422519554
23967011666.7,-71.8591554048812
23972010000.0,-74.09576529582851
23977008333.3,-71.64316444590035
23982006666.7,-72.4154903693718
23987005000.0,-72.07345010276177
23992003333.3,-70.96778740281235
23997001666.7,-71.66250986270894
24002000000.0,-71.46669595379358
24006998333.3,-71.74842647520703
24011996666.7,-66.01237809822331
24016995000.0,-74.20845730403222
24021993333.3,-75.97747457419842
24026991666.7,-78.0241816625235
24031990000.0,-66.78691808994179
24036988333.3,-71.2103483502278
24041986666.7,-72.68425609487109
24046985000.0,-75.6960358466912
24051983333.3,-68.72901366171413
24056981666.7,-68.23528582811386
24061980000.0,-71.0738290872255
24066978333.3,-71.505745423904
24071976666.7,-75.65978459909624
24076975000.0,-67.79210939934049
24081973333.3,-70.67552926342404
24086971666.7,-68.59129905380112
24091970000.0,-70.3050492805596
24096968333.3,-72.44595330978719
24101966666.7,-65.12290689889214
24106965000.0,-75.06574209076257
24111963333.3,-73.95738263401451
24116961666.7,-71.73227403996493
24121960000.0,-68.98355791309788
24126958333.3,-78.77664115175824
24131956666.7,-68.09567990325772
24136955000.0,-72.76318564686717
24141953333.3,-70.75019646936673
24146951666.7,-69.73820256995852
24151950000.0,-68.48129185826173
24156948333.3,-69.43768609282799
24161946666.7,-67.74411700119924
24166945000.0,-69.77727553175713
24171943333.3,-81.98871873729843
24176941666.7,-76.44096262860802
24181940000.0,-81.13923153455494
24186938333.3,-70.34128060008223
24191936666.7,-69.79987169351608
24196935000.0,-70.23070953516614
24201933333.3,-69.31787893491499
24206931666.7,-71.98444812945708
24211930000.0,-68.30653662094768
24216928333.3,-69.8577881742595
24221926666.7,-75.12126644904085
24226925000.0,-81.87856564716398
24231923333.3,-79.9499805368939
24236921666.7,-80.2663586184581
24241920000.0,-73.02238519729286
24246918333.3,-76.31041663165851
24251916666.7,-69.68428170748678
24256915000.0,-79.73243825187097
24261913333.3,-73.38111277457992
24266911666.7,-68.4983132814905
24271910000.0,-69.3634973760219
24276908333.3,-67.36905365543117
24281906666.7,-70.53112152920575
24286905000.0,-73.72898079854768
24291903333.3,-69.13788905726081
24296901666.7,-71.32744093340641
24301900000.0,-71.71840443702445
24306898333.3,-79.29854880423889
24311896666.7,-76.86382799337747
24316895000.0,-76.57638305193564
24321893333.3,-68.1474370561048
24326891666.7,-67.73319072670616
24331890000.0,-73.88515112063324
24336888333.3,-76.11864530999763
24341886666.7,-75.80602411099198
24346885000.0,-69.20229397390648
24351883333.3,-68.99503533762675
24356881666.7,-67.65385735641772
24361880000.0,-67.24084295881616
24366878333.3,-68.27245372156864
24371876666.7,-70.39098881922705
24376875000.0,-69.71315633078981
24381873333.3,-70.35885314794639
24386871666.7,-70.6597630552489
24391870000.0,-69.27688391442129
24396868333.3,-68.33382569816142
24401866666.7,-79.55586659516152
24406865000.0,-73.67341319688092
24411863333.3,-68.74172301985679
24416861666.7,-72.10946743795864
24421860000.0,-70.50435218104661
24426858333.3,-76.35825628749438
24431856666.7,-76.75130606903613
24436855000.0,-73.46650264859596
24441853333.3,-72.77783097801796
24446851666.7,-70.01870259911753
24451850000.0,-80.0641685967686
24456848333.3,-71.29034056023141
24461846666.7,-70.88997184425347
24466845000.0,-72.46485381815683
24471843333.3,-68.92955658267931
24476841666.7,-75.08942565922322
24481840000.0,-68.24182058027856
24486838333.3,-73.03368531061297
24491836666.7,-69.09615509944345
24496835000.0,-71.4093077029553
24501833333.3,-70.4073804595661
24506831666.7,-70.59780368820489
24511830000.0,-76.06210528715589
24516828333.3,-70.40723747179041
24521826666.7,-71.92610812155874
24526825000.0,-71.33058714673956
24531823333.3,-72.47884067583043
24536821666.7,-80.29218409800026
24541820000.0,-77.9214081221573
24546818333.3,-91.26611165481306
24551816666.7,-70.99257025376347
24556815000.0,-68.35951854594431
24561813333.3,-64.08862154978091
24566811666.7,-71.45329174666165
24571810000.0,-74.59722337746099
24576808333.3,-73.61639841001511
24581806666.7,-71.71760435902256
24586805000.0,-73.47823860540946
24591803333.3,-79.61195760328943
24596801666.7,-69.65941735475832
24601800000.0,-68.80369562341754
24606798333.3,-70.2085869713978
24611796666.7,-73.54147254082753
24616795000.0,-69.46638471133866
24621793333.3,-72.19122288964834
24626791666.7,-72.38894108980692
24631790000.0,-67.91652393005106
24636788333.3,-72.4105375814402
24641786666.7,-71.56566821188346
24646785000.0,-68.93968807266484
24651783333.3,-79.08517415647677
24656781666.7,-72.10517824438307
24661780000.0,-71.01204916446876
24666778333.3,-73.07617101021434
24671776666.7,-76.32437426945239
24676775000.0,-70.11117543696066
24681773333.3,-76.73354145238646
24686771666.7,-89.34817318600737
24691770000.0,-72.31904947907823
24696768333.3,-68.37834419631886
24701766666.7,-92.2390492322282
24706765000.0,-71.78524601003588
24711763333.3,-70.79003392568319
24716761666.7,-71.865938544645
24721760000.0,-70.36481353704535
24726758333.3,-69.67687391728535
24731756666.7,-75.72795327364094
24736755000.0,-71.68789896807766
24741753333.3,-69.77570286795148
24746751666.7,-73.20979728479605
24751750000.0,-71.364871389442
24756748333.3,-78.28327086392059
24761746666.7,-70.3094144229692
24766745000.0,-82.41150405743718
24771743333.3,-75.8104463568745
24776741666.7,-72.8360359675021
24781740000.0,-68.26050676138571
24786738333.3,-71.0209794035651
24791736666.7,-71.97501252156812
24796735000.0,-69.5553473799148
24801733333.3,-68.5209852011596
24806731666.7,-72.04476020299654
24811730000.0,-72.13191117421349
24816728333.3,-74.74221464994147
24821726666.7,-90.52762950464356
24826725000.0,-69.11931021993256
24831723333.3,-72.3337635145413
24836721666.7,-71.55161172131449
24841720000.0,-81.45211845717103
24846718333.3,-84.17438925391855
24851716666.7,-69.83800550649443
24856715000.0,-70.75517421836798
24861713333.3,-73.13849548165437
24866711666.7,-80.90176230639858
24871710000.0,-71.91589672792438
24876708333.3,-72.00594976963725
24881706666.7,-71.08597170951954
24886705000.0,-81.97675174899842
24891703333.3,-73.46908853288375
24896701666.7,-80.83950537732333
24901700000.0,-70.98367946272364
24906698333.3,-72.67602907620503
24911696666.7,-74.12795120710396
24916695000.0,-77.22625188028366
24921693333.3,-72.79664720426707
24926691666.7,-75.5893249093816
24931690000.0,-70.30241271724866
24936688333.3,-71.36104710456165
24941686666.7,-71.32742600549031
24946685000.0,-71.20513547792469
24951683333.3,-74.05989099093196
24956681666.7,-76.11852129732532
24961680000.0,-75.64179622107287
24966678333.3,-75.13573894270418
24971676666.7,-71.79687076160587
24976675000.0,-74.96340199896221
24981673333.3,-72.29528277070236
24986671666.7,-81.13771042088555
24991670000.0,-85.09774869249172
24996668333.3,-76.97485769297789
25001666666.7,-72.47149371394593
25006665000.0,-73.13356860909772
25011663333.3,-75.98987290860407
25016661666.7,-74.25265471783449
25021660000.0,-80.31007861396546
25026658333.3,-74.13348813643482
25031656666.7,-80.55343620036867
25036655000.0,-76.25051582606478
25041653333.3,-74.33565159450272
25046651666.7,-72.30998801582362
25051650000.0,-77.08862927984656
25056648333.3,-70.88758996157199
25061646666.7,-74.18378122984723
25066645000.0,-70.82873320464086
25071643333.3,-74.86429206351254
25076641666.7,-70.76230079939278
25081640000.0,-67.95272072481825
25086638333.3,-75.61336243229313
25091636666.7,-70.75399613990734
25096635000.0,-80.80067327629948
25101633333.3,-71.68685658547984
25106631666.7,-77.83478680160682
25111630000.0,-77.42281375341871
25116628333.3,-71.9060769106535
25121626666.7,-72.83585475469836
25126625000.0,-79.28444306177512
25131623333.3,-75.87436375166384
25136621666.7,-81.34086213283034
25141620000.0,-77.4838110583079
25146618333.3,-72.69800703613801
25151616666.7,-82.84439269617738
25156615000.0,-78.30656862008608
25161613333.3,-72.4453414894096
25166611666.7,-68.00924407092778
25171610000.0,-72.58022692502281
25176608333.3,-77.5100498434812
25181606666.7,-72.26996697985518
25186605000.0,-75.14319833341617
25191603333.3,-75.43734492069325
25196601666.7,-75.49135416275026
25201600000.0,-73.60551724905291
25206598333.3,-71.39058067269751
25211596666.7,-73.69773999738838
25216595000.0,-66.97269805495819
25221593333.3,-76.71173143413371
25226591666.7,-80.2244844364476
25231590000.0,-72.12951997701762
25236588333.3,-74.16581088104157
25241586666.7,-89.31552047625428
25246585000.0,-74.93993320630042
25251583333.3,-75.99659297552057
25256581666.7,-71.45646995102274
25261580000.0,-72.01195044427818
25266578333.3,-72.57656129131264
25271576666.7,-71.29036538222404
25276575000.0,-73.46990713128758
25281573333.3,-73.59845383362432
25286571666.7,-86.48589197392646
25291570000.0,-74.52850244612675
25296568333.3,-87.03072833276622
25301566666.7,-78.86875417911766
25306565000.0,-75.25950960935793
25311563333.3,-69.19132630477912
25316561666.7,-77.347657795133
25321560000.0,-79.54668699327611
25326558333.3,-75.2232455027335
25331556666.7,-73.17124327095864
25336555000.0,-70.70624787657822
25341553333.3,-86.5619006463224
25346551666.7,-70.05841797354655
25351550000.0,-78.19282583353909
25356548333.3,-79.05547033879023
25361546666.7,-74.91157675207455
25366545000.0,-76.78151089002353
25371543333.3,-75.29707603027819
25376541666.7,-75.13501614450371
25381540000.0,-76.53873199400428
25386538333.3,-76.29622435642207
25391536666.7,-71.7342931064363
25396535000.0,-73.72465558687419
25401533333.3,-73.20240362893583
25406531666.7,-79.36042874171733
25411530000.0,-76.69460697757917
25416528333.3,-70.54370895157909
25421526666.7,-74.8799766634403
25426525000.0,-71.43190829915093
25431523333.3,-81.24424652586578
25436521666.7,-75.66363795957612
25441520000.0,-76.39763177602009
25446518333.3,-77.25876072009423
25451516666.7,-88.36062846979841
25456515000.0,-70.46948994070297
25461513333.3,-71.74955060538882
25466511666.7,-75.18928179336183
25471510000.0,-77.56380191725977
25476508333.3,-83.33254776649235
25481506666.7,-77.61480120329624
25486505000.0,-80.1000849767069
25491503333.3,-73.9082039598669
25496501666.7,-70.58226259684756
25501500000.0,-83.4305041566691
25506498333.3,-78.74450254300717
25511496666.7,-73.03793221168719
25516495000.0,-85.59296260696453
25521493333.3,-95.78016410294671
25526491666.7,-81.1760485138118
25531490000.0,-72.55283149604566
25536488333.3,-75.59066079313291
25541486666.7,-72.8186886837079
25546485000.0,-84.61587189158482
25551483333.3,-75.12791630267166
25556481666.7,-71.41005119556276
25561480000.0,-85.02533461675434
25566478333.3,-72.01324000454866
25571476666.7,-70.2208299326321
25576475000.0,-77.47852833653978
25581473333.3,-79.75412318877423
25586471666.7,-76.81500170386448
25591470000.0,-69.25583812761447
25596468333.3,-80.14056390855347
25601466666.7,-75.07770074067304
25606465000.0,-69.62038520037011
25611463333.3,-78.12946640677814
25616461666.7,-73.12053882480271
25621460000.0,-67.63933320657816
25626458333.3,-74.84679128884613
25631456666.7,-74.00390722872474
25636455000.0,-74.71936100315523
25641453333.3,-80.40863064839496
25646451666.7,-77.76140206444677
25651450000.0,-71.33297821166414
25656448333.3,-76.01722592756114
25661446666.7,-83.22170114101466
25666445000.0,-69.06020731470463
25671443333.3,-78.9250109406812
25676441666.7,-80.03399517756263
25681440000.0,-71.35355381628644
25686438333.3,-72.44994172261015
25691436666.7,-74.8053741632942
25696435000.0,-76.90563998179054
25701433333.3,-72.66150500799048
25706431666.7,-89.88106531568626
25711430000.0,-74.00715272664438
25716428333.3,-75.22308623985877
25721426666.7,-79.85892732650694
25726425000.0,-74.65067315368648
25731423333.3,-73.26057340346081
25736421666.7,-78.69958830139419
25741420000.0,-75.29857020645625
25746418333.3,-85.23686171855424
25751416666.7,-72.68425245775633
25756415000.0,-73.27555254328031
25761413333.3,-81.53621377331052
25766411666.7,-71.74882050543945
25771410000.0,-71.92641389815093
25776408333.3,-81.41311526336887
25781406666.7,-72.0582755711282
25786405000.0,-74.95424603349007
25791403333.3,-68.96872092819753
25796401666.7,-76.61373455589634
25801400000.0,-83.63856826649936
25806398333.3,-81.44067570976179
25811396666.7,-87.97670996735043
25816395000.0,-76.64414733569048
25821393333.3,-73.92407670979787
25826391666.7,-73.74957594474617
25831390000.0,-79.85635449620762
25836388333.3,-68.68187916770677
25841386666.7,-76.81765794063978
25846385000.0,-70.07542545967974
25851383333.3,-75.2152169025553
25856381666.7,-73.60354329358823
25861380000.0,-82.40217263187589
25866378333.3,-74.49505709111178
25871376666.7,-82.66505184817417
25876375000.0,-80.1029483723608
25881373333.3,-72.98712168866437
25886371666.7,-74.42074512900506
25891370000.0,-80.72228432579236
25896368333.3,-78.33985564642643
25901366666.7,-72.64905363764754
25906365000.0,-70.67896660711281
25911363333.3,-75.68416780943028
25916361666.7,-73.2816559120045
25921360000.0,-74.91543545206399
25926358333.3,-74.97164646903839
25931356666.7,-77.02967739408979
25936355000.0,-72.82148590889896
25941353333.3,-80.84728893237161
25946351666.7,-81.00661972488558
25951350000.0,-75.73843954618394
25956348333.3,-70.20278362769395
25961346666.7,-75.64135014029542
25966345000.0,-76.52659476185241
25971343333.3,-75.64015126959119
25976341666.7,-72.47920009765205
25981340000.0,-72.63362467683777
25986338333.3,-73.12936692549894
25991336666.7,-82.59712180917415
25996335000.0,-79.28795139759637
26001333333.3,-70.68527251546398
26006331666.7,-91.28920231406426
26011330000.0,-77.95025878510364
26016328333.3,-70.19645308180695
26021326666.7,-71.09677980840135
26026325000.0,-76.84343840846586
26031323333.3,-75.44232518923813
26036321666.7,-68.72881836152807
26041320000.0,-81.85952762063846
26046318333.3,-75.04889542278858
26051316666.7,-80.5674050989876
26056315000.0,-76.27004955380289
26061313333.3,-75.27765475091574
26066311666.7,-81.10495322167273
26071310000.0,-85.11536049530777
26076308333.3,-76.2291572270126
26081306666.7,-78.29066929259385
26086305000.0,-74.08734705822194
26091303333.3,-73.81441816539947
26096301666.7,-77.7466894722089
26101300000.0,-80.62348308924427
26106298333.3,-72.66199342843069
26111296666.7,-71.97487779129185
26116295000.0,-80.02417627461666
26121293333.3,-90.64040000360569
26126291666.7,-75.97831976029485
26131290000.0,-79.29160544687475
26136288333.3,-81.37258125248117
26141286666.7,-80.37960390956897
26146285000.0,-82.47037427691757
26151283333.3,-81.7750825583451
26156281666.7,-80.53732609667904
26161280000.0,-81.42402625265406
26166278333.3,-77.62890061313612
26171276666.7,-75.06257194504482
26176275000.0,-74.21512238645323
26181273333.3,-79.74982394164269
26186271666.7,-78.37344475119143
26191270000.0,-81.10580636333736
26196268333.3,-79.30829134806737
26201266666.7,-74.86920520244209
26206265000.0,-77.48929933985903
26211263333.3,-71.90810765225716
26216261666.7,-79.93734625432765
26221260000.0,-79.76605842938243
26226258333.3,-82.73227121728979
26231256666.7,-79.15613711442904
26236255000.0,-83.70301097762798
26241253333.3,-77.68866090620921
26246251666.7,-69.38705487555809
26251250000.0,-74.8686678459986
26256248333.3,-87.60325943248596
26261246666.7,-73.9441655834153
26266245000.0,-69.20628490856306
26271243333.3,-71.86379910022634
26276241666.7,-104.72035696885526
26281240000.0,-73.98943215890081
26286238333.3,-83.5996726523584
26291236666.7,-78.23301782789443
26296235000.0,-75.6415972428492
26301233333.3,-77.73624600265084
26306231666.7,-83.69844814838541
26311230000.0,-83.05125481703449
26316228333.3,-77.4200376522921
26321226666.7,-75.70716726069709
26326225000.0,-75.73278552816933
26331223333.3,-80.05502453177117
26336221666.7,-81.07324452164092
26341220000.0,-77.35581227685007
26346218333.3,-75.39309773879197
26351216666.7,-85.36778082827135
26356215000.0,-73.90849022780246
26361213333.3,-74.1381153425581
26366211666.7,-88.40207432799284
26371210000.0,-82.30250373490432
26376208333.3,-75.2327729140467
26381206666.7,-81.83206392848271
26386205000.0,-77.38712901546988
26391203333.3,-85.40773000587306
26396201666.7,-77.28815365300109
26401200000.0,-78.1032698706953
26406198333.3,-79.34177468670556
26411196666.7,-74.68499226836947
26416195000.0,-79.06574583509948
26421193333.3,-76.64986053103311
26426191666.7,-76.00822342932985
26431190000.0,-85.53266238902049
26436188333.3,-79.59740100309821
26441186666.7,-77.32013821262828
26446185000.0,-76.16146770107208
26451183333.3,-83.14372355557653
26456181666.7,-70.58940582077697
26461180000.0,-76.46336061111833
26466178333.3,-77.75519624550336
26471176666.7,-76.84107661138634
26476175000.0,-73.4574860703304
26481173333.3,-86.63618443198885
26486171666.7,-78.31346825761962
26491170000.0,-78.61775206545079
26496168333.3,-74.76299490761923
26501166666.7,-80.62973033041062
26506165000.0,-70.36303457734091
26511163333.3,-70.13061727410796
26516161666.7,-73.42176361202027
26521160000.0,-78.00398591564169
26526158333.3,-80.5232182976643
26531156666.7,-77.09927752352452
26536155000.0,-82.88738943542936
26541153333.3,-82.67316792958485
26546151666.7,-79.80443672774008
26551150000.0,-83.51268647473623
26556148333.3,-85.29371132849374
26561146666.7,-73.7823520512644
26566145000.0,-78.48255890434119
26571143333.3,-82.64930328254879
26576141666.7,-71.29230189356423
26581140000.0,-74.70788155895615
26586138333.3,-71.58094519402795
26591136666.7,-80.30966415350228
26596135000.0,-87.58823026889047
26601133333.3,-76.24518144535811
26606131666.7,-84.03576689817214
26611130000.0,-74.62805879871297
26616128333.3,-73.80913682741374
26621126666.7,-84.42240508009512
26626125000.0,-90.04341814092948
26631123333.3,-78.08702878730803
26636121666.7,-75.00441897174504
26641120000.0,-69.68095825479978
26646118333.3,-79.07577850810233
26651116666.7,-77.77945701511705
26656115000.0,-73.68396334172847
26661113333.3,-79.20228317563661
26666111666.7,-86.56002786389855
26671110000.0,-83.92118186427217
26676108333.3,-78.44267180315656
26681106666.7,-77.13612289183148
26686105000.0,-79.74834092706244
26691103333.3,-81.38114125340577
26696101666.7,-77.81203303107831
26701100000.0,-80.03906107682964
26706098333.3,-75.01120615461728
26711096666.7,-69.45279875533114
26716095000.0,-81.35827179642911
26721093333.3,-80.01728177724243
26726091666.7,-74.40752235882638
26731090000.0,-83.86395381534463
26736088333.3,-74.74245441045855
26741086666.7,-76.28020320258605
26746085000.0,-79.94285282091718
26751083333.3,-73.33378607069733
26756081666.7,-77.43390868196396
26761080000.0,-86.2922460230677
26766078333.3,-77.51979193713147
26771076666.7,-69.86646242068262
26776075000.0,-77.29103460590756
26781073333.3,-76.71719546928934
26786071666.7,-74.2935004237727
26791070000.0,-75.07684894175893
26796068333.3,-74.91365786449617
26801066666.7,-77.75494054923453
26806065000.0,-77.12306006695039
26811063333.3,-76.6791880155803
26816061666.7,-74.01066193429409
26821060000.0,-88.91333562742197
26826058333.3,-75.58155003174409
26831056666.7,-80.43064601861548
26836055000.0,-82.11960689850764
26841053333.3,-87.44143109381015
26846051666.7,-72.31158323587762
26851050000.0,-74.01283069539608
26856048333.3,-76.30042256035954
26861046666.7,-70.44019274968328
26866045000.0,-75.41609479759005
26871043333.3,-73.12934852451318
26876041666.7,-75.89155509637712
26881040000.0,-69.533088279309
26886038333.3,-71.54903811875381
26891036666.7,-74.98673132803083
26896035000.0,-79.42043935524714
26901033333.3,-82.72624799170134
26906031666.7,-76.57798684757631
26911030000.0,-77.27053492547466
26916028333.3,-78.28798186936402
26921026666.7,-74.86769044800171
26926025000.0,-74.77694981762217
26931023333.3,-91.45454243624202
26936021666.7,-77.4785784376133
26941020000.0,-75.37396958097004
26946018333.3,-84.597243276107
26951016666.7,-75.96657344661156
26956015000.0,-75.72524277239498
26961013333.3,-79.89071683488326
26966011666.7,-77.86544908675842
26971010000.0,-73.43613249172196
26976008333.3,-77.63645022646448
26981006666.7,-84.88560804796286
26986005000.0,-68.7195645683135
26991003333.3,-73.8759273409098
26996001666.7,-78.87055383577481
27001000000.0,-84.14955197115533
27005998333.3,-74.87348101688522
27010996666.7,-86.72744837723975
27015995000.0,-73.04572997523616
27020993333.3,-78.67444553332005
27025991666.7,-80.60492544866968
27030990000.0,-76.15120603671024
27035988333.3,-73.06384329489939
27040986666.7,-76.54016062113644
27045985000.0,-84.83387615790411
27050983333.3,-78.63879341330913
27055981666.7,-81.15886516765342
27060980000.0,-74.99105922056482
27065978333.3,-77.13828765670061
27070976666.7,-91.2586608823789
27075975000.0,-77.3398344182348
27080973333.3,-77.44975592395258
27085971666.7,-78.49902867964508
27090970000.0,-79.44848295931173
27095968333.3,-75.88281316071216
27100966666.7,-78.05334828561126
27105965000.0,-79.33964562307574
27110963333.3,-78.07083212844964
27115961666.7,-79.08945699449279
27120960000.0,-79.35561532824732
27125958333.3,-93.57240628799998
27130956666.7,-76.21694798060184
27135955000.0,-81.15973293906464
27140953333.3,-75.35296414718181
27145951666.7,-85.92708528901744
27150950000.0,-78.70393752639376
27155948333.3,-75.45761960110434
27160946666.7,-81.15910442406799
27165945000.0,-77.49972638290133
27170943333.3,-89.559893474935
27175941666.7,-80.94958703036241
27180940000.0,-79.62168776505169
27185938333.3,-78.15151910811825
27190936666.7,-77.96849313439114
27195935000.0,-80.99021169074908
27200933333.3,-74.98687202714662
27205931666.7,-79.90131607271668
27210930000.0,-77.40079519016825
27215928333.3,-74.23480994336256
27220926666.7,-81.21730052520341
27225925000.0,-76.86158114091698
27230923333.3,-75.09688124231377
27235921666.7,-75.62289002360518
27240920000.0,-78.83643700111122
27245918333.3,-74.41601863367416
27250916666.7,-85.09257035564849
27255915000.0,-75.97669139766475
27260913333.3,-75.77454014327517
27265911666.7,-79.6065955072302
27270910000.0,-80.04179573774846
27275908333.3,-72.36481016958761
27280906666.7,-87.62568645887818
27285905000.0,-70.59317222239297
27290903333.3,-76.51714306535845
27295901666.7,-84.95646077743996
27300900000.0,-82.59447823042356
27305898333.3,-76.96086465157573
27310896666.7,-77.61479192093049
27315895000.0,-80.68742668795906
27320893333.3,-77.64706184285251
27325891666.7,-87.56891491886621
27330890000.0,-77.18445123081699
27335888333.3,-91.12180922088596
27340886666.7,-87.14140870190947
27345885000.0,-82.50882551290557
27350883333.3,-81.36542346246114
27355881666.7,-74.16180947120796
27360880000.0,-76.15184625993572
27365878333.3,-73.8166801792371
27370876666.7,-75.6862545935257
27375875000.0,-81.46921458901599
27380873333.3,-73.87040257526284
27385871666.7,-72.6161387119595
27390870000.0,-78.20981291579673
27395868333.3,-90.04071385505353
27400866666.7,-87.56346835955642
27405865000.0,-70.59907161590853
27410863333.3,-77.15534449490431
27415861666.7,-83.21335552143023
27420860000.0,-76.96864733251535
27425858333.3,-72.82203317357501
27430856666.7,-74.95933795098796
27435855000.0,-74.81229841999684
27440853333.3,-81.2515794115653
27445851666.7,-79.38041108637225
27450850000.0,-78.24506738110283
27455848333.3,-77.78004671731141
27460846666.7,-78.47416328475208
27465845000.0,-75.57354280784539
27470843333.3,-84.77125308593797
27475841666.7,-76.73326483782921
27480840000.0,-77.78105796610387
27485838333.3,-76.62149844265568
27490836666.7,-78.3614578322137
27495835000.0,-79.11353105390424
27500833333.3,-85.47171562885742
27505831666.7,-79.69562150368972
27510830000.0,-81.0888609355912
27515828333.3,-75.65300562633558
27520826666.7,-88.50070038777497
27525825000.0,-75.86232982713514
27530823333.3,-83.04839007835105
27535821666.7,-79.17983465849845
27540820000.0,-82.65594992530788
27545818333.3,-79.72415860240446
27550816666.7,-83.84889840825224
27555815000.0,-79.93096235684037
27560813333.3,-75.66206288552195
27565811666.7,-82.56468411978011
27570810000.0,-76.69178899375365
27575808333.3,-93.18450634762539
27580806666.7,-85.26016191014304
27585805000.0,-77.23152985950973
27590803333.3,-95.86470114515818
27595801666.7,-81.90897236785528
27600800000.0,-77.88666750310944
27605798333.3,-78.10324112745829
27610796666.7,-78.40809910819355
27615795000.0,-79.39408332450112
27620793333.3,-76.25657914054065
27625791666.7,-82.14945756424841
27630790000.0,-70.01570891499165
27635788333.3,-79.33665709029592
27640786666.7,-74.4417948627481
27645785000.0,-90.02528440929
27650783333.3,-72.00766723070676
27655781666.7,-75.7114619914341
27660780000.0,-82.2622204342162
27665778333.3,-82.06834396327068
27670776666.7,-86.69259283988853
27675775000.0,-73.49052046084925
27680773333.3,-77.06257811332227
27685771666.7,-84.55876380731021
27690770000.0,-74.15517055694554
27695768333.3,-88.33324360734946
27700766666.7,-77.5321807556078
27705765000.0,-78.17677278830709
27710763333.3,-73.21195999327227
27715761666.7,-76.32667377047278
27720760000.0,-79.841922744223
27725758333.3,-80.92529841068946
27730756666.7,-82.12566698965188
27735755000.0,-74.6373962930939
27740753333.3,-86.41074520913735
27745751666.7,-75.59477268619916
27750750000.0,-81.58877636519911
27755748333.3,-83.25214779980212
27760746666.7,-73.67584492957727
27765745000.0,-86.08861432983757
27770743333.3,-85.7197402425031
27775741666.7,-76.27695719421594
27780740000.0,-76.64306571826543
27785738333.3,-87.13932464228182
27790736666.7,-79.4158691359854
27795735000.0,-79.3023281445334
27800733333.3,-73.91080630117058
27805731666.7,-80.49137247803131
27810730000.0,-75.83758833752567
27815728333.3,-81.7473969296079
27820726666.7,-85.5793517728556
27825725000.0,-83.0280711505005
27830723333.3,-76.4651741378455
27835721666.7,-85.66927254990074
27840720000.0,-81.25127201612185
27845718333.3,-74.88166087175071
27850716666.7,-77.71813802584742
27855715000.0,-78.35417064661728
27860713333.3,-77.0478577482573
27865711666.7,-74.13537135740962
27870710000.0,-78.1413016085548
27875708333.3,-82.60146413936462
27880706666.7,-74.03453260704133
27885705000.0,-77.47440300080966
27890703333.3,-75.14125616605641
27895701666.7,-82.48106160866321
27900700000.0,-83.21606738642139
27905698333.3,-89.67652236946341
27910696666.7,-78.10651642001893
27915695000.0,-75.1469528344225
27920693333.3,-88.75521760506766
27925691666.7,-78.16567276875864
27930690000.0,-101.46843040342515
27935688333.3,-71.36672177670474
27940686666.7,-85.31390785278259
27945685000.0,-73.80395054645952
27950683333.3,-79.06782932270042
27955681666.7,-87.42168961759818
27960680000.0,-81.50146120102862
27965678333.3,-73.30918460901673
27970676666.7,-74.4400861753616
27975675000.0,-77.17027078311142
27980673333.3,-99.12933540534269
27985671666.7,-85.22792769497512
27990670000.0,-75.44588060481152
27995668333.3,-77.37310551777216
28000666666.7,-72.6194865478088
28005665000.0,-79.48085832560132
28010663333.3,-85.2094603297891
28015661666.7,-95.44567319129479
28020660000.0,-69.86119760013565
28025658333.3,-76.28615222217418
28030656666.7,-79.34901530896954
28035655000.0,-77.55505237326636
28040653333.3,-96.08088348038353
28045651666.7,-81.10474782357963
28050650000.0,-74.9980972693689
28055648333.3,-74.62631571992434
28060646666.7,-84.57000143324349
28065645000.0,-84.04751242947017
28070643333.3,-76.44289067354426
28075641666.7,-78.64528778442546
28080640000.0,-77.91988944779133
28085638333.3,-70.39970361877195
28090636666.7,-84.08721778718912
28095635000.0,-76.18944263071488
28100633333.3,-96.67488539144074
28105631666.7,-78.00221037469554
28110630000.0,-80.12518507731642
28115628333.3,-75.26378081585005
28120626666.7,-79.12828724315003
28125625000.0,-84.19951759588649
28130623333.3,-76.18540346049237
28135621666.7,-75.12786957897708
28140620000.0,-77.80238685143235
28145618333.3,-73.57319016184843
28150616666.7,-89.421587000446
28155615000.0,-87.44926494070569
28160613333.3,-81.55108053183399
28165611666.7,-77.31913707238266
28170610000.0,-87.423699708338
28175608333.3,-75.29626722495013
28180606666.7,-82.86930358865335
28185605000.0,-80.2116088848536
28190603333.3,-73.18203213508306
28195601666.7,-76.82888923269259
28200600000.0,-77.65833339060958
28205598333.3,-87.76956946032732
28210596666.7,-87.36371233029574
28215595000.0,-81.14128431378674
28220593333.3,-80.68482148387888
28225591666.7,-72.14753973499634
28230590000.0,-78.50950803932719
28235588333.3,-73.67848328180162
28240586666.7,-83.69900035816734
28245585000.0,-82.44184508886687
28250583333.3,-84.50444463880183
28255581666.7,-75.80450506167027
28260580000.0,-74.64735537174023
28265578333.3,-77.5243792824986
28270576666.7,-78.63935450234577
28275575000.0,-79.9992638676301
28280573333.3,-81.13925256217067
28285571666.7,-74.37493161108412
28290570000.0,-74.31530221011153
28295568333.3,-81.65416381334936
28300566666.7,-81.94188356317
28305565000.0,-86.0512915845523
28310563333.3,-76.72576335230777
28315561666.7,-75.38904905849284
28320560000.0,-78.81958943869321
28325558333.3,-86.03405144901413
28330556666.7,-75.20962939885437
28335555000.0,-76.06633068200497
28340553333.3,-84.71031417705987
28345551666.7,-105.88720859896733
28350550000.0,-73.59953773976035
28355548333.3,-86.38375322242511
28360546666.7,-81.47644661948573
28365545000.0,-86.47815082339021
28370543333.3,-86.2488370526779
28375541666.7,-75.48009551982177
28380540000.0,-81.64042166094629
28385538333.3,-75.53491429951887
28390536666.7,-81.04177722770049
28395535000.0,-76.01482846487767
28400533333.3,-82.70050322123909
28405531666.7,-73.91765923979935
28410530000.0,-84.36799966562637
28415528333.3,-99.83392272267216
28420526666.7,-77.45735081700913
28425525000.0,-72.48835646269822
28430523333.3,-80.64830549967228
28435521666.7,-78.6220517456764
28440520000.0,-76.18547836020521
28445518333.3,-78.6983370561139
28450516666.7,-77.2627404448622
28455515000.0,-84.43906522337863
28460513333.3,-82.03817962301028
28465511666.7,-75.11867220247696
28470510000.0,-76.40407943901076
28475508333.3,-82.89547958790263
28480506666.7,-77.03811931585061
28485505000.0,-75.13333396451632
28490503333.3,-73.33163134815288
28495501666.7,-76.20861394855662
28500500000.0,-83.56896017129597
28505498333.3,-76.1932584908541
28510496666.7,-79.7576227009648
28515495000.0,-80.66619836462068
28520493333.3,-77.23483362830203
28525491666.7,-81.542955873218
28530490000.0,-83.40724832897726
28535488333.3,-76.30277513257438
28540486666.7,-73.52656479047529
28545485000.0,-76.03230617536629
28550483333.3,-82.24792117522334
28555481666.7,-85.16292680015044
28560480000.0,-83.95414332022938
28565478333.3,-78.9176809486544
28570476666.7,-76.4609063589598
28575475000.0,-84.25690854243946
28580473333.3,-82.69577306332198
28585471666.7,-78.26448514846368
28590470000.0,-74.22514569577858
28595468333.3,-80.09505608794946
28600466666.7,-78.51572451295857
28605465000.0,-89.6256690938295
28610463333.3,-77.41605095589426
28615461666.7,-73.34544986521993
28620460000.0,-75.06544124972191
28625458333.3,-72.53729991185412
28630456666.7,-97.46095025593237
28635455000.0,-75.15414060560263
28640453333.3,-77.11722497716259
28645451666.7,-72.07576254201753
28650450000.0,-77.14312978710446
28655448333.3,-86.81025028135696
28660446666.7,-85.9966180668192
28665445000.0,-94.07537604741292
28670443333.3,-75.92594150448267
28675441666.7,-77.83935878701766
28680440000.0,-80.23255159492777
28685438333.3,-83.62311653114263
28690436666.7,-80.51200642918103
28695435000.0,-76.92748253971496
28700433333.3,-73.22699935228617
28705431666.7,-77.17623333532006
28710430000.0,-75.60814771485755
28715428333.3,-80.35581119145435
28720426666.7,-87.64742100994735
28725425000.0,-81.76693611293638
28730423333.3,-88.29469508407595
28735421666.7,-87.49226516047639
28740420000.0,-73.14057603904021
28745418333.3,-88.02858629654008
28750416666.7,-81.17476017179543
28755415000.0,-78.4459293896029
28760413333.3,-83.28230511744538
28765411666.7,-80.88741685136362
28770410000.0,-71.13562165453826
28775408333.3,-76.24960097198385
28780406666.7,-74.43164787737575
28785405000.0,-86.13675996711514
28790403333.3,-73.5175140051286
28795401666.7,-93.65053509542862
28800400000.0,-77.29875412541885
28805398333.3,-85.75231176079924
28810396666.7,-79.04555083326757
28815395000.0,-86.89837017123594
28820393333.3,-77.37304026633393
28825391666.7,-80.86502647975257
28830390000.0,-71.94622165958533
28835388333.3,-79.97170571145944
28840386666.7,-81.89089957396658
28845385000.0,-72.62454017560151
28850383333.3,-78.53091042481776
28855381666.7,-70.88090405516479
28860380000.0,-74.03184706403626
28865378333.3,-76.73365201163207
28870376666.7,-79.44239210498166
28875375000.0,-76.32080496611347
28880373333.3,-80.57227565433149
28885371666.7,-71.78639051106862
28890370000.0,-77.91603288693553
28895368333.3,-68.35820393689093
28900366666.7,-80.09128867893814
28905365000.0,-87.92771298307062
28910363333.3,-72.91537830443406
28915361666.7,-98.88701382041683
28920360000.0,-87.31686770769798
28925358333.3,-82.47979979586746
28930356666.7,-77.77357862227883
28935355000.0,-80.2344670437577
28940353333.3,-85.0186037278086
28945351666.7,-87.06744729055757
28950350000.0,-78.45575328376964
28955348333.3,-76.52219025737443
28960346666.7,-81.03405955990759
28965345000.0,-75.07186209872687
28970343333.3,-73.66455439882516
28975341666.7,-85.38906354222077
28980340000.0,-73.0003588015502
28985338333.3,-74.61105041655111
28990336666.7,-78.38175366179155
28995335000.0,-88.54131878488063
29000333333.3,-76.53367280074912
29005331666.7,-78.04566556851506
29010330000.0,-73.62906228186061
29015328333.3,-79.78189774409284
29020326666.7,-83.60152532042996
29025325000.0,-80.03952508634013
29030323333.3,-72.720735350157
29035321666.7,-81.94955301437135
29040320000.0,-81.02095142786425
29045318333.3,-84.03451689687554
29050316666.7,-73.79834730690669
29055315000.0,-80.29784244806557
29060313333.3,-82.39286296777762
29065311666.7,-98.24196115497762
29070310000.0,-75.92644982499932
29075308333.3,-76.29039807027213
29080306666.7,-74.80054777393411
29085305000.0,-81.03799216411579
29090303333.3,-93.87816189930928
29095301666.7,-80.03991492475126
29100300000.0,-77.51472945647055
29105298333.3,-87.65765160638189
29110296666.7,-79.33359733008173
29115295000.0,-87.1023407871647
29120293333.3,-85.18385067868822
29125291666.7,-78.38183484642948
29130290000.0,-74.8769115623354
29135288333.3,-75.78062830060856
29140286666.7,-77.48190640672522
29145285000.0,-78.05529860557652
29150283333.3,-79.97987252077567
29155281666.7,-71.98311096493457
29160280000.0,-76.67023639460263
29165278333.3,-81.19771921330327
29170276666.7,-74.13186297525228
29175275000.0,-83.95577600009572
29180273333.3,-70.9612157075438
29185271666.7,-74.20464671002125
29190270000.0,-82.90150231402745
29195268333.3,-90.76894005271264
29200266666.7,-75.31326657929168
29205265000.0,-79.98554807995691
29210263333.3,-84.36379434200501
29215261666.7,-74.1603206033011
29220260000.0,-76.48790100563258
29225258333.3,-74.35677584517167
29230256666.7,-84.50286608073367
29235255000.0,-77.21200304616553
29240253333.3,-84.02099470803688
29245251666.7,-78.4144059064922
29250250000.0,-85.32573436835106
29255248333.3,-87.46009995662129
29260246666.7,-77.84053158347545
29265245000.0,-74.26638580548952
29270243333.3,-75.46957787750388
29275241666.7,-90.38169718584597
29280240000.0,-71.88739763925781
29285238333.3,-75.99052285541941
29290236666.7,-84.29840797959379
29295235000.0,-83.62575942045808
29300233333.3,-85.1197176021542
29305231666.7,-75.20557976767655
29310230000.0,-76.0048226963978
29315228333.3,-76.7416158421525
29320226666.7,-80.15069092468005
29325225000.0,-74.35865208259565
29330223333.3,-83.025822267913
29335221666.7,-97.06481750248962
29340220000.0,-75.08688365329883
29345218333.3,-76.2815561238329
29350216666.7,-74.32137190349823
29355215000.0,-75.04045133217345
29360213333.3,-75.6187018081469
29365211666.7,-97.72729112984814
29370210000.0,-72.48143720352813
29375208333.3,-74.3024952535819
29380206666.7,-76.3031923903124
29385205000.0,-84.73783759807955
29390203333.3,-77.03149212522275
29395201666.7,-91.87746260098925
29400200000.0,-79.78524961038191
29405198333.3,-74.69234213607693
29410196666.7,-89.75230584044509
29415195000.0,-87.08498112389977
29420193333.3,-76.39901321707426
29425191666.7,-70.13800781418416
29430190000.0,-88.81387796239213
29435188333.3,-80.86075089242061
29440186666.7,-76.92092874188062
29445185000.0,-76.88218769071875
29450183333.3,-82.80344600653638
29455181666.7,-80.34848447363343
29460180000.0,-76.96223267851195
29465178333.3,-70.62198099526637
29470176666.7,-75.4696639299112
29475175000.0,-75.81096731459321
29480173333.3,-73.70249387091083
29485171666.7,-87.48124713067503
29490170000.0,-71.35820775607232
29495168333.3,-90.72296954027117
29500166666.7,-84.48626796117331
29505165000.0,-87.39553637586897
29510163333.3,-83.26812368764294
29515161666.7,-82.32538927351871
29520160000.0,-78.30041190022122
29525158333.3,-77.29685127428567
29530156666.7,-78.0748055809735
29535155000.0,-91.97475498635117
29540153333.3,-78.03057824342253
29545151666.7,-81.88597435126638
29550150000.0,-76.33389649232231
29555148333.3,-71.38606823648503
29560146666.7,-87.04707478772184
29565145000.0,-74.81717559442068
29570143333.3,-84.50228846057094
29575141666.7,-73.20838214003507
29580140000.0,-79.26558663243723
29585138333.3,-77.86646688799374
29590136666.7,-79.17998747189944
29595135000.0,-70.66032423207338
29600133333.3,-73.90039262599792
29605131666.7,-90.76159228241215
29610130000.0,-82.46875952332813
29615128333.3,-77.72221604353886
29620126666.7,-75.83851099851823
29625125000.0,-91.32279371252457
29630123333.3,-82.81580183717061
29635121666.7,-83.75569716091888
29640120000.0,-72.57950372181844
29645118333.3,-74.4623308599098
29650116666.7,-79.7465889269803
29655115000.0,-76.64101182585628
29660113333.3,-77.52610062142844
29665111666.7,-80.00308190596084
29670110000.0,-72.042063610549
29675108333.3,-89.92918905462278
29680106666.7,-74.03132665126266
29685105000.0,-85.39804232321147
29690103333.3,-75.97345482908749
29695101666.7,-72.43892578879996
29700100000.0,-75.70604106456751
29705098333.3,-77.1778893199082
29710096666.7,-78.22078436422873
29715095000.0,-78.25616321956416
29720093333.3,-76.83990781882956
29725091666.7,-77.46844278252036
29730090000.0,-82.23953770085834
29735088333.3,-77.19177937534539
29740086666.7,-90.07833080144549
29745085000.0,-75.66304337230193
29750083333.3,-83.09761252319001
29755081666.7,-79.16222528718934
29760080000.0,-81.38932786334293
29765078333.3,-75.73819821652744
29770076666.7,-69.45709749317223
29775075000.0,-75.98537617754214
29780073333.3,-90.89995857306229
29785071666.7,-75.55329209081012
29790070000.0,-76.6425387442093
29795068333.3,-74.47927329024888
29800066666.7,-75.23183433701034
29805065000.0,-74.656685398924
29810063333.3,-83.92591548618049
29815061666.7,-83.39390694188427
29820060000.0,-86.48329136860002
29825058333.3,-72.45899343421263
29830056666.7,-81.96829273257565
29835055000.0,-73.89165418343222
29840053333.3,-97.43431363975247
29845051666.7,-83.42535089080356
29850050000.0,-74.33864766490558
29855048333.3,-80.35263662741832
29860046666.7,-74.27633148485339
29865045000.0,-83.98461431143636
29870043333.3,-78.08287009696718
29875041666.7,-71.11707424822993
29880040000.0,-74.8339455986769
29885038333.3,-74.46205128505869
29890036666.7,-79.46194975271486
29895035000.0,-72.35123167271502
29900033333.3,-83.70600908152511
29905031666.7,-86.78343998921503
29910030000.0,-82.26873448627083
29915028333.3,-74.06890184774505
29920026666.7,-76.54313762168483
29925025000.0,-74.97836273429131
29930023333.3,-77.24725500296199
29935021666.7,-77.3751239095879
29940020000.0,-82.08748056591327
29945018333.3,-83.56324382645144
29950016666.7,-82.43562782842255
29955015000.0,-92.35426263110216
29960013333.3,-85.85642776989403
29965011666.7,-85.66249437062395
29970010000.0,-79.65358555403176
29975008333.3,-81.06949594310626
29980006666.7,-81.83560089539297
29985005000.0,-80.30162056427807
29990003333.3,-80.81801817238363
29995001666.7,-79.02629981852989
30000000000.0,-75.82534743578641
